kode,aar,befolkning
0101,1951,9946
0101,1952,9899
0101,1953,9924
0101,1954,9897
0101,1955,9834
0101,1956,9841
0101,1957,9794
0101,1958,9767
0101,1959,9855
0101,1960,9973
0101,1961,9963
0101,1962,10104
0101,1963,10019
0101,1964,9999
0101,1965,10002
0101,1966,9837
0101,1967,26525
0101,1968,26588
0101,1969,26689
0101,1970,26694
0101,1971,26687
0101,1972,27024
0101,1973,26958
0101,1974,27182
0101,1975,27124
0101,1976,27082
0101,1977,27056
0101,1978,26979
0101,1979,26810
0101,1980,26696
0101,1981,26528
0101,1982,26361
0101,1983,26219
0101,1984,26050
0101,1985,25876
0101,1986,25844
0101,1987,25807
0101,1988,25848
0101,1989,25841
0101,1990,25816
0102,1951,13228
0102,1952,13350
0102,1953,13499
0102,1954,13586
0102,1955,13564
0102,1956,13434
0102,1957,13292
0102,1958,13397
0102,1959,13402
0102,1960,13334
0102,1961,13300
0102,1962,13351
0102,1963,13368
0102,1964,13255
0102,1965,13315
0102,1966,13357
0102,1967,13179
0102,1968,13021
0102,1969,13128
0102,1970,13151
0102,1971,13363
0102,1972,13311
0102,1973,13272
0102,1974,12983
0102,1975,13017
0102,1976,12888
0102,1977,12874
0102,1978,12747
0102,1979,12422
0102,1980,12136
0102,1981,12017
0102,1982,12023
0102,1983,12143
0102,1984,12039
0102,1985,12069
0102,1986,11878
0102,1987,11859
0102,1988,11757
0102,1989,11886
0102,1990,11782
0103,1951,14361
0103,1952,14549
0103,1953,14393
0103,1954,14373
0103,1955,14296
0103,1956,14192
0103,1957,14114
0103,1958,13955
0103,1959,13827
0103,1960,13738
0103,1961,13695
0103,1962,13582
0103,1963,13406
0103,1964,29831
0103,1965,29839
0103,1966,29894
0103,1967,30138
0103,1968,30357
0103,1969,29933
0103,1970,29870
0103,1971,30009
0103,1972,29671
0103,1973,29594
0103,1974,29375
0103,1975,29226
0103,1976,29015
0103,1977,28893
0103,1978,28572
0103,1979,28265
0103,1980,27968
0103,1981,27862
0103,1982,27719
0103,1983,27578
0103,1984,27264
0103,1985,27125
0103,1986,26838
0103,1987,26664
0103,1988,26479
0103,1989,26525
0103,1990,26527
0104,1951,18505
0104,1952,18787
0104,1953,18848
0104,1954,19016
0104,1955,19243
0104,1956,19446
0104,1957,19648
0104,1958,19780
0104,1959,20125
0104,1960,20458
0104,1961,20581
0104,1962,21066
0104,1963,21147
0104,1964,21621
0104,1965,21932
0104,1966,22354
0104,1967,23199
0104,1968,23738
0104,1969,24267
0104,1970,24571
0104,1971,25210
0104,1972,25494
0104,1973,25526
0104,1974,25523
0104,1975,25724
0104,1976,25780
0104,1977,25720
0104,1978,25410
0104,1979,25407
0104,1980,25455
0104,1981,25239
0104,1982,25088
0104,1983,24975
0104,1984,24881
0104,1985,24830
0104,1986,24548
0104,1987,24668
0104,1988,24747
0104,1989,24720
0104,1990,24657
0111,1951,3335
0111,1952,3328
0111,1953,3289
0111,1954,3188
0111,1955,3146
0111,1956,3070
0111,1957,3043
0111,1958,2971
0111,1959,2920
0111,1960,2872
0111,1961,2749
0111,1962,2645
0111,1963,2603
0111,1964,2542
0111,1965,2490
0111,1966,2440
0111,1967,2386
0111,1968,2323
0111,1969,2282
0111,1970,2309
0111,1971,2247
0111,1972,2285
0111,1973,2350
0111,1974,2389
0111,1975,2435
0111,1976,2458
0111,1977,2494
0111,1978,2538
0111,1979,2554
0111,1980,2571
0111,1981,2668
0111,1982,2761
0111,1983,2838
0111,1984,2870
0111,1985,2889
0111,1986,2921
0111,1987,2968
0111,1988,3090
0111,1989,3181
0111,1990,3213
0112,1951,1338
0112,1952,1301
0112,1953,1330
0112,1954,1321
0112,1955,1327
0112,1956,1335
0112,1957,1323
0112,1958,1304
0112,1959,1289
0112,1960,1287
0112,1961,1280
0112,1962,1297
0112,1963,1270
0113,1951,6454
0113,1952,6421
0113,1953,6449
0113,1954,6517
0113,1955,6709
0113,1956,6944
0113,1957,7139
0113,1958,7388
0113,1959,7504
0113,1960,7624
0113,1961,7738
0113,1962,7873
0113,1963,7876
0113,1964,9219
0113,1965,9336
0113,1966,9448
0113,1967,9569
0113,1968,9660
0113,1969,9678
0113,1970,9857
0113,1971,9970
0113,1972,10376
0113,1973,10477
0113,1974,10501
0113,1975,10461
0113,1976,10511
0113,1977,10562
0113,1978,10619
0113,1979,10704
0113,1980,10717
0113,1981,10855
0113,1982,11035
0113,1983,11139
0113,1984,11255
0113,1985,11291
0113,1986,11466
0113,1987,11708
0113,1988,11907
0113,1989,11961
0113,1990,11923
0114,1951,1167
0114,1952,1174
0114,1953,1152
0114,1954,1171
0114,1955,1183
0114,1956,1177
0114,1957,1199
0114,1958,1218
0114,1959,1238
0114,1960,1262
0114,1961,1265
0114,1962,1268
0114,1963,1310
0114,1964,1313
0114,1965,1333
0114,1966,1357
0114,1967,1396
0114,1968,1386
0114,1969,1367
0114,1970,1384
0114,1971,1432
0114,1972,1460
0114,1973,1486
0114,1974,1581
0114,1975,1612
0114,1976,1694
0114,1977,1697
0114,1978,1771
0114,1979,1878
0114,1980,1941
0114,1981,2001
0114,1982,2040
0114,1983,2097
0114,1984,2126
0114,1985,2137
0114,1986,2182
0114,1987,2184
0114,1988,2181
0114,1989,2185
0114,1990,2211
0115,1951,9477
0115,1952,9693
0115,1953,9894
0115,1954,9942
0115,1955,10103
0115,1956,10366
0115,1957,10655
0115,1958,10920
0115,1959,11038
0115,1960,11228
0115,1961,11314
0115,1962,11460
0115,1963,11432
0115,1964,11459
0115,1965,11464
0115,1966,11599
0115,1967,11697
0115,1968,11838
0115,1969,11933
0115,1970,12329
0115,1971,12525
0115,1972,12525
0115,1973,12520
0115,1974,12751
0115,1975,12726
0115,1976,12864
0115,1977,12943
0115,1978,13004
0115,1979,13261
0115,1980,13350
0115,1981,13349
0115,1982,13473
0115,1983,13466
0115,1984,13475
0115,1985,13495
0115,1986,13671
0115,1987,13899
0115,1988,14098
0115,1989,14278
0115,1990,14246
0116,1951,7603
0116,1952,7795
0116,1953,7986
0116,1954,8056
0116,1955,8045
0116,1956,7993
0116,1957,8080
0116,1958,8143
0116,1959,8291
0116,1960,8395
0116,1961,8543
0116,1962,8699
0116,1963,8818
0116,1964,8897
0116,1965,9124
0116,1966,9387
0117,1951,5839
0117,1952,5996
0117,1953,6122
0117,1954,6224
0117,1955,6575
0117,1956,6764
0117,1957,6818
0117,1958,6901
0117,1959,6968
0117,1960,7037
0117,1961,7044
0117,1962,7134
0117,1963,7133
0117,1964,7193
0117,1965,7164
0117,1966,7165
0118,1951,1721
0118,1952,1673
0118,1953,1637
0118,1954,1623
0118,1955,1606
0118,1956,1658
0118,1957,1615
0118,1958,1557
0118,1959,1533
0118,1960,1485
0118,1961,1482
0118,1962,1471
0118,1963,1429
0118,1964,1381
0118,1965,1378
0118,1966,1372
0118,1967,1363
0118,1968,1353
0118,1969,1343
0118,1970,1339
0118,1971,1362
0118,1972,1377
0118,1973,1374
0118,1974,1360
0118,1975,1357
0118,1976,1364
0118,1977,1345
0118,1978,1376
0118,1979,1365
0118,1980,1386
0118,1981,1431
0118,1982,1476
0118,1983,1478
0118,1984,1523
0118,1985,1519
0118,1986,1506
0118,1987,1509
0118,1988,1491
0118,1989,1493
0118,1990,1493
0119,1964,3405
0119,1965,3405
0119,1966,3373
0119,1967,3399
0119,1968,3383
0119,1969,3311
0119,1970,3319
0119,1971,3309
0119,1972,3317
0119,1973,3382
0119,1974,3406
0119,1975,3446
0119,1976,3445
0119,1977,3456
0119,1978,3453
0119,1979,3462
0119,1980,3461
0119,1981,3477
0119,1982,3455
0119,1983,3485
0119,1984,3495
0119,1985,3471
0119,1986,3430
0119,1987,3435
0119,1988,3474
0119,1989,3425
0119,1990,3424
0119u,1951,2125
0119u,1952,2138
0119u,1953,2183
0119u,1954,2158
0119u,1955,2150
0119u,1956,2130
0119u,1957,2155
0119u,1958,2166
0119u,1959,2170
0119u,1960,2179
0119u,1961,2129
0119u,1962,2070
0119u,1963,2074
0120,1951,1385
0120,1952,1390
0120,1953,1397
0120,1954,1372
0120,1955,1388
0120,1956,1404
0120,1957,1395
0120,1958,1386
0120,1959,1411
0120,1960,1390
0120,1961,1397
0120,1962,1344
0120,1963,1320
0121,1951,648
0121,1952,645
0121,1953,678
0121,1954,677
0121,1955,694
0121,1956,702
0121,1957,705
0121,1958,727
0121,1959,717
0121,1960,728
0121,1961,718
0121,1962,705
0121,1963,722
0121,1964,706
0121,1965,688
0121,1966,673
0121,1967,661
0121,1968,641
0121,1969,635
0121,1970,651
0121,1971,651
0121,1972,661
0121,1973,677
0121,1974,680
0121,1975,679
0121,1976,668
0121,1977,669
0121,1978,673
0121,1979,683
0121,1980,690
0121,1981,687
0121,1982,704
0121,1983,691
0121,1984,699
0121,1985,700
0121,1986,702
0121,1987,696
0121,1988,676
0121,1989,671
0121,1990,653
0122,1951,4178
0122,1952,4241
0122,1953,4237
0122,1954,4206
0122,1955,4119
0122,1956,4055
0122,1957,4064
0122,1958,4035
0122,1959,4068
0122,1960,4094
0122,1961,4054
0122,1962,4006
0122,1963,3990
0122,1964,4016
0122,1965,4021
0122,1966,3984
0122,1967,3971
0122,1968,3998
0122,1969,4030
0122,1970,4004
0122,1971,4008
0122,1972,4051
0122,1973,4072
0122,1974,4120
0122,1975,4242
0122,1976,4290
0122,1977,4354
0122,1978,4450
0122,1979,4576
0122,1980,4655
0122,1981,4724
0122,1982,4698
0122,1983,4746
0122,1984,4768
0122,1985,4776
0122,1986,4742
0122,1987,4725
0122,1988,4755
0122,1989,4761
0122,1990,4799
0123,1951,2873
0123,1952,2903
0123,1953,2880
0123,1954,2826
0123,1955,2808
0123,1956,2809
0123,1957,2874
0123,1958,2838
0123,1959,2887
0123,1960,2872
0123,1961,2856
0123,1962,2846
0123,1963,2809
0123,1964,2843
0123,1965,2818
0123,1966,2854
0123,1967,2934
0123,1968,3089
0123,1969,3158
0123,1970,3275
0123,1971,3351
0123,1972,3420
0123,1973,3447
0123,1974,3456
0123,1975,3622
0123,1976,3739
0123,1977,3786
0123,1978,3834
0123,1979,3879
0123,1980,3920
0123,1981,3964
0123,1982,4007
0123,1983,4086
0123,1984,4107
0123,1985,4156
0123,1986,4188
0123,1987,4250
0123,1988,4274
0123,1989,4282
0123,1990,4284
0124,1951,8608
0124,1952,8722
0124,1953,8764
0124,1954,8921
0124,1955,8976
0124,1956,9069
0124,1957,9104
0124,1958,9242
0124,1959,9354
0124,1960,9395
0124,1961,9519
0124,1962,9631
0124,1963,9713
0124,1964,9680
0124,1965,9697
0124,1966,9827
0124,1967,9946
0124,1968,10089
0124,1969,10160
0124,1970,10210
0124,1971,10604
0124,1972,10879
0124,1973,11129
0124,1974,11216
0124,1975,11266
0124,1976,11155
0124,1977,11100
0124,1978,11359
0124,1979,11690
0124,1980,11875
0124,1981,12100
0124,1982,12302
0124,1983,12451
0124,1984,12522
0124,1985,12500
0124,1986,12605
0124,1987,12766
0124,1988,12854
0124,1989,12903
0124,1990,12869
0125,1951,6151
0125,1952,6141
0125,1953,6199
0125,1954,6154
0125,1955,6107
0125,1956,6144
0125,1957,6192
0125,1958,6233
0125,1959,6239
0125,1960,6180
0125,1961,8718
0125,1962,8747
0125,1963,8812
0125,1964,8822
0125,1965,8830
0125,1966,8853
0125,1967,8814
0125,1968,8790
0125,1969,8872
0125,1970,8821
0125,1971,8846
0125,1972,8884
0125,1973,8841
0125,1974,8863
0125,1975,8853
0125,1976,8796
0125,1977,8827
0125,1978,9011
0125,1979,9128
0125,1980,9099
0125,1981,9014
0125,1982,9020
0125,1983,9012
0125,1984,9088
0125,1985,9163
0125,1986,9184
0125,1987,9157
0125,1988,9188
0125,1989,9276
0125,1990,9280
0126,1951,2516
0126,1952,2533
0126,1953,2563
0126,1954,2569
0126,1955,2570
0126,1956,2576
0126,1957,2558
0126,1958,2514
0126,1959,2524
0126,1960,2507
0127,1951,2627
0127,1952,2632
0127,1953,2676
0127,1954,2697
0127,1955,2685
0127,1956,2703
0127,1957,2669
0127,1958,2675
0127,1959,2624
0127,1960,2593
0127,1961,2545
0127,1962,2501
0127,1963,2423
0127,1964,2423
0127,1965,2423
0127,1966,2423
0127,1967,2450
0127,1968,2462
0127,1969,2439
0127,1970,2443
0127,1971,2413
0127,1972,2458
0127,1973,2470
0127,1974,2513
0127,1975,2507
0127,1976,2556
0127,1977,2673
0127,1978,2738
0127,1979,2806
0127,1980,2859
0127,1981,3025
0127,1982,3135
0127,1983,3163
0127,1984,3155
0127,1985,3119
0127,1986,3124
0127,1987,3140
0127,1988,3160
0127,1989,3168
0127,1990,3156
0128,1951,5668
0128,1952,5714
0128,1953,5752
0128,1954,5645
0128,1955,5611
0128,1956,5484
0128,1957,5480
0128,1958,5447
0128,1959,5400
0128,1960,5353
0128,1961,5288
0128,1962,5284
0128,1963,5318
0128,1964,6959
0128,1965,6894
0128,1966,6783
0128,1967,6787
0128,1968,6789
0128,1969,6699
0128,1970,6655
0128,1971,6619
0128,1972,6689
0128,1973,6763
0128,1974,6806
0128,1975,6852
0128,1976,6834
0128,1977,6918
0128,1978,6993
0128,1979,7029
0128,1980,7097
0128,1981,7155
0128,1982,7168
0128,1983,7174
0128,1984,7229
0128,1985,7215
0128,1986,7159
0128,1987,7139
0128,1988,7125
0128,1989,7238
0128,1990,7182
0129,1951,1852
0129,1952,1835
0129,1953,1793
0129,1954,1823
0129,1955,1809
0129,1956,1781
0129,1957,1777
0129,1958,1766
0129,1959,1737
0129,1960,1734
0129,1961,1727
0129,1962,1697
0129,1963,1632
0130,1951,10308
0130,1952,10657
0130,1953,10902
0130,1954,11146
0130,1955,11619
0130,1956,11762
0130,1957,12089
0130,1958,12245
0130,1959,12428
0130,1960,12622
0130,1961,12868
0130,1962,13199
0130,1963,13559
0130,1964,13733
0130,1965,14163
0130,1966,14375
0130,1967,14386
0130,1968,14779
0130,1969,15291
0130,1970,15632
0130,1971,16032
0130,1972,16599
0130,1973,16759
0130,1974,17339
0130,1975,17612
0130,1976,17678
0130,1977,17884
0130,1978,18045
0130,1979,18084
0130,1980,18237
0130,1981,18457
0130,1982,18347
0130,1983,18442
0130,1984,18486
0130,1985,18511
0130,1986,18543
0130,1987,18557
0130,1988,18615
0130,1989,18526
0130,1990,18432
0131,1951,2937
0131,1952,2857
0131,1953,2908
0131,1954,3005
0131,1955,3039
0131,1956,3364
0131,1957,3429
0131,1958,3419
0131,1959,3501
0131,1960,3607
0131,1961,3671
0131,1962,3737
0131,1963,3837
0131,1964,4001
0131,1965,4058
0131,1966,4121
0131,1967,4158
0131,1968,4504
0131,1969,4643
0131,1970,4834
0131,1971,4959
0131,1972,5109
0131,1973,5780
0131,1974,5841
0131,1975,5893
0131,1976,5826
0131,1977,5749
0131,1978,5731
0131,1979,5722
0131,1980,5617
0131,1981,5635
0131,1982,5638
0131,1983,5553
0131,1984,5594
0131,1985,5638
0131,1986,5706
0131,1987,5713
0131,1988,5716
0131,1989,5681
0131,1990,5669
0132,1951,13959
0132,1952,14093
0132,1953,14348
0132,1954,14583
0132,1955,14900
0132,1956,15199
0132,1957,15472
0132,1958,15797
0132,1959,16005
0132,1960,16103
0132,1961,16259
0132,1962,16256
0132,1963,16432
0133,1951,4568
0133,1952,4625
0133,1953,4689
0133,1954,4735
0133,1955,4856
0133,1956,5016
0133,1957,5172
0133,1958,5305
0133,1959,5483
0133,1960,5678
0133,1961,5787
0133,1962,5948
0133,1963,6114
0133,1964,6236
0133,1965,6371
0133,1966,6444
0133,1967,6480
0133,1968,6510
0133,1969,6935
0133,1970,7003
0133,1971,7202
0133,1972,7452
0133,1973,7418
0133,1974,7449
0133,1975,7409
0133,1976,7463
0133,1977,7413
0133,1978,7420
0133,1979,7355
0133,1980,7310
0133,1981,7332
0133,1982,7322
0133,1983,7381
0133,1984,7387
0133,1985,7406
0133,1986,7433
0133,1987,7407
0133,1988,7423
0133,1989,7451
0133,1990,7460
0134,1951,8958
0134,1952,9091
0134,1953,9198
0134,1954,9351
0134,1955,9506
0134,1956,9631
0134,1957,9746
0134,1958,9847
0134,1959,9901
0134,1960,9951
0134,1961,9952
0134,1962,10203
0134,1963,10366
0134,1964,10531
0134,1965,10683
0134,1966,10783
0134,1967,10858
0134,1968,10751
0134,1969,11007
0134,1970,11233
0134,1971,11313
0134,1972,11431
0134,1973,11521
0134,1974,11593
0134,1975,11784
0134,1976,11793
0134,1977,11790
0134,1978,11831
0134,1979,11984
0134,1980,12098
0134,1981,12101
0134,1982,12124
0134,1983,12330
0134,1984,12364
0134,1985,12488
0134,1986,12519
0134,1987,12499
0134,1988,12723
0134,1989,12774
0134,1990,12869
0135,1951,3421
0135,1952,3460
0135,1953,3529
0135,1954,3531
0135,1955,3580
0135,1956,3670
0135,1957,3720
0135,1958,3715
0135,1959,3764
0135,1960,3827
0135,1961,3804
0135,1962,3814
0135,1963,3841
0135,1964,3859
0135,1965,3951
0135,1966,4016
0135,1967,4130
0135,1968,4291
0135,1969,4391
0135,1970,4416
0135,1971,4463
0135,1972,4546
0135,1973,4627
0135,1974,4725
0135,1975,4924
0135,1976,4970
0135,1977,5046
0135,1978,5257
0135,1979,5284
0135,1980,5355
0135,1981,5416
0135,1982,5524
0135,1983,5644
0135,1984,5779
0135,1985,5829
0135,1986,5819
0135,1987,5864
0135,1988,5924
0135,1989,5930
0135,1990,5995
0136,1951,4606
0136,1952,4635
0136,1953,4729
0136,1954,4932
0136,1955,5262
0136,1956,5833
0136,1957,6223
0136,1958,6601
0136,1959,6736
0136,1960,7052
0136,1961,7431
0136,1962,7705
0136,1963,8221
0136,1964,8340
0136,1965,8698
0136,1966,8836
0136,1967,9086
0136,1968,9217
0136,1969,9337
0136,1970,9408
0136,1971,9476
0136,1972,9600
0136,1973,9620
0136,1974,9623
0136,1975,9541
0136,1976,9732
0136,1977,10096
0136,1978,10392
0136,1979,10786
0136,1980,11128
0136,1981,11338
0136,1982,11515
0136,1983,11544
0136,1984,11532
0136,1985,11540
0136,1986,11606
0136,1987,11592
0136,1988,11884
0136,1989,12077
0136,1990,11991
0137,1951,2336
0137,1952,2406
0137,1953,2403
0137,1954,2362
0137,1955,2344
0137,1956,2415
0137,1957,2377
0137,1958,2390
0137,1959,2396
0137,1960,2388
0137,1961,2355
0137,1962,2348
0137,1963,2342
0137,1964,2335
0137,1965,2288
0137,1966,2268
0137,1967,2257
0137,1968,2209
0137,1969,2174
0137,1970,2196
0137,1971,2360
0137,1972,2362
0137,1973,2368
0137,1974,2417
0137,1975,2440
0137,1976,2611
0137,1977,2728
0137,1978,2954
0137,1979,3132
0137,1980,3227
0137,1981,3323
0137,1982,3384
0137,1983,3409
0137,1984,3492
0137,1985,3507
0137,1986,3594
0137,1987,3742
0137,1988,3847
0137,1989,3883
0137,1990,4070
0138,1951,2794
0138,1952,2812
0138,1953,2803
0138,1954,2859
0138,1955,2898
0138,1956,2762
0138,1957,2691
0138,1958,2711
0138,1959,2709
0138,1960,2688
0138,1961,2719
0138,1962,2743
0138,1963,2714
0138,1964,2725
0138,1965,2755
0138,1966,2815
0138,1967,2798
0138,1968,2844
0138,1969,2906
0138,1970,2901
0138,1971,2975
0138,1972,3042
0138,1973,3099
0138,1974,3131
0138,1975,3213
0138,1976,3294
0138,1977,3371
0138,1978,3435
0138,1979,3511
0138,1980,3552
0138,1981,3603
0138,1982,3638
0138,1983,3682
0138,1984,3754
0138,1985,3789
0138,1986,3781
0138,1987,3783
0138,1988,3809
0138,1989,3881
0138,1990,3980
0201,1951,558
0201,1952,540
0201,1953,532
0201,1954,537
0201,1955,532
0201,1956,527
0201,1957,535
0201,1958,506
0201,1959,492
0201,1960,482
0201,1961,507
0201,1962,507
0201,1963,476
0203,1951,2194
0203,1952,2220
0203,1953,2212
0203,1954,2194
0203,1955,2279
0203,1956,2334
0203,1957,2426
0203,1958,2551
0203,1959,2571
0203,1960,2735
0203,1961,2699
0211,1951,4030
0211,1952,4116
0211,1953,4181
0211,1954,4223
0211,1955,4265
0211,1956,4307
0211,1957,4381
0211,1958,4435
0211,1959,4364
0211,1960,4434
0211,1961,4534
0211,1962,4566
0211,1963,4595
0211,1964,5018
0211,1965,5103
0211,1966,5229
0211,1967,5367
0211,1968,5495
0211,1969,5565
0211,1970,5697
0211,1971,5713
0211,1972,5809
0211,1973,6115
0211,1974,6585
0211,1975,6846
0211,1976,7265
0211,1977,7739
0211,1978,8324
0211,1979,8932
0211,1980,9267
0211,1981,9693
0211,1982,9901
0211,1983,10051
0211,1984,10503
0211,1985,10657
0211,1986,10952
0211,1987,11220
0211,1988,11226
0211,1989,11318
0211,1990,11286
0212,1951,1608
0212,1952,1563
0212,1953,1615
0212,1954,1587
0212,1955,1610
0212,1956,1643
0212,1957,1634
0212,1958,1659
0212,1959,1668
0212,1960,1642
0212,1961,1609
0212,1962,1646
0212,1963,1655
0213,1951,5921
0213,1952,6182
0213,1953,6349
0213,1954,6653
0213,1955,6738
0213,1956,6890
0213,1957,7058
0213,1958,7189
0213,1959,7449
0213,1960,7670
0213,1961,8127
0213,1962,8483
0213,1963,8908
0213,1964,11032
0213,1965,11597
0213,1966,11976
0213,1967,12365
0213,1968,12682
0213,1969,13072
0213,1970,14001
0213,1971,15573
0213,1972,16361
0213,1973,16631
0213,1974,16786
0213,1975,17122
0213,1976,18086
0213,1977,18645
0213,1978,18750
0213,1979,19119
0213,1980,19673
0213,1981,19941
0213,1982,20195
0213,1983,20394
0213,1984,20544
0213,1985,20849
0213,1986,21551
0213,1987,21720
0213,1988,21979
0213,1989,22167
0213,1990,22300
0214,1951,4783
0214,1952,4932
0214,1953,4975
0214,1954,5159
0214,1955,5316
0214,1956,5647
0214,1957,5714
0214,1958,5709
0214,1959,5901
0214,1960,6016
0214,1961,6323
0214,1962,6486
0214,1963,6683
0214,1964,6983
0214,1965,7313
0214,1966,7541
0214,1967,7832
0214,1968,8297
0214,1969,8588
0214,1970,8935
0214,1971,9338
0214,1972,9622
0214,1973,9867
0214,1974,10164
0214,1975,10476
0214,1976,10756
0214,1977,10781
0214,1978,10931
0214,1979,11050
0214,1980,10962
0214,1981,11015
0214,1982,11162
0214,1983,11294
0214,1984,11374
0214,1985,11410
0214,1986,11351
0214,1987,11403
0214,1988,11597
0214,1989,11765
0214,1990,11917
0215,1951,2685
0215,1952,2785
0215,1953,2865
0215,1954,2894
0215,1955,2865
0215,1956,2866
0215,1957,2902
0215,1958,2973
0215,1959,2968
0215,1960,2989
0215,1961,3050
0215,1962,5851
0215,1963,5957
0215,1964,6033
0215,1965,6211
0215,1966,6350
0215,1967,6514
0215,1968,6923
0215,1969,7142
0215,1970,7337
0215,1971,7771
0215,1972,8228
0215,1973,8421
0215,1974,8604
0215,1975,8670
0215,1976,8773
0215,1977,8840
0215,1978,8820
0215,1979,8851
0215,1980,8810
0215,1981,8829
0215,1982,8803
0215,1983,8840
0215,1984,8922
0215,1985,9223
0215,1986,9502
0215,1987,9740
0215,1988,9888
0215,1989,9959
0215,1990,10113
0216,1951,4741
0216,1952,4805
0216,1953,4839
0216,1954,4930
0216,1955,4976
0216,1956,5230
0216,1957,5422
0216,1958,5603
0216,1959,5757
0216,1960,5930
0216,1961,6459
0216,1962,6793
0216,1963,7251
0216,1964,7577
0216,1965,7829
0216,1966,8255
0216,1967,8473
0216,1968,8688
0216,1969,8833
0216,1970,9029
0216,1971,9228
0216,1972,9372
0216,1973,9427
0216,1974,9466
0216,1975,9526
0216,1976,9562
0216,1977,9471
0216,1978,9564
0216,1979,9742
0216,1980,9856
0216,1981,9922
0216,1982,10187
0216,1983,10423
0216,1984,10739
0216,1985,11243
0216,1986,11567
0216,1987,11998
0216,1988,12458
0216,1989,12866
0216,1990,13063
0217,1951,5677
0217,1952,5805
0217,1953,5923
0217,1954,6089
0217,1955,6265
0217,1956,6367
0217,1957,6557
0217,1958,6654
0217,1959,6797
0217,1960,6999
0217,1961,7224
0217,1962,7477
0217,1963,7834
0217,1964,8515
0217,1965,9248
0217,1966,10005
0217,1967,10341
0217,1968,10887
0217,1969,11613
0217,1970,12385
0217,1971,13389
0217,1972,13523
0217,1973,14036
0217,1974,14541
0217,1975,14785
0217,1976,14943
0217,1977,15437
0217,1978,16007
0217,1979,16123
0217,1980,16258
0217,1981,16210
0217,1982,16614
0217,1983,17530
0217,1984,18328
0217,1985,18603
0217,1986,19019
0217,1987,19369
0217,1988,19725
0217,1989,19978
0217,1990,20313
0219,1951,35838
0219,1952,37136
0219,1953,38191
0219,1954,40441
0219,1955,43029
0219,1956,45466
0219,1957,48172
0219,1958,50776
0219,1959,53400
0219,1960,55425
0219,1961,57573
0219,1962,59749
0219,1963,62334
0219,1964,64360
0219,1965,66695
0219,1966,67971
0219,1967,69617
0219,1968,71066
0219,1969,72887
0219,1970,74655
0219,1971,76580
0219,1972,78780
0219,1973,80400
0219,1974,80894
0219,1975,81509
0219,1976,81492
0219,1977,81047
0219,1978,80813
0219,1979,80292
0219,1980,79819
0219,1981,80385
0219,1982,80816
0219,1983,80908
0219,1984,81295
0219,1985,82918
0219,1986,84724
0219,1987,86541
0219,1988,87773
0219,1989,88594
0219,1990,89221
0220,1951,13625
0220,1952,13706
0220,1953,13923
0220,1954,14194
0220,1955,14416
0220,1956,15161
0220,1957,15652
0220,1958,15997
0220,1959,16375
0220,1960,16949
0220,1961,17755
0220,1962,18996
0220,1963,19836
0220,1964,21406
0220,1965,22501
0220,1966,23819
0220,1967,25198
0220,1968,26730
0220,1969,27886
0220,1970,29855
0220,1971,31702
0220,1972,32613
0220,1973,33236
0220,1974,33787
0220,1975,34067
0220,1976,34341
0220,1977,34604
0220,1978,35012
0220,1979,35631
0220,1980,35923
0220,1981,35977
0220,1982,36433
0220,1983,36785
0220,1984,36931
0220,1985,37767
0220,1986,38911
0220,1987,39704
0220,1988,40365
0220,1989,40941
0220,1990,41430
0221,1966,10374
0221,1967,10428
0221,1968,10539
0221,1969,10739
0221,1970,10840
0221,1971,11144
0221,1972,11363
0221,1973,11560
0221,1974,11704
0221,1975,11851
0221,1976,11914
0221,1977,12047
0221,1978,12098
0221,1979,12189
0221,1980,12277
0221,1981,12314
0221,1982,12371
0221,1983,12463
0221,1984,12476
0221,1985,12438
0221,1986,12465
0221,1987,12534
0221,1988,12552
0221,1989,12577
0221,1990,12596
0221u,1951,2353
0221u,1952,2439
0221u,1953,2468
0221u,1954,2445
0221u,1955,2428
0221u,1956,2348
0221u,1957,2319
0221u,1958,2299
0221u,1959,2284
0221u,1960,2281
0221u,1961,2246
0221u,1962,2250
0221u,1963,2235
0221u,1964,2214
0221u,1965,2183
0222,1951,3957
0222,1952,4014
0222,1953,4025
0222,1954,4045
0222,1955,4078
0222,1956,4077
0222,1957,4056
0222,1958,4030
0222,1959,4076
0222,1960,4097
0222,1961,4086
0222,1962,4120
0222,1963,4172
0222,1964,4175
0222,1965,4186
0223,1951,949
0223,1952,931
0223,1953,916
0223,1954,916
0223,1955,910
0223,1956,906
0223,1957,901
0223,1958,881
0223,1959,882
0223,1960,873
0223,1961,855
0223,1962,851
0223,1963,826
0223,1964,815
0223,1965,821
0224,1951,3167
0224,1952,3103
0224,1953,3112
0224,1954,3075
0224,1955,3067
0224,1956,3204
0224,1957,3207
0224,1958,3187
0224,1959,3167
0224,1960,3142
0224,1961,3104
0224,1962,3108
0224,1963,3117
0224,1964,3122
0224,1965,3131
0225,1951,2231
0225,1952,2234
0225,1953,2267
0225,1954,2288
0225,1955,2311
0225,1956,2269
0225,1957,2295
0225,1958,2301
0225,1959,2321
0225,1960,2329
0225,1961,2336
0226,1951,3819
0226,1952,3887
0226,1953,3933
0226,1954,3981
0226,1955,4047
0226,1956,4080
0226,1957,4081
0226,1958,4076
0226,1959,4101
0226,1960,4164
0226,1961,4287
0226,1962,6693
0226,1963,6837
0226,1964,6899
0226,1965,7056
0226,1966,7265
0226,1967,7477
0226,1968,7693
0226,1969,7865
0226,1970,8160
0226,1971,8354
0226,1972,8568
0226,1973,8726
0226,1974,8889
0226,1975,9110
0226,1976,9099
0226,1977,9181
0226,1978,9181
0226,1979,9316
0226,1980,9341
0226,1981,9419
0226,1982,9617
0226,1983,9654
0226,1984,9762
0226,1985,9905
0226,1986,10234
0226,1987,10596
0226,1988,10946
0226,1989,11120
0226,1990,11245
0227,1951,4037
0227,1952,4130
0227,1953,4107
0227,1954,4181
0227,1955,4285
0227,1956,4419
0227,1957,4429
0227,1958,4513
0227,1959,4534
0227,1960,4562
0227,1961,4642
0227,1962,5151
0227,1963,5311
0227,1964,5435
0227,1965,5626
0227,1966,5707
0227,1967,5884
0227,1968,5975
0227,1969,6086
0227,1970,6338
0227,1971,6632
0227,1972,6814
0227,1973,6836
0227,1974,6897
0227,1975,6917
0227,1976,6912
0227,1977,6976
0227,1978,7006
0227,1979,7122
0227,1980,7117
0227,1981,7131
0227,1982,7120
0227,1983,7308
0227,1984,7437
0227,1985,7781
0227,1986,8059
0227,1987,8199
0227,1988,8394
0227,1989,8489
0227,1990,8612
0228,1951,3209
0228,1952,3252
0228,1953,3275
0228,1954,3378
0228,1955,3464
0228,1956,3553
0228,1957,3816
0228,1958,4093
0228,1959,4355
0228,1960,4713
0228,1961,5130
0228,1962,5373
0228,1963,5622
0228,1964,5825
0228,1965,6386
0228,1966,7319
0228,1967,7758
0228,1968,8268
0228,1969,9100
0228,1970,9492
0228,1971,9712
0228,1972,9897
0228,1973,10505
0228,1974,10703
0228,1975,10777
0228,1976,10780
0228,1977,10817
0228,1978,11245
0228,1979,11774
0228,1980,12187
0228,1981,12754
0228,1982,12900
0228,1983,13314
0228,1984,13420
0228,1985,13387
0228,1986,13510
0228,1987,13514
0228,1988,13695
0228,1989,13591
0228,1990,13696
0229,1951,3685
0229,1952,3750
0229,1953,3814
0229,1954,3845
0229,1955,3901
0229,1956,3839
0229,1957,3766
0229,1958,3838
0229,1959,3821
0229,1960,3858
0229,1961,3855
0229,1962,3495
0229,1963,3603
0229,1964,3636
0229,1965,3655
0229,1966,3746
0229,1967,3936
0229,1968,4048
0229,1969,4301
0229,1970,4702
0229,1971,5005
0229,1972,5177
0229,1973,5379
0229,1974,5562
0229,1975,5785
0229,1976,5992
0229,1977,6173
0229,1978,6318
0229,1979,6414
0229,1980,6510
0229,1981,6578
0229,1982,6748
0229,1983,7058
0229,1984,7348
0229,1985,7468
0229,1986,7592
0229,1987,7729
0229,1988,7888
0229,1989,7999
0229,1990,8060
0230,1951,7852
0230,1952,7950
0230,1953,8231
0230,1954,8457
0230,1955,8821
0230,1956,9160
0230,1957,9424
0230,1958,9704
0230,1959,9885
0230,1960,10321
0230,1961,11086
0230,1962,11635
0230,1963,12307
0230,1964,12836
0230,1965,13210
0230,1966,13763
0230,1967,14423
0230,1968,15265
0230,1969,16249
0230,1970,16826
0230,1971,17236
0230,1972,17509
0230,1973,17520
0230,1974,17958
0230,1975,18517
0230,1976,19158
0230,1977,19808
0230,1978,20623
0230,1979,21627
0230,1980,22206
0230,1981,22520
0230,1982,22606
0230,1983,23004
0230,1984,23248
0230,1985,23779
0230,1986,24125
0230,1987,24364
0230,1988,24874
0230,1989,25723
0230,1990,26066
0231,1951,9604
0231,1952,9837
0231,1953,10151
0231,1954,10414
0231,1955,10838
0231,1956,11448
0231,1957,11669
0231,1958,11684
0231,1959,11999
0231,1960,12273
0231,1961,12798
0231,1962,23947
0231,1963,24848
0231,1964,25877
0231,1965,26725
0231,1966,27520
0231,1967,28186
0231,1968,28910
0231,1969,29838
0231,1970,30553
0231,1971,31196
0231,1972,31609
0231,1973,32816
0231,1974,33458
0231,1975,34084
0231,1976,34842
0231,1977,34607
0231,1978,34206
0231,1979,33746
0231,1980,33216
0231,1981,32871
0231,1982,32642
0231,1983,32195
0231,1984,32341
0231,1985,32339
0231,1986,32517
0231,1987,32794
0231,1988,33132
0231,1989,33420
0231,1990,33679
0232,1951,8416
0232,1952,8737
0232,1953,8857
0232,1954,9116
0232,1955,9296
0232,1956,9357
0232,1957,9650
0232,1958,9901
0232,1959,10072
0232,1960,10281
0232,1961,10588
0233,1951,5897
0233,1952,6185
0233,1953,6398
0233,1954,6596
0233,1955,6736
0233,1956,6741
0233,1957,6931
0233,1958,7166
0233,1959,7252
0233,1960,7246
0233,1961,7623
0233,1962,7986
0233,1963,8428
0233,1964,8517
0233,1965,8885
0233,1966,9358
0233,1967,9558
0233,1968,9975
0233,1969,10525
0233,1970,11451
0233,1971,12027
0233,1972,12456
0233,1973,13170
0233,1974,13506
0233,1975,13618
0233,1976,13724
0233,1977,14009
0233,1978,14172
0233,1979,14210
0233,1980,14273
0233,1981,14187
0233,1982,14239
0233,1983,14484
0233,1984,14770
0233,1985,14945
0233,1986,15187
0233,1987,15411
0233,1988,15742
0233,1989,16002
0233,1990,16114
0234,1951,1818
0234,1952,1860
0234,1953,1794
0234,1954,1819
0234,1955,1826
0234,1956,1916
0234,1957,1997
0234,1958,1976
0234,1959,1989
0234,1960,2011
0234,1961,2018
0234,1962,2031
0234,1963,2101
0234,1964,2121
0234,1965,2202
0234,1966,2244
0234,1967,2302
0234,1968,2341
0234,1969,2358
0234,1970,2404
0234,1971,2509
0234,1972,2550
0234,1973,2635
0234,1974,2704
0234,1975,2748
0234,1976,2894
0234,1977,2971
0234,1978,3058
0234,1979,3088
0234,1980,3127
0234,1981,3166
0234,1982,3241
0234,1983,3298
0234,1984,3339
0234,1985,3419
0234,1986,3501
0234,1987,3578
0234,1988,3644
0234,1989,3712
0234,1990,3778
0235,1951,9195
0235,1952,9397
0235,1953,9716
0235,1954,9972
0235,1955,10154
0235,1956,10867
0235,1957,10937
0235,1958,11073
0235,1959,11298
0235,1960,11351
0235,1961,11611
0235,1962,11749
0235,1963,12229
0235,1964,12510
0235,1965,12712
0235,1966,12826
0235,1967,13195
0235,1968,13359
0235,1969,14002
0235,1970,14852
0235,1971,15800
0235,1972,16380
0235,1973,16663
0235,1974,16916
0235,1975,16870
0235,1976,16780
0235,1977,16726
0235,1978,16755
0235,1979,16704
0235,1980,16781
0235,1981,16906
0235,1982,17081
0235,1983,17094
0235,1984,17092
0235,1985,17506
0235,1986,17529
0235,1987,17671
0235,1988,17934
0235,1989,17998
0235,1990,18121
0236,1951,11402
0236,1952,11624
0236,1953,11626
0236,1954,11722
0236,1955,11681
0236,1956,11486
0236,1957,11639
0236,1958,11656
0236,1959,11610
0236,1960,11560
0236,1961,11647
0236,1962,11700
0236,1963,11740
0236,1964,11750
0236,1965,11760
0236,1966,11931
0236,1967,11891
0236,1968,12007
0236,1969,12371
0236,1970,12591
0236,1971,12804
0236,1972,12916
0236,1973,13121
0236,1974,13245
0236,1975,13463
0236,1976,13629
0236,1977,13712
0236,1978,13746
0236,1979,13815
0236,1980,13938
0236,1981,14024
0236,1982,14205
0236,1983,14309
0236,1984,14465
0236,1985,14729
0236,1986,14917
0236,1987,15132
0236,1988,15441
0236,1989,15649
0236,1990,15729
0237,1951,11469
0237,1952,11459
0237,1953,11456
0237,1954,11551
0237,1955,11626
0237,1956,11716
0237,1957,11709
0237,1958,11715
0237,1959,11780
0237,1960,11843
0237,1961,11761
0237,1962,11931
0237,1963,11992
0237,1964,12993
0237,1965,13057
0237,1966,13043
0237,1967,13060
0237,1968,13140
0237,1969,13302
0237,1970,13486
0237,1971,13883
0237,1972,14070
0237,1973,14125
0237,1974,14229
0237,1975,14314
0237,1976,14473
0237,1977,14612
0237,1978,14797
0237,1979,14883
0237,1980,15038
0237,1981,15200
0237,1982,15335
0237,1983,15577
0237,1984,15641
0237,1985,15643
0237,1986,15719
0237,1987,15967
0237,1988,16242
0237,1989,16461
0237,1990,16627
0238,1951,5160
0238,1952,5218
0238,1953,5297
0238,1954,5337
0238,1955,5409
0238,1956,5375
0238,1957,5466
0238,1958,5530
0238,1959,5537
0238,1960,5577
0238,1961,5546
0238,1962,5598
0238,1963,5569
0238,1964,5723
0238,1965,5799
0238,1966,5935
0238,1967,6055
0238,1968,6142
0238,1969,6239
0238,1970,6413
0238,1971,6603
0238,1972,6727
0238,1973,6877
0238,1974,7053
0238,1975,7160
0238,1976,7245
0238,1977,7339
0238,1978,7466
0238,1979,7542
0238,1980,7625
0238,1981,7683
0238,1982,7662
0238,1983,7722
0238,1984,7794
0238,1985,7760
0238,1986,7812
0238,1987,7858
0238,1988,7955
0238,1989,7984
0238,1990,7992
0239,1951,2212
0239,1952,2218
0239,1953,2235
0239,1954,2231
0239,1955,2224
0239,1956,2241
0239,1957,2234
0239,1958,2230
0239,1959,2215
0239,1960,2236
0239,1961,2283
0239,1962,2304
0239,1963,2286
0239,1964,2275
0239,1965,2257
0239,1966,2259
0239,1967,2202
0239,1968,2213
0239,1969,2243
0239,1970,2233
0239,1971,2191
0239,1972,2217
0239,1973,2215
0239,1974,2243
0239,1975,2257
0239,1976,2315
0239,1977,2324
0239,1978,2361
0239,1979,2444
0239,1980,2469
0239,1981,2468
0239,1982,2469
0239,1983,2497
0239,1984,2489
0239,1985,2509
0239,1986,2495
0239,1987,2503
0239,1988,2541
0239,1989,2568
0239,1990,2545
0240,1951,1024
0240,1952,1001
0240,1953,998
0240,1954,997
0240,1955,964
0240,1956,963
0240,1957,962
0240,1958,958
0240,1959,958
0240,1960,959
0240,1961,961
0240,1962,974
0240,1963,940
0601,1964,27978
0601,1965,28131
0601,1966,28440
0601,1967,28562
0601,1968,28634
0601,1969,28825
0601,1970,28923
0601,1971,29184
0601,1972,29289
0601,1973,29572
0601,1974,29681
0601,1975,29964
0601,1976,30150
0601u,1951,3635
0601u,1952,3667
0601u,1953,3698
0601u,1954,3744
0601u,1955,3853
0601u,1956,3912
0601u,1957,3945
0601u,1958,4058
0601u,1959,4120
0601u,1960,4268
0601u,1961,4403
0601u,1962,4450
0601u,1963,4412
0602,1951,27268
0602,1952,30085
0602,1953,30050
0602,1954,30120
0602,1955,30192
0602,1956,30452
0602,1957,30474
0602,1958,30704
0602,1959,30657
0602,1960,30925
0602,1961,31137
0602,1962,31193
0602,1963,31249
0602,1964,46150
0602,1965,46650
0602,1966,47150
0602,1967,47466
0602,1968,47896
0602,1969,48718
0602,1970,49250
0602,1971,49808
0602,1972,50130
0602,1973,50138
0602,1974,50573
0602,1975,50762
0602,1976,50771
0602,1977,50821
0602,1978,50742
0602,1979,50167
0602,1980,49660
0602,1981,49523
0602,1982,50098
0602,1983,50581
0602,1984,50809
0602,1985,50749
0602,1986,50874
0602,1987,51350
0602,1988,51843
0602,1989,51957
0602,1990,51978
0604,1951,8324
0604,1952,8411
0604,1953,8545
0604,1954,8682
0604,1955,8777
0604,1956,8891
0604,1957,9153
0604,1958,9331
0604,1959,9499
0604,1960,9596
0604,1961,9709
0604,1962,9861
0604,1963,10212
0604,1964,16799
0604,1965,17253
0604,1966,17513
0604,1967,17546
0604,1968,17769
0604,1969,18062
0604,1970,18238
0604,1971,18497
0604,1972,19004
0604,1973,19274
0604,1974,19347
0604,1975,19653
0604,1976,19849
0604,1977,20189
0604,1978,20375
0604,1979,20385
0604,1980,20509
0604,1981,20545
0604,1982,20703
0604,1983,20621
0604,1984,20720
0604,1985,20913
0604,1986,21060
0604,1987,21205
0604,1988,21262
0604,1989,21217
0604,1990,21179
0605,1977,26420
0605,1978,26585
0605,1979,26839
0605,1980,26856
0605,1981,26967
0605,1982,26870
0605,1983,26828
0605,1984,26797
0605,1985,26870
0605,1986,26797
0605,1987,26784
0605,1988,26974
0605,1989,27108
0605,1990,27275
0611,1951,1565
0611,1952,1574
0611,1953,1586
0611,1954,1607
0611,1955,1626
0611,1956,1616
0611,1957,1638
0611,1958,1661
0611,1959,1685
0611,1960,1708
0611,1961,1729
0611,1962,1698
0611,1963,1688
0612,1951,2570
0612,1952,2661
0612,1953,2616
0612,1954,2626
0612,1955,2642
0612,1956,2757
0612,1957,2796
0612,1958,2854
0612,1959,2945
0612,1960,2948
0612,1961,2932
0612,1962,3050
0612,1963,3084
0612,1977,3915
0612,1978,3885
0612,1979,3904
0612,1980,4027
0612,1981,3987
0612,1982,4118
0612,1983,4172
0612,1984,4146
0612,1985,4215
0612,1986,4236
0612,1987,4270
0612,1988,4342
0612,1989,4422
0612,1990,4485
0613,1951,13089
0613,1952,13271
0613,1953,13538
0613,1954,13699
0613,1955,13770
0613,1956,13956
0613,1957,14275
0613,1958,14507
0613,1959,14660
0613,1960,14780
0613,1961,14710
0613,1962,14793
0613,1963,15022
0614,1951,3315
0614,1952,3316
0614,1953,3340
0614,1954,3389
0614,1955,3412
0614,1956,3429
0614,1957,3449
0614,1958,3475
0614,1959,3527
0614,1960,3491
0614,1961,3462
0614,1962,3475
0614,1963,3411
0615,1951,1522
0615,1952,1538
0615,1953,1523
0615,1954,1496
0615,1955,1502
0615,1956,1477
0615,1957,1460
0615,1958,1431
0615,1959,1414
0615,1960,1412
0615,1961,1425
0615,1962,1404
0615,1963,1371
0615,1964,1363
0615,1965,1344
0615,1966,1314
0615,1967,1293
0615,1968,1279
0615,1969,1261
0615,1970,1249
0615,1971,1246
0615,1972,1264
0615,1973,1247
0615,1974,1245
0615,1975,1248
0615,1976,1256
0615,1977,1252
0615,1978,1249
0615,1979,1249
0615,1980,1260
0615,1981,1283
0615,1982,1295
0615,1983,1289
0615,1984,1294
0615,1985,1271
0615,1986,1267
0615,1987,1252
0615,1988,1219
0615,1989,1207
0615,1990,1198
0616,1951,2819
0616,1952,2828
0616,1953,2841
0616,1954,2879
0616,1955,2875
0616,1956,2887
0616,1957,2915
0616,1958,2947
0616,1959,2960
0616,1960,2976
0616,1961,2946
0616,1962,2923
0616,1963,2963
0616,1964,2988
0616,1965,3029
0616,1966,3075
0616,1967,3053
0616,1968,3052
0616,1969,3051
0616,1970,3086
0616,1971,3088
0616,1972,3129
0616,1973,3227
0616,1974,3204
0616,1975,3251
0616,1976,3287
0616,1977,3328
0616,1978,3358
0616,1979,3342
0616,1980,3353
0616,1981,3372
0616,1982,3388
0616,1983,3378
0616,1984,3361
0616,1985,3372
0616,1986,3388
0616,1987,3376
0616,1988,3381
0616,1989,3398
0616,1990,3410
0617,1951,2793
0617,1952,2787
0617,1953,2767
0617,1954,2782
0617,1955,2794
0617,1956,2807
0617,1957,2820
0617,1958,2927
0617,1959,2976
0617,1960,2977
0617,1961,3043
0617,1962,3048
0617,1963,3060
0617,1964,3157
0617,1965,3197
0617,1966,3213
0617,1967,3262
0617,1968,3295
0617,1969,3347
0617,1970,3380
0617,1971,3406
0617,1972,3538
0617,1973,3586
0617,1974,3668
0617,1975,3699
0617,1976,3796
0617,1977,3858
0617,1978,3910
0617,1979,3978
0617,1980,4027
0617,1981,4055
0617,1982,4074
0617,1983,4085
0617,1984,4094
0617,1985,4106
0617,1986,4064
0617,1987,4095
0617,1988,4204
0617,1989,4231
0617,1990,4232
0618,1951,1431
0618,1952,1424
0618,1953,1425
0618,1954,1401
0618,1955,1407
0618,1956,1409
0618,1957,1409
0618,1958,1505
0618,1959,1515
0618,1960,1520
0618,1961,1461
0618,1962,1436
0618,1963,1431
0618,1964,1417
0618,1965,1368
0618,1966,1382
0618,1967,1403
0618,1968,1438
0618,1969,1448
0618,1970,1431
0618,1971,1426
0618,1972,1425
0618,1973,1429
0618,1974,1472
0618,1975,1503
0618,1976,1521
0618,1977,1526
0618,1978,1538
0618,1979,1552
0618,1980,1574
0618,1981,1584
0618,1982,1581
0618,1983,1610
0618,1984,1607
0618,1985,1641
0618,1986,1626
0618,1987,1624
0618,1988,1612
0618,1989,1615
0618,1990,1609
0619,1951,4353
0619,1952,4341
0619,1953,4378
0619,1954,4354
0619,1955,4395
0619,1956,4440
0619,1957,4419
0619,1958,4377
0619,1959,4394
0619,1960,4360
0619,1961,4323
0619,1962,4308
0619,1963,4334
0619,1964,4379
0619,1965,4401
0619,1966,4439
0619,1967,4387
0619,1968,4303
0619,1969,4268
0619,1970,4307
0619,1971,4299
0619,1972,4329
0619,1973,4353
0619,1974,4452
0619,1975,4396
0619,1976,4425
0619,1977,4459
0619,1978,4463
0619,1979,4458
0619,1980,4493
0619,1981,4552
0619,1982,4636
0619,1983,4706
0619,1984,4715
0619,1985,4692
0619,1986,4669
0619,1987,4694
0619,1988,4921
0619,1989,5040
0619,1990,4898
0620,1951,3954
0620,1952,3978
0620,1953,3875
0620,1954,3885
0620,1955,3961
0620,1956,4013
0620,1957,3984
0620,1958,3990
0620,1959,3952
0620,1960,3924
0620,1961,3915
0620,1962,3934
0620,1963,3937
0620,1964,4067
0620,1965,4162
0620,1966,4126
0620,1967,4077
0620,1968,4126
0620,1969,4057
0620,1970,4109
0620,1971,4115
0620,1972,4223
0620,1973,4276
0620,1974,4324
0620,1975,4394
0620,1976,4432
0620,1977,4496
0620,1978,4498
0620,1979,4565
0620,1980,4580
0620,1981,4616
0620,1982,4602
0620,1983,4594
0620,1984,4638
0620,1985,4668
0620,1986,4656
0620,1987,4663
0620,1988,4770
0620,1989,4860
0620,1990,4726
0621,1951,4072
0621,1952,4119
0621,1953,4149
0621,1954,4115
0621,1955,4068
0621,1956,4075
0621,1957,4031
0621,1958,4019
0621,1959,3992
0621,1960,4002
0621,1961,3943
0621,1962,3891
0621,1963,3888
0621,1964,3857
0621,1965,3889
0621,1966,3912
0621,1967,3859
0621,1968,3853
0621,1969,3831
0621,1970,3813
0621,1971,3773
0621,1972,3789
0621,1973,3814
0621,1974,3814
0621,1975,3845
0621,1976,3790
0621,1977,3796
0621,1978,3818
0621,1979,3822
0621,1980,3820
0621,1981,3843
0621,1982,3841
0621,1983,3819
0621,1984,3819
0621,1985,3824
0621,1986,3800
0621,1987,3764
0621,1988,3768
0621,1989,3733
0621,1990,3742
0622,1951,2185
0622,1952,2186
0622,1953,2200
0622,1954,2215
0622,1955,2179
0622,1956,2102
0622,1957,2105
0622,1958,2101
0622,1959,2073
0622,1960,2033
0622,1961,2058
0622,1962,2030
0622,1963,2028
0622,1964,1953
0622,1965,1922
0622,1966,1891
0622,1967,1896
0622,1968,1885
0622,1969,1887
0622,1970,1875
0622,1971,1897
0622,1972,1965
0622,1973,1935
0622,1974,1994
0622,1975,2015
0622,1976,1997
0622,1977,2008
0622,1978,2031
0622,1979,2121
0622,1980,2206
0622,1981,2256
0622,1982,2272
0622,1983,2273
0622,1984,2349
0622,1985,2346
0622,1986,2342
0622,1987,2348
0622,1988,2395
0622,1989,2400
0622,1990,2387
0623,1951,11678
0623,1952,11809
0623,1953,11873
0623,1954,11852
0623,1955,11889
0623,1956,11879
0623,1957,11932
0623,1958,11983
0623,1959,12133
0623,1960,12072
0623,1961,12062
0623,1962,12094
0623,1963,12039
0623,1964,11954
0623,1965,11940
0623,1966,11875
0623,1967,11770
0623,1968,11713
0623,1969,11668
0623,1970,11649
0623,1971,11744
0623,1972,11769
0623,1973,11752
0623,1974,11815
0623,1975,11842
0623,1976,11852
0623,1977,11906
0623,1978,11906
0623,1979,11931
0623,1980,11907
0623,1981,11933
0623,1982,12009
0623,1983,12120
0623,1984,12160
0623,1985,12160
0623,1986,12184
0623,1987,12184
0623,1988,12268
0623,1989,12310
0623,1990,12262
0624,1951,11564
0624,1952,11722
0624,1953,11923
0624,1954,12030
0624,1955,12041
0624,1956,12232
0624,1957,12319
0624,1958,12336
0624,1959,12373
0624,1960,12475
0624,1961,12527
0624,1962,12680
0624,1963,12708
0624,1964,12816
0624,1965,12899
0624,1966,12918
0624,1967,13122
0624,1968,13016
0624,1969,13062
0624,1970,13210
0624,1971,13359
0624,1972,13477
0624,1973,13485
0624,1974,13585
0624,1975,13659
0624,1976,13640
0624,1977,13671
0624,1978,13684
0624,1979,13737
0624,1980,13764
0624,1981,13795
0624,1982,13767
0624,1983,13899
0624,1984,14101
0624,1985,14113
0624,1986,14112
0624,1987,14291
0624,1988,14449
0624,1989,14647
0624,1990,14695
0625,1951,9131
0625,1952,9343
0625,1953,9583
0625,1954,9848
0625,1955,10237
0625,1956,10482
0625,1957,10849
0625,1958,11076
0625,1959,11271
0625,1960,11502
0625,1961,11726
0625,1962,11993
0625,1963,12302
0625,1964,12497
0625,1965,12828
0625,1966,13169
0625,1967,13453
0625,1968,13730
0625,1969,13969
0625,1970,14288
0625,1971,14577
0625,1972,14721
0625,1973,15007
0625,1974,15086
0625,1975,15239
0625,1976,15639
0625,1977,16133
0625,1978,16419
0625,1979,16646
0625,1980,16838
0625,1981,17023
0625,1982,17318
0625,1983,17668
0625,1984,17800
0625,1985,17906
0625,1986,18132
0625,1987,18363
0625,1988,18576
0625,1989,18787
0625,1990,18797
0626,1951,14454
0626,1952,11967
0626,1953,12079
0626,1954,12277
0626,1955,12575
0626,1956,12577
0626,1957,12778
0626,1958,12967
0626,1959,13066
0626,1960,13215
0626,1961,13351
0626,1962,13557
0626,1963,13768
0626,1964,13795
0626,1965,14068
0626,1966,14101
0626,1967,14251
0626,1968,14309
0626,1969,14395
0626,1970,14708
0626,1971,15034
0626,1972,15378
0626,1973,15901
0626,1974,16287
0626,1975,17230
0626,1976,17509
0626,1977,17668
0626,1978,17543
0626,1979,17699
0626,1980,17820
0626,1981,17932
0626,1982,17847
0626,1983,17873
0626,1984,17951
0626,1985,18113
0626,1986,18348
0626,1987,18449
0626,1988,18483
0626,1989,18671
0626,1990,18771
0627,1951,6709
0627,1952,6895
0627,1953,7047
0627,1954,7168
0627,1955,7346
0627,1956,7402
0627,1957,7478
0627,1958,7580
0627,1959,7681
0627,1960,7772
0627,1961,7897
0627,1962,7931
0627,1963,8083
0627,1964,8287
0627,1965,8564
0627,1966,8839
0627,1967,9021
0627,1968,9399
0627,1969,9706
0627,1970,9992
0627,1971,10613
0627,1972,11029
0627,1973,11231
0627,1974,11770
0627,1975,12136
0627,1976,12075
0627,1977,12038
0627,1978,11998
0627,1979,12187
0627,1980,12616
0627,1981,12908
0627,1982,13067
0627,1983,13236
0627,1984,13468
0627,1985,13687
0627,1986,13746
0627,1987,13764
0627,1988,13902
0627,1989,14023
0627,1990,14185
0628,1951,6891
0628,1952,6898
0628,1953,6836
0628,1954,6897
0628,1955,6868
0628,1956,6921
0628,1957,6951
0628,1958,6947
0628,1959,6954
0628,1960,6894
0628,1961,6841
0628,1962,6773
0628,1963,6687
0628,1964,6539
0628,1965,6533
0628,1966,6482
0628,1967,6508
0628,1968,6423
0628,1969,6397
0628,1970,6366
0628,1971,6353
0628,1972,6417
0628,1973,6439
0628,1974,6435
0628,1975,6636
0628,1976,6971
0628,1977,7076
0628,1978,7280
0628,1979,7403
0628,1980,7458
0628,1981,7498
0628,1982,7533
0628,1983,7560
0628,1984,7629
0628,1985,7648
0628,1986,7737
0628,1987,7854
0628,1988,7983
0628,1989,8043
0628,1990,7962
0629,1951,3203
0629,1952,3250
0629,1953,3243
0629,1954,3221
0629,1955,3224
0629,1956,3240
0629,1957,3240
0629,1958,3288
0629,1959,3280
0629,1960,3234
0629,1961,3180
0629,1962,3172
0629,1963,3151
0630,1951,2298
0630,1952,2324
0630,1953,2310
0630,1954,2382
0630,1955,2449
0630,1956,2481
0630,1957,2497
0630,1958,2508
0630,1959,2516
0630,1960,2558
0630,1961,2584
0630,1962,2616
0630,1963,2683
0631,1951,2383
0631,1952,2348
0631,1953,2347
0631,1954,2336
0631,1955,2316
0631,1956,2394
0631,1957,2344
0631,1958,2302
0631,1959,2304
0631,1960,2299
0631,1961,2235
0631,1962,2167
0631,1963,2159
0631,1964,2050
0631,1965,2080
0631,1966,2085
0631,1967,2076
0631,1968,2068
0631,1969,2091
0631,1970,2068
0631,1971,2103
0631,1972,2149
0631,1973,2219
0631,1974,2265
0631,1975,2334
0631,1976,2390
0631,1977,2441
0631,1978,2464
0631,1979,2496
0631,1980,2538
0631,1981,2554
0631,1982,2572
0631,1983,2600
0631,1984,2567
0631,1985,2517
0631,1986,2531
0631,1987,2543
0631,1988,2524
0631,1989,2547
0631,1990,2552
0632,1951,1552
0632,1952,1538
0632,1953,1546
0632,1954,1558
0632,1955,1555
0632,1956,1516
0632,1957,1521
0632,1958,1508
0632,1959,1515
0632,1960,1521
0632,1961,1509
0632,1962,1502
0632,1963,1550
0632,1964,1534
0632,1965,1475
0632,1966,1417
0632,1967,1425
0632,1968,1415
0632,1969,1393
0632,1970,1385
0632,1971,1360
0632,1972,1334
0632,1973,1302
0632,1974,1307
0632,1975,1320
0632,1976,1373
0632,1977,1393
0632,1978,1376
0632,1979,1414
0632,1980,1429
0632,1981,1454
0632,1982,1474
0632,1983,1490
0632,1984,1471
0632,1985,1448
0632,1986,1440
0632,1987,1449
0632,1988,1450
0632,1989,1455
0632,1990,1455
0633,1962,3188
0633,1963,3162
0633,1964,3225
0633,1965,3292
0633,1966,3343
0633,1967,3314
0633,1968,3183
0633,1969,3065
0633,1970,2988
0633,1971,2970
0633,1972,2947
0633,1973,2948
0633,1974,2948
0633,1975,2935
0633,1976,2949
0633,1977,2949
0633,1978,2953
0633,1979,2901
0633,1980,2873
0633,1981,2891
0633,1982,2918
0633,1983,2946
0633,1984,2966
0633,1985,2998
0633,1986,2984
0633,1987,2953
0633,1988,2940
0633,1989,2907
0633,1990,2903
0633u,1951,2137
0633u,1952,2067
0633u,1953,2068
0633u,1954,2042
0633u,1955,2060
0633u,1956,2117
0633u,1957,2097
0633u,1958,2071
0633u,1959,2059
0633u,1960,2065
0633u,1961,2015
0634,1951,1325
0634,1952,1303
0634,1953,1295
0634,1954,1279
0634,1955,1286
0634,1956,1296
0634,1957,1256
0634,1958,1265
0634,1959,1265
0634,1960,1269
0634,1961,1228
0301,1951,434365
0301,1952,437184
0301,1953,440674
0301,1954,444041
0301,1955,447064
0301,1956,451247
0301,1957,455113
0301,1958,461591
0301,1959,465711
0301,1960,471511
0301,1961,475663
0301,1962,480461
0301,1963,482324
0301,1964,484711
0301,1965,483549
0301,1966,483757
0301,1967,487524
0301,1968,488231
0301,1969,488329
0301,1970,487363
0301,1971,481548
0301,1972,475563
0301,1973,472609
0301,1974,468514
0301,1975,465337
0301,1976,463022
0301,1977,462497
0301,1978,460377
0301,1979,457446
0301,1980,454872
0301,1981,452023
0301,1982,450386
0301,1983,448775
0301,1984,447257
0301,1985,447351
0301,1986,449395
0301,1987,451345
0301,1988,453730
0301,1989,456124
0301,1990,458364
0401,1951,11513
0401,1952,11566
0401,1953,11587
0401,1954,11892
0401,1955,12046
0401,1956,12412
0401,1957,12705
0401,1958,12911
0401,1959,13154
0401,1960,13234
0401,1961,13416
0401,1962,13614
0401,1963,13995
0401,1964,14106
0401,1965,14282
0401,1966,14474
0401,1967,14724
0401,1968,14916
0401,1969,15136
0401,1970,15417
0401,1971,15777
0401,1972,15963
0401,1973,16142
0401,1974,16273
0401,1975,16261
0401,1976,16417
0401,1977,16310
0401,1978,16348
0401,1979,16053
0401,1980,15917
0401,1981,15977
0401,1982,15939
0401,1983,15833
0401,1984,15785
0401,1985,15693
0401,1986,15672
0401,1987,15718
0401,1988,15775
0401,1989,15968
0401,1990,16129
0402,1951,2162
0402,1952,2178
0402,1953,2242
0402,1954,2237
0402,1955,2275
0402,1956,2218
0402,1957,2278
0402,1958,2276
0402,1959,2284
0402,1960,2296
0402,1961,2308
0402,1962,2253
0402,1963,2323
0402,1964,12990
0402,1965,13051
0402,1966,13109
0402,1967,13068
0402,1968,13220
0402,1969,13429
0402,1970,13576
0402,1971,13895
0402,1972,14223
0402,1973,14670
0402,1974,15092
0402,1975,15519
0402,1976,16138
0402,1977,16537
0402,1978,16866
0402,1979,17018
0402,1980,17047
0402,1981,17229
0402,1982,17377
0402,1983,17456
0402,1984,17412
0402,1985,17467
0402,1986,17492
0402,1987,17522
0402,1988,17425
0402,1989,17526
0402,1990,17480
0411,1951,4405
0411,1952,4307
0411,1953,4303
0411,1954,4284
0411,1955,4325
0411,1956,4289
0411,1957,4260
0411,1958,4235
0411,1959,4210
0411,1960,4243
0411,1961,4255
0411,1962,4202
0411,1963,4195
0412,1951,15830
0412,1952,15937
0412,1953,15948
0412,1954,16005
0412,1955,15967
0412,1956,15953
0412,1957,15938
0412,1958,16101
0412,1959,16215
0412,1960,16192
0412,1961,16245
0412,1962,16290
0412,1963,16457
0412,1964,27996
0412,1965,27972
0412,1966,28095
0412,1967,28193
0412,1968,28328
0412,1969,28463
0412,1970,28717
0412,1971,28828
0412,1972,29157
0412,1973,29264
0412,1974,29394
0412,1975,29448
0412,1976,29746
0412,1977,29872
0412,1978,30021
0412,1979,30066
0412,1980,30319
0412,1981,30333
0412,1982,30412
0412,1983,30487
0412,1984,30418
0412,1985,30419
0412,1986,30521
0412,1987,30606
0412,1988,30854
0412,1989,30999
0412,1990,31180
0413,1951,5934
0413,1952,5968
0413,1953,6098
0413,1954,6255
0413,1955,6377
0413,1956,6493
0413,1957,6643
0413,1958,6762
0413,1959,6828
0413,1960,6917
0413,1961,6975
0413,1962,7058
0413,1963,7169
0414,1951,6745
0414,1952,6870
0414,1953,6970
0414,1954,7058
0414,1955,7266
0414,1956,7403
0414,1957,7555
0414,1958,7538
0414,1959,7561
0414,1960,7687
0414,1961,7758
0414,1962,7860
0414,1963,7874
0414,1964,8012
0414,1965,8138
0414,1966,8116
0414,1967,8384
0414,1968,8439
0414,1969,8557
0414,1970,8636
0414,1971,8881
0414,1972,8885
0414,1973,8973
0414,1974,8980
0414,1975,9039
0414,1976,9056
0414,1977,8955
0414,1978,8885
0414,1979,8846
0414,1980,8868
0414,1981,8850
0414,1982,8864
0414,1983,8885
0414,1984,8845
0414,1985,8823
0414,1986,8812
0414,1987,8850
0414,1988,8919
0414,1989,8922
0414,1990,9003
0415,1951,6506
0415,1952,6446
0415,1953,6353
0415,1954,6359
0415,1955,6389
0415,1956,6435
0415,1957,6422
0415,1958,6431
0415,1959,6385
0415,1960,6339
0415,1961,6269
0415,1962,6322
0415,1963,6366
0415,1964,6364
0415,1965,6327
0415,1966,6322
0415,1967,6278
0415,1968,6240
0415,1969,6237
0415,1970,6252
0415,1971,6214
0415,1972,6240
0415,1973,6346
0415,1974,6360
0415,1975,6501
0415,1976,6457
0415,1977,6543
0415,1978,6604
0415,1979,6763
0415,1980,6822
0415,1981,6817
0415,1982,6866
0415,1983,6945
0415,1984,6970
0415,1985,7054
0415,1986,7038
0415,1987,6977
0415,1988,7009
0415,1989,7086
0415,1990,7067
0416,1951,6477
0416,1952,6467
0416,1953,6565
0416,1954,6562
0416,1955,6577
0416,1956,6597
0416,1957,6652
0416,1958,6583
0416,1959,6592
0416,1960,6612
0416,1961,6532
0416,1962,6502
0416,1963,6497
0417,1951,8861
0417,1952,8916
0417,1953,8997
0417,1954,9007
0417,1955,9181
0417,1956,9359
0417,1957,9431
0417,1958,9471
0417,1959,9581
0417,1960,9627
0417,1961,9594
0417,1962,9591
0417,1963,9637
0417,1964,16175
0417,1965,16243
0417,1966,16308
0417,1967,16343
0417,1968,16390
0417,1969,16573
0417,1970,16801
0417,1971,17303
0417,1972,17284
0417,1973,17203
0417,1974,17214
0417,1975,17219
0417,1976,17153
0417,1977,17259
0417,1978,17425
0417,1979,17581
0417,1980,17769
0417,1981,17841
0417,1982,17840
0417,1983,17890
0417,1984,17899
0417,1985,17790
0417,1986,17645
0417,1987,17670
0417,1988,17722
0417,1989,17624
0417,1990,17611
0418,1951,5757
0418,1952,5726
0418,1953,5721
0418,1954,5730
0418,1955,5690
0418,1956,5601
0418,1957,5604
0418,1958,5592
0418,1959,5570
0418,1960,5551
0418,1961,5493
0418,1962,5441
0418,1963,5405
0418,1964,5364
0418,1965,5331
0418,1966,5278
0418,1967,5204
0418,1968,5186
0418,1969,5233
0418,1970,5214
0418,1971,5245
0418,1972,5293
0418,1973,5312
0418,1974,5302
0418,1975,5294
0418,1976,5282
0418,1977,5322
0418,1978,5338
0418,1979,5385
0418,1980,5411
0418,1981,5391
0418,1982,5404
0418,1983,5366
0418,1984,5350
0418,1985,5374
0418,1986,5347
0418,1987,5320
0418,1988,5330
0418,1989,5335
0418,1990,5335
0419,1951,7996
0419,1952,7943
0419,1953,7886
0419,1954,7891
0419,1955,7826
0419,1956,7767
0419,1957,7676
0419,1958,7609
0419,1959,7525
0419,1960,7409
0419,1961,7393
0419,1962,7324
0419,1963,7309
0419,1964,7257
0419,1965,7218
0419,1966,7155
0419,1967,7063
0419,1968,7083
0419,1969,7032
0419,1970,6981
0419,1971,6940
0419,1972,6943
0419,1973,6936
0419,1974,6948
0419,1975,6983
0419,1976,7029
0419,1977,6999
0419,1978,7091
0419,1979,7124
0419,1980,7130
0419,1981,7231
0419,1982,7250
0419,1983,7309
0419,1984,7388
0419,1985,7400
0419,1986,7439
0419,1987,7459
0419,1988,7446
0419,1989,7461
0419,1990,7378
0420,1951,7240
0420,1952,7174
0420,1953,7178
0420,1954,7148
0420,1955,7094
0420,1956,7150
0420,1957,7187
0420,1958,7197
0420,1959,7167
0420,1960,7126
0420,1961,7021
0420,1962,6970
0420,1963,6865
0420,1964,6767
0420,1965,6731
0420,1966,6627
0420,1967,6587
0420,1968,6516
0420,1969,6442
0420,1970,6432
0420,1971,6363
0420,1972,6391
0420,1973,6449
0420,1974,6439
0420,1975,6396
0420,1976,6392
0420,1977,6398
0420,1978,6343
0420,1979,6340
0420,1980,6368
0420,1981,6316
0420,1982,6328
0420,1983,6350
0420,1984,6403
0420,1985,6365
0420,1986,6333
0420,1987,6394
0420,1988,6436
0420,1989,6501
0420,1990,6470
0421,1951,5648
0421,1952,5705
0421,1953,5779
0421,1954,5804
0421,1955,5917
0421,1956,5995
0421,1957,6037
0421,1958,6053
0421,1959,6076
0421,1960,6098
0421,1961,6090
0421,1962,6100
0421,1963,6228
0422,1951,4709
0422,1952,4712
0422,1953,4705
0422,1954,4712
0422,1955,4705
0422,1956,4717
0422,1957,4654
0422,1958,4658
0422,1959,4658
0422,1960,4564
0422,1961,4480
0422,1962,4459
0422,1963,4445
0423,1951,7276
0423,1952,7297
0423,1953,7325
0423,1954,7377
0423,1955,7285
0423,1956,7222
0423,1957,7247
0423,1958,7217
0423,1959,7158
0423,1960,7110
0423,1961,7007
0423,1962,6987
0423,1963,6895
0423,1964,6864
0423,1965,6836
0423,1966,6758
0423,1967,6700
0423,1968,6622
0423,1969,6561
0423,1970,6509
0423,1971,6409
0423,1972,6386
0423,1973,6322
0423,1974,6272
0423,1975,6244
0423,1976,6219
0423,1977,6181
0423,1978,6149
0423,1979,6114
0423,1980,6110
0423,1981,6070
0423,1982,6051
0423,1983,6067
0423,1984,6082
0423,1985,6038
0423,1986,6037
0423,1987,6020
0423,1988,5966
0423,1989,5908
0423,1990,5881
0424,1951,3466
0424,1952,3444
0424,1953,3464
0424,1954,3516
0424,1955,3481
0424,1956,3451
0424,1957,3411
0424,1958,3397
0424,1959,3373
0424,1960,3342
0424,1961,3315
0424,1962,3285
0425,1951,6717
0425,1952,6775
0425,1953,6812
0425,1954,6791
0425,1955,6743
0425,1956,6700
0425,1957,6753
0425,1958,6706
0425,1959,6724
0425,1960,6755
0425,1961,6733
0425,1962,6728
0425,1963,9972
0425,1964,9895
0425,1965,9825
0425,1966,9678
0425,1967,9634
0425,1968,9550
0425,1969,9475
0425,1970,9396
0425,1971,9244
0425,1972,9263
0425,1973,9186
0425,1974,9186
0425,1975,9191
0425,1976,9112
0425,1977,9086
0425,1978,9064
0425,1979,9092
0425,1980,9011
0425,1981,9020
0425,1982,8967
0425,1983,8957
0425,1984,8902
0425,1985,8851
0425,1986,8769
0425,1987,8642
0425,1988,8610
0425,1989,8586
0425,1990,8528
0426,1951,4849
0426,1952,4842
0426,1953,4826
0426,1954,4905
0426,1955,4918
0426,1956,4986
0426,1957,4945
0426,1958,4936
0426,1959,5010
0426,1960,5109
0426,1961,5097
0426,1962,5109
0426,1963,5067
0426,1964,5059
0426,1965,5036
0426,1966,5046
0426,1967,4962
0426,1968,4949
0426,1969,4939
0426,1970,4861
0426,1971,4830
0426,1972,4846
0426,1973,4862
0426,1974,4847
0426,1975,4781
0426,1976,4783
0426,1977,4754
0426,1978,4749
0426,1979,4823
0426,1980,4787
0426,1981,4818
0426,1982,4789
0426,1983,4655
0426,1984,4602
0426,1985,4578
0426,1986,4580
0426,1987,4568
0426,1988,4508
0426,1989,4446
0426,1990,4372
0427,1951,12435
0427,1952,12490
0427,1953,12649
0427,1954,12695
0427,1955,12794
0427,1956,12881
0427,1957,12951
0427,1958,13067
0427,1959,13090
0427,1960,13191
0427,1961,13282
0427,1962,13380
0427,1963,13406
0427,1964,13474
0427,1965,13664
0427,1966,13839
0427,1967,13865
0427,1968,14030
0427,1969,14112
0427,1970,14269
0427,1971,14311
0427,1972,14551
0427,1973,14780
0427,1974,14925
0427,1975,15147
0427,1976,15460
0427,1977,15631
0427,1978,15961
0427,1979,16273
0427,1980,16469
0427,1981,16610
0427,1982,16784
0427,1983,16929
0427,1984,16965
0427,1985,16903
0427,1986,16948
0427,1987,16934
0427,1988,17224
0427,1989,17296
0427,1990,17332
0428,1951,8423
0428,1952,8514
0428,1953,8504
0428,1954,8461
0428,1955,8455
0428,1956,8423
0428,1957,8419
0428,1958,8432
0428,1959,8391
0428,1960,8382
0428,1961,8205
0428,1962,8130
0428,1963,8027
0428,1964,7900
0428,1965,7841
0428,1966,7805
0428,1967,7697
0428,1968,7679
0428,1969,7560
0428,1970,7478
0428,1971,7393
0428,1972,7384
0428,1973,7362
0428,1974,7385
0428,1975,7396
0428,1976,7420
0428,1977,7505
0428,1978,7622
0428,1979,7603
0428,1980,7567
0428,1981,7607
0428,1982,7601
0428,1983,7549
0428,1984,7476
0428,1985,7471
0428,1986,7386
0428,1987,7344
0428,1988,7293
0428,1989,7342
0428,1990,7330
0429,1951,5360
0429,1952,5394
0429,1953,5475
0429,1954,5496
0429,1955,5488
0429,1956,5492
0429,1957,5480
0429,1958,5483
0429,1959,5548
0429,1960,5586
0429,1961,5530
0429,1962,5507
0429,1963,5447
0429,1964,5347
0429,1965,5319
0429,1966,5264
0429,1967,5150
0429,1968,5143
0429,1969,5165
0429,1970,5077
0429,1971,4959
0429,1972,4855
0429,1973,4828
0429,1974,4820
0429,1975,4816
0429,1976,4826
0429,1977,4831
0429,1978,4868
0429,1979,4857
0429,1980,4851
0429,1981,4842
0429,1982,4784
0429,1983,4784
0429,1984,4728
0429,1985,4659
0429,1986,4574
0429,1987,4564
0429,1988,4498
0429,1989,4463
0429,1990,4458
0430,1951,4110
0430,1952,4155
0430,1953,4121
0430,1954,4102
0430,1955,4107
0430,1956,4078
0430,1957,4091
0430,1958,4071
0430,1959,4082
0430,1960,4042
0430,1961,4013
0430,1962,3991
0430,1963,3951
0430,1964,3917
0430,1965,4164
0430,1966,4100
0430,1967,4036
0430,1968,3984
0430,1969,3907
0430,1970,3837
0430,1971,3747
0430,1972,3809
0430,1973,3823
0430,1974,3812
0430,1975,3771
0430,1976,3723
0430,1977,3732
0430,1978,3685
0430,1979,3712
0430,1980,3730
0430,1981,3687
0430,1982,3658
0430,1983,3645
0430,1984,3642
0430,1985,3585
0430,1986,3496
0430,1987,3442
0430,1988,3440
0430,1989,3368
0430,1990,3371
0431,1951,467
0431,1952,451
0431,1953,445
0431,1954,441
0431,1955,436
0431,1956,451
0431,1957,441
0431,1958,419
0431,1959,420
0431,1960,416
0431,1961,398
0431,1962,382
0431,1963,374
0431,1964,377
0432,1965,3542
0432,1966,3467
0432,1967,3359
0432,1968,3420
0432,1969,3458
0432,1970,3412
0432,1971,3282
0432,1972,3108
0432,1973,3016
0432,1974,2970
0432,1975,2964
0432,1976,2916
0432,1977,2910
0432,1978,2848
0432,1979,2853
0432,1980,2816
0432,1981,2805
0432,1982,2788
0432,1983,2754
0432,1984,2739
0432,1985,2704
0432,1986,2642
0432,1987,2634
0432,1988,2538
0432,1989,2506
0432,1990,2499
0432u,1951,2035
0432u,1952,2064
0432u,1953,2044
0432u,1954,2057
0432u,1955,2059
0432u,1956,2060
0432u,1957,2034
0432u,1958,1987
0432u,1959,2007
0432u,1960,1993
0432u,1961,1966
0432u,1962,1935
0432u,1963,1914
0432u,1964,1925
0433,1951,1852
0433,1952,1848
0433,1953,1846
0433,1954,1834
0433,1955,1821
0433,1956,1799
0433,1957,1800
0433,1958,1766
0433,1959,1761
0433,1960,1778
0433,1961,1744
0433,1962,1712
0433,1963,1696
0433,1964,1665
0434,1951,1756
0434,1952,1760
0434,1953,1782
0434,1954,1786
0434,1955,1777
0434,1956,1799
0434,1957,1802
0434,1958,1809
0434,1959,1800
0434,1960,1818
0434,1961,1809
0434,1962,1807
0434,1963,1802
0434,1964,1774
0434,1965,1778
0434,1966,1765
0434,1967,1767
0434,1968,1786
0434,1969,1799
0434,1970,1761
0434,1971,1760
0434,1972,1775
0434,1973,1769
0434,1974,1783
0434,1975,1793
0434,1976,1792
0434,1977,1789
0434,1978,1781
0434,1979,1789
0434,1980,1795
0434,1981,1782
0434,1982,1761
0434,1983,1796
0434,1984,1776
0434,1985,1757
0434,1986,1741
0434,1987,1721
0434,1988,1739
0434,1989,1741
0434,1990,1721
0435,1966,3959
0435,1967,3934
0435,1968,3941
0435,1969,3947
0435,1970,3907
0435,1971,3850
0435,1972,3817
0435,1973,3791
0435,1974,3756
0435,1975,3757
0435u,1951,2165
0435u,1952,2200
0435u,1953,2200
0435u,1954,2181
0435u,1955,2163
0435u,1956,2132
0435u,1957,2138
0435u,1958,2128
0435u,1959,2122
0435u,1960,2083
0435u,1961,2051
0435u,1962,2067
0435u,1963,2081
0435u,1964,2058
0435u,1965,2050
0436,1951,2025
0436,1952,2003
0436,1953,2010
0436,1954,1994
0436,1955,2002
0436,1956,2006
0436,1957,1988
0436,1958,1947
0436,1959,1956
0436,1960,1948
0436,1961,1947
0436,1962,1944
0436,1963,1948
0436,1964,1945
0436,1965,1957
0436,1976,1865
0436,1977,1867
0436,1978,1876
0436,1979,1895
0436,1980,1892
0436,1981,1888
0436,1982,1882
0436,1983,1882
0436,1984,1897
0436,1985,1903
0436,1986,1857
0436,1987,1857
0436,1988,1840
0436,1989,1864
0436,1990,1898
0437,1951,4200
0437,1952,4216
0437,1953,4324
0437,1954,4333
0437,1955,4287
0437,1956,4338
0437,1957,4336
0437,1958,4304
0437,1959,4303
0437,1960,4306
0437,1961,4315
0437,1962,4345
0437,1963,4371
0437,1964,4317
0437,1965,4335
0437,1966,4975
0437,1967,5028
0437,1968,5038
0437,1969,5025
0437,1970,5089
0437,1971,5068
0437,1972,5045
0437,1973,5044
0437,1974,5051
0437,1975,5081
0437,1976,5095
0437,1977,5154
0437,1978,5254
0437,1979,5294
0437,1980,5375
0437,1981,5415
0437,1982,5448
0437,1983,5473
0437,1984,5466
0437,1985,5455
0437,1986,5392
0437,1987,5391
0437,1988,5386
0437,1989,5378
0437,1990,5356
0438,1951,2569
0438,1952,2569
0438,1953,2562
0438,1954,2561
0438,1955,2563
0438,1956,2568
0438,1957,2570
0438,1958,2600
0438,1959,2617
0438,1960,2610
0438,1961,2615
0438,1962,2630
0438,1963,2636
0438,1964,2599
0438,1965,2606
0438,1966,2584
0438,1967,2607
0438,1968,2637
0438,1969,2734
0438,1970,2717
0438,1971,2692
0438,1972,2578
0438,1973,2527
0438,1974,2524
0438,1975,2510
0438,1976,2463
0438,1977,2469
0438,1978,2457
0438,1979,2442
0438,1980,2441
0438,1981,2462
0438,1982,2485
0438,1983,2470
0438,1984,2469
0438,1985,2478
0438,1986,2464
0438,1987,2458
0438,1988,2443
0438,1989,2437
0438,1990,2434
0439,1951,2372
0439,1952,2386
0439,1953,2387
0439,1954,2379
0439,1955,2374
0439,1956,2383
0439,1957,2377
0439,1958,2347
0439,1959,2302
0439,1960,2348
0439,1961,2303
0439,1962,2284
0439,1963,2232
0439,1964,2198
0439,1965,2191
0439,1966,2194
0439,1967,2253
0439,1968,2264
0439,1969,2209
0439,1970,2218
0439,1971,2213
0439,1972,2198
0439,1973,2196
0439,1974,2233
0439,1975,2228
0439,1976,2207
0439,1977,2220
0439,1978,2230
0439,1979,2213
0439,1980,2217
0439,1981,2203
0439,1982,2201
0439,1983,2183
0439,1984,2165
0439,1985,2138
0439,1986,2110
0439,1987,2036
0439,1988,2000
0439,1989,2015
0439,1990,2022
0440,1951,1307
0440,1952,1296
0440,1953,1288
0440,1954,1272
0440,1955,1260
0440,1956,1276
0440,1957,1254
0440,1958,1201
0440,1959,1192
0440,1960,1196
0440,1961,1165
0440,1962,1163
0440,1963,1158
0440,1964,1117
0440,1965,1092
0441,1976,1859
0441,1977,1882
0441,1978,1934
0441,1979,1953
0441,1980,1986
0441,1981,2029
0441,1982,2062
0441,1983,2114
0441,1984,2096
0441,1985,2091
0441,1986,2071
0441,1987,2027
0441,1988,2017
0441,1989,2034
0441,1990,2029
0501,1951,6633
0501,1952,6631
0501,1953,6567
0501,1954,6473
0501,1955,6443
0501,1956,6267
0501,1957,6244
0501,1958,6193
0501,1959,6173
0501,1960,6153
0501,1961,5988
0501,1962,5970
0501,1963,5918
0501,1964,19286
0501,1965,19622
0501,1966,19781
0501,1967,19859
0501,1968,20055
0501,1969,20383
0501,1970,20492
0501,1971,20548
0501,1972,20617
0501,1973,20861
0501,1974,21049
0501,1975,21078
0501,1976,21253
0501,1977,21496
0501,1978,21674
0501,1979,21762
0501,1980,21982
0501,1981,21877
0501,1982,21843
0501,1983,21981
0501,1984,22092
0501,1985,22012
0501,1986,22128
0501,1987,22193
0501,1988,22310
0501,1989,22564
0501,1990,22782
0502,1951,6094
0502,1952,6140
0502,1953,6125
0502,1954,6124
0502,1955,6129
0502,1956,7397
0502,1957,7545
0502,1958,7593
0502,1959,7685
0502,1960,7738
0502,1961,7938
0502,1962,7986
0502,1963,8144
0502,1964,23608
0502,1965,23741
0502,1966,24005
0502,1967,24284
0502,1968,24570
0502,1969,24710
0502,1970,25176
0502,1971,25203
0502,1972,25306
0502,1973,25569
0502,1974,25695
0502,1975,25809
0502,1976,25953
0502,1977,26030
0502,1978,26045
0502,1979,26150
0502,1980,26127
0502,1981,26045
0502,1982,26026
0502,1983,26070
0502,1984,25990
0502,1985,25957
0502,1986,25908
0502,1987,25937
0502,1988,25972
0502,1989,26136
0502,1990,26083
0511,1951,3084
0511,1952,3082
0511,1953,3082
0511,1954,3060
0511,1955,3026
0511,1956,2995
0511,1957,2986
0511,1958,2974
0511,1959,2976
0511,1960,2959
0511,1961,3007
0511,1962,3003
0511,1963,2983
0511,1964,3003
0511,1965,3003
0511,1966,2994
0511,1967,3076
0511,1968,3105
0511,1969,3117
0511,1970,3119
0511,1971,3090
0511,1972,3150
0511,1973,3148
0511,1974,3168
0511,1975,3200
0511,1976,3213
0511,1977,3222
0511,1978,3220
0511,1979,3249
0511,1980,3253
0511,1981,3226
0511,1982,3233
0511,1983,3239
0511,1984,3221
0511,1985,3206
0511,1986,3177
0511,1987,3134
0511,1988,3119
0511,1989,3066
0511,1990,3037
0512,1951,3164
0512,1952,3145
0512,1953,3101
0512,1954,3072
0512,1955,3058
0512,1956,3081
0512,1957,2976
0512,1958,2942
0512,1959,2898
0512,1960,2884
0512,1961,2926
0512,1962,2875
0512,1963,2794
0512,1964,2789
0512,1965,2754
0512,1966,2675
0512,1967,2679
0512,1968,2666
0512,1969,2693
0512,1970,2650
0512,1971,2566
0512,1972,2540
0512,1973,2536
0512,1974,2502
0512,1975,2509
0512,1976,2492
0512,1977,2496
0512,1978,2475
0512,1979,2492
0512,1980,2497
0512,1981,2481
0512,1982,2466
0512,1983,2472
0512,1984,2476
0512,1985,2480
0512,1986,2481
0512,1987,2467
0512,1988,2561
0512,1989,2474
0512,1990,2476
0513,1951,3026
0513,1952,3023
0513,1953,3021
0513,1954,3031
0513,1955,3038
0513,1956,3034
0513,1957,3000
0513,1958,2992
0513,1959,2970
0513,1960,2916
0513,1961,2867
0513,1962,2822
0513,1963,2779
0513,1964,2734
0513,1965,2693
0513,1966,2717
0513,1967,2640
0513,1968,2635
0513,1969,2625
0513,1970,2611
0513,1971,2567
0513,1972,2551
0513,1973,2565
0513,1974,2582
0513,1975,2564
0513,1976,2601
0513,1977,2614
0513,1978,2619
0513,1979,2634
0513,1980,2623
0513,1981,2681
0513,1982,2668
0513,1983,2656
0513,1984,2692
0513,1985,2662
0513,1986,2688
0513,1987,2673
0513,1988,2643
0513,1989,2626
0513,1990,2612
0514,1951,2991
0514,1952,2981
0514,1953,2944
0514,1954,2917
0514,1955,2881
0514,1956,2901
0514,1957,2878
0514,1958,2878
0514,1959,2902
0514,1960,2922
0514,1961,2883
0514,1962,2851
0514,1963,2876
0514,1964,2849
0514,1965,2835
0514,1966,2827
0514,1967,2850
0514,1968,2842
0514,1969,2846
0514,1970,2913
0514,1971,2896
0514,1972,2908
0514,1973,2865
0514,1974,2826
0514,1975,2810
0514,1976,2834
0514,1977,2788
0514,1978,2779
0514,1979,2781
0514,1980,2754
0514,1981,2784
0514,1982,2784
0514,1983,2805
0514,1984,2775
0514,1985,2764
0514,1986,2704
0514,1987,2709
0514,1988,2668
0514,1989,2661
0514,1990,2656
0515,1951,3950
0515,1952,3952
0515,1953,4013
0515,1954,4059
0515,1955,4072
0515,1956,4034
0515,1957,3997
0515,1958,3978
0515,1959,3956
0515,1960,3956
0515,1961,4062
0515,1962,4075
0515,1963,4093
0515,1964,4099
0515,1965,4041
0515,1966,4024
0515,1967,4056
0515,1968,4028
0515,1969,4071
0515,1970,4013
0515,1971,3987
0515,1972,4011
0515,1973,4039
0515,1974,4048
0515,1975,4091
0515,1976,4069
0515,1977,4056
0515,1978,4046
0515,1979,4052
0515,1980,4058
0515,1981,4061
0515,1982,4102
0515,1983,4151
0515,1984,4154
0515,1985,4135
0515,1986,4101
0515,1987,4048
0515,1988,4047
0515,1989,4009
0515,1990,3974
0516,1977,6131
0516,1978,6179
0516,1979,6222
0516,1980,6264
0516,1981,6292
0516,1982,6354
0516,1983,6387
0516,1984,6369
0516,1985,6302
0516,1986,6271
0516,1987,6233
0516,1988,6229
0516,1989,6274
0516,1990,6192
0516u,1951,1780
0516u,1952,1771
0516u,1953,1770
0516u,1954,1787
0516u,1955,1782
0516u,1956,1786
0516u,1957,1782
0516u,1958,1765
0516u,1959,1762
0516u,1960,1757
0516u,1961,1736
0516u,1962,1761
0516u,1963,1745
0516u,1964,1730
0517,1951,3166
0517,1952,3227
0517,1953,3263
0517,1954,3238
0517,1955,3280
0517,1956,3337
0517,1957,3410
0517,1958,3472
0517,1959,3551
0517,1960,3565
0517,1961,3560
0517,1962,3564
0517,1963,3602
0517,1964,3650
0517,1965,5866
0517,1966,5924
0517,1967,6039
0517,1968,6138
0517,1969,6161
0517,1970,6261
0517,1971,6254
0517,1972,6366
0517,1973,6452
0517,1974,6496
0517,1975,6521
0517,1976,6533
0517,1977,6563
0517,1978,6590
0517,1979,6689
0517,1980,6703
0517,1981,6711
0517,1982,6710
0517,1983,6687
0517,1984,6661
0517,1985,6606
0517,1986,6578
0517,1987,6535
0517,1988,6502
0517,1989,6445
0517,1990,6391
0518,1966,9406
0518,1967,9246
0518,1968,9347
0518,1969,9442
0518,1970,9407
0518,1971,9423
0518,1972,9456
0518,1973,9566
0518,1974,9585
0518,1975,9609
0518,1976,9633
0518u,1951,5923
0518u,1952,6019
0518u,1953,6061
0518u,1954,6018
0518u,1955,5960
0518u,1956,5956
0518u,1957,6045
0518u,1958,6058
0518u,1959,6098
0518u,1960,6091
0518u,1961,6072
0518u,1962,6109
0518u,1963,6074
0518u,1964,6068
0518u,1965,5696
0519,1951,3609
0519,1952,3617
0519,1953,3618
0519,1954,3623
0519,1955,3649
0519,1956,3680
0519,1957,3643
0519,1958,3617
0519,1959,3651
0519,1960,3655
0519,1961,3664
0519,1962,3686
0519,1963,3662
0519,1964,3690
0519,1965,3663
0519,1977,3509
0519,1978,3512
0519,1979,3533
0519,1980,3554
0519,1981,3584
0519,1982,3618
0519,1983,3623
0519,1984,3582
0519,1985,3603
0519,1986,3531
0519,1987,3526
0519,1988,3488
0519,1989,3490
0519,1990,3486
0520,1951,5683
0520,1952,5710
0520,1953,5727
0520,1954,5719
0520,1955,5690
0520,1956,5642
0520,1957,5624
0520,1958,5605
0520,1959,5564
0520,1960,5577
0520,1961,5589
0520,1962,5503
0520,1963,5484
0520,1964,5452
0520,1965,5448
0520,1966,5396
0520,1967,5382
0520,1968,5400
0520,1969,5319
0520,1970,5270
0520,1971,5226
0520,1972,5314
0520,1973,5317
0520,1974,5325
0520,1975,5326
0520,1976,5361
0520,1977,5346
0520,1978,5328
0520,1979,5420
0520,1980,5406
0520,1981,5444
0520,1982,5415
0520,1983,5393
0520,1984,5335
0520,1985,5254
0520,1986,5235
0520,1987,5200
0520,1988,5212
0520,1989,5203
0520,1990,5200
0521,1951,3787
0521,1952,3809
0521,1953,3834
0521,1954,3859
0521,1955,3807
0521,1956,3831
0521,1957,3854
0521,1958,3863
0521,1959,3906
0521,1960,3885
0521,1961,3912
0521,1962,3907
0521,1963,3864
0521,1964,3825
0521,1965,3809
0521,1966,3830
0521,1967,3813
0521,1968,3835
0521,1969,3856
0521,1970,3950
0521,1971,3881
0521,1972,4047
0521,1973,4197
0521,1974,4302
0521,1975,4395
0521,1976,4356
0521,1977,4362
0521,1978,4403
0521,1979,4442
0521,1980,4421
0521,1981,4461
0521,1982,4458
0521,1983,4475
0521,1984,4531
0521,1985,4496
0521,1986,4507
0521,1987,4470
0521,1988,4548
0521,1989,4430
0521,1990,4521
0522,1962,6532
0522,1963,6451
0522,1964,6367
0522,1965,6366
0522,1966,6400
0522,1967,6422
0522,1968,6413
0522,1969,6399
0522,1970,6401
0522,1971,6391
0522,1972,6414
0522,1973,6504
0522,1974,6515
0522,1975,6585
0522,1976,6603
0522,1977,6579
0522,1978,6572
0522,1979,6648
0522,1980,6679
0522,1981,6662
0522,1982,6589
0522,1983,6569
0522,1984,6589
0522,1985,6585
0522,1986,6511
0522,1987,6483
0522,1988,6467
0522,1989,6493
0522,1990,6492
0522u,1951,3930
0522u,1952,3949
0522u,1953,3936
0522u,1954,3985
0522u,1955,3960
0522u,1956,3928
0522u,1957,3888
0522u,1958,3978
0522u,1959,3982
0522u,1960,3972
0522u,1961,3977
0523,1951,2819
0523,1952,2790
0523,1953,2787
0523,1954,2745
0523,1955,2717
0523,1956,2754
0523,1957,2726
0523,1958,2738
0523,1959,2705
0523,1960,2699
0523,1961,2630
0524,1951,10052
0524,1952,10310
0524,1953,10552
0524,1954,10922
0524,1955,11350
0524,1956,11561
0524,1957,11871
0524,1958,12100
0524,1959,12306
0524,1960,12327
0524,1961,12685
0524,1962,12970
0524,1963,13292
0525,1951,3265
0525,1952,3279
0525,1953,3292
0525,1954,3271
0525,1955,3248
0525,1956,3281
0525,1957,3271
0525,1958,3307
0525,1959,3308
0525,1960,3309
0525,1961,3319
0525,1962,3297
0525,1963,3267
0526,1951,2617
0526,1952,2582
0526,1953,2593
0526,1954,2624
0526,1955,2633
0526,1956,2596
0526,1957,2584
0526,1958,2576
0526,1959,2581
0526,1960,2576
0526,1961,2517
0526,1962,2509
0526,1963,2491
0527,1951,8748
0527,1952,8995
0527,1953,9281
0527,1954,9513
0527,1955,9942
0527,1956,8834
0527,1957,8884
0527,1958,9006
0527,1959,9129
0527,1960,9233
0527,1961,9441
0527,1962,9590
0527,1963,9584
0528,1951,10559
0528,1952,10629
0528,1953,10711
0528,1954,10817
0528,1955,10872
0528,1956,10894
0528,1957,10831
0528,1958,10847
0528,1959,10828
0528,1960,10775
0528,1961,10768
0528,1962,10657
0528,1963,10645
0528,1964,13567
0528,1965,13525
0528,1966,13502
0528,1967,13579
0528,1968,13532
0528,1969,13606
0528,1970,13623
0528,1971,13717
0528,1972,13818
0528,1973,13885
0528,1974,13894
0528,1975,13924
0528,1976,13946
0528,1977,13928
0528,1978,13957
0528,1979,14038
0528,1980,14005
0528,1981,14123
0528,1982,14121
0528,1983,14124
0528,1984,14117
0528,1985,14131
0528,1986,14114
0528,1987,14119
0528,1988,14179
0528,1989,14288
0528,1990,14303
0529,1951,7723
0529,1952,7864
0529,1953,7937
0529,1954,8094
0529,1955,8325
0529,1956,8396
0529,1957,8421
0529,1958,8445
0529,1959,8476
0529,1960,8645
0529,1961,8737
0529,1962,8859
0529,1963,9009
0529,1964,10803
0529,1965,10961
0529,1966,11067
0529,1967,11251
0529,1968,11346
0529,1969,11617
0529,1970,11714
0529,1971,12068
0529,1972,12339
0529,1973,12572
0529,1974,12758
0529,1975,12940
0529,1976,13030
0529,1977,13043
0529,1978,13144
0529,1979,13230
0529,1980,13349
0529,1981,13413
0529,1982,13557
0529,1983,13624
0529,1984,13659
0529,1985,13626
0529,1986,13563
0529,1987,13511
0529,1988,13504
0529,1989,13404
0529,1990,13325
0530,1951,1578
0530,1952,1594
0530,1953,1585
0530,1954,1606
0530,1955,1599
0530,1956,1599
0530,1957,1630
0530,1958,1610
0530,1959,1598
0530,1960,1611
0530,1961,1595
0530,1962,1624
0530,1963,1611
0531,1951,2881
0531,1952,2916
0531,1953,2919
0531,1954,2903
0531,1955,2927
0531,1956,2956
0531,1957,2966
0531,1958,2989
0531,1959,3036
0531,1960,3013
0531,1961,2949
0531,1962,2957
0531,1963,2928
0532,1951,4453
0532,1952,4465
0532,1953,4435
0532,1954,4387
0532,1955,4368
0532,1956,4550
0532,1957,4504
0532,1958,4526
0532,1959,4496
0532,1960,4493
0532,1961,4528
0532,1962,4672
0532,1963,4623
0532,1964,4632
0532,1965,4675
0532,1966,4728
0532,1967,4817
0532,1968,4834
0532,1969,4845
0532,1970,4905
0532,1971,5026
0532,1972,5100
0532,1973,5204
0532,1974,5363
0532,1975,5396
0532,1976,5392
0532,1977,5383
0532,1978,5371
0532,1979,5381
0532,1980,5391
0532,1981,5450
0532,1982,5487
0532,1983,5541
0532,1984,5579
0532,1985,5666
0532,1986,5704
0532,1987,5735
0532,1988,5757
0532,1989,5811
0532,1990,5835
0533,1951,4908
0533,1952,5001
0533,1953,5025
0533,1954,5040
0533,1955,5019
0533,1956,4995
0533,1957,4983
0533,1958,5052
0533,1959,5058
0533,1960,5082
0533,1961,5092
0533,1962,5175
0533,1963,5232
0533,1964,5257
0533,1965,5347
0533,1966,5377
0533,1967,5468
0533,1968,5519
0533,1969,5612
0533,1970,5685
0533,1971,5820
0533,1972,5901
0533,1973,5940
0533,1974,6050
0533,1975,6089
0533,1976,6214
0533,1977,6202
0533,1978,6249
0533,1979,6286
0533,1980,6458
0533,1981,6557
0533,1982,6789
0533,1983,7180
0533,1984,7324
0533,1985,7450
0533,1986,7616
0533,1987,7676
0533,1988,7741
0533,1989,7845
0533,1990,7869
0534,1951,5299
0534,1952,5273
0534,1953,5284
0534,1954,5312
0534,1955,5338
0534,1956,5346
0534,1957,5352
0534,1958,5365
0534,1959,5375
0534,1960,5433
0534,1961,5406
0534,1962,11726
0534,1963,11761
0534,1964,11729
0534,1965,11727
0534,1966,11777
0534,1967,11799
0534,1968,11882
0534,1969,11963
0534,1970,12047
0534,1971,12078
0534,1972,12165
0534,1973,12211
0534,1974,12250
0534,1975,12395
0534,1976,12409
0534,1977,12398
0534,1978,12380
0534,1979,12393
0534,1980,12330
0534,1981,12332
0534,1982,12380
0534,1983,12437
0534,1984,12542
0534,1985,12514
0534,1986,12469
0534,1987,12486
0534,1988,12583
0534,1989,12599
0534,1990,12561
0535,1951,6559
0535,1952,6628
0535,1953,6627
0535,1954,6623
0535,1955,6576
0535,1956,6565
0535,1957,6540
0535,1958,6534
0535,1959,6520
0535,1960,6545
0535,1961,6480
0536,1951,4306
0536,1952,4320
0536,1953,4336
0536,1954,4375
0536,1955,4321
0536,1956,4365
0536,1957,4394
0536,1958,4408
0536,1959,4379
0536,1960,4387
0536,1961,4297
0536,1962,6449
0536,1963,6365
0536,1964,6338
0536,1965,6322
0536,1966,6306
0536,1967,6270
0536,1968,6296
0536,1969,6288
0536,1970,6284
0536,1971,6347
0536,1972,6418
0536,1973,6461
0536,1974,6444
0536,1975,6447
0536,1976,6409
0536,1977,6418
0536,1978,6442
0536,1979,6429
0536,1980,6395
0536,1981,6386
0536,1982,6335
0536,1983,6329
0536,1984,6339
0536,1985,6353
0536,1986,6282
0536,1987,6305
0536,1988,6341
0536,1989,6337
0536,1990,6344
0537,1951,2259
0537,1952,2292
0537,1953,2278
0537,1954,2249
0537,1955,2269
0537,1956,2316
0537,1957,2329
0537,1958,2326
0537,1959,2369
0537,1960,2338
0537,1961,2338
0538,1951,3589
0538,1952,3661
0538,1953,3732
0538,1954,3779
0538,1955,3788
0538,1956,3759
0538,1957,3782
0538,1958,3791
0538,1959,3799
0538,1960,3816
0538,1961,3822
0538,1962,6686
0538,1963,6708
0538,1964,6688
0538,1965,6756
0538,1966,6865
0538,1967,6905
0538,1968,6936
0538,1969,6941
0538,1970,6999
0538,1971,7065
0538,1972,7097
0538,1973,7155
0538,1974,7105
0538,1975,7108
0538,1976,7143
0538,1977,7167
0538,1978,7108
0538,1979,7122
0538,1980,7078
0538,1981,7108
0538,1982,7088
0538,1983,7069
0538,1984,7106
0538,1985,7050
0538,1986,7019
0538,1987,7022
0538,1988,7027
0538,1989,7009
0538,1990,7028
0539,1951,2792
0539,1952,2778
0539,1953,2784
0539,1954,2803
0539,1955,2762
0539,1956,2749
0539,1957,2718
0539,1958,2737
0539,1959,2705
0539,1960,2680
0539,1961,2662
0540,1951,4103
0540,1952,4134
0540,1953,4171
0540,1954,4145
0540,1955,4167
0540,1956,4119
0540,1957,4166
0540,1958,4106
0540,1959,4128
0540,1960,4099
0540,1961,4065
0540,1962,4022
0540,1963,4012
0540,1964,3927
0540,1965,3911
0540,1966,3861
0540,1967,3838
0540,1968,3823
0540,1969,3782
0540,1970,3770
0540,1971,3776
0540,1972,3826
0540,1973,3812
0540,1974,3824
0540,1975,3833
0540,1976,3753
0540,1977,3731
0540,1978,3737
0540,1979,3703
0540,1980,3698
0540,1981,3737
0540,1982,3779
0540,1983,3742
0540,1984,3711
0540,1985,3676
0540,1986,3663
0540,1987,3618
0540,1988,3613
0540,1989,3599
0540,1990,3568
0541,1951,2093
0541,1952,1990
0541,1953,1997
0541,1954,2007
0541,1955,1975
0541,1956,2071
0541,1957,2040
0541,1958,2011
0541,1959,2001
0541,1960,1964
0541,1961,1930
0541,1962,1908
0541,1963,1901
0541,1964,1919
0541,1965,1919
0541,1966,1893
0541,1967,1870
0541,1968,1845
0541,1969,1829
0541,1970,1837
0541,1971,1785
0541,1972,1769
0541,1973,1775
0541,1974,1766
0541,1975,1774
0541,1976,1766
0541,1977,1764
0541,1978,1747
0541,1979,1736
0541,1980,1732
0541,1981,1707
0541,1982,1688
0541,1983,1678
0541,1984,1710
0541,1985,1702
0541,1986,1690
0541,1987,1657
0541,1988,1616
0541,1989,1602
0541,1990,1580
0542,1951,5715
0542,1952,5782
0542,1953,5768
0542,1954,5769
0542,1955,5745
0542,1956,5663
0542,1957,5681
0542,1958,5690
0542,1959,5700
0542,1960,5707
0542,1961,5648
0542,1962,5686
0542,1963,5665
0542,1964,5655
0542,1965,5720
0542,1966,5791
0542,1967,5863
0542,1968,5881
0542,1969,5878
0542,1970,5829
0542,1971,5880
0542,1972,5956
0542,1973,6007
0542,1974,6071
0542,1975,6133
0542,1976,6166
0542,1977,6226
0542,1978,6311
0542,1979,6360
0542,1980,6333
0542,1981,6401
0542,1982,6503
0542,1983,6590
0542,1984,6576
0542,1985,6586
0542,1986,6560
0542,1987,6541
0542,1988,6627
0542,1989,6632
0542,1990,6573
0543,1951,2518
0543,1952,2529
0543,1953,2559
0543,1954,2549
0543,1955,2548
0543,1956,2532
0543,1957,2513
0543,1958,2532
0543,1959,2543
0543,1960,2492
0543,1961,2464
0543,1962,2484
0543,1963,2481
0543,1964,2453
0543,1965,2460
0543,1966,2448
0543,1967,2390
0543,1968,2383
0543,1969,2407
0543,1970,2393
0543,1971,2361
0543,1972,2376
0543,1973,2381
0543,1974,2389
0543,1975,2412
0543,1976,2430
0543,1977,2435
0543,1978,2443
0543,1979,2447
0543,1980,2442
0543,1981,2465
0543,1982,2431
0543,1983,2468
0543,1984,2466
0543,1985,2458
0543,1986,2470
0543,1987,2404
0543,1988,2548
0543,1989,2516
0543,1990,2525
0544,1951,2886
0544,1952,2885
0544,1953,2866
0544,1954,2860
0544,1955,2865
0544,1956,2892
0544,1957,2874
0544,1958,2838
0544,1959,2836
0544,1960,2793
0544,1961,2790
0544,1962,2724
0544,1963,2718
0544,1964,2695
0544,1965,2704
0544,1966,2717
0544,1967,2718
0544,1968,2728
0544,1969,2746
0544,1970,2744
0544,1971,2762
0544,1972,2817
0544,1973,2812
0544,1974,2848
0544,1975,2876
0544,1976,2901
0544,1977,2925
0544,1978,2982
0544,1979,2990
0544,1980,3017
0544,1981,3026
0544,1982,3068
0544,1983,3075
0544,1984,3101
0544,1985,3066
0544,1986,3074
0544,1987,3082
0544,1988,3092
0544,1989,3100
0544,1990,3120
0545,1951,1954
0545,1952,1925
0545,1953,1938
0545,1954,1948
0545,1955,1963
0545,1956,1977
0545,1957,2011
0545,1958,2009
0545,1959,1977
0545,1960,1981
0545,1961,1959
0545,1962,1931
0545,1963,1908
0545,1964,1871
0545,1965,1869
0545,1966,1840
0545,1967,1794
0545,1968,1786
0545,1969,1772
0545,1970,1762
0545,1971,1762
0545,1972,1812
0545,1973,1839
0545,1974,1803
0545,1975,1774
0545,1976,1751
0545,1977,1737
0545,1978,1751
0545,1979,1742
0545,1980,1736
0545,1981,1751
0545,1982,1773
0545,1983,1761
0545,1984,1743
0545,1985,1762
0545,1986,1752
0545,1987,1748
0545,1988,1947
0545,1989,1897
0545,1990,1817
0701u,1988,22228
0701u,1989,22353
0701u,1990,22507
0701ut,1951,1197
0701ut,1952,1204
0701ut,1953,1232
0701ut,1954,1221
0701ut,1955,1231
0701ut,1956,1236
0701ut,1957,1247
0701ut,1958,1224
0701ut,1959,1213
0701ut,1960,1210
0701ut,1961,1182
0701ut,1962,1150
0701ut,1963,1175
0702,1951,2348
0702,1952,2281
0702,1953,2320
0702,1954,2263
0702,1955,2242
0702,1956,2204
0702,1957,2119
0702,1958,2125
0702,1959,2126
0702,1960,2107
0702,1961,2042
0702,1962,2059
0702,1963,2028
0702,1964,6612
0702,1965,6691
0702,1966,6711
0702,1967,6719
0702,1968,6812
0702,1969,6966
0702,1970,7154
0702,1971,7396
0702,1972,7611
0702,1973,7948
0702,1974,8096
0702,1975,8118
0702,1976,8242
0702,1977,8501
0702,1978,8639
0702,1979,8652
0702,1980,8713
0702,1981,8630
0702,1982,8699
0702,1983,8799
0702,1984,8886
0702,1985,9032
0702,1986,9072
0702,1987,9007
0702,1988,9057
0702,1989,9146
0702,1990,9144
0703,1951,11429
0703,1952,12283
0703,1953,12568
0703,1954,12820
0703,1955,13044
0703,1956,13060
0703,1957,13126
0703,1958,13219
0703,1959,13205
0703,1960,13292
0703,1961,13459
0703,1962,13582
0703,1963,13608
0703,1964,13394
0703,1965,13270
0703,1966,13372
0703,1967,13335
0703,1968,13495
0703,1969,13795
0703,1970,14090
0703,1971,14252
0703,1972,14255
0703,1973,14080
0703,1974,13777
0703,1975,13637
0703,1976,13747
0703,1977,13654
0703,1978,13549
0703,1979,13476
0703,1980,13420
0703,1981,13179
0703,1982,12951
0703,1983,12936
0703,1984,12921
0703,1985,12973
0703,1986,13031
0703,1987,12994
0704,1988,30908
0704,1989,30984
0704,1990,31275
0704u,1951,512
0704u,1952,524
0704u,1953,515
0704u,1954,533
0704u,1955,534
0704u,1956,531
0704u,1957,503
0704u,1958,473
0704u,1959,469
0704u,1960,489
0704u,1961,503
0704u,1962,492
0704u,1963,499
0704u,1964,473
0705,1951,12208
0705,1952,12254
0705,1953,12261
0705,1954,12336
0705,1955,12342
0705,1956,12460
0705,1957,12404
0705,1958,12453
0705,1959,12467
0705,1960,12591
0705,1961,12454
0705,1962,12312
0705,1963,12220
0705,1964,12034
0705,1965,11931
0705,1966,11794
0705,1967,11578
0705,1968,11462
0705,1969,11351
0705,1970,11284
0705,1971,10862
0705,1972,10626
0705,1973,10569
0705,1974,10351
0705,1975,10159
0705,1976,9958
0705,1977,9718
0705,1978,9579
0705,1979,9450
0705,1980,9247
0705,1981,9122
0705,1982,9056
0705,1983,8918
0705,1984,8923
0705,1985,8891
0705,1986,8964
0705,1987,8896
0706,1951,6717
0706,1952,6690
0706,1953,6720
0706,1954,6824
0706,1955,6792
0706,1956,6853
0706,1957,7024
0706,1958,7057
0706,1959,7030
0706,1960,6984
0706,1961,6933
0706,1962,6857
0706,1963,6664
0706,1964,6483
0706,1965,6271
0706,1966,6110
0706,1967,6287
0706,1968,31140
0706,1969,31486
0706,1970,31752
0706,1971,32066
0706,1972,32528
0706,1973,32894
0706,1974,33218
0706,1975,33229
0706,1976,33340
0706,1977,33535
0706,1978,33918
0706,1979,34405
0706,1980,34758
0706,1981,34899
0706,1982,35010
0706,1983,35151
0706,1984,35073
0706,1985,35011
0706,1986,35124
0706,1987,35453
0706,1988,35549
0706,1989,35853
0706,1990,35888
0707,1951,10325
0707,1952,10382
0707,1953,10501
0707,1954,10555
0707,1955,10636
0707,1956,10729
0707,1957,10645
0707,1958,10642
0707,1959,10559
0707,1960,10479
0707,1961,10636
0707,1962,10768
0707,1963,10802
0707,1964,10724
0707,1965,10771
0707,1966,10752
0707,1967,10719
0707,1968,10653
0707,1969,10521
0707,1970,10360
0707,1971,10221
0707,1972,10030
0707,1973,9841
0707,1974,9606
0707,1975,9332
0707,1976,9096
0707,1977,8833
0707,1978,8653
0707,1979,8398
0707,1980,8300
0707,1981,8129
0707,1982,8183
0707,1983,8225
0707,1984,8154
0707,1985,8070
0707,1986,8035
0707,1987,8045
0708,1951,1318
0708,1952,1342
0708,1953,1423
0708,1954,1468
0708,1955,1550
0708,1956,1616
0708,1957,1677
0708,1958,1707
0708,1959,1748
0708,1960,1825
0708,1961,1803
0708,1962,1770
0708,1963,1835
0708,1964,1914
0708,1965,1933
0708,1966,2030
0708,1967,2143
0708,1968,2175
0708,1969,2229
0708,1970,2243
0708,1971,2281
0708,1972,2287
0708,1973,2421
0708,1974,2469
0708,1975,2503
0708,1976,2599
0708,1977,2639
0708,1978,2643
0708,1979,2669
0708,1980,2660
0708,1981,2649
0708,1982,2641
0708,1983,2616
0708,1984,2632
0708,1985,2554
0708,1986,2529
0708,1987,2538
0709,1988,37520
0709,1989,37797
0709,1990,38019
0711,1964,3806
0711,1965,3921
0711,1966,4136
0711,1967,4132
0711,1968,4210
0711,1969,4253
0711,1970,4218
0711,1971,4375
0711,1972,4716
0711,1973,5053
0711,1974,5191
0711,1975,5272
0711,1976,5311
0711,1977,5328
0711,1978,5329
0711,1979,5350
0711,1980,5350
0711,1981,5446
0711,1982,5397
0711,1983,5409
0711,1984,5443
0711,1985,5500
0711,1986,5528
0711,1987,5612
0711,1988,5729
0711,1989,5845
0711,1990,5930
0711u,1951,1927
0711u,1952,2002
0711u,1953,2004
0711u,1954,2077
0711u,1955,2109
0711u,1956,2228
0711u,1957,2217
0711u,1958,2309
0711u,1959,2320
0711u,1960,2354
0711u,1961,2457
0711u,1962,2515
0711u,1963,2569
0712u,1951,11927
0712u,1952,12148
0712u,1953,12445
0712u,1954,12787
0712u,1955,12975
0712u,1956,13112
0712u,1957,13254
0712u,1958,13428
0712u,1959,13594
0712u,1960,13746
0712u,1961,14062
0712u,1962,14214
0712u,1963,14393
0713,1951,4582
0713,1952,4693
0713,1953,4757
0713,1954,4833
0713,1955,4884
0713,1956,4860
0713,1957,4976
0713,1958,5005
0713,1959,4983
0713,1960,5004
0713,1961,5108
0713,1962,5180
0713,1963,5338
0713,1964,5496
0713,1965,5554
0713,1966,5553
0713,1967,5627
0713,1968,5642
0713,1969,5729
0713,1970,5833
0713,1971,5868
0713,1972,5936
0713,1973,5867
0713,1974,5917
0713,1975,5906
0713,1976,5895
0713,1977,5949
0713,1978,5931
0713,1979,6031
0713,1980,6106
0713,1981,6120
0713,1982,6129
0713,1983,6324
0713,1984,6392
0713,1985,6506
0713,1986,6633
0713,1987,6688
0713,1988,6786
0713,1989,6847
0713,1990,6934
0714,1951,2401
0714,1952,2425
0714,1953,2436
0714,1954,2457
0714,1955,2429
0714,1956,2451
0714,1957,2453
0714,1958,2421
0714,1959,2423
0714,1960,2417
0714,1961,2338
0714,1962,2357
0714,1963,2306
0714,1964,2308
0714,1965,2293
0714,1966,2280
0714,1967,2275
0714,1968,2264
0714,1969,2244
0714,1970,2257
0714,1971,2255
0714,1972,2282
0714,1973,2323
0714,1974,2335
0714,1975,2376
0714,1976,2349
0714,1977,2456
0714,1978,2463
0714,1979,2483
0714,1980,2507
0714,1981,2556
0714,1982,2604
0714,1983,2637
0714,1984,2642
0714,1985,2678
0714,1986,2707
0714,1987,2725
0714,1988,2726
0714,1989,2721
0714,1990,2711
0715u,1951,3424
0715u,1952,3563
0715u,1953,3651
0715u,1954,3814
0715u,1955,3961
0715u,1956,4107
0715u,1957,4259
0715u,1958,4302
0715u,1959,4352
0715u,1960,4397
0715u,1961,4455
0715u,1962,4511
0715u,1963,4561
0716u,1951,2850
0716u,1952,2825
0716u,1953,2849
0716u,1954,2794
0716u,1955,2823
0716u,1956,2778
0716u,1957,2755
0716u,1958,2757
0716u,1959,2744
0716u,1960,2774
0716u,1961,2760
0716u,1962,2775
0716u,1963,2780
0716u,1964,2763
0716u,1965,2743
0716u,1966,2728
0716u,1967,2741
0716u,1968,2747
0716u,1969,2790
0716u,1970,2817
0716u,1971,2962
0716u,1972,3057
0716u,1973,3079
0716u,1974,3119
0716u,1975,3217
0716u,1976,3257
0716u,1977,3253
0716u,1978,3407
0716u,1979,3426
0716u,1980,3532
0716u,1981,3567
0716u,1982,3632
0716u,1983,3635
0716u,1984,3706
0716u,1985,3706
0716u,1986,3708
0716u,1987,3740
0716u,1988,3767
0716u,1989,3858
0716u,1990,3885
0717,1951,4934
0717,1952,4734
0717,1953,4886
0717,1954,4970
0717,1955,5070
0717,1956,5192
0717,1957,5328
0717,1958,5453
0717,1959,5636
0717,1960,5719
0717,1961,5847
0717,1962,5865
0717,1963,5940
0717,1964,5943
0717,1965,6651
0717,1966,6806
0717,1967,6851
0717,1968,6990
0717,1969,7059
0717,1970,7102
0717,1971,7156
0717,1972,7350
0717,1973,7733
0717,1974,8140
0717,1975,8486
0717,1976,8428
0717,1977,8412
0717,1978,8481
0717,1979,8461
0717,1980,8340
0717,1981,8517
0717,1982,8707
0717,1983,8739
0717,1984,8870
0717,1985,8940
0717,1986,8953
0717,1987,9098
0718,1951,2782
0718,1952,2804
0718,1953,2776
0718,1954,2780
0718,1955,2741
0718,1956,2656
0718,1957,2658
0718,1958,2630
0718,1959,2646
0718,1960,2633
0718,1961,2672
0718,1962,2634
0718,1963,2652
0718,1964,2664
0718,1965,2671
0718,1966,2658
0718,1967,2660
0718,1968,2686
0718,1969,2731
0718,1970,2767
0718,1971,2751
0718,1972,2829
0718,1973,2880
0718,1974,2988
0718,1975,3013
0718,1976,3023
0718,1977,3018
0718,1978,3030
0718,1979,3029
0718,1980,3081
0718,1981,3113
0718,1982,3147
0718,1983,3184
0718,1984,3237
0718,1985,3296
0718,1986,3358
0718,1987,3364
0718,1988,3402
0718,1989,3426
0718,1990,3450
0719,1951,3157
0719,1952,3204
0719,1953,3144
0719,1954,3127
0719,1955,3094
0719,1956,3154
0719,1957,3151
0719,1958,3152
0719,1959,3144
0719,1960,3154
0719,1961,3201
0719,1962,3227
0719,1963,3212
0719,1964,3235
0719,1965,3280
0719,1966,3251
0719,1967,3305
0719,1968,3326
0719,1969,3436
0719,1970,3553
0719,1971,3692
0719,1972,3691
0719,1973,3749
0719,1974,3796
0719,1975,3869
0719,1976,3927
0719,1977,3954
0719,1978,3923
0719,1979,4010
0719,1980,4058
0719,1981,4099
0719,1982,4158
0719,1983,4252
0719,1984,4265
0719,1985,4317
0719,1986,4332
0719,1987,4349
0719,1988,4358
0719,1989,4368
0719,1990,4380
0720,1951,5469
0720,1952,5563
0720,1953,5569
0720,1954,5661
0720,1955,5695
0720,1956,5691
0720,1957,5771
0720,1958,5713
0720,1959,5696
0720,1960,5716
0720,1961,5789
0720,1962,5775
0720,1963,5840
0720,1964,5732
0720,1965,5811
0720,1966,5954
0720,1967,6040
0720,1968,6121
0720,1969,6235
0720,1970,6377
0720,1971,6630
0720,1972,6833
0720,1973,6951
0720,1974,7034
0720,1975,7096
0720,1976,7246
0720,1977,7256
0720,1978,7351
0720,1979,7388
0720,1980,7531
0720,1981,7720
0720,1982,7916
0720,1983,8014
0720,1984,8151
0720,1985,8351
0720,1986,8480
0720,1987,8574
0720,1988,8712
0720,1989,8839
0720,1990,8814
0721,1951,12983
0721,1952,13180
0721,1953,13364
0721,1954,13743
0721,1955,14115
0721,1956,14407
0721,1957,14603
0721,1958,14905
0721,1959,15247
0721,1960,15880
0721,1961,16484
0721,1962,16886
0721,1963,17200
0721,1964,17424
0721,1965,17720
0721,1966,18221
0721,1967,18535
0721,1968,18879
0721,1969,19184
0721,1970,19506
0721,1971,19924
0721,1972,20151
0721,1973,20245
0721,1974,20208
0721,1975,20391
0721,1976,20613
0721,1977,20959
0721,1978,21050
0721,1979,21098
0721,1980,21212
0721,1981,21367
0721,1982,21434
0721,1983,21527
0721,1984,21517
0721,1985,21518
0721,1986,21731
0721,1987,21948
0722,1951,11211
0722,1952,11390
0722,1953,11562
0722,1954,11687
0722,1955,11897
0722,1956,12216
0722,1957,12299
0722,1958,12474
0722,1959,12689
0722,1960,12906
0722,1961,13136
0722,1962,13541
0722,1963,13829
0722,1964,14188
0722,1965,14275
0722,1966,14417
0722,1967,14732
0722,1968,15144
0722,1969,15445
0722,1970,15667
0722,1971,15924
0722,1972,16067
0722,1973,16100
0722,1974,16185
0722,1975,16296
0722,1976,16346
0722,1977,16581
0722,1978,16636
0722,1979,16700
0722,1980,16763
0722,1981,16884
0722,1982,17006
0722,1983,17033
0722,1984,17004
0722,1985,17183
0722,1986,17215
0722,1987,17384
0722,1988,17629
0722,1989,17822
0722,1990,18009
0723,1951,2918
0723,1952,2908
0723,1953,2961
0723,1954,2988
0723,1955,2957
0723,1956,2971
0723,1957,3023
0723,1958,3080
0723,1959,3095
0723,1960,3135
0723,1961,3099
0723,1962,3066
0723,1963,3007
0723,1964,2981
0723,1965,3033
0723,1966,2989
0723,1967,2956
0723,1968,2945
0723,1969,2943
0723,1970,2938
0723,1971,2890
0723,1972,2998
0723,1973,3043
0723,1974,3144
0723,1975,3143
0723,1976,3186
0723,1977,3295
0723,1978,3391
0723,1979,3489
0723,1980,3534
0723,1981,3536
0723,1982,3587
0723,1983,3576
0723,1984,3580
0723,1985,3596
0723,1986,3625
0723,1987,3652
0723,1988,3743
0723,1989,3860
0723,1990,3855
0724,1951,18292
0724,1952,18605
0724,1953,18902
0724,1954,19259
0724,1955,19771
0724,1956,20109
0724,1957,20475
0724,1958,20806
0724,1959,21188
0724,1960,21685
0724,1961,22274
0724,1962,22638
0724,1963,23045
0724,1964,23387
0724,1965,23794
0724,1966,24290
0724,1967,24391
0725,1951,4910
0725,1952,4971
0725,1953,5079
0725,1954,5130
0725,1955,5191
0725,1956,5273
0725,1957,5290
0725,1958,5413
0725,1959,5529
0725,1960,5633
0725,1961,5670
0725,1962,5768
0725,1963,5848
0725,1964,5981
0725,1965,6112
0725,1966,6242
0725,1967,6332
0725,1968,6438
0725,1969,6583
0725,1970,6691
0725,1971,6783
0725,1972,6962
0725,1973,6946
0725,1974,7047
0725,1975,7218
0725,1976,7273
0725,1977,7254
0725,1978,7314
0725,1979,7256
0725,1980,7239
0725,1981,7411
0725,1982,7451
0725,1983,7503
0725,1984,7565
0725,1985,7688
0725,1986,7767
0725,1987,7878
0726,1951,5598
0726,1952,5649
0726,1953,5701
0726,1954,5742
0726,1955,5704
0726,1956,5707
0726,1957,5734
0726,1958,5846
0726,1959,5908
0726,1960,6012
0726,1961,6074
0726,1962,6218
0726,1963,6202
0726,1964,6150
0726,1965,6150
0726,1966,6187
0726,1967,6201
0726,1968,6249
0726,1969,6304
0726,1970,6322
0726,1971,6462
0726,1972,6559
0726,1973,6599
0726,1974,6810
0726,1975,7031
0726,1976,7249
0726,1977,7341
0726,1978,7468
0726,1979,7502
0726,1980,7505
0726,1981,7577
0726,1982,7693
0726,1983,7788
0726,1984,7856
0726,1985,7939
0726,1986,7980
0726,1987,8138
0727,1951,6557
0727,1952,6664
0727,1953,6834
0727,1954,6914
0727,1955,6971
0727,1956,6968
0727,1957,7093
0727,1958,7100
0727,1959,7114
0727,1960,7207
0727,1961,7334
0727,1962,7376
0727,1963,7435
0727,1964,7361
0727,1965,7361
0727,1966,7502
0727,1967,7598
0727,1968,7773
0727,1969,7985
0727,1970,8170
0727,1971,8381
0727,1972,8556
0727,1973,8709
0727,1974,8827
0727,1975,9028
0727,1976,9045
0727,1977,9135
0727,1978,9297
0727,1979,9668
0727,1980,9765
0727,1981,9850
0727,1982,9897
0727,1983,10027
0727,1984,10205
0727,1985,10355
0727,1986,10422
0727,1987,10449
0728,1951,2694
0728,1952,2672
0728,1953,2695
0728,1954,2681
0728,1955,2664
0728,1956,2666
0728,1957,2670
0728,1958,2647
0728,1959,2659
0728,1960,2633
0728,1961,2610
0728,1962,2560
0728,1963,2553
0728,1964,2474
0728,1965,2443
0728,1966,2393
0728,1967,2392
0728,1968,2328
0728,1969,2309
0728,1970,2300
0728,1971,2271
0728,1972,2260
0728,1973,2251
0728,1974,2273
0728,1975,2240
0728,1976,2266
0728,1977,2294
0728,1978,2303
0728,1979,2286
0728,1980,2301
0728,1981,2320
0728,1982,2351
0728,1983,2371
0728,1984,2372
0728,1985,2370
0728,1986,2376
0728,1987,2350
0728,1988,2363
0728,1989,2380
0728,1990,2406
0801,1951,4328
0801,1952,4372
0801,1953,4351
0801,1954,4411
0801,1955,4410
0801,1956,4547
0801,1957,4583
0801,1958,4624
0801,1959,4638
0802,1951,2150
0802,1952,2167
0802,1953,2169
0802,1954,2186
0802,1955,2190
0802,1956,2167
0802,1957,2172
0802,1958,2202
0802,1959,2203
0802,1960,2196
0802,1961,2188
0802,1962,2260
0802,1963,2290
0803,1951,745
0803,1952,743
0803,1953,758
0803,1954,747
0803,1955,725
0803,1956,755
0803,1957,762
0803,1958,755
0803,1959,766
0803,1960,751
0803,1961,733
0803,1962,740
0803,1963,725
0804,1951,2260
0804,1952,2265
0804,1953,2284
0804,1954,2309
0804,1955,2334
0804,1956,2284
0804,1957,2324
0804,1958,2318
0804,1959,2322
0804,1960,2338
0804,1961,2365
0804,1962,2378
0804,1963,2403
0805,1951,9494
0805,1952,9711
0805,1953,9902
0805,1954,10006
0805,1955,10076
0805,1956,10283
0805,1957,10320
0805,1958,10440
0805,1959,10493
0805,1960,10604
0805,1961,10692
0805,1962,10747
0805,1963,10828
0805,1964,26466
0805,1965,27165
0805,1966,27547
0805,1967,28153
0805,1968,31703
0805,1969,31613
0805,1970,31587
0805,1971,31566
0805,1972,31655
0805,1973,31648
0805,1974,31575
0805,1975,31547
0805,1976,31709
0805,1977,31710
0805,1978,31616
0805,1979,31577
0805,1980,31378
0805,1981,31243
0805,1982,31102
0805,1983,31251
0805,1984,31321
0805,1985,31402
0805,1986,31317
0805,1987,31294
0805,1988,31249
0805,1989,31238
0805,1990,31209
0806,1951,15174
0806,1952,15362
0806,1953,15482
0806,1954,15560
0806,1955,15476
0806,1956,15392
0806,1957,15537
0806,1958,15541
0806,1959,15445
0806,1960,15526
0806,1961,15509
0806,1962,15663
0806,1963,15860
0806,1964,45070
0806,1965,45478
0806,1966,46679
0806,1967,47343
0806,1968,44300
0806,1969,44865
0806,1970,45396
0806,1971,45471
0806,1972,45934
0806,1973,46037
0806,1974,46046
0806,1975,46657
0806,1976,47103
0806,1977,47345
0806,1978,47507
0806,1979,47530
0806,1980,47435
0806,1981,47287
0806,1982,47167
0806,1983,46730
0806,1984,46693
0806,1985,46656
0806,1986,47020
0806,1987,47258
0806,1988,47531
0806,1989,47553
0806,1990,47679
0807,1951,6657
0807,1952,6821
0807,1953,7008
0807,1954,7193
0807,1955,7217
0807,1956,7282
0807,1957,7281
0807,1958,7363
0807,1959,7398
0807,1960,7383
0807,1961,7552
0807,1962,7682
0807,1963,7567
0807,1964,13503
0807,1965,13633
0807,1966,13761
0807,1967,13674
0807,1968,13649
0807,1969,13570
0807,1970,13425
0807,1971,13320
0807,1972,13177
0807,1973,13137
0807,1974,13006
0807,1975,13027
0807,1976,12967
0807,1977,13016
0807,1978,12970
0807,1979,12973
0807,1980,12895
0807,1981,12855
0807,1982,12821
0807,1983,12796
0807,1984,12719
0807,1985,12622
0807,1986,12625
0807,1987,12491
0807,1988,12494
0807,1989,12514
0807,1990,12483
0811,1951,1336
0811,1952,1357
0811,1953,1381
0811,1954,1398
0811,1955,1401
0811,1956,1382
0811,1957,1392
0811,1958,1417
0811,1959,1395
0811,1960,1419
0811,1961,1420
0811,1962,1410
0811,1963,1400
0811,1964,1428
0811,1965,1422
0811,1966,1435
0811,1967,1428
0811,1968,1514
0811,1969,1570
0811,1970,1613
0811,1971,1624
0811,1972,1609
0811,1973,1611
0811,1974,1635
0811,1975,1651
0811,1976,1702
0811,1977,1705
0811,1978,1827
0811,1979,1898
0811,1980,1941
0811,1981,1987
0811,1982,2023
0811,1983,2059
0811,1984,2083
0811,1985,2096
0811,1986,2124
0811,1987,2133
0811,1988,2180
0811,1989,2200
0811,1990,2187
0812,1951,12006
0812,1952,12107
0812,1953,12408
0812,1954,12817
0812,1955,13131
0812,1956,13679
0812,1957,14085
0812,1958,14318
0812,1959,14588
0812,1960,14685
0812,1961,14802
0812,1962,15021
0812,1963,15192
0813,1951,8344
0813,1952,8634
0813,1953,9031
0813,1954,9330
0813,1955,9843
0813,1956,10605
0813,1957,11087
0813,1958,11599
0813,1959,11982
0813,1960,12156
0813,1961,12126
0813,1962,12448
0813,1963,12716
0814,1951,4620
0814,1952,4674
0814,1953,4726
0814,1954,4755
0814,1955,4748
0814,1956,4812
0814,1957,4884
0814,1958,4943
0814,1959,4949
0814,1960,5004
0814,1961,5052
0814,1962,5115
0814,1963,5151
0814,1964,8242
0814,1965,8354
0814,1966,8390
0814,1967,8575
0814,1968,8793
0814,1969,8992
0814,1970,9208
0814,1971,9393
0814,1972,9680
0814,1973,9793
0814,1974,9885
0814,1975,9947
0814,1976,10092
0814,1977,10778
0814,1978,11452
0814,1979,11675
0814,1980,12019
0814,1981,12467
0814,1982,12656
0814,1983,12828
0814,1984,12902
0814,1985,13162
0814,1986,13331
0814,1987,13384
0814,1988,13661
0814,1989,13793
0814,1990,13797
0815,1951,3243
0815,1952,3179
0815,1953,3157
0815,1954,3140
0815,1955,3109
0815,1956,3220
0815,1957,3210
0815,1958,3189
0815,1959,3184
0815,1960,10450
0815,1961,10185
0815,1962,10121
0815,1963,10117
0815,1964,10091
0815,1965,10072
0815,1966,10103
0815,1967,10133
0815,1968,10117
0815,1969,10121
0815,1970,10126
0815,1971,10108
0815,1972,10175
0815,1973,10279
0815,1974,10399
0815,1975,10515
0815,1976,10516
0815,1977,10601
0815,1978,10657
0815,1979,10751
0815,1980,10785
0815,1981,10808
0815,1982,10802
0815,1983,10796
0815,1984,10875
0815,1985,10904
0815,1986,10855
0815,1987,10855
0815,1988,10870
0815,1989,10791
0815,1990,10780
0816,1951,2601
0816,1952,2621
0816,1953,2605
0816,1954,2601
0816,1955,2630
0816,1956,2620
0816,1957,2646
0816,1958,2644
0816,1959,2615
0817,1951,4977
0817,1952,4970
0817,1953,4926
0817,1954,4881
0817,1955,4805
0817,1956,4797
0817,1957,4773
0817,1958,4752
0817,1959,4670
0817,1960,4629
0817,1961,4632
0817,1962,4594
0817,1963,4585
0817,1964,4603
0817,1965,4554
0817,1966,4476
0817,1967,4436
0817,1968,4416
0817,1969,4374
0817,1970,4462
0817,1971,4550
0817,1972,4602
0817,1973,4554
0817,1974,4512
0817,1975,4485
0817,1976,4504
0817,1977,4505
0817,1978,4494
0817,1979,4502
0817,1980,4555
0817,1981,4558
0817,1982,4556
0817,1983,4569
0817,1984,4562
0817,1985,4531
0817,1986,4521
0817,1987,4504
0817,1988,4476
0817,1989,4453
0817,1990,4463
0818,1951,9789
0818,1952,10020
0818,1953,10342
0818,1954,10661
0818,1955,11042
0818,1956,11272
0818,1957,11559
0818,1958,11941
0818,1959,12290
0818,1960,12525
0818,1961,12723
0818,1962,12993
0818,1963,13283
0819,1964,7173
0819,1965,7205
0819,1966,7193
0819,1967,7205
0819,1968,7195
0819,1969,7166
0819,1970,7126
0819,1971,7252
0819,1972,7326
0819,1973,7304
0819,1974,7206
0819,1975,7239
0819,1976,7255
0819,1977,7287
0819,1978,7303
0819,1979,7296
0819,1980,7266
0819,1981,7277
0819,1982,7210
0819,1983,7163
0819,1984,7170
0819,1985,7117
0819,1986,7104
0819,1987,7093
0819,1988,7029
0819,1989,6986
0819,1990,6954
0819u,1951,4336
0819u,1952,4291
0819u,1953,4283
0819u,1954,4303
0819u,1955,4302
0819u,1956,4392
0819u,1957,4359
0819u,1958,4379
0819u,1959,4328
0819u,1960,4320
0819u,1961,4290
0819u,1962,4324
0819u,1963,4350
0820,1951,3072
0820,1952,3094
0820,1953,3145
0820,1954,3120
0820,1955,3063
0820,1956,3082
0820,1957,3113
0820,1958,3116
0820,1959,3112
0820,1960,3107
0820,1961,3115
0820,1962,3082
0820,1963,3066
0821,1951,3867
0821,1952,3834
0821,1953,3781
0821,1954,3786
0821,1955,3738
0821,1956,3716
0821,1957,3673
0821,1958,3664
0821,1959,3698
0821,1960,3718
0821,1961,3717
0821,1962,3724
0821,1963,3765
0821,1964,3790
0821,1965,3809
0821,1966,3832
0821,1967,3861
0821,1968,3880
0821,1969,3961
0821,1970,3997
0821,1971,3963
0821,1972,3989
0821,1973,4058
0821,1974,4069
0821,1975,4121
0821,1976,4211
0821,1977,4227
0821,1978,4290
0821,1979,4358
0821,1980,4388
0821,1981,4429
0821,1982,4485
0821,1983,4484
0821,1984,4517
0821,1985,4558
0821,1986,4527
0821,1987,4575
0821,1988,4658
0821,1989,4715
0821,1990,4668
0822,1951,3959
0822,1952,4018
0822,1953,4018
0822,1954,3972
0822,1955,3949
0822,1956,3901
0822,1957,3903
0822,1958,3904
0822,1959,3898
0822,1960,3829
0822,1961,3863
0822,1962,3871
0822,1963,3839
0822,1964,3818
0822,1965,3820
0822,1966,3812
0822,1967,3768
0822,1968,3816
0822,1969,3844
0822,1970,3836
0822,1971,3826
0822,1972,3847
0822,1973,3823
0822,1974,3856
0822,1975,3877
0822,1976,3888
0822,1977,3962
0822,1978,4016
0822,1979,4025
0822,1980,4086
0822,1981,4128
0822,1982,4176
0822,1983,4249
0822,1984,4316
0822,1985,4344
0822,1986,4318
0822,1987,4346
0822,1988,4377
0822,1989,4398
0822,1990,4421
0823,1951,4067
0823,1952,4159
0823,1953,4183
0823,1954,4141
0823,1955,4209
0823,1956,4226
0823,1957,4314
0823,1958,4354
0823,1959,4406
0823,1960,4465
0823,1961,4509
0823,1962,4605
0823,1963,4750
0824,1951,1348
0824,1952,1334
0824,1953,1318
0824,1954,1319
0824,1955,1309
0824,1956,1335
0824,1957,1322
0824,1958,1301
0824,1959,1321
0824,1960,1292
0824,1961,1263
0824,1962,1255
0824,1963,1258
0825,1951,668
0825,1952,652
0825,1953,640
0825,1954,626
0825,1955,614
0825,1956,601
0825,1957,587
0825,1958,576
0825,1959,562
0825,1960,523
0825,1961,514
0825,1962,498
0825,1963,482
0826,1951,9068
0826,1952,9054
0826,1953,9080
0826,1954,9147
0826,1955,9220
0826,1956,9300
0826,1957,9468
0826,1958,9568
0826,1959,9568
0826,1960,9614
0826,1961,9631
0826,1962,9573
0826,1963,9577
0826,1964,9910
0826,1965,9718
0826,1966,9438
0826,1967,9121
0826,1968,8937
0826,1969,8758
0826,1970,8534
0826,1971,8358
0826,1972,8110
0826,1973,7935
0826,1974,7815
0826,1975,7790
0826,1976,7669
0826,1977,7639
0826,1978,7674
0826,1979,7570
0826,1980,7480
0826,1981,7496
0826,1982,7432
0826,1983,7345
0826,1984,7357
0826,1985,7270
0826,1986,7201
0826,1987,7106
0826,1988,7089
0826,1989,6961
0826,1990,6876
0827,1951,2035
0827,1952,2001
0827,1953,1953
0827,1954,1940
0827,1955,1969
0827,1956,2010
0827,1957,2018
0827,1958,2013
0827,1959,1996
0827,1960,1968
0827,1961,1892
0827,1962,1855
0827,1963,1821
0827,1964,1784
0827,1965,1785
0827,1966,1780
0827,1967,1754
0827,1968,1759
0827,1969,1736
0827,1970,1761
0827,1971,1680
0827,1972,1692
0827,1973,1708
0827,1974,1712
0827,1975,1717
0827,1976,1730
0827,1977,1736
0827,1978,1724
0827,1979,1708
0827,1980,1699
0827,1981,1706
0827,1982,1751
0827,1983,1732
0827,1984,1724
0827,1985,1711
0827,1986,1724
0827,1987,1723
0827,1988,1774
0827,1989,1756
0827,1990,1758
0828,1951,3045
0828,1952,3033
0828,1953,2992
0828,1954,2935
0828,1955,2924
0828,1956,2866
0828,1957,2842
0828,1958,2862
0828,1959,2890
0828,1960,2870
0828,1961,2813
0828,1962,2824
0828,1963,2810
0828,1964,2830
0828,1965,2794
0828,1966,2792
0828,1967,2822
0828,1968,2841
0828,1969,2887
0828,1970,2887
0828,1971,2912
0828,1972,2933
0828,1973,2955
0828,1974,2999
0828,1975,3036
0828,1976,3066
0828,1977,3067
0828,1978,3130
0828,1979,3152
0828,1980,3173
0828,1981,3180
0828,1982,3169
0828,1983,3192
0828,1984,3213
0828,1985,3217
0828,1986,3176
0828,1987,3173
0828,1988,3193
0828,1989,3153
0828,1990,3135
0829,1951,3335
0829,1952,3280
0829,1953,3306
0829,1954,3270
0829,1955,3270
0829,1956,3274
0829,1957,3281
0829,1958,3262
0829,1959,3229
0829,1960,3199
0829,1961,3215
0829,1962,3206
0829,1963,3126
0829,1964,3089
0829,1965,3109
0829,1966,3105
0829,1967,3061
0829,1968,3038
0829,1969,3029
0829,1970,3004
0829,1971,2964
0829,1972,2940
0829,1973,2946
0829,1974,2900
0829,1975,2897
0829,1976,2914
0829,1977,2948
0829,1978,2963
0829,1979,2954
0829,1980,2946
0829,1981,2962
0829,1982,3002
0829,1983,3007
0829,1984,2973
0829,1985,2921
0829,1986,2956
0829,1987,2933
0829,1988,3016
0829,1989,3038
0829,1990,2976
0830,1951,1795
0830,1952,1783
0830,1953,1794
0830,1954,1765
0830,1955,1766
0830,1956,1767
0830,1957,1723
0830,1958,1720
0830,1959,1713
0830,1960,1683
0830,1961,1697
0830,1962,1664
0830,1963,1675
0830,1964,1658
0830,1965,1657
0830,1966,1646
0830,1967,1584
0830,1968,1596
0830,1969,1595
0830,1970,1541
0830,1971,1459
0830,1972,1488
0830,1973,1468
0830,1974,1472
0830,1975,1458
0830,1976,1447
0830,1977,1439
0830,1978,1447
0830,1979,1479
0830,1980,1510
0830,1981,1512
0830,1982,1527
0830,1983,1530
0830,1984,1522
0830,1985,1527
0830,1986,1532
0830,1987,1510
0830,1988,1530
0830,1989,1537
0830,1990,1502
0831,1951,1717
0831,1952,1716
0831,1953,1709
0831,1954,1683
0831,1955,1681
0831,1956,1690
0831,1957,1682
0831,1958,1692
0831,1959,1706
0831,1960,1707
0831,1961,1678
0831,1962,1669
0831,1963,1640
0831,1964,1648
0831,1965,1634
0831,1966,1598
0831,1967,1576
0831,1968,1548
0831,1969,1536
0831,1970,1497
0831,1971,1477
0831,1972,1508
0831,1973,1524
0831,1974,1447
0831,1975,1471
0831,1976,1458
0831,1977,1456
0831,1978,1439
0831,1979,1425
0831,1980,1414
0831,1981,1440
0831,1982,1408
0831,1983,1422
0831,1984,1452
0831,1985,1466
0831,1986,1454
0831,1987,1441
0831,1988,1446
0831,1989,1433
0831,1990,1430
0832,1951,1642
0832,1952,1638
0832,1953,1626
0832,1954,1623
0832,1955,1580
0832,1956,1626
0832,1957,1620
0832,1958,1714
0832,1959,1750
0832,1960,1713
0832,1961,1739
0832,1962,1693
0832,1963,1673
0833,1964,3587
0833,1965,3560
0833,1966,3464
0833,1967,3408
0833,1968,3284
0833,1969,3156
0833,1970,3052
0833,1971,2979
0833,1972,2883
0833,1973,2821
0833,1974,2806
0833,1975,2772
0833,1976,2762
0833,1977,2768
0833,1978,2802
0833,1979,2788
0833,1980,2758
0833,1981,2765
0833,1982,2794
0833,1983,2766
0833,1984,2739
0833,1985,2770
0833,1986,2750
0833,1987,2749
0833,1988,2748
0833,1989,2727
0833,1990,2746
0833u,1951,1466
0833u,1952,1419
0833u,1953,1415
0833u,1954,1376
0833u,1955,1368
0833u,1956,1300
0833u,1957,1413
0833u,1958,1673
0833u,1959,1840
0833u,1960,1924
0833u,1961,2064
0833u,1962,2004
0833u,1963,1941
0834,1951,1891
0834,1952,1930
0834,1953,1935
0834,1954,1956
0834,1955,1947
0834,1956,1891
0834,1957,2053
0834,1958,2184
0834,1959,2333
0834,1960,2396
0834,1961,2411
0834,1962,2495
0834,1963,2556
0834,1964,4221
0834,1965,4138
0834,1966,3949
0834,1967,3885
0834,1968,3881
0834,1969,3838
0834,1970,3865
0834,1971,3876
0834,1972,3878
0834,1973,3873
0834,1974,3893
0834,1975,3862
0834,1976,3847
0834,1977,3907
0834,1978,3934
0834,1979,3944
0834,1980,3945
0834,1981,3950
0834,1982,3966
0834,1983,4020
0834,1984,4015
0834,1985,3981
0834,1986,3994
0834,1987,3950
0834,1988,3919
0834,1989,3959
0834,1990,3917
0835,1951,1484
0835,1952,1459
0835,1953,1464
0835,1954,1468
0835,1955,1475
0835,1956,1515
0835,1957,1503
0835,1958,1497
0835,1959,1504
0835,1960,1545
0835,1961,1553
0835,1962,1589
0835,1963,1624
0901,1951,2866
0901,1952,2932
0901,1953,2941
0901,1954,2900
0901,1955,2916
0901,1956,2934
0901,1957,2964
0901,1958,2952
0901,1959,3018
0901,1960,3051
0901,1961,3065
0901,1962,3077
0901,1963,3027
0901,1964,6136
0901,1965,6136
0901,1966,6126
0901,1967,6133
0901,1968,6113
0901,1969,6158
0901,1970,6150
0901,1971,6192
0901,1972,6248
0901,1973,6352
0901,1974,6448
0901,1975,6552
0901,1976,6557
0901,1977,6637
0901,1978,6746
0901,1979,6748
0901,1980,6860
0901,1981,6907
0901,1982,6918
0901,1983,6971
0901,1984,6950
0901,1985,6967
0901,1986,6953
0901,1987,6979
0901,1988,7013
0901,1989,7023
0901,1990,6995
0902,1951,1002
0902,1952,993
0902,1953,926
0902,1954,896
0902,1955,875
0902,1956,920
0902,1957,907
0902,1958,915
0902,1959,887
0904,1951,2334
0904,1952,2295
0904,1953,2294
0904,1954,2276
0904,1955,2252
0904,1956,2279
0904,1957,2282
0904,1958,2293
0904,1959,2254
0904,1960,2625
0904,1961,2586
0904,1962,2537
0904,1963,2517
0904,1964,2520
0904,1965,2539
0904,1966,2530
0904,1967,2598
0904,1968,2647
0904,1969,2716
0904,1970,2782
0904,1971,11764
0904,1972,11861
0904,1973,12345
0904,1974,12594
0904,1975,12870
0904,1976,13088
0904,1977,13295
0904,1978,13395
0904,1979,13588
0904,1980,13663
0904,1981,13839
0904,1982,14001
0904,1983,14280
0904,1984,14547
0904,1985,14631
0904,1986,14768
0904,1987,14959
0904,1988,15119
0904,1989,15343
0904,1990,15522
0905,1951,1054
0905,1952,1089
0905,1953,1079
0905,1954,1110
0905,1955,1087
0905,1956,1068
0905,1957,1075
0905,1958,1052
0905,1959,1034
0905,1960,1047
0905,1961,1061
0906,1951,11747
0906,1952,11712
0906,1953,11708
0906,1954,11696
0906,1955,11649
0906,1956,11343
0906,1957,11341
0906,1958,11251
0906,1959,11307
0906,1960,11397
0906,1961,11416
0906,1962,11441
0906,1963,11534
0906,1964,11544
0906,1965,11544
0906,1966,11539
0906,1967,11365
0906,1968,11444
0906,1969,11574
0906,1970,11831
0906,1971,11769
0906,1972,11636
0906,1973,11425
0906,1974,11377
0906,1975,11594
0906,1976,11703
0906,1977,11708
0906,1978,11623
0906,1979,11490
0906,1980,11413
0906,1981,11508
0906,1982,11585
0906,1983,11740
0906,1984,11957
0906,1985,12051
0906,1986,12160
0906,1987,12230
0906,1988,12240
0906,1989,12244
0906,1990,12305
0911,1951,2704
0911,1952,2724
0911,1953,2735
0911,1954,2669
0911,1955,2635
0911,1956,2629
0911,1957,2613
0911,1958,2612
0911,1959,2601
0911,1960,2616
0911,1961,2615
0911,1962,2562
0911,1963,2567
0911,1964,2543
0911,1965,2533
0911,1966,2545
0911,1967,2550
0911,1968,2530
0911,1969,2551
0911,1970,2565
0911,1971,2555
0911,1972,2570
0911,1973,2613
0911,1974,2587
0911,1975,2578
0911,1976,2601
0911,1977,2657
0911,1978,2679
0911,1979,2707
0911,1980,2708
0911,1981,2706
0911,1982,2726
0911,1983,2744
0911,1984,2713
0911,1985,2684
0911,1986,2687
0911,1987,2664
0911,1988,2653
0911,1989,2628
0911,1990,2604
0912,1951,1862
0912,1952,1835
0912,1953,1849
0912,1954,1847
0912,1955,1827
0912,1956,1795
0912,1957,1787
0912,1958,1783
0912,1959,1791
0912,1960,1769
0912,1961,1744
0912,1962,1746
0912,1963,1764
0912,1964,1752
0912,1965,1734
0912,1966,1733
0912,1967,1739
0912,1968,1719
0912,1969,1724
0912,1970,1689
0912,1971,1656
0912,1972,1671
0912,1973,1636
0912,1974,1643
0912,1975,1648
0912,1976,1647
0912,1977,1638
0912,1978,1638
0912,1979,1674
0912,1980,1702
0912,1981,1735
0912,1982,1752
0912,1983,1781
0912,1984,1807
0912,1985,1835
0912,1986,1825
0912,1987,1845
0912,1988,1832
0912,1989,1834
0912,1990,1839
0913,1951,3086
0913,1952,3095
0913,1953,3118
0913,1954,3149
0913,1955,3151
0913,1956,3162
0913,1957,3143
0913,1958,3184
0913,1959,3141
0913,1960,3141
0913,1961,3150
0913,1962,3120
0913,1963,3152
0914,1951,3533
0914,1952,3541
0914,1953,3612
0914,1954,3626
0914,1955,3642
0914,1956,3710
0914,1957,3680
0914,1958,3688
0914,1959,3750
0914,1960,6432
0914,1961,6384
0914,1962,5951
0914,1963,5904
0914,1964,5892
0914,1965,5814
0914,1966,5771
0914,1967,5693
0914,1968,5685
0914,1969,5655
0914,1970,5619
0914,1971,5611
0914,1972,5563
0914,1973,5479
0914,1974,5482
0914,1975,5489
0914,1976,5537
0914,1977,5577
0914,1978,5630
0914,1979,5655
0914,1980,5703
0914,1981,5714
0914,1982,5726
0914,1983,5745
0914,1984,5779
0914,1985,5813
0914,1986,5772
0914,1987,5830
0914,1988,5862
0914,1989,5869
0914,1990,5885
0915,1951,2052
0915,1952,2033
0915,1953,1994
0915,1954,1964
0915,1955,1938
0915,1956,1932
0915,1957,1890
0915,1958,1845
0915,1959,1822
0916,1951,1304
0916,1952,1274
0916,1953,1286
0916,1954,1295
0916,1955,1262
0916,1956,1258
0916,1957,1237
0916,1958,1260
0916,1959,1259
0916,1960,1233
0916,1961,1218
0917,1951,2276
0917,1952,2313
0917,1953,2378
0917,1954,2463
0917,1955,2493
0917,1956,2548
0917,1957,2594
0917,1958,2637
0917,1959,2670
0917,1960,2722
0917,1961,2747
0918,1962,5970
0918,1963,5983
0918,1964,5987
0918,1965,6012
0918,1966,6037
0918,1967,5981
0918,1968,6060
0918,1969,6121
0918,1970,6214
0918,1971,6297
0918,1972,6534
0918,1973,6694
0918,1974,6848
0918,1975,6882
0918,1976,7000
0918,1977,7018
0918,1978,7152
0918,1979,7254
0918,1980,7337
0918,1981,7387
0918,1982,7440
0918,1983,7561
0918,1984,7608
0918,1985,7707
0918,1986,7849
0918,1987,7925
0918,1988,7959
0918,1989,7998
0918,1990,8046
0918u,1951,1470
0918u,1952,1501
0918u,1953,1511
0918u,1954,1526
0918u,1955,1541
0918u,1956,1550
0918u,1957,1534
0918u,1958,1517
0918u,1959,1565
0918u,1960,1570
0918u,1961,1556
0919,1951,2703
0919,1952,2727
0919,1953,2739
0919,1954,2734
0919,1955,2747
0919,1956,2762
0919,1957,2764
0919,1958,2790
0919,1959,2773
0919,1960,2782
0919,1961,2780
0919,1962,2782
0919,1963,2796
0919,1964,2767
0919,1965,2808
0919,1966,2770
0919,1967,3372
0919,1968,3403
0919,1969,3359
0919,1970,3348
0919,1971,3344
0919,1972,3396
0919,1973,3398
0919,1974,3413
0919,1975,3411
0919,1976,3490
0919,1977,3573
0919,1978,3654
0919,1979,3666
0919,1980,3682
0919,1981,3719
0919,1982,3765
0919,1983,3819
0919,1984,3838
0919,1985,3844
0919,1986,3849
0919,1987,3910
0919,1988,3927
0919,1989,4004
0919,1990,4060
0920,1951,4826
0920,1952,4933
0920,1953,5016
0920,1954,5117
0920,1955,5234
0920,1956,5309
0920,1957,5445
0920,1958,5520
0920,1959,5641
0920,1960,5710
0920,1961,5768
0920,1962,5803
0920,1963,5786
0920,1964,5829
0920,1965,5915
0920,1966,6023
0920,1967,6116
0920,1968,6318
0920,1969,6440
0920,1970,6560
0920,1971,6758
0920,1972,6919
0920,1973,7068
0920,1974,7200
0920,1975,7303
0920,1976,7376
0920,1977,7417
0920,1978,7613
0920,1979,7806
0920,1980,7953
0920,1981,8035
0920,1982,8239
0920,1983,8280
0920,1984,8337
0920,1985,8448
0920,1986,8429
0920,1987,8562
0920,1988,8663
0920,1989,8700
0920,1990,8644
0921,1951,2916
0921,1952,2965
0921,1953,3023
0921,1954,3078
0921,1955,3131
0921,1956,3166
0921,1957,3158
0921,1958,3206
0921,1959,3233
0921,1960,3250
0921,1961,3241
0921,1962,3221
0921,1963,3231
0921,1964,3159
0921,1965,3167
0921,1966,3193
0921,1967,3228
0921,1968,3249
0921,1969,3241
0921,1970,3279
0921,1971,3340
0921,1972,3418
0921,1973,3512
0921,1974,3622
0921,1975,3811
0921,1976,3948
0921,1977,4049
0921,1978,4086
0921,1979,4108
0921,1980,4183
0921,1981,4256
0921,1982,4308
0921,1983,4402
0921,1984,4457
0921,1985,4505
0921,1986,4529
0921,1987,4530
0921,1988,4552
0921,1989,4594
0921,1990,4761
0922,1951,2271
0922,1952,2308
0922,1953,2348
0922,1954,2352
0922,1955,2387
0922,1956,2393
0922,1957,2440
0922,1958,2494
0922,1959,2542
0922,1960,2605
0922,1961,2600
0922,1962,2689
0922,1963,2762
0922,1964,2891
0922,1965,2998
0922,1966,3130
0922,1967,3269
0922,1968,3381
0922,1969,3489
0922,1970,3643
0922,1971,3754
0922,1972,3958
0922,1973,3953
0922,1974,3956
0922,1975,3998
0922,1976,3968
0922,1977,3908
0922,1978,3935
0922,1979,3870
0922,1980,3872
0922,1981,3849
0922,1982,3839
0922,1983,3854
0922,1984,3841
0922,1985,3914
0922,1986,3944
0922,1987,3955
0922,1988,4032
0922,1989,4101
0922,1990,4035
0923,1951,4968
0923,1952,5087
0923,1953,5159
0923,1954,5239
0923,1955,5303
0923,1956,5280
0923,1957,5418
0923,1958,5514
0923,1959,5520
0923,1960,5131
0923,1961,5184
0923,1962,5251
0923,1963,5345
0923,1964,5410
0923,1965,5548
0923,1966,5638
0923,1967,5760
0923,1968,5894
0923,1969,6017
0923,1970,6143
0924,1951,1969
0924,1952,1934
0924,1953,1943
0924,1954,1914
0924,1955,1903
0924,1956,1900
0924,1957,1902
0924,1958,1874
0924,1959,1899
0924,1960,1863
0924,1961,1880
0924,1962,2433
0924,1963,2381
0924,1964,2416
0924,1965,2379
0924,1966,2424
0924,1967,2447
0924,1968,2520
0924,1969,2584
0924,1970,2671
0925,1951,555
0925,1952,558
0925,1953,542
0925,1954,531
0925,1955,523
0925,1956,557
0925,1957,551
0925,1958,524
0925,1959,518
0925,1960,513
0925,1961,510
0926,1962,4847
0926,1963,4893
0926,1964,4851
0926,1965,5018
0926,1966,5128
0926,1967,5081
0926,1968,5190
0926,1969,5319
0926,1970,5385
0926,1971,5487
0926,1972,5667
0926,1973,5923
0926,1974,6098
0926,1975,6231
0926,1976,6312
0926,1977,6414
0926,1978,6573
0926,1979,6678
0926,1980,6857
0926,1981,6967
0926,1982,7104
0926,1983,7253
0926,1984,7375
0926,1985,7446
0926,1986,7564
0926,1987,7728
0926,1988,7892
0926,1989,7990
0926,1990,8036
0926u,1951,2157
0926u,1952,2160
0926u,1953,2150
0926u,1954,2188
0926u,1955,2197
0926u,1956,2169
0926u,1957,2198
0926u,1958,2240
0926u,1959,2272
0926u,1960,2318
0926u,1961,2386
0927,1951,1446
0927,1952,1414
0927,1953,1393
0927,1954,1372
0927,1955,1337
0927,1956,1319
0927,1957,1310
0927,1958,1319
0927,1959,1338
0927,1960,1350
0927,1961,1345
0928,1951,1796
0928,1952,1815
0928,1953,1817
0928,1954,1816
0928,1955,1810
0928,1956,1776
0928,1957,1802
0928,1958,1821
0928,1959,1836
0928,1960,1827
0928,1961,1821
0928,1962,1825
0928,1963,1859
0928,1964,1866
0928,1965,1869
0928,1966,1880
0928,1967,3050
0928,1968,3022
0928,1969,2998
0928,1970,2966
0928,1971,3033
0928,1972,3035
0928,1973,3099
0928,1974,3172
0928,1975,3310
0928,1976,3451
0928,1977,3563
0928,1978,3623
0928,1979,3737
0928,1980,3805
0928,1981,3825
0928,1982,3854
0928,1983,3932
0928,1984,4007
0928,1985,3997
0928,1986,3995
0928,1987,4038
0928,1988,4037
0928,1989,4046
0928,1990,4062
0929,1951,1904
0929,1952,1906
0929,1953,1920
0929,1954,1958
0929,1955,1964
0929,1956,2015
0929,1957,1992
0929,1958,1950
0929,1959,1953
0929,1960,2309
0929,1961,2197
0929,1962,2129
0929,1963,2116
0929,1964,2111
0929,1965,2101
0929,1966,2082
0929,1967,2211
0929,1968,2181
0929,1969,2203
0929,1970,2206
0929,1971,2131
0929,1972,2113
0929,1973,2116
0929,1974,2096
0929,1975,2116
0929,1976,2121
0929,1977,2134
0929,1978,2134
0929,1979,2166
0929,1980,2178
0929,1981,2161
0929,1982,2179
0929,1983,2153
0929,1984,2122
0929,1985,2122
0929,1986,2107
0929,1987,2090
0929,1988,2073
0929,1989,2008
0929,1990,1999
0930,1951,390
0930,1952,386
0930,1953,392
0930,1954,401
0930,1955,386
0930,1956,384
0930,1957,373
0930,1958,380
0930,1959,377
0931,1951,255
0931,1952,235
0931,1953,227
0931,1954,225
0931,1955,221
0931,1956,211
0931,1957,214
0931,1958,211
0931,1959,202
0931,1960,197
0931,1961,195
0931,1962,194
0931,1963,185
0931,1964,181
0931,1965,180
0931,1966,167
0932,1951,732
0932,1952,750
0932,1953,748
0932,1954,733
0932,1955,717
0932,1956,723
0932,1957,718
0932,1958,695
0932,1959,714
0932,1960,692
0932,1961,675
0932,1962,661
0932,1963,640
0932,1964,640
0932,1965,612
0932,1966,609
0933,1951,580
0933,1952,583
0933,1953,589
0933,1954,581
0933,1955,598
0933,1956,600
0933,1957,600
0933,1958,619
0933,1959,602
0933,1960,597
0933,1961,612
0933,1962,595
0933,1963,595
0933,1964,598
0933,1965,606
0933,1966,605
0934,1951,859
0934,1952,845
0934,1953,837
0934,1954,790
0934,1955,767
0934,1956,759
0934,1957,778
0934,1958,763
0934,1959,740
0934,1960,682
0934,1961,681
0934,1962,672
0934,1963,640
0934,1964,621
0934,1965,612
0934,1966,593
0935,1951,1088
0935,1952,1086
0935,1953,1069
0935,1954,1048
0935,1955,1015
0935,1956,995
0935,1957,1011
0935,1958,994
0935,1959,975
0935,1960,963
0935,1961,984
0935,1962,1004
0935,1963,971
0935,1964,944
0935,1965,963
0935,1966,926
0935,1967,900
0935,1968,857
0935,1969,833
0935,1970,793
0935,1971,755
0935,1972,728
0935,1973,734
0935,1974,737
0935,1975,756
0935,1976,802
0935,1977,865
0935,1978,890
0935,1979,899
0935,1980,939
0935,1981,1010
0935,1982,1042
0935,1983,1119
0935,1984,1165
0935,1985,1159
0935,1986,1144
0935,1987,1151
0935,1988,1159
0935,1989,1170
0935,1990,1155
0936,1951,1351
0936,1952,1331
0936,1953,1333
0936,1954,1345
0936,1955,1351
0936,1956,1347
0936,1957,1355
0936,1958,1311
0936,1959,1282
0937,1960,2926
0937,1961,2896
0937,1962,2877
0937,1963,2868
0937,1964,2960
0937,1965,2996
0937,1966,3040
0937,1967,3004
0937,1968,3016
0937,1969,2966
0937,1970,2946
0937,1971,2933
0937,1972,2972
0937,1973,2955
0937,1974,2995
0937,1975,3027
0937,1976,3099
0937,1977,3127
0937,1978,3112
0937,1979,3152
0937,1980,3215
0937,1981,3257
0937,1982,3358
0937,1983,3415
0937,1984,3434
0937,1985,3426
0937,1986,3420
0937,1987,3398
0937,1988,3375
0937,1989,3365
0937,1990,3378
0937u,1951,1596
0937u,1952,1565
0937u,1953,1553
0937u,1954,1540
0937u,1955,1582
0937u,1956,1601
0937u,1957,1583
0937u,1958,1592
0937u,1959,1649
0938,1951,1842
0938,1952,1833
0938,1953,1828
0938,1954,1816
0938,1955,1772
0938,1956,1747
0938,1957,1727
0938,1958,1714
0938,1959,1709
0938,1960,1700
0938,1961,1681
0938,1962,1623
0938,1963,1611
0938,1964,1587
0938,1965,1531
0938,1966,1504
0938,1967,1506
0938,1968,1467
0938,1969,1438
0938,1970,1448
0938,1971,1548
0938,1972,1529
0938,1973,1522
0938,1974,1520
0938,1975,1516
0938,1976,1523
0938,1977,1504
0938,1978,1520
0938,1979,1545
0938,1980,1553
0938,1981,1554
0938,1982,1531
0938,1983,1549
0938,1984,1536
0938,1985,1528
0938,1986,1499
0938,1987,1454
0938,1988,1444
0938,1989,1473
0938,1990,1396
0939,1951,669
0939,1952,659
0939,1953,675
0939,1954,656
0939,1955,654
0939,1956,652
0939,1957,670
0939,1958,674
0939,1959,671
0939,1960,637
0939,1961,661
0940,1951,1001
0940,1952,1000
0940,1953,984
0940,1954,970
0940,1955,971
0940,1956,966
0940,1957,912
0940,1958,904
0940,1959,894
0940,1960,886
0940,1961,872
0940,1962,1564
0940,1963,1840
0940,1964,1857
0940,1965,1631
0940,1966,1558
0940,1967,1496
0940,1968,1492
0940,1969,1486
0940,1970,1461
0940,1971,1441
0940,1972,1433
0940,1973,1415
0940,1974,1430
0940,1975,1449
0940,1976,1466
0940,1977,1470
0940,1978,1484
0940,1979,1494
0940,1980,1488
0940,1981,1488
0940,1982,1497
0940,1983,1490
0940,1984,1500
0940,1985,1498
0940,1986,1481
0940,1987,1460
0940,1988,1457
0940,1989,1448
0940,1990,1430
0941,1951,647
0941,1952,643
0941,1953,616
0941,1954,594
0941,1955,586
0941,1956,588
0941,1957,591
0941,1958,582
0941,1959,585
0941,1960,589
0941,1961,555
0941,1962,575
0941,1963,646
0941,1964,659
0941,1965,614
0941,1966,575
0941,1967,545
0941,1968,534
0941,1969,507
0941,1970,479
0941,1971,471
0941,1972,483
0941,1973,458
0941,1974,483
0941,1975,485
0941,1976,522
0941,1977,522
0941,1978,523
0941,1979,586
0941,1980,622
0941,1981,712
0941,1982,699
0941,1983,650
0941,1984,630
0941,1985,654
0941,1986,694
0941,1987,706
0941,1988,722
0941,1989,729
0941,1990,728
1001,1951,25797
1001,1952,25950
1001,1953,26270
1001,1954,26580
1001,1955,26911
1001,1956,27081
1001,1957,27259
1001,1958,27610
1001,1959,27832
1001,1960,27760
1001,1961,27877
1001,1962,27665
1001,1963,27680
1001,1964,27406
1001,1965,50242
1001,1966,51563
1001,1967,52511
1001,1968,53678
1001,1969,54930
1001,1970,56119
1001,1971,56914
1001,1972,57748
1001,1973,58287
1001,1974,58975
1001,1975,59240
1001,1976,59477
1001,1977,60037
1001,1978,60652
1001,1979,60722
1001,1980,60738
1001,1981,60938
1001,1982,61476
1001,1983,61824
1001,1984,61704
1001,1985,62197
1001,1986,62646
1001,1987,63314
1001,1988,63491
1001,1989,64395
1001,1990,64888
1002,1951,4399
1002,1952,4425
1002,1953,4514
1002,1954,4611
1002,1955,4684
1002,1956,4749
1002,1957,4941
1002,1958,4983
1002,1959,5068
1002,1960,5156
1002,1961,5189
1002,1962,5280
1002,1963,5359
1002,1964,10249
1002,1965,10303
1002,1966,10541
1002,1967,10704
1002,1968,10959
1002,1969,11082
1002,1970,11132
1002,1971,11143
1002,1972,11171
1002,1973,11293
1002,1974,11340
1002,1975,11515
1002,1976,11588
1002,1977,11669
1002,1978,11696
1002,1979,11847
1002,1980,12023
1002,1981,12125
1002,1982,12142
1002,1983,12206
1002,1984,12226
1002,1985,12218
1002,1986,12231
1002,1987,12267
1002,1988,12384
1002,1989,12450
1002,1990,12465
1003,1951,1888
1003,1952,1901
1003,1953,1902
1003,1954,1980
1003,1955,2018
1003,1956,2056
1003,1957,2077
1003,1958,2059
1003,1959,2144
1003,1960,2149
1003,1961,2203
1003,1962,2196
1003,1963,2230
1003,1964,2234
1003,1965,7717
1003,1966,7702
1003,1967,7759
1003,1968,7809
1003,1969,7851
1003,1970,7991
1003,1971,8357
1003,1972,8479
1003,1973,8670
1003,1974,8723
1003,1975,8834
1003,1976,8900
1003,1977,8992
1003,1978,9101
1003,1979,9217
1003,1980,9325
1003,1981,9410
1003,1982,9489
1003,1983,9540
1003,1984,9557
1003,1985,9576
1003,1986,9504
1003,1987,9506
1003,1988,9431
1003,1989,9378
1003,1990,9349
1004,1951,2853
1004,1952,2864
1004,1953,2928
1004,1954,2948
1004,1955,2966
1004,1956,3097
1004,1957,3090
1004,1958,3080
1004,1959,3123
1004,1960,3139
1004,1961,3161
1004,1962,3172
1004,1963,3151
1004,1964,3111
1004,1965,8813
1004,1966,8717
1004,1967,8618
1004,1968,8625
1004,1969,8591
1004,1970,8642
1004,1971,8514
1004,1972,8521
1004,1973,8539
1004,1974,8619
1004,1975,8722
1004,1976,8752
1004,1977,8743
1004,1978,8756
1004,1979,8755
1004,1980,8743
1004,1981,8795
1004,1982,8782
1004,1983,8798
1004,1984,8820
1004,1985,8822
1004,1986,8825
1004,1987,8774
1004,1988,8798
1004,1989,8796
1004,1990,8785
1011,1951,1131
1011,1952,1128
1011,1953,1124
1011,1954,1136
1011,1955,1140
1011,1956,1207
1011,1957,1244
1011,1958,1320
1011,1959,1330
1011,1960,1366
1011,1961,1362
1011,1962,1444
1011,1963,1505
1011,1964,1606
1012,1951,8021
1012,1952,8526
1012,1953,9226
1012,1954,10039
1012,1955,10714
1012,1956,11362
1012,1957,12015
1012,1958,12549
1012,1959,13035
1012,1960,13837
1012,1961,14615
1012,1962,15672
1012,1963,16637
1012,1964,17468
1013,1951,1825
1013,1952,1796
1013,1953,1900
1013,1954,2010
1013,1955,2021
1013,1956,2047
1013,1957,2096
1013,1958,2187
1013,1959,2314
1013,1960,2354
1013,1961,2441
1013,1962,2547
1013,1963,2674
1013,1964,2725
1014,1951,4963
1014,1952,5110
1014,1953,5261
1014,1954,5453
1014,1955,5717
1014,1956,5972
1014,1957,6141
1014,1958,6289
1014,1959,6478
1014,1960,6711
1014,1961,6857
1014,1962,7051
1014,1963,7222
1014,1964,9095
1014,1965,9138
1014,1966,9265
1014,1967,9426
1014,1968,9463
1014,1969,9536
1014,1970,9728
1014,1971,9844
1014,1972,10103
1014,1973,10200
1014,1974,10321
1014,1975,10473
1014,1976,10649
1014,1977,10616
1014,1978,10560
1014,1979,10582
1014,1980,10744
1014,1981,10903
1014,1982,10952
1014,1983,11009
1014,1984,11079
1014,1985,11092
1014,1986,11084
1014,1987,11151
1014,1988,11334
1014,1989,11436
1014,1990,11517
1015,1951,934
1015,1952,891
1015,1953,894
1015,1954,867
1015,1955,858
1015,1956,870
1015,1957,886
1015,1958,871
1015,1959,864
1015,1960,879
1015,1961,875
1015,1962,867
1015,1963,844
1016,1951,924
1016,1952,908
1016,1953,911
1016,1954,916
1016,1955,927
1016,1956,935
1016,1957,945
1016,1958,945
1016,1959,932
1016,1960,940
1016,1961,933
1016,1962,955
1016,1963,959
1017,1964,2897
1017,1965,2946
1017,1966,2940
1017,1967,2963
1017,1968,3012
1017,1969,3193
1017,1970,3293
1017,1971,3434
1017,1972,3610
1017,1973,3775
1017,1974,3782
1017,1975,3859
1017,1976,3964
1017,1977,4098
1017,1978,4131
1017,1979,4152
1017,1980,4190
1017,1981,4352
1017,1982,4429
1017,1983,4495
1017,1984,4585
1017,1985,4688
1017,1986,4794
1017,1987,4879
1017,1988,4965
1017,1989,5072
1017,1990,5115
1017u,1951,1362
1017u,1952,1399
1017u,1953,1465
1017u,1954,1552
1017u,1955,1614
1017u,1956,1689
1017u,1957,1701
1017u,1958,1745
1017u,1959,1793
1017u,1960,1830
1017u,1961,1930
1017u,1962,1987
1017u,1963,2010
1018,1951,3215
1018,1952,3280
1018,1953,3322
1018,1954,3351
1018,1955,3416
1018,1956,3539
1018,1957,3562
1018,1958,3663
1018,1959,3703
1018,1960,3704
1018,1961,3774
1018,1962,3840
1018,1963,3896
1018,1964,4020
1018,1965,4108
1018,1966,4162
1018,1967,4260
1018,1968,4313
1018,1969,4397
1018,1970,4542
1018,1971,4673
1018,1972,4871
1018,1973,5131
1018,1974,5316
1018,1975,5476
1018,1976,5708
1018,1977,5960
1018,1978,6181
1018,1979,6248
1018,1980,6341
1018,1981,6425
1018,1982,6548
1018,1983,6662
1018,1984,6886
1018,1985,6893
1018,1986,6900
1018,1987,7028
1018,1988,7231
1018,1989,7353
1018,1990,7486
1019,1951,2795
1019,1952,2856
1019,1953,2879
1019,1954,2914
1019,1955,2935
1019,1956,2948
1019,1957,2989
1019,1958,3086
1019,1959,3134
1019,1960,3220
1019,1961,3360
1019,1962,3519
1019,1963,3578
1020,1951,1242
1020,1952,1235
1020,1953,1237
1020,1954,1229
1020,1955,1217
1020,1956,1190
1020,1957,1182
1020,1958,1155
1020,1959,1147
1020,1960,1149
1020,1961,1147
1020,1962,1148
1020,1963,1144
1021,1964,2197
1021,1965,2157
1021,1966,2136
1021,1967,2116
1021,1968,2137
1021,1969,2104
1021,1970,2045
1021,1971,2003
1021,1972,2027
1021,1973,2089
1021,1974,2128
1021,1975,2109
1021,1976,2144
1021,1977,2135
1021,1978,2188
1021,1979,2240
1021,1980,2199
1021,1981,2204
1021,1982,2214
1021,1983,2247
1021,1984,2259
1021,1985,2255
1021,1986,2269
1021,1987,2259
1021,1988,2256
1021,1989,2240
1021,1990,2207
1021u,1951,1102
1021u,1952,1070
1021u,1953,1066
1021u,1954,1064
1021u,1955,1077
1021u,1956,1044
1021u,1957,1049
1021u,1958,1032
1021u,1959,1027
1021u,1960,1075
1021u,1961,1116
1021u,1962,1120
1021u,1963,1125
1022,1951,774
1022,1952,763
1022,1953,739
1022,1954,731
1022,1955,703
1022,1956,687
1022,1957,695
1022,1958,685
1022,1959,651
1022,1960,639
1022,1961,639
1022,1962,621
1022,1963,581
1023,1951,972
1023,1952,946
1023,1953,938
1023,1954,924
1023,1955,916
1023,1956,897
1023,1957,897
1023,1958,881
1023,1959,879
1023,1960,864
1023,1961,846
1023,1962,859
1023,1963,847
1024,1951,715
1024,1952,708
1024,1953,728
1024,1954,726
1024,1955,712
1024,1956,671
1024,1957,657
1024,1958,659
1024,1959,665
1024,1960,659
1024,1961,681
1024,1962,643
1024,1963,640
1025,1951,720
1025,1952,707
1025,1953,701
1025,1954,704
1025,1955,705
1025,1956,721
1025,1957,720
1025,1958,703
1025,1959,695
1025,1960,707
1025,1961,726
1025,1962,714
1025,1963,717
1026,1951,1154
1026,1952,1166
1026,1953,1155
1026,1954,1142
1026,1955,1119
1026,1956,1135
1026,1957,1104
1026,1958,1069
1026,1959,1056
1026,1960,1018
1026,1961,1007
1026,1962,1005
1026,1963,992
1026,1964,971
1026,1965,953
1026,1966,962
1026,1967,1013
1026,1968,1022
1026,1969,1030
1026,1970,1009
1026,1971,890
1026,1972,900
1026,1973,867
1026,1974,865
1026,1975,862
1026,1976,842
1026,1977,835
1026,1978,828
1026,1979,821
1026,1980,833
1026,1981,827
1026,1982,839
1026,1983,850
1026,1984,837
1026,1985,841
1026,1986,817
1026,1987,804
1026,1988,811
1026,1989,807
1026,1990,808
1027,1964,1509
1027,1965,1504
1027,1966,1486
1027,1967,1450
1027,1968,1450
1027,1969,1423
1027,1970,1422
1027,1971,1395
1027,1972,1400
1027,1973,1420
1027,1974,1445
1027,1975,1435
1027,1976,1471
1027,1977,1498
1027,1978,1528
1027,1979,1504
1027,1980,1564
1027,1981,1583
1027,1982,1602
1027,1983,1598
1027,1984,1613
1027,1985,1632
1027,1986,1615
1027,1987,1624
1027,1988,1636
1027,1989,1633
1027,1990,1598
1027u,1951,893
1027u,1952,882
1027u,1953,864
1027u,1954,837
1027u,1955,848
1027u,1956,830
1027u,1957,827
1027u,1958,791
1027u,1959,777
1027u,1960,776
1027u,1961,773
1027u,1962,743
1027u,1963,714
1028,1951,665
1028,1952,670
1028,1953,660
1028,1954,668
1028,1955,662
1028,1956,659
1028,1957,667
1028,1958,649
1028,1959,656
1028,1960,637
1028,1961,625
1028,1962,613
1028,1963,603
1029,1964,3811
1029,1965,3876
1029,1966,3928
1029,1967,3923
1029,1968,3958
1029,1969,3955
1029,1970,3968
1029,1971,3906
1029,1972,3977
1029,1973,4031
1029,1974,4052
1029,1975,4022
1029,1976,4045
1029,1977,4033
1029,1978,4043
1029,1979,4057
1029,1980,4034
1029,1981,4035
1029,1982,4097
1029,1983,4147
1029,1984,4178
1029,1985,4132
1029,1986,4119
1029,1987,4085
1029,1988,4142
1029,1989,4158
1029,1990,4183
1029u,1951,2406
1029u,1952,2430
1029u,1953,2467
1029u,1954,2432
1029u,1955,2372
1029u,1956,2358
1029u,1957,2384
1029u,1958,2357
1029u,1959,2366
1029u,1960,2351
1029u,1961,2326
1029u,1962,2317
1029u,1963,2351
1030,1951,1169
1030,1952,1160
1030,1953,1120
1030,1954,1118
1030,1955,1080
1030,1956,1050
1030,1957,1029
1030,1958,1051
1030,1959,1071
1030,1960,1056
1030,1961,1056
1030,1962,1057
1030,1963,903
1031,1951,755
1031,1952,768
1031,1953,765
1031,1954,750
1031,1955,757
1031,1956,709
1031,1957,694
1031,1958,674
1031,1959,596
1031,1960,617
1031,1961,647
1031,1962,621
1032,1951,2762
1032,1952,2771
1032,1953,2763
1032,1954,2803
1032,1955,2814
1032,1956,2781
1032,1957,2823
1032,1958,2839
1032,1959,2870
1032,1960,2888
1032,1961,2884
1032,1962,2889
1032,1963,4120
1032,1964,4236
1032,1965,4179
1032,1966,4215
1032,1967,4260
1032,1968,4321
1032,1969,4369
1032,1970,4517
1032,1971,4593
1032,1972,4756
1032,1973,4925
1032,1974,5139
1032,1975,5314
1032,1976,5475
1032,1977,5587
1032,1978,5833
1032,1979,6032
1032,1980,6156
1032,1981,6255
1032,1982,6352
1032,1983,6407
1032,1984,6467
1032,1985,6500
1032,1986,6503
1032,1987,6577
1032,1988,6616
1032,1989,6728
1032,1990,6692
1033,1951,589
1033,1952,576
1033,1953,563
1033,1954,553
1033,1955,520
1033,1956,498
1033,1957,486
1033,1958,479
1033,1959,500
1033,1960,480
1033,1961,502
1033,1962,485
1034,1951,1001
1034,1952,1002
1034,1953,983
1034,1954,949
1034,1955,925
1034,1956,899
1034,1957,874
1034,1958,852
1034,1959,832
1034,1960,830
1034,1961,834
1034,1962,847
1034,1963,1597
1034,1964,1567
1034,1965,1581
1034,1966,1569
1034,1967,1549
1034,1968,1494
1034,1969,1503
1034,1970,1513
1034,1971,1502
1034,1972,1507
1034,1973,1490
1034,1974,1486
1034,1975,1488
1034,1976,1511
1034,1977,1537
1034,1978,1543
1034,1979,1534
1034,1980,1552
1034,1981,1574
1034,1982,1584
1034,1983,1609
1034,1984,1619
1034,1985,1621
1034,1986,1604
1034,1987,1606
1034,1988,1592
1034,1989,1557
1034,1990,1541
1035,1951,865
1035,1952,848
1035,1953,849
1035,1954,839
1035,1955,823
1035,1956,832
1035,1957,832
1035,1958,816
1035,1959,805
1035,1960,809
1035,1961,802
1035,1962,788
1036,1951,1399
1036,1952,1392
1036,1953,1395
1036,1954,1346
1036,1955,1327
1036,1956,1308
1036,1957,1312
1036,1958,1283
1036,1959,1271
1036,1960,1272
1036,1961,1237
1036,1962,1219
1037,1951,3398
1037,1952,3408
1037,1953,3466
1037,1954,3488
1037,1955,3505
1037,1956,3522
1037,1957,3536
1037,1958,3530
1037,1959,3528
1037,1960,3488
1037,1961,3215
1037,1962,3201
1037,1963,5038
1037,1964,5127
1037,1965,5132
1037,1966,5191
1037,1967,5230
1037,1968,5330
1037,1969,5405
1037,1970,5366
1037,1971,5241
1037,1972,5374
1037,1973,5414
1037,1974,5324
1037,1975,5421
1037,1976,5432
1037,1977,5468
1037,1978,5509
1037,1979,5542
1037,1980,5609
1037,1981,5642
1037,1982,5694
1037,1983,5724
1037,1984,5698
1037,1985,5713
1037,1986,5677
1037,1987,5671
1037,1988,5633
1037,1989,5652
1037,1990,5666
1038,1951,697
1038,1952,691
1038,1953,685
1038,1954,682
1038,1955,673
1038,1956,645
1038,1957,643
1038,1958,637
1038,1959,628
1038,1960,609
1038,1961,605
1038,1962,601
1039,1951,543
1039,1952,524
1039,1953,513
1039,1954,492
1039,1955,481
1039,1956,469
1039,1957,464
1039,1958,458
1039,1959,442
1039,1960,422
1039,1961,407
1039,1962,404
1039,1963,393
1039,1964,372
1040,1951,735
1040,1952,730
1040,1953,719
1040,1954,689
1040,1955,673
1040,1956,675
1040,1957,661
1040,1958,667
1040,1959,667
1040,1960,686
1040,1961,686
1040,1962,671
1040,1963,643
1040,1964,622
1041,1951,4831
1041,1952,4831
1041,1953,4850
1041,1954,4875
1041,1955,4935
1041,1956,4920
1041,1957,4857
1041,1958,4851
1041,1959,4842
1041,1960,4829
1041,1961,4642
1041,1962,4611
1041,1963,4634
1041,1964,4562
1042,1951,1468
1042,1952,1443
1042,1953,1425
1042,1954,1399
1042,1955,1373
1042,1956,1368
1042,1957,1373
1042,1958,1356
1042,1959,1356
1042,1960,1355
1042,1961,1339
1042,1962,1304
1042,1963,1303
1042,1964,1294
1043,1951,2369
1043,1952,2410
1043,1953,2423
1043,1954,2467
1043,1955,2510
1043,1956,2599
1043,1957,2653
1043,1958,2656
1043,1959,2696
1043,1960,2704
1043,1961,2616
1043,1962,2673
1043,1963,2731
1043,1964,2759
1044,1951,956
1044,1952,952
1044,1953,919
1044,1954,901
1044,1955,872
1044,1956,866
1044,1957,854
1044,1958,835
1044,1959,808
1044,1960,789
1044,1961,748
1044,1962,735
1044,1963,729
1044,1964,688
1045,1951,1377
1045,1952,1348
1045,1953,1316
1045,1954,1305
1045,1955,1274
1045,1956,1289
1045,1957,1253
1045,1958,1269
1045,1959,1249
1045,1960,992
1045,1961,954
1045,1962,925
1045,1963,920
1045,1964,923
1046,1960,1426
1046,1961,1446
1046,1962,1485
1046,1963,1501
1046,1964,1504
1046,1965,1516
1046,1966,1593
1046,1967,1645
1046,1968,1681
1046,1969,1746
1046,1970,1761
1046,1971,1762
1046,1972,1734
1046,1973,1694
1046,1974,1674
1046,1975,1689
1046,1976,1687
1046,1977,1669
1046,1978,1684
1046,1979,1658
1046,1980,1645
1046,1981,1650
1046,1982,1635
1046,1983,1623
1046,1984,1613
1046,1985,1629
1046,1986,1624
1046,1987,1678
1046,1988,1695
1046,1989,1695
1046,1990,1726
1046u,1951,690
1046u,1952,666
1046u,1953,667
1046u,1954,664
1046u,1955,668
1046u,1956,664
1046u,1957,646
1046u,1958,654
1046u,1959,650
1047,1951,588
1047,1952,580
1047,1953,577
1047,1954,572
1047,1955,567
1047,1956,571
1047,1957,564
1047,1958,551
1047,1959,548
1101,1965,9416
1101,1966,9673
1101,1967,9723
1101,1968,9919
1101,1969,10088
1101,1970,10195
1101,1971,10453
1101,1972,10553
1101,1973,10757
1101,1974,10877
1101,1975,11193
1101,1976,11376
1101,1977,11507
1101,1978,11613
1101,1979,11694
1101,1980,11762
1101,1981,11864
1101,1982,12014
1101,1983,12084
1101,1984,12164
1101,1985,12126
1101,1986,12087
1101,1987,12159
1101,1988,12203
1101,1989,12337
1101,1990,12391
1101u,1951,4046
1101u,1952,4076
1101u,1953,4078
1101u,1954,4047
1101u,1955,4012
1101u,1956,4028
1101u,1957,4026
1101u,1958,3987
1101u,1959,3968
1101u,1960,3948
1101u,1961,3863
1101u,1962,3869
1101u,1963,3823
1101u,1964,3796
1102,1951,4178
1102,1952,4155
1102,1953,4138
1102,1954,4021
1102,1955,4025
1102,1956,4035
1102,1957,3989
1102,1958,3978
1102,1959,4025
1102,1960,3980
1102,1961,3981
1102,1962,4029
1102,1963,4006
1102,1964,3991
1102,1965,27317
1102,1966,27801
1102,1967,28478
1102,1968,28984
1102,1969,29581
1102,1970,30015
1102,1971,30705
1102,1972,31511
1102,1973,32263
1102,1974,32893
1102,1975,33465
1102,1976,33930
1102,1977,34558
1102,1978,35167
1102,1979,35451
1102,1980,36255
1102,1981,36901
1102,1982,37413
1102,1983,38085
1102,1984,38959
1102,1985,39678
1102,1986,40856
1102,1987,41945
1102,1988,42584
1102,1989,43636
1102,1990,44340
1103,1951,50617
1103,1952,50888
1103,1953,51321
1103,1954,52206
1103,1955,52534
1103,1956,52666
1103,1957,52599
1103,1958,52848
1103,1959,52787
1103,1960,52835
1103,1961,52656
1103,1962,52419
1103,1963,52213
1103,1964,52031
1103,1965,78356
1103,1966,78844
1103,1967,79626
1103,1968,80621
1103,1969,80669
1103,1970,81741
1103,1971,81847
1103,1972,82450
1103,1973,83292
1103,1974,84359
1103,1975,85576
1103,1976,86643
1103,1977,87360
1103,1978,88087
1103,1979,89597
1103,1980,89913
1103,1981,90687
1103,1982,91021
1103,1983,91964
1103,1984,92883
1103,1985,94193
1103,1986,95084
1103,1987,95463
1103,1988,96439
1103,1989,96948
1103,1990,97570
1104,1951,1326
1104,1952,1338
1104,1953,1322
1104,1954,1329
1104,1955,1353
1104,1956,1400
1104,1957,1397
1104,1958,1390
1104,1959,1407
1104,1960,1377
1104,1961,1348
1104,1962,1345
1104,1963,1296
1104,1964,1310
1105,1951,1729
1105,1952,1755
1105,1953,1764
1105,1954,1769
1105,1955,1781
1105,1956,1766
1105,1957,1774
1105,1958,1819
1105,1959,1791
1105,1960,1839
1105,1961,1841
1105,1962,1824
1105,1963,1814
1105,1964,1771
1106,1951,18740
1106,1952,18763
1106,1953,18924
1106,1954,19124
1106,1955,19243
1106,1956,19550
1106,1957,19467
1106,1958,26391
1106,1959,26701
1106,1960,26958
1106,1961,27107
1106,1962,27103
1106,1963,27102
1106,1964,26997
1106,1965,27173
1106,1966,27055
1106,1967,27247
1106,1968,27285
1106,1969,27545
1106,1970,27391
1106,1971,27219
1106,1972,27300
1106,1973,27366
1106,1974,27283
1106,1975,27375
1106,1976,27365
1106,1977,27214
1106,1978,27220
1106,1979,27081
1106,1980,27114
1106,1981,26997
1106,1982,26982
1106,1983,27030
1106,1984,27042
1106,1985,27014
1106,1986,26883
1106,1987,26884
1106,1988,26947
1106,1989,27229
1106,1990,27600
1111,1951,3234
1111,1952,3296
1111,1953,3284
1111,1954,3328
1111,1955,3333
1111,1956,3335
1111,1957,3425
1111,1958,3465
1111,1959,3573
1111,1960,3608
1111,1961,3578
1111,1962,3566
1111,1963,3513
1111,1964,3477
1111,1965,3435
1111,1966,3372
1111,1967,3486
1111,1968,3517
1111,1969,3553
1111,1970,3554
1111,1971,3480
1111,1972,3475
1111,1973,3457
1111,1974,3437
1111,1975,3476
1111,1976,3437
1111,1977,3408
1111,1978,3404
1111,1979,3450
1111,1980,3420
1111,1981,3440
1111,1982,3457
1111,1983,3498
1111,1984,3510
1111,1985,3509
1111,1986,3483
1111,1987,3487
1111,1988,3507
1111,1989,3497
1111,1990,3487
1112,1951,1928
1112,1952,1927
1112,1953,1946
1112,1954,1954
1112,1955,1946
1112,1956,1938
1112,1957,1919
1112,1958,1968
1112,1959,1963
1112,1960,1970
1112,1961,1973
1112,1962,1972
1112,1963,1936
1112,1964,1956
1112,1965,2500
1112,1966,2522
1112,1967,2494
1112,1968,2524
1112,1969,2489
1112,1970,2464
1112,1971,2463
1112,1972,2492
1112,1973,2530
1112,1974,2606
1112,1975,2671
1112,1976,2799
1112,1977,2834
1112,1978,2894
1112,1979,2878
1112,1980,2929
1112,1981,2963
1112,1982,3025
1112,1983,3050
1112,1984,3069
1112,1985,3096
1112,1986,3110
1112,1987,3109
1112,1988,3113
1112,1989,3138
1112,1990,3101
1113,1951,763
1113,1952,747
1113,1953,765
1113,1954,717
1113,1955,734
1113,1956,730
1113,1957,703
1113,1958,693
1113,1959,692
1113,1960,676
1113,1961,683
1113,1962,686
1113,1963,683
1113,1964,666
1114,1951,1799
1114,1952,1807
1114,1953,1824
1114,1954,1826
1114,1955,1842
1114,1956,1784
1114,1957,1771
1114,1958,1795
1114,1959,1785
1114,1960,1810
1114,1961,1817
1114,1962,1819
1114,1963,1842
1114,1964,1853
1114,1965,1798
1114,1966,1808
1114,1967,1873
1114,1968,1866
1114,1969,1865
1114,1970,1878
1114,1971,1870
1114,1972,1877
1114,1973,1913
1114,1974,1887
1114,1975,1950
1114,1976,1953
1114,1977,1983
1114,1978,2019
1114,1979,2050
1114,1980,2048
1114,1981,2100
1114,1982,2152
1114,1983,2208
1114,1984,2220
1114,1985,2272
1114,1986,2283
1114,1987,2305
1114,1988,2320
1114,1989,2309
1114,1990,2340
1115,1951,1022
1115,1952,1019
1115,1953,995
1115,1954,968
1115,1955,958
1115,1956,952
1115,1957,942
1115,1958,943
1115,1959,918
1115,1960,910
1115,1961,890
1115,1962,879
1115,1963,875
1115,1964,869
1116,1951,3413
1116,1952,3486
1116,1953,3600
1116,1954,3734
1116,1955,3792
1116,1956,3906
1116,1957,4005
1116,1958,4072
1116,1959,4167
1116,1960,4241
1116,1961,4257
1116,1962,4374
1116,1963,4448
1116,1964,4573
1117,1951,1456
1117,1952,1431
1117,1953,1404
1117,1954,1415
1117,1955,1401
1117,1956,1411
1117,1957,1414
1117,1958,1398
1117,1959,1431
1117,1960,1421
1117,1961,1434
1117,1962,1439
1117,1963,1444
1118,1951,3072
1118,1952,3112
1118,1953,3186
1118,1954,3192
1118,1955,3215
1118,1956,3241
1118,1957,3289
1118,1958,3311
1118,1959,3369
1118,1960,3412
1118,1961,3423
1118,1962,3459
1118,1963,3438
1119,1964,8850
1119,1965,9004
1119,1966,9263
1119,1967,9353
1119,1968,9470
1119,1969,9742
1119,1970,9978
1119,1971,10607
1119,1972,10813
1119,1973,10898
1119,1974,11046
1119,1975,11238
1119,1976,11447
1119,1977,11589
1119,1978,11951
1119,1979,12183
1119,1980,12290
1119,1981,12327
1119,1982,12461
1119,1983,12602
1119,1984,12643
1119,1985,12660
1119,1986,12715
1119,1987,12802
1119,1988,12868
1119,1989,12988
1119,1990,13034
1119u,1951,3128
1119u,1952,3191
1119u,1953,3253
1119u,1954,3324
1119u,1955,3400
1119u,1956,3447
1119u,1957,3487
1119u,1958,3512
1119u,1959,3573
1119u,1960,3632
1119u,1961,3723
1119u,1962,3770
1119u,1963,3844
1120,1951,4973
1120,1952,5048
1120,1953,5062
1120,1954,5178
1120,1955,5240
1120,1956,5335
1120,1957,5411
1120,1958,5453
1120,1959,5569
1120,1960,5724
1120,1961,5980
1120,1962,6124
1120,1963,6313
1120,1964,6489
1120,1965,6677
1120,1966,7015
1120,1967,7342
1120,1968,7687
1120,1969,8038
1120,1970,8547
1120,1971,8878
1120,1972,9120
1120,1973,9376
1120,1974,9545
1120,1975,9796
1120,1976,10136
1120,1977,10275
1120,1978,10326
1120,1979,10551
1120,1980,10591
1120,1981,10758
1120,1982,10907
1120,1983,11057
1120,1984,11174
1120,1985,11289
1120,1986,11358
1120,1987,11565
1120,1988,11688
1120,1989,11796
1120,1990,11788
1121,1951,5206
1121,1952,5291
1121,1953,5347
1121,1954,5434
1121,1955,5479
1121,1956,5647
1121,1957,5758
1121,1958,5863
1121,1959,6017
1121,1960,6081
1121,1961,6235
1121,1962,6496
1121,1963,6616
1121,1964,6815
1121,1965,7038
1121,1966,7222
1121,1967,7513
1121,1968,7725
1121,1969,7847
1121,1970,8013
1121,1971,8124
1121,1972,8427
1121,1973,8646
1121,1974,8773
1121,1975,8922
1121,1976,8911
1121,1977,9164
1121,1978,9467
1121,1979,9745
1121,1980,9970
1121,1981,10132
1121,1982,10448
1121,1983,10678
1121,1984,10930
1121,1985,11013
1121,1986,11182
1121,1987,11353
1121,1988,11407
1121,1989,11676
1121,1990,11929
1122,1965,4051
1122,1966,4053
1122,1967,4082
1122,1968,4192
1122,1969,4325
1122,1970,4403
1122,1971,4442
1122,1972,4487
1122,1973,4534
1122,1974,4585
1122,1975,4762
1122,1976,4886
1122,1977,5008
1122,1978,5141
1122,1979,5314
1122,1980,5516
1122,1981,5651
1122,1982,5814
1122,1983,5958
1122,1984,6040
1122,1985,6109
1122,1986,6238
1122,1987,6608
1122,1988,6866
1122,1989,7057
1122,1990,7263
1122u,1951,2968
1122u,1952,3078
1122u,1953,3048
1122u,1954,3087
1122u,1955,3124
1122u,1956,3055
1122u,1957,3103
1122u,1958,3119
1122u,1959,3139
1122u,1960,3166
1122u,1961,3190
1122u,1962,3273
1122u,1963,3333
1122u,1964,3324
1123,1951,12971
1123,1952,13527
1123,1953,14057
1123,1954,14963
1123,1955,15562
1123,1956,15976
1123,1957,16715
1123,1958,17199
1123,1959,17608
1123,1960,18096
1123,1961,18704
1123,1962,19227
1123,1963,19746
1123,1964,20124
1124,1951,5025
1124,1952,5198
1124,1953,5409
1124,1954,5533
1124,1955,5814
1124,1956,5940
1124,1957,6147
1124,1958,6460
1124,1959,6664
1124,1960,6880
1124,1961,7075
1124,1962,7309
1124,1963,7629
1124,1964,7911
1124,1965,8225
1124,1966,8394
1124,1967,8792
1124,1968,9107
1124,1969,9506
1124,1970,9597
1124,1971,9898
1124,1972,10256
1124,1973,10609
1124,1974,10907
1124,1975,11162
1124,1976,11398
1124,1977,11625
1124,1978,11815
1124,1979,11953
1124,1980,12324
1124,1981,12673
1124,1982,13006
1124,1983,13442
1124,1984,13973
1124,1985,14420
1124,1986,14832
1124,1987,14981
1124,1988,15240
1124,1989,15705
1124,1990,15719
1125,1951,2330
1125,1952,2492
1125,1953,2722
1125,1954,2898
1125,1955,3145
1125,1956,3479
1125,1957,3735
1125,1958,3896
1125,1959,4176
1125,1960,4461
1125,1961,4792
1125,1962,5072
1125,1963,5349
1125,1964,5621
1126,1951,15587
1126,1952,16192
1126,1953,16645
1126,1954,16421
1126,1955,16962
1126,1956,17415
1126,1957,17884
1126,1958,18520
1126,1959,19094
1126,1960,19659
1126,1961,20331
1126,1962,21157
1126,1963,21822
1126,1964,22474
1127,1951,2116
1127,1952,2140
1127,1953,2180
1127,1954,2281
1127,1955,2378
1127,1956,2438
1127,1957,2498
1127,1958,2583
1127,1959,2641
1127,1960,2726
1127,1961,2884
1127,1962,2963
1127,1963,3057
1127,1964,3168
1127,1965,3294
1127,1966,3502
1127,1967,3736
1127,1968,3978
1127,1969,4196
1127,1970,4533
1127,1971,4709
1127,1972,4901
1127,1973,5113
1127,1974,5213
1127,1975,5262
1127,1976,5394
1127,1977,5496
1127,1978,5776
1127,1979,5900
1127,1980,6002
1127,1981,6170
1127,1982,6345
1127,1983,6467
1127,1984,6642
1127,1985,6848
1127,1986,6967
1127,1987,7151
1127,1988,7207
1127,1989,7451
1127,1990,7561
1128,1951,1028
1128,1952,1030
1128,1953,1020
1128,1954,1038
1128,1955,1045
1128,1956,1018
1128,1957,962
1128,1958,951
1128,1959,954
1128,1960,934
1128,1961,944
1128,1962,965
1128,1963,969
1128,1964,968
1129,1951,1889
1129,1952,1890
1129,1953,1884
1129,1954,1889
1129,1955,1865
1129,1956,1870
1129,1957,1802
1129,1958,1792
1129,1959,1769
1129,1960,1751
1129,1961,1682
1129,1962,1653
1129,1963,1637
1129,1964,1656
1129,1965,1046
1129,1966,1039
1129,1967,1022
1129,1968,994
1129,1969,984
1129,1970,950
1129,1971,897
1129,1972,901
1129,1973,880
1129,1974,896
1129,1975,907
1129,1976,902
1129,1977,888
1129,1978,914
1129,1979,950
1129,1980,974
1129,1981,973
1129,1982,971
1129,1983,975
1129,1984,979
1129,1985,962
1129,1986,947
1129,1987,942
1129,1988,941
1129,1989,977
1129,1990,999
1130,1951,4874
1130,1952,4986
1130,1953,5099
1130,1954,5203
1130,1955,5242
1130,1956,5263
1130,1957,5363
1130,1958,5463
1130,1959,5561
1130,1960,5683
1130,1961,5890
1130,1962,5989
1130,1963,6072
1130,1964,6158
1130,1965,6402
1130,1966,6510
1130,1967,6618
1130,1968,6723
1130,1969,6709
1130,1970,6882
1130,1971,6956
1130,1972,7057
1130,1973,7184
1130,1974,7269
1130,1975,7422
1130,1976,7613
1130,1977,7784
1130,1978,7974
1130,1979,8163
1130,1980,8335
1130,1981,8472
1130,1982,8634
1130,1983,8799
1130,1984,8926
1130,1985,8990
1130,1986,9059
1130,1987,9221
1130,1988,9435
1130,1989,9525
1130,1990,9545
1131,1951,953
1131,1952,929
1131,1953,893
1131,1954,867
1131,1955,870
1131,1956,884
1131,1957,892
1131,1958,871
1131,1959,880
1131,1960,869
1131,1961,884
1131,1962,890
1131,1963,876
1131,1964,866
1132,1951,836
1132,1952,827
1132,1953,815
1132,1954,802
1132,1955,806
1132,1956,762
1132,1957,757
1132,1958,764
1132,1959,752
1132,1960,724
1132,1961,731
1132,1962,732
1132,1963,729
1132,1964,730
1133,1951,2005
1133,1952,1998
1133,1953,1954
1133,1954,1929
1133,1955,1916
1133,1956,1872
1133,1957,1861
1133,1958,1842
1133,1959,1859
1133,1960,1837
1133,1961,1759
1133,1962,1742
1133,1963,1745
1133,1964,1710
1133,1965,2909
1133,1966,2875
1133,1967,2834
1133,1968,2791
1133,1969,2768
1133,1970,2688
1133,1971,2639
1133,1972,2603
1133,1973,2585
1133,1974,2577
1133,1975,2586
1133,1976,2639
1133,1977,2671
1133,1978,2737
1133,1979,2757
1133,1980,2766
1133,1981,2758
1133,1982,2810
1133,1983,2841
1133,1984,2849
1133,1985,2848
1133,1986,2860
1133,1987,2837
1133,1988,2805
1133,1989,2833
1133,1990,2827
1134,1951,1413
1134,1952,1379
1134,1953,1341
1134,1954,1336
1134,1955,1308
1134,1956,1278
1134,1957,1243
1134,1958,1242
1134,1959,1232
1134,1960,1222
1134,1961,1203
1134,1962,1214
1134,1963,1242
1134,1964,1375
1134,1965,4146
1134,1966,4147
1134,1967,4142
1134,1968,3998
1134,1969,3860
1134,1970,3778
1134,1971,3648
1134,1972,3669
1134,1973,3667
1134,1974,3650
1134,1975,3797
1134,1976,3922
1134,1977,4148
1134,1978,4292
1134,1979,4479
1134,1980,4570
1134,1981,4565
1134,1982,4582
1134,1983,4542
1134,1984,4544
1134,1985,4475
1134,1986,4410
1134,1987,4281
1134,1988,4241
1134,1989,4150
1134,1990,4119
1135,1951,5348
1135,1952,5425
1135,1953,5567
1135,1954,5660
1135,1955,5622
1135,1956,5662
1135,1957,5848
1135,1958,5927
1135,1959,6005
1135,1960,6110
1135,1961,6263
1135,1962,6283
1135,1963,6155
1135,1964,6157
1135,1965,6142
1135,1966,6102
1135,1967,6154
1135,1968,6093
1135,1969,6027
1135,1970,5948
1135,1971,5886
1135,1972,5904
1135,1973,5848
1135,1974,5833
1135,1975,5799
1135,1976,5783
1135,1977,5764
1135,1978,5757
1135,1979,5713
1135,1980,5712
1135,1981,5637
1135,1982,5519
1135,1983,5514
1135,1984,5498
1135,1985,5477
1135,1986,5484
1135,1987,5482
1135,1988,5416
1135,1989,5403
1135,1990,5355
1136,1951,1167
1136,1952,1156
1136,1953,1173
1136,1954,1176
1136,1955,1162
1136,1956,1150
1136,1957,1162
1136,1958,1148
1136,1959,1168
1136,1960,1155
1136,1961,1172
1136,1962,1155
1136,1963,1159
1136,1964,1167
1137,1951,650
1137,1952,623
1137,1953,622
1137,1954,618
1137,1955,613
1137,1956,626
1137,1957,622
1137,1958,614
1137,1959,602
1137,1960,602
1137,1961,594
1137,1962,592
1137,1963,597
1137,1964,597
1138,1951,1363
1138,1952,1317
1138,1953,1310
1138,1954,1313
1138,1955,1298
1138,1956,1307
1138,1957,1261
1138,1958,1228
1138,1959,1216
1138,1960,1187
1138,1961,1111
1138,1962,1080
1138,1963,1035
1138,1964,1028
1139,1951,1347
1139,1952,1313
1139,1953,1284
1139,1954,1290
1139,1955,1268
1139,1956,1308
1139,1957,1333
1139,1958,1304
1139,1959,1284
1139,1960,1263
1139,1961,1253
1139,1962,1268
1139,1963,1210
1139,1964,1201
1140,1951,933
1140,1952,919
1140,1953,926
1140,1954,925
1140,1955,891
1140,1956,930
1140,1957,894
1140,1958,901
1140,1959,897
1140,1960,885
1140,1961,881
1140,1962,863
1140,1963,844
1140,1964,816
1141,1951,1718
1141,1952,1716
1141,1953,1703
1141,1954,1703
1141,1955,1726
1141,1956,1758
1141,1957,1761
1141,1958,1778
1141,1959,1752
1141,1960,1725
1141,1961,1706
1141,1962,1711
1141,1963,1696
1141,1964,1702
1141,1965,2870
1141,1966,2802
1141,1967,2757
1141,1968,2726
1141,1969,2655
1141,1970,2622
1141,1971,2588
1141,1972,2555
1141,1973,2514
1141,1974,2470
1141,1975,2466
1141,1976,2493
1141,1977,2548
1141,1978,2550
1141,1979,2628
1141,1980,2674
1141,1981,2692
1141,1982,2719
1141,1983,2754
1141,1984,2747
1141,1985,2751
1141,1986,2750
1141,1987,2794
1141,1988,2750
1141,1989,2780
1141,1990,2777
1142,1951,1483
1142,1952,1458
1142,1953,1447
1142,1954,1444
1142,1955,1465
1142,1956,1460
1142,1957,1494
1142,1958,1468
1142,1959,1469
1142,1960,1438
1142,1961,1418
1142,1962,1403
1142,1963,1389
1142,1964,1372
1142,1965,2187
1142,1966,2162
1142,1967,2114
1142,1968,2115
1142,1969,2111
1142,1970,2079
1142,1971,2045
1142,1972,2044
1142,1973,2031
1142,1974,2065
1142,1975,2094
1142,1976,2103
1142,1977,2128
1142,1978,2159
1142,1979,2243
1142,1980,2299
1142,1981,2363
1142,1982,2393
1142,1983,2440
1142,1984,2454
1142,1985,2477
1142,1986,2477
1142,1987,2504
1142,1988,2544
1142,1989,2580
1142,1990,2561
1143,1951,890
1143,1952,868
1143,1953,867
1143,1954,883
1143,1955,887
1143,1956,882
1143,1957,878
1143,1958,869
1143,1959,845
1143,1960,842
1143,1961,817
1143,1962,826
1143,1963,815
1143,1964,814
1144,1951,676
1144,1952,673
1144,1953,669
1144,1954,672
1144,1955,675
1144,1956,678
1144,1957,668
1144,1958,672
1144,1959,667
1144,1960,670
1144,1961,672
1144,1962,672
1144,1963,682
1144,1964,683
1144,1965,683
1144,1966,664
1144,1967,661
1144,1968,649
1144,1969,658
1144,1970,635
1144,1971,605
1144,1972,593
1144,1973,573
1144,1974,555
1144,1975,536
1144,1976,529
1144,1977,531
1144,1978,544
1144,1979,548
1144,1980,555
1144,1981,544
1144,1982,554
1144,1983,539
1144,1984,540
1144,1985,531
1144,1986,518
1144,1987,506
1144,1988,488
1144,1989,499
1144,1990,492
1145,1951,790
1145,1952,777
1145,1953,778
1145,1954,777
1145,1955,788
1145,1956,818
1145,1957,812
1145,1958,827
1145,1959,834
1145,1960,834
1145,1961,822
1145,1962,820
1145,1963,820
1145,1964,801
1145,1965,793
1145,1966,777
1145,1967,774
1145,1968,746
1145,1969,743
1145,1970,759
1145,1971,751
1145,1972,726
1145,1973,709
1145,1974,713
1145,1975,706
1145,1976,700
1145,1977,714
1145,1978,716
1145,1979,725
1145,1980,725
1145,1981,716
1145,1982,720
1145,1983,719
1145,1984,733
1145,1985,743
1145,1986,742
1145,1987,739
1145,1988,736
1145,1989,738
1145,1990,738
1146,1951,1984
1146,1952,1985
1146,1953,1982
1146,1954,1962
1146,1955,1956
1146,1956,1922
1146,1957,1912
1146,1958,1891
1146,1959,1907
1146,1960,1872
1146,1961,1858
1146,1962,1865
1146,1963,1862
1146,1964,1840
1146,1965,5207
1146,1966,5281
1146,1967,5443
1146,1968,5482
1146,1969,5525
1146,1970,5483
1146,1971,5601
1146,1972,5766
1146,1973,5971
1146,1974,6209
1146,1975,6385
1146,1976,6468
1146,1977,6566
1146,1978,6632
1146,1979,6812
1146,1980,6902
1146,1981,6967
1146,1982,7023
1146,1983,7105
1146,1984,7395
1146,1985,7638
1146,1986,7613
1146,1987,7757
1146,1988,7856
1146,1989,7957
1146,1990,8013
1147,1951,4147
1147,1952,4203
1147,1953,4290
1147,1954,4347
1147,1955,4408
1147,1956,4474
1147,1957,4565
1147,1958,4670
1147,1959,4739
1147,1960,4693
1147,1961,4733
1147,1962,4830
1147,1963,4937
1147,1964,5069
1148,1951,1996
1148,1952,2046
1148,1953,2091
1148,1954,2142
1148,1955,2199
1148,1956,2246
1148,1957,2277
1148,1958,2290
1148,1959,2367
1148,1960,2419
1148,1961,2444
1148,1962,2482
1148,1963,2503
1148,1964,2604
1149,1965,23217
1149,1966,24202
1149,1967,25054
1149,1968,25930
1149,1969,26533
1149,1970,27307
1149,1971,27637
1149,1972,28248
1149,1973,28610
1149,1974,29056
1149,1975,29448
1149,1976,29958
1149,1977,30463
1149,1978,30934
1149,1979,31434
1149,1980,31717
1149,1981,32085
1149,1982,32634
1149,1983,33057
1149,1984,33452
1149,1985,33888
1149,1986,34196
1149,1987,34554
1149,1988,34827
1149,1989,35015
1149,1990,35094
1149u,1951,5130
1149u,1952,5189
1149u,1953,5256
1149u,1954,5305
1149u,1955,5416
1149u,1956,5523
1149u,1957,5596
1149u,1958,5699
1149u,1959,5721
1149u,1960,5741
1149u,1961,5626
1149u,1962,5670
1149u,1963,5768
1149u,1964,5824
1150,1951,3274
1150,1952,3294
1150,1953,3345
1150,1954,3389
1150,1955,3432
1150,1956,3365
1150,1957,3364
1150,1958,3346
1150,1959,3340
1150,1960,3353
1150,1961,3422
1150,1962,3393
1150,1963,3461
1150,1964,3544
1151,1951,428
1151,1952,422
1151,1953,394
1151,1954,395
1151,1955,394
1151,1956,405
1151,1957,391
1151,1958,369
1151,1959,388
1151,1960,394
1151,1961,397
1151,1962,390
1151,1963,381
1151,1964,377
1151,1965,374
1151,1966,349
1151,1967,357
1151,1968,353
1151,1969,351
1151,1970,320
1151,1971,304
1151,1972,299
1151,1973,291
1151,1974,287
1151,1975,291
1151,1976,286
1151,1977,283
1151,1978,282
1151,1979,271
1151,1980,265
1151,1981,263
1151,1982,274
1151,1983,263
1151,1984,269
1151,1985,251
1151,1986,252
1151,1987,244
1151,1988,221
1151,1989,218
1151,1990,225
1152,1951,2568
1152,1952,2622
1152,1953,2697
1152,1954,2771
1152,1955,2831
1152,1956,2903
1152,1957,3000
1152,1958,3010
1152,1959,3123
1152,1960,3141
1152,1961,3190
1152,1962,3307
1152,1963,3502
1152,1964,3628
1153,1951,5078
1153,1952,5293
1153,1953,5509
1153,1954,5687
1153,1955,5889
1153,1956,6086
1153,1957,6414
1154,1965,4616
1154,1966,4590
1154,1967,4498
1154,1968,4478
1154,1969,4475
1154,1970,4511
1154,1971,4432
1154,1972,4426
1154,1973,4413
1154,1974,4455
1154,1975,4485
1154,1976,4553
1154,1977,4556
1154,1978,4635
1154,1979,4676
1154,1980,4758
1154,1981,4792
1154,1982,4828
1154,1983,4879
1154,1984,4899
1154,1985,4933
1154,1986,4924
1154,1987,4887
1154,1988,4893
1154,1989,4909
1154,1990,4885
1154u,1951,2381
1154u,1952,2406
1154u,1953,2405
1154u,1954,2397
1154u,1955,2387
1154u,1956,2382
1154u,1957,2378
1154u,1958,2363
1154u,1959,2369
1154u,1960,2387
1154u,1961,2439
1154u,1962,2426
1154u,1963,2440
1154u,1964,2419
1155,1951,1219
1155,1952,1220
1155,1953,1220
1155,1954,1215
1155,1955,1185
1155,1956,1194
1155,1957,1158
1155,1958,1162
1155,1959,1146
1155,1960,1154
1155,1961,1139
1155,1962,1144
1155,1963,1128
1155,1964,1126
1156,1951,607
1156,1952,590
1156,1953,585
1156,1954,559
1156,1955,557
1156,1956,557
1156,1957,559
1156,1958,539
1156,1959,529
1156,1960,498
1156,1961,488
1156,1962,471
1156,1963,462
1156,1964,445
1157,1951,924
1157,1952,922
1157,1953,929
1157,1954,944
1157,1955,939
1157,1956,915
1157,1957,905
1157,1958,902
1157,1959,899
1157,1960,919
1157,1961,939
1157,1962,957
1157,1963,977
1157,1964,977
1158,1951,786
1158,1952,786
1158,1953,774
1158,1954,767
1158,1955,769
1158,1956,782
1158,1957,776
1158,1958,790
1158,1959,827
1158,1960,805
1158,1961,810
1158,1962,846
1158,1963,846
1158,1964,845
1201,1972,211970
1201,1973,213717
1201,1974,214580
1201,1975,214019
1201,1976,213594
1201,1977,212755
1201,1978,211861
1201,1979,210405
1201,1980,208910
1201,1981,207799
1201,1982,207419
1201,1983,207292
1201,1984,207332
1201,1985,207416
1201,1986,207922
1201,1987,208886
1201,1988,209831
1201,1989,211095
1201,1990,211826
1211,1951,2452
1211,1952,2452
1211,1953,2446
1211,1954,2430
1211,1955,2443
1211,1956,2493
1211,1957,2498
1211,1958,2501
1211,1959,2495
1211,1960,2512
1211,1961,2515
1211,1962,2494
1211,1963,2488
1211,1964,2479
1211,1965,3942
1211,1966,3922
1211,1967,3946
1211,1968,3926
1211,1969,3876
1211,1970,3930
1211,1971,3903
1211,1972,3939
1211,1973,3899
1211,1974,3878
1211,1975,3862
1211,1976,3828
1211,1977,3866
1211,1978,3888
1211,1979,3960
1211,1980,3980
1211,1981,4012
1211,1982,4042
1211,1983,4040
1211,1984,4056
1211,1985,4052
1211,1986,4086
1211,1987,4070
1211,1988,4119
1211,1989,4059
1211,1990,4037
1212,1951,2945
1212,1952,2926
1212,1953,2901
1212,1954,2877
1212,1955,2782
1212,1956,2745
1212,1957,2660
1212,1958,2633
1212,1959,2602
1212,1960,2567
1212,1961,2694
1212,1962,2690
1212,1963,2688
1212,1964,2705
1213,1951,2148
1213,1952,2194
1213,1953,2228
1213,1954,2259
1213,1955,2251
1213,1956,2216
1213,1957,2267
1213,1958,2263
1213,1959,2264
1213,1960,2258
1213,1961,2281
1213,1962,2268
1213,1963,2246
1213,1964,2250
1214,1951,2097
1214,1952,2102
1214,1953,2130
1214,1954,2156
1214,1955,2138
1214,1956,2152
1214,1957,2183
1214,1958,2164
1214,1959,2127
1214,1960,2162
1214,1961,2138
1214,1962,2127
1214,1963,2135
1214,1964,2727
1214,1965,2740
1214,1966,2776
1214,1967,2783
1214,1968,2785
1214,1969,2789
1214,1970,2778
1214,1971,2725
1214,1972,2753
1214,1973,2773
1214,1974,2815
1214,1975,2803
1214,1976,2848
1214,1977,2868
1214,1978,2921
1214,1979,2959
1214,1980,2973
1214,1981,3023
1214,1982,3061
1214,1983,3034
1214,1984,3072
1214,1985,3064
1214,1986,3111
1214,1987,3086
1214,1988,3088
1214,1989,3111
1214,1990,3135
1215,1951,1204
1215,1952,1192
1215,1953,1164
1215,1954,1165
1215,1955,1157
1215,1956,1162
1215,1957,1156
1215,1958,1140
1215,1959,1110
1215,1960,1100
1215,1961,1094
1215,1962,1083
1215,1963,1075
1216,1951,1954
1216,1952,1919
1216,1953,1908
1216,1954,1888
1216,1955,1897
1216,1956,1900
1216,1957,1906
1216,1958,1856
1216,1959,1818
1216,1960,1782
1216,1961,1745
1216,1962,1691
1216,1963,1687
1216,1964,3408
1216,1965,3386
1216,1966,3358
1216,1967,3398
1216,1968,3380
1216,1969,3383
1216,1970,3477
1216,1971,3568
1216,1972,3652
1216,1973,3703
1216,1974,3735
1216,1975,3784
1216,1976,3839
1216,1977,3911
1216,1978,3975
1216,1979,4118
1216,1980,4216
1216,1981,4245
1216,1982,4321
1216,1983,4356
1216,1984,4445
1216,1985,4545
1216,1986,4544
1216,1987,4567
1216,1988,4594
1216,1989,4587
1216,1990,4582
1217,1951,1219
1217,1952,1210
1217,1953,1204
1217,1954,1214
1217,1955,1221
1217,1956,1294
1217,1957,1285
1217,1958,1280
1217,1959,1278
1217,1960,1272
1217,1961,1232
1217,1962,1255
1217,1963,1227
1218,1951,1736
1218,1952,1748
1218,1953,1797
1218,1954,1793
1218,1955,1791
1218,1956,1782
1218,1957,1750
1218,1958,1789
1218,1959,1827
1218,1960,1811
1218,1961,1797
1218,1962,1841
1219,1951,1407
1219,1952,1412
1219,1953,1419
1219,1954,1433
1219,1955,1446
1219,1956,1472
1219,1957,1466
1219,1958,1476
1219,1959,1479
1219,1960,1492
1219,1961,1483
1219,1962,1480
1219,1963,8126
1219,1964,8164
1219,1965,8264
1219,1966,8337
1219,1967,8363
1219,1968,8389
1219,1969,8349
1219,1970,8339
1219,1971,8276
1219,1972,8246
1219,1973,8403
1219,1974,8585
1219,1975,8692
1219,1976,8809
1219,1977,8963
1219,1978,9080
1219,1979,9171
1219,1980,9213
1219,1981,9258
1219,1982,9266
1219,1983,9329
1219,1984,9425
1219,1985,9530
1219,1986,9502
1219,1987,9525
1219,1988,9569
1219,1989,9653
1219,1990,9675
1220,1951,4602
1220,1952,4647
1220,1953,4647
1220,1954,4719
1220,1955,4756
1220,1956,4728
1220,1957,4741
1220,1958,4746
1220,1959,4791
1220,1960,4795
1220,1961,4824
1220,1962,4823
1221,1951,5583
1221,1952,5826
1221,1953,6036
1221,1954,6251
1221,1955,6442
1221,1956,6473
1221,1957,6771
1221,1958,6958
1221,1959,7176
1221,1960,7470
1221,1961,7766
1221,1962,8071
1221,1963,8263
1221,1964,8476
1221,1965,8618
1221,1966,8931
1221,1967,9226
1221,1968,9489
1221,1969,9849
1221,1970,10150
1221,1971,10607
1221,1972,11156
1221,1973,11413
1221,1974,11779
1221,1975,12189
1221,1976,12436
1221,1977,13118
1221,1978,13194
1221,1979,12828
1221,1980,12859
1221,1981,13007
1221,1982,13080
1221,1983,13314
1221,1984,13500
1221,1985,13591
1221,1986,13865
1221,1987,14012
1221,1988,14197
1221,1989,14383
1221,1990,14483
1222,1951,3092
1222,1952,3087
1222,1953,3114
1222,1954,3123
1222,1955,3152
1222,1956,3157
1222,1957,3148
1222,1958,3175
1222,1959,3186
1222,1960,3172
1222,1961,3178
1222,1962,3191
1222,1963,3201
1222,1964,2431
1222,1965,2426
1222,1966,2438
1222,1967,2459
1222,1968,2475
1222,1969,2515
1222,1970,2520
1222,1971,2504
1222,1972,2537
1222,1973,2588
1222,1974,2637
1222,1975,2721
1222,1976,2773
1222,1977,2828
1222,1978,2818
1222,1979,2882
1222,1980,2888
1222,1981,2912
1222,1982,2947
1222,1983,2950
1222,1984,2979
1222,1985,2994
1222,1986,2998
1222,1987,3014
1222,1988,3038
1222,1989,3089
1222,1990,3072
1223,1951,3866
1223,1952,3814
1223,1953,3834
1223,1954,3776
1223,1955,3747
1223,1956,3680
1223,1957,3612
1223,1958,3616
1223,1959,3578
1223,1960,3559
1223,1961,3497
1223,1962,3432
1223,1963,3388
1223,1964,3399
1223,1965,3344
1223,1966,3306
1223,1967,3195
1223,1968,3144
1223,1969,3082
1223,1970,3019
1223,1971,2910
1223,1972,2849
1223,1973,2791
1223,1974,2739
1223,1975,2692
1223,1976,2698
1223,1977,2693
1223,1978,2712
1223,1979,2753
1223,1980,2774
1223,1981,2807
1223,1982,2812
1223,1983,2849
1223,1984,2876
1223,1985,2871
1223,1986,2893
1223,1987,2903
1223,1988,2879
1223,1989,2902
1223,1990,2915
1224,1951,5638
1224,1952,5637
1224,1953,5691
1224,1954,5721
1224,1955,5714
1224,1956,5606
1224,1957,5589
1224,1958,5555
1224,1959,5531
1224,1960,5514
1224,1961,5565
1224,1962,5546
1224,1963,5561
1224,1964,5665
1224,1965,9839
1224,1966,10282
1224,1967,10691
1224,1968,11182
1224,1969,11635
1224,1970,11811
1224,1971,12152
1224,1972,12297
1224,1973,12191
1224,1974,12322
1224,1975,12338
1224,1976,12434
1224,1977,12472
1224,1978,12601
1224,1979,12705
1224,1980,12821
1224,1981,12854
1224,1982,12946
1224,1983,13026
1224,1984,13074
1224,1985,13159
1224,1986,13187
1224,1987,13140
1224,1988,13206
1224,1989,13232
1224,1990,13121
1225,1951,812
1225,1952,809
1225,1953,821
1225,1954,816
1225,1955,814
1225,1956,827
1225,1957,830
1225,1958,814
1225,1959,824
1225,1960,818
1225,1961,830
1225,1962,814
1225,1963,815
1225,1964,809
1226,1951,1700
1226,1952,1705
1226,1953,1696
1226,1954,1707
1226,1955,1688
1226,1956,1705
1226,1957,1698
1226,1958,1705
1226,1959,1705
1226,1960,1662
1226,1961,1631
1226,1962,1630
1226,1963,1628
1226,1964,1628
1227,1951,1871
1227,1952,1860
1227,1953,1827
1227,1954,1837
1227,1955,1821
1227,1956,1803
1227,1957,1796
1227,1958,1770
1227,1959,1757
1227,1960,1744
1227,1961,1758
1227,1962,1733
1227,1963,1745
1227,1964,1713
1227,1965,1272
1227,1966,1284
1227,1967,1301
1227,1968,1305
1227,1969,1282
1227,1970,1268
1227,1971,1309
1227,1972,1314
1227,1973,1300
1227,1974,1301
1227,1975,1279
1227,1976,1297
1227,1977,1274
1227,1978,1277
1227,1979,1276
1227,1980,1273
1227,1981,1281
1227,1982,1298
1227,1983,1304
1227,1984,1303
1227,1985,1300
1227,1986,1306
1227,1987,1285
1227,1988,1280
1227,1989,1262
1227,1990,1266
1228,1951,8807
1228,1952,8887
1228,1953,8983
1228,1954,8998
1228,1955,9038
1228,1956,9134
1228,1957,9241
1228,1958,9352
1228,1959,9499
1228,1960,9584
1228,1961,9535
1228,1962,9484
1228,1963,9482
1228,1964,10163
1228,1965,10481
1228,1966,10463
1228,1967,10437
1228,1968,10205
1228,1969,10074
1228,1970,10051
1228,1971,10046
1228,1972,10060
1228,1973,9789
1228,1974,9680
1228,1975,9468
1228,1976,9463
1228,1977,9393
1228,1978,9226
1228,1979,9193
1228,1980,9183
1228,1981,9071
1228,1982,8992
1228,1983,8839
1228,1984,8787
1228,1985,8728
1228,1986,8659
1228,1987,8459
1228,1988,8432
1228,1989,8388
1228,1990,8289
1229,1951,715
1229,1952,668
1229,1953,636
1229,1954,637
1229,1955,609
1229,1956,609
1229,1957,581
1229,1958,587
1229,1959,568
1229,1960,573
1229,1961,593
1229,1962,601
1229,1963,608
1230,1951,2294
1230,1952,2317
1230,1953,2344
1230,1954,2346
1230,1955,2399
1230,1956,2436
1230,1957,2468
1230,1958,2481
1230,1959,2447
1230,1960,2420
1230,1961,2401
1230,1962,2365
1230,1963,2358
1230,1964,4854
1230,1965,4940
1230,1966,4917
1230,1967,4925
1230,1968,4856
1230,1969,4850
1230,1970,4848
1230,1971,4730
1230,1972,4777
1230,1973,4798
1230,1974,4889
1230,1975,5075
1230,1976,5157
1231,1977,3937
1231,1978,3953
1231,1979,4019
1231,1980,4041
1231,1981,4030
1231,1982,4015
1231,1983,4063
1231,1984,4051
1231,1985,4030
1231,1986,4047
1231,1987,4014
1231,1988,3954
1231,1989,3911
1231,1990,3988
1231u,1951,1649
1231u,1952,1647
1231u,1953,1642
1231u,1954,1628
1231u,1955,1636
1231u,1956,1609
1231u,1957,1630
1231u,1958,1628
1231u,1959,1632
1231u,1960,1618
1231u,1961,1611
1231u,1962,1599
1231u,1963,1585
1232,1951,1126
1232,1952,1127
1232,1953,1119
1232,1954,1106
1232,1955,1090
1232,1956,1085
1232,1957,1061
1232,1958,1046
1232,1959,1033
1232,1960,1015
1232,1961,1012
1232,1962,1009
1232,1963,991
1232,1977,1223
1232,1978,1238
1232,1979,1234
1232,1980,1208
1232,1981,1155
1232,1982,1096
1232,1983,1039
1232,1984,1022
1232,1985,1023
1232,1986,1031
1232,1987,1040
1232,1988,1043
1232,1989,1052
1232,1990,1070
1233,1951,1548
1233,1952,1545
1233,1953,1580
1233,1954,1544
1233,1955,1538
1233,1956,1504
1233,1957,1532
1233,1958,1523
1233,1959,1512
1233,1960,1488
1233,1961,1508
1233,1962,1513
1233,1963,1510
1233,1964,1463
1233,1965,1453
1233,1966,1459
1233,1967,1430
1233,1968,1425
1233,1969,1368
1233,1970,1351
1233,1971,1371
1233,1972,1329
1233,1973,1357
1233,1974,1375
1233,1975,1359
1233,1976,1341
1233,1977,1370
1233,1978,1381
1233,1979,1386
1233,1980,1362
1233,1981,1339
1233,1982,1339
1233,1983,1320
1233,1984,1297
1233,1985,1299
1233,1986,1281
1233,1987,1250
1233,1988,1218
1233,1989,1244
1233,1990,1239
1234,1951,1158
1234,1952,1148
1234,1953,1166
1234,1954,1151
1234,1955,1134
1234,1956,1127
1234,1957,1121
1234,1958,1114
1234,1959,1105
1234,1960,1102
1234,1961,1070
1234,1962,1064
1234,1963,1051
1234,1964,1120
1234,1965,1097
1234,1966,1098
1234,1967,1079
1234,1968,1049
1234,1969,1049
1234,1970,1039
1234,1971,1013
1234,1972,1006
1234,1973,999
1234,1974,1004
1234,1975,1000
1234,1976,999
1234,1977,975
1234,1978,981
1234,1979,993
1234,1980,996
1234,1981,1000
1234,1982,1044
1234,1983,1058
1234,1984,1064
1234,1985,1086
1234,1986,1097
1234,1987,1078
1234,1988,1070
1234,1989,1040
1234,1990,1036
1235,1951,9433
1235,1952,9500
1235,1953,9558
1235,1954,9764
1235,1955,9868
1235,1956,9915
1235,1957,10073
1235,1958,10150
1235,1959,10253
1235,1960,10275
1235,1961,10309
1235,1962,10395
1235,1963,10526
1235,1964,13223
1235,1965,13440
1235,1966,13540
1235,1967,13612
1235,1968,13760
1235,1969,13813
1235,1970,13765
1235,1971,13708
1235,1972,13738
1235,1973,13774
1235,1974,13852
1235,1975,13907
1235,1976,13989
1235,1977,13975
1235,1978,14065
1235,1979,14098
1235,1980,14163
1235,1981,14160
1235,1982,14094
1235,1983,14104
1235,1984,14120
1235,1985,14059
1235,1986,14025
1235,1987,14030
1235,1988,14085
1235,1989,14066
1235,1990,14035
1236,1951,1717
1236,1952,1656
1236,1953,1656
1236,1954,1633
1236,1955,1608
1236,1956,1606
1236,1957,1570
1236,1958,1551
1236,1959,1543
1236,1960,1552
1236,1961,1570
1236,1962,1582
1236,1963,1576
1237,1951,1537
1237,1952,1488
1237,1953,1487
1237,1954,1478
1237,1955,1424
1237,1956,1452
1237,1957,1423
1237,1958,1413
1237,1959,1398
1237,1960,1376
1237,1961,1345
1237,1962,1347
1237,1963,1338
1238,1951,5530
1238,1952,5703
1238,1953,5810
1238,1954,5887
1238,1955,5916
1238,1956,6020
1238,1957,6174
1238,1958,6314
1238,1959,6401
1238,1960,6525
1238,1961,6624
1238,1962,6719
1238,1963,6794
1238,1964,6762
1238,1965,9119
1238,1966,9124
1238,1967,9108
1238,1968,9046
1238,1969,9047
1238,1970,9017
1238,1971,8847
1238,1972,8824
1238,1973,8808
1238,1974,8783
1238,1975,8761
1238,1976,8757
1238,1977,8756
1238,1978,8781
1238,1979,8774
1238,1980,8733
1238,1981,8743
1238,1982,8757
1238,1983,8744
1238,1984,8729
1238,1985,8713
1238,1986,8754
1238,1987,8693
1238,1988,8768
1238,1989,8773
1238,1990,8773
1239,1951,605
1239,1952,618
1239,1953,597
1239,1954,584
1239,1955,588
1239,1956,559
1239,1957,550
1239,1958,534
1239,1959,548
1239,1960,536
1239,1961,533
1239,1962,537
1239,1963,534
1240,1951,2303
1240,1952,2298
1240,1953,2318
1240,1954,2315
1240,1955,2270
1240,1956,2237
1240,1957,2236
1240,1958,2205
1240,1959,2179
1240,1960,2166
1240,1961,2151
1240,1962,2111
1240,1963,2078
1241,1951,1514
1241,1952,1526
1241,1953,1529
1241,1954,1519
1241,1955,1519
1241,1956,1519
1241,1957,1498
1241,1958,1501
1241,1959,1498
1241,1960,1516
1241,1961,1517
1241,1962,1508
1241,1963,1515
1241,1964,4047
1241,1965,4001
1241,1966,3971
1241,1967,3982
1241,1968,3937
1241,1969,3941
1241,1970,3916
1241,1971,3818
1241,1972,3760
1241,1973,3730
1241,1974,3687
1241,1975,3673
1241,1976,3628
1241,1977,3650
1241,1978,3698
1241,1979,3723
1241,1980,3765
1241,1981,3836
1241,1982,3818
1241,1983,3809
1241,1984,3816
1241,1985,3838
1241,1986,3820
1241,1987,3798
1241,1988,3766
1241,1989,3776
1241,1990,3727
1242,1951,2503
1242,1952,2461
1242,1953,2470
1242,1954,2484
1242,1955,2506
1242,1956,2565
1242,1957,2539
1242,1958,2517
1242,1959,2485
1242,1960,2493
1242,1961,2437
1242,1962,2383
1242,1963,2363
1242,1964,2368
1242,1965,2344
1242,1966,2299
1242,1967,2271
1242,1968,2239
1242,1969,2225
1242,1970,2180
1242,1971,2183
1242,1972,2168
1242,1973,2179
1242,1974,2160
1242,1975,2187
1242,1976,2233
1242,1977,2258
1242,1978,2254
1242,1979,2267
1242,1980,2305
1242,1981,2319
1242,1982,2348
1242,1983,2362
1242,1984,2378
1242,1985,2376
1242,1986,2383
1242,1987,2404
1242,1988,2384
1242,1989,2383
1242,1990,2412
1243,1951,5580
1243,1952,5781
1243,1953,5896
1243,1954,6056
1243,1955,6177
1243,1956,6198
1243,1957,6283
1243,1958,6422
1243,1959,6481
1243,1960,6637
1243,1961,6742
1243,1962,6773
1243,1963,6922
1243,1964,7080
1243,1965,7220
1243,1966,7361
1243,1967,7516
1243,1968,7688
1243,1969,7848
1243,1970,8006
1243,1971,8162
1243,1972,8415
1243,1973,8527
1243,1974,8702
1243,1975,9081
1243,1976,9339
1243,1977,9675
1243,1978,10032
1243,1979,10301
1243,1980,10598
1243,1981,10874
1243,1982,11123
1243,1983,11307
1243,1984,11446
1243,1985,11499
1243,1986,11763
1243,1987,12016
1243,1988,12190
1243,1989,12427
1243,1990,12608
1244,1951,3231
1244,1952,3209
1244,1953,3229
1244,1954,3270
1244,1955,3296
1244,1956,3362
1244,1957,3388
1244,1958,3369
1244,1959,3411
1244,1960,3413
1244,1961,3366
1244,1962,3353
1244,1963,3349
1244,1964,4055
1244,1965,4048
1244,1966,4058
1244,1967,4042
1244,1968,4057
1244,1969,4034
1244,1970,3957
1244,1971,3854
1244,1972,3884
1244,1973,3856
1244,1974,3846
1244,1975,3855
1244,1976,3852
1244,1977,3887
1244,1978,3878
1244,1979,3911
1244,1980,3893
1244,1981,3912
1244,1982,3986
1244,1983,4049
1244,1984,4085
1244,1985,4134
1244,1986,4178
1244,1987,4173
1244,1988,4148
1244,1989,4157
1244,1990,4200
1245,1951,2998
1245,1952,3039
1245,1953,3052
1245,1954,3026
1245,1955,3038
1245,1956,3072
1245,1957,3119
1245,1958,3120
1245,1959,3152
1245,1960,3092
1245,1961,3074
1245,1962,3101
1245,1963,3098
1245,1964,3078
1245,1965,3057
1245,1966,3053
1245,1967,3052
1245,1968,3080
1245,1969,3100
1245,1970,3110
1245,1971,3060
1245,1972,3078
1245,1973,3101
1245,1974,3210
1245,1975,3259
1245,1976,3356
1245,1977,3490
1245,1978,3572
1245,1979,3727
1245,1980,3900
1245,1981,4020
1245,1982,4188
1245,1983,4328
1245,1984,4414
1245,1985,4512
1245,1986,4585
1245,1987,4763
1245,1988,4878
1245,1989,4961
1245,1990,4976
1246,1951,5172
1246,1952,5154
1246,1953,5191
1246,1954,5259
1246,1955,5200
1246,1956,5335
1246,1957,5310
1246,1958,5341
1246,1959,5368
1246,1960,5453
1246,1961,5418
1246,1962,5517
1246,1963,5559
1246,1964,6045
1246,1965,6127
1246,1966,6196
1246,1967,6289
1246,1968,6482
1246,1969,6673
1246,1970,6798
1246,1971,6936
1246,1972,7204
1246,1973,7533
1246,1974,7871
1246,1975,8271
1246,1976,8533
1246,1977,8855
1246,1978,9299
1246,1979,9817
1246,1980,10177
1246,1981,10517
1246,1982,10755
1246,1983,11183
1246,1984,11623
1246,1985,12200
1246,1986,12793
1246,1987,13300
1246,1988,13816
1246,1989,14337
1246,1990,14735
1247,1951,7616
1247,1952,7826
1247,1953,8117
1247,1954,8449
1247,1955,8726
1247,1956,8939
1247,1957,9041
1247,1958,9245
1247,1959,9472
1247,1960,9688
1247,1961,9849
1247,1962,10136
1247,1963,10463
1247,1964,12454
1247,1965,12671
1247,1966,13048
1247,1967,13276
1247,1968,13521
1247,1969,13765
1247,1970,14085
1247,1971,14526
1247,1972,14770
1247,1973,15006
1247,1974,15199
1247,1975,15589
1247,1976,15951
1247,1977,15997
1247,1978,16331
1247,1979,16501
1247,1980,16735
1247,1981,17148
1247,1982,17490
1247,1983,17765
1247,1984,17960
1247,1985,18036
1247,1986,18163
1247,1987,18399
1247,1988,18504
1247,1989,18682
1247,1990,18631
1248,1951,13710
1248,1952,14055
1248,1953,14575
1248,1954,15245
1248,1955,15722
1248,1956,16176
1248,1957,16684
1248,1958,17073
1248,1959,17350
1248,1960,17573
1248,1961,18150
1248,1962,18489
1248,1963,18902
1248,1964,19519
1248,1965,19937
1248,1966,20390
1248,1967,20627
1248,1968,21037
1248,1969,21497
1248,1970,21975
1248,1971,23350
1249,1951,22886
1249,1952,23785
1249,1953,24763
1249,1954,26042
1249,1955,27655
1249,1956,27218
1249,1957,28392
1249,1958,29833
1249,1959,31129
1249,1960,32323
1249,1961,33703
1249,1962,35018
1249,1963,36098
1249,1964,36879
1249,1965,37488
1249,1966,38587
1249,1967,39461
1249,1968,40665
1249,1969,41969
1249,1970,43147
1249,1971,44059
1250,1964,8858
1250,1965,9050
1250,1966,9297
1250,1967,9468
1250,1968,9726
1250,1969,10114
1250,1970,11022
1250,1971,11476
1250u,1951,8902
1250u,1952,9168
1250u,1953,9312
1250u,1954,9520
1250u,1955,9691
1250u,1956,9797
1250u,1957,9914
1250u,1958,10071
1250u,1959,10196
1250u,1960,10344
1250u,1961,10400
1250u,1962,10593
1250u,1963,10843
1251,1964,5666
1251,1965,5674
1251,1966,5632
1251,1967,5568
1251,1968,5563
1251,1969,5538
1251,1970,5498
1251,1971,5427
1251,1972,5301
1251,1973,5186
1251,1974,5141
1251,1975,5075
1251,1976,4987
1251,1977,4896
1251,1978,4837
1251,1979,4862
1251,1980,4851
1251,1981,4788
1251,1982,4782
1251,1983,4795
1251,1984,4778
1251,1985,4692
1251,1986,4650
1251,1987,4626
1251,1988,4577
1251,1989,4566
1251,1990,4519
1251u,1951,5572
1251u,1952,5697
1251u,1953,5769
1251u,1954,5778
1251u,1955,5781
1251u,1956,5743
1251u,1957,5779
1251u,1958,5788
1251u,1959,5773
1251u,1960,5800
1251u,1961,5796
1251u,1962,5762
1251u,1963,5709
1252,1951,627
1252,1952,618
1252,1953,610
1252,1954,603
1252,1955,556
1252,1956,572
1252,1957,563
1252,1958,543
1252,1959,562
1252,1960,544
1252,1961,534
1252,1962,528
1252,1963,503
1252,1964,346
1252,1965,339
1252,1966,332
1252,1967,328
1252,1968,318
1252,1969,310
1252,1970,295
1252,1971,291
1252,1972,285
1252,1973,267
1252,1974,268
1252,1975,276
1252,1976,269
1252,1977,279
1252,1978,285
1252,1979,307
1252,1980,313
1252,1981,323
1252,1982,337
1252,1983,343
1252,1984,355
1252,1985,375
1252,1986,378
1252,1987,382
1252,1988,355
1252,1989,348
1252,1990,340
1253,1964,5518
1253,1965,5548
1253,1966,5592
1253,1967,5602
1253,1968,5588
1253,1969,5642
1253,1970,5660
1253,1971,5643
1253,1972,5655
1253,1973,5759
1253,1974,5896
1253,1975,6114
1253,1976,6213
1253,1977,6289
1253,1978,6394
1253,1979,6516
1253,1980,6579
1253,1981,6653
1253,1982,6668
1253,1983,6778
1253,1984,6867
1253,1985,6864
1253,1986,6897
1253,1987,6908
1253,1988,6950
1253,1989,6969
1253,1990,7016
1253u,1951,2688
1253u,1952,2716
1253u,1953,2709
1253u,1954,2645
1253u,1955,2631
1253u,1956,2632
1253u,1957,2595
1253u,1958,2557
1253u,1959,2551
1253u,1960,2513
1253u,1961,2438
1253u,1962,2440
1253u,1963,2442
1254,1951,2721
1254,1952,2743
1254,1953,2779
1254,1954,2723
1254,1955,2711
1254,1956,2698
1254,1957,2735
1254,1958,2704
1254,1959,2669
1254,1960,2655
1254,1961,2596
1254,1962,2553
1254,1963,2579
1255,1951,6011
1255,1952,6398
1255,1953,6685
1255,1954,7111
1255,1955,7662
1255,1956,8023
1255,1957,8545
1255,1958,8995
1255,1959,9407
1255,1960,9834
1255,1961,10281
1255,1962,10783
1255,1963,11184
1255,1964,11645
1255,1965,12040
1255,1966,12410
1255,1967,13225
1255,1968,14381
1255,1969,15374
1255,1970,16197
1255,1971,18161
1256,1951,1930
1256,1952,1954
1256,1953,1957
1256,1954,1925
1256,1955,1886
1256,1956,1827
1256,1957,1787
1256,1958,1758
1256,1959,1733
1256,1960,1721
1256,1961,1732
1256,1962,1718
1256,1963,1733
1256,1964,2538
1256,1965,2514
1256,1966,2514
1256,1967,2626
1256,1968,2640
1256,1969,2656
1256,1970,2694
1256,1971,2671
1256,1972,2745
1256,1973,2783
1256,1974,2859
1256,1975,2954
1256,1976,3054
1256,1977,3132
1256,1978,3211
1256,1979,3353
1256,1980,3508
1256,1981,3699
1256,1982,3831
1256,1983,3915
1256,1984,3979
1256,1985,4121
1256,1986,4151
1256,1987,4275
1256,1988,4406
1256,1989,4508
1256,1990,4534
1257,1951,1980
1257,1952,1974
1257,1953,1974
1257,1954,1973
1257,1955,2016
1257,1956,1994
1257,1957,2008
1257,1958,2051
1257,1959,2074
1257,1960,2089
1257,1961,2064
1257,1962,2097
1257,1963,2081
1258,1951,5141
1258,1952,5154
1258,1953,5159
1258,1954,5178
1258,1955,5161
1258,1956,5203
1258,1957,5253
1258,1958,5256
1258,1959,5218
1258,1960,5115
1258,1961,5083
1258,1962,5024
1258,1963,4991
1259,1964,3087
1259,1965,3090
1259,1966,3008
1259,1967,2949
1259,1968,2970
1259,1969,2885
1259,1970,2835
1259,1971,2708
1259,1972,2665
1259,1973,2558
1259,1974,2497
1259,1975,2457
1259,1976,2456
1259,1977,2483
1259,1978,2494
1259,1979,2499
1259,1980,2534
1259,1981,2574
1259,1982,2568
1259,1983,2595
1259,1984,2617
1259,1985,2623
1259,1986,2709
1259,1987,2892
1259,1988,3027
1259,1989,3095
1259,1990,3158
1259u,1951,1050
1259u,1952,1053
1259u,1953,1037
1259u,1954,1033
1259u,1955,1045
1259u,1956,1052
1259u,1957,1043
1259u,1958,1044
1259u,1959,1051
1259u,1960,1057
1259u,1961,1027
1259u,1962,1015
1259u,1963,989
1260,1964,4329
1260,1965,4309
1260,1966,4229
1260,1967,4213
1260,1968,4191
1260,1969,4161
1260,1970,4100
1260,1971,4224
1260,1972,4216
1260,1973,4203
1260,1974,4210
1260,1975,4219
1260,1976,4231
1260,1977,4231
1260,1978,4276
1260,1979,4335
1260,1980,4363
1260,1981,4426
1260,1982,4415
1260,1983,4465
1260,1984,4462
1260,1985,4472
1260,1986,4487
1260,1987,4570
1260,1988,4569
1260,1989,4584
1260,1990,4560
1260u,1951,1887
1260u,1952,1886
1260u,1953,1868
1260u,1954,1856
1260u,1955,1839
1260u,1956,1836
1260u,1957,1854
1260u,1958,1848
1260u,1959,1815
1260u,1960,1793
1260u,1961,1745
1260u,1962,1727
1260u,1963,1704
1261,1951,1367
1261,1952,1349
1261,1953,1310
1261,1954,1310
1261,1955,1315
1261,1956,1380
1261,1957,1376
1261,1958,1350
1261,1959,1371
1261,1960,1338
1261,1961,1312
1261,1962,1317
1261,1963,1328
1262,1951,1009
1262,1952,1021
1262,1953,1013
1262,1954,1011
1262,1955,1003
1262,1956,980
1262,1957,1005
1262,1958,985
1262,1959,977
1262,1960,989
1262,1961,994
1262,1962,981
1262,1963,946
1263,1951,4121
1263,1952,4082
1263,1953,4113
1263,1954,4159
1263,1955,4124
1263,1956,4167
1263,1957,4136
1263,1958,4109
1263,1959,4090
1263,1960,4084
1263,1961,4031
1263,1962,4020
1263,1963,4012
1263,1964,7833
1263,1965,7841
1263,1966,7829
1263,1967,7817
1263,1968,7796
1263,1969,7759
1263,1970,7776
1263,1971,7733
1263,1972,7789
1263,1973,8060
1263,1974,8470
1263,1975,9060
1263,1976,9187
1263,1977,9337
1263,1978,9509
1263,1979,9804
1263,1980,10099
1263,1981,10352
1263,1982,10586
1263,1983,10859
1263,1984,10946
1263,1985,11079
1263,1986,11091
1263,1987,11349
1263,1988,11722
1263,1989,11908
1263,1990,11861
1264,1951,2390
1264,1952,2363
1264,1953,2371
1264,1954,2344
1264,1955,2314
1264,1956,2344
1264,1957,2317
1264,1958,2275
1264,1959,2244
1264,1960,2216
1264,1961,2147
1264,1962,2105
1264,1963,2102
1264,1964,2005
1264,1965,1965
1264,1966,1925
1264,1967,1937
1264,1968,1931
1264,1969,1916
1264,1970,1880
1264,1971,1849
1264,1972,1866
1264,1973,1966
1264,1974,2067
1264,1975,2232
1264,1976,2367
1264,1977,2464
1264,1978,2506
1264,1979,2523
1264,1980,2549
1264,1981,2591
1264,1982,2606
1264,1983,2624
1264,1984,2614
1264,1985,2591
1264,1986,2585
1264,1987,2622
1264,1988,2722
1264,1989,2732
1264,1990,2684
1265,1951,940
1265,1952,952
1265,1953,947
1265,1954,994
1265,1955,992
1265,1956,932
1265,1957,937
1265,1958,926
1265,1959,918
1265,1960,932
1265,1961,914
1265,1962,904
1265,1963,904
1265,1964,890
1265,1965,893
1265,1966,879
1265,1967,869
1265,1968,879
1265,1969,871
1265,1970,873
1265,1971,849
1265,1972,832
1265,1973,848
1265,1974,840
1265,1975,873
1265,1976,874
1265,1977,870
1265,1978,864
1265,1979,854
1265,1980,849
1265,1981,836
1265,1982,845
1265,1983,835
1265,1984,835
1265,1985,811
1265,1986,795
1265,1987,775
1265,1988,761
1265,1989,746
1265,1990,730
1266,1951,1928
1266,1952,1930
1266,1953,1947
1266,1954,1921
1266,1955,1962
1266,1956,2002
1266,1957,1992
1266,1958,1971
1266,1959,1978
1266,1960,1987
1266,1961,2013
1266,1962,1987
1266,1963,1967
1266,1964,1977
1266,1965,1984
1266,1966,1949
1266,1967,1949
1266,1968,1935
1266,1969,1895
1266,1970,1858
1266,1971,1843
1266,1972,1848
1266,1973,1869
1266,1974,1851
1266,1975,1866
1266,1976,1877
1266,1977,1878
1266,1978,1883
1266,1979,1887
1266,1980,1915
1266,1981,1899
1266,1982,1877
1266,1983,1895
1266,1984,1915
1266,1985,1931
1266,1986,1926
1266,1987,1927
1266,1988,1917
1266,1989,1900
1266,1990,1891
1301,1951,112910
1301,1952,112981
1301,1953,113243
1301,1954,112982
1301,1955,112517
1301,1956,114720
1301,1957,114723
1301,1958,114711
1301,1959,115378
1301,1960,115848
1301,1961,115650
1301,1962,116122
1301,1963,116474
1301,1964,116876
1301,1965,117148
1301,1966,117240
1301,1967,117480
1301,1968,116877
1301,1969,116189
1301,1970,115738
1301,1971,113351
1401,1964,7715
1401,1965,7705
1401,1966,7695
1401,1967,7842
1401,1968,7908
1401,1969,7952
1401,1970,8009
1401,1971,8118
1401,1972,8307
1401,1973,8459
1401,1974,8648
1401,1975,8740
1401,1976,8823
1401,1977,8939
1401,1978,9014
1401,1979,9045
1401,1980,9036
1401,1981,9138
1401,1982,9165
1401,1983,9227
1401,1984,9266
1401,1985,9344
1401,1986,9438
1401,1987,9528
1401,1988,9592
1401,1989,9747
1401,1990,9856
1401u,1951,1808
1401u,1952,1901
1401u,1953,1934
1401u,1954,2013
1401u,1955,2075
1401u,1956,2063
1401u,1957,2093
1401u,1958,2102
1401u,1959,2116
1401u,1960,2072
1401u,1961,1983
1401u,1962,2014
1401u,1963,2017
1411,1951,2917
1411,1952,2885
1411,1953,2851
1411,1954,2812
1411,1955,2767
1411,1956,2710
1411,1957,2679
1411,1958,2649
1411,1959,2664
1411,1960,2618
1411,1961,2587
1411,1962,2556
1411,1963,2546
1411,1964,3250
1411,1965,3216
1411,1966,3152
1411,1967,3086
1411,1968,3040
1411,1969,3015
1411,1970,2942
1411,1971,2844
1411,1972,2835
1411,1973,2835
1411,1974,2825
1411,1975,2831
1411,1976,2798
1411,1977,2791
1411,1978,2781
1411,1979,2748
1411,1980,2729
1411,1981,2734
1411,1982,2705
1411,1983,2693
1411,1984,2687
1411,1985,2668
1411,1986,2664
1411,1987,2650
1411,1988,2635
1411,1989,2609
1411,1990,2606
1412,1951,1802
1412,1952,1796
1412,1953,1801
1412,1954,1779
1412,1955,1754
1412,1956,1757
1412,1957,1755
1412,1958,1721
1412,1959,1699
1412,1960,1695
1412,1961,1655
1412,1962,1639
1412,1963,1586
1412,1964,1589
1412,1965,1581
1412,1966,1551
1412,1967,1518
1412,1968,1473
1412,1969,1455
1412,1970,1376
1412,1971,1316
1412,1972,1284
1412,1973,1264
1412,1974,1257
1412,1975,1258
1412,1976,1251
1412,1977,1244
1412,1978,1223
1412,1979,1221
1412,1980,1211
1412,1981,1191
1412,1982,1160
1412,1983,1159
1412,1984,1160
1412,1985,1167
1412,1986,1170
1412,1987,1154
1412,1988,1144
1412,1989,1158
1412,1990,1144
1413,1951,2151
1413,1952,2119
1413,1953,2120
1413,1954,2088
1413,1955,2075
1413,1956,2098
1413,1957,2031
1413,1958,2011
1413,1959,1998
1413,1960,1988
1413,1961,1946
1413,1962,1926
1413,1963,1922
1413,1964,1898
1413,1965,1863
1413,1966,1798
1413,1967,1788
1413,1968,1789
1413,1969,1784
1413,1970,1793
1413,1971,1800
1413,1972,1806
1413,1973,1783
1413,1974,1784
1413,1975,1754
1413,1976,1783
1413,1977,1807
1413,1978,1798
1413,1979,1803
1413,1980,1805
1413,1981,1788
1413,1982,1787
1413,1983,1779
1413,1984,1793
1413,1985,1800
1413,1986,1786
1413,1987,1771
1413,1988,1768
1413,1989,1738
1413,1990,1751
1414,1951,838
1414,1952,853
1414,1953,839
1414,1954,834
1414,1955,839
1414,1956,822
1414,1957,814
1414,1958,802
1414,1959,790
1414,1960,793
1414,1961,788
1414,1962,781
1414,1963,782
1415,1951,975
1415,1952,952
1415,1953,949
1415,1954,943
1415,1955,945
1415,1956,969
1415,1957,960
1415,1958,945
1415,1959,954
1415,1960,938
1415,1961,946
1415,1962,937
1415,1963,902
1416,1964,5636
1416,1965,5599
1416,1966,5542
1416,1967,5493
1416,1968,5417
1416,1969,5415
1416,1970,5334
1416,1971,5404
1416,1972,5328
1416,1973,5207
1416,1974,5085
1416,1975,5035
1416,1976,5077
1416,1977,5110
1416,1978,5084
1416,1979,5075
1416,1980,5044
1416,1981,5033
1416,1982,5041
1416,1983,5013
1416,1984,4963
1416,1985,4948
1416,1986,4909
1416,1987,4866
1416,1988,4816
1416,1989,4823
1416,1990,4864
1416u,1951,4691
1416u,1952,4707
1416u,1953,4648
1416u,1954,4587
1416u,1955,4571
1416u,1956,4597
1416u,1957,4612
1416u,1958,4609
1416u,1959,4618
1416u,1960,4636
1416u,1961,4566
1416u,1962,4524
1416u,1963,4653
1417,1951,3069
1417,1952,3033
1417,1953,2994
1417,1954,2958
1417,1955,2957
1417,1956,2990
1417,1957,2975
1417,1958,2908
1417,1959,2892
1417,1960,2859
1417,1961,2815
1417,1962,2805
1417,1963,2798
1417,1964,2623
1417,1965,2765
1417,1966,2849
1417,1967,2909
1417,1968,2935
1417,1969,2910
1417,1970,2909
1417,1971,2790
1417,1972,2762
1417,1973,2729
1417,1974,2643
1417,1975,2641
1417,1976,2605
1417,1977,2625
1417,1978,2610
1417,1979,2624
1417,1980,2659
1417,1981,2637
1417,1982,2626
1417,1983,2605
1417,1984,2550
1417,1985,2573
1417,1986,2528
1417,1987,2541
1417,1988,2515
1417,1989,2512
1417,1990,2507
1418,1951,2020
1418,1952,2038
1418,1953,1985
1418,1954,1960
1418,1955,1945
1418,1956,1934
1418,1957,1905
1418,1958,1906
1418,1959,1891
1418,1960,1880
1418,1961,1838
1418,1962,1833
1418,1963,1802
1418,1964,1968
1418,1965,1988
1418,1966,1976
1418,1967,1957
1418,1968,1930
1418,1969,1920
1418,1970,1913
1418,1971,1862
1418,1972,1880
1418,1973,1908
1418,1974,1902
1418,1975,1834
1418,1976,1816
1418,1977,1844
1418,1978,1869
1418,1979,1855
1418,1980,1849
1418,1981,1855
1418,1982,1855
1418,1983,1895
1418,1984,1906
1418,1985,1919
1418,1986,1894
1418,1987,1882
1418,1988,1898
1418,1989,1867
1418,1990,1915
1419,1951,2620
1419,1952,2579
1419,1953,2594
1419,1954,2588
1419,1955,2564
1419,1956,2649
1419,1957,2633
1419,1958,2624
1419,1959,2647
1419,1960,2630
1419,1961,2661
1419,1962,2696
1419,1963,2663
1419,1964,2680
1419,1965,2669
1419,1966,2708
1419,1967,2723
1419,1968,2713
1419,1969,2746
1419,1970,2726
1419,1971,2688
1419,1972,2734
1419,1973,2756
1419,1974,2761
1419,1975,2817
1419,1976,2784
1419,1977,2757
1419,1978,2758
1419,1979,2785
1419,1980,2822
1419,1981,2831
1419,1982,2793
1419,1983,2790
1419,1984,2811
1419,1985,2834
1419,1986,2839
1419,1987,2824
1419,1988,2858
1419,1989,2822
1419,1990,2834
1420,1951,3749
1420,1952,3732
1420,1953,3741
1420,1954,3742
1420,1955,3733
1420,1956,3735
1420,1957,3776
1420,1958,3802
1420,1959,3813
1420,1960,3824
1420,1961,3899
1420,1962,3914
1420,1963,3936
1420,1964,3974
1420,1965,4020
1420,1966,4073
1420,1967,4188
1420,1968,4298
1420,1969,4338
1420,1970,4413
1420,1971,4474
1420,1972,4616
1420,1973,4780
1420,1974,4883
1420,1975,5026
1420,1976,5139
1420,1977,5191
1420,1978,5250
1420,1979,5337
1420,1980,5438
1420,1981,5506
1420,1982,5610
1420,1983,5609
1420,1984,5654
1420,1985,5671
1420,1986,5729
1420,1987,5735
1420,1988,5771
1420,1989,5847
1420,1990,5940
1421,1951,2367
1421,1952,2393
1421,1953,2366
1421,1954,2380
1421,1955,2362
1421,1956,2316
1421,1957,2309
1421,1958,2241
1421,1959,2235
1421,1960,2227
1421,1961,2189
1421,1962,2187
1421,1963,2181
1421,1964,2160
1421,1965,2136
1421,1966,2080
1421,1967,2074
1421,1968,2060
1421,1969,2053
1421,1970,2118
1421,1971,2374
1421,1972,2322
1421,1973,2286
1421,1974,2220
1421,1975,2135
1421,1976,2124
1421,1977,2114
1421,1978,2147
1421,1979,2125
1421,1980,2096
1421,1981,2098
1421,1982,2046
1421,1983,1999
1421,1984,1974
1421,1985,1946
1421,1986,1933
1421,1987,1896
1421,1988,1880
1421,1989,1873
1421,1990,1834
1422,1951,1883
1422,1952,1838
1422,1953,1826
1422,1954,1830
1422,1955,1834
1422,1956,1868
1422,1957,1865
1422,1958,1865
1422,1959,1855
1422,1960,1832
1422,1961,1816
1422,1962,1819
1422,1963,1778
1422,1964,2258
1422,1965,2216
1422,1966,2192
1422,1967,2156
1422,1968,2175
1422,1969,2161
1422,1970,2152
1422,1971,2144
1422,1972,2238
1422,1973,2290
1422,1974,2332
1422,1975,2328
1422,1976,2223
1422,1977,2161
1422,1978,2182
1422,1979,2220
1422,1980,2203
1422,1981,2223
1422,1982,2235
1422,1983,2240
1422,1984,2243
1422,1985,2245
1422,1986,2263
1422,1987,2249
1422,1988,2208
1422,1989,2268
1422,1990,2172
1423,1951,572
1423,1952,466
1423,1953,455
1423,1954,445
1423,1955,450
1423,1956,549
1423,1957,540
1423,1958,526
1423,1959,529
1423,1960,517
1423,1961,512
1423,1962,504
1423,1963,501
1424,1951,3775
1424,1952,4438
1424,1953,4777
1424,1954,4942
1424,1955,5048
1424,1956,4764
1424,1957,4973
1424,1958,5347
1424,1959,5709
1424,1960,5945
1424,1961,6166
1424,1962,6336
1424,1963,6689
1424,1964,6831
1424,1965,7142
1424,1966,7242
1424,1967,7331
1424,1968,7264
1424,1969,7325
1424,1970,7452
1424,1971,7547
1424,1972,7556
1424,1973,7403
1424,1974,7228
1424,1975,7035
1424,1976,6937
1424,1977,6900
1424,1978,6840
1424,1979,6806
1424,1980,6755
1424,1981,6661
1424,1982,6703
1424,1983,6518
1424,1984,6485
1424,1985,6370
1424,1986,6305
1424,1987,6246
1424,1988,6311
1424,1989,6280
1424,1990,6257
1425,1951,2776
1425,1952,2708
1425,1953,2653
1425,1954,2589
1425,1955,2535
1425,1956,2557
1425,1957,2512
1425,1958,2481
1425,1959,2452
1425,1960,2418
1425,1961,2457
1425,1962,2417
1426,1951,2850
1426,1952,2744
1426,1953,2703
1426,1954,2642
1426,1955,2615
1426,1956,2626
1426,1957,2703
1426,1958,2773
1426,1959,2906
1426,1960,2936
1426,1961,2845
1426,1962,2833
1426,1963,5854
1426,1964,5713
1426,1965,5615
1426,1966,5508
1426,1967,5339
1426,1968,5259
1426,1969,5203
1426,1970,5126
1426,1971,5140
1426,1972,5107
1426,1973,5031
1426,1974,4977
1426,1975,5006
1426,1976,5084
1426,1977,5132
1426,1978,5098
1426,1979,5084
1426,1980,5078
1426,1981,5102
1426,1982,5100
1426,1983,5120
1426,1984,5081
1426,1985,5119
1426,1986,5130
1426,1987,5167
1426,1988,5159
1426,1989,5185
1426,1990,5172
1427,1951,915
1427,1952,857
1427,1953,835
1427,1954,808
1427,1955,798
1427,1956,869
1427,1957,867
1427,1958,863
1427,1959,825
1427,1960,822
1427,1961,817
1427,1962,810
1428,1951,3293
1428,1952,3274
1428,1953,3213
1428,1954,3173
1428,1955,3137
1428,1956,3148
1428,1957,3156
1428,1958,3117
1428,1959,3145
1428,1960,3143
1428,1961,3110
1428,1962,3120
1428,1963,3104
1428,1964,3585
1428,1965,3548
1428,1966,3553
1428,1967,3569
1428,1968,3580
1428,1969,3560
1428,1970,3559
1428,1971,3492
1428,1972,3492
1428,1973,3436
1428,1974,3392
1428,1975,3373
1428,1976,3310
1428,1977,3353
1428,1978,3347
1428,1979,3333
1428,1980,3341
1428,1981,3392
1428,1982,3408
1428,1983,3418
1428,1984,3427
1428,1985,3439
1428,1986,3412
1428,1987,3403
1428,1988,3363
1428,1989,3341
1428,1990,3539
1429,1951,3859
1429,1952,3825
1429,1953,3847
1429,1954,3872
1429,1955,3868
1429,1956,3903
1429,1957,3866
1429,1958,3854
1429,1959,3835
1429,1960,3861
1429,1961,3834
1429,1962,3781
1429,1963,3846
1429,1964,3833
1429,1965,3830
1429,1966,3756
1429,1967,3802
1429,1968,3785
1429,1969,3746
1429,1970,3674
1429,1971,3570
1429,1972,3555
1429,1973,3508
1429,1974,3477
1429,1975,3448
1429,1976,3421
1429,1977,3389
1429,1978,3399
1429,1979,3381
1429,1980,3351
1429,1981,3406
1429,1982,3397
1429,1983,3414
1429,1984,3385
1429,1985,3408
1429,1986,3390
1429,1987,3352
1429,1988,3368
1429,1989,3321
1429,1990,2927
1430,1951,3039
1430,1952,2979
1430,1953,2961
1430,1954,2948
1430,1955,2968
1430,1956,2956
1430,1957,2932
1430,1958,2908
1430,1959,2885
1430,1960,2854
1430,1961,2843
1430,1962,2819
1430,1963,2815
1430,1964,2808
1430,1965,2798
1430,1966,2743
1430,1967,2729
1430,1968,2700
1430,1969,2659
1430,1970,2657
1430,1971,2604
1430,1972,2576
1430,1973,2611
1430,1974,2602
1430,1975,2663
1430,1976,2699
1430,1977,2727
1430,1978,2750
1430,1979,2798
1430,1980,2809
1430,1981,2877
1430,1982,2888
1430,1983,2864
1430,1984,2838
1430,1985,2859
1430,1986,2849
1430,1987,2843
1430,1988,2842
1430,1989,2861
1430,1990,2939
1431,1951,2813
1431,1952,2830
1431,1953,2796
1431,1954,2758
1431,1955,2741
1431,1956,2693
1431,1957,2664
1431,1958,2679
1431,1959,2674
1431,1960,2652
1431,1961,2630
1431,1962,2651
1431,1963,2629
1431,1964,2622
1431,1965,2580
1431,1966,2559
1431,1967,2573
1431,1968,2572
1431,1969,2561
1431,1970,2555
1431,1971,2558
1431,1972,2612
1431,1973,2645
1431,1974,2670
1431,1975,2708
1431,1976,2747
1431,1977,2854
1431,1978,2909
1431,1979,2989
1431,1980,3027
1431,1981,3002
1431,1982,2997
1431,1983,3016
1431,1984,3037
1431,1985,3038
1431,1986,3023
1431,1987,3016
1431,1988,3011
1431,1989,2987
1431,1990,3026
1432,1951,3080
1432,1952,3149
1432,1953,3117
1432,1954,3121
1432,1955,3140
1432,1956,3156
1432,1957,3251
1432,1958,3215
1432,1959,3308
1432,1960,3337
1432,1961,3399
1432,1962,3482
1432,1963,3580
1432,1964,3963
1432,1965,4051
1432,1966,4100
1432,1967,4156
1432,1968,4325
1432,1969,4464
1432,1970,4642
1432,1971,4728
1432,1972,5044
1432,1973,5313
1432,1974,5613
1432,1975,5814
1432,1976,6080
1432,1977,6224
1432,1978,6402
1432,1979,6626
1432,1980,7086
1432,1981,7427
1432,1982,7647
1432,1983,7786
1432,1984,7783
1432,1985,7827
1432,1986,7954
1432,1987,8044
1432,1988,8143
1432,1989,8314
1432,1990,8505
1433,1951,2163
1433,1952,2111
1433,1953,2090
1433,1954,2071
1433,1955,2062
1433,1956,2059
1433,1957,2019
1433,1958,2000
1433,1959,2012
1433,1960,1985
1433,1961,1978
1433,1962,1976
1433,1963,1937
1433,1964,2072
1433,1965,2107
1433,1966,2110
1433,1967,2041
1433,1968,2080
1433,1969,2053
1433,1970,2057
1433,1971,2055
1433,1972,2085
1433,1973,2119
1433,1974,2185
1433,1975,2284
1433,1976,2456
1433,1977,2510
1433,1978,2529
1433,1979,2630
1433,1980,2649
1433,1981,2652
1433,1982,2690
1433,1983,2740
1433,1984,2736
1433,1985,2749
1433,1986,2762
1433,1987,2697
1433,1988,2734
1433,1989,2724
1433,1990,2719
1434,1951,954
1434,1952,941
1434,1953,948
1434,1954,924
1434,1955,921
1434,1956,925
1434,1957,919
1434,1958,906
1434,1959,884
1434,1960,888
1434,1961,890
1434,1962,881
1434,1963,866
1435,1951,1068
1435,1952,1047
1435,1953,1032
1435,1954,1013
1435,1955,1013
1435,1956,1004
1435,1957,1012
1435,1958,1016
1435,1959,1022
1435,1960,985
1435,1961,978
1435,1962,963
1435,1963,946
1436,1951,1410
1436,1952,1412
1436,1953,1409
1436,1954,1398
1436,1955,1356
1436,1956,1337
1436,1957,1327
1436,1958,1320
1436,1959,1287
1436,1960,1288
1436,1961,1268
1436,1962,1244
1436,1963,1235
1437,1951,2784
1437,1952,2817
1437,1953,2901
1437,1954,2920
1437,1955,2970
1437,1956,3017
1437,1957,3103
1437,1958,3165
1437,1959,3244
1437,1960,3303
1437,1961,3425
1437,1962,3487
1437,1963,3525
1438,1951,3239
1438,1952,3285
1438,1953,3341
1438,1954,3340
1438,1955,3384
1438,1956,3428
1438,1957,3544
1438,1958,3614
1438,1959,3688
1438,1960,3788
1438,1961,3877
1438,1962,3958
1438,1963,4025
1438,1964,4042
1438,1965,5600
1438,1966,5630
1438,1967,5606
1438,1968,5676
1438,1969,5674
1438,1970,5703
1438,1971,5604
1438,1972,5638
1438,1973,5669
1438,1974,5534
1438,1975,5506
1438,1976,5520
1438,1977,5475
1438,1978,5406
1438,1979,5322
1438,1980,5287
1438,1981,5242
1438,1982,5138
1438,1983,5077
1438,1984,4987
1438,1985,4879
1438,1986,4802
1438,1987,4744
1438,1988,4674
1438,1989,4605
1438,1990,4568
1439,1964,6962
1439,1965,6943
1439,1966,6936
1439,1967,7033
1439,1968,6995
1439,1969,6939
1439,1970,6857
1439,1971,6763
1439,1972,6727
1439,1973,6794
1439,1974,6740
1439,1975,6723
1439,1976,6676
1439,1977,6649
1439,1978,6563
1439,1979,6559
1439,1980,6503
1439,1981,6484
1439,1982,6495
1439,1983,6439
1439,1984,6437
1439,1985,6432
1439,1986,6445
1439,1987,6442
1439,1988,6428
1439,1989,6433
1439,1990,6373
1439u,1951,3075
1439u,1952,3118
1439u,1953,3198
1439u,1954,3276
1439u,1955,3374
1439u,1956,3483
1439u,1957,3619
1439u,1958,3739
1439u,1959,3829
1439u,1960,3865
1439u,1961,3896
1439u,1962,3915
1439u,1963,3922
1440,1951,1270
1440,1952,1263
1440,1953,1276
1440,1954,1264
1440,1955,1279
1440,1956,1449
1440,1957,1484
1440,1958,1536
1440,1959,1527
1440,1960,1551
1440,1961,1468
1440,1962,1439
1440,1963,1450
1441,1951,3680
1441,1952,3644
1441,1953,3681
1441,1954,3704
1441,1955,3764
1441,1956,3734
1441,1957,3691
1441,1958,3732
1441,1959,3714
1441,1960,3736
1441,1961,3729
1441,1962,3725
1441,1963,3756
1441,1964,3390
1441,1965,3420
1441,1966,3396
1441,1967,3364
1441,1968,3387
1441,1969,3400
1441,1970,3394
1441,1971,3393
1441,1972,3397
1441,1973,3382
1441,1974,3376
1441,1975,3353
1441,1976,3322
1441,1977,3329
1441,1978,3333
1441,1979,3331
1441,1980,3380
1441,1981,3376
1441,1982,3382
1441,1983,3421
1441,1984,3455
1441,1985,3433
1441,1986,3395
1441,1987,3399
1441,1988,3333
1441,1989,3309
1441,1990,3299
1442,1951,3627
1442,1952,3659
1442,1953,3677
1442,1954,3666
1442,1955,3660
1442,1956,3651
1442,1957,3598
1442,1958,3567
1442,1959,3584
1442,1960,3556
1442,1961,3594
1442,1962,3544
1442,1963,3509
1442,1964,2273
1443,1951,3414
1443,1952,3471
1443,1953,3510
1443,1954,3489
1443,1955,3522
1443,1956,3468
1443,1957,3467
1443,1958,3429
1443,1959,3403
1443,1960,3452
1443,1961,3408
1443,1962,3432
1443,1963,3499
1443,1964,3549
1443,1965,4532
1443,1966,4508
1443,1967,4504
1443,1968,4498
1443,1969,4499
1443,1970,4530
1443,1971,4490
1443,1972,4533
1443,1973,4553
1443,1974,4698
1443,1975,4815
1443,1976,4886
1443,1977,4926
1443,1978,5007
1443,1979,5084
1443,1980,5086
1443,1981,5113
1443,1982,5167
1443,1983,5172
1443,1984,5232
1443,1985,5301
1443,1986,5304
1443,1987,5329
1443,1988,5393
1443,1989,5447
1443,1990,5523
1444,1951,1565
1444,1952,1556
1444,1953,1565
1444,1954,1558
1444,1955,1564
1444,1956,1565
1444,1957,1526
1444,1958,1521
1444,1959,1503
1444,1960,1502
1444,1961,1479
1444,1962,1487
1444,1963,1465
1444,1964,1499
1444,1977,1202
1444,1978,1218
1444,1979,1246
1444,1980,1247
1444,1981,1261
1444,1982,1257
1444,1983,1245
1444,1984,1247
1444,1985,1255
1444,1986,1255
1444,1987,1248
1444,1988,1233
1444,1989,1187
1444,1990,1217
1445,1951,3756
1445,1952,3751
1445,1953,3765
1445,1954,3782
1445,1955,3772
1445,1956,3756
1445,1957,3768
1445,1958,3800
1445,1959,3828
1445,1960,3837
1445,1961,3872
1445,1962,3923
1445,1963,3959
1445,1964,5702
1445,1965,5691
1445,1966,5739
1445,1967,5781
1445,1968,5825
1445,1969,5839
1445,1970,5847
1445,1971,5842
1445,1972,5867
1445,1973,5900
1445,1974,5980
1445,1975,6009
1445,1976,6025
1445,1977,6082
1445,1978,6094
1445,1979,6093
1445,1980,6193
1445,1981,6270
1445,1982,6294
1445,1983,6305
1445,1984,6319
1445,1985,6308
1445,1986,6298
1445,1987,6273
1445,1988,6368
1445,1989,6332
1445,1990,6299
1446,1951,1801
1446,1952,1788
1446,1953,1774
1446,1954,1778
1446,1955,1781
1446,1956,1819
1446,1957,1788
1446,1958,1761
1446,1959,1767
1446,1960,1750
1446,1961,1811
1446,1962,1791
1446,1963,1770
1447,1951,3173
1447,1952,3159
1447,1953,3183
1447,1954,3127
1447,1955,3115
1447,1956,3170
1447,1957,3154
1447,1958,3120
1447,1959,3119
1447,1960,3144
1447,1961,3065
1447,1962,3063
1447,1963,3040
1447,1964,3035
1448,1951,2873
1448,1952,2880
1448,1953,2908
1448,1954,2891
1448,1955,2866
1448,1956,2884
1448,1957,2887
1448,1958,2913
1448,1959,2903
1448,1960,2926
1448,1961,2917
1448,1962,2934
1448,1963,2953
1448,1964,2938
1448,1965,7211
1448,1966,7181
1448,1967,7212
1448,1968,7270
1448,1969,7274
1448,1970,7326
1448,1971,7333
1448,1972,7371
1448,1973,7420
1448,1974,7424
1448,1975,7491
1448,1976,7531
1449,1977,6347
1449,1978,6389
1449,1979,6516
1449,1980,6587
1449,1981,6625
1449,1982,6599
1449,1983,6596
1449,1984,6593
1449,1985,6661
1449,1986,6629
1449,1987,6612
1449,1988,6621
1449,1989,6748
1449,1990,6754
1501,1951,18538
1501,1952,18750
1501,1953,18845
1501,1954,18864
1501,1955,18964
1501,1956,19082
1501,1957,19083
1501,1958,19047
1501,1959,19015
1501,1960,18957
1501,1961,19164
1501,1962,19134
1501,1963,18940
1501,1964,18895
1501,1965,18934
1501,1966,18756
1501,1967,18669
1501,1968,38589
1501,1969,39050
1501,1970,39351
1501,1971,39496
1501,1972,40069
1501,1973,40533
1501,1974,40662
1501,1975,40843
1501,1976,40860
1502,1951,4152
1502,1952,6282
1502,1953,6599
1502,1954,6859
1502,1955,7167
1502,1956,7258
1502,1957,7573
1502,1958,7825
1502,1959,7853
1502,1960,7957
1502,1961,8091
1502,1962,8146
1502,1963,8257
1502,1964,17118
1502,1965,17444
1502,1966,17627
1502,1967,17831
1502,1968,18042
1502,1969,18425
1502,1970,18865
1502,1971,19186
1502,1972,19555
1502,1973,19908
1502,1974,20064
1502,1975,20163
1502,1976,20316
1502,1977,20624
1502,1978,20767
1502,1979,20886
1502,1980,20904
1502,1981,20912
1502,1982,20932
1502,1983,21047
1502,1984,21148
1502,1985,21310
1502,1986,21439
1502,1987,21632
1502,1988,21784
1502,1989,22012
1502,1990,22125
1503,1951,14658
1503,1952,14955
1503,1953,15350
1503,1954,15696
1503,1955,15990
1503,1956,16115
1503,1957,16606
1503,1958,16805
1503,1959,17003
1503,1960,17097
1503,1961,17175
1503,1962,17291
1503,1963,17285
1503,1964,18342
1503,1965,18260
1503,1966,18356
1503,1967,18473
1503,1968,18559
1503,1969,18587
1503,1970,18613
1503,1971,18508
1503,1972,18617
1503,1973,18784
1503,1974,18970
1503,1975,19038
1503,1976,18843
1503,1977,18705
1503,1978,18588
1503,1979,18412
1503,1980,18284
1503,1981,17928
1503,1982,17898
1503,1983,17898
1503,1984,17874
1503,1985,17818
1503,1986,17766
1503,1987,17582
1503,1988,17516
1503,1989,17393
1503,1990,17150
1504,1977,34639
1504,1978,34811
1504,1979,34744
1504,1980,34674
1504,1981,34630
1504,1982,34743
1504,1983,34895
1504,1984,35095
1504,1985,35008
1504,1986,35157
1504,1987,35319
1504,1988,35563
1504,1989,35633
1504,1990,35751
1511,1951,2022
1511,1952,2030
1511,1953,2028
1511,1954,2008
1511,1955,2015
1511,1956,1985
1511,1957,1979
1511,1958,1970
1511,1959,2000
1511,1960,1985
1511,1961,1985
1511,1962,2000
1511,1963,1989
1511,1964,3897
1511,1965,3901
1511,1966,3908
1511,1967,3893
1511,1968,3860
1511,1969,3895
1511,1970,3864
1511,1971,3869
1511,1972,3857
1511,1973,3890
1511,1974,3849
1511,1975,3851
1511,1976,3900
1511,1977,3891
1511,1978,3910
1511,1979,3920
1511,1980,3954
1511,1981,3956
1511,1982,3914
1511,1983,3936
1511,1984,3945
1511,1985,3961
1511,1986,3939
1511,1987,3909
1511,1988,3887
1511,1989,3908
1511,1990,3924
1512,1951,1401
1512,1952,1419
1512,1953,1446
1512,1954,1432
1512,1955,1437
1512,1956,1456
1512,1957,1454
1512,1958,1461
1512,1959,1479
1512,1960,1505
1512,1961,1502
1512,1962,1500
1512,1963,1482
1513,1951,901
1513,1952,907
1513,1953,917
1513,1954,934
1513,1955,966
1513,1956,977
1513,1957,998
1513,1958,992
1513,1959,988
1513,1960,993
1513,1961,994
1513,1962,976
1513,1963,1008
1514,1951,2859
1514,1952,2820
1514,1953,2823
1514,1954,2826
1514,1955,2817
1514,1956,3014
1514,1957,3031
1514,1958,3020
1514,1959,3068
1514,1960,3079
1514,1961,2908
1514,1962,2902
1514,1963,2868
1514,1964,3465
1514,1965,3471
1514,1966,3511
1514,1967,3518
1514,1968,3518
1514,1969,3548
1514,1970,3494
1514,1971,3462
1514,1972,3474
1514,1973,3469
1514,1974,3481
1514,1975,3562
1514,1976,3548
1514,1977,3530
1514,1978,3530
1514,1979,3503
1514,1980,3522
1514,1981,3478
1514,1982,3481
1514,1983,3487
1514,1984,3481
1514,1985,3433
1514,1986,3415
1514,1987,3437
1514,1988,3389
1514,1989,3371
1514,1990,3337
1515,1951,6408
1515,1952,6498
1515,1953,6654
1515,1954,6868
1515,1955,7006
1515,1956,7177
1515,1957,7265
1515,1958,7366
1515,1959,7439
1515,1960,7491
1515,1961,7533
1515,1962,7592
1515,1963,7631
1515,1964,7417
1515,1965,7478
1515,1966,7527
1515,1967,7557
1515,1968,7692
1515,1969,7736
1515,1970,7749
1515,1971,7784
1515,1972,7830
1515,1973,7836
1515,1974,7874
1515,1975,7913
1515,1976,7948
1515,1977,7907
1515,1978,7920
1515,1979,8015
1515,1980,8046
1515,1981,7996
1515,1982,8037
1515,1983,8041
1515,1984,8043
1515,1985,8031
1515,1986,8069
1515,1987,8035
1515,1988,8099
1515,1989,8097
1515,1990,8143
1516,1951,2953
1516,1952,3005
1516,1953,3066
1516,1954,3081
1516,1955,3159
1516,1956,3155
1516,1957,3235
1516,1958,3266
1516,1959,3298
1516,1960,3372
1516,1961,3436
1516,1962,3510
1516,1963,3538
1516,1964,3857
1516,1965,3910
1516,1966,3981
1516,1967,4006
1516,1968,4139
1516,1969,4303
1516,1970,4469
1516,1971,4558
1516,1972,4711
1516,1973,4849
1516,1974,4922
1516,1975,5054
1516,1976,5085
1516,1977,5166
1516,1978,5178
1516,1979,5262
1516,1980,5313
1516,1981,5335
1516,1982,5354
1516,1983,5401
1516,1984,5434
1516,1985,5511
1516,1986,5525
1516,1987,5559
1516,1988,5537
1516,1989,5605
1516,1990,5662
1517,1951,3181
1517,1952,3264
1517,1953,3319
1517,1954,3386
1517,1955,3429
1517,1956,3441
1517,1957,3525
1517,1958,3630
1517,1959,3586
1517,1960,3589
1517,1961,3607
1517,1962,3653
1517,1963,3660
1517,1964,3707
1517,1965,3751
1517,1966,3804
1517,1967,3860
1517,1968,3901
1517,1969,3916
1517,1970,3907
1517,1971,3935
1517,1972,3953
1517,1973,3997
1517,1974,4083
1517,1975,4123
1517,1976,4156
1517,1977,4191
1517,1978,4288
1517,1979,4349
1517,1980,4325
1517,1981,4357
1517,1982,4361
1517,1983,4320
1517,1984,4329
1517,1985,4358
1517,1986,4336
1517,1987,4337
1517,1988,4418
1517,1989,4488
1517,1990,4486
1518,1951,1137
1518,1952,1155
1518,1953,1152
1518,1954,1176
1518,1955,1161
1518,1956,1171
1518,1957,1176
1518,1958,1168
1518,1959,1178
1518,1960,1154
1518,1961,1168
1518,1962,1168
1518,1963,1150
1519,1951,5293
1519,1952,5431
1519,1953,5463
1519,1954,5475
1519,1955,5556
1519,1956,5564
1519,1957,5689
1519,1958,5754
1519,1959,5818
1519,1960,5835
1519,1961,5845
1519,1962,6003
1519,1963,6034
1519,1964,7207
1519,1965,7270
1519,1966,7296
1519,1967,7239
1519,1968,7262
1519,1969,7302
1519,1970,7334
1519,1971,7283
1519,1972,7478
1519,1973,7762
1519,1974,7807
1519,1975,7941
1519,1976,7962
1519,1977,8098
1519,1978,8073
1519,1979,8090
1519,1980,8020
1519,1981,7975
1519,1982,7963
1519,1983,8013
1519,1984,7947
1519,1985,7870
1519,1986,7819
1519,1987,7824
1519,1988,7876
1519,1989,7961
1519,1990,8006
1520,1951,5075
1520,1952,5149
1520,1953,5226
1520,1954,5381
1520,1955,5452
1520,1956,5549
1520,1957,5619
1520,1958,5675
1520,1959,5771
1520,1960,5864
1520,1961,5958
1520,1962,6033
1520,1963,6152
1520,1964,9252
1520,1965,9333
1520,1966,9476
1520,1967,9477
1520,1968,9458
1520,1969,9508
1520,1970,9529
1520,1971,9484
1520,1972,9575
1520,1973,9666
1520,1974,9777
1520,1975,9844
1520,1976,9896
1520,1977,9929
1520,1978,9997
1520,1979,10058
1520,1980,10088
1520,1981,10149
1520,1982,10209
1520,1983,10249
1520,1984,10263
1520,1985,10289
1520,1986,10290
1520,1987,10264
1520,1988,10223
1520,1989,10209
1520,1990,10186
1521,1951,1166
1521,1952,1177
1521,1953,1154
1521,1954,1154
1521,1955,1183
1521,1956,1221
1521,1957,1247
1521,1958,1249
1521,1959,1264
1521,1960,1284
1521,1961,1315
1521,1962,1306
1521,1963,1315
1522,1951,1867
1522,1952,1848
1522,1953,1835
1522,1954,1821
1522,1955,1827
1522,1956,1806
1522,1957,1813
1522,1958,1807
1522,1959,1834
1522,1960,1820
1522,1961,1829
1522,1962,1795
1522,1963,1776
1523,1977,1668
1523,1978,1742
1523,1979,1790
1523,1980,1859
1523,1981,1895
1523,1982,1925
1523,1983,1960
1523,1984,1970
1523,1985,1945
1523,1986,1965
1523,1987,1982
1523,1988,1976
1523,1989,1970
1523,1990,1976
1523u,1951,1392
1523u,1952,1369
1523u,1953,1336
1523u,1954,1299
1523u,1955,1296
1523u,1956,1305
1523u,1957,1285
1523u,1958,1274
1523u,1959,1241
1523u,1960,1245
1523u,1961,1238
1523u,1962,1244
1523u,1963,1230
1523u,1964,1226
1524,1951,2472
1524,1952,2452
1524,1953,2412
1524,1954,2370
1524,1955,2334
1524,1956,2352
1524,1957,2332
1524,1958,2310
1524,1959,2312
1524,1960,2268
1524,1961,2267
1524,1962,2204
1524,1963,2176
1524,1964,2168
1524,1965,2175
1524,1966,2154
1524,1967,2206
1524,1968,2240
1524,1969,2213
1524,1970,2125
1524,1971,2085
1524,1972,2061
1524,1973,2084
1524,1974,2048
1524,1975,2083
1524,1976,2076
1524,1977,2040
1524,1978,2029
1524,1979,2092
1524,1980,2082
1524,1981,2096
1524,1982,2081
1524,1983,2072
1524,1984,2073
1524,1985,2075
1524,1986,2086
1524,1987,2084
1524,1988,2021
1524,1989,2039
1524,1990,2043
1525,1951,2610
1525,1952,2666
1525,1953,2682
1525,1954,2747
1525,1955,2787
1525,1956,2809
1525,1957,2905
1525,1958,2968
1525,1959,3003
1525,1960,3123
1525,1961,3236
1525,1962,3303
1525,1963,3385
1525,1964,3437
1525,1965,4674
1525,1966,4699
1525,1967,4740
1525,1968,4794
1525,1969,4818
1525,1970,4842
1525,1971,4831
1525,1972,4867
1525,1973,4898
1525,1974,4922
1525,1975,4945
1525,1976,4914
1525,1977,4951
1525,1978,4894
1525,1979,4888
1525,1980,4852
1525,1981,4825
1525,1982,4822
1525,1983,4814
1525,1984,4806
1525,1985,4765
1525,1986,4745
1525,1987,4750
1525,1988,4668
1525,1989,4655
1525,1990,4660
1526,1951,992
1526,1952,986
1526,1953,1001
1526,1954,1007
1526,1955,1027
1526,1956,1008
1526,1957,1038
1526,1958,1041
1526,1959,1050
1526,1960,1060
1526,1961,1042
1526,1962,1043
1526,1963,1042
1526,1964,1045
1526,1977,1061
1526,1978,1075
1526,1979,1083
1526,1980,1079
1526,1981,1080
1526,1982,1060
1526,1983,1039
1526,1984,1028
1526,1985,1049
1526,1986,1027
1526,1987,1017
1526,1988,1036
1526,1989,1038
1526,1990,1028
1527,1951,1994
1527,1952,1968
1527,1953,1997
1527,1954,2008
1527,1955,2005
1527,1956,1715
1527,1957,1721
1527,1958,1703
1527,1959,1705
1527,1960,1699
1527,1961,1648
1527,1962,1647
1527,1963,1619
1527,1964,1649
1527,1965,4764
1527,1966,4796
1527,1967,4781
1527,1968,4835
1527,1969,4845
1527,1970,4899
1527,1971,4985
1527,1972,5005
1527,1973,5033
1527,1974,5148
1527,1975,5228
1527,1976,5293
1528,1951,3816
1528,1952,3986
1528,1953,4061
1528,1954,4213
1528,1955,4260
1528,1956,4644
1528,1957,4736
1528,1958,4819
1528,1959,4772
1528,1960,4794
1528,1961,4815
1528,1962,4857
1528,1963,4857
1528,1964,4846
1528,1965,4989
1528,1966,5071
1528,1967,5202
1528,1968,5289
1528,1969,5374
1528,1970,5544
1528,1971,5643
1528,1972,5751
1528,1973,5824
1528,1974,5937
1528,1975,5999
1528,1976,6000
1528,1977,6167
1528,1978,6253
1528,1979,6291
1528,1980,6413
1528,1981,6559
1528,1982,6579
1528,1983,6669
1528,1984,6686
1528,1985,6752
1528,1986,6753
1528,1987,6763
1528,1988,6760
1528,1989,6792
1528,1990,6823
1529,1951,1781
1529,1952,1820
1529,1953,1821
1529,1954,1835
1529,1955,1833
1529,1956,1896
1529,1957,1907
1529,1958,1954
1529,1959,1958
1529,1960,1970
1529,1961,2000
1529,1962,2018
1529,1963,2017
1529,1964,2071
1529,1977,2634
1529,1978,2670
1529,1979,2760
1529,1980,2852
1529,1981,2930
1529,1982,3013
1529,1983,3059
1529,1984,3063
1529,1985,3136
1529,1986,3151
1529,1987,3196
1529,1988,3252
1529,1989,3298
1529,1990,3355
1530,1951,2183
1530,1952,2236
1530,1953,2271
1530,1954,2287
1530,1955,2319
1530,1956,2316
1530,1957,2342
1530,1958,2402
1530,1959,2425
1530,1960,2451
1530,1961,2449
1530,1962,2453
1530,1963,2515
1530,1964,2558
1531,1977,6302
1531,1978,6393
1531,1979,6421
1531,1980,6454
1531,1981,6569
1531,1982,6619
1531,1983,6663
1531,1984,6670
1531,1985,6654
1531,1986,6737
1531,1987,6787
1531,1988,6764
1531,1989,6734
1531,1990,6691
1531u,1951,12525
1531u,1952,13028
1531u,1953,13417
1531u,1954,13809
1531u,1955,14313
1531u,1956,14669
1531u,1957,15307
1531u,1958,15828
1531u,1959,16458
1531u,1960,17028
1531u,1961,17562
1531u,1962,18075
1531u,1963,18615
1531u,1964,19138
1531u,1965,18380
1531u,1966,18929
1531u,1967,19516
1532,1951,2567
1532,1952,2592
1532,1953,2623
1532,1954,2656
1532,1955,2729
1532,1956,2754
1532,1957,2777
1532,1958,2856
1532,1959,2907
1532,1960,2970
1532,1961,3007
1532,1962,3029
1532,1963,3076
1532,1964,4644
1532,1965,4725
1532,1966,4778
1532,1967,4837
1532,1968,4968
1532,1969,5054
1532,1970,5134
1532,1971,5171
1532,1972,5240
1532,1973,5339
1532,1974,5407
1532,1975,5524
1532,1976,5616
1532,1977,5712
1532,1978,5751
1532,1979,5838
1532,1980,5971
1532,1981,6042
1532,1982,6090
1532,1983,6103
1532,1984,6132
1532,1985,6125
1532,1986,6150
1532,1987,6161
1532,1988,6175
1532,1989,6246
1532,1990,6253
1533,1951,1348
1533,1952,1334
1533,1953,1360
1533,1954,1379
1533,1955,1425
1533,1956,1430
1533,1957,1472
1533,1958,1463
1533,1959,1514
1533,1960,1535
1533,1961,1536
1533,1962,1539
1533,1963,1571
1534,1951,4498
1534,1952,4586
1534,1953,4654
1534,1954,4774
1534,1955,4789
1534,1956,4844
1534,1957,4898
1534,1958,4952
1534,1959,4969
1534,1960,4967
1534,1961,4965
1534,1962,4965
1534,1963,5002
1534,1964,4974
1534,1965,8140
1534,1966,8167
1534,1967,8295
1534,1968,8362
1534,1969,8412
1534,1970,8482
1534,1971,8420
1534,1972,8461
1534,1973,8518
1534,1974,8613
1534,1975,8681
1534,1976,8638
1534,1977,8654
1534,1978,8681
1534,1979,8742
1534,1980,8777
1534,1981,8714
1534,1982,8741
1534,1983,8761
1534,1984,8770
1534,1985,8739
1534,1986,8716
1534,1987,8677
1534,1988,8621
1534,1989,8624
1534,1990,8629
1535,1951,3584
1535,1952,3588
1535,1953,3649
1535,1954,3713
1535,1955,3757
1535,1956,3797
1535,1957,3752
1535,1958,3736
1535,1959,3761
1535,1960,3822
1535,1961,3860
1535,1962,3850
1535,1963,3868
1535,1964,5214
1535,1965,5267
1535,1966,5295
1535,1967,5352
1535,1968,5418
1535,1969,5437
1535,1970,5428
1535,1971,5637
1535,1972,5662
1535,1973,5764
1535,1974,5923
1535,1975,6026
1535,1976,6034
1535,1977,6091
1535,1978,6134
1535,1979,6186
1535,1980,6270
1535,1981,6289
1535,1982,6328
1535,1983,6307
1535,1984,6403
1535,1985,6422
1535,1986,6359
1535,1987,6344
1535,1988,6393
1535,1989,6389
1535,1990,6396
1536,1951,1317
1536,1952,1316
1536,1953,1326
1536,1954,1323
1536,1955,1333
1536,1956,1340
1536,1957,1323
1536,1958,1318
1536,1959,1328
1536,1960,1333
1536,1961,1335
1536,1962,1338
1536,1963,1341
1537,1951,1086
1537,1952,1123
1537,1953,1128
1537,1954,1104
1537,1955,1098
1537,1956,1092
1537,1957,1093
1537,1958,1123
1537,1959,1139
1537,1960,1153
1537,1961,1172
1537,1962,1155
1537,1963,1135
1538,1951,468
1538,1952,416
1538,1953,376
1538,1954,377
1538,1955,361
1538,1956,452
1538,1957,431
1538,1958,432
1538,1959,423
1538,1960,409
1538,1961,416
1538,1962,417
1538,1963,391
1539,1964,8290
1539,1965,8257
1539,1966,8199
1539,1967,8137
1539,1968,8142
1539,1969,8106
1539,1970,8074
1539,1971,8041
1539,1972,8073
1539,1973,8120
1539,1974,8068
1539,1975,8340
1539,1976,8458
1539,1977,8408
1539,1978,8253
1539,1979,8183
1539,1980,8124
1539,1981,8149
1539,1982,8085
1539,1983,8141
1539,1984,8112
1539,1985,8003
1539,1986,7874
1539,1987,7810
1539,1988,7793
1539,1989,7833
1539,1990,7819
1539u,1951,3367
1539u,1952,3549
1539u,1953,3701
1539u,1954,3786
1539u,1955,3800
1539u,1956,3669
1539u,1957,3653
1539u,1958,3632
1539u,1959,3659
1539u,1960,3635
1539u,1961,3625
1539u,1962,3631
1539u,1963,3655
1540,1951,1621
1540,1952,1650
1540,1953,1673
1540,1954,1776
1540,1955,1766
1540,1956,1711
1540,1957,1711
1540,1958,1695
1540,1959,1628
1540,1960,1594
1540,1961,1617
1540,1962,1645
1540,1963,1661
1541,1951,2400
1541,1952,2401
1541,1953,2406
1541,1954,2421
1541,1955,2448
1541,1956,2404
1541,1957,2391
1541,1958,2327
1541,1959,2320
1541,1960,2338
1541,1961,2239
1541,1962,2249
1541,1963,2208
1542,1951,1520
1542,1952,1459
1542,1953,1445
1542,1954,1453
1542,1955,1443
1542,1956,1428
1542,1957,1431
1542,1958,1433
1542,1959,1373
1542,1960,1364
1542,1961,1340
1542,1962,1331
1542,1963,1302
1543,1951,2138
1543,1952,2162
1543,1953,2195
1543,1954,2255
1543,1955,2263
1543,1956,2297
1543,1957,2307
1543,1958,2278
1543,1959,2297
1543,1960,2326
1543,1961,2321
1543,1962,2323
1543,1963,2306
1543,1964,3649
1543,1965,3633
1543,1966,3651
1543,1967,3637
1543,1968,3570
1543,1969,3544
1543,1970,3511
1543,1971,3573
1543,1972,3586
1543,1973,3575
1543,1974,3572
1543,1975,3555
1543,1976,3573
1543,1977,3538
1543,1978,3505
1543,1979,3488
1543,1980,3510
1543,1981,3492
1543,1982,3441
1543,1983,3434
1543,1984,3415
1543,1985,3404
1543,1986,3363
1543,1987,3343
1543,1988,3361
1543,1989,3346
1543,1990,3353
1544,1951,7515
1544,1952,5960
1544,1953,6028
1544,1954,6161
1544,1955,6292
1544,1956,6480
1544,1957,6608
1544,1958,6834
1544,1959,7043
1544,1960,7281
1544,1961,7480
1544,1962,7729
1544,1963,7888
1545,1965,2246
1545,1966,2243
1545,1967,2271
1545,1968,2267
1545,1969,2279
1545,1970,2251
1545,1971,2246
1545,1972,2233
1545,1973,2194
1545,1974,2201
1545,1975,2165
1545,1976,2173
1545,1977,2139
1545,1978,2151
1545,1979,2162
1545,1980,2175
1545,1981,2173
1545,1982,2148
1545,1983,2145
1545,1984,2139
1545,1985,2138
1545,1986,2126
1545,1987,2102
1545,1988,2095
1545,1989,2094
1545,1990,2077
1545u,1951,1885
1545u,1952,1891
1545u,1953,1918
1545u,1954,1935
1545u,1955,1945
1545u,1956,2012
1545u,1957,2022
1545u,1958,2028
1545u,1959,2033
1545u,1960,2058
1545u,1961,2005
1545u,1962,1983
1545u,1963,1948
1545u,1964,1920
1546,1951,1682
1546,1952,1668
1546,1953,1704
1546,1954,1701
1546,1955,1717
1546,1956,1737
1546,1957,1752
1546,1958,1751
1546,1959,1747
1546,1960,1751
1546,1961,1745
1546,1962,1764
1546,1963,1744
1546,1964,1725
1546,1965,1971
1546,1966,1951
1546,1967,1950
1546,1968,1929
1546,1969,1909
1546,1970,1872
1546,1971,1826
1546,1972,1797
1546,1973,1761
1546,1974,1764
1546,1975,1732
1546,1976,1727
1546,1977,1709
1546,1978,1713
1546,1979,1706
1546,1980,1687
1546,1981,1645
1546,1982,1634
1546,1983,1654
1546,1984,1648
1546,1985,1628
1546,1986,1610
1546,1987,1576
1546,1988,1552
1546,1989,1542
1546,1990,1528
1547,1964,2560
1547,1965,2561
1547,1966,2528
1547,1967,2551
1547,1968,2563
1547,1969,2605
1547,1970,2626
1547,1971,2645
1547,1972,2697
1547,1973,2724
1547,1974,2786
1547,1975,2834
1547,1976,2888
1547,1977,2904
1547,1978,2902
1547,1979,2920
1547,1980,2957
1547,1981,2979
1547,1982,2998
1547,1983,3051
1547,1984,3058
1547,1985,3030
1547,1986,2995
1547,1987,3009
1547,1988,2969
1547,1989,2988
1547,1990,2967
1547u,1951,2450
1547u,1952,2493
1547u,1953,2519
1547u,1954,2524
1547u,1955,2524
1547u,1956,2451
1547u,1957,2471
1547u,1958,2526
1547u,1959,2575
1547u,1960,2587
1547u,1961,2646
1547u,1962,2647
1547u,1963,2658
1548,1951,3237
1548,1952,3183
1548,1953,3168
1548,1954,3150
1548,1955,3112
1548,1956,3357
1548,1957,3379
1548,1958,3404
1548,1959,3439
1548,1960,3485
1548,1961,3414
1548,1962,3425
1548,1963,3414
1548,1964,7236
1548,1965,7227
1548,1966,7180
1548,1967,7146
1548,1968,7319
1548,1969,7402
1548,1970,7449
1548,1971,7487
1548,1972,7605
1548,1973,7770
1548,1974,7810
1548,1975,7954
1548,1976,8131
1548,1977,8244
1548,1978,8427
1548,1979,8666
1548,1980,8747
1548,1981,8858
1548,1982,8894
1548,1983,8938
1548,1984,8934
1548,1985,8881
1548,1986,8893
1548,1987,8910
1548,1988,8921
1548,1989,8869
1548,1990,8916
1549,1951,1557
1549,1952,1561
1549,1953,1564
1549,1954,1565
1549,1955,1557
1549,1956,1602
1549,1957,1606
1549,1958,1601
1549,1959,1602
1549,1960,1611
1549,1961,1623
1549,1962,1621
1549,1963,1616
1550,1951,2212
1550,1952,2220
1550,1953,2238
1550,1954,2228
1550,1955,2281
1550,1956,2190
1550,1957,2170
1550,1958,2172
1550,1959,2186
1550,1960,2188
1550,1961,2191
1550,1962,2210
1550,1963,2199
1551,1951,2029
1551,1952,2044
1551,1953,2088
1551,1954,2082
1551,1955,2124
1551,1956,2115
1551,1957,2139
1551,1958,2190
1551,1959,2152
1551,1960,2195
1551,1961,2237
1551,1962,2259
1551,1963,2234
1551,1964,2801
1551,1965,2775
1551,1966,2819
1551,1967,2882
1551,1968,2919
1551,1969,2931
1551,1970,2953
1551,1971,2982
1551,1972,3020
1551,1973,3015
1551,1974,3012
1551,1975,3028
1551,1976,3018
1551,1977,3043
1551,1978,3058
1551,1979,3076
1551,1980,3119
1551,1981,3115
1551,1982,3097
1551,1983,3100
1551,1984,3089
1551,1985,3106
1551,1986,3084
1551,1987,3102
1551,1988,3085
1551,1989,3063
1551,1990,3071
1552,1951,1834
1552,1952,1818
1552,1953,1811
1552,1954,1825
1552,1955,1815
1552,1956,1858
1552,1957,1826
1552,1958,1846
1552,1959,1842
1552,1960,1837
1552,1961,1899
1552,1962,1921
1552,1963,1921
1553,1951,803
1553,1952,787
1553,1953,757
1553,1954,764
1553,1955,751
1553,1956,746
1553,1957,721
1553,1958,724
1553,1959,723
1553,1960,717
1553,1961,724
1553,1962,707
1553,1963,699
1554,1964,5202
1554,1965,5148
1554,1966,5150
1554,1967,5158
1554,1968,5166
1554,1969,5222
1554,1970,5187
1554,1971,5106
1554,1972,5104
1554,1973,5124
1554,1974,5225
1554,1975,5268
1554,1976,5321
1554,1977,5420
1554,1978,5438
1554,1979,5457
1554,1980,5476
1554,1981,5496
1554,1982,5529
1554,1983,5567
1554,1984,5569
1554,1985,5580
1554,1986,5601
1554,1987,5599
1554,1988,5613
1554,1989,5601
1554,1990,5618
1554u,1951,5266
1554u,1952,5408
1554u,1953,5395
1554u,1954,5356
1554u,1955,5326
1554u,1956,5205
1554u,1957,5219
1554u,1958,5254
1554u,1959,5297
1554u,1960,5218
1554u,1961,5204
1554u,1962,5172
1554u,1963,5071
1555,1951,191
1555,1952,182
1555,1953,182
1555,1954,168
1555,1955,158
1555,1956,158
1555,1957,133
1555,1958,135
1555,1959,127
1555,1960,132
1555,1961,132
1555,1962,117
1555,1963,115
1556,1951,1688
1556,1952,1728
1556,1953,1767
1556,1954,1790
1556,1955,1777
1556,1956,1782
1556,1957,1719
1556,1958,1736
1556,1959,1712
1556,1960,1728
1556,1961,1733
1556,1962,1639
1556,1963,1633
1556,1964,2369
1556,1965,2377
1556,1966,2413
1556,1967,2400
1556,1968,2449
1556,1969,2520
1556,1970,2606
1556,1971,2599
1556,1972,2673
1556,1973,2845
1556,1974,2996
1556,1975,3142
1556,1976,3324
1556,1977,3497
1556,1978,3651
1556,1979,3879
1556,1980,4032
1556,1981,4204
1556,1982,4211
1556,1983,4246
1556,1984,4268
1556,1985,4327
1556,1986,4398
1556,1987,4616
1556,1988,4740
1556,1989,4778
1556,1990,4867
1557,1951,797
1557,1952,777
1557,1953,784
1557,1954,784
1557,1955,771
1557,1956,763
1557,1957,790
1557,1958,764
1557,1959,765
1557,1960,755
1557,1961,751
1557,1962,735
1557,1963,724
1557,1964,708
1557,1965,3040
1557,1966,3019
1557,1967,3028
1557,1968,3018
1557,1969,2924
1557,1970,2921
1557,1971,2859
1557,1972,2900
1557,1973,2916
1557,1974,2931
1557,1975,2906
1557,1976,2884
1557,1977,2882
1557,1978,2863
1557,1979,2926
1557,1980,2929
1557,1981,2990
1557,1982,2987
1557,1983,2979
1557,1984,2999
1557,1985,3004
1557,1986,2964
1557,1987,2921
1557,1988,2890
1557,1989,2905
1557,1990,2915
1558,1951,1710
1558,1952,1700
1558,1953,1708
1558,1954,1700
1558,1955,1704
1558,1956,1666
1558,1957,1672
1558,1958,1666
1558,1959,1666
1558,1960,1654
1558,1961,1622
1558,1962,1610
1558,1963,1587
1558,1964,1596
1559,1951,1268
1559,1952,1245
1559,1953,1233
1559,1954,1234
1559,1955,1235
1559,1956,1232
1559,1957,1239
1559,1958,1222
1559,1959,1204
1559,1960,1208
1559,1961,1180
1559,1962,1165
1559,1963,1160
1560,1951,3556
1560,1952,3511
1560,1953,3525
1560,1954,3487
1560,1955,3471
1560,1956,3542
1560,1957,3492
1560,1958,3458
1560,1959,3461
1560,1960,3450
1560,1961,3421
1560,1962,3364
1560,1963,3368
1560,1964,4663
1560,1965,3903
1560,1966,3863
1560,1967,3816
1560,1968,3772
1560,1969,3732
1560,1970,3685
1560,1971,3665
1560,1972,3704
1560,1973,3650
1560,1974,3644
1560,1975,3635
1560,1976,3589
1560,1977,3590
1560,1978,3532
1560,1979,3522
1560,1980,3559
1560,1981,3539
1560,1982,3535
1560,1983,3533
1560,1984,3551
1560,1985,3528
1560,1986,3481
1560,1987,3437
1560,1988,3486
1560,1989,3537
1560,1990,3463
1561,1951,524
1561,1952,525
1561,1953,534
1561,1954,540
1561,1955,531
1561,1956,516
1561,1957,492
1561,1958,489
1561,1959,486
1562,1951,455
1562,1952,458
1562,1953,475
1562,1954,505
1562,1955,524
1562,1956,522
1562,1957,518
1562,1958,506
1562,1959,514
1563,1951,2522
1563,1952,2707
1563,1953,2859
1563,1954,3528
1563,1955,4183
1563,1956,5009
1563,1957,5317
1563,1958,5519
1563,1959,5718
1563,1960,6861
1563,1961,6914
1563,1962,6962
1563,1963,7013
1563,1964,7028
1563,1965,7560
1563,1966,7633
1563,1967,7767
1563,1968,7934
1563,1969,8007
1563,1970,8170
1563,1971,8269
1563,1972,8282
1563,1973,8072
1563,1974,8078
1563,1975,7991
1563,1976,7955
1563,1977,7914
1563,1978,7887
1563,1979,7842
1563,1980,7809
1563,1981,7771
1563,1982,7758
1563,1983,7654
1563,1984,7580
1563,1985,7533
1563,1986,7498
1563,1987,7459
1563,1988,7382
1563,1989,7554
1563,1990,7553
1564,1951,2252
1564,1952,2247
1564,1953,2309
1564,1954,2322
1564,1955,2256
1564,1956,2200
1564,1957,2156
1564,1958,2123
1564,1959,2101
1564,1960,2095
1564,1961,2068
1564,1962,2027
1564,1963,1993
1564,1964,1947
1565,1951,1070
1565,1952,1075
1565,1953,1090
1565,1954,1094
1565,1955,1086
1565,1956,1094
1565,1957,1090
1565,1958,1059
1565,1959,1057
1565,1960,1065
1565,1961,1056
1565,1962,1059
1565,1963,1035
1565,1964,1015
1566,1951,3438
1566,1952,3433
1566,1953,3485
1566,1954,3472
1566,1955,3492
1566,1956,3442
1566,1957,3389
1566,1958,3390
1566,1959,3411
1566,1960,3414
1566,1961,3430
1566,1962,3411
1566,1963,3448
1566,1964,3475
1566,1965,5934
1566,1966,6050
1566,1967,6079
1566,1968,6044
1566,1969,6040
1566,1970,6033
1566,1971,5979
1566,1972,5929
1566,1973,5939
1566,1974,5955
1566,1975,5952
1566,1976,6021
1566,1977,6086
1566,1978,6118
1566,1979,6189
1566,1980,6257
1566,1981,6259
1566,1982,6309
1566,1983,6433
1566,1984,6444
1566,1985,6449
1566,1986,6485
1566,1987,6497
1566,1988,6514
1566,1989,6499
1566,1990,6466
1567,1951,2541
1567,1952,2558
1567,1953,2562
1567,1954,2549
1567,1955,2525
1567,1956,2508
1567,1957,2468
1567,1958,2434
1567,1959,2428
1567,1960,2402
1567,1961,2420
1567,1962,2410
1567,1963,2390
1567,1964,2378
1567,1965,2385
1567,1966,2414
1567,1967,2466
1567,1968,2494
1567,1969,2456
1567,1970,2420
1567,1971,2363
1567,1972,2325
1567,1973,2312
1567,1974,2300
1567,1975,2292
1567,1976,2324
1567,1977,2339
1567,1978,2360
1567,1979,2365
1567,1980,2336
1567,1981,2332
1567,1982,2334
1567,1983,2350
1567,1984,2346
1567,1985,2333
1567,1986,2338
1567,1987,2317
1567,1988,2319
1567,1989,2297
1567,1990,2263
1568,1951,938
1568,1952,902
1568,1953,905
1568,1954,899
1568,1955,882
1568,1956,895
1568,1957,888
1568,1958,880
1568,1959,854
1568,1960,854
1568,1961,853
1568,1962,849
1568,1963,856
1568,1964,847
1569,1951,2417
1569,1952,2424
1569,1953,2427
1569,1954,2421
1569,1955,2426
1569,1956,2393
1569,1957,2362
1569,1958,2327
1569,1959,2323
1569,1960,2304
1569,1961,2296
1569,1962,2269
1569,1963,2257
1569,1964,2226
1569,1965,3306
1569,1966,3269
1569,1967,3196
1569,1968,3174
1569,1969,3147
1569,1970,3075
1569,1971,3034
1569,1972,3040
1569,1973,3018
1569,1974,3013
1569,1975,3009
1569,1976,3075
1569,1977,2892
1569,1978,2879
1569,1979,2861
1569,1980,2880
1569,1981,2924
1569,1982,2926
1569,1983,2964
1569,1984,2957
1569,1985,2945
1569,1986,2957
1569,1987,2927
1569,1988,2880
1569,1989,2860
1569,1990,2848
1570,1951,1428
1570,1952,1448
1570,1953,1459
1570,1954,1429
1570,1955,1402
1570,1956,1380
1570,1957,1356
1570,1958,1363
1570,1959,1341
1570,1960,1316
1570,1961,1306
1570,1962,1290
1570,1963,1263
1570,1964,1262
1571,1951,1292
1571,1952,1282
1571,1953,1256
1571,1954,1265
1571,1955,1271
1571,1956,1295
1571,1957,1304
1571,1958,1278
1571,1959,1273
1571,1960,1254
1571,1961,1248
1571,1962,1244
1571,1963,1226
1571,1964,1192
1571,1965,2296
1571,1966,2252
1571,1967,2216
1571,1968,2207
1571,1969,2183
1571,1970,2161
1571,1971,2096
1571,1972,2070
1571,1973,2053
1571,1974,2068
1571,1975,2073
1571,1976,2062
1571,1977,2226
1571,1978,2217
1571,1979,2220
1571,1980,2201
1571,1981,2177
1571,1982,2186
1571,1983,2157
1571,1984,2130
1571,1985,2132
1571,1986,2111
1571,1987,2122
1571,1988,2133
1571,1989,2148
1571,1990,2134
1572,1951,1594
1572,1952,1599
1572,1953,1568
1572,1954,1563
1572,1955,1562
1572,1956,1531
1572,1957,1515
1572,1958,1487
1572,1959,1481
1572,1960,1488
1572,1961,1492
1572,1962,1477
1572,1963,1421
1572,1964,1405
1572,1965,1269
1572,1966,1266
1572,1967,1246
1572,1968,1254
1572,1969,1228
1572,1970,1222
1572,1971,1213
1572,1972,1212
1572,1973,1188
1572,1974,1201
1572,1975,1180
1572,1976,1155
1572,1977,1149
1572,1978,1151
1572,1979,1137
1572,1980,1126
1572,1981,1163
1572,1982,1160
1572,1983,1142
1572,1984,1135
1572,1985,1150
1572,1986,1149
1572,1987,1135
1572,1988,1128
1572,1989,1135
1572,1990,1128
1573,1960,4046
1573,1961,3996
1573,1962,3965
1573,1963,3918
1573,1964,3831
1573,1965,3804
1573,1966,3780
1573,1967,3707
1573,1968,3614
1573,1969,3579
1573,1970,3533
1573,1971,3389
1573,1972,3325
1573,1973,3302
1573,1974,3244
1573,1975,3204
1573,1976,3148
1573,1977,3109
1573,1978,3048
1573,1979,3047
1573,1980,3056
1573,1981,3081
1573,1982,3034
1573,1983,3046
1573,1984,3014
1573,1985,2947
1573,1986,2859
1573,1987,2828
1573,1988,2780
1573,1989,2776
1573,1990,2736
1573u,1951,1168
1573u,1952,1176
1573u,1953,1171
1573u,1954,1167
1573u,1955,1146
1573u,1956,1150
1573u,1957,1109
1573u,1958,1099
1573u,1959,1115
1574,1951,1500
1574,1952,1489
1574,1953,1478
1574,1954,1447
1574,1955,1439
1574,1956,1413
1574,1957,1396
1574,1958,1387
1574,1959,1371
1575,1951,1512
1575,1952,1533
1575,1953,1535
1575,1954,1541
1575,1955,1548
1575,1956,1505
1575,1957,1539
1575,1958,1523
1575,1959,1535
1601,1951,56582
1601,1952,58607
1601,1953,58344
1601,1954,58616
1601,1955,58622
1601,1956,58871
1601,1957,58742
1601,1958,58915
1601,1959,59030
1601,1960,59286
1601,1961,58584
1601,1962,57936
1601,1963,57436
1601,1964,111419
1601,1965,113699
1601,1966,116131
1601,1967,118722
1601,1968,121017
1601,1969,123550
1601,1970,126190
1601,1971,127595
1601,1972,129133
1601,1973,131532
1601,1974,133213
1601,1975,134039
1601,1976,134889
1601,1977,135558
1601,1978,135085
1601,1979,134683
1601,1980,134726
1601,1981,134976
1601,1982,134690
1601,1983,134665
1601,1984,134143
1601,1985,134075
1601,1986,134362
1601,1987,134537
1601,1988,135524
1601,1989,136601
1601,1990,137346
1611,1951,616
1611,1952,609
1611,1953,600
1611,1954,589
1611,1955,574
1611,1956,580
1611,1957,573
1611,1958,561
1611,1959,562
1611,1960,554
1611,1961,571
1611,1962,566
1611,1963,572
1612,1951,2148
1612,1952,2146
1612,1953,2140
1612,1954,2142
1612,1955,2126
1612,1956,2149
1612,1957,2179
1612,1958,2185
1612,1959,2153
1612,1960,2161
1612,1961,2184
1612,1962,2223
1612,1963,2301
1612,1964,3612
1612,1965,3631
1612,1966,3722
1612,1967,3896
1612,1968,3912
1612,1969,3995
1612,1970,4026
1612,1971,4024
1612,1972,4051
1612,1973,4072
1612,1974,4070
1612,1975,4131
1612,1976,4137
1612,1977,4155
1612,1978,4191
1612,1979,4232
1612,1980,4282
1612,1981,4328
1612,1982,4333
1612,1983,4376
1612,1984,4389
1612,1985,4413
1612,1986,4410
1612,1987,4374
1612,1988,4392
1612,1989,4340
1612,1990,4295
1613,1951,773
1613,1952,755
1613,1953,755
1613,1954,749
1613,1955,756
1613,1956,742
1613,1957,734
1613,1958,726
1613,1959,717
1613,1960,707
1613,1961,698
1613,1962,683
1613,1963,686
1613,1964,1601
1613,1965,1581
1613,1966,1568
1613,1967,1513
1613,1968,1454
1613,1969,1428
1613,1970,1408
1613,1971,1359
1613,1972,1324
1613,1973,1319
1613,1974,1315
1613,1975,1308
1613,1976,1259
1613,1977,1236
1613,1978,1226
1613,1979,1210
1613,1980,1225
1613,1981,1231
1613,1982,1222
1613,1983,1221
1613,1984,1220
1613,1985,1209
1613,1986,1221
1613,1987,1224
1613,1988,1217
1613,1989,1202
1613,1990,1196
1614,1951,1605
1614,1952,1588
1614,1953,1564
1614,1954,1537
1614,1955,1553
1614,1956,1538
1614,1957,1509
1614,1958,1519
1614,1959,1516
1614,1960,1505
1614,1961,1498
1614,1962,1468
1614,1963,1466
1615,1951,1087
1615,1952,1105
1615,1953,1095
1615,1954,1078
1615,1955,1099
1615,1956,1100
1615,1957,1090
1615,1958,1093
1615,1959,1084
1615,1960,1078
1615,1961,1070
1615,1962,1055
1615,1963,1030
1616,1951,1821
1616,1952,1798
1616,1953,1780
1616,1954,1785
1616,1955,1760
1616,1956,1793
1616,1957,1791
1616,1958,1776
1616,1959,1809
1616,1960,1818
1616,1961,1782
1616,1962,1786
1616,1963,1786
1617,1951,1497
1617,1952,1472
1617,1953,1463
1617,1954,1430
1617,1955,1421
1617,1956,1381
1617,1957,1369
1617,1958,1372
1617,1959,1368
1617,1960,1359
1617,1961,1396
1617,1962,1371
1617,1963,1358
1617,1964,4971
1617,1965,4928
1617,1966,4837
1617,1967,4822
1617,1968,4781
1617,1969,4725
1617,1970,4673
1617,1971,4529
1617,1972,4500
1617,1973,4396
1617,1974,4381
1617,1975,4331
1617,1976,4345
1617,1977,4351
1617,1978,4369
1617,1979,4371
1617,1980,4395
1617,1981,4367
1617,1982,4381
1617,1983,4345
1617,1984,4404
1617,1985,4423
1617,1986,4416
1617,1987,4388
1617,1988,4319
1617,1989,4298
1617,1990,4298
1618,1951,975
1618,1952,964
1618,1953,968
1618,1954,959
1618,1955,949
1618,1956,933
1618,1957,927
1618,1958,915
1618,1959,913
1618,1960,901
1618,1961,878
1618,1962,873
1618,1963,855
1619,1951,2370
1619,1952,2371
1619,1953,2343
1619,1954,2323
1619,1955,2328
1619,1956,2347
1619,1957,2326
1619,1958,2297
1619,1959,2299
1619,1960,2262
1619,1961,2248
1619,1962,2237
1619,1963,2198
1620,1964,6556
1620,1965,6571
1620,1966,6438
1620,1967,6373
1620,1968,6288
1620,1969,6142
1620,1970,5957
1620,1971,5753
1620,1972,5618
1620,1973,5380
1620,1974,5235
1620,1975,5101
1620,1976,5024
1620,1977,4933
1620,1978,4850
1620,1979,4818
1620,1980,4789
1620,1981,4746
1620,1982,4670
1620,1983,4604
1620,1984,4573
1620,1985,4490
1620,1986,4445
1620,1987,4365
1620,1988,4286
1620,1989,4261
1620,1990,4293
1620u,1951,4433
1620u,1952,4426
1620u,1953,4438
1620u,1954,4456
1620u,1955,4416
1620u,1956,4469
1620u,1957,4438
1620u,1958,4440
1620u,1959,4441
1620u,1960,4446
1620u,1961,4440
1620u,1962,4400
1620u,1963,4362
1621,1951,3998
1621,1952,4066
1621,1953,4086
1621,1954,4087
1621,1955,4280
1621,1956,4472
1621,1957,4617
1621,1958,4724
1621,1959,4796
1621,1960,4937
1621,1961,5000
1621,1962,5074
1621,1963,5073
1621,1964,5213
1621,1965,5294
1621,1966,5194
1621,1967,5218
1621,1968,5231
1621,1969,5245
1621,1970,5259
1621,1971,5284
1621,1972,5269
1621,1973,5213
1621,1974,5144
1621,1975,5084
1621,1976,4982
1621,1977,4928
1621,1978,4867
1621,1979,4870
1621,1980,4899
1621,1981,4848
1621,1982,4892
1621,1983,4816
1621,1984,4867
1621,1985,4867
1621,1986,4828
1621,1987,4843
1621,1988,4790
1621,1989,4870
1621,1990,4905
1622,1951,1258
1622,1952,1240
1622,1953,1237
1622,1954,1193
1622,1955,1158
1622,1956,1148
1622,1957,1140
1622,1958,1153
1622,1959,1142
1622,1960,1121
1622,1961,1098
1622,1962,1107
1622,1963,1076
1622,1964,2165
1622,1965,2169
1622,1966,2192
1622,1967,2209
1622,1968,2188
1622,1969,2150
1622,1970,2103
1622,1971,2063
1622,1972,2044
1622,1973,2004
1622,1974,2006
1622,1975,1986
1622,1976,1956
1622,1977,1955
1622,1978,1934
1622,1979,1960
1622,1980,1958
1622,1981,1965
1622,1982,1982
1622,1983,1976
1622,1984,2004
1622,1985,2006
1622,1986,2011
1622,1987,1998
1622,1988,1941
1622,1989,1915
1622,1990,1918
1623,1951,1114
1623,1952,1123
1623,1953,1112
1623,1954,1098
1623,1955,1085
1623,1956,1063
1623,1957,1063
1623,1958,1063
1623,1959,1073
1623,1960,1104
1623,1961,1135
1623,1962,1136
1623,1963,1134
1624,1951,3255
1624,1952,3249
1624,1953,3255
1624,1954,3268
1624,1955,3288
1624,1956,3330
1624,1957,3307
1624,1958,3293
1624,1959,3300
1624,1960,3291
1624,1961,3218
1624,1962,3230
1624,1963,3220
1624,1964,6748
1624,1965,6765
1624,1966,6757
1624,1967,6673
1624,1968,6620
1624,1969,6638
1624,1970,6646
1624,1971,6573
1624,1972,6556
1624,1973,6504
1624,1974,6468
1624,1975,6475
1624,1976,6449
1624,1977,6502
1624,1978,6496
1624,1979,6575
1624,1980,6616
1624,1981,6682
1624,1982,6708
1624,1983,6787
1624,1984,6804
1624,1985,6815
1624,1986,6808
1624,1987,6776
1624,1988,6650
1624,1989,6609
1624,1990,6532
1625,1951,1983
1625,1952,1972
1625,1953,1976
1625,1954,1948
1625,1955,1945
1625,1956,1949
1625,1957,1936
1625,1958,1907
1625,1959,1878
1625,1960,1869
1625,1961,1857
1625,1962,1809
1625,1963,1818
1626,1951,2773
1626,1952,2778
1626,1953,2789
1626,1954,2786
1626,1955,2785
1626,1956,2702
1626,1957,2654
1626,1958,2646
1626,1959,2659
1626,1960,2646
1626,1961,2599
1626,1962,2580
1626,1963,2572
1627,1951,1252
1627,1952,1230
1627,1953,1233
1627,1954,1210
1627,1955,1223
1627,1956,1235
1627,1957,1229
1627,1958,1226
1627,1959,1202
1627,1960,1215
1627,1961,1237
1627,1962,1237
1627,1963,1238
1627,1964,4940
1627,1965,4960
1627,1966,4946
1627,1967,4904
1627,1968,4924
1627,1969,4940
1627,1970,4882
1627,1971,4786
1627,1972,4766
1627,1973,4718
1627,1974,4697
1627,1975,4645
1627,1976,4708
1627,1977,4682
1627,1978,4693
1627,1979,4756
1627,1980,4769
1627,1981,4839
1627,1982,4841
1627,1983,4974
1627,1984,4979
1627,1985,4973
1627,1986,4951
1627,1987,4932
1627,1988,4932
1627,1989,4911
1627,1990,4901
1628,1951,1179
1628,1952,1144
1628,1953,1161
1628,1954,1157
1628,1955,1140
1628,1956,1161
1628,1957,1166
1628,1958,1144
1628,1959,1166
1628,1960,1154
1628,1961,1130
1628,1962,1151
1628,1963,1111
1629,1951,1919
1629,1952,1935
1629,1953,1924
1629,1954,1919
1629,1955,1940
1629,1956,1953
1629,1957,1948
1629,1958,1958
1629,1959,1947
1629,1960,1970
1629,1961,1956
1629,1962,1943
1629,1963,1915
1630,1951,2615
1630,1952,2616
1630,1953,2601
1630,1954,2617
1630,1955,2617
1630,1956,2597
1630,1957,2596
1630,1958,2592
1630,1959,2582
1630,1960,2584
1630,1961,2620
1630,1962,2632
1630,1963,2644
1630,1964,4158
1630,1965,4122
1630,1966,4096
1630,1967,4121
1630,1968,4114
1630,1969,4100
1630,1970,4054
1630,1971,4015
1630,1972,3952
1630,1973,3902
1630,1974,3884
1630,1975,3875
1630,1976,3863
1630,1977,3867
1630,1978,3859
1630,1979,3830
1630,1980,3854
1630,1981,3834
1630,1982,3820
1630,1983,3803
1630,1984,3780
1630,1985,3746
1630,1986,3687
1630,1987,3627
1630,1988,3618
1630,1989,3620
1630,1990,3592
1631,1951,1540
1631,1952,1544
1631,1953,1563
1631,1954,1595
1631,1955,1620
1631,1956,1606
1631,1957,1585
1631,1958,1595
1631,1959,1598
1631,1960,1574
1631,1961,1539
1631,1962,1550
1631,1963,1537
1632,1951,1852
1632,1952,1838
1632,1953,1846
1632,1954,1838
1632,1955,1818
1632,1956,1822
1632,1957,1806
1632,1958,1784
1632,1959,1787
1632,1960,1769
1632,1961,1735
1632,1962,1711
1632,1963,1698
1632,1964,1708
1632,1965,1667
1632,1966,1642
1632,1967,1619
1632,1968,1595
1632,1969,1572
1632,1970,1536
1632,1971,1483
1632,1972,1448
1632,1973,1416
1632,1974,1412
1632,1975,1394
1632,1976,1365
1632,1977,1348
1632,1978,1334
1632,1979,1328
1632,1980,1302
1632,1981,1308
1632,1982,1322
1632,1983,1325
1632,1984,1338
1632,1985,1296
1632,1986,1286
1632,1987,1287
1632,1988,1252
1632,1989,1234
1632,1990,1232
1633,1951,1651
1633,1952,1629
1633,1953,1617
1633,1954,1607
1633,1955,1615
1633,1956,1610
1633,1957,1611
1633,1958,1593
1633,1959,1612
1633,1960,1617
1633,1961,1621
1633,1962,1648
1633,1963,1604
1633,1964,1608
1633,1965,1575
1633,1966,1559
1633,1967,1525
1633,1968,1494
1633,1969,1467
1633,1970,1461
1633,1971,1426
1633,1972,1422
1633,1973,1409
1633,1974,1392
1633,1975,1410
1633,1976,1358
1633,1977,1329
1633,1978,1339
1633,1979,1320
1633,1980,1348
1633,1981,1349
1633,1982,1368
1633,1983,1380
1633,1984,1394
1633,1985,1384
1633,1986,1359
1633,1987,1340
1633,1988,1332
1633,1989,1328
1633,1990,1316
1634,1951,5344
1634,1952,5471
1634,1953,5564
1634,1954,5568
1634,1955,5561
1634,1956,5502
1634,1957,5539
1634,1958,5538
1634,1959,5594
1634,1960,5635
1634,1961,5559
1634,1962,5549
1634,1963,5547
1634,1964,5505
1634,1965,5532
1634,1966,5522
1634,1967,5582
1634,1968,5606
1634,1969,5653
1634,1970,5651
1634,1971,5692
1634,1972,5725
1634,1973,5679
1634,1974,5681
1634,1975,5658
1634,1976,5626
1634,1977,5676
1634,1978,5765
1634,1979,5798
1634,1980,5898
1634,1981,6001
1634,1982,6063
1634,1983,6073
1634,1984,6107
1634,1985,6122
1634,1986,6088
1634,1987,6103
1634,1988,6166
1634,1989,6181
1634,1990,6157
1635,1951,2671
1635,1952,2628
1635,1953,2657
1635,1954,2685
1635,1955,2699
1635,1956,2736
1635,1957,2735
1635,1958,2748
1635,1959,2734
1635,1960,2741
1635,1961,2676
1635,1962,2665
1635,1963,2627
1635,1964,2584
1635,1965,2556
1635,1966,3004
1635,1967,2964
1635,1968,2937
1635,1969,2919
1635,1970,2892
1635,1971,2847
1635,1972,2839
1635,1973,2853
1635,1974,2873
1635,1975,2877
1635,1976,2891
1635,1977,2866
1635,1978,2864
1635,1979,2885
1635,1980,2978
1635,1981,3061
1635,1982,3109
1635,1983,3074
1635,1984,3081
1635,1985,3052
1635,1986,3043
1635,1987,2993
1635,1988,2979
1635,1989,2953
1635,1990,2945
1636,1951,5482
1636,1952,5508
1636,1953,5532
1636,1954,5522
1636,1955,5535
1636,1956,5585
1636,1957,5584
1636,1958,5531
1636,1959,5547
1636,1960,5503
1636,1961,5429
1636,1962,5412
1636,1963,5283
1636,1964,5157
1636,1965,5079
1636,1966,5000
1636,1967,4958
1636,1968,4855
1636,1969,4803
1636,1970,4738
1636,1971,4779
1636,1972,4748
1636,1973,4703
1636,1974,4677
1636,1975,4598
1636,1976,4555
1636,1977,4565
1636,1978,4520
1636,1979,4505
1636,1980,4517
1636,1981,4572
1636,1982,4581
1636,1983,4608
1636,1984,4591
1636,1985,4565
1636,1986,4521
1636,1987,4449
1636,1988,4436
1636,1989,4436
1636,1990,4393
1637,1951,1835
1637,1952,1871
1637,1953,1879
1637,1954,1886
1637,1955,1860
1637,1956,1802
1637,1957,1794
1637,1958,1784
1637,1959,1791
1637,1960,1740
1637,1961,1744
1637,1962,1719
1638,1951,4230
1638,1952,4270
1638,1953,4268
1638,1954,4280
1638,1955,4253
1638,1956,4201
1638,1957,4188
1638,1958,4186
1638,1959,4173
1638,1960,4197
1638,1961,4161
1638,1962,4142
1638,1963,9292
1638,1964,9226
1638,1965,9208
1638,1966,9204
1638,1967,9231
1638,1968,9254
1638,1969,9243
1638,1970,9234
1638,1971,9375
1638,1972,9368
1638,1973,9405
1638,1974,9388
1638,1975,9415
1638,1976,9530
1638,1977,9649
1638,1978,9512
1638,1979,9606
1638,1980,9694
1638,1981,9803
1638,1982,9918
1638,1983,9969
1638,1984,9986
1638,1985,9960
1638,1986,9963
1638,1987,10020
1638,1988,10058
1638,1989,10150
1638,1990,10184
1639,1951,2695
1639,1952,2688
1639,1953,2731
1639,1954,2761
1639,1955,2788
1639,1956,2860
1639,1957,2893
1639,1958,2901
1639,1959,2876
1639,1960,2843
1639,1961,2867
1639,1962,2910
1640,1951,2643
1640,1952,2684
1640,1953,2689
1640,1954,2736
1640,1955,2804
1640,1956,2795
1640,1957,2853
1640,1958,2839
1640,1959,2864
1640,1960,2909
1640,1961,2894
1640,1962,2918
1640,1963,3013
1640,1964,5209
1640,1965,5256
1640,1966,5261
1640,1967,5204
1640,1968,5217
1640,1969,5253
1640,1970,5210
1640,1971,5147
1640,1972,5142
1640,1973,5165
1640,1974,5175
1640,1975,5249
1640,1976,5293
1640,1977,5282
1640,1978,5329
1640,1979,5361
1640,1980,5393
1640,1981,5377
1640,1982,5397
1640,1983,5456
1640,1984,5457
1640,1985,5422
1640,1986,5408
1640,1987,5349
1640,1988,5325
1640,1989,5333
1640,1990,5353
1641,1951,694
1641,1952,688
1641,1953,675
1641,1954,675
1641,1955,641
1641,1956,627
1641,1957,622
1641,1958,593
1641,1959,573
1641,1960,544
1641,1961,563
1641,1962,562
1641,1963,513
1642,1951,1119
1642,1952,1099
1642,1953,1091
1642,1954,1091
1642,1955,1060
1642,1956,1061
1642,1957,1051
1642,1958,1031
1642,1959,1008
1642,1960,994
1642,1961,973
1642,1962,970
1642,1963,947
1643,1951,869
1643,1952,866
1643,1953,874
1643,1954,847
1643,1955,833
1643,1956,787
1643,1957,757
1643,1958,749
1643,1959,739
1643,1960,724
1643,1961,712
1643,1962,707
1643,1963,703
1644,1972,2722
1644,1973,2709
1644,1974,2702
1644,1975,2692
1644,1976,2662
1644,1977,2646
1644,1978,2633
1644,1979,2640
1644,1980,2662
1644,1981,2653
1644,1982,2657
1644,1983,2656
1644,1984,2647
1644,1985,2670
1644,1986,2648
1644,1987,2594
1644,1988,2582
1644,1989,2552
1644,1990,2512
1644u,1951,2449
1644u,1952,2457
1644u,1953,2435
1644u,1954,2401
1644u,1955,2375
1644u,1956,2367
1644u,1957,2341
1644u,1958,2290
1644u,1959,2262
1644u,1960,2217
1644u,1961,2211
1644u,1962,2209
1644u,1963,2157
1644u,1964,2130
1644u,1965,2135
1644u,1966,2123
1644u,1967,2115
1644u,1968,2091
1644u,1969,2057
1644u,1970,2000
1644u,1971,1987
1645,1951,1013
1645,1952,996
1645,1953,1011
1645,1954,999
1645,1955,985
1645,1956,967
1645,1957,955
1645,1958,960
1645,1959,958
1645,1960,966
1645,1961,969
1645,1962,960
1645,1963,931
1645,1964,886
1645,1965,899
1645,1966,894
1645,1967,874
1645,1968,860
1645,1969,816
1645,1970,812
1645,1971,795
1646,1951,1754
1646,1952,1742
1646,1953,1733
1646,1954,1721
1646,1955,1693
1646,1956,1682
1646,1957,1649
1646,1958,1635
1646,1959,1609
1646,1960,1612
1646,1961,1636
1646,1962,1626
1646,1963,1598
1647,1951,578
1647,1952,591
1647,1953,586
1647,1954,578
1647,1955,567
1647,1956,568
1647,1957,558
1647,1958,547
1647,1959,549
1647,1960,541
1647,1961,542
1647,1962,557
1647,1963,545
1648,1964,6295
1648,1965,6243
1648,1966,6264
1648,1967,6188
1648,1968,6197
1648,1969,6192
1648,1970,6172
1648,1971,6122
1648,1972,6116
1648,1973,6092
1648,1974,6122
1648,1975,6147
1648,1976,6150
1648,1977,6165
1648,1978,6213
1648,1979,6193
1648,1980,6290
1648,1981,6272
1648,1982,6230
1648,1983,6253
1648,1984,6201
1648,1985,6204
1648,1986,6161
1648,1987,6158
1648,1988,6080
1648,1989,6082
1648,1990,6033
1648u,1951,2347
1648u,1952,2327
1648u,1953,2374
1648u,1954,2356
1648u,1955,2377
1648u,1956,2354
1648u,1957,2349
1648u,1958,2347
1648u,1959,2341
1648u,1960,2344
1648u,1961,2332
1648u,1962,2343
1648u,1963,2320
1649,1951,2050
1649,1952,2041
1649,1953,2026
1649,1954,1998
1649,1955,1994
1649,1956,1982
1649,1957,1951
1649,1958,1959
1649,1959,1926
1649,1960,1908
1649,1961,1960
1649,1962,1937
1649,1963,1928
1650,1951,2570
1650,1952,2553
1650,1953,2567
1650,1954,2552
1650,1955,2589
1650,1956,2602
1650,1957,2609
1650,1958,2612
1650,1959,2620
1650,1960,2595
1650,1961,2554
1650,1962,2536
1650,1963,2542
1651,1951,1311
1651,1952,1346
1651,1953,1365
1651,1954,1358
1651,1955,1377
1651,1956,1375
1651,1957,1340
1651,1958,1341
1651,1959,1353
1651,1960,1376
1651,1961,1389
1651,1962,1429
1651,1963,1430
1652,1951,794
1652,1952,780
1652,1953,813
1652,1954,828
1652,1955,822
1652,1956,835
1652,1957,849
1652,1958,846
1652,1959,857
1652,1960,863
1652,1961,823
1652,1962,816
1652,1963,823
1653,1951,3368
1653,1952,3383
1653,1953,3417
1653,1954,3484
1653,1955,3529
1653,1956,3511
1653,1957,3580
1653,1958,3626
1653,1959,3724
1653,1960,3763
1653,1961,3856
1653,1962,3883
1653,1963,3931
1653,1964,8820
1653,1965,8881
1653,1966,8945
1653,1967,8965
1653,1968,8945
1653,1969,9058
1653,1970,9095
1653,1971,9336
1653,1972,9531
1653,1973,9711
1653,1974,9885
1653,1975,10056
1653,1976,10278
1653,1977,10462
1653,1978,10602
1653,1979,10734
1653,1980,10975
1653,1981,11108
1653,1982,11323
1653,1983,11497
1653,1984,11655
1653,1985,11834
1653,1986,11934
1653,1987,12177
1653,1988,12196
1653,1989,12366
1653,1990,12432
1654,1951,2875
1654,1952,2967
1654,1953,3052
1654,1954,3121
1654,1955,3154
1654,1956,3196
1654,1957,3307
1654,1958,3372
1654,1959,3471
1654,1960,3592
1654,1961,3683
1654,1962,3841
1654,1963,4011
1655,1951,1896
1655,1952,1916
1655,1953,1917
1655,1954,1939
1655,1955,1925
1655,1956,1916
1655,1957,1933
1655,1958,1943
1655,1959,1954
1655,1960,1966
1655,1961,2011
1655,1962,2004
1655,1963,2008
1656,1951,1225
1656,1952,1268
1656,1953,1269
1656,1954,1229
1656,1955,1240
1656,1956,1241
1656,1957,1244
1656,1958,1240
1656,1959,1257
1656,1960,1256
1656,1961,1279
1656,1962,1294
1656,1963,1305
1656,1964,1292
1657,1951,1215
1657,1952,1227
1657,1953,1260
1657,1954,1268
1657,1955,1257
1657,1956,1261
1657,1957,1267
1657,1958,1262
1657,1959,1264
1657,1960,1280
1657,1961,1296
1657,1962,1285
1657,1963,1251
1657,1964,1237
1657,1965,3994
1657,1966,4036
1657,1967,4042
1657,1968,4169
1657,1969,4337
1657,1970,4423
1657,1971,4448
1657,1972,4539
1657,1973,4600
1657,1974,4624
1657,1975,4626
1657,1976,4644
1657,1977,4723
1657,1978,4745
1657,1979,4784
1657,1980,4824
1657,1981,4949
1657,1982,5057
1657,1983,5147
1657,1984,5203
1657,1985,5245
1657,1986,5310
1657,1987,5414
1657,1988,5475
1657,1989,5549
1657,1990,5536
1658,1951,1557
1658,1952,1530
1658,1953,1518
1658,1954,1578
1658,1955,1597
1658,1956,1553
1658,1957,1531
1658,1958,1540
1658,1959,1530
1658,1960,1538
1658,1961,1475
1658,1962,1458
1658,1963,1454
1658,1964,1469
1659,1951,646
1659,1952,661
1659,1953,667
1659,1954,655
1659,1955,667
1659,1956,633
1659,1957,607
1659,1958,597
1659,1959,587
1659,1960,580
1659,1961,570
1659,1962,561
1660,1951,29085
1660,1952,27761
1660,1953,28471
1660,1954,29494
1660,1955,30844
1660,1956,32051
1660,1957,33238
1660,1958,34298
1660,1959,35247
1660,1960,36380
1660,1961,38251
1660,1962,40415
1660,1963,42531
1661,1951,1593
1661,1952,1737
1661,1953,1899
1661,1954,2070
1661,1955,2168
1661,1956,2244
1661,1957,2348
1661,1958,2440
1661,1959,2513
1661,1960,2644
1661,1961,2826
1661,1962,3031
1661,1963,3328
1662,1951,1398
1662,1952,1412
1662,1953,1409
1662,1954,1419
1662,1955,1399
1662,1956,1480
1662,1957,1494
1662,1958,1527
1662,1959,1547
1662,1960,1598
1662,1961,1630
1662,1962,1639
1662,1963,1698
1662,1964,1714
1662,1965,1729
1662,1966,1789
1662,1967,1901
1662,1968,1925
1662,1969,1981
1662,1970,2080
1662,1971,2579
1662,1972,2676
1662,1973,2775
1662,1974,2785
1662,1975,2814
1662,1976,2925
1662,1977,3033
1662,1978,3235
1662,1979,3359
1662,1980,3412
1662,1981,3433
1662,1982,3491
1662,1983,3529
1662,1984,3593
1662,1985,3675
1662,1986,3898
1662,1987,4040
1662,1988,4085
1662,1989,4240
1662,1990,4306
1663,1951,4712
1663,1952,4859
1663,1953,4958
1663,1954,5021
1663,1955,5048
1663,1956,5077
1663,1957,5102
1663,1958,5209
1663,1959,5229
1663,1960,5319
1663,1961,5498
1663,1962,5561
1663,1963,5630
1663,1964,5673
1663,1965,5782
1663,1966,5895
1663,1967,6046
1663,1968,6290
1663,1969,6527
1663,1970,6691
1663,1971,7127
1663,1972,7385
1663,1973,7444
1663,1974,7492
1663,1975,7518
1663,1976,7639
1663,1977,7704
1663,1978,7818
1663,1979,7925
1663,1980,8069
1663,1981,8197
1663,1982,8424
1663,1983,8692
1663,1984,8799
1663,1985,8812
1663,1986,8926
1663,1987,9139
1663,1988,9332
1663,1989,9448
1663,1990,9564
1664,1951,4589
1664,1952,4540
1664,1953,4560
1664,1954,4547
1664,1955,4520
1664,1956,4494
1664,1957,4464
1664,1958,4421
1664,1959,4414
1664,1960,4458
1664,1961,4364
1664,1962,4346
1664,1963,4228
1664,1964,4199
1664,1965,4205
1664,1966,4183
1664,1967,4153
1664,1968,4077
1664,1969,4011
1664,1970,3948
1664,1971,3912
1664,1972,3881
1664,1973,3836
1664,1974,3818
1664,1975,3803
1664,1976,3814
1664,1977,3828
1664,1978,3797
1664,1979,3815
1664,1980,3867
1664,1981,3903
1664,1982,3955
1664,1983,3999
1664,1984,4089
1664,1985,4161
1664,1986,4123
1664,1987,4115
1664,1988,4110
1664,1989,4137
1664,1990,4097
1665,1951,784
1665,1952,791
1665,1953,801
1665,1954,797
1665,1955,794
1665,1956,821
1665,1957,886
1665,1958,945
1665,1959,987
1665,1960,991
1665,1961,992
1665,1962,996
1665,1963,993
1665,1964,976
1665,1965,976
1665,1966,979
1665,1967,995
1665,1968,1006
1665,1969,996
1665,1970,1006
1665,1971,986
1665,1972,966
1665,1973,973
1665,1974,974
1665,1975,1007
1665,1976,992
1665,1977,973
1665,1978,993
1665,1979,969
1665,1980,967
1665,1981,958
1665,1982,972
1665,1983,981
1665,1984,985
1665,1985,988
1665,1986,993
1665,1987,995
1665,1988,999
1665,1989,1008
1665,1990,1008
1701,1951,1607
1701,1952,1556
1701,1953,1606
1701,1954,1571
1701,1955,1597
1701,1956,1683
1701,1957,1688
1701,1958,1707
1701,1959,1706
1701,1960,1711
1701,1961,1668
1702,1951,3458
1702,1952,3527
1702,1953,3670
1702,1954,3889
1702,1955,4006
1702,1956,4072
1702,1957,4111
1702,1958,4190
1702,1959,4158
1702,1960,4123
1702,1961,4233
1702,1962,4321
1702,1963,4384
1702,1964,19582
1702,1965,19746
1702,1966,19919
1702,1967,19844
1702,1968,19882
1702,1969,20044
1702,1970,20191
1702,1971,20144
1702,1972,20244
1702,1973,20291
1702,1974,20341
1702,1975,20399
1702,1976,20548
1702,1977,20491
1702,1978,20535
1702,1979,20526
1702,1980,20504
1702,1981,20565
1702,1982,20667
1702,1983,20692
1702,1984,20654
1702,1985,20590
1702,1986,20476
1702,1987,20397
1702,1988,20403
1702,1989,20439
1702,1990,20577
1703,1951,4584
1703,1952,4563
1703,1953,4703
1703,1954,4829
1703,1955,5013
1703,1956,5250
1703,1957,5270
1703,1958,5243
1703,1959,5346
1703,1960,5269
1703,1961,5317
1703,1962,5279
1703,1963,5292
1703,1964,10875
1703,1965,10999
1703,1966,10936
1703,1967,11007
1703,1968,11005
1703,1969,11113
1703,1970,11230
1703,1971,11190
1703,1972,11269
1703,1973,11312
1703,1974,11367
1703,1975,11460
1703,1976,11453
1703,1977,11480
1703,1978,11571
1703,1979,11640
1703,1980,11769
1703,1981,11796
1703,1982,11810
1703,1983,11879
1703,1984,11907
1703,1985,11847
1703,1986,11858
1703,1987,11806
1703,1988,11805
1703,1989,11811
1703,1990,11840
1711,1951,3152
1711,1952,3220
1711,1953,3290
1711,1954,3327
1711,1955,3321
1711,1956,3304
1711,1957,3347
1711,1958,3370
1711,1959,3384
1711,1960,3352
1711,1961,3330
1711,1962,3294
1711,1963,3205
1711,1964,3163
1711,1965,3213
1711,1966,3230
1711,1967,3167
1711,1968,3064
1711,1969,3013
1711,1970,2948
1711,1971,2907
1711,1972,2902
1711,1973,2918
1711,1974,2895
1711,1975,2890
1711,1976,2890
1711,1977,2901
1711,1978,2929
1711,1979,2914
1711,1980,2910
1711,1981,2920
1711,1982,2895
1711,1983,2899
1711,1984,2908
1711,1985,2887
1711,1986,2868
1711,1987,2876
1711,1988,2848
1711,1989,2779
1711,1990,2750
1712,1951,2800
1712,1952,2792
1712,1953,2833
1712,1954,2820
1712,1955,2815
1712,1956,2792
1712,1957,2787
1712,1958,2783
1712,1959,2824
1712,1960,2824
1712,1961,2762
1713,1951,1819
1713,1952,1834
1713,1953,1844
1713,1954,1877
1713,1955,1897
1713,1956,1901
1713,1957,1930
1713,1958,1924
1713,1959,1961
1713,1960,1974
1713,1961,1976
1714,1951,5105
1714,1952,5340
1714,1953,5418
1714,1954,5534
1714,1955,5626
1714,1956,5660
1714,1957,5866
1714,1958,5873
1714,1959,6001
1714,1960,6128
1714,1961,6130
1714,1962,12819
1714,1963,12865
1714,1964,12858
1714,1965,12878
1714,1966,13117
1714,1967,13207
1714,1968,13327
1714,1969,13481
1714,1970,13545
1714,1971,13768
1714,1972,14263
1714,1973,14524
1714,1974,14867
1714,1975,15201
1714,1976,15344
1714,1977,15485
1714,1978,15727
1714,1979,15963
1714,1980,16107
1714,1981,16178
1714,1982,16254
1714,1983,16360
1714,1984,16535
1714,1985,16717
1714,1986,16748
1714,1987,16899
1714,1988,17042
1714,1989,17202
1714,1990,17276
1715,1951,2062
1715,1952,2085
1715,1953,2102
1715,1954,2090
1715,1955,2084
1715,1956,2069
1715,1957,2036
1715,1958,2012
1715,1959,1996
1715,1960,1991
1715,1961,1983
1716,1951,2037
1716,1952,2019
1716,1953,2048
1716,1954,2046
1716,1955,2007
1716,1956,1998
1716,1957,1985
1716,1958,1969
1716,1959,1965
1716,1960,1894
1716,1961,1931
1717,1951,3080
1717,1952,3076
1717,1953,3056
1717,1954,3029
1717,1955,3051
1717,1956,3042
1717,1957,3011
1717,1958,2998
1717,1959,2982
1717,1960,2940
1717,1961,2849
1717,1962,2817
1717,1963,2785
1717,1964,2787
1717,1965,2743
1717,1966,2733
1717,1967,2703
1717,1968,2675
1717,1969,2652
1717,1970,2621
1717,1971,2605
1717,1972,2601
1717,1973,2560
1717,1974,2524
1717,1975,2528
1717,1976,2488
1717,1977,2501
1717,1978,2474
1717,1979,2437
1717,1980,2446
1717,1981,2459
1717,1982,2479
1717,1983,2479
1717,1984,2474
1717,1985,2452
1717,1986,2471
1717,1987,2459
1717,1988,2502
1717,1989,2481
1717,1990,2503
1718,1951,2997
1718,1952,3021
1718,1953,3016
1718,1954,2977
1718,1955,2966
1718,1956,2943
1718,1957,2946
1718,1958,2929
1718,1959,2911
1718,1960,2913
1718,1961,2998
1718,1962,2963
1718,1963,2940
1718,1964,2952
1718,1965,2996
1718,1966,3005
1718,1967,2998
1718,1968,2980
1718,1969,2969
1718,1970,2979
1718,1971,2994
1718,1972,3034
1718,1973,3046
1718,1974,3076
1718,1975,3182
1718,1976,3186
1718,1977,3220
1718,1978,3305
1718,1979,3364
1718,1980,3454
1718,1981,3550
1718,1982,3627
1718,1983,3656
1718,1984,3655
1718,1985,3636
1718,1986,3647
1718,1987,3642
1718,1988,3653
1718,1989,3626
1718,1990,3589
1719,1962,12138
1719,1963,12155
1719,1964,13053
1719,1965,13354
1719,1966,13688
1719,1967,14149
1719,1968,14434
1719,1969,14682
1719,1970,14794
1719,1971,14839
1719,1972,15033
1719,1973,15139
1719,1974,15385
1719,1975,15450
1719,1976,15570
1719,1977,15688
1719,1978,15742
1719,1979,15888
1719,1980,15909
1719,1981,16097
1719,1982,16189
1719,1983,16246
1719,1984,16276
1719,1985,16278
1719,1986,16337
1719,1987,16483
1719,1988,16644
1719,1989,16702
1719,1990,16704
1719u,1951,4421
1719u,1952,4500
1719u,1953,4535
1719u,1954,4566
1719u,1955,4593
1719u,1956,4539
1719u,1957,4597
1719u,1958,4638
1719u,1959,4700
1719u,1960,4710
1719u,1961,4779
1720,1951,3397
1720,1952,3536
1720,1953,3567
1720,1954,3601
1720,1955,3734
1720,1956,3625
1720,1957,3689
1720,1958,3699
1720,1959,3741
1720,1960,3784
1720,1961,3801
1721,1951,8524
1721,1952,8561
1721,1953,8648
1721,1954,8706
1721,1955,8769
1721,1956,8848
1721,1957,8876
1721,1958,8908
1721,1959,9027
1721,1960,9087
1721,1961,9145
1721,1962,9246
1721,1963,9334
1721,1964,9364
1721,1965,9327
1721,1966,9396
1721,1967,9413
1721,1968,9503
1721,1969,9578
1721,1970,9756
1721,1971,9950
1721,1972,10222
1721,1973,10762
1721,1974,11368
1721,1975,11974
1721,1976,12245
1721,1977,12333
1721,1978,12427
1721,1979,12694
1721,1980,12924
1721,1981,12979
1721,1982,13019
1721,1983,13062
1721,1984,13140
1721,1985,13131
1721,1986,13197
1721,1987,13240
1721,1988,13398
1721,1989,13370
1721,1990,13391
1722,1951,913
1722,1952,881
1722,1953,886
1722,1954,871
1722,1955,871
1722,1956,875
1722,1957,865
1722,1958,828
1722,1959,829
1722,1960,823
1722,1961,818
1722,1962,797
1722,1963,803
1723,1951,790
1723,1952,794
1723,1953,797
1723,1954,807
1723,1955,803
1723,1956,790
1723,1957,779
1723,1958,782
1723,1959,797
1723,1960,798
1723,1961,784
1723,1962,795
1723,1963,771
1723,1964,765
1723,1965,768
1723,1966,763
1723,1967,733
1723,1968,1116
1723,1969,1169
1723,1970,1207
1723,1971,1074
1723,1972,1058
1723,1973,1068
1723,1974,1016
1723,1975,997
1723,1976,977
1723,1977,969
1723,1978,970
1723,1979,968
1723,1980,968
1723,1981,968
1723,1982,961
1723,1983,978
1723,1984,990
1723,1985,978
1723,1986,990
1723,1987,985
1723,1988,984
1723,1989,963
1723,1990,964
1724,1951,1751
1724,1952,1745
1724,1953,1766
1724,1954,1773
1724,1955,1797
1724,1956,1851
1724,1957,1873
1724,1958,1894
1724,1959,1904
1724,1960,1891
1724,1961,1878
1724,1962,1856
1724,1963,1829
1724,1964,4778
1724,1965,4716
1724,1966,4623
1724,1967,4608
1724,1968,4088
1724,1969,3998
1724,1970,3883
1724,1971,3949
1724,1972,3871
1724,1973,3810
1724,1974,3767
1724,1975,3708
1724,1976,3692
1724,1977,3699
1724,1978,3672
1724,1979,3613
1724,1980,3601
1724,1981,3596
1724,1982,3535
1724,1983,3493
1724,1984,3477
1724,1985,3434
1724,1986,3350
1724,1987,3262
1724,1988,3222
1724,1989,3209
1724,1990,3139
1725,1951,1490
1725,1952,1518
1725,1953,1556
1725,1954,1558
1725,1955,1588
1725,1956,1570
1725,1957,1567
1725,1958,1541
1725,1959,1552
1725,1960,1565
1725,1961,1534
1725,1962,1539
1725,1963,1534
1725,1964,2105
1725,1965,2123
1725,1966,2069
1725,1967,2047
1725,1968,2034
1725,1969,2000
1725,1970,2001
1725,1971,1961
1725,1972,1982
1725,1973,1976
1725,1974,1985
1725,1975,2012
1725,1976,2008
1725,1977,2021
1725,1978,2043
1725,1979,2044
1725,1980,2064
1725,1981,2104
1725,1982,2090
1725,1983,2083
1725,1984,2072
1725,1985,2076
1725,1986,2052
1725,1987,2058
1725,1988,2033
1725,1989,1999
1725,1990,2011
1726,1951,2378
1726,1952,2452
1726,1953,2565
1726,1954,2630
1726,1955,2757
1726,1956,2847
1726,1957,2984
1726,1958,3056
1726,1959,3090
1726,1960,3141
1726,1961,3098
1726,1962,3012
1726,1963,2986
1727,1951,2637
1727,1952,2628
1727,1953,2646
1727,1954,2662
1727,1955,2651
1727,1956,2657
1727,1957,2688
1727,1958,2675
1727,1959,2670
1727,1960,2645
1727,1961,2617
1727,1962,2610
1727,1963,2601
1728,1951,815
1728,1952,821
1728,1953,821
1728,1954,822
1728,1955,799
1728,1956,786
1728,1957,790
1728,1958,765
1728,1959,771
1728,1960,784
1728,1961,757
1729,1951,3204
1729,1952,3187
1729,1953,3211
1729,1954,3199
1729,1955,3180
1729,1956,3194
1729,1957,3226
1729,1958,3218
1729,1959,3222
1729,1960,3187
1729,1961,3176
1729,1962,4947
1729,1963,4938
1729,1964,4934
1729,1965,4967
1729,1966,4956
1729,1967,4916
1729,1968,4878
1729,1969,4900
1729,1970,4823
1729,1971,4853
1729,1972,4922
1729,1973,4978
1729,1974,5094
1729,1975,5122
1729,1976,5219
1729,1977,5298
1729,1978,5343
1729,1979,5420
1729,1980,5465
1729,1981,5461
1729,1982,5582
1729,1983,5591
1729,1984,5625
1729,1985,5676
1729,1986,5657
1729,1987,5686
1729,1988,5718
1729,1989,5766
1729,1990,5816
1730,1951,975
1730,1952,961
1730,1953,961
1730,1954,968
1730,1955,951
1730,1956,970
1730,1957,976
1730,1958,975
1730,1959,979
1730,1960,1011
1730,1961,1011
1731,1951,3674
1731,1952,3711
1731,1953,3728
1731,1954,3734
1731,1955,3774
1731,1956,3779
1731,1957,3780
1731,1958,3799
1731,1959,3807
1731,1960,3804
1731,1961,3898
1731,1962,3916
1731,1963,3995
1732,1951,2055
1732,1952,2084
1732,1953,2146
1732,1954,2193
1732,1955,2307
1732,1956,2321
1732,1957,2345
1732,1958,2400
1732,1959,2439
1732,1960,2498
1732,1961,2574
1732,1962,2608
1732,1963,2625
1733,1951,2588
1733,1952,2674
1733,1953,2719
1733,1954,2790
1733,1955,2848
1733,1956,2935
1733,1957,3021
1733,1958,3088
1733,1959,3142
1733,1960,3185
1733,1961,3257
1733,1962,3283
1733,1963,3335
1734,1951,1434
1734,1952,1429
1734,1953,1439
1734,1954,1432
1734,1955,1426
1734,1956,1404
1734,1957,1394
1734,1958,1387
1734,1959,1358
1734,1960,1364
1734,1961,1346
1734,1962,1330
1734,1963,1293
1735,1951,1325
1735,1952,1298
1735,1953,1309
1735,1954,1315
1735,1955,1323
1735,1956,1356
1735,1957,1342
1735,1958,1345
1735,1959,1347
1735,1960,1303
1735,1961,1307
1735,1962,1292
1735,1963,1258
1736,1951,3197
1736,1952,3226
1736,1953,3236
1736,1954,3192
1736,1955,3208
1736,1956,3207
1736,1957,3237
1736,1958,3247
1736,1959,3239
1736,1960,3244
1736,1961,3196
1736,1962,3211
1736,1963,3194
1736,1964,3194
1736,1965,3147
1736,1966,3080
1736,1967,3032
1736,1968,3009
1736,1969,2991
1736,1970,2967
1736,1971,2893
1736,1972,2812
1736,1973,2772
1736,1974,2779
1736,1975,2744
1736,1976,2696
1736,1977,2654
1736,1978,2648
1736,1979,2626
1736,1980,2602
1736,1981,2634
1736,1982,2639
1736,1983,2638
1736,1984,2657
1736,1985,2623
1736,1986,2601
1736,1987,2562
1736,1988,2549
1736,1989,2520
1736,1990,2526
1737,1951,878
1737,1952,894
1737,1953,913
1737,1954,928
1737,1955,921
1737,1956,915
1737,1957,910
1737,1958,912
1737,1959,900
1737,1960,895
1737,1961,932
1737,1962,924
1737,1963,908
1738,1964,2045
1738,1965,2005
1738,1966,2001
1738,1967,1990
1738,1968,2001
1738,1969,1988
1738,1970,1999
1738,1971,1905
1738,1972,1942
1738,1973,1917
1738,1974,1898
1738,1975,1884
1738,1976,1882
1738,1977,1862
1738,1978,1862
1738,1979,1851
1738,1980,1861
1738,1981,1827
1738,1982,1837
1738,1983,1829
1738,1984,1813
1738,1985,1796
1738,1986,1782
1738,1987,1771
1738,1988,1728
1738,1989,1715
1738,1990,1694
1738u,1951,1028
1738u,1952,1050
1738u,1953,1063
1738u,1954,1084
1738u,1955,1086
1738u,1956,1108
1738u,1957,1092
1738u,1958,1087
1738u,1959,1076
1738u,1960,1123
1738u,1961,1169
1738u,1962,1183
1738u,1963,1180
1739,1951,458
1739,1952,467
1739,1953,469
1739,1954,463
1739,1955,461
1739,1956,458
1739,1957,468
1739,1958,476
1739,1959,470
1739,1960,461
1739,1961,482
1739,1962,492
1739,1963,488
1739,1964,522
1739,1965,510
1739,1966,500
1739,1967,510
1739,1968,495
1739,1969,510
1739,1970,502
1739,1971,558
1739,1972,584
1739,1973,694
1739,1974,741
1739,1975,734
1739,1976,762
1739,1977,735
1739,1978,745
1739,1979,743
1739,1980,721
1739,1981,702
1739,1982,704
1739,1983,708
1739,1984,720
1739,1985,728
1739,1986,713
1739,1987,696
1739,1988,718
1739,1989,727
1739,1990,742
1740,1951,1238
1740,1952,1265
1740,1953,1384
1740,1954,1485
1740,1955,1513
1740,1956,1570
1740,1957,1627
1740,1958,1650
1740,1959,1679
1740,1960,1693
1740,1961,1745
1740,1962,1759
1740,1963,1723
1740,1964,1723
1740,1965,1688
1740,1966,1739
1740,1967,1719
1740,1968,1751
1740,1969,1737
1740,1970,1734
1740,1971,1773
1740,1972,1714
1740,1973,1652
1740,1974,1601
1740,1975,1579
1740,1976,1559
1740,1977,1578
1740,1978,1553
1740,1979,1469
1740,1980,1399
1740,1981,1397
1740,1982,1419
1740,1983,1386
1740,1984,1402
1740,1985,1308
1740,1986,1270
1740,1987,1250
1740,1988,1215
1740,1989,1213
1740,1990,1188
1741,1951,953
1741,1952,954
1741,1953,941
1741,1954,945
1741,1955,934
1741,1956,940
1741,1957,1012
1741,1958,1030
1741,1959,1036
1741,1960,1038
1741,1961,1061
1741,1962,1098
1741,1963,1111
1742,1951,2055
1742,1952,2073
1742,1953,2076
1742,1954,2051
1742,1955,2067
1742,1956,2070
1742,1957,2080
1742,1958,2094
1742,1959,2092
1742,1960,2069
1742,1961,2038
1742,1962,2024
1742,1963,2015
1742,1964,3047
1742,1965,3012
1742,1966,2995
1742,1967,2943
1742,1968,2900
1742,1969,2847
1742,1970,2789
1742,1971,2776
1742,1972,2740
1742,1973,2660
1742,1974,2635
1742,1975,2620
1742,1976,2558
1742,1977,2567
1742,1978,2556
1742,1979,2577
1742,1980,2592
1742,1981,2607
1742,1982,2632
1742,1983,2623
1742,1984,2591
1742,1985,2589
1742,1986,2616
1742,1987,2593
1742,1988,2554
1742,1989,2513
1742,1990,2488
1743,1951,1343
1743,1952,1339
1743,1953,1352
1743,1954,1385
1743,1955,1377
1743,1956,1363
1743,1957,1340
1743,1958,1338
1743,1959,1334
1743,1960,1331
1743,1961,1321
1743,1962,1318
1743,1963,1308
1743,1964,1483
1743,1965,1481
1743,1966,1481
1743,1967,1462
1743,1968,1454
1743,1969,1462
1743,1970,1441
1743,1971,1412
1743,1972,1395
1743,1973,1363
1743,1974,1346
1743,1975,1348
1743,1976,1371
1743,1977,1396
1743,1978,1416
1743,1979,1425
1743,1980,1449
1743,1981,1455
1743,1982,1455
1743,1983,1462
1743,1984,1463
1743,1985,1456
1743,1986,1470
1743,1987,1461
1743,1988,1469
1743,1989,1433
1743,1990,1409
1744,1951,3406
1744,1952,3413
1744,1953,3461
1744,1954,3496
1744,1955,3485
1744,1956,3539
1744,1957,3515
1744,1958,3511
1744,1959,3485
1744,1960,3495
1744,1961,3447
1744,1962,3373
1744,1963,3364
1744,1964,3326
1744,1965,3261
1744,1966,3277
1744,1967,3280
1744,1968,3270
1744,1969,3270
1744,1970,3266
1744,1971,3294
1744,1972,3310
1744,1973,3325
1744,1974,3355
1744,1975,3381
1744,1976,3407
1744,1977,3461
1744,1978,3481
1744,1979,3540
1744,1980,3561
1744,1981,3551
1744,1982,3607
1744,1983,3654
1744,1984,3644
1744,1985,3670
1744,1986,3681
1744,1987,3706
1744,1988,3676
1744,1989,3715
1744,1990,3777
1745,1951,1672
1745,1952,1730
1745,1953,1764
1745,1954,1743
1745,1955,1774
1745,1956,1714
1745,1957,1735
1745,1958,1791
1745,1959,1824
1745,1960,1855
1745,1961,1840
1745,1962,1884
1745,1963,1943
1746,1951,2254
1746,1952,2272
1746,1953,2324
1746,1954,2375
1746,1955,2389
1746,1956,2440
1746,1957,2498
1746,1958,2540
1746,1959,2539
1746,1960,2485
1746,1961,2481
1746,1962,2458
1746,1963,2466
1747,1951,1598
1747,1952,1607
1747,1953,1604
1747,1954,1621
1747,1955,1606
1747,1956,1633
1747,1957,1646
1747,1958,1655
1747,1959,1637
1747,1960,1640
1747,1961,1632
1747,1962,1617
1747,1963,1609
1748,1951,1111
1748,1952,1121
1748,1953,1107
1748,1954,1095
1748,1955,1094
1748,1956,1101
1748,1957,1114
1748,1958,1101
1748,1959,1097
1748,1960,1092
1748,1961,1088
1748,1962,1100
1748,1963,1078
1748,1964,960
1748,1965,958
1748,1966,979
1748,1967,1003
1748,1968,978
1748,1969,953
1748,1970,954
1748,1971,901
1748,1972,900
1748,1973,895
1748,1974,896
1748,1975,879
1748,1976,876
1748,1977,868
1748,1978,860
1748,1979,854
1748,1980,842
1748,1981,849
1748,1982,848
1748,1983,828
1748,1984,834
1748,1985,860
1748,1986,853
1748,1987,846
1748,1988,855
1748,1989,867
1748,1990,858
1749,1951,1767
1749,1952,1768
1749,1953,1729
1749,1954,1689
1749,1955,1682
1749,1956,1705
1749,1957,1693
1749,1958,1689
1749,1959,1694
1749,1960,1703
1749,1961,1682
1749,1962,1648
1749,1963,1648
1749,1964,1656
1749,1965,1661
1749,1966,1651
1749,1967,1638
1749,1968,1614
1749,1969,1620
1749,1970,1618
1749,1971,1616
1749,1972,1602
1749,1973,1604
1749,1974,1568
1749,1975,1567
1749,1976,1595
1749,1977,1583
1749,1978,1589
1749,1979,1606
1749,1980,1572
1749,1981,1571
1749,1982,1558
1749,1983,1562
1749,1984,1582
1749,1985,1559
1749,1986,1547
1749,1987,1507
1749,1988,1473
1749,1989,1454
1749,1990,1436
1750,1951,3919
1750,1952,3958
1750,1953,3957
1750,1954,3910
1750,1955,3920
1750,1956,3895
1750,1957,3848
1750,1958,3849
1750,1959,3867
1750,1960,3880
1750,1961,3895
1750,1962,3861
1750,1963,3835
1750,1964,3825
1750,1965,3897
1750,1966,3882
1750,1967,3879
1750,1968,3843
1750,1969,3797
1750,1970,3765
1750,1971,3740
1750,1972,3751
1750,1973,3763
1750,1974,3774
1750,1975,3764
1750,1976,3719
1750,1977,3733
1750,1978,3768
1750,1979,3757
1750,1980,3758
1750,1981,3808
1750,1982,3809
1750,1983,3803
1750,1984,3805
1750,1985,3807
1750,1986,3763
1750,1987,3735
1750,1988,3734
1750,1989,3739
1750,1990,3747
1751,1951,2344
1751,1952,2294
1751,1953,2291
1751,1954,2323
1751,1955,2332
1751,1956,2315
1751,1957,2311
1751,1958,2319
1751,1959,2325
1751,1960,2317
1751,1961,2259
1751,1962,2251
1751,1963,2229
1751,1964,6241
1751,1965,6202
1751,1966,6124
1751,1967,6115
1751,1968,6138
1751,1969,6177
1751,1970,6130
1751,1971,5916
1751,1972,5892
1751,1973,5883
1751,1974,5870
1751,1975,5879
1751,1976,5855
1751,1977,5850
1751,1978,5829
1751,1979,5811
1751,1980,5822
1751,1981,5818
1751,1982,5767
1751,1983,5832
1751,1984,5870
1751,1985,5882
1751,1986,5821
1751,1987,5747
1751,1988,5663
1751,1989,5633
1751,1990,5581
1752,1951,2531
1752,1952,2475
1752,1953,2465
1752,1954,2448
1752,1955,2409
1752,1956,2545
1752,1957,2560
1752,1958,2541
1752,1959,2555
1752,1960,2575
1752,1961,2502
1752,1962,2471
1752,1963,2459
1753,1951,1030
1753,1952,1066
1753,1953,1081
1753,1954,1071
1753,1955,1084
1753,1956,1074
1753,1957,1072
1753,1958,1086
1753,1959,1079
1753,1960,1080
1753,1961,1079
1753,1962,1061
1753,1963,1036
1754,1951,866
1754,1952,884
1754,1953,889
1754,1954,886
1754,1955,876
1754,1956,872
1754,1957,872
1754,1958,864
1754,1959,864
1754,1960,862
1754,1961,839
1754,1962,824
1754,1963,804
1755,1951,1228
1755,1952,1223
1755,1953,1193
1755,1954,1176
1755,1955,1181
1755,1956,1192
1755,1957,1170
1755,1958,1138
1755,1959,1129
1755,1960,1105
1755,1961,1115
1755,1962,1115
1755,1963,1106
1755,1964,1098
1755,1965,1072
1755,1966,1071
1755,1967,1063
1755,1968,1035
1755,1969,1027
1755,1970,1007
1755,1971,980
1755,1972,1044
1755,1973,993
1755,1974,996
1755,1975,971
1755,1976,975
1755,1977,944
1755,1978,947
1755,1979,941
1755,1980,933
1755,1981,943
1755,1982,956
1755,1983,953
1755,1984,957
1755,1985,943
1755,1986,943
1755,1987,923
1755,1988,883
1755,1989,874
1755,1990,852
1801,1951,1438
1801,1952,1475
1801,1953,1564
1801,1954,1668
1801,1955,1718
1801,1956,1734
1801,1957,1741
1801,1958,1800
1801,1959,1838
1801,1960,1848
1801,1961,1862
1801,1962,1930
1801,1963,1991
1802,1951,3347
1802,1952,3429
1802,1953,3530
1802,1954,3666
1802,1955,3771
1802,1956,3961
1802,1957,4204
1802,1958,4490
1802,1959,4601
1802,1960,4740
1802,1961,4600
1803,1951,4215
1803,1952,4717
1803,1953,5263
1803,1954,6257
1803,1955,6886
1803,1956,7246
1803,1957,7777
1803,1958,8027
1803,1959,8186
1803,1960,8096
1803,1961,8368
1803,1962,8646
1803,1963,9134
1804,1951,7533
1804,1952,7835
1804,1953,8221
1804,1954,8777
1804,1955,9379
1804,1956,9865
1804,1957,10088
1804,1958,10501
1804,1959,12165
1804,1960,12445
1804,1961,12748
1804,1962,13115
1804,1963,13506
1804,1964,13806
1804,1965,14050
1804,1966,13997
1804,1967,14273
1804,1968,27575
1804,1969,28132
1804,1970,28530
1804,1971,29123
1804,1972,29489
1804,1973,29882
1804,1974,30380
1804,1975,30710
1804,1976,31096
1804,1977,31471
1804,1978,31832
1804,1979,32163
1804,1980,32567
1804,1981,33131
1804,1982,33498
1804,1983,33642
1804,1984,33773
1804,1985,34013
1804,1986,34485
1804,1987,34964
1804,1988,35377
1804,1989,35851
1804,1990,36536
1805,1951,11158
1805,1952,11262
1805,1953,11414
1805,1954,11805
1805,1955,12133
1805,1956,12134
1805,1957,12325
1805,1958,12544
1805,1959,12842
1805,1960,13052
1805,1961,13312
1805,1962,13408
1805,1963,13509
1805,1964,13499
1805,1965,13514
1805,1966,13448
1805,1967,13512
1805,1968,13427
1805,1969,13472
1805,1970,13325
1805,1971,13181
1805,1972,13102
1805,1973,12839
1805,1974,19780
1805,1975,19647
1805,1976,19576
1805,1977,19451
1805,1978,19308
1805,1979,19202
1805,1980,19310
1805,1981,19324
1805,1982,19239
1805,1983,19097
1805,1984,18976
1805,1985,18865
1805,1986,18750
1805,1987,18643
1805,1988,18470
1805,1989,18594
1805,1990,18597
1806u,1951,3420
1806u,1952,3489
1806u,1953,3519
1806u,1954,3523
1806u,1955,3577
1806u,1956,3739
1806u,1957,3809
1806u,1958,3761
1806u,1959,3807
1806u,1960,3821
1806u,1961,3829
1806u,1962,3823
1806u,1963,3918
1811,1951,2932
1811,1952,3001
1811,1953,2992
1811,1954,2975
1811,1955,2946
1811,1956,2936
1811,1957,2929
1811,1958,2888
1811,1959,2901
1811,1960,2873
1811,1961,2830
1811,1962,2798
1811,1963,2798
1811,1964,2473
1811,1965,2432
1811,1966,2412
1811,1967,2401
1811,1968,2362
1811,1969,2338
1811,1970,2373
1811,1971,2337
1811,1972,2348
1811,1973,2331
1811,1974,2305
1811,1975,2259
1811,1976,2275
1811,1977,2254
1811,1978,2253
1811,1979,2268
1811,1980,2252
1811,1981,2248
1811,1982,2242
1811,1983,2208
1811,1984,2222
1811,1985,2203
1811,1986,2173
1811,1987,2162
1811,1988,2141
1811,1989,2083
1811,1990,2095
1812,1951,2629
1812,1952,2636
1812,1953,2633
1812,1954,2624
1812,1955,2546
1812,1956,2508
1812,1957,2468
1812,1958,2429
1812,1959,2439
1812,1960,2435
1812,1961,2399
1812,1962,2343
1812,1963,2328
1812,1977,2107
1812,1978,2137
1812,1979,2169
1812,1980,2183
1812,1981,2161
1812,1982,2181
1812,1983,2209
1812,1984,2222
1812,1985,2187
1812,1986,2176
1812,1987,2154
1812,1988,2130
1812,1989,2112
1812,1990,2123
1813,1977,6664
1813,1978,6666
1813,1979,6693
1813,1980,6734
1813,1981,6765
1813,1982,6786
1813,1983,6776
1813,1984,6802
1813,1985,6810
1813,1986,6832
1813,1987,6819
1813,1988,6843
1813,1989,6879
1813,1990,6936
1813u,1951,1761
1813u,1952,1741
1813u,1953,1701
1813u,1954,1650
1813u,1955,1635
1813u,1956,1608
1813u,1957,1564
1813u,1958,1535
1813u,1959,1553
1813u,1960,1520
1813u,1961,1472
1813u,1962,1428
1813u,1963,1405
1814,1951,2806
1814,1952,2765
1814,1953,2702
1814,1954,2608
1814,1955,2614
1814,1956,2718
1814,1957,2635
1814,1958,2620
1814,1959,2577
1814,1960,2614
1814,1961,2596
1814,1962,2613
1814,1963,2636
1814,1964,8722
1814,1965,8758
1814,1966,8776
1814,1967,8708
1814,1968,8735
1814,1969,8776
1814,1970,8721
1814,1971,8590
1814,1972,8586
1814,1973,8653
1814,1974,8690
1814,1975,8695
1814,1976,8686
1815,1951,2395
1815,1952,2367
1815,1953,2322
1815,1954,2262
1815,1955,2225
1815,1956,2246
1815,1957,2241
1815,1958,2207
1815,1959,2188
1815,1960,2178
1815,1961,2180
1815,1962,2128
1815,1963,2091
1815,1964,2046
1815,1965,2179
1815,1966,2143
1815,1967,2078
1815,1968,2054
1815,1969,2043
1815,1970,2002
1815,1971,1895
1815,1972,1873
1815,1973,1852
1815,1974,1826
1815,1975,1796
1815,1976,1770
1815,1977,1738
1815,1978,1736
1815,1979,1757
1815,1980,1750
1815,1981,1740
1815,1982,1733
1815,1983,1712
1815,1984,1689
1815,1985,1692
1815,1986,1661
1815,1987,1609
1815,1988,1580
1815,1989,1572
1815,1990,1549
1816,1951,990
1816,1952,1004
1816,1953,1012
1816,1954,995
1816,1955,994
1816,1956,984
1816,1957,966
1816,1958,962
1816,1959,957
1816,1960,921
1816,1961,936
1816,1962,910
1816,1963,889
1816,1964,869
1816,1965,854
1816,1966,833
1816,1967,812
1816,1968,809
1816,1969,808
1816,1970,792
1816,1971,765
1816,1972,749
1816,1973,743
1816,1974,716
1816,1975,723
1816,1976,710
1816,1977,694
1816,1978,718
1816,1979,724
1816,1980,740
1816,1981,726
1816,1982,734
1816,1983,747
1816,1984,755
1816,1985,750
1816,1986,749
1816,1987,729
1816,1988,706
1816,1989,684
1816,1990,671
1817,1951,2268
1817,1952,2267
1817,1953,2231
1817,1954,2218
1817,1955,2176
1817,1956,2164
1817,1957,2104
1817,1958,2031
1817,1959,2035
1817,1960,1990
1817,1961,1934
1817,1962,1979
1817,1963,1928
1817,1964,1747
1818,1951,2692
1818,1952,2662
1818,1953,2682
1818,1954,2658
1818,1955,2667
1818,1956,2678
1818,1957,2658
1818,1958,2632
1818,1959,2613
1818,1960,2585
1818,1961,2567
1818,1962,2515
1818,1963,2458
1818,1964,2416
1818,1965,2827
1818,1966,2761
1818,1967,2711
1818,1968,2675
1818,1969,2643
1818,1970,2608
1818,1971,2460
1818,1972,2409
1818,1973,2348
1818,1974,2292
1818,1975,2300
1818,1976,2272
1818,1977,2225
1818,1978,2216
1818,1979,2223
1818,1980,2231
1818,1981,2200
1818,1982,2184
1818,1983,2202
1818,1984,2222
1818,1985,2190
1818,1986,2124
1818,1987,2100
1818,1988,2077
1818,1989,2060
1818,1990,2094
1819,1951,1531
1819,1952,1514
1819,1953,1515
1819,1954,1468
1819,1955,1448
1819,1956,1432
1819,1957,1411
1819,1958,1353
1819,1959,1315
1819,1960,1288
1819,1961,1315
1820,1951,1626
1820,1952,1624
1820,1953,1621
1820,1954,1585
1820,1955,1562
1820,1956,1604
1820,1957,1581
1820,1958,1549
1820,1959,1534
1820,1960,1523
1820,1961,1495
1820,1962,1481
1820,1963,1472
1820,1964,1474
1820,1965,6303
1820,1966,6278
1820,1967,6305
1820,1968,6428
1820,1969,6402
1820,1970,6393
1820,1971,6526
1820,1972,6562
1820,1973,6715
1820,1974,6775
1820,1975,6881
1820,1976,7230
1820,1977,7478
1820,1978,7447
1820,1979,7466
1820,1980,7507
1820,1981,7486
1820,1982,7571
1820,1983,7582
1820,1984,7538
1820,1985,7608
1820,1986,7612
1820,1987,7573
1820,1988,7505
1820,1989,7464
1820,1990,7487
1821,1951,2471
1821,1952,2476
1821,1953,2511
1821,1954,2590
1821,1955,2681
1821,1956,2816
1821,1957,2981
1821,1958,3071
1821,1959,3187
1821,1960,3351
1821,1961,3415
1821,1962,3497
1821,1963,3610
1821,1964,3753
1822,1951,2297
1822,1952,2274
1822,1953,2256
1822,1954,2230
1822,1955,2168
1822,1956,2171
1822,1957,2136
1822,1958,2106
1822,1959,2092
1822,1960,2079
1822,1961,2018
1822,1962,1995
1822,1963,1957
1822,1964,2696
1822,1965,2648
1822,1966,2618
1822,1967,2576
1822,1968,2560
1822,1969,2521
1822,1970,2423
1822,1971,2303
1822,1972,2305
1822,1973,2254
1822,1974,2212
1822,1975,2218
1822,1976,2231
1822,1977,2208
1822,1978,2201
1822,1979,2204
1822,1980,2215
1822,1981,2229
1822,1982,2311
1822,1983,2367
1822,1984,2406
1822,1985,2435
1822,1986,2429
1822,1987,2357
1822,1988,2389
1822,1989,2367
1822,1990,2364
1823,1951,1124
1823,1952,1081
1823,1953,1093
1823,1954,1072
1823,1955,1063
1823,1956,1037
1823,1957,1028
1823,1958,1010
1823,1959,1023
1823,1960,998
1823,1961,1010
1824,1951,3613
1824,1952,3681
1824,1953,3716
1824,1954,3723
1824,1955,3788
1824,1956,3880
1824,1957,4081
1824,1958,4289
1824,1959,4408
1824,1960,4640
1824,1961,5035
1824,1962,11907
1824,1963,12193
1824,1964,12371
1824,1965,12549
1824,1966,12763
1824,1967,12986
1824,1968,13040
1824,1969,13193
1824,1970,13401
1824,1971,13380
1824,1972,13338
1824,1973,13362
1824,1974,13369
1824,1975,13376
1824,1976,13342
1824,1977,13204
1824,1978,13216
1824,1979,13260
1824,1980,13226
1824,1981,13237
1824,1982,13248
1824,1983,13257
1824,1984,13267
1824,1985,13282
1824,1986,13189
1824,1987,13147
1824,1988,13196
1824,1989,13225
1824,1990,13286
1825,1951,1794
1825,1952,1810
1825,1953,1823
1825,1954,1817
1825,1955,1808
1825,1956,1767
1825,1957,1753
1825,1958,1715
1825,1959,1726
1825,1960,1720
1825,1961,1712
1825,1962,1731
1825,1963,1758
1825,1964,1786
1825,1965,1777
1825,1966,1765
1825,1967,1699
1825,1968,1706
1825,1969,1714
1825,1970,1716
1825,1971,1666
1825,1972,1624
1825,1973,1652
1825,1974,1649
1825,1975,1631
1825,1976,1625
1825,1977,1614
1825,1978,1653
1825,1979,1689
1825,1980,1724
1825,1981,1730
1825,1982,1748
1825,1983,1742
1825,1984,1761
1825,1985,1783
1825,1986,1755
1825,1987,1761
1825,1988,1757
1825,1989,1740
1825,1990,1734
1826,1951,1893
1826,1952,1850
1826,1953,1875
1826,1954,1879
1826,1955,1889
1826,1956,1916
1826,1957,1887
1826,1958,1897
1826,1959,1908
1826,1960,1941
1826,1961,2038
1826,1962,2099
1826,1963,2110
1826,1964,1947
1826,1965,1948
1826,1966,1886
1826,1967,1869
1826,1968,1838
1826,1969,1802
1826,1970,1799
1826,1971,1796
1826,1972,1749
1826,1973,1752
1826,1974,1748
1826,1975,1776
1826,1976,1787
1826,1977,1784
1826,1978,1801
1826,1979,1798
1826,1980,1800
1826,1981,1802
1826,1982,1793
1826,1983,1788
1826,1984,1774
1826,1985,1774
1826,1986,1768
1826,1987,1758
1826,1988,1736
1826,1989,1751
1826,1990,1728
1827,1962,2740
1827,1963,2652
1827,1964,2568
1827,1965,2504
1827,1966,2476
1827,1967,2375
1827,1968,2387
1827,1969,2355
1827,1970,2310
1827,1971,2195
1827,1972,2149
1827,1973,2043
1827,1974,2068
1827,1975,2073
1827,1976,2037
1827,1977,1993
1827,1978,1986
1827,1979,2039
1827,1980,2052
1827,1981,2077
1827,1982,2063
1827,1983,2062
1827,1984,2030
1827,1985,1970
1827,1986,1966
1827,1987,1936
1827,1988,1860
1827,1989,1824
1827,1990,1787
1827u,1951,1623
1827u,1952,1609
1827u,1953,1609
1827u,1954,1588
1827u,1955,1588
1827u,1956,1587
1827u,1957,1591
1827u,1958,1596
1827u,1959,1589
1827u,1960,1568
1827u,1961,1542
1828,1951,3347
1828,1952,3309
1828,1953,3278
1828,1954,3260
1828,1955,3256
1828,1956,3293
1828,1957,3236
1828,1958,3141
1828,1959,3137
1828,1960,3145
1828,1961,3114
1828,1962,3177
1828,1963,3140
1828,1964,1996
1828,1965,2020
1828,1966,2063
1828,1967,1937
1828,1968,1849
1828,1969,1854
1828,1970,1894
1828,1971,1857
1828,1972,1824
1828,1973,1829
1828,1974,1834
1828,1975,1835
1828,1976,1880
1828,1977,1867
1828,1978,1863
1828,1979,1850
1828,1980,1873
1828,1981,1887
1828,1982,1970
1828,1983,1918
1828,1984,1918
1828,1985,1853
1828,1986,1832
1828,1987,1770
1828,1988,1751
1828,1989,1767
1828,1990,1810
1829,1951,1003
1829,1952,972
1829,1953,953
1829,1954,959
1829,1955,949
1829,1956,983
1829,1957,958
1829,1958,919
1829,1959,918
1829,1960,910
1829,1961,893
1830,1951,2454
1830,1952,2748
1830,1953,2830
1830,1954,2891
1830,1955,2958
1830,1956,2864
1830,1957,2891
1830,1958,3080
1830,1959,3235
1830,1960,3321
1830,1961,3238
1830,1962,3103
1830,1963,3105
1831,1951,1927
1831,1952,1841
1831,1953,1850
1831,1954,1836
1831,1955,1791
1831,1956,1794
1831,1957,1770
1831,1958,1706
1831,1959,1701
1831,1960,1670
1831,1961,1628
1831,1962,1635
1831,1963,1608
1832,1951,1309
1832,1952,1333
1832,1953,1335
1832,1954,1363
1832,1955,1372
1832,1956,1373
1832,1957,1384
1832,1958,1360
1832,1959,1343
1832,1960,1334
1832,1961,1371
1832,1962,1367
1832,1963,1358
1832,1964,5487
1832,1965,5395
1832,1966,5290
1832,1967,5256
1832,1968,5247
1832,1969,5265
1832,1970,5230
1832,1971,5142
1832,1972,5097
1832,1973,5101
1832,1974,5088
1832,1975,5037
1832,1976,5013
1832,1977,4950
1832,1978,4885
1832,1979,4915
1832,1980,4957
1832,1981,5005
1832,1982,4999
1832,1983,4998
1832,1984,5006
1832,1985,4994
1832,1986,4935
1832,1987,4854
1832,1988,4870
1832,1989,4848
1832,1990,4821
1833,1964,22492
1833,1965,24116
1833,1966,24951
1833,1967,25530
1833,1968,25847
1833,1969,26021
1833,1970,26092
1833,1971,26159
1833,1972,26154
1833,1973,26284
1833,1974,26296
1833,1975,26291
1833,1976,26276
1833,1977,26257
1833,1978,26100
1833,1979,25918
1833,1980,25878
1833,1981,25826
1833,1982,25794
1833,1983,25697
1833,1984,25483
1833,1985,25251
1833,1986,25219
1833,1987,25128
1833,1988,24891
1833,1989,24720
1833,1990,24646
1833u,1951,7192
1833u,1952,7360
1833u,1953,7482
1833u,1954,7663
1833u,1955,7745
1833u,1956,7919
1833u,1957,8337
1833u,1958,8637
1833u,1959,8785
1833u,1960,9110
1833u,1961,9357
1833u,1962,9893
1833u,1963,10648
1834,1951,2954
1834,1952,2968
1834,1953,2982
1834,1954,2971
1834,1955,2972
1834,1956,2983
1834,1957,2957
1834,1958,2934
1834,1959,2942
1834,1960,2943
1834,1961,2890
1834,1962,2842
1834,1963,2816
1834,1964,2793
1834,1965,2746
1834,1966,2718
1834,1967,2765
1834,1968,2739
1834,1969,2729
1834,1970,2693
1834,1971,2659
1834,1972,2650
1834,1973,2680
1834,1974,2657
1834,1975,2634
1834,1976,2604
1834,1977,2581
1834,1978,2588
1834,1979,2556
1834,1980,2546
1834,1981,2534
1834,1982,2554
1834,1983,2533
1834,1984,2503
1834,1985,2485
1834,1986,2435
1834,1987,2405
1834,1988,2343
1834,1989,2298
1834,1990,2265
1835,1951,665
1835,1952,651
1835,1953,658
1835,1954,657
1835,1955,654
1835,1956,669
1835,1957,664
1835,1958,670
1835,1959,671
1835,1960,670
1835,1961,670
1835,1962,668
1835,1963,661
1835,1964,656
1835,1965,650
1835,1966,635
1835,1967,626
1835,1968,609
1835,1969,613
1835,1970,596
1835,1971,575
1835,1972,569
1835,1973,564
1835,1974,571
1835,1975,566
1835,1976,564
1835,1977,562
1835,1978,551
1835,1979,577
1835,1980,592
1835,1981,569
1835,1982,552
1835,1983,554
1835,1984,543
1835,1985,544
1835,1986,537
1835,1987,532
1835,1988,556
1835,1989,544
1835,1990,529
1836,1951,3044
1836,1952,3007
1836,1953,3006
1836,1954,2925
1836,1955,2890
1836,1956,2819
1836,1957,2748
1836,1958,2712
1836,1959,2701
1836,1960,2664
1836,1961,2586
1836,1962,2580
1836,1963,2540
1836,1964,2493
1836,1965,2479
1836,1966,2454
1836,1967,2433
1836,1968,2375
1836,1969,2341
1836,1970,2293
1836,1971,2221
1836,1972,2158
1836,1973,2130
1836,1974,2136
1836,1975,2113
1836,1976,2053
1836,1977,2030
1836,1978,1971
1836,1979,1935
1836,1980,1909
1836,1981,1916
1836,1982,1922
1836,1983,1958
1836,1984,1952
1836,1985,1932
1836,1986,1893
1836,1987,1808
1836,1988,1793
1836,1989,1766
1836,1990,1743
1837,1951,6243
1837,1952,6408
1837,1953,6532
1837,1954,6668
1837,1955,6842
1837,1956,7027
1837,1957,7262
1837,1958,7397
1837,1959,7440
1837,1960,7400
1837,1961,7266
1837,1962,7300
1837,1963,7360
1837,1964,7411
1837,1965,7537
1837,1966,7499
1837,1967,7474
1837,1968,7458
1837,1969,7385
1837,1970,7253
1837,1971,7015
1837,1972,7061
1837,1973,7069
1837,1974,6996
1837,1975,7002
1837,1976,6964
1837,1977,6867
1837,1978,6859
1837,1979,6892
1837,1980,6928
1837,1981,6931
1837,1982,6968
1837,1983,6994
1837,1984,7014
1837,1985,7062
1837,1986,7007
1837,1987,6959
1837,1988,7012
1837,1989,7087
1837,1990,7111
1838,1951,4771
1838,1952,4761
1838,1953,4688
1838,1954,4652
1838,1955,4583
1838,1956,4490
1838,1957,4381
1838,1958,4374
1838,1959,4276
1838,1960,4308
1838,1961,4188
1838,1962,4117
1838,1963,4037
1838,1964,3978
1838,1965,3880
1838,1966,3780
1838,1967,3749
1838,1968,3669
1838,1969,3548
1838,1970,3510
1838,1971,3437
1838,1972,3320
1838,1973,3244
1838,1974,3193
1838,1975,3139
1838,1976,3097
1838,1977,3024
1838,1978,2976
1838,1979,2921
1838,1980,2887
1838,1981,2838
1838,1982,2839
1838,1983,2792
1838,1984,2815
1838,1985,2776
1838,1986,2713
1838,1987,2673
1838,1988,2639
1838,1989,2591
1838,1990,2594
1839,1951,2209
1839,1952,2171
1839,1953,2170
1839,1954,2132
1839,1955,2115
1839,1956,2144
1839,1957,2084
1839,1958,2022
1839,1959,1968
1839,1960,1947
1839,1961,1860
1839,1962,1916
1839,1963,1935
1839,1964,1904
1839,1965,1867
1839,1966,1856
1839,1967,1831
1839,1968,1835
1839,1969,1810
1839,1970,1776
1839,1971,1727
1839,1972,1732
1839,1973,1732
1839,1974,1696
1839,1975,1694
1839,1976,1690
1839,1977,1673
1839,1978,1639
1839,1979,1635
1839,1980,1629
1839,1981,1616
1839,1982,1637
1839,1983,1627
1839,1984,1652
1839,1985,1632
1839,1986,1569
1839,1987,1542
1839,1988,1525
1839,1989,1521
1839,1990,1488
1840,1951,4747
1840,1952,4662
1840,1953,4655
1840,1954,4640
1840,1955,4598
1840,1956,4617
1840,1957,4588
1840,1958,4575
1840,1959,4556
1840,1960,4527
1840,1961,4522
1840,1962,4498
1840,1963,4418
1840,1964,4388
1840,1965,4380
1840,1966,4326
1840,1967,4302
1840,1968,4294
1840,1969,4255
1840,1970,4234
1840,1971,4320
1840,1972,4422
1840,1973,4599
1840,1974,4767
1840,1975,4908
1840,1976,5082
1840,1977,5156
1840,1978,5182
1840,1979,5234
1840,1980,5246
1840,1981,5266
1840,1982,5302
1840,1983,5315
1840,1984,5351
1840,1985,5307
1840,1986,5274
1840,1987,5228
1840,1988,5248
1840,1989,5198
1840,1990,5190
1841,1951,8038
1841,1952,8036
1841,1953,8031
1841,1954,8125
1841,1955,8219
1841,1956,8502
1841,1957,8581
1841,1958,8567
1841,1959,8694
1841,1960,8721
1841,1961,8560
1841,1962,8510
1841,1963,8479
1841,1964,8394
1841,1965,8350
1841,1966,8414
1841,1967,8503
1841,1968,8681
1841,1969,8735
1841,1970,8722
1841,1971,8673
1841,1972,8776
1841,1973,8866
1841,1974,9002
1841,1975,9170
1841,1976,9189
1841,1977,9193
1841,1978,9314
1841,1979,9439
1841,1980,9576
1841,1981,9721
1841,1982,9880
1841,1983,9949
1841,1984,10078
1841,1985,10093
1841,1986,10054
1841,1987,10063
1841,1988,10072
1841,1989,10108
1841,1990,10017
1842,1951,2070
1842,1952,2074
1842,1953,2076
1842,1954,2043
1842,1955,2049
1842,1956,2019
1842,1957,1974
1842,1958,1975
1842,1959,1997
1842,1960,1981
1842,1961,1924
1842,1962,1961
1842,1963,1749
1842,1964,1739
1842,1965,1715
1842,1966,1661
1842,1967,1667
1842,1968,1658
1842,1969,1633
1842,1970,1619
1842,1971,1559
1842,1972,1527
1842,1973,1483
1842,1974,1458
1842,1975,1438
1842,1976,1428
1842,1977,1429
1842,1978,1400
1842,1979,1380
1842,1980,1392
1842,1981,1348
1842,1982,1383
1842,1983,1370
1842,1984,1361
1842,1985,1343
1842,1986,1307
1842,1987,1263
1842,1988,1257
1842,1989,1257
1842,1990,1235
1843,1951,8170
1843,1952,8332
1843,1953,8462
1843,1954,8754
1843,1955,9098
1843,1956,9525
1843,1957,10050
1843,1958,10223
1843,1959,9195
1843,1960,9581
1843,1961,9780
1843,1962,9967
1843,1963,10663
1843,1964,11950
1843,1965,12408
1843,1966,12743
1843,1967,12807
1844,1951,699
1844,1952,699
1844,1953,690
1844,1954,678
1844,1955,687
1844,1956,662
1844,1957,639
1844,1958,617
1844,1959,612
1844,1960,603
1844,1961,620
1844,1962,592
1844,1963,573
1845,1951,3177
1845,1952,3193
1845,1953,3179
1845,1954,3179
1845,1955,3134
1845,1956,3070
1845,1957,3003
1845,1958,2993
1845,1959,2989
1845,1960,2957
1845,1961,2905
1845,1962,2864
1845,1963,2843
1845,1964,2958
1845,1965,2930
1845,1966,2877
1845,1967,2898
1845,1968,2944
1845,1969,2838
1845,1970,2849
1845,1971,2858
1845,1972,2865
1845,1973,2847
1845,1974,2826
1845,1975,2800
1845,1976,2828
1845,1977,2833
1845,1978,2808
1845,1979,2774
1845,1980,2837
1845,1981,2849
1845,1982,2925
1845,1983,3025
1845,1984,3065
1845,1985,3040
1845,1986,3017
1845,1987,2977
1845,1988,2900
1845,1989,2872
1845,1990,2820
1846,1951,1724
1846,1952,1682
1846,1953,1672
1846,1954,1644
1846,1955,1626
1846,1956,1626
1846,1957,1601
1846,1958,1573
1846,1959,1558
1846,1960,1541
1846,1961,1544
1846,1962,1505
1846,1963,1481
1847,1951,1465
1847,1952,1474
1847,1953,1491
1847,1954,1475
1847,1955,1469
1847,1956,1447
1847,1957,1437
1847,1958,1423
1847,1959,1440
1847,1960,1433
1847,1961,1430
1847,1962,1416
1847,1963,1417
1848,1951,2108
1848,1952,2082
1848,1953,2102
1848,1954,2098
1848,1955,2037
1848,1956,2035
1848,1957,1995
1848,1958,1956
1848,1959,1932
1848,1960,1936
1848,1961,1906
1848,1962,1909
1848,1963,1843
1848,1964,4545
1848,1965,4505
1848,1966,4462
1848,1967,4345
1848,1968,4266
1848,1969,4188
1848,1970,4068
1848,1971,4011
1848,1972,3919
1848,1973,3879
1848,1974,3867
1848,1975,3828
1848,1976,3838
1848,1977,3789
1848,1978,3722
1848,1979,3755
1848,1980,3711
1848,1981,3728
1848,1982,3776
1848,1983,3782
1848,1984,3704
1848,1985,3641
1848,1986,3525
1848,1987,3449
1848,1988,3393
1848,1989,3351
1848,1990,3271
1849,1951,3472
1849,1952,3465
1849,1953,3426
1849,1954,3404
1849,1955,3410
1849,1956,3384
1849,1957,3327
1849,1958,3319
1849,1959,3234
1849,1960,3204
1849,1961,3183
1849,1962,3174
1849,1963,3049
1849,1964,2905
1849,1965,2897
1849,1966,2820
1849,1967,2708
1849,1968,2667
1849,1969,2576
1849,1970,2499
1849,1971,2411
1849,1972,2410
1849,1973,2395
1849,1974,2366
1849,1975,2361
1849,1976,2354
1849,1977,2339
1849,1978,2335
1849,1979,2307
1849,1980,2299
1849,1981,2304
1849,1982,2379
1849,1983,2364
1849,1984,2356
1849,1985,2324
1849,1986,2325
1849,1987,2373
1849,1988,2363
1849,1989,2375
1849,1990,2312
1850,1951,3491
1850,1952,3476
1850,1953,3502
1850,1954,3450
1850,1955,3449
1850,1956,3396
1850,1957,3318
1850,1958,3289
1850,1959,3285
1850,1960,3274
1850,1961,3260
1850,1962,3273
1850,1963,3227
1850,1964,3227
1850,1965,3195
1850,1966,3166
1850,1967,3067
1850,1968,3074
1850,1969,3017
1850,1970,3004
1850,1971,2903
1850,1972,2957
1850,1973,2918
1850,1974,2965
1850,1975,2943
1850,1976,2890
1850,1977,2832
1850,1978,2825
1850,1979,2764
1850,1980,2780
1850,1981,2814
1850,1982,2811
1850,1983,2800
1850,1984,2781
1850,1985,2771
1850,1986,2738
1850,1987,2693
1850,1988,2641
1850,1989,2640
1850,1990,2622
1851,1951,3823
1851,1952,3813
1851,1953,3822
1851,1954,3847
1851,1955,3855
1851,1956,3910
1851,1957,3991
1851,1958,3993
1851,1959,4044
1851,1960,4060
1851,1961,4042
1851,1962,3584
1851,1963,3555
1851,1964,3224
1851,1965,3207
1851,1966,3175
1851,1967,3150
1851,1968,3158
1851,1969,3196
1851,1970,3118
1851,1971,3048
1851,1972,3077
1851,1973,3148
1851,1974,3144
1851,1975,3167
1851,1976,3148
1851,1977,3088
1851,1978,3081
1851,1979,3073
1851,1980,3100
1851,1981,3140
1851,1982,3083
1851,1983,3071
1851,1984,3075
1851,1985,3015
1851,1986,2968
1851,1987,2937
1851,1988,2921
1851,1989,2884
1851,1990,2843
1852,1951,1654
1852,1952,1640
1852,1953,1681
1852,1954,1714
1852,1955,1726
1852,1956,1715
1852,1957,1753
1852,1958,1750
1852,1959,1772
1852,1960,1789
1852,1961,1775
1852,1962,1784
1852,1963,1810
1852,1964,2105
1852,1965,2096
1852,1966,2065
1852,1967,2036
1852,1968,2038
1852,1969,2049
1852,1970,1997
1852,1971,1999
1852,1972,1972
1852,1973,1936
1852,1974,1963
1852,1975,1965
1852,1976,1952
1852,1977,1959
1852,1978,1963
1852,1979,1984
1852,1980,1927
1852,1981,2007
1852,1982,1981
1852,1983,2014
1852,1984,2052
1852,1985,1993
1852,1986,1945
1852,1987,1842
1852,1988,1826
1852,1989,1754
1852,1990,1711
1853,1951,2602
1853,1952,2577
1853,1953,2536
1853,1954,2517
1853,1955,2475
1853,1956,2554
1853,1957,2490
1853,1958,2450
1853,1959,2419
1853,1960,2359
1853,1961,2321
1853,1962,2290
1853,1963,2166
1853,1964,2129
1853,1965,2104
1853,1966,2088
1853,1967,1993
1853,1968,1966
1853,1969,1937
1853,1970,1864
1853,1971,1772
1853,1972,1733
1853,1973,1782
1853,1974,1848
1853,1975,1884
1853,1976,1857
1853,1977,1895
1853,1978,1889
1853,1979,1872
1853,1980,1893
1853,1981,1892
1853,1982,1882
1853,1983,1832
1853,1984,1821
1853,1985,1836
1853,1986,1805
1853,1987,1792
1853,1988,1812
1853,1989,1756
1853,1990,1730
1854,1951,4161
1854,1952,4078
1854,1953,4091
1854,1954,4122
1854,1955,4085
1854,1956,4211
1854,1957,4124
1854,1958,4077
1854,1959,4033
1854,1960,4010
1854,1961,3834
1854,1962,4200
1854,1963,4111
1854,1964,4011
1854,1965,3811
1854,1966,3669
1854,1967,3584
1854,1968,3480
1854,1969,3375
1854,1970,3335
1854,1971,3238
1854,1972,3219
1854,1973,3270
1854,1974,3270
1854,1975,3263
1854,1976,3275
1854,1977,3245
1854,1978,3214
1854,1979,3228
1854,1980,3240
1854,1981,3277
1854,1982,3274
1854,1983,3268
1854,1984,3285
1854,1985,3245
1854,1986,3219
1854,1987,3193
1854,1988,3200
1854,1989,3126
1854,1990,3055
1855,1951,5439
1855,1952,5502
1855,1953,5547
1855,1954,5544
1855,1955,5619
1855,1956,5697
1855,1957,5763
1855,1958,5909
1855,1959,5962
1855,1960,6002
1855,1961,6046
1855,1962,5976
1855,1963,6071
1855,1964,6172
1855,1965,6289
1855,1966,6426
1855,1967,6580
1855,1968,6622
1855,1969,6664
1855,1970,6696
1855,1971,6815
1855,1972,6917
1855,1973,7025
1856,1951,771
1856,1952,765
1856,1953,765
1856,1954,778
1856,1955,774
1856,1956,766
1856,1957,778
1856,1958,778
1856,1959,782
1856,1960,801
1856,1961,814
1856,1962,820
1856,1963,813
1856,1964,822
1856,1965,820
1856,1966,848
1856,1967,856
1856,1968,854
1856,1969,829
1856,1970,796
1856,1971,754
1856,1972,755
1856,1973,780
1856,1974,797
1856,1975,814
1856,1976,819
1856,1977,804
1856,1978,805
1856,1979,822
1856,1980,813
1856,1981,798
1856,1982,795
1856,1983,795
1856,1984,781
1856,1985,743
1856,1986,726
1856,1987,700
1856,1988,663
1856,1989,646
1856,1990,631
1857,1951,1176
1857,1952,1191
1857,1953,1214
1857,1954,1222
1857,1955,1225
1857,1956,1235
1857,1957,1201
1857,1958,1207
1857,1959,1223
1857,1960,1216
1857,1961,1215
1857,1962,1228
1857,1963,1199
1857,1964,1210
1857,1965,1196
1857,1966,1216
1857,1967,1232
1857,1968,1209
1857,1969,1199
1857,1970,1152
1857,1971,1092
1857,1972,1095
1857,1973,1112
1857,1974,1133
1857,1975,1131
1857,1976,1078
1857,1977,1059
1857,1978,1062
1857,1979,1054
1857,1980,1061
1857,1981,1072
1857,1982,1102
1857,1983,1040
1857,1984,1018
1857,1985,967
1857,1986,948
1857,1987,935
1857,1988,898
1857,1989,912
1857,1990,891
1858,1951,2055
1858,1952,2078
1858,1953,2110
1858,1954,2151
1858,1955,2155
1858,1956,2171
1858,1957,2176
1858,1958,2158
1858,1959,2176
1858,1960,2146
1858,1961,2065
1858,1962,2063
1858,1963,2026
1858,1964,4068
1858,1965,4075
1858,1966,4043
1858,1967,4008
1858,1968,4003
1858,1969,3998
1858,1970,3950
1858,1971,3796
1858,1972,3768
1858,1973,3801
1858,1974,3797
1858,1975,3765
1859,1951,1984
1859,1952,1964
1859,1953,1998
1859,1954,1998
1859,1955,1995
1859,1956,2017
1859,1957,2027
1859,1958,2014
1859,1959,2023
1859,1960,2043
1859,1961,2059
1859,1962,2055
1859,1963,2052
1859,1976,2007
1859,1977,1975
1859,1978,1965
1859,1979,1959
1859,1980,1960
1859,1981,1901
1859,1982,1887
1859,1983,1858
1859,1984,1836
1859,1985,1763
1859,1986,1710
1859,1987,1663
1859,1988,1634
1859,1989,1623
1859,1990,1604
1860,1963,12288
1860,1964,12203
1860,1965,12056
1860,1966,11999
1860,1967,11742
1860,1968,11757
1860,1969,11673
1860,1970,11526
1860,1971,11268
1860,1972,11113
1860,1973,11213
1860,1974,11127
1860,1975,11108
1860,1976,11104
1860,1977,10913
1860,1978,11038
1860,1979,11020
1860,1980,11111
1860,1981,11157
1860,1982,11154
1860,1983,11082
1860,1984,10998
1860,1985,10846
1860,1986,10745
1860,1987,10690
1860,1988,10599
1860,1989,10580
1860,1990,10547
1860u,1951,4608
1860u,1952,4626
1860u,1953,4623
1860u,1954,4596
1860u,1955,4570
1860u,1956,4788
1860u,1957,4788
1860u,1958,4756
1860u,1959,4684
1860u,1960,4675
1860u,1961,4394
1860u,1962,4373
1861,1951,3197
1861,1952,3216
1861,1953,3228
1861,1954,3190
1861,1955,3191
1861,1956,3235
1861,1957,3277
1861,1958,3266
1861,1959,3262
1861,1960,3242
1861,1961,3127
1861,1962,3104
1862,1951,4492
1862,1952,4556
1862,1953,4537
1862,1954,4494
1862,1955,4476
1862,1956,4655
1862,1957,4584
1862,1958,4481
1862,1959,4466
1862,1960,4456
1862,1961,4113
1862,1962,4082
1863,1951,742
1863,1952,739
1863,1953,748
1863,1954,748
1863,1955,741
1863,1956,735
1863,1957,712
1863,1958,706
1863,1959,692
1863,1960,675
1863,1961,669
1863,1962,672
1864,1951,1787
1864,1952,1762
1864,1953,1778
1864,1954,1745
1864,1955,1722
1864,1956,1661
1864,1957,1637
1864,1958,1603
1864,1959,1596
1864,1960,1622
1864,1961,1640
1864,1962,1617
1864,1963,1600
1865,1951,5468
1865,1952,5497
1865,1953,5498
1865,1954,5496
1865,1955,5469
1865,1956,5414
1865,1957,5313
1865,1958,5254
1865,1959,5162
1865,1960,5162
1865,1961,5081
1865,1962,4974
1865,1963,4862
1865,1964,10323
1865,1965,10195
1865,1966,10134
1865,1967,10002
1865,1968,9854
1865,1969,9788
1865,1970,9715
1865,1971,9490
1865,1972,9601
1865,1973,9628
1865,1974,9731
1865,1975,9744
1865,1976,9686
1865,1977,9673
1865,1978,9640
1865,1979,9693
1865,1980,9766
1865,1981,9743
1865,1982,9694
1865,1983,9634
1865,1984,9567
1865,1985,9584
1865,1986,9503
1865,1987,9440
1865,1988,9325
1865,1989,9347
1865,1990,9353
1866,1951,11095
1866,1952,11105
1866,1953,11179
1866,1954,11228
1866,1955,11171
1866,1956,11263
1866,1957,11047
1866,1958,11008
1866,1959,10941
1866,1960,10899
1866,1961,10419
1866,1962,10374
1866,1963,8904
1866,1964,8824
1866,1965,8793
1866,1966,8804
1866,1967,8834
1866,1968,8851
1866,1969,8879
1866,1970,8817
1866,1971,8705
1866,1972,8787
1866,1973,8808
1866,1974,8810
1866,1975,8792
1866,1976,8797
1866,1977,8825
1866,1978,8837
1866,1979,8872
1866,1980,8837
1866,1981,8794
1866,1982,8762
1866,1983,8810
1866,1984,8792
1866,1985,8785
1866,1986,8763
1866,1987,8709
1866,1988,8713
1866,1989,8686
1866,1990,8706
1867,1951,5857
1867,1952,5907
1867,1953,5905
1867,1954,5925
1867,1955,5910
1867,1956,5888
1867,1957,5838
1867,1958,5763
1867,1959,5725
1867,1960,5697
1867,1961,5584
1867,1962,5551
1867,1963,5437
1867,1964,5583
1867,1965,5461
1867,1966,5323
1867,1967,5343
1867,1968,5278
1867,1969,5116
1867,1970,4962
1867,1971,4794
1867,1972,4803
1867,1973,4816
1867,1974,4805
1867,1975,4737
1867,1976,4676
1867,1977,4613
1867,1978,4571
1867,1979,4555
1867,1980,4503
1867,1981,4407
1867,1982,4312
1867,1983,4279
1867,1984,4219
1867,1985,4202
1867,1986,4106
1867,1987,4042
1867,1988,4012
1867,1989,3931
1867,1990,3814
1868,1951,3326
1868,1952,3303
1868,1953,3341
1868,1954,3355
1868,1955,3362
1868,1956,3506
1868,1957,3509
1868,1958,3470
1868,1959,3473
1868,1960,3526
1868,1961,3392
1868,1962,3393
1868,1963,3387
1868,1964,5149
1868,1965,5188
1868,1966,5220
1868,1967,5282
1868,1968,5320
1868,1969,5286
1868,1970,5302
1868,1971,5276
1868,1972,5280
1868,1973,5317
1868,1974,5381
1868,1975,5417
1868,1976,5383
1868,1977,5372
1868,1978,5309
1868,1979,5333
1868,1980,5276
1868,1981,5275
1868,1982,5269
1868,1983,5236
1868,1984,5194
1868,1985,5119
1868,1986,5082
1868,1987,5012
1868,1988,5027
1868,1989,4935
1868,1990,4866
1869,1951,1887
1869,1952,1904
1869,1953,1929
1869,1954,1946
1869,1955,1936
1869,1956,2036
1869,1957,2040
1869,1958,2051
1869,1959,2083
1869,1960,2082
1869,1961,2093
1869,1962,2097
1869,1963,2040
1870,1951,5499
1870,1952,5485
1870,1953,5580
1870,1954,5670
1870,1955,5665
1870,1956,5770
1870,1957,5816
1870,1958,5849
1870,1959,5914
1870,1960,5901
1870,1961,5930
1870,1962,5896
1870,1963,7271
1870,1964,7312
1870,1965,7257
1870,1966,7203
1870,1967,7244
1870,1968,7255
1870,1969,7268
1870,1970,7209
1870,1971,7100
1870,1972,7140
1870,1973,7221
1870,1974,7269
1870,1975,7448
1870,1976,7481
1870,1977,7608
1870,1978,7694
1870,1979,7798
1870,1980,7882
1870,1981,8008
1870,1982,8035
1870,1983,8110
1870,1984,8149
1870,1985,8156
1870,1986,8243
1870,1987,8188
1870,1988,8214
1870,1989,8224
1870,1990,8301
1871,1964,7366
1871,1965,7463
1871,1966,7561
1871,1967,7678
1871,1968,7843
1871,1969,7902
1871,1970,8015
1871,1971,8060
1871,1972,7890
1871,1973,7875
1871,1974,7949
1871,1975,7938
1871,1976,7845
1871,1977,7732
1871,1978,7569
1871,1979,7502
1871,1980,7441
1871,1981,7356
1871,1982,7270
1871,1983,7224
1871,1984,7205
1871,1985,7106
1871,1986,6894
1871,1987,6754
1871,1988,6715
1871,1989,6599
1871,1990,6574
1871u,1951,1950
1871u,1952,1932
1871u,1953,1964
1871u,1954,1961
1871u,1955,1964
1871u,1956,1976
1871u,1957,1940
1871u,1958,1939
1871u,1959,1913
1871u,1960,1925
1871u,1961,1903
1871u,1962,1856
1871u,1963,1846
1872,1951,1678
1872,1952,1692
1872,1953,1674
1872,1954,1693
1872,1955,1698
1872,1956,1722
1872,1957,1724
1872,1958,1725
1872,1959,1724
1872,1960,1730
1872,1961,1681
1872,1962,1684
1872,1963,1681
1873,1951,2723
1873,1952,2751
1873,1953,2791
1873,1954,2892
1873,1955,3000
1873,1956,3082
1873,1957,3101
1873,1958,3162
1873,1959,3160
1873,1960,3233
1873,1961,3425
1873,1962,3493
1873,1963,3615
1874,1976,1705
1874,1977,1695
1874,1978,1700
1874,1979,1693
1874,1980,1667
1874,1981,1658
1874,1982,1634
1874,1983,1654
1874,1984,1627
1874,1985,1593
1874,1986,1534
1874,1987,1512
1874,1988,1498
1874,1989,1459
1874,1990,1445
1901,1951,4247
1901,1952,4219
1901,1953,4214
1901,1954,4137
1901,1955,4092
1901,1956,4136
1901,1957,4052
1901,1958,4046
1901,1959,4062
1901,1960,4002
1901,1961,4017
1901,1962,3971
1901,1963,3860
1901,1964,17887
1901,1965,18239
1901,1966,18574
1901,1967,18961
1901,1968,19321
1901,1969,19668
1901,1970,19857
1901,1971,19986
1901,1972,20207
1901,1973,20538
1901,1974,20833
1901,1975,21067
1901,1976,21150
1901,1977,21225
1901,1978,21373
1901,1979,21579
1901,1980,21605
1901,1981,21613
1901,1982,21727
1901,1983,21773
1901,1984,21851
1901,1985,21760
1901,1986,21947
1901,1987,22102
1901,1988,22277
1901,1989,22340
1901,1990,22384
1902,1951,10940
1902,1952,11070
1902,1953,10925
1902,1954,10816
1902,1955,10514
1902,1956,11948
1902,1957,12094
1902,1958,12212
1902,1959,12196
1902,1960,12283
1902,1961,12343
1902,1962,12419
1902,1963,12430
1902,1964,32664
1902,1965,33310
1902,1966,34108
1902,1967,34801
1902,1968,36120
1902,1969,37167
1902,1970,38094
1902,1971,39145
1902,1972,39960
1902,1973,41219
1902,1974,42253
1902,1975,42906
1902,1976,43819
1902,1977,44409
1902,1978,44812
1902,1979,45360
1902,1980,45833
1902,1981,46454
1902,1982,47148
1902,1983,47316
1902,1984,47406
1902,1985,47753
1902,1986,48091
1902,1987,48838
1902,1988,49459
1902,1989,50228
1902,1990,50548
1911,1951,3517
1911,1952,3511
1911,1953,3502
1911,1954,3492
1911,1955,3494
1911,1956,3496
1911,1957,3420
1911,1958,3369
1911,1959,3352
1911,1960,3298
1911,1961,3293
1911,1962,3266
1911,1963,3269
1911,1964,3241
1911,1965,3264
1911,1966,3270
1911,1967,3238
1911,1968,3294
1911,1969,3300
1911,1970,3300
1911,1971,3672
1911,1972,3734
1911,1973,3744
1911,1974,3794
1911,1975,3818
1911,1976,3780
1911,1977,3718
1911,1978,3718
1911,1979,3705
1911,1980,3688
1911,1981,3679
1911,1982,3733
1911,1983,3789
1911,1984,3741
1911,1985,3779
1911,1986,3723
1911,1987,3691
1911,1988,3630
1911,1989,3601
1911,1990,3527
1912,1951,5394
1912,1952,5506
1912,1953,5629
1912,1954,5758
1912,1955,5947
1912,1956,6112
1912,1957,6333
1912,1958,6570
1912,1959,6696
1912,1960,6863
1912,1961,7081
1912,1962,7228
1912,1963,7398
1913,1951,2685
1913,1952,2712
1913,1953,2728
1913,1954,2718
1913,1955,2698
1913,1956,2666
1913,1957,2601
1913,1958,2532
1913,1959,2487
1913,1960,2477
1913,1961,2466
1913,1962,2442
1913,1963,2417
1913,1964,3366
1913,1965,3320
1913,1966,3319
1913,1967,3186
1913,1968,3183
1913,1969,3106
1913,1970,3062
1913,1971,2975
1913,1972,2943
1913,1973,2948
1913,1974,2989
1913,1975,3058
1913,1976,3068
1913,1977,3087
1913,1978,3093
1913,1979,3155
1913,1980,3211
1913,1981,3245
1913,1982,3316
1913,1983,3399
1913,1984,3489
1913,1985,3535
1913,1986,3510
1913,1987,3534
1913,1988,3521
1913,1989,3431
1913,1990,3409
1914,1951,4398
1914,1952,4612
1914,1953,4679
1914,1954,4881
1914,1955,5133
1914,1956,5256
1914,1957,5518
1914,1958,5683
1914,1959,5794
1914,1960,6003
1914,1961,6094
1914,1962,6185
1914,1963,6423
1915,1951,1963
1915,1952,1955
1915,1953,1961
1915,1954,2009
1915,1955,2004
1915,1956,1982
1915,1957,1937
1915,1958,1906
1915,1959,1893
1915,1960,1854
1915,1961,1830
1915,1962,1795
1915,1963,1759
1915,1964,1261
1915,1965,1258
1915,1966,1228
1915,1967,1195
1915,1968,1119
1915,1969,1082
1915,1970,1043
1915,1971,995
1915,1972,937
1915,1973,932
1915,1974,914
1915,1975,896
1915,1976,883
1915,1977,880
1915,1978,876
1915,1979,847
1915,1980,865
1915,1981,868
1915,1982,875
1915,1983,861
1915,1984,843
1915,1985,820
1915,1986,806
1915,1987,789
1915,1988,761
1915,1989,748
1915,1990,723
1916,1951,1393
1916,1952,1389
1916,1953,1391
1916,1954,1362
1916,1955,1350
1916,1956,1355
1916,1957,1344
1916,1958,1326
1916,1959,1335
1916,1960,1335
1916,1961,1330
1916,1962,1312
1916,1963,1343
1917,1951,1847
1917,1952,1833
1917,1953,1848
1917,1954,1877
1917,1955,1873
1917,1956,1934
1917,1957,1935
1917,1958,1934
1917,1959,1936
1917,1960,1954
1917,1961,1887
1917,1962,1869
1917,1963,1849
1917,1964,3294
1917,1965,3238
1917,1966,3178
1917,1967,3161
1917,1968,3169
1917,1969,3104
1917,1970,3036
1917,1971,2912
1917,1972,2903
1917,1973,2872
1917,1974,2892
1917,1975,2843
1917,1976,2833
1917,1977,2818
1917,1978,2746
1917,1979,2742
1917,1980,2705
1917,1981,2678
1917,1982,2649
1917,1983,2583
1917,1984,2565
1917,1985,2528
1917,1986,2445
1917,1987,2384
1917,1988,2328
1917,1989,2270
1917,1990,2229
1918,1951,1164
1918,1952,1167
1918,1953,1153
1918,1954,1160
1918,1955,1176
1918,1956,1176
1918,1957,1167
1918,1958,1180
1918,1959,1179
1918,1960,1175
1918,1961,1182
1918,1962,1177
1918,1963,1126
1919,1951,2200
1919,1952,2194
1919,1953,2222
1919,1954,2215
1919,1955,2220
1919,1956,2207
1919,1957,2162
1919,1958,2140
1919,1959,2146
1919,1960,2134
1919,1961,2103
1919,1962,2072
1919,1963,2077
1919,1964,2057
1919,1965,2051
1919,1966,2062
1919,1967,1978
1919,1968,1972
1919,1969,1958
1919,1970,1943
1919,1971,1878
1919,1972,1836
1919,1973,1814
1919,1974,1810
1919,1975,1773
1919,1976,1758
1919,1977,1752
1919,1978,1751
1919,1979,1726
1919,1980,1712
1919,1981,1695
1919,1982,1686
1919,1983,1674
1919,1984,1681
1919,1985,1645
1919,1986,1612
1919,1987,1549
1919,1988,1540
1919,1989,1491
1919,1990,1483
1920,1951,1780
1920,1952,1750
1920,1953,1758
1920,1954,1784
1920,1955,1772
1920,1956,1762
1920,1957,1782
1920,1958,1759
1920,1959,1738
1920,1960,1703
1920,1961,1698
1920,1962,1718
1920,1963,1679
1920,1977,1285
1920,1978,1281
1920,1979,1313
1920,1980,1295
1920,1981,1280
1920,1982,1254
1920,1983,1236
1920,1984,1218
1920,1985,1228
1920,1986,1192
1920,1987,1161
1920,1988,1173
1920,1989,1151
1920,1990,1149
1921,1951,2813
1921,1952,2784
1921,1953,2805
1921,1954,2785
1921,1955,2773
1921,1956,2789
1921,1957,2771
1921,1958,2718
1921,1959,2710
1921,1960,2689
1921,1961,2655
1921,1962,2676
1921,1963,2646
1921,1964,4288
1921,1965,4196
1921,1966,4140
1921,1967,3989
1921,1968,3904
1921,1969,3814
1921,1970,3816
1921,1971,3728
1921,1972,3673
1921,1973,3630
1921,1974,3650
1921,1975,3647
1921,1976,3703
1922,1951,2509
1922,1952,2548
1922,1953,2591
1922,1954,2672
1922,1955,2761
1922,1956,2945
1922,1957,3187
1922,1958,3418
1922,1959,3493
1922,1960,3615
1922,1961,3652
1922,1962,3627
1922,1963,3708
1922,1964,3865
1922,1965,3943
1922,1966,3946
1922,1967,3943
1922,1968,3926
1922,1969,3887
1922,1970,3921
1922,1971,3923
1922,1972,3967
1922,1973,3958
1922,1974,3987
1922,1975,4007
1922,1976,4010
1922,1977,3986
1922,1978,4074
1922,1979,4012
1922,1980,4043
1922,1981,4058
1922,1982,4046
1922,1983,4068
1922,1984,4155
1922,1985,4063
1922,1986,4048
1922,1987,3969
1922,1988,3894
1922,1989,3854
1922,1990,3890
1923,1977,2460
1923,1978,2460
1923,1979,2451
1923,1980,2462
1923,1981,2507
1923,1982,2523
1923,1983,2528
1923,1984,2547
1923,1985,2548
1923,1986,2526
1923,1987,2524
1923,1988,2542
1923,1989,2502
1923,1990,2586
1923u,1951,754
1923u,1952,762
1923u,1953,778
1923u,1954,798
1923u,1955,823
1923u,1956,897
1923u,1957,960
1923u,1958,1045
1923u,1959,1070
1923u,1960,1087
1923u,1961,1176
1923u,1962,1153
1923u,1963,1217
1924,1951,4779
1924,1952,4865
1924,1953,5035
1924,1954,5015
1924,1955,5079
1924,1956,5133
1924,1957,5192
1924,1958,5258
1924,1959,5333
1924,1960,5450
1924,1961,5542
1924,1962,5550
1924,1963,5572
1924,1964,6936
1924,1965,7059
1924,1966,7527
1924,1967,7625
1924,1968,7843
1924,1969,7892
1924,1970,7930
1924,1971,8025
1924,1972,7940
1924,1973,8091
1924,1974,8106
1924,1975,8118
1924,1976,8066
1924,1977,7974
1924,1978,7873
1924,1979,7712
1924,1980,7668
1924,1981,7777
1924,1982,7756
1924,1983,7813
1924,1984,7814
1924,1985,7679
1924,1986,7499
1924,1987,7394
1924,1988,7413
1924,1989,7428
1924,1990,7420
1925,1951,2876
1925,1952,2902
1925,1953,2926
1925,1954,2955
1925,1955,2972
1925,1956,2977
1925,1957,2967
1925,1958,2996
1925,1959,2973
1925,1960,2952
1925,1961,2995
1925,1962,3031
1925,1963,3102
1925,1964,3031
1925,1965,3059
1925,1966,3037
1925,1967,3099
1925,1968,3134
1925,1969,3162
1925,1970,3179
1925,1971,3131
1925,1972,3223
1925,1973,3348
1925,1974,3381
1925,1975,3415
1925,1976,3444
1925,1977,3446
1925,1978,3434
1925,1979,3464
1925,1980,3464
1925,1981,3508
1925,1982,3526
1925,1983,3526
1925,1984,3512
1925,1985,3523
1925,1986,3472
1925,1987,3414
1925,1988,3411
1925,1989,3447
1925,1990,3438
1926,1951,2120
1926,1952,2102
1926,1953,2121
1926,1954,2103
1926,1955,2079
1926,1956,2034
1926,1957,2007
1926,1958,2012
1926,1959,2001
1926,1960,2049
1926,1961,1979
1926,1962,1961
1926,1963,1917
1926,1964,2278
1926,1965,2281
1926,1966,2230
1926,1967,2179
1926,1968,2174
1926,1969,2133
1926,1970,2053
1926,1971,1951
1926,1972,1972
1926,1973,1952
1926,1974,1915
1926,1975,1901
1926,1976,1858
1926,1977,1821
1926,1978,1784
1926,1979,1784
1926,1980,1759
1926,1981,1739
1926,1982,1740
1926,1983,1726
1926,1984,1751
1926,1985,1739
1926,1986,1706
1926,1987,1686
1926,1988,1656
1926,1989,1616
1926,1990,1587
1927,1951,2524
1927,1952,2513
1927,1953,2524
1927,1954,2500
1927,1955,2473
1927,1956,2517
1927,1957,2508
1927,1958,2529
1927,1959,2497
1927,1960,2429
1927,1961,2424
1927,1962,2371
1927,1963,2379
1927,1964,2490
1927,1965,2442
1927,1966,2439
1927,1967,2480
1927,1968,2472
1927,1969,2454
1927,1970,2390
1927,1971,2237
1927,1972,2268
1927,1973,2249
1927,1974,2254
1927,1975,2231
1927,1976,2239
1927,1977,2247
1927,1978,2234
1927,1979,2204
1927,1980,2244
1927,1981,2249
1927,1982,2270
1927,1983,2258
1927,1984,2205
1927,1985,2188
1927,1986,2137
1927,1987,2111
1927,1988,2077
1927,1989,2044
1927,1990,1992
1928,1951,2232
1928,1952,2256
1928,1953,2309
1928,1954,2298
1928,1955,2293
1928,1956,2296
1928,1957,2315
1928,1958,2268
1928,1959,2282
1928,1960,2288
1928,1961,2254
1928,1962,2259
1928,1963,2257
1928,1964,2067
1928,1965,2056
1928,1966,2031
1928,1967,1938
1928,1968,1917
1928,1969,1922
1928,1970,1880
1928,1971,1772
1928,1972,1704
1928,1973,1688
1928,1974,1675
1928,1975,1648
1928,1976,1615
1928,1977,1588
1928,1978,1565
1928,1979,1541
1928,1980,1531
1928,1981,1566
1928,1982,1550
1928,1983,1518
1928,1984,1501
1928,1985,1465
1928,1986,1438
1928,1987,1412
1928,1988,1381
1928,1989,1357
1928,1990,1310
1929,1951,1456
1929,1952,1461
1929,1953,1476
1929,1954,1482
1929,1955,1492
1929,1956,1481
1929,1957,1520
1929,1958,1524
1929,1959,1506
1929,1960,1515
1929,1961,1513
1929,1962,1493
1929,1963,1489
1929,1964,1486
1929,1965,1481
1929,1966,1473
1929,1967,1489
1929,1968,1506
1929,1969,1480
1929,1970,1447
1929,1971,1441
1929,1972,1467
1929,1973,1469
1929,1974,1449
1929,1975,1467
1929,1976,1443
1929,1977,1428
1929,1978,1409
1929,1979,1402
1929,1980,1412
1929,1981,1417
1929,1982,1377
1929,1983,1384
1929,1984,1371
1929,1985,1336
1929,1986,1317
1929,1987,1284
1929,1988,1255
1929,1989,1235
1929,1990,1224
1930,1951,2571
1930,1952,2568
1930,1953,2575
1930,1954,2528
1930,1955,2501
1930,1956,2567
1930,1957,2554
1930,1958,2536
1930,1959,2514
1930,1960,2540
1930,1961,2479
1930,1962,2494
1930,1963,2507
1931,1951,8127
1931,1952,8102
1931,1953,8167
1931,1954,8257
1931,1955,8280
1931,1956,8480
1931,1957,8498
1931,1958,8588
1931,1959,8567
1931,1960,8676
1931,1961,8693
1931,1962,8659
1931,1963,8742
1931,1964,10219
1931,1965,10254
1931,1966,10348
1931,1967,10412
1931,1968,10406
1931,1969,10459
1931,1970,10551
1931,1971,10576
1931,1972,10783
1931,1973,10898
1931,1974,11094
1931,1975,11136
1931,1976,11093
1931,1977,11081
1931,1978,11129
1931,1979,11187
1931,1980,11285
1931,1981,11418
1931,1982,11468
1931,1983,11378
1931,1984,11357
1931,1985,11204
1931,1986,11176
1931,1987,11113
1931,1988,11021
1931,1989,10972
1931,1990,10899
1932,1951,2282
1932,1952,2266
1932,1953,2253
1932,1954,2238
1932,1955,2239
1932,1956,2188
1932,1957,2124
1932,1958,2133
1932,1959,2137
1932,1960,2138
1932,1961,2111
1932,1962,2088
1932,1963,2090
1933,1951,5203
1933,1952,5201
1933,1953,5201
1933,1954,5211
1933,1955,5208
1933,1956,5217
1933,1957,5193
1933,1958,5193
1933,1959,5199
1933,1960,5184
1933,1961,5164
1933,1962,5117
1933,1963,5077
1933,1964,6993
1933,1965,7090
1933,1966,6962
1933,1967,6897
1933,1968,6944
1933,1969,6903
1933,1970,6874
1933,1971,6734
1933,1972,6747
1933,1973,6871
1933,1974,6905
1933,1975,7023
1933,1976,7094
1933,1977,7008
1933,1978,7033
1933,1979,7060
1933,1980,7056
1933,1981,6973
1933,1982,6950
1933,1983,6889
1933,1984,6873
1933,1985,6776
1933,1986,6717
1933,1987,6657
1933,1988,6532
1933,1989,6450
1933,1990,6378
1934,1951,11622
1934,1952,12011
1934,1953,12468
1934,1954,13079
1934,1955,13927
1934,1956,12816
1934,1957,13242
1934,1958,13539
1934,1959,13996
1934,1960,14368
1934,1961,15152
1934,1962,15553
1934,1963,16191
1935,1951,1634
1935,1952,1604
1935,1953,1597
1935,1954,1604
1935,1955,1602
1935,1956,1590
1935,1957,1587
1935,1958,1553
1935,1959,1537
1935,1960,1506
1935,1961,1528
1935,1962,1536
1935,1963,1517
1936,1951,3080
1936,1952,3067
1936,1953,3063
1936,1954,3075
1936,1955,3021
1936,1956,2962
1936,1957,2936
1936,1958,2922
1936,1959,2907
1936,1960,2910
1936,1961,2923
1936,1962,2909
1936,1963,2919
1936,1964,3414
1936,1965,3379
1936,1966,3333
1936,1967,3218
1936,1968,3200
1936,1969,3167
1936,1970,3199
1936,1971,3060
1936,1972,3054
1936,1973,3079
1936,1974,3122
1936,1975,3134
1936,1976,3147
1936,1977,3105
1936,1978,3097
1936,1979,3085
1936,1980,3085
1936,1981,3073
1936,1982,3099
1936,1983,3132
1936,1984,3084
1936,1985,3027
1936,1986,2965
1936,1987,2881
1936,1988,2836
1936,1989,2820
1936,1990,2774
1937,1951,2085
1937,1952,2104
1937,1953,2129
1937,1954,2171
1937,1955,2216
1937,1956,2224
1937,1957,2244
1937,1958,2205
1937,1959,2187
1937,1960,2222
1937,1961,2213
1937,1962,2212
1937,1963,2208
1938,1951,2702
1938,1952,2722
1938,1953,2752
1938,1954,2744
1938,1955,2746
1938,1956,2788
1938,1957,2778
1938,1958,2796
1938,1959,2798
1938,1960,2802
1938,1961,2787
1938,1962,2775
1938,1963,2796
1938,1964,3933
1938,1965,3959
1938,1966,4004
1938,1967,4024
1938,1968,4013
1938,1969,4040
1938,1970,3996
1938,1971,3893
1938,1972,3916
1938,1973,3964
1938,1974,4034
1938,1975,4066
1938,1976,4064
1938,1977,3984
1938,1978,3916
1938,1979,3878
1938,1980,3881
1938,1981,3907
1938,1982,3859
1938,1983,3826
1938,1984,3801
1938,1985,3799
1938,1986,3735
1938,1987,3675
1938,1988,3600
1938,1989,3573
1938,1990,3595
1939,1951,1847
1939,1952,1850
1939,1953,1858
1939,1954,1870
1939,1955,1899
1939,1956,1932
1939,1957,1938
1939,1958,1942
1939,1959,1899
1939,1960,1878
1939,1961,1868
1939,1962,1838
1939,1963,1838
1939,1964,1846
1939,1965,1851
1939,1966,1823
1939,1967,1890
1939,1968,1852
1939,1969,1832
1939,1970,1804
1939,1971,1743
1939,1972,1726
1939,1973,1739
1939,1974,1756
1939,1975,1769
1939,1976,1768
1939,1977,1837
1939,1978,1873
1939,1979,1902
1939,1980,1904
1939,1981,1887
1939,1982,1883
1939,1983,1896
1939,1984,1934
1939,1985,1915
1939,1986,1917
1939,1987,1850
1939,1988,1855
1939,1989,1850
1939,1990,1836
1940,1951,3079
1940,1952,3120
1940,1953,3180
1940,1954,3206
1940,1955,3214
1940,1956,3207
1940,1957,3239
1940,1958,3229
1940,1959,3230
1940,1960,3268
1940,1961,3270
1940,1962,3243
1940,1963,3282
1940,1964,3251
1940,1965,3289
1940,1966,3279
1940,1967,3301
1940,1968,3323
1940,1969,3355
1940,1970,3362
1940,1971,3279
1940,1972,3237
1940,1973,3227
1940,1974,3183
1940,1975,3210
1940,1976,3155
1940,1977,3098
1940,1978,3102
1940,1979,3057
1940,1980,3107
1940,1981,3094
1940,1982,3081
1940,1983,3041
1940,1984,2995
1940,1985,2971
1940,1986,2944
1940,1987,2904
1940,1988,2867
1940,1989,2832
1940,1990,2819
1941,1951,4771
1941,1952,4833
1941,1953,4905
1941,1954,4981
1941,1955,5024
1941,1956,5103
1941,1957,5118
1941,1958,5128
1941,1959,5197
1941,1960,5178
1941,1961,5069
1941,1962,5064
1941,1963,5093
1941,1964,5036
1941,1965,5000
1941,1966,4948
1941,1967,5022
1941,1968,4987
1941,1969,5045
1941,1970,4951
1941,1971,4948
1941,1972,3380
1941,1973,3465
1941,1974,3531
1941,1975,3683
1941,1976,3677
1941,1977,3636
1941,1978,3665
1941,1979,3655
1941,1980,3686
1941,1981,3655
1941,1982,3599
1941,1983,3453
1941,1984,3435
1941,1985,3321
1941,1986,3320
1941,1987,3197
1941,1988,3134
1941,1989,3116
1941,1990,3082
1942,1951,2459
1942,1952,2494
1942,1953,2507
1942,1954,2537
1942,1955,2575
1942,1956,2586
1942,1957,2557
1942,1958,2547
1942,1959,2555
1942,1960,2567
1942,1961,2618
1942,1962,2628
1942,1963,2628
1942,1964,2600
1942,1965,2583
1942,1966,2581
1942,1967,2581
1942,1968,2590
1942,1969,2641
1942,1970,2670
1942,1971,2711
1942,1972,4274
1942,1973,4341
1942,1974,4349
1942,1975,4394
1942,1976,4435
1942,1977,4452
1942,1978,4411
1942,1979,4525
1942,1980,4595
1942,1981,4636
1942,1982,4636
1942,1983,4782
1942,1984,4768
1942,1985,4788
1942,1986,4768
1942,1987,4703
1942,1988,4698
1942,1989,4682
1942,1990,4697
1943,1951,2511
1943,1952,2531
1943,1953,2544
1943,1954,2508
1943,1955,2505
1943,1956,2512
1943,1957,2508
1943,1958,2456
1943,1959,2421
1943,1960,2407
1943,1961,2382
1943,1962,2360
1943,1963,2320
1943,1964,2377
1943,1965,2404
1943,1966,2396
1943,1967,2331
1943,1968,2296
1943,1969,2261
1943,1970,2205
1943,1971,2090
1943,1972,2074
1943,1973,2080
1943,1974,2038
1943,1975,2022
1943,1976,2000
1943,1977,1951
1943,1978,1970
1943,1979,1916
1943,1980,1900
1943,1981,1842
1943,1982,1817
1943,1983,1841
1943,1984,1782
1943,1985,1755
1943,1986,1691
1943,1987,1697
1943,1988,1628
1943,1989,1610
1943,1990,1615
2002,1951,3281
2002,1952,3339
2002,1953,3316
2002,1954,3357
2002,1955,3396
2002,1956,3428
2002,1957,3487
2002,1958,3507
2002,1959,3536
2002,1960,3526
2002,1961,3467
2002,1962,3491
2002,1963,3454
2002,1964,4066
2002,1965,4116
2002,1966,4162
2002,1967,4175
2002,1968,4222
2002,1969,4216
2002,1970,4187
2002,1971,4095
2002,1972,4048
2002,1973,3961
2002,1974,3980
2002,1975,3918
2002,1976,3874
2002,1977,3889
2002,1978,3829
2002,1979,3769
2002,1980,3830
2002,1981,3646
2002,1982,3534
2002,1983,3480
2002,1984,3459
2002,1985,3365
2002,1986,3243
2002,1987,3129
2002,1988,3133
2002,1989,3027
2002,1990,3008
2003,1951,2607
2003,1952,2635
2003,1953,2622
2003,1954,2718
2003,1955,2826
2003,1956,2776
2003,1957,2839
2003,1958,2882
2003,1959,2924
2003,1960,3071
2003,1961,3038
2003,1962,3093
2003,1963,3173
2003,1964,4940
2003,1965,5116
2003,1966,5275
2003,1967,5342
2003,1968,5462
2003,1969,5573
2003,1970,5604
2003,1971,5570
2003,1972,5652
2003,1973,5797
2003,1974,5855
2003,1975,5937
2003,1976,6012
2003,1977,6015
2003,1978,5978
2003,1979,6054
2003,1980,6048
2003,1981,6074
2003,1982,6102
2003,1983,5990
2003,1984,6009
2003,1985,5998
2003,1986,5958
2003,1987,5852
2003,1988,5894
2003,1989,5947
2003,1990,5967
2004,1951,4112
2004,1952,4282
2004,1953,4362
2004,1954,4525
2004,1955,4697
2004,1956,5021
2004,1957,5177
2004,1958,5287
2004,1959,5431
2004,1960,5604
2004,1961,5857
2004,1962,5929
2004,1963,6109
2004,1964,6340
2004,1965,6514
2004,1966,6602
2004,1967,6870
2004,1968,7069
2004,1969,7104
2004,1970,7057
2004,1971,7136
2004,1972,7221
2004,1973,7418
2004,1974,7534
2004,1975,7634
2004,1976,7601
2004,1977,7448
2004,1978,7414
2004,1979,7457
2004,1980,7492
2004,1981,7445
2004,1982,7318
2004,1983,7217
2004,1984,7241
2004,1985,7135
2004,1986,7087
2004,1987,6949
2004,1988,6816
2004,1989,6887
2004,1990,6891
2011,1951,1559
2011,1952,1586
2011,1953,1601
2011,1954,1631
2011,1955,1670
2011,1956,1710
2011,1957,1765
2011,1958,1798
2011,1959,1829
2011,1960,1863
2011,1961,1946
2011,1962,1970
2011,1963,2035
2011,1964,2093
2011,1965,2155
2011,1966,2209
2011,1967,2269
2011,1968,2317
2011,1969,2399
2011,1970,2507
2011,1971,2578
2011,1972,2583
2011,1973,2672
2011,1974,2717
2011,1975,2791
2011,1976,2802
2011,1977,2817
2011,1978,2810
2011,1979,2845
2011,1980,2855
2011,1981,2859
2011,1982,2922
2011,1983,2909
2011,1984,2960
2011,1985,2925
2011,1986,2925
2011,1987,2893
2011,1988,2907
2011,1989,2930
2011,1990,2953
2012,1951,5471
2012,1952,5656
2012,1953,5786
2012,1954,5843
2012,1955,6010
2012,1956,6096
2012,1957,6089
2012,1958,6165
2012,1959,6190
2012,1960,6150
2012,1961,6282
2012,1962,6334
2012,1963,6447
2012,1964,9895
2012,1965,10003
2012,1966,10155
2012,1967,10352
2012,1968,10547
2012,1969,10812
2012,1970,10943
2012,1971,11210
2012,1972,11444
2012,1973,11775
2012,1974,11926
2012,1975,12081
2012,1976,12374
2012,1977,12579
2012,1978,12792
2012,1979,12993
2012,1980,13219
2012,1981,13398
2012,1982,13551
2012,1983,13693
2012,1984,13777
2012,1985,13928
2012,1986,14000
2012,1987,14122
2012,1988,14367
2012,1989,14589
2012,1990,14857
2013,1951,3490
2013,1952,3481
2013,1953,3469
2013,1954,3433
2013,1955,3423
2013,1956,3474
2013,1957,3471
2013,1958,3411
2013,1959,3411
2013,1960,3416
2013,1961,3373
2013,1962,3371
2013,1963,3378
2014,1951,2477
2014,1952,2518
2014,1953,2601
2014,1954,2625
2014,1955,2622
2014,1956,2663
2014,1957,2668
2014,1958,2666
2014,1959,2703
2014,1960,2706
2014,1961,2657
2014,1962,2683
2014,1963,2643
2014,1964,2627
2014,1965,2650
2014,1966,2598
2014,1967,2494
2014,1968,2421
2014,1969,2368
2014,1970,2322
2014,1971,2231
2014,1972,2258
2014,1973,2185
2014,1974,2215
2014,1975,2212
2014,1976,2196
2014,1977,2167
2014,1978,2122
2014,1979,2085
2014,1980,2070
2014,1981,2036
2014,1982,2044
2014,1983,2031
2014,1984,1989
2014,1985,1944
2014,1986,1922
2014,1987,1866
2014,1988,1769
2014,1989,1703
2014,1990,1687
2015,1951,1768
2015,1952,1782
2015,1953,1819
2015,1954,1793
2015,1955,1795
2015,1956,1810
2015,1957,1818
2015,1958,1784
2015,1959,1807
2015,1960,1830
2015,1961,1866
2015,1962,1839
2015,1963,1799
2015,1964,1847
2015,1965,1868
2015,1966,1900
2015,1967,1854
2015,1968,1794
2015,1969,1736
2015,1970,1695
2015,1971,1625
2015,1972,1612
2015,1973,1622
2015,1974,1680
2015,1975,1717
2015,1976,1705
2015,1977,1668
2015,1978,1705
2015,1979,1674
2015,1980,1649
2015,1981,1671
2015,1982,1744
2015,1983,1672
2015,1984,1584
2015,1985,1572
2015,1986,1537
2015,1987,1459
2015,1988,1412
2015,1989,1375
2015,1990,1337
2016,1951,2075
2016,1952,2039
2016,1953,2073
2016,1954,2092
2016,1955,2106
2016,1956,2156
2016,1957,2205
2016,1958,2184
2016,1959,2248
2016,1960,2261
2016,1961,2231
2016,1962,2326
2016,1963,2291
2016,1964,2281
2016,1965,2278
2016,1966,2237
2016,1967,2331
2016,1968,2353
2016,1969,2331
2016,1970,2314
2016,1971,2230
2016,1972,2132
2016,1973,2090
2016,1974,2127
2016,1975,2189
2016,1976,2183
2016,1977,2186
2016,1978,2162
2016,1979,2155
2016,1980,2160
2016,1981,2211
2016,1982,2275
2016,1983,2264
2016,1984,2267
2016,1985,2250
2016,1986,2319
2016,1987,2341
2016,1988,2402
2016,1989,2362
2016,1990,2349
2017,1951,1906
2017,1952,1935
2017,1953,1959
2017,1954,1952
2017,1955,1953
2017,1956,1892
2017,1957,1881
2017,1958,1895
2017,1959,1871
2017,1960,1863
2017,1961,1844
2017,1962,1819
2017,1963,1856
2017,1964,1830
2017,1965,1852
2017,1966,1805
2017,1967,1765
2017,1968,1752
2017,1969,1719
2017,1970,1702
2017,1971,1777
2017,1972,1811
2017,1973,1865
2017,1974,1887
2017,1975,1874
2017,1976,1833
2017,1977,1798
2017,1978,1759
2017,1979,1755
2017,1980,1707
2017,1981,1714
2017,1982,1685
2017,1983,1651
2017,1984,1590
2017,1985,1586
2017,1986,1505
2017,1987,1491
2017,1988,1439
2017,1989,1397
2017,1990,1394
2018,1951,2830
2018,1952,2905
2018,1953,2965
2018,1954,3031
2018,1955,3046
2018,1956,3063
2018,1957,3140
2018,1958,3117
2018,1959,3181
2018,1960,3179
2018,1961,3174
2018,1962,3196
2018,1963,3202
2018,1964,3203
2018,1965,3232
2018,1966,3206
2018,1967,3228
2018,1968,3207
2018,1969,3137
2018,1970,3014
2018,1971,2887
2018,1972,2899
2018,1973,2930
2018,1974,2896
2018,1975,2935
2018,1976,2856
2018,1977,2837
2018,1978,2749
2018,1979,2701
2018,1980,2623
2018,1981,2572
2018,1982,2550
2018,1983,2471
2018,1984,2432
2018,1985,2099
2018,1986,2018
2018,1987,1968
2018,1988,1897
2018,1989,1859
2018,1990,1839
2019,1951,4448
2019,1952,4494
2019,1953,4679
2019,1954,4794
2019,1955,4925
2019,1956,5097
2019,1957,5155
2019,1958,5237
2019,1959,5253
2019,1960,5291
2019,1961,5310
2019,1962,5346
2019,1963,5385
2019,1964,5349
2019,1965,5320
2019,1966,5316
2019,1967,5449
2019,1968,5383
2019,1969,5335
2019,1970,5234
2019,1971,5161
2019,1972,5154
2019,1973,5117
2019,1974,5121
2019,1975,5075
2019,1976,5051
2019,1977,5013
2019,1978,4931
2019,1979,4835
2019,1980,4736
2019,1981,4640
2019,1982,4492
2019,1983,4412
2019,1984,4382
2019,1985,4525
2019,1986,4393
2019,1987,4214
2019,1988,4127
2019,1989,4061
2019,1990,3975
2020,1964,3709
2020,1965,3787
2020,1966,3836
2020,1967,3871
2020,1968,3931
2020,1969,3911
2020,1970,3922
2020,1971,3907
2020,1972,3961
2020,1973,4193
2020,1974,4368
2020,1975,4500
2020,1976,4468
2020,1977,4486
2020,1978,4509
2020,1979,4482
2020,1980,4597
2020,1981,4568
2020,1982,4566
2020,1983,4556
2020,1984,4541
2020,1985,4559
2020,1986,4389
2020,1987,4404
2020,1988,4386
2020,1989,4443
2020,1990,4475
2020u,1951,3298
2020u,1952,3310
2020u,1953,3347
2020u,1954,3337
2020u,1955,3381
2020u,1956,3406
2020u,1957,3471
2020u,1958,3488
2020u,1959,3520
2020u,1960,3602
2020u,1961,3600
2020u,1962,3634
2020u,1963,3679
2021,1951,1693
2021,1952,1739
2021,1953,1809
2021,1954,1871
2021,1955,1940
2021,1956,1995
2021,1957,2041
2021,1958,2077
2021,1959,2123
2021,1960,2162
2021,1961,2193
2021,1962,2250
2021,1963,2288
2021,1964,2308
2021,1965,2394
2021,1966,2452
2021,1967,2461
2021,1968,2511
2021,1969,2513
2021,1970,2558
2021,1971,2542
2021,1972,2585
2021,1973,2623
2021,1974,2682
2021,1975,2694
2021,1976,2701
2021,1977,2661
2021,1978,2652
2021,1979,2629
2021,1980,2658
2021,1981,2648
2021,1982,2695
2021,1983,2686
2021,1984,2700
2021,1985,2732
2021,1986,2694
2021,1987,2654
2021,1988,2670
2021,1989,2658
2021,1990,2652
2022,1951,2438
2022,1952,2484
2022,1953,2495
2022,1954,2516
2022,1955,2484
2022,1956,2539
2022,1957,2529
2022,1958,2507
2022,1959,2465
2022,1960,2414
2022,1961,2422
2022,1962,2433
2022,1963,2418
2022,1964,2395
2022,1965,2361
2022,1966,2328
2022,1967,2312
2022,1968,2329
2022,1969,2339
2022,1970,2261
2022,1971,2244
2022,1972,2291
2022,1973,2213
2022,1974,2193
2022,1975,2174
2022,1976,2147
2022,1977,2059
2022,1978,2015
2022,1979,2022
2022,1980,2015
2022,1981,1965
2022,1982,1965
2022,1983,1931
2022,1984,1921
2022,1985,1846
2022,1986,1811
2022,1987,1794
2022,1988,1736
2022,1989,1761
2022,1990,1754
2023,1951,1736
2023,1952,1773
2023,1953,1742
2023,1954,1735
2023,1955,1696
2023,1956,1744
2023,1957,1743
2023,1958,1739
2023,1959,1760
2023,1960,1774
2023,1961,1762
2023,1962,1777
2023,1963,1775
2023,1964,1743
2023,1965,1745
2023,1966,1710
2023,1967,1678
2023,1968,1640
2023,1969,1640
2023,1970,1650
2023,1971,1682
2023,1972,1713
2023,1973,1743
2023,1974,1769
2023,1975,1767
2023,1976,1743
2023,1977,1759
2023,1978,1752
2023,1979,1680
2023,1980,1636
2023,1981,1606
2023,1982,1582
2023,1983,1569
2023,1984,1590
2023,1985,1568
2023,1986,1523
2023,1987,1479
2023,1988,1458
2023,1989,1450
2023,1990,1424
2024,1951,1552
2024,1952,1563
2024,1953,1608
2024,1954,1615
2024,1955,1622
2024,1956,1666
2024,1957,1704
2024,1958,1727
2024,1959,1747
2024,1960,1804
2024,1961,1799
2024,1962,1807
2024,1963,1819
2024,1964,1839
2024,1965,1853
2024,1966,1803
2024,1967,1853
2024,1968,1861
2024,1969,1850
2024,1970,1820
2024,1971,1845
2024,1972,1886
2024,1973,1837
2024,1974,1864
2024,1975,1834
2024,1976,1810
2024,1977,1792
2024,1978,1770
2024,1979,1733
2024,1980,1677
2024,1981,1658
2024,1982,1590
2024,1983,1581
2024,1984,1594
2024,1985,1531
2024,1986,1533
2024,1987,1469
2024,1988,1412
2024,1989,1374
2024,1990,1367
2025,1951,2073
2025,1952,2081
2025,1953,2100
2025,1954,2108
2025,1955,2110
2025,1956,2219
2025,1957,2252
2025,1958,2274
2025,1959,2264
2025,1960,2261
2025,1961,2213
2025,1962,2213
2025,1963,2218
2025,1964,3309
2025,1965,3301
2025,1966,3237
2025,1967,3232
2025,1968,3194
2025,1969,3176
2025,1970,3138
2025,1971,3111
2025,1972,3092
2025,1973,3105
2025,1974,3140
2025,1975,3133
2025,1976,3149
2025,1977,3188
2025,1978,3241
2025,1979,3252
2025,1980,3293
2025,1981,3331
2025,1982,3309
2025,1983,3332
2025,1984,3347
2025,1985,3340
2025,1986,3309
2025,1987,3289
2025,1988,3215
2025,1989,3201
2025,1990,3195
2026,1951,968
2026,1952,1006
2026,1953,1018
2026,1954,1012
2026,1955,1035
2026,1956,1042
2026,1957,1053
2026,1958,1043
2026,1959,1045
2026,1960,1049
2026,1961,1072
2026,1962,1039
2026,1963,1040
2027,1951,1512
2027,1952,1477
2027,1953,1475
2027,1954,1476
2027,1955,1470
2027,1956,1481
2027,1957,1443
2027,1958,1406
2027,1959,1392
2027,1960,1384
2027,1961,1364
2027,1962,1364
2027,1963,1362
2027,1964,1363
2027,1965,1353
2027,1966,1342
2027,1967,1324
2027,1968,1292
2027,1969,1283
2027,1970,1256
2027,1971,1193
2027,1972,1160
2027,1973,1164
2027,1974,1186
2027,1975,1202
2027,1976,1164
2027,1977,1165
2027,1978,1165
2027,1979,1134
2027,1980,1113
2027,1981,1087
2027,1982,1088
2027,1983,1060
2027,1984,1056
2027,1985,1016
2027,1986,1006
2027,1987,999
2027,1988,1008
2027,1989,1030
2027,1990,1037
2028,1955,2622
2028,1956,2708
2028,1957,2778
2028,1958,2814
2028,1959,2825
2028,1960,2884
2028,1961,2800
2028,1962,2852
2028,1963,2898
2028,1964,2281
2028,1965,2283
2028,1966,2253
2028,1967,2310
2028,1968,2429
2028,1969,2506
2028,1970,2628
2028,1971,2805
2028,1972,2787
2028,1973,2785
2028,1974,2894
2028,1975,2886
2028,1976,2821
2028,1977,2861
2028,1978,2901
2028,1979,2895
2028,1980,2785
2028,1981,2755
2028,1982,2674
2028,1983,2694
2028,1984,2682
2028,1985,2658
2028,1986,2643
2028,1987,2550
2028,1988,2461
2028,1989,2401
2028,1990,2346
2028u,1951,2476
2028u,1952,2501
2028u,1953,2523
2028u,1954,2549
2029,1951,1820
2029,1952,1790
2029,1953,1766
2029,1954,1733
2029,1955,1685
2029,1956,1687
2029,1957,1684
2029,1958,1676
2029,1959,1661
2029,1960,1655
2029,1961,1648
2029,1962,1632
2029,1963,1617
2030,1951,8921
2030,1952,9035
2030,1953,9132
2030,1954,9261
2030,1955,9312
2030,1956,9466
2030,1957,9566
2030,1958,9744
2030,1959,9954
2030,1960,9977
2030,1961,10186
2030,1962,10280
2030,1963,10385
2030,1964,10511
2030,1965,10513
2030,1966,10491
2030,1967,10445
2030,1968,10522
2030,1969,10590
2030,1970,10567
2030,1971,10482
2030,1972,10640
2030,1973,10648
2030,1974,10787
2030,1975,10860
2030,1976,10891
2030,1977,10919
2030,1978,10766
2030,1979,10541
2030,1980,10529
2030,1981,10447
2030,1982,10276
2030,1983,10184
2030,1984,10105
2030,1985,10073
2030,1986,9853
2030,1987,9745
2030,1988,9564
2030,1989,9579
2030,1990,9641
