"Region","PolitParti","Godkjente1 2025"
"3101","01",5692
"3101","02",4979
"3101","03",2049
"3101","04",783
"3101","08",747
"3101","55",1064
"3101","05",818
"3101","06",682
"3101","07",400
"3101","122",160
"3101","158",34
"3101","154",103
"3101","152",262
"3101","123",112
"3101","159",17
"3101","153",19
"3101","10",375
"3101","132",27
"3103","01",9376
"3103","02",7478
"3103","03",4750
"3103","04",701
"3103","08",1398
"3103","55",1896
"3103","05",652
"3103","06",1597
"3103","07",1089
"3103","122",233
"3103","158",94
"3103","154",218
"3103","152",130
"3103","123",90
"3103","159",35
"3103","153",66
"3103","10",390
"3103","132",30
"3105","01",10198
"3105","02",10418
"3105","03",3583
"3105","04",1242
"3105","08",785
"3105","55",1561
"3105","05",1160
"3105","06",1268
"3105","07",615
"3105","122",405
"3105","158",104
"3105","154",203
"3105","152",156
"3105","123",166
"3105","159",38
"3105","153",25
"3105","10",432
"3105","132",37
"3107","01",15789
"3107","02",13816
"3107","03",6359
"3107","04",1780
"3107","08",1960
"3107","55",2665
"3107","05",1231
"3107","06",2543
"3107","07",1327
"3107","122",419
"3107","158",145
"3107","154",298
"3107","152",284
"3107","123",171
"3107","159",75
"3107","153",52
"3107","10",764
"3107","132",64
"3110","01",1002
"3110","02",925
"3110","03",474
"3110","04",94
"3110","08",126
"3110","55",158
"3110","05",139
"3110","06",110
"3110","07",126
"3110","122",22
"3110","158",12
"3110","154",13
"3110","152",12
"3110","123",15
"3110","159",5
"3110","153",1
"3110","10",31
"3110","132",3
"3112","01",1118
"3112","02",1407
"3112","03",612
"3112","04",317
"3112","08",141
"3112","55",160
"3112","05",359
"3112","06",155
"3112","07",86
"3112","122",45
"3112","158",4
"3112","154",34
"3112","152",35
"3112","123",40
"3112","159",4
"3112","153",7
"3112","10",52
"3112","132",8
"3114","01",713
"3114","02",1146
"3114","03",389
"3114","04",143
"3114","08",82
"3114","55",148
"3114","05",363
"3114","06",96
"3114","07",69
"3114","122",30
"3114","158",11
"3114","154",32
"3114","152",21
"3114","123",12
"3114","159",4
"3114","153",6
"3114","10",27
"3114","132",3
"3116","01",506
"3116","02",817
"3116","03",191
"3116","04",130
"3116","08",54
"3116","55",91
"3116","05",294
"3116","06",64
"3116","07",29
"3116","122",32
"3116","158",9
"3116","154",23
"3116","152",22
"3116","123",9
"3116","159",0
"3116","153",4
"3116","10",21
"3116","132",1
"3118","01",6495
"3118","02",7981
"3118","03",3210
"3118","04",1067
"3118","08",685
"3118","55",1181
"3118","05",2172
"3118","06",1026
"3118","07",585
"3118","122",287
"3118","158",85
"3118","154",215
"3118","152",133
"3118","123",116
"3118","159",34
"3118","153",47
"3118","10",275
"3118","132",47
"3120","01",1225
"3120","02",1417
"3120","03",443
"3120","04",332
"3120","08",74
"3120","55",177
"3120","05",779
"3120","06",112
"3120","07",56
"3120","122",55
"3120","158",17
"3120","154",33
"3120","152",31
"3120","123",41
"3120","159",20
"3120","153",7
"3120","10",34
"3120","132",9
"3122","01",656
"3122","02",492
"3122","03",173
"3122","04",188
"3122","08",48
"3122","55",93
"3122","05",369
"3122","06",46
"3122","07",48
"3122","122",31
"3122","158",6
"3122","154",18
"3122","152",7
"3122","123",23
"3122","159",3
"3122","153",2
"3122","10",14
"3122","132",6
"3124","01",191
"3124","02",179
"3124","03",58
"3124","04",81
"3124","08",16
"3124","55",42
"3124","05",234
"3124","06",18
"3124","07",7
"3124","122",8
"3124","158",4
"3124","154",8
"3124","152",11
"3124","123",6
"3124","159",1
"3124","153",2
"3124","10",8
"3124","132",1
"3201","01",17670
"3201","02",14702
"3201","03",23928
"3201","04",1912
"3201","08",4964
"3201","55",2202
"3201","05",641
"3201","06",3088
"3201","07",7767
"3201","122",380
"3201","158",226
"3201","154",263
"3201","152",295
"3201","123",128
"3201","159",41
"3201","153",100
"3201","10",447
"3201","132",95
"3203","01",13950
"3203","02",12657
"3203","03",14241
"3203","04",1651
"3203","08",3995
"3203","55",2080
"3203","05",981
"3203","06",2541
"3203","07",4528
"3203","122",409
"3203","158",174
"3203","154",358
"3203","152",244
"3203","123",162
"3203","159",54
"3203","153",71
"3203","10",482
"3203","132",88
"3205","01",15895
"3205","02",13129
"3205","03",7883
"3205","04",1273
"3205","08",1973
"3205","55",2237
"3205","05",1851
"3205","06",3226
"3205","07",1730
"3205","122",336
"3205","158",146
"3205","154",335
"3205","152",209
"3205","123",178
"3205","159",71
"3205","153",261
"3205","10",440
"3205","132",86
"3207","01",10942
"3207","02",7857
"3207","03",7779
"3207","04",1131
"3207","08",2411
"3207","55",1530
"3207","05",670
"3207","06",2226
"3207","07",2086
"3207","122",275
"3207","158",102
"3207","154",199
"3207","152",114
"3207","123",78
"3207","159",25
"3207","153",97
"3207","10",415
"3207","132",62
"3209","01",6077
"3209","02",7091
"3209","03",3048
"3209","04",415
"3209","08",587
"3209","55",1150
"3209","05",844
"3209","06",1111
"3209","07",587
"3209","122",211
"3209","158",86
"3209","154",152
"3209","152",92
"3209","123",80
"3209","159",35
"3209","153",111
"3209","10",202
"3209","132",33
"3212","01",3454
"3212","02",1985
"3212","03",1788
"3212","04",316
"3212","08",1816
"3212","55",1076
"3212","05",176
"3212","06",958
"3212","07",729
"3212","122",85
"3212","158",96
"3212","154",135
"3212","152",44
"3212","123",26
"3212","159",8
"3212","153",22
"3212","10",83
"3212","132",17
"3214","01",2486
"3214","02",2486
"3214","03",2402
"3214","04",215
"3214","08",653
"3214","55",375
"3214","05",230
"3214","06",446
"3214","07",584
"3214","122",67
"3214","158",31
"3214","154",91
"3214","152",35
"3214","123",26
"3214","159",8
"3214","153",27
"3214","10",203
"3214","132",13
"3216","01",3170
"3216","02",2774
"3216","03",1858
"3216","04",277
"3216","08",633
"3216","55",579
"3216","05",364
"3216","06",529
"3216","07",463
"3216","122",121
"3216","158",41
"3216","154",92
"3216","152",52
"3216","123",42
"3216","159",19
"3216","153",18
"3216","10",118
"3216","132",17
"3218","01",3450
"3218","02",2497
"3218","03",1773
"3218","04",385
"3218","08",1138
"3218","55",721
"3218","05",539
"3218","06",927
"3218","07",567
"3218","122",93
"3218","158",49
"3218","154",67
"3218","152",39
"3218","123",46
"3218","159",7
"3218","153",31
"3218","10",108
"3218","132",15
"3220","01",1577
"3220","02",2033
"3220","03",797
"3220","04",199
"3220","08",168
"3220","55",295
"3220","05",327
"3220","06",294
"3220","07",155
"3220","122",54
"3220","158",11
"3220","154",48
"3220","152",43
"3220","123",30
"3220","159",9
"3220","153",12
"3220","10",82
"3220","132",11
"3222","01",8060
"3222","02",6211
"3222","03",4292
"3222","04",524
"3222","08",1050
"3222","55",1300
"3222","05",381
"3222","06",2127
"3222","07",1008
"3222","122",145
"3222","158",88
"3222","154",153
"3222","152",60
"3222","123",91
"3222","159",18
"3222","153",225
"3222","10",282
"3222","132",44
"3224","01",3524
"3224","02",2791
"3224","03",1692
"3224","04",306
"3224","08",417
"3224","55",452
"3224","05",241
"3224","06",619
"3224","07",377
"3224","122",77
"3224","158",27
"3224","154",84
"3224","152",37
"3224","123",74
"3224","159",14
"3224","153",38
"3224","10",112
"3224","132",20
"3226","01",3247
"3226","02",3045
"3226","03",923
"3226","04",382
"3226","08",181
"3226","55",477
"3226","05",1015
"3226","06",274
"3226","07",129
"3226","122",98
"3226","158",21
"3226","154",106
"3226","152",59
"3226","123",47
"3226","159",24
"3226","153",15
"3226","10",94
"3226","132",17
"3228","01",4182
"3228","02",4099
"3228","03",1245
"3228","04",307
"3228","08",403
"3228","55",678
"3228","05",1033
"3228","06",541
"3228","07",290
"3228","122",166
"3228","158",39
"3228","154",110
"3228","152",115
"3228","123",81
"3228","159",30
"3228","153",18
"3228","10",125
"3228","132",40
"3230","01",1205
"3230","02",1156
"3230","03",739
"3230","04",157
"3230","08",161
"3230","55",132
"3230","05",272
"3230","06",133
"3230","07",138
"3230","122",31
"3230","158",8
"3230","154",25
"3230","152",14
"3230","123",24
"3230","159",7
"3230","153",5
"3230","10",48
"3230","132",14
"3232","01",4430
"3232","02",3462
"3232","03",2479
"3232","04",367
"3232","08",834
"3232","55",627
"3232","05",406
"3232","06",870
"3232","07",631
"3232","122",92
"3232","158",55
"3232","154",96
"3232","152",44
"3232","123",38
"3232","159",13
"3232","153",39
"3232","10",85
"3232","132",30
"3234","01",1859
"3234","02",1413
"3234","03",698
"3234","04",153
"3234","08",220
"3234","55",282
"3234","05",414
"3234","06",221
"3234","07",153
"3234","122",60
"3234","158",14
"3234","154",46
"3234","152",28
"3234","123",37
"3234","159",11
"3234","153",6
"3234","10",55
"3234","132",5
"3236","01",1349
"3236","02",1171
"3236","03",479
"3236","04",72
"3236","08",101
"3236","55",197
"3236","05",262
"3236","06",166
"3236","07",81
"3236","122",37
"3236","158",12
"3236","154",38
"3236","152",38
"3236","123",10
"3236","159",4
"3236","153",5
"3236","10",43
"3236","132",10
"3238","01",2177
"3238","02",2664
"3238","03",927
"3238","04",261
"3238","08",235
"3238","55",354
"3238","05",503
"3238","06",357
"3238","07",175
"3238","122",126
"3238","158",27
"3238","154",76
"3238","152",42
"3238","123",46
"3238","159",6
"3238","153",27
"3238","10",82
"3238","132",22
"3240","01",4411
"3240","02",4241
"3240","03",1685
"3240","04",407
"3240","08",503
"3240","55",821
"3240","05",853
"3240","06",828
"3240","07",326
"3240","122",157
"3240","158",51
"3240","154",142
"3240","152",123
"3240","123",61
"3240","159",32
"3240","153",18
"3240","10",251
"3240","132",37
"3242","01",412
"3242","02",496
"3242","03",126
"3242","04",78
"3242","08",85
"3242","55",98
"3242","05",193
"3242","06",54
"3242","07",39
"3242","122",23
"3242","158",9
"3242","154",35
"3242","152",10
"3242","123",12
"3242","159",2
"3242","153",1
"3242","10",13
"3242","132",3
"0301","01",108268
"0301","02",60432
"0301","03",78043
"0301","04",8920
"0301","08",43326
"0301","55",30176
"0301","05",3166
"0301","06",45181
"0301","07",30643
"0301","122",1828
"0301","157",712
"0301","158",2063
"0301","154",1721
"0301","152",802
"0301","123",704
"0301","159",202
"0301","153",1295
"0301","10",1589
"0301","160",2361
"0301","132",486
"3301","01",17214
"3301","02",15013
"3301","03",9245
"3301","04",1545
"3301","08",2368
"3301","55",2647
"3301","05",1179
"3301","06",3004
"3301","07",2032
"3301","122",457
"3301","158",162
"3301","154",347
"3301","152",232
"3301","123",231
"3301","159",97
"3301","153",398
"3301","10",419
"3301","132",74
"3303","01",5486
"3303","02",4097
"3303","03",2516
"3303","04",419
"3303","08",721
"3303","55",657
"3303","05",886
"3303","06",758
"3303","07",596
"3303","122",152
"3303","158",62
"3303","154",109
"3303","152",127
"3303","123",71
"3303","159",29
"3303","153",16
"3303","10",113
"3303","132",42
"3305","01",5501
"3305","02",5289
"3305","03",2464
"3305","04",430
"3305","08",530
"3305","55",883
"3305","05",934
"3305","06",721
"3305","07",434
"3305","122",151
"3305","158",38
"3305","154",155
"3305","152",208
"3305","123",44
"3305","159",24
"3305","153",16
"3305","10",233
"3305","132",28
"3310","01",969
"3310","02",1016
"3310","03",930
"3310","04",156
"3310","08",149
"3310","55",138
"3310","05",199
"3310","06",153
"3310","07",154
"3310","122",50
"3310","158",7
"3310","154",32
"3310","152",29
"3310","123",7
"3310","159",5
"3310","153",4
"3310","10",29
"3310","132",10
"3312","01",4440
"3312","02",4228
"3312","03",3214
"3312","04",365
"3312","08",714
"3312","55",524
"3312","05",560
"3312","06",642
"3312","07",651
"3312","122",109
"3312","158",35
"3312","154",92
"3312","152",58
"3312","123",47
"3312","159",16
"3312","153",54
"3312","10",80
"3312","132",27
"3314","01",3115
"3314","02",4027
"3314","03",1459
"3314","04",509
"3314","08",267
"3314","55",339
"3314","05",750
"3314","06",393
"3314","07",266
"3314","122",144
"3314","158",35
"3314","154",87
"3314","152",78
"3314","123",85
"3314","159",33
"3314","153",16
"3314","10",78
"3314","132",27
"3316","01",2498
"3316","02",2838
"3316","03",851
"3316","04",170
"3316","08",208
"3316","55",342
"3316","05",664
"3316","06",243
"3316","07",144
"3316","122",103
"3316","158",14
"3316","154",69
"3316","152",48
"3316","123",31
"3316","159",18
"3316","153",15
"3316","10",50
"3316","132",14
"3318","01",366
"3318","02",395
"3318","03",163
"3318","04",21
"3318","08",19
"3318","55",42
"3318","05",149
"3318","06",34
"3318","07",14
"3318","122",20
"3318","158",2
"3318","154",4
"3318","152",11
"3318","123",2
"3318","159",3
"3318","153",3
"3318","10",14
"3318","132",0
"3320","01",167
"3320","02",188
"3320","03",76
"3320","04",16
"3320","08",5
"3320","55",20
"3320","05",108
"3320","06",14
"3320","07",7
"3320","122",5
"3320","158",4
"3320","154",7
"3320","152",3
"3320","123",1
"3320","159",2
"3320","153",0
"3320","10",8
"3320","132",1
"3322","01",636
"3322","02",415
"3322","03",241
"3322","04",70
"3322","08",30
"3322","55",75
"3322","05",263
"3322","06",51
"3322","07",34
"3322","122",14
"3322","158",4
"3322","154",13
"3322","152",11
"3322","123",21
"3322","159",2
"3322","153",1
"3322","10",19
"3322","132",4
"3324","01",720
"3324","02",752
"3324","03",420
"3324","04",85
"3324","08",52
"3324","55",80
"3324","05",321
"3324","06",102
"3324","07",58
"3324","122",25
"3324","158",6
"3324","154",13
"3324","152",7
"3324","123",13
"3324","159",1
"3324","153",1
"3324","10",9
"3324","132",6
"3326","01",297
"3326","02",302
"3326","03",223
"3326","04",95
"3326","08",57
"3326","55",38
"3326","05",208
"3326","06",78
"3326","07",50
"3326","122",6
"3326","158",3
"3326","154",10
"3326","152",4
"3326","123",9
"3326","159",2
"3326","153",4
"3326","10",3
"3326","132",5
"3328","01",856
"3328","02",609
"3328","03",339
"3328","04",172
"3328","08",102
"3328","55",59
"3328","05",525
"3328","06",130
"3328","07",67
"3328","122",16
"3328","158",9
"3328","154",17
"3328","152",8
"3328","123",19
"3328","159",2
"3328","153",1
"3328","10",10
"3328","132",4
"3330","01",589
"3330","02",701
"3330","03",420
"3330","04",76
"3330","08",74
"3330","55",60
"3330","05",370
"3330","06",101
"3330","07",71
"3330","122",17
"3330","158",11
"3330","154",20
"3330","152",6
"3330","123",17
"3330","159",4
"3330","153",3
"3330","10",11
"3330","132",4
"3332","01",503
"3332","02",646
"3332","03",217
"3332","04",32
"3332","08",20
"3332","55",57
"3332","05",501
"3332","06",45
"3332","07",18
"3332","122",34
"3332","158",3
"3332","154",29
"3332","152",17
"3332","123",2
"3332","159",10
"3332","153",1
"3332","10",10
"3332","132",4
"3334","01",370
"3334","02",574
"3334","03",150
"3334","04",37
"3334","08",21
"3334","55",59
"3334","05",217
"3334","06",45
"3334","07",30
"3334","122",22
"3334","158",7
"3334","154",15
"3334","152",5
"3334","123",9
"3334","159",3
"3334","153",0
"3334","10",14
"3334","132",2
"3336","01",275
"3336","02",184
"3336","03",64
"3336","04",36
"3336","08",13
"3336","55",43
"3336","05",185
"3336","06",18
"3336","07",10
"3336","122",7
"3336","158",1
"3336","154",12
"3336","152",5
"3336","123",1
"3336","159",7
"3336","153",0
"3336","10",3
"3336","132",0
"3338","01",345
"3338","02",384
"3338","03",117
"3338","04",46
"3338","08",33
"3338","55",47
"3338","05",334
"3338","06",40
"3338","07",8
"3338","122",30
"3338","158",3
"3338","154",4
"3338","152",13
"3338","123",5
"3338","159",6
"3338","153",1
"3338","10",4
"3338","132",3
"3401","01",3736
"3401","02",2855
"3401","03",1040
"3401","04",183
"3401","08",221
"3401","55",516
"3401","05",820
"3401","06",402
"3401","07",185
"3401","122",115
"3401","158",16
"3401","154",59
"3401","152",38
"3401","123",31
"3401","159",21
"3401","153",9
"3401","10",235
"3401","132",13
"3403","01",7945
"3403","02",3083
"3403","03",2758
"3403","04",598
"3403","08",1021
"3403","55",1068
"3403","05",1091
"3403","06",1408
"3403","07",731
"3403","122",103
"3403","158",40
"3403","154",98
"3403","152",73
"3403","123",55
"3403","159",14
"3403","153",29
"3403","10",328
"3403","132",24
"3405","01",6471
"3405","02",2777
"3405","03",2277
"3405","04",445
"3405","08",991
"3405","55",924
"3405","05",1130
"3405","06",1216
"3405","07",599
"3405","122",84
"3405","158",55
"3405","154",101
"3405","152",81
"3405","123",38
"3405","159",24
"3405","153",34
"3405","10",214
"3405","132",17
"3407","01",6647
"3407","02",3729
"3407","03",2125
"3407","04",505
"3407","08",538
"3407","55",836
"3407","05",1420
"3407","06",836
"3407","07",526
"3407","122",112
"3407","158",40
"3407","154",107
"3407","152",98
"3407","123",81
"3407","159",26
"3407","153",28
"3407","10",135
"3407","132",35
"3411","01",7575
"3411","02",4495
"3411","03",1875
"3411","04",426
"3411","08",543
"3411","55",809
"3411","05",2285
"3411","06",769
"3411","07",380
"3411","122",206
"3411","158",37
"3411","154",133
"3411","152",151
"3411","123",35
"3411","159",19
"3411","153",26
"3411","10",483
"3411","132",37
"3412","01",1704
"3412","02",1014
"3412","03",252
"3412","04",125
"3412","08",132
"3412","55",218
"3412","05",705
"3412","06",170
"3412","07",46
"3412","122",76
"3412","158",8
"3412","154",45
"3412","152",32
"3412","123",23
"3412","159",11
"3412","153",6
"3412","10",69
"3412","132",16
"3413","01",4740
"3413","02",2259
"3413","03",1050
"3413","04",571
"3413","08",452
"3413","55",674
"3413","05",1488
"3413","06",716
"3413","07",252
"3413","122",192
"3413","158",34
"3413","154",77
"3413","152",62
"3413","123",52
"3413","159",16
"3413","153",11
"3413","10",179
"3413","132",29
"3414","01",1005
"3414","02",767
"3414","03",164
"3414","04",44
"3414","08",43
"3414","55",210
"3414","05",443
"3414","06",143
"3414","07",41
"3414","122",46
"3414","158",10
"3414","154",12
"3414","152",28
"3414","123",5
"3414","159",3
"3414","153",4
"3414","10",61
"3414","132",5
"3415","01",1414
"3415","02",1472
"3415","03",355
"3415","04",54
"3415","08",85
"3415","55",292
"3415","05",593
"3415","06",193
"3415","07",96
"3415","122",58
"3415","158",15
"3415","154",36
"3415","152",51
"3415","123",13
"3415","159",14
"3415","153",6
"3415","10",107
"3415","132",11
"3416","01",1156
"3416","02",1103
"3416","03",264
"3416","04",59
"3416","08",50
"3416","55",170
"3416","05",469
"3416","06",79
"3416","07",55
"3416","122",53
"3416","158",17
"3416","154",26
"3416","152",28
"3416","123",10
"3416","159",12
"3416","153",3
"3416","10",60
"3416","132",1
"3417","01",811
"3417","02",671
"3417","03",178
"3417","04",22
"3417","08",31
"3417","55",115
"3417","05",570
"3417","06",69
"3417","07",23
"3417","122",42
"3417","158",6
"3417","154",12
"3417","152",25
"3417","123",11
"3417","159",6
"3417","153",3
"3417","10",61
"3417","132",12
"3418","01",953
"3418","02",1219
"3418","03",157
"3418","04",58
"3418","08",50
"3418","55",199
"3418","05",1278
"3418","06",91
"3418","07",35
"3418","122",50
"3418","158",4
"3418","154",28
"3418","152",23
"3418","123",28
"3418","159",9
"3418","153",3
"3418","10",79
"3418","132",8
"3419","01",535
"3419","02",510
"3419","03",110
"3419","04",15
"3419","08",23
"3419","55",98
"3419","05",505
"3419","06",66
"3419","07",29
"3419","122",30
"3419","158",6
"3419","154",18
"3419","152",8
"3419","123",12
"3419","159",8
"3419","153",5
"3419","10",127
"3419","132",3
"3420","01",4474
"3420","02",3011
"3420","03",1413
"3420","04",188
"3420","08",338
"3420","55",550
"3420","05",1502
"3420","06",493
"3420","07",182
"3420","122",135
"3420","158",32
"3420","154",85
"3420","152",105
"3420","123",11
"3420","159",11
"3420","153",12
"3420","10",317
"3420","132",16
"3421","01",1349
"3421","02",733
"3421","03",342
"3421","04",88
"3421","08",58
"3421","55",111
"3421","05",719
"3421","06",169
"3421","07",47
"3421","122",38
"3421","158",6
"3421","154",23
"3421","152",25
"3421","123",18
"3421","159",1
"3421","153",5
"3421","10",45
"3421","132",2
"3422","01",729
"3422","02",604
"3422","03",199
"3422","04",27
"3422","08",43
"3422","55",123
"3422","05",430
"3422","06",91
"3422","07",31
"3422","122",34
"3422","158",5
"3422","154",16
"3422","152",12
"3422","123",7
"3422","159",6
"3422","153",3
"3422","10",34
"3422","132",1
"3423","01",455
"3423","02",259
"3423","03",79
"3423","04",5
"3423","08",24
"3423","55",85
"3423","05",258
"3423","06",38
"3423","07",29
"3423","122",28
"3423","158",8
"3423","154",7
"3423","152",9
"3423","123",5
"3423","159",5
"3423","153",0
"3423","10",18
"3423","132",0
"3424","01",377
"3424","02",170
"3424","03",72
"3424","04",9
"3424","08",16
"3424","55",58
"3424","05",351
"3424","06",40
"3424","07",12
"3424","122",10
"3424","158",5
"3424","154",8
"3424","152",12
"3424","123",2
"3424","159",3
"3424","153",3
"3424","10",15
"3424","132",0
"3425","01",258
"3425","02",122
"3425","03",66
"3425","04",6
"3425","08",11
"3425","55",49
"3425","05",243
"3425","06",30
"3425","07",6
"3425","122",6
"3425","158",3
"3425","154",4
"3425","152",3
"3425","123",0
"3425","159",1
"3425","153",4
"3425","10",10
"3425","132",1
"3426","01",264
"3426","02",69
"3426","03",31
"3426","04",14
"3426","08",39
"3426","55",49
"3426","05",325
"3426","06",79
"3426","07",13
"3426","122",3
"3426","158",6
"3426","154",2
"3426","152",6
"3426","123",3
"3426","159",0
"3426","153",0
"3426","10",8
"3426","132",1
"3427","01",1103
"3427","02",403
"3427","03",205
"3427","04",42
"3427","08",139
"3427","55",134
"3427","05",977
"3427","06",158
"3427","07",64
"3427","122",27
"3427","158",0
"3427","154",15
"3427","152",26
"3427","123",7
"3427","159",4
"3427","153",3
"3427","10",31
"3427","132",4
"3428","01",475
"3428","02",190
"3428","03",68
"3428","04",32
"3428","08",43
"3428","55",44
"3428","05",474
"3428","06",39
"3428","07",23
"3428","122",14
"3428","158",1
"3428","154",7
"3428","152",10
"3428","123",0
"3428","159",0
"3428","153",2
"3428","10",9
"3428","132",1
"3429","01",339
"3429","02",86
"3429","03",46
"3429","04",11
"3429","08",25
"3429","55",68
"3429","05",368
"3429","06",38
"3429","07",5
"3429","122",6
"3429","158",5
"3429","154",5
"3429","152",7
"3429","123",1
"3429","159",3
"3429","153",0
"3429","10",12
"3429","132",3
"3430","01",417
"3430","02",108
"3430","03",32
"3430","04",30
"3430","08",20
"3430","55",71
"3430","05",404
"3430","06",76
"3430","07",11
"3430","122",9
"3430","158",1
"3430","154",11
"3430","152",5
"3430","123",0
"3430","159",3
"3430","153",0
"3430","10",4
"3430","132",0
"3431","01",507
"3431","02",262
"3431","03",66
"3431","04",19
"3431","08",41
"3431","55",59
"3431","05",402
"3431","06",45
"3431","07",15
"3431","122",19
"3431","158",4
"3431","154",6
"3431","152",9
"3431","123",5
"3431","159",1
"3431","153",2
"3431","10",13
"3431","132",2
"3432","01",282
"3432","02",217
"3432","03",39
"3432","04",18
"3432","08",11
"3432","55",54
"3432","05",468
"3432","06",46
"3432","07",10
"3432","122",16
"3432","158",0
"3432","154",4
"3432","152",4
"3432","123",5
"3432","159",2
"3432","153",2
"3432","10",6
"3432","132",0
"3433","01",109
"3433","02",215
"3433","03",29
"3433","04",12
"3433","08",13
"3433","55",95
"3433","05",741
"3433","06",69
"3433","07",10
"3433","122",18
"3433","158",3
"3433","154",15
"3433","152",8
"3433","123",4
"3433","159",2
"3433","153",3
"3433","10",8
"3433","132",2
"3434","01",120
"3434","02",171
"3434","03",25
"3434","04",18
"3434","08",12
"3434","55",74
"3434","05",827
"3434","06",97
"3434","07",19
"3434","122",6
"3434","158",2
"3434","154",2
"3434","152",7
"3434","123",3
"3434","159",0
"3434","153",6
"3434","10",7
"3434","132",1
"3435","01",549
"3435","02",365
"3435","03",86
"3435","04",18
"3435","08",23
"3435","55",77
"3435","05",738
"3435","06",151
"3435","07",13
"3435","122",14
"3435","158",2
"3435","154",12
"3435","152",15
"3435","123",6
"3435","159",1
"3435","153",2
"3435","10",14
"3435","132",2
"3436","01",1144
"3436","02",857
"3436","03",205
"3436","04",46
"3436","08",32
"3436","55",130
"3436","05",696
"3436","06",82
"3436","07",30
"3436","122",38
"3436","158",9
"3436","154",15
"3436","152",23
"3436","123",4
"3436","159",9
"3436","153",4
"3436","10",25
"3436","132",4
"3437","01",1280
"3437","02",624
"3437","03",169
"3437","04",33
"3437","08",50
"3437","55",145
"3437","05",608
"3437","06",148
"3437","07",43
"3437","122",29
"3437","158",10
"3437","154",18
"3437","152",18
"3437","123",13
"3437","159",4
"3437","153",2
"3437","10",27
"3437","132",0
"3438","01",612
"3438","02",368
"3438","03",102
"3438","04",21
"3438","08",21
"3438","55",51
"3438","05",497
"3438","06",35
"3438","07",16
"3438","122",21
"3438","158",2
"3438","154",10
"3438","152",12
"3438","123",3
"3438","159",5
"3438","153",3
"3438","10",11
"3438","132",2
"3439","01",870
"3439","02",429
"3439","03",131
"3439","04",29
"3439","08",51
"3439","55",108
"3439","05",640
"3439","06",59
"3439","07",17
"3439","122",22
"3439","158",2
"3439","154",12
"3439","152",9
"3439","123",3
"3439","159",0
"3439","153",8
"3439","10",16
"3439","132",0
"3440","01",1100
"3440","02",448
"3440","03",259
"3440","04",75
"3440","08",56
"3440","55",121
"3440","05",544
"3440","06",170
"3440","07",48
"3440","122",16
"3440","158",2
"3440","154",21
"3440","152",13
"3440","123",14
"3440","159",5
"3440","153",2
"3440","10",20
"3440","132",2
"3441","01",1319
"3441","02",713
"3441","03",172
"3441","04",63
"3441","08",87
"3441","55",165
"3441","05",782
"3441","06",157
"3441","07",68
"3441","122",17
"3441","158",4
"3441","154",30
"3441","152",24
"3441","123",2
"3441","159",3
"3441","153",5
"3441","10",38
"3441","132",6
"3442","01",3039
"3442","02",2031
"3442","03",798
"3442","04",213
"3442","08",213
"3442","55",331
"3442","05",1161
"3442","06",267
"3442","07",227
"3442","122",77
"3442","158",17
"3442","154",61
"3442","152",64
"3442","123",22
"3442","159",17
"3442","153",23
"3442","10",119
"3442","132",13
"3443","01",2795
"3443","02",2018
"3443","03",777
"3443","04",181
"3443","08",178
"3443","55",375
"3443","05",757
"3443","06",260
"3443","07",164
"3443","122",66
"3443","158",21
"3443","154",57
"3443","152",89
"3443","123",31
"3443","159",20
"3443","153",25
"3443","10",87
"3443","132",23
"3446","01",2705
"3446","02",2440
"3446","03",1049
"3446","04",183
"3446","08",165
"3446","55",331
"3446","05",728
"3446","06",244
"3446","07",155
"3446","122",70
"3446","158",26
"3446","154",79
"3446","152",44
"3446","123",28
"3446","159",6
"3446","153",11
"3446","10",99
"3446","132",16
"3447","01",974
"3447","02",749
"3447","03",186
"3447","04",48
"3447","08",61
"3447","55",199
"3447","05",572
"3447","06",167
"3447","07",50
"3447","122",50
"3447","158",6
"3447","154",30
"3447","152",34
"3447","123",9
"3447","159",7
"3447","153",6
"3447","10",39
"3447","132",5
"3448","01",687
"3448","02",974
"3448","03",138
"3448","04",75
"3448","08",39
"3448","55",188
"3448","05",1280
"3448","06",209
"3448","07",50
"3448","122",49
"3448","158",11
"3448","154",36
"3448","152",38
"3448","123",10
"3448","159",8
"3448","153",7
"3448","10",36
"3448","132",10
"3449","01",575
"3449","02",416
"3449","03",113
"3449","04",70
"3449","08",35
"3449","55",49
"3449","05",358
"3449","06",39
"3449","07",19
"3449","122",19
"3449","158",6
"3449","154",11
"3449","152",17
"3449","123",6
"3449","159",1
"3449","153",4
"3449","10",12
"3449","132",1
"3450","01",197
"3450","02",158
"3450","03",46
"3450","04",34
"3450","08",16
"3450","55",37
"3450","05",221
"3450","06",20
"3450","07",3
"3450","122",13
"3450","158",3
"3450","154",6
"3450","152",2
"3450","123",2
"3450","159",2
"3450","153",0
"3450","10",6
"3450","132",1
"3451","01",1071
"3451","02",991
"3451","03",352
"3451","04",91
"3451","08",156
"3451","55",108
"3451","05",583
"3451","06",141
"3451","07",65
"3451","122",51
"3451","158",12
"3451","154",29
"3451","152",21
"3451","123",12
"3451","159",5
"3451","153",4
"3451","10",21
"3451","132",5
"3452","01",292
"3452","02",340
"3452","03",99
"3452","04",29
"3452","08",36
"3452","55",45
"3452","05",338
"3452","06",41
"3452","07",23
"3452","122",19
"3452","158",6
"3452","154",10
"3452","152",3
"3452","123",7
"3452","159",2
"3452","153",4
"3452","10",10
"3452","132",1
"3453","01",485
"3453","02",418
"3453","03",150
"3453","04",33
"3453","08",70
"3453","55",44
"3453","05",433
"3453","06",108
"3453","07",38
"3453","122",29
"3453","158",2
"3453","154",22
"3453","152",19
"3453","123",4
"3453","159",2
"3453","153",0
"3453","10",9
"3453","132",2
"3454","01",215
"3454","02",198
"3454","03",52
"3454","04",11
"3454","08",59
"3454","55",38
"3454","05",248
"3454","06",33
"3454","07",7
"3454","122",11
"3454","158",1
"3454","154",11
"3454","152",6
"3454","123",4
"3454","159",1
"3454","153",4
"3454","10",7
"3454","132",3
"3901","01",5077
"3901","02",4270
"3901","03",2386
"3901","04",518
"3901","08",875
"3901","55",1047
"3901","05",343
"3901","06",840
"3901","07",577
"3901","122",133
"3901","158",59
"3901","154",129
"3901","152",117
"3901","123",38
"3901","159",22
"3901","153",19
"3901","10",121
"3901","132",29
"3903","01",4250
"3903","02",4747
"3903","03",2095
"3903","04",632
"3903","08",581
"3903","55",830
"3903","05",778
"3903","06",535
"3903","07",434
"3903","122",168
"3903","158",33
"3903","154",121
"3903","152",114
"3903","123",62
"3903","159",43
"3903","153",18
"3903","10",109
"3903","132",22
"3905","01",9833
"3905","02",9198
"3905","03",6236
"3905","04",1585
"3905","08",1685
"3905","55",1677
"3905","05",1226
"3905","06",1559
"3905","07",1378
"3905","122",274
"3905","158",99
"3905","154",253
"3905","152",200
"3905","123",190
"3905","159",79
"3905","153",69
"3905","10",266
"3905","132",72
"3907","01",9328
"3907","02",10993
"3907","03",6766
"3907","04",1737
"3907","08",1399
"3907","55",1701
"3907","05",1163
"3907","06",1391
"3907","07",1409
"3907","122",298
"3907","158",113
"3907","154",241
"3907","152",271
"3907","123",232
"3907","159",69
"3907","153",43
"3907","10",289
"3907","132",55
"3909","01",8331
"3909","02",8353
"3909","03",4224
"3909","04",1214
"3909","08",932
"3909","55",1287
"3909","05",1179
"3909","06",1141
"3909","07",797
"3909","122",223
"3909","158",79
"3909","154",194
"3909","152",173
"3909","123",168
"3909","159",43
"3909","153",35
"3909","10",280
"3909","132",45
"3911","01",4770
"3911","02",4170
"3911","03",3261
"3911","04",553
"3911","08",1016
"3911","55",889
"3911","05",293
"3911","06",723
"3911","07",696
"3911","122",132
"3911","158",57
"3911","154",133
"3911","152",94
"3911","123",64
"3911","159",31
"3911","153",25
"3911","10",116
"3911","132",36
"4001","01",7063
"4001","02",5727
"4001","03",2928
"4001","04",890
"4001","08",796
"4001","55",1285
"4001","05",590
"4001","06",992
"4001","07",547
"4001","122",201
"4001","158",68
"4001","154",167
"4001","152",229
"4001","123",130
"4001","159",141
"4001","153",20
"4001","10",160
"4001","132",50
"4003","01",10530
"4003","02",8134
"4003","03",4045
"4003","04",1767
"4003","08",1062
"4003","55",1849
"4003","05",1063
"4003","06",1567
"4003","07",763
"4003","122",386
"4003","158",103
"4003","154",222
"4003","152",239
"4003","123",233
"4003","159",108
"4003","153",51
"4003","10",235
"4003","132",68
"4005","01",2500
"4005","02",2163
"4005","03",703
"4005","04",397
"4005","08",179
"4005","55",478
"4005","05",514
"4005","06",220
"4005","07",139
"4005","122",76
"4005","158",20
"4005","154",80
"4005","152",36
"4005","123",83
"4005","159",26
"4005","153",16
"4005","10",34
"4005","132",12
"4010","01",460
"4010","02",401
"4010","03",116
"4010","04",83
"4010","08",38
"4010","55",80
"4010","05",131
"4010","06",57
"4010","07",14
"4010","122",16
"4010","158",2
"4010","154",19
"4010","152",21
"4010","123",14
"4010","159",5
"4010","153",2
"4010","10",7
"4010","132",3
"4012","01",2429
"4012","02",2806
"4012","03",946
"4012","04",644
"4012","08",193
"4012","55",442
"4012","05",362
"4012","06",240
"4012","07",156
"4012","122",90
"4012","158",16
"4012","154",61
"4012","152",60
"4012","123",70
"4012","159",41
"4012","153",10
"4012","10",58
"4012","132",17
"4014","01",1836
"4014","02",1675
"4014","03",764
"4014","04",282
"4014","08",344
"4014","55",515
"4014","05",263
"4014","06",164
"4014","07",151
"4014","122",71
"4014","158",11
"4014","154",26
"4014","152",42
"4014","123",40
"4014","159",10
"4014","153",16
"4014","10",31
"4014","132",2
"4016","01",810
"4016","02",627
"4016","03",119
"4016","04",129
"4016","08",56
"4016","55",139
"4016","05",290
"4016","06",81
"4016","07",31
"4016","122",23
"4016","158",4
"4016","154",12
"4016","152",20
"4016","123",14
"4016","159",10
"4016","153",2
"4016","10",13
"4016","132",3
"4018","01",1231
"4018","02",968
"4018","03",299
"4018","04",132
"4018","08",110
"4018","55",217
"4018","05",380
"4018","06",140
"4018","07",57
"4018","122",62
"4018","158",8
"4018","154",30
"4018","152",44
"4018","123",12
"4018","159",24
"4018","153",4
"4018","10",17
"4018","132",12
"4020","01",1724
"4020","02",1586
"4020","03",485
"4020","04",284
"4020","08",338
"4020","55",374
"4020","05",681
"4020","06",294
"4020","07",113
"4020","122",71
"4020","158",20
"4020","154",51
"4020","152",39
"4020","123",40
"4020","159",16
"4020","153",8
"4020","10",25
"4020","132",9
"4022","01",500
"4022","02",433
"4022","03",176
"4022","04",59
"4022","08",44
"4022","55",93
"4022","05",211
"4022","06",38
"4022","07",33
"4022","122",26
"4022","158",2
"4022","154",18
"4022","152",9
"4022","123",21
"4022","159",3
"4022","153",1
"4022","10",5
"4022","132",5
"4024","01",280
"4024","02",279
"4024","03",37
"4024","04",57
"4024","08",12
"4024","55",22
"4024","05",196
"4024","06",20
"4024","07",4
"4024","122",14
"4024","158",2
"4024","154",6
"4024","152",5
"4024","123",7
"4024","159",3
"4024","153",2
"4024","10",2
"4024","132",8
"4026","01",1111
"4026","02",773
"4026","03",354
"4026","04",42
"4026","08",91
"4026","55",167
"4026","05",381
"4026","06",156
"4026","07",60
"4026","122",9
"4026","158",12
"4026","154",23
"4026","152",52
"4026","123",8
"4026","159",6
"4026","153",2
"4026","10",16
"4026","132",4
"4028","01",384
"4028","02",291
"4028","03",112
"4028","04",167
"4028","08",42
"4028","55",63
"4028","05",247
"4028","06",33
"4028","07",20
"4028","122",9
"4028","158",5
"4028","154",16
"4028","152",9
"4028","123",17
"4028","159",1
"4028","153",2
"4028","10",9
"4028","132",1
"4030","01",254
"4030","02",213
"4030","03",64
"4030","04",106
"4030","08",16
"4030","55",42
"4030","05",127
"4030","06",13
"4030","07",8
"4030","122",13
"4030","158",3
"4030","154",3
"4030","152",5
"4030","123",7
"4030","159",0
"4030","153",3
"4030","10",5
"4030","132",1
"4032","01",245
"4032","02",121
"4032","03",52
"4032","04",9
"4032","08",16
"4032","55",51
"4032","05",167
"4032","06",33
"4032","07",6
"4032","122",12
"4032","158",1
"4032","154",6
"4032","152",13
"4032","123",4
"4032","159",5
"4032","153",0
"4032","10",0
"4032","132",0
"4034","01",455
"4034","02",211
"4034","03",70
"4034","04",60
"4034","08",38
"4034","55",61
"4034","05",322
"4034","06",49
"4034","07",7
"4034","122",12
"4034","158",5
"4034","154",8
"4034","152",12
"4034","123",6
"4034","159",12
"4034","153",1
"4034","10",7
"4034","132",0
"4036","01",551
"4036","02",511
"4036","03",136
"4036","04",72
"4036","08",64
"4036","55",166
"4036","05",453
"4036","06",145
"4036","07",25
"4036","122",21
"4036","158",8
"4036","154",19
"4036","152",27
"4036","123",11
"4036","159",36
"4036","153",2
"4036","10",6
"4036","132",5
"4201","01",1401
"4201","02",974
"4201","03",624
"4201","04",143
"4201","08",138
"4201","55",224
"4201","05",176
"4201","06",129
"4201","07",115
"4201","122",32
"4201","158",10
"4201","154",24
"4201","152",22
"4201","123",10
"4201","159",7
"4201","153",3
"4201","10",24
"4201","132",5
"4202","01",3411
"4202","02",3937
"4202","03",2002
"4202","04",1678
"4202","08",602
"4202","55",590
"4202","05",518
"4202","06",598
"4202","07",445
"4202","122",71
"4202","158",30
"4202","154",81
"4202","152",118
"4202","123",186
"4202","159",20
"4202","153",22
"4202","10",82
"4202","132",15
"4203","01",8243
"4203","02",7588
"4203","03",3815
"4203","04",1436
"4203","08",994
"4203","55",1320
"4203","05",759
"4203","06",1275
"4203","07",719
"4203","122",180
"4203","158",58
"4203","154",150
"4203","152",155
"4203","123",250
"4203","159",62
"4203","153",24
"4203","10",213
"4203","132",35
"4204","01",17402
"4204","02",16686
"4204","03",10630
"4204","04",8446
"4204","08",3101
"4204","55",3067
"4204","05",1532
"4204","06",3220
"4204","07",2487
"4204","122",331
"4204","158",158
"4204","154",351
"4204","152",255
"4204","123",743
"4204","09",39
"4204","159",80
"4204","153",200
"4204","10",597
"4204","132",86
"4205","01",2775
"4205","02",4304
"4205","03",1702
"4205","04",1451
"4205","08",381
"4205","55",524
"4205","05",885
"4205","06",472
"4205","07",527
"4205","122",70
"4205","158",29
"4205","154",108
"4205","152",113
"4205","123",186
"4205","09",4
"4205","159",26
"4205","153",14
"4205","10",92
"4205","132",30
"4206","01",1232
"4206","02",2099
"4206","03",650
"4206","04",610
"4206","08",111
"4206","55",195
"4206","05",333
"4206","06",191
"4206","07",142
"4206","122",44
"4206","158",17
"4206","154",37
"4206","152",37
"4206","123",85
"4206","09",1
"4206","159",4
"4206","153",5
"4206","10",33
"4206","132",5
"4207","01",1068
"4207","02",1930
"4207","03",694
"4207","04",582
"4207","08",104
"4207","55",193
"4207","05",293
"4207","06",154
"4207","07",102
"4207","122",37
"4207","158",17
"4207","154",29
"4207","152",33
"4207","123",43
"4207","09",0
"4207","159",3
"4207","153",5
"4207","10",19
"4207","132",3
"4211","01",414
"4211","02",424
"4211","03",149
"4211","04",74
"4211","08",30
"4211","55",80
"4211","05",187
"4211","06",28
"4211","07",17
"4211","122",10
"4211","158",3
"4211","154",10
"4211","152",11
"4211","123",5
"4211","159",3
"4211","153",3
"4211","10",9
"4211","132",1
"4212","01",345
"4212","02",323
"4212","03",89
"4212","04",224
"4212","08",15
"4212","55",51
"4212","05",164
"4212","06",31
"4212","07",16
"4212","122",14
"4212","158",2
"4212","154",14
"4212","152",13
"4212","123",20
"4212","159",3
"4212","153",2
"4212","10",6
"4212","132",0
"4213","01",1027
"4213","02",1133
"4213","03",516
"4213","04",248
"4213","08",119
"4213","55",193
"4213","05",207
"4213","06",125
"4213","07",104
"4213","122",31
"4213","158",10
"4213","154",31
"4213","152",26
"4213","123",22
"4213","159",7
"4213","153",11
"4213","10",27
"4213","132",3
"4214","01",861
"4214","02",1276
"4214","03",246
"4214","04",374
"4214","08",67
"4214","55",129
"4214","05",227
"4214","06",82
"4214","07",41
"4214","122",31
"4214","158",7
"4214","154",25
"4214","152",51
"4214","123",132
"4214","159",12
"4214","153",5
"4214","10",26
"4214","132",3
"4215","01",1649
"4215","02",1837
"4215","03",1097
"4215","04",638
"4215","08",305
"4215","55",335
"4215","05",188
"4215","06",322
"4215","07",253
"4215","122",32
"4215","158",13
"4215","154",53
"4215","152",29
"4215","123",68
"4215","159",6
"4215","153",13
"4215","10",94
"4215","132",11
"4216","01",567
"4216","02",965
"4216","03",327
"4216","04",400
"4216","08",67
"4216","55",118
"4216","05",291
"4216","06",70
"4216","07",48
"4216","122",6
"4216","158",3
"4216","154",33
"4216","152",46
"4216","123",54
"4216","159",6
"4216","153",3
"4216","10",19
"4216","132",3
"4217","01",308
"4217","02",237
"4217","03",52
"4217","04",69
"4217","08",10
"4217","55",67
"4217","05",174
"4217","06",28
"4217","07",15
"4217","122",14
"4217","158",2
"4217","154",9
"4217","152",13
"4217","123",30
"4217","159",1
"4217","153",1
"4217","10",5
"4217","132",1
"4218","01",118
"4218","02",242
"4218","03",40
"4218","04",125
"4218","08",12
"4218","55",27
"4218","05",125
"4218","06",13
"4218","07",10
"4218","122",11
"4218","158",2
"4218","154",13
"4218","152",9
"4218","123",26
"4218","159",4
"4218","153",0
"4218","10",6
"4218","132",3
"4219","01",549
"4219","02",595
"4219","03",207
"4219","04",271
"4219","08",29
"4219","55",83
"4219","05",223
"4219","06",54
"4219","07",32
"4219","122",18
"4219","158",5
"4219","154",22
"4219","152",11
"4219","123",39
"4219","159",1
"4219","153",2
"4219","10",13
"4219","132",4
"4220","01",158
"4220","02",126
"4220","03",66
"4220","04",59
"4220","08",13
"4220","55",32
"4220","05",183
"4220","06",21
"4220","07",13
"4220","122",5
"4220","158",2
"4220","154",6
"4220","152",4
"4220","123",19
"4220","159",2
"4220","153",2
"4220","10",7
"4220","132",1
"4221","01",152
"4221","02",221
"4221","03",66
"4221","04",50
"4221","08",12
"4221","55",23
"4221","05",154
"4221","06",11
"4221","07",9
"4221","122",7
"4221","158",3
"4221","154",5
"4221","152",5
"4221","123",10
"4221","159",2
"4221","153",1
"4221","10",7
"4221","132",1
"4222","01",143
"4222","02",123
"4222","03",79
"4222","04",35
"4222","08",19
"4222","55",33
"4222","05",79
"4222","06",24
"4222","07",18
"4222","122",5
"4222","158",1
"4222","154",6
"4222","152",3
"4222","123",8
"4222","159",2
"4222","153",1
"4222","10",2
"4222","132",2
"4223","01",1874
"4223","02",2825
"4223","03",771
"4223","04",1665
"4223","08",133
"4223","55",278
"4223","05",484
"4223","06",242
"4223","07",143
"4223","122",93
"4223","158",17
"4223","154",54
"4223","152",42
"4223","123",207
"4223","09",5
"4223","159",15
"4223","153",24
"4223","10",88
"4223","132",10
"4224","01",107
"4224","02",128
"4224","03",30
"4224","04",86
"4224","08",3
"4224","55",13
"4224","05",132
"4224","06",11
"4224","07",4
"4224","122",5
"4224","158",1
"4224","154",3
"4224","152",4
"4224","123",11
"4224","09",0
"4224","159",6
"4224","153",2
"4224","10",1
"4224","132",1
"4225","01",885
"4225","02",2075
"4225","03",654
"4225","04",1293
"4225","08",92
"4225","55",166
"4225","05",395
"4225","06",93
"4225","07",102
"4225","122",56
"4225","158",5
"4225","154",30
"4225","152",55
"4225","123",125
"4225","09",0
"4225","159",5
"4225","153",9
"4225","10",23
"4225","132",4
"4226","01",106
"4226","02",347
"4226","03",72
"4226","04",279
"4226","08",9
"4226","55",27
"4226","05",155
"4226","06",9
"4226","07",8
"4226","122",5
"4226","158",0
"4226","154",6
"4226","152",7
"4226","123",41
"4226","09",0
"4226","159",1
"4226","153",4
"4226","10",2
"4226","132",0
"4227","01",741
"4227","02",1228
"4227","03",291
"4227","04",445
"4227","08",83
"4227","55",128
"4227","05",285
"4227","06",74
"4227","07",37
"4227","122",35
"4227","158",5
"4227","154",31
"4227","152",39
"4227","123",66
"4227","09",1
"4227","159",4
"4227","153",3
"4227","10",17
"4227","132",7
"4228","01",182
"4228","02",328
"4228","03",115
"4228","04",146
"4228","08",23
"4228","55",45
"4228","05",169
"4228","06",16
"4228","07",29
"4228","122",11
"4228","158",1
"4228","154",5
"4228","152",6
"4228","123",18
"4228","09",0
"4228","159",1
"4228","153",4
"4228","10",5
"4228","132",0
"1101","01",1975
"1101","02",2666
"1101","03",1229
"1101","04",881
"1101","08",150
"1101","55",384
"1101","05",546
"1101","06",280
"1101","07",190
"1101","122",44
"1101","158",9
"1101","154",38
"1101","152",64
"1101","123",67
"1101","159",15
"1101","153",5
"1101","10",59
"1101","132",14
"1103","01",24184
"1103","02",19830
"1103","03",15400
"1103","04",4151
"1103","08",3319
"1103","55",6150
"1103","05",2042
"1103","06",3873
"1103","07",3175
"1103","122",476
"1103","158",248
"1103","154",420
"1103","152",476
"1103","123",366
"1103","159",99
"1103","153",96
"1103","10",575
"1103","132",107
"1106","01",5865
"1106","02",6008
"1106","03",3855
"1106","04",854
"1106","08",701
"1106","55",1158
"1106","05",423
"1106","06",900
"1106","07",596
"1106","122",156
"1106","158",72
"1106","154",192
"1106","152",174
"1106","123",167
"1106","159",48
"1106","153",21
"1106","10",266
"1106","132",45
"1108","01",10735
"1108","02",13120
"1108","03",6726
"1108","04",3919
"1108","08",1314
"1108","55",2521
"1108","05",1553
"1108","06",1717
"1108","07",1282
"1108","122",338
"1108","158",138
"1108","154",274
"1108","152",263
"1108","123",389
"1108","159",69
"1108","153",100
"1108","10",344
"1108","132",74
"1111","01",364
"1111","02",719
"1111","03",170
"1111","04",391
"1111","08",23
"1111","55",67
"1111","05",146
"1111","06",38
"1111","07",22
"1111","122",3
"1111","158",9
"1111","154",4
"1111","152",14
"1111","123",78
"1111","159",5
"1111","153",1
"1111","10",3
"1111","132",0
"1112","01",364
"1112","02",605
"1112","03",142
"1112","04",323
"1112","08",24
"1112","55",73
"1112","05",209
"1112","06",21
"1112","07",26
"1112","122",22
"1112","158",4
"1112","154",11
"1112","152",20
"1112","123",53
"1112","159",2
"1112","153",1
"1112","10",14
"1112","132",1
"1114","01",221
"1114","02",390
"1114","03",171
"1114","04",272
"1114","08",24
"1114","55",74
"1114","05",401
"1114","06",32
"1114","07",22
"1114","122",9
"1114","158",4
"1114","154",10
"1114","152",13
"1114","123",16
"1114","159",1
"1114","153",1
"1114","10",5
"1114","132",4
"1119","01",1626
"1119","02",3569
"1119","03",1151
"1119","04",1931
"1119","08",97
"1119","55",354
"1119","05",1219
"1119","06",263
"1119","07",99
"1119","122",91
"1119","158",12
"1119","154",57
"1119","152",64
"1119","123",213
"1119","159",14
"1119","153",20
"1119","10",70
"1119","132",22
"1120","01",1921
"1120","02",4150
"1120","03",1506
"1120","04",1409
"1120","08",213
"1120","55",469
"1120","05",894
"1120","06",379
"1120","07",229
"1120","122",128
"1120","158",26
"1120","154",95
"1120","152",96
"1120","123",129
"1120","159",28
"1120","153",18
"1120","10",67
"1120","132",17
"1121","01",2416
"1121","02",3239
"1121","03",1903
"1121","04",1317
"1121","08",254
"1121","55",506
"1121","05",1015
"1121","06",487
"1121","07",275
"1121","122",112
"1121","158",23
"1121","154",48
"1121","152",91
"1121","123",118
"1121","159",13
"1121","153",11
"1121","10",65
"1121","132",14
"1122","01",1428
"1122","02",2057
"1122","03",770
"1122","04",862
"1122","08",111
"1122","55",348
"1122","05",535
"1122","06",238
"1122","07",100
"1122","122",52
"1122","158",24
"1122","154",43
"1122","152",65
"1122","123",66
"1122","159",9
"1122","153",14
"1122","10",45
"1122","132",7
"1124","01",3192
"1124","02",5350
"1124","03",3110
"1124","04",1179
"1124","08",355
"1124","55",652
"1124","05",528
"1124","06",472
"1124","07",431
"1124","122",105
"1124","158",31
"1124","154",80
"1124","152",141
"1124","123",90
"1124","159",29
"1124","153",21
"1124","10",98
"1124","132",34
"1127","01",1531
"1127","02",1903
"1127","03",1084
"1127","04",780
"1127","08",146
"1127","55",271
"1127","05",556
"1127","06",179
"1127","07",150
"1127","122",48
"1127","158",14
"1127","154",45
"1127","152",43
"1127","123",40
"1127","159",16
"1127","153",9
"1127","10",35
"1127","132",6
"1130","01",1533
"1130","02",2496
"1130","03",952
"1130","04",1119
"1130","08",137
"1130","55",505
"1130","05",426
"1130","06",189
"1130","07",131
"1130","122",52
"1130","158",23
"1130","154",55
"1130","152",113
"1130","123",142
"1130","159",10
"1130","153",8
"1130","10",31
"1130","132",10
"1133","01",256
"1133","02",297
"1133","03",154
"1133","04",196
"1133","08",21
"1133","55",66
"1133","05",373
"1133","06",57
"1133","07",13
"1133","122",10
"1133","158",2
"1133","154",4
"1133","152",16
"1133","123",9
"1133","159",6
"1133","153",3
"1133","10",6
"1133","132",2
"1134","01",570
"1134","02",351
"1134","03",167
"1134","04",205
"1134","08",53
"1134","55",131
"1134","05",531
"1134","06",147
"1134","07",30
"1134","122",17
"1134","158",7
"1134","154",11
"1134","152",14
"1134","123",20
"1134","159",6
"1134","153",3
"1134","10",4
"1134","132",9
"1135","01",968
"1135","02",564
"1135","03",271
"1135","04",93
"1135","08",41
"1135","55",239
"1135","05",264
"1135","06",125
"1135","07",27
"1135","122",12
"1135","158",1
"1135","154",14
"1135","152",17
"1135","123",23
"1135","159",9
"1135","153",6
"1135","10",6
"1135","132",4
"1144","01",93
"1144","02",71
"1144","03",48
"1144","04",80
"1144","08",10
"1144","55",15
"1144","05",23
"1144","06",7
"1144","07",3
"1144","122",0
"1144","158",0
"1144","154",1
"1144","152",10
"1144","123",3
"1144","159",2
"1144","153",1
"1144","10",0
"1144","132",0
"1145","01",110
"1145","02",162
"1145","03",77
"1145","04",28
"1145","08",2
"1145","55",14
"1145","05",129
"1145","06",15
"1145","07",3
"1145","122",5
"1145","158",0
"1145","154",4
"1145","152",5
"1145","123",4
"1145","159",1
"1145","153",0
"1145","10",2
"1145","132",0
"1146","01",1490
"1146","02",2276
"1146","03",815
"1146","04",518
"1146","08",190
"1146","55",323
"1146","05",547
"1146","06",167
"1146","07",122
"1146","122",60
"1146","158",15
"1146","154",50
"1146","152",96
"1146","123",72
"1146","159",17
"1146","153",7
"1146","10",58
"1146","132",10
"1149","01",4826
"1149","02",9782
"1149","03",2963
"1149","04",2681
"1149","08",479
"1149","55",983
"1149","05",786
"1149","06",660
"1149","07",448
"1149","122",191
"1149","158",45
"1149","154",182
"1149","152",249
"1149","123",338
"1149","159",67
"1149","153",27
"1149","10",220
"1149","132",34
"1151","01",48
"1151","02",25
"1151","03",10
"1151","04",1
"1151","08",4
"1151","55",11
"1151","05",32
"1151","06",6
"1151","07",4
"1151","122",0
"1151","158",0
"1151","154",1
"1151","152",4
"1151","123",3
"1151","159",1
"1151","153",0
"1151","10",2
"1151","132",0
"1160","01",1023
"1160","02",1390
"1160","03",606
"1160","04",398
"1160","08",85
"1160","55",201
"1160","05",905
"1160","06",148
"1160","07",75
"1160","122",28
"1160","158",4
"1160","154",33
"1160","152",45
"1160","123",62
"1160","159",12
"1160","153",6
"1160","10",30
"1160","132",5
"4601","01",50393
"4601","02",34497
"4601","03",33251
"4601","04",6525
"4601","08",11529
"4601","55",9891
"4601","05",3433
"4601","06",13068
"4601","07",7787
"4601","122",952
"4601","158",470
"4601","154",1930
"4601","152",524
"4601","123",690
"4601","159",175
"4601","153",173
"4601","10",1435
"4601","132",235
"4602","01",2822
"4602","02",2792
"4602","03",1356
"4602","04",307
"4602","08",257
"4602","55",379
"4602","05",657
"4602","06",362
"4602","07",338
"4602","122",58
"4602","158",22
"4602","154",94
"4602","152",30
"4602","123",53
"4602","159",31
"4602","153",6
"4602","10",50
"4602","132",12
"4611","01",492
"4611","02",723
"4611","03",247
"4611","04",163
"4611","08",39
"4611","55",108
"4611","05",362
"4611","06",72
"4611","07",52
"4611","122",13
"4611","158",6
"4611","154",17
"4611","152",12
"4611","123",23
"4611","159",8
"4611","153",4
"4611","10",14
"4611","132",5
"4612","01",695
"4612","02",1156
"4612","03",431
"4612","04",237
"4612","08",72
"4612","55",149
"4612","05",270
"4612","06",134
"4612","07",73
"4612","122",42
"4612","158",13
"4612","154",30
"4612","152",30
"4612","123",30
"4612","159",11
"4612","153",5
"4612","10",19
"4612","132",11
"4613","01",1624
"4613","02",2321
"4613","03",993
"4613","04",880
"4613","08",162
"4613","55",242
"4613","05",393
"4613","06",206
"4613","07",127
"4613","122",26
"4613","158",10
"4613","154",64
"4613","152",43
"4613","123",113
"4613","159",17
"4613","153",5
"4613","10",33
"4613","132",64
"4614","01",3466
"4614","02",2656
"4614","03",1710
"4614","04",722
"4614","08",283
"4614","55",481
"4614","05",456
"4614","06",554
"4614","07",233
"4614","122",68
"4614","158",24
"4614","154",96
"4614","152",62
"4614","123",88
"4614","159",33
"4614","153",24
"4614","10",69
"4614","132",20
"4615","01",366
"4615","02",626
"4615","03",265
"4615","04",330
"4615","08",30
"4615","55",43
"4615","05",192
"4615","06",49
"4615","07",27
"4615","122",8
"4615","158",3
"4615","154",19
"4615","152",17
"4615","123",22
"4615","159",11
"4615","153",2
"4615","10",10
"4615","132",1
"4616","01",384
"4616","02",495
"4616","03",372
"4616","04",84
"4616","08",44
"4616","55",67
"4616","05",170
"4616","06",106
"4616","07",30
"4616","122",20
"4616","158",2
"4616","154",21
"4616","152",6
"4616","123",20
"4616","159",5
"4616","153",1
"4616","10",12
"4616","132",6
"4617","01",1977
"4617","02",2197
"4617","03",1145
"4617","04",375
"4617","08",183
"4617","55",358
"4617","05",761
"4617","06",310
"4617","07",134
"4617","122",41
"4617","158",17
"4617","154",63
"4617","152",115
"4617","123",64
"4617","159",21
"4617","153",8
"4617","10",63
"4617","132",9
"4618","01",2141
"4618","02",1388
"4618","03",607
"4618","04",178
"4618","08",137
"4618","55",541
"4618","05",937
"4618","06",174
"4618","07",102
"4618","122",32
"4618","158",25
"4618","154",52
"4618","152",47
"4618","123",19
"4618","159",16
"4618","153",4
"4618","10",31
"4618","132",18
"4619","01",168
"4619","02",131
"4619","03",64
"4619","04",18
"4619","08",7
"4619","55",21
"4619","05",90
"4619","06",20
"4619","07",10
"4619","122",8
"4619","158",0
"4619","154",6
"4619","152",5
"4619","123",0
"4619","159",1
"4619","153",0
"4619","10",1
"4619","132",3
"4620","01",175
"4620","02",92
"4620","03",46
"4620","04",19
"4620","08",19
"4620","55",44
"4620","05",129
"4620","06",54
"4620","07",37
"4620","122",2
"4620","158",2
"4620","154",6
"4620","152",6
"4620","123",3
"4620","159",1
"4620","153",0
"4620","10",2
"4620","132",1
"4621","01",2755
"4621","02",1805
"4621","03",979
"4621","04",310
"4621","08",410
"4621","55",491
"4621","05",1445
"4621","06",599
"4621","07",250
"4621","122",67
"4621","158",33
"4621","154",90
"4621","152",232
"4621","123",30
"4621","159",22
"4621","153",14
"4621","10",55
"4621","132",26
"4622","01",1283
"4622","02",1304
"4622","03",594
"4622","04",376
"4622","08",206
"4622","55",254
"4622","05",633
"4622","06",161
"4622","07",150
"4622","122",36
"4622","158",9
"4622","154",40
"4622","152",35
"4622","123",47
"4622","159",5
"4622","153",6
"4622","10",55
"4622","132",5
"4623","01",426
"4623","02",450
"4623","03",132
"4623","04",107
"4623","08",49
"4623","55",74
"4623","05",122
"4623","06",37
"4623","07",27
"4623","122",8
"4623","158",4
"4623","154",20
"4623","152",15
"4623","123",15
"4623","159",6
"4623","153",0
"4623","10",8
"4623","132",4
"4624","01",3438
"4624","02",4922
"4624","03",2521
"4624","04",704
"4624","08",617
"4624","55",572
"4624","05",754
"4624","06",612
"4624","07",463
"4624","122",129
"4624","158",51
"4624","154",240
"4624","152",135
"4624","123",79
"4624","159",30
"4624","153",18
"4624","10",138
"4624","132",33
"4625","01",447
"4625","02",1271
"4625","03",704
"4625","04",202
"4625","08",57
"4625","55",85
"4625","05",63
"4625","06",64
"4625","07",66
"4625","122",20
"4625","158",5
"4625","154",22
"4625","152",11
"4625","123",37
"4625","159",1
"4625","153",5
"4625","10",25
"4625","132",6
"4626","01",4961
"4626","02",8156
"4626","03",3986
"4626","04",1869
"4626","08",574
"4626","55",814
"4626","05",613
"4626","06",786
"4626","07",530
"4626","122",159
"4626","158",49
"4626","154",275
"4626","152",167
"4626","123",177
"4626","159",53
"4626","153",20
"4626","10",254
"4626","132",47
"4627","01",4718
"4627","02",5350
"4627","03",2952
"4627","04",731
"4627","08",599
"4627","55",714
"4627","05",387
"4627","06",843
"4627","07",472
"4627","122",105
"4627","158",34
"4627","154",252
"4627","152",91
"4627","123",82
"4627","159",22
"4627","153",12
"4627","10",242
"4627","132",35
"4628","01",746
"4628","02",542
"4628","03",242
"4628","04",94
"4628","08",70
"4628","55",144
"4628","05",232
"4628","06",136
"4628","07",27
"4628","122",29
"4628","158",2
"4628","154",25
"4628","152",26
"4628","123",14
"4628","159",5
"4628","153",3
"4628","10",13
"4628","132",2
"4629","01",42
"4629","02",43
"4629","03",29
"4629","04",12
"4629","08",10
"4629","55",13
"4629","05",43
"4629","06",10
"4629","07",6
"4629","122",4
"4629","158",0
"4629","154",2
"4629","152",1
"4629","123",1
"4629","159",1
"4629","153",0
"4629","10",2
"4629","132",1
"4630","01",1149
"4630","02",1369
"4630","03",643
"4630","04",319
"4630","08",156
"4630","55",196
"4630","05",454
"4630","06",176
"4630","07",129
"4630","122",43
"4630","158",8
"4630","154",66
"4630","152",28
"4630","123",54
"4630","159",4
"4630","153",8
"4630","10",31
"4630","132",6
"4631","01",4227
"4631","02",4955
"4631","03",2393
"4631","04",1682
"4631","08",498
"4631","55",732
"4631","05",1499
"4631","06",621
"4631","07",352
"4631","122",127
"4631","158",26
"4631","154",225
"4631","152",100
"4631","123",178
"4631","159",31
"4631","153",7
"4631","10",181
"4631","132",42
"4632","01",436
"4632","02",535
"4632","03",293
"4632","04",100
"4632","08",28
"4632","55",59
"4632","05",136
"4632","06",45
"4632","07",24
"4632","122",7
"4632","158",3
"4632","154",20
"4632","152",4
"4632","123",5
"4632","159",8
"4632","153",2
"4632","10",15
"4632","132",1
"4633","01",98
"4633","02",80
"4633","03",52
"4633","04",49
"4633","08",6
"4633","55",5
"4633","05",12
"4633","06",12
"4633","07",3
"4633","122",4
"4633","158",0
"4633","154",1
"4633","152",1
"4633","123",9
"4633","159",1
"4633","153",0
"4633","10",7
"4633","132",0
"4634","01",245
"4634","02",308
"4634","03",158
"4634","04",41
"4634","08",17
"4634","55",47
"4634","05",146
"4634","06",26
"4634","07",15
"4634","122",10
"4634","158",5
"4634","154",7
"4634","152",8
"4634","123",7
"4634","159",1
"4634","153",1
"4634","10",8
"4634","132",1
"4635","01",321
"4635","02",337
"4635","03",162
"4635","04",72
"4635","08",29
"4635","55",49
"4635","05",291
"4635","06",24
"4635","07",25
"4635","122",9
"4635","158",5
"4635","154",19
"4635","152",8
"4635","123",6
"4635","159",8
"4635","153",2
"4635","10",10
"4635","132",2
"4636","01",124
"4636","02",98
"4636","03",73
"4636","04",8
"4636","08",11
"4636","55",15
"4636","05",76
"4636","06",16
"4636","07",21
"4636","122",3
"4636","158",1
"4636","154",6
"4636","152",4
"4636","123",2
"4636","159",0
"4636","153",0
"4636","10",6
"4636","132",1
"4637","01",257
"4637","02",125
"4637","03",54
"4637","04",29
"4637","08",15
"4637","55",46
"4637","05",188
"4637","06",10
"4637","07",5
"4637","122",10
"4637","158",1
"4637","154",5
"4637","152",7
"4637","123",4
"4637","159",0
"4637","153",1
"4637","10",2
"4637","132",1
"4638","01",813
"4638","02",455
"4638","03",189
"4638","04",39
"4638","08",42
"4638","55",254
"4638","05",324
"4638","06",85
"4638","07",22
"4638","122",25
"4638","158",3
"4638","154",12
"4638","152",18
"4638","123",9
"4638","159",3
"4638","153",4
"4638","10",16
"4638","132",13
"4639","01",557
"4639","02",247
"4639","03",83
"4639","04",39
"4639","08",29
"4639","55",47
"4639","05",375
"4639","06",46
"4639","07",14
"4639","122",5
"4639","158",3
"4639","154",7
"4639","152",15
"4639","123",6
"4639","159",7
"4639","153",3
"4639","10",2
"4639","132",2
"4640","01",2527
"4640","02",1280
"4640","03",610
"4640","04",394
"4640","08",375
"4640","55",277
"4640","05",970
"4640","06",445
"4640","07",191
"4640","122",28
"4640","158",12
"4640","154",44
"4640","152",16
"4640","123",16
"4640","159",5
"4640","153",8
"4640","10",27
"4640","132",9
"4641","01",335
"4641","02",178
"4641","03",102
"4641","04",17
"4641","08",53
"4641","55",36
"4641","05",158
"4641","06",40
"4641","07",37
"4641","122",7
"4641","158",1
"4641","154",18
"4641","152",4
"4641","123",0
"4641","159",1
"4641","153",3
"4641","10",5
"4641","132",0
"4642","01",436
"4642","02",258
"4642","03",117
"4642","04",20
"4642","08",37
"4642","55",54
"4642","05",278
"4642","06",54
"4642","07",24
"4642","122",6
"4642","158",0
"4642","154",8
"4642","152",8
"4642","123",4
"4642","159",2
"4642","153",0
"4642","10",6
"4642","132",2
"4643","01",1820
"4643","02",480
"4643","03",191
"4643","04",25
"4643","08",71
"4643","55",118
"4643","05",232
"4643","06",83
"4643","07",31
"4643","122",15
"4643","158",4
"4643","154",18
"4643","152",15
"4643","123",7
"4643","159",7
"4643","153",0
"4643","10",10
"4643","132",5
"4644","01",1291
"4644","02",470
"4644","03",200
"4644","04",237
"4644","08",88
"4644","55",104
"4644","05",655
"4644","06",94
"4644","07",46
"4644","122",23
"4644","158",6
"4644","154",18
"4644","152",10
"4644","123",14
"4644","159",2
"4644","153",2
"4644","10",11
"4644","132",2
"4645","01",414
"4645","02",371
"4645","03",176
"4645","04",83
"4645","08",37
"4645","55",55
"4645","05",363
"4645","06",102
"4645","07",55
"4645","122",18
"4645","158",3
"4645","154",20
"4645","152",7
"4645","123",8
"4645","159",4
"4645","153",0
"4645","10",9
"4645","132",2
"4646","01",441
"4646","02",246
"4646","03",149
"4646","04",49
"4646","08",84
"4646","55",74
"4646","05",339
"4646","06",96
"4646","07",50
"4646","122",8
"4646","158",10
"4646","154",14
"4646","152",5
"4646","123",10
"4646","159",3
"4646","153",0
"4646","10",4
"4646","132",1
"4647","01",4086
"4647","02",2404
"4647","03",1520
"4647","04",532
"4647","08",571
"4647","55",536
"4647","05",2157
"4647","06",728
"4647","07",406
"4647","122",82
"4647","158",30
"4647","154",146
"4647","152",45
"4647","123",65
"4647","159",17
"4647","153",20
"4647","10",50
"4647","132",20
"4648","01",590
"4648","02",518
"4648","03",207
"4648","04",80
"4648","08",31
"4648","55",106
"4648","05",272
"4648","06",86
"4648","07",64
"4648","122",8
"4648","158",1
"4648","154",16
"4648","152",8
"4648","123",1
"4648","159",1
"4648","153",5
"4648","10",10
"4648","132",11
"4649","01",1234
"4649","02",1584
"4649","03",532
"4649","04",316
"4649","08",160
"4649","55",175
"4649","05",1017
"4649","06",166
"4649","07",341
"4649","122",28
"4649","158",8
"4649","154",37
"4649","152",32
"4649","123",25
"4649","159",12
"4649","153",4
"4649","10",17
"4649","132",2
"4650","01",752
"4650","02",492
"4650","03",291
"4650","04",325
"4650","08",126
"4650","55",113
"4650","05",1126
"4650","06",189
"4650","07",83
"4650","122",22
"4650","158",10
"4650","154",21
"4650","152",12
"4650","123",12
"4650","159",4
"4650","153",7
"4650","10",18
"4650","132",4
"4651","01",959
"4651","02",980
"4651","03",495
"4651","04",163
"4651","08",83
"4651","55",104
"4651","05",767
"4651","06",99
"4651","07",114
"4651","122",35
"4651","158",9
"4651","154",28
"4651","152",15
"4651","123",31
"4651","159",3
"4651","153",4
"4651","10",10
"4651","132",8
"1505","01",4588
"1505","02",4473
"1505","03",960
"1505","04",269
"1505","08",390
"1505","55",858
"1505","05",595
"1505","06",624
"1505","07",597
"1505","122",110
"1505","158",28
"1505","154",101
"1505","152",123
"1505","123",37
"1505","159",35
"1505","153",12
"1505","10",79
"1505","132",21
"1506","01",4755
"1506","02",4706
"1506","03",3276
"1506","04",1289
"1506","08",997
"1506","55",743
"1506","05",1259
"1506","06",935
"1506","07",661
"1506","122",125
"1506","158",38
"1506","154",151
"1506","152",88
"1506","123",117
"1506","159",36
"1506","153",17
"1506","10",119
"1506","132",32
"1508","01",7673
"1508","02",11691
"1508","03",5582
"1508","04",2447
"1508","08",1185
"1508","55",1041
"1508","05",877
"1508","06",1179
"1508","07",1312
"1508","122",180
"1508","158",79
"1508","154",206
"1508","152",139
"1508","123",205
"1508","159",41
"1508","153",35
"1508","10",254
"1508","132",49
"1511","01",354
"1511","02",789
"1511","03",164
"1511","04",142
"1511","08",34
"1511","55",42
"1511","05",232
"1511","06",31
"1511","07",31
"1511","122",1
"1511","158",3
"1511","154",21
"1511","152",40
"1511","123",24
"1511","159",5
"1511","153",0
"1511","10",10
"1511","132",4
"1514","01",282
"1514","02",508
"1514","03",216
"1514","04",77
"1514","08",18
"1514","55",30
"1514","05",99
"1514","06",20
"1514","07",29
"1514","122",16
"1514","158",8
"1514","154",9
"1514","152",4
"1514","123",7
"1514","159",1
"1514","153",0
"1514","10",8
"1514","132",4
"1515","01",799
"1515","02",2290
"1515","03",750
"1515","04",563
"1515","08",87
"1515","55",95
"1515","05",173
"1515","06",93
"1515","07",86
"1515","122",42
"1515","158",10
"1515","154",30
"1515","152",49
"1515","123",55
"1515","159",8
"1515","153",3
"1515","10",30
"1515","132",8
"1516","01",1030
"1516","02",1744
"1516","03",901
"1516","04",467
"1516","08",113
"1516","55",95
"1516","05",219
"1516","06",151
"1516","07",166
"1516","122",30
"1516","158",11
"1516","154",23
"1516","152",62
"1516","123",59
"1516","159",10
"1516","153",3
"1516","10",35
"1516","132",6
"1517","01",543
"1517","02",1097
"1517","03",378
"1517","04",173
"1517","08",58
"1517","55",83
"1517","05",166
"1517","06",81
"1517","07",111
"1517","122",34
"1517","158",15
"1517","154",34
"1517","152",31
"1517","123",19
"1517","159",3
"1517","153",2
"1517","10",23
"1517","132",4
"1520","01",1453
"1520","02",2220
"1520","03",662
"1520","04",359
"1520","08",157
"1520","55",205
"1520","05",703
"1520","06",315
"1520","07",140
"1520","122",79
"1520","158",15
"1520","154",49
"1520","152",63
"1520","123",32
"1520","159",13
"1520","153",7
"1520","10",41
"1520","132",17
"1525","01",505
"1525","02",741
"1525","03",282
"1525","04",158
"1525","08",56
"1525","55",54
"1525","05",366
"1525","06",64
"1525","07",47
"1525","122",8
"1525","158",6
"1525","154",11
"1525","152",15
"1525","123",2
"1525","159",2
"1525","153",2
"1525","10",17
"1525","132",3
"1528","01",930
"1528","02",1586
"1528","03",650
"1528","04",316
"1528","08",97
"1528","55",121
"1528","05",309
"1528","06",137
"1528","07",133
"1528","122",24
"1528","158",13
"1528","154",22
"1528","152",36
"1528","123",26
"1528","159",2
"1528","153",3
"1528","10",34
"1528","132",5
"1531","01",1076
"1531","02",2143
"1531","03",749
"1531","04",611
"1531","08",115
"1531","55",111
"1531","05",133
"1531","06",170
"1531","07",118
"1531","122",31
"1531","158",12
"1531","154",25
"1531","152",21
"1531","123",54
"1531","159",14
"1531","153",4
"1531","10",32
"1531","132",3
"1532","01",865
"1532","02",1800
"1532","03",671
"1532","04",887
"1532","08",135
"1532","55",103
"1532","05",198
"1532","06",129
"1532","07",140
"1532","122",32
"1532","158",6
"1532","154",30
"1532","152",28
"1532","123",34
"1532","159",4
"1532","153",1
"1532","10",25
"1532","132",5
"1535","01",794
"1535","02",1560
"1535","03",436
"1535","04",231
"1535","08",74
"1535","55",122
"1535","05",482
"1535","06",150
"1535","07",89
"1535","122",31
"1535","158",8
"1535","154",47
"1535","152",44
"1535","123",26
"1535","159",9
"1535","153",3
"1535","10",28
"1535","132",4
"1539","01",982
"1539","02",1242
"1539","03",443
"1539","04",192
"1539","08",182
"1539","55",152
"1539","05",435
"1539","06",272
"1539","07",92
"1539","122",38
"1539","158",11
"1539","154",18
"1539","152",21
"1539","123",9
"1539","159",6
"1539","153",6
"1539","10",17
"1539","132",13
"1547","01",490
"1547","02",439
"1547","03",270
"1547","04",264
"1547","08",53
"1547","55",57
"1547","05",236
"1547","06",51
"1547","07",55
"1547","122",25
"1547","158",7
"1547","154",18
"1547","152",16
"1547","123",16
"1547","159",9
"1547","153",1
"1547","10",15
"1547","132",0
"1554","01",860
"1554","02",1289
"1554","03",238
"1554","04",147
"1554","08",68
"1554","55",103
"1554","05",270
"1554","06",122
"1554","07",118
"1554","122",33
"1554","158",9
"1554","154",19
"1554","152",55
"1554","123",15
"1554","159",15
"1554","153",4
"1554","10",19
"1554","132",2
"1557","01",383
"1557","02",415
"1557","03",114
"1557","04",82
"1557","08",29
"1557","55",59
"1557","05",322
"1557","06",72
"1557","07",29
"1557","122",8
"1557","158",2
"1557","154",13
"1557","152",6
"1557","123",8
"1557","159",7
"1557","153",1
"1557","10",11
"1557","132",0
"1560","01",510
"1560","02",482
"1560","03",106
"1560","04",59
"1560","08",66
"1560","55",80
"1560","05",323
"1560","06",70
"1560","07",33
"1560","122",25
"1560","158",4
"1560","154",15
"1560","152",24
"1560","123",4
"1560","159",7
"1560","153",2
"1560","10",8
"1560","132",3
"1563","01",1764
"1563","02",852
"1563","03",324
"1563","04",120
"1563","08",92
"1563","55",156
"1563","05",374
"1563","06",226
"1563","07",112
"1563","122",19
"1563","158",11
"1563","154",10
"1563","152",21
"1563","123",5
"1563","159",9
"1563","153",2
"1563","10",16
"1563","132",3
"1566","01",1128
"1566","02",748
"1566","03",279
"1566","04",105
"1566","08",90
"1566","55",145
"1566","05",620
"1566","06",95
"1566","07",40
"1566","122",13
"1566","158",8
"1566","154",24
"1566","152",25
"1566","123",11
"1566","159",7
"1566","153",3
"1566","10",24
"1566","132",1
"1573","01",342
"1573","02",365
"1573","03",76
"1573","04",33
"1573","08",17
"1573","55",53
"1573","05",228
"1573","06",39
"1573","07",23
"1573","122",15
"1573","158",1
"1573","154",10
"1573","152",8
"1573","123",11
"1573","159",8
"1573","153",4
"1573","10",9
"1573","132",3
"1576","01",528
"1576","02",528
"1576","03",167
"1576","04",97
"1576","08",53
"1576","55",99
"1576","05",300
"1576","06",53
"1576","07",39
"1576","122",12
"1576","158",5
"1576","154",16
"1576","152",32
"1576","123",14
"1576","159",14
"1576","153",1
"1576","10",12
"1576","132",1
"1577","01",1509
"1577","02",1613
"1577","03",582
"1577","04",562
"1577","08",386
"1577","55",336
"1577","05",755
"1577","06",482
"1577","07",182
"1577","122",45
"1577","158",28
"1577","154",43
"1577","152",49
"1577","123",56
"1577","159",12
"1577","153",7
"1577","10",36
"1577","132",11
"1578","01",247
"1578","02",431
"1578","03",173
"1578","04",60
"1578","08",35
"1578","55",50
"1578","05",329
"1578","06",58
"1578","07",13
"1578","122",9
"1578","158",1
"1578","154",7
"1578","152",6
"1578","123",8
"1578","159",3
"1578","153",1
"1578","10",15
"1578","132",1
"1579","01",1516
"1579","02",3068
"1579","03",834
"1579","04",455
"1579","08",152
"1579","55",243
"1579","05",844
"1579","06",208
"1579","07",158
"1579","122",83
"1579","158",17
"1579","154",83
"1579","152",59
"1579","123",65
"1579","159",29
"1579","153",8
"1579","10",47
"1579","132",19
"1580","01",1086
"1580","02",1902
"1580","03",538
"1580","04",434
"1580","08",92
"1580","55",182
"1580","05",641
"1580","06",138
"1580","07",105
"1580","122",37
"1580","158",17
"1580","154",31
"1580","152",58
"1580","123",39
"1580","159",11
"1580","153",8
"1580","10",36
"1580","132",7
"5001","01",42365
"5001","02",22730
"5001","03",18439
"5001","04",2792
"5001","08",9933
"5001","55",9108
"5001","05",3684
"5001","06",11314
"5001","07",6051
"5001","122",774
"5001","158",333
"5001","154",676
"5001","152",491
"5001","123",244
"5001","159",159
"5001","153",156
"5001","10",1773
"5001","132",245
"5006","01",5255
"5006","02",2477
"5006","03",996
"5006","04",195
"5006","08",298
"5006","55",978
"5006","05",2493
"5006","06",556
"5006","07",278
"5006","122",112
"5006","158",27
"5006","154",60
"5006","152",163
"5006","123",24
"5006","159",35
"5006","153",6
"5006","10",159
"5006","132",25
"5007","01",3277
"5007","02",1871
"5007","03",912
"5007","04",289
"5007","08",225
"5007","55",431
"5007","05",970
"5007","06",398
"5007","07",151
"5007","122",49
"5007","158",11
"5007","154",51
"5007","152",70
"5007","123",45
"5007","159",35
"5007","153",8
"5007","10",79
"5007","132",8
"5014","01",677
"5014","02",868
"5014","03",375
"5014","04",45
"5014","08",34
"5014","55",133
"5014","05",94
"5014","06",70
"5014","07",61
"5014","122",7
"5014","158",7
"5014","154",21
"5014","152",26
"5014","123",3
"5014","159",8
"5014","153",2
"5014","10",45
"5014","132",3
"5020","01",161
"5020","02",128
"5020","03",34
"5020","04",14
"5020","08",11
"5020","55",35
"5020","05",111
"5020","06",18
"5020","07",9
"5020","122",9
"5020","158",0
"5020","154",1
"5020","152",5
"5020","123",1
"5020","159",2
"5020","153",1
"5020","10",3
"5020","132",1
"5021","01",1274
"5021","02",972
"5021","03",434
"5021","04",200
"5021","08",183
"5021","55",120
"5021","05",656
"5021","06",155
"5021","07",129
"5021","122",34
"5021","158",3
"5021","154",29
"5021","152",22
"5021","123",10
"5021","159",12
"5021","153",3
"5021","10",42
"5021","132",5
"5022","01",425
"5022","02",244
"5022","03",95
"5022","04",130
"5022","08",48
"5022","55",67
"5022","05",348
"5022","06",49
"5022","07",23
"5022","122",13
"5022","158",4
"5022","154",10
"5022","152",8
"5022","123",2
"5022","159",1
"5022","153",1
"5022","10",14
"5022","132",1
"5025","01",1470
"5025","02",434
"5025","03",307
"5025","04",32
"5025","08",116
"5025","55",246
"5025","05",376
"5025","06",293
"5025","07",82
"5025","122",16
"5025","158",5
"5025","154",28
"5025","152",31
"5025","123",3
"5025","159",5
"5025","153",2
"5025","10",36
"5025","132",5
"5026","01",524
"5026","02",221
"5026","03",46
"5026","04",13
"5026","08",14
"5026","55",67
"5026","05",292
"5026","06",31
"5026","07",4
"5026","122",27
"5026","158",2
"5026","154",7
"5026","152",28
"5026","123",0
"5026","159",11
"5026","153",2
"5026","10",25
"5026","132",1
"5027","01",1000
"5027","02",698
"5027","03",234
"5027","04",128
"5027","08",38
"5027","55",96
"5027","05",930
"5027","06",77
"5027","07",46
"5027","122",55
"5027","158",5
"5027","154",11
"5027","152",26
"5027","123",29
"5027","159",3
"5027","153",0
"5027","10",47
"5027","132",4
"5028","01",3000
"5028","02",2655
"5028","03",996
"5028","04",481
"5028","08",275
"5028","55",399
"5028","05",1331
"5028","06",360
"5028","07",196
"5028","122",90
"5028","158",16
"5028","154",58
"5028","152",84
"5028","123",41
"5028","159",24
"5028","153",8
"5028","10",238
"5028","132",17
"5029","01",1603
"5029","02",1185
"5029","03",514
"5029","04",232
"5029","08",137
"5029","55",200
"5029","05",555
"5029","06",258
"5029","07",118
"5029","122",25
"5029","158",3
"5029","154",42
"5029","152",47
"5029","123",16
"5029","159",16
"5029","153",5
"5029","10",80
"5029","132",13
"5031","01",3014
"5031","02",1890
"5031","03",1118
"5031","04",199
"5031","08",456
"5031","55",443
"5031","05",433
"5031","06",481
"5031","07",288
"5031","122",65
"5031","158",10
"5031","154",39
"5031","152",59
"5031","123",18
"5031","159",20
"5031","153",11
"5031","10",138
"5031","132",11
"5032","01",849
"5032","02",553
"5032","03",257
"5032","04",30
"5032","08",38
"5032","55",82
"5032","05",450
"5032","06",125
"5032","07",31
"5032","122",30
"5032","158",6
"5032","154",11
"5032","152",14
"5032","123",1
"5032","159",6
"5032","153",0
"5032","10",17
"5032","132",5
"5033","01",144
"5033","02",103
"5033","03",21
"5033","04",3
"5033","08",7
"5033","55",24
"5033","05",166
"5033","06",15
"5033","07",7
"5033","122",2
"5033","158",1
"5033","154",2
"5033","152",4
"5033","123",0
"5033","159",2
"5033","153",0
"5033","10",5
"5033","132",0
"5034","01",507
"5034","02",240
"5034","03",78
"5034","04",9
"5034","08",21
"5034","55",95
"5034","05",234
"5034","06",66
"5034","07",22
"5034","122",14
"5034","158",5
"5034","154",11
"5034","152",9
"5034","123",1
"5034","159",5
"5034","153",0
"5034","10",19
"5034","132",4
"5035","01",5337
"5035","02",3331
"5035","03",1687
"5035","04",400
"5035","08",434
"5035","55",569
"5035","05",1385
"5035","06",666
"5035","07",335
"5035","122",94
"5035","158",32
"5035","154",81
"5035","152",89
"5035","123",46
"5035","159",45
"5035","153",13
"5035","10",188
"5035","132",22
"5036","01",497
"5036","02",280
"5036","03",207
"5036","04",54
"5036","08",34
"5036","55",61
"5036","05",269
"5036","06",35
"5036","07",55
"5036","122",13
"5036","158",9
"5036","154",7
"5036","152",10
"5036","123",9
"5036","159",3
"5036","153",2
"5036","10",25
"5036","132",2
"5037","01",4582
"5037","02",2068
"5037","03",1003
"5037","04",573
"5037","08",420
"5037","55",633
"5037","05",1540
"5037","06",606
"5037","07",255
"5037","122",72
"5037","158",26
"5037","154",43
"5037","152",101
"5037","123",63
"5037","159",14
"5037","153",8
"5037","10",129
"5037","132",15
"5038","01",3669
"5038","02",1802
"5038","03",799
"5038","04",116
"5038","08",143
"5038","55",448
"5038","05",1131
"5038","06",297
"5038","07",104
"5038","122",61
"5038","158",19
"5038","154",43
"5038","152",99
"5038","123",21
"5038","159",16
"5038","153",7
"5038","10",105
"5038","132",8
"5041","01",382
"5041","02",130
"5041","03",62
"5041","04",12
"5041","08",11
"5041","55",96
"5041","05",440
"5041","06",71
"5041","07",14
"5041","122",5
"5041","158",7
"5041","154",10
"5041","152",23
"5041","123",2
"5041","159",3
"5041","153",1
"5041","10",11
"5041","132",2
"5042","01",315
"5042","02",100
"5042","03",32
"5042","04",13
"5042","08",4
"5042","55",15
"5042","05",215
"5042","06",7
"5042","07",17
"5042","122",1
"5042","158",1
"5042","154",1
"5042","152",6
"5042","123",0
"5042","159",0
"5042","153",0
"5042","10",3
"5042","132",0
"5043","01",89
"5043","02",43
"5043","03",6
"5043","04",11
"5043","08",6
"5043","55",13
"5043","05",61
"5043","06",24
"5043","07",3
"5043","122",0
"5043","158",1
"5043","154",1
"5043","152",1
"5043","123",2
"5043","159",1
"5043","153",2
"5043","10",1
"5043","132",0
"5044","01",182
"5044","02",79
"5044","03",24
"5044","04",7
"5044","08",7
"5044","55",35
"5044","05",81
"5044","06",22
"5044","07",4
"5044","122",4
"5044","158",1
"5044","154",1
"5044","152",4
"5044","123",1
"5044","159",0
"5044","153",0
"5044","10",4
"5044","132",1
"5045","01",497
"5045","02",201
"5045","03",73
"5045","04",13
"5045","08",22
"5045","55",71
"5045","05",348
"5045","06",66
"5045","07",6
"5045","122",13
"5045","158",2
"5045","154",28
"5045","152",3
"5045","123",2
"5045","159",2
"5045","153",3
"5045","10",7
"5045","132",1
"5046","01",310
"5046","02",75
"5046","03",26
"5046","04",6
"5046","08",7
"5046","55",21
"5046","05",253
"5046","06",16
"5046","07",14
"5046","122",2
"5046","158",1
"5046","154",4
"5046","152",11
"5046","123",0
"5046","159",0
"5046","153",0
"5046","10",2
"5046","132",0
"5047","01",686
"5047","02",426
"5047","03",178
"5047","04",24
"5047","08",37
"5047","55",77
"5047","05",583
"5047","06",81
"5047","07",24
"5047","122",9
"5047","158",1
"5047","154",18
"5047","152",14
"5047","123",4
"5047","159",12
"5047","153",1
"5047","10",9
"5047","132",0
"5049","01",178
"5049","02",163
"5049","03",69
"5049","04",11
"5049","08",10
"5049","55",34
"5049","05",111
"5049","06",45
"5049","07",12
"5049","122",4
"5049","158",2
"5049","154",8
"5049","152",7
"5049","123",3
"5049","159",4
"5049","153",0
"5049","10",8
"5049","132",0
"5052","01",98
"5052","02",65
"5052","03",6
"5052","04",3
"5052","08",3
"5052","55",13
"5052","05",117
"5052","06",13
"5052","07",1
"5052","122",7
"5052","158",1
"5052","154",4
"5052","152",5
"5052","123",2
"5052","159",4
"5052","153",0
"5052","10",3
"5052","132",3
"5053","01",1598
"5053","02",604
"5053","03",340
"5053","04",145
"5053","08",111
"5053","55",263
"5053","05",831
"5053","06",204
"5053","07",66
"5053","122",32
"5053","158",9
"5053","154",26
"5053","152",31
"5053","123",13
"5053","159",11
"5053","153",6
"5053","10",30
"5053","132",10
"5054","01",1515
"5054","02",1460
"5054","03",545
"5054","04",187
"5054","08",140
"5054","55",262
"5054","05",907
"5054","06",225
"5054","07",66
"5054","122",70
"5054","158",23
"5054","154",35
"5054","152",89
"5054","123",15
"5054","159",14
"5054","153",4
"5054","10",145
"5054","132",6
"5055","01",1215
"5055","02",808
"5055","03",354
"5055","04",84
"5055","08",57
"5055","55",143
"5055","05",554
"5055","06",76
"5055","07",58
"5055","122",28
"5055","158",8
"5055","154",21
"5055","152",37
"5055","123",8
"5055","159",15
"5055","153",3
"5055","10",22
"5055","132",4
"5056","01",713
"5056","02",931
"5056","03",297
"5056","04",56
"5056","08",36
"5056","55",174
"5056","05",177
"5056","06",88
"5056","07",49
"5056","122",19
"5056","158",16
"5056","154",16
"5056","152",20
"5056","123",5
"5056","159",9
"5056","153",3
"5056","10",76
"5056","132",2
"5057","01",1691
"5057","02",1702
"5057","03",657
"5057","04",141
"5057","08",140
"5057","55",294
"5057","05",718
"5057","06",162
"5057","07",107
"5057","122",87
"5057","158",9
"5057","154",54
"5057","152",120
"5057","123",7
"5057","159",18
"5057","153",6
"5057","10",84
"5057","132",6
"5058","01",666
"5058","02",674
"5058","03",208
"5058","04",131
"5058","08",46
"5058","55",107
"5058","05",455
"5058","06",74
"5058","07",47
"5058","122",19
"5058","158",3
"5058","154",7
"5058","152",17
"5058","123",9
"5058","159",8
"5058","153",0
"5058","10",31
"5058","132",3
"5059","01",3664
"5059","02",2723
"5059","03",890
"5059","04",263
"5059","08",218
"5059","55",383
"5059","05",1462
"5059","06",350
"5059","07",224
"5059","122",117
"5059","158",20
"5059","154",42
"5059","152",115
"5059","123",42
"5059","159",32
"5059","153",15
"5059","10",167
"5059","132",15
"5060","01",1362
"5060","02",1502
"5060","03",659
"5060","04",200
"5060","08",91
"5060","55",262
"5060","05",714
"5060","06",157
"5060","07",86
"5060","122",71
"5060","158",15
"5060","154",32
"5060","152",30
"5060","123",26
"5060","159",35
"5060","153",2
"5060","10",33
"5060","132",9
"5061","01",408
"5061","02",144
"5061","03",72
"5061","04",23
"5061","08",26
"5061","55",39
"5061","05",327
"5061","06",44
"5061","07",6
"5061","122",17
"5061","158",0
"5061","154",4
"5061","152",9
"5061","123",2
"5061","159",2
"5061","153",2
"5061","10",9
"5061","132",0
"1804","01",9663
"1804","02",7417
"1804","03",5019
"1804","04",675
"1804","08",1412
"1804","55",1743
"1804","05",1161
"1804","06",2118
"1804","07",1010
"1804","122",194
"1804","158",64
"1804","154",194
"1804","152",191
"1804","123",96
"1804","159",74
"1804","153",28
"1804","10",246
"1804","132",53
"1806","01",3532
"1806","02",3559
"1806","03",1296
"1806","04",439
"1806","08",281
"1806","55",681
"1806","05",767
"1806","06",663
"1806","07",193
"1806","122",80
"1806","158",44
"1806","154",88
"1806","152",161
"1806","123",33
"1806","159",30
"1806","153",7
"1806","10",80
"1806","132",21
"1811","01",365
"1811","02",121
"1811","03",50
"1811","04",16
"1811","08",8
"1811","55",63
"1811","05",148
"1811","06",39
"1811","07",10
"1811","122",5
"1811","158",3
"1811","154",2
"1811","152",6
"1811","123",5
"1811","159",1
"1811","153",0
"1811","10",9
"1811","132",0
"1812","01",343
"1812","02",200
"1812","03",59
"1812","04",27
"1812","08",26
"1812","55",113
"1812","05",343
"1812","06",46
"1812","07",15
"1812","122",14
"1812","158",1
"1812","154",7
"1812","152",10
"1812","123",5
"1812","159",2
"1812","153",0
"1812","10",10
"1812","132",1
"1813","01",1588
"1813","02",1101
"1813","03",391
"1813","04",83
"1813","08",106
"1813","55",310
"1813","05",479
"1813","06",204
"1813","07",74
"1813","122",36
"1813","158",19
"1813","154",32
"1813","152",38
"1813","123",8
"1813","159",10
"1813","153",4
"1813","10",29
"1813","132",13
"1815","01",243
"1815","02",140
"1815","03",42
"1815","04",7
"1815","08",14
"1815","55",53
"1815","05",174
"1815","06",27
"1815","07",7
"1815","122",9
"1815","158",3
"1815","154",7
"1815","152",25
"1815","123",1
"1815","159",5
"1815","153",0
"1815","10",4
"1815","132",0
"1816","01",83
"1816","02",48
"1816","03",8
"1816","04",8
"1816","08",3
"1816","55",20
"1816","05",81
"1816","06",9
"1816","07",2
"1816","122",3
"1816","158",0
"1816","154",1
"1816","152",2
"1816","123",0
"1816","159",1
"1816","153",1
"1816","10",1
"1816","132",1
"1818","01",262
"1818","02",263
"1818","03",79
"1818","04",15
"1818","08",10
"1818","55",40
"1818","05",154
"1818","06",28
"1818","07",7
"1818","122",4
"1818","158",4
"1818","154",4
"1818","152",0
"1818","123",4
"1818","159",2
"1818","153",1
"1818","10",10
"1818","132",1
"1820","01",971
"1820","02",1002
"1820","03",297
"1820","04",59
"1820","08",84
"1820","55",349
"1820","05",842
"1820","06",179
"1820","07",78
"1820","122",35
"1820","158",9
"1820","154",28
"1820","152",32
"1820","123",5
"1820","159",21
"1820","153",4
"1820","10",30
"1820","132",5
"1822","01",374
"1822","02",322
"1822","03",39
"1822","04",19
"1822","08",28
"1822","55",104
"1822","05",275
"1822","06",75
"1822","07",10
"1822","122",7
"1822","158",3
"1822","154",10
"1822","152",13
"1822","123",11
"1822","159",10
"1822","153",0
"1822","10",10
"1822","132",3
"1824","01",2186
"1824","02",2538
"1824","03",525
"1824","04",150
"1824","08",169
"1824","55",718
"1824","05",678
"1824","06",299
"1824","07",95
"1824","122",62
"1824","158",10
"1824","154",57
"1824","152",29
"1824","123",28
"1824","159",13
"1824","153",3
"1824","10",74
"1824","132",16
"1825","01",255
"1825","02",210
"1825","03",40
"1825","04",13
"1825","08",10
"1825","55",54
"1825","05",162
"1825","06",21
"1825","07",3
"1825","122",9
"1825","158",0
"1825","154",11
"1825","152",12
"1825","123",3
"1825","159",4
"1825","153",0
"1825","10",10
"1825","132",1
"1826","01",242
"1826","02",125
"1826","03",26
"1826","04",10
"1826","08",9
"1826","55",72
"1826","05",207
"1826","06",31
"1826","07",6
"1826","122",6
"1826","158",1
"1826","154",6
"1826","152",12
"1826","123",1
"1826","159",1
"1826","153",0
"1826","10",1
"1826","132",0
"1827","01",196
"1827","02",143
"1827","03",68
"1827","04",10
"1827","08",6
"1827","55",75
"1827","05",222
"1827","06",37
"1827","07",5
"1827","122",11
"1827","158",5
"1827","154",5
"1827","152",18
"1827","123",6
"1827","159",2
"1827","153",1
"1827","10",4
"1827","132",3
"1828","01",293
"1828","02",168
"1828","03",53
"1828","04",30
"1828","08",18
"1828","55",99
"1828","05",160
"1828","06",61
"1828","07",14
"1828","122",9
"1828","158",4
"1828","154",8
"1828","152",5
"1828","123",1
"1828","159",4
"1828","153",2
"1828","10",10
"1828","132",1
"1832","01",817
"1832","02",588
"1832","03",190
"1832","04",45
"1832","08",82
"1832","55",245
"1832","05",347
"1832","06",130
"1832","07",43
"1832","122",23
"1832","158",11
"1832","154",22
"1832","152",38
"1832","123",9
"1832","159",11
"1832","153",3
"1832","10",17
"1832","132",7
"1833","01",5611
"1833","02",3230
"1833","03",1812
"1833","04",249
"1833","08",344
"1833","55",1245
"1833","05",997
"1833","06",740
"1833","07",250
"1833","122",121
"1833","158",39
"1833","154",120
"1833","152",266
"1833","123",24
"1833","159",40
"1833","153",11
"1833","10",110
"1833","132",45
"1834","01",316
"1834","02",249
"1834","03",148
"1834","04",37
"1834","08",26
"1834","55",81
"1834","05",114
"1834","06",38
"1834","07",16
"1834","122",10
"1834","158",2
"1834","154",11
"1834","152",7
"1834","123",5
"1834","159",3
"1834","153",1
"1834","10",3
"1834","132",1
"1835","01",55
"1835","02",60
"1835","03",5
"1835","04",5
"1835","08",2
"1835","55",14
"1835","05",57
"1835","06",5
"1835","07",3
"1835","122",2
"1835","158",0
"1835","154",0
"1835","152",4
"1835","123",0
"1835","159",0
"1835","153",0
"1835","10",0
"1835","132",0
"1836","01",194
"1836","02",164
"1836","03",53
"1836","04",42
"1836","08",6
"1836","55",33
"1836","05",128
"1836","06",42
"1836","07",4
"1836","122",5
"1836","158",0
"1836","154",5
"1836","152",10
"1836","123",9
"1836","159",3
"1836","153",0
"1836","10",3
"1836","132",2
"1837","01",870
"1837","02",1018
"1837","03",331
"1837","04",165
"1837","08",42
"1837","55",142
"1837","05",313
"1837","06",160
"1837","07",49
"1837","122",35
"1837","158",6
"1837","154",38
"1837","152",63
"1837","123",20
"1837","159",32
"1837","153",8
"1837","10",26
"1837","132",5
"1838","01",307
"1838","02",278
"1838","03",126
"1838","04",47
"1838","08",24
"1838","55",73
"1838","05",116
"1838","06",61
"1838","07",22
"1838","122",26
"1838","158",7
"1838","154",7
"1838","152",6
"1838","123",14
"1838","159",5
"1838","153",0
"1838","10",15
"1838","132",0
"1839","01",207
"1839","02",152
"1839","03",51
"1839","04",2
"1839","08",13
"1839","55",28
"1839","05",130
"1839","06",21
"1839","07",8
"1839","122",16
"1839","158",1
"1839","154",3
"1839","152",9
"1839","123",2
"1839","159",3
"1839","153",0
"1839","10",7
"1839","132",0
"1840","01",885
"1840","02",760
"1840","03",226
"1840","04",63
"1840","08",30
"1840","55",143
"1840","05",269
"1840","06",136
"1840","07",34
"1840","122",20
"1840","158",8
"1840","154",22
"1840","152",29
"1840","123",4
"1840","159",11
"1840","153",2
"1840","10",20
"1840","132",4
"1841","01",2002
"1841","02",1539
"1841","03",601
"1841","04",121
"1841","08",129
"1841","55",292
"1841","05",318
"1841","06",304
"1841","07",96
"1841","122",34
"1841","158",18
"1841","154",44
"1841","152",69
"1841","123",13
"1841","159",17
"1841","153",2
"1841","10",48
"1841","132",8
"1845","01",407
"1845","02",289
"1845","03",68
"1845","04",13
"1845","08",14
"1845","55",74
"1845","05",115
"1845","06",60
"1845","07",4
"1845","122",8
"1845","158",5
"1845","154",12
"1845","152",19
"1845","123",0
"1845","159",3
"1845","153",1
"1845","10",7
"1845","132",1
"1848","01",386
"1848","02",287
"1848","03",123
"1848","04",32
"1848","08",28
"1848","55",107
"1848","05",207
"1848","06",156
"1848","07",41
"1848","122",9
"1848","158",2
"1848","154",8
"1848","152",14
"1848","123",8
"1848","159",6
"1848","153",1
"1848","10",10
"1848","132",0
"1851","01",373
"1851","02",350
"1851","03",123
"1851","04",14
"1851","08",25
"1851","55",85
"1851","05",87
"1851","06",77
"1851","07",29
"1851","122",10
"1851","158",4
"1851","154",7
"1851","152",9
"1851","123",1
"1851","159",1
"1851","153",0
"1851","10",5
"1851","132",2
"1853","01",247
"1853","02",224
"1853","03",89
"1853","04",27
"1853","08",21
"1853","55",38
"1853","05",103
"1853","06",42
"1853","07",14
"1853","122",8
"1853","158",7
"1853","154",5
"1853","152",6
"1853","123",3
"1853","159",1
"1853","153",0
"1853","10",6
"1853","132",2
"1856","01",83
"1856","02",66
"1856","03",26
"1856","04",2
"1856","08",7
"1856","55",15
"1856","05",66
"1856","06",4
"1856","07",8
"1856","122",3
"1856","158",0
"1856","154",1
"1856","152",1
"1856","123",0
"1856","159",0
"1856","153",0
"1856","10",2
"1856","132",0
"1857","01",72
"1857","02",85
"1857","03",17
"1857","04",26
"1857","08",2
"1857","55",17
"1857","05",61
"1857","06",9
"1857","07",3
"1857","122",7
"1857","158",1
"1857","154",5
"1857","152",0
"1857","123",7
"1857","159",1
"1857","153",0
"1857","10",2
"1857","132",1
"1859","01",166
"1859","02",159
"1859","03",52
"1859","04",21
"1859","08",21
"1859","55",65
"1859","05",94
"1859","06",37
"1859","07",11
"1859","122",5
"1859","158",1
"1859","154",4
"1859","152",6
"1859","123",2
"1859","159",0
"1859","153",1
"1859","10",7
"1859","132",0
"1860","01",1538
"1860","02",1918
"1860","03",681
"1860","04",354
"1860","08",218
"1860","55",349
"1860","05",551
"1860","06",341
"1860","07",106
"1860","122",105
"1860","158",10
"1860","154",60
"1860","152",24
"1860","123",32
"1860","159",9
"1860","153",6
"1860","10",36
"1860","132",12
"1865","01",1438
"1865","02",1270
"1865","03",695
"1865","04",67
"1865","08",227
"1865","55",383
"1865","05",347
"1865","06",352
"1865","07",98
"1865","122",35
"1865","158",11
"1865","154",53
"1865","152",41
"1865","123",6
"1865","159",7
"1865","153",2
"1865","10",43
"1865","132",7
"1866","01",1459
"1866","02",1204
"1866","03",406
"1866","04",80
"1866","08",130
"1866","55",344
"1866","05",400
"1866","06",282
"1866","07",103
"1866","122",31
"1866","158",19
"1866","154",25
"1866","152",59
"1866","123",12
"1866","159",18
"1866","153",14
"1866","10",37
"1866","132",9
"1867","01",304
"1867","02",506
"1867","03",177
"1867","04",28
"1867","08",35
"1867","55",84
"1867","05",174
"1867","06",66
"1867","07",28
"1867","122",9
"1867","158",4
"1867","154",12
"1867","152",10
"1867","123",14
"1867","159",12
"1867","153",1
"1867","10",3
"1867","132",4
"1868","01",590
"1868","02",755
"1868","03",274
"1868","04",69
"1868","08",32
"1868","55",115
"1868","05",162
"1868","06",154
"1868","07",30
"1868","122",15
"1868","158",8
"1868","154",29
"1868","152",30
"1868","123",26
"1868","159",4
"1868","153",7
"1868","10",18
"1868","132",8
"1870","01",1589
"1870","02",1649
"1870","03",753
"1870","04",100
"1870","08",167
"1870","55",347
"1870","05",378
"1870","06",402
"1870","07",103
"1870","122",41
"1870","158",15
"1870","154",58
"1870","152",78
"1870","123",19
"1870","159",20
"1870","153",1
"1870","10",38
"1870","132",10
"1871","01",1002
"1871","02",495
"1871","03",132
"1871","04",43
"1871","08",80
"1871","55",152
"1871","05",311
"1871","06",214
"1871","07",35
"1871","122",11
"1871","158",6
"1871","154",20
"1871","152",28
"1871","123",11
"1871","159",7
"1871","153",3
"1871","10",24
"1871","132",5
"1874","01",113
"1874","02",151
"1874","03",33
"1874","04",9
"1874","08",9
"1874","55",27
"1874","05",35
"1874","06",29
"1874","07",8
"1874","122",2
"1874","158",0
"1874","154",6
"1874","152",0
"1874","123",1
"1874","159",0
"1874","153",0
"1874","10",6
"1874","132",1
"1875","01",423
"1875","02",367
"1875","03",187
"1875","04",49
"1875","08",64
"1875","55",107
"1875","05",154
"1875","06",99
"1875","07",32
"1875","122",19
"1875","158",8
"1875","154",20
"1875","152",19
"1875","123",6
"1875","159",3
"1875","153",1
"1875","10",13
"1875","132",0
"5501","01",13627
"5501","02",10157
"5501","03",5538
"5501","04",1189
"5501","08",2424
"5501","55",4153
"5501","05",1624
"5501","06",4407
"5501","07",1202
"5501","122",314
"5501","158",178
"5501","154",292
"5501","152",309
"5501","123",143
"5501","159",69
"5501","153",66
"5501","10",249
"5501","132",77
"5503","01",4542
"5503","02",3995
"5503","03",1815
"5503","04",329
"5503","08",480
"5503","55",792
"5503","05",753
"5503","06",761
"5503","07",294
"5503","122",107
"5503","158",23
"5503","154",130
"5503","152",163
"5503","123",45
"5503","159",33
"5503","153",9
"5503","10",106
"5503","132",15
"5510","01",498
"5510","02",425
"5510","03",114
"5510","04",31
"5510","08",37
"5510","55",97
"5510","05",173
"5510","06",115
"5510","07",36
"5510","122",14
"5510","158",3
"5510","154",12
"5510","152",16
"5510","123",10
"5510","159",4
"5510","153",0
"5510","10",13
"5510","132",1
"5512","01",764
"5512","02",768
"5512","03",290
"5512","04",58
"5512","08",41
"5512","55",107
"5512","05",207
"5512","06",124
"5512","07",29
"5512","122",22
"5512","158",8
"5512","154",26
"5512","152",21
"5512","123",10
"5512","159",0
"5512","153",3
"5512","10",18
"5512","132",6
"5514","01",229
"5514","02",220
"5514","03",116
"5514","04",9
"5514","08",4
"5514","55",61
"5514","05",57
"5514","06",14
"5514","07",15
"5514","122",4
"5514","158",0
"5514","154",6
"5514","152",8
"5514","123",4
"5514","159",2
"5514","153",0
"5514","10",0
"5514","132",2
"5516","01",128
"5516","02",166
"5516","03",22
"5516","04",18
"5516","08",5
"5516","55",50
"5516","05",82
"5516","06",26
"5516","07",9
"5516","122",2
"5516","158",0
"5516","154",5
"5516","152",7
"5516","123",5
"5516","159",1
"5516","153",1
"5516","10",0
"5516","132",0
"5518","01",204
"5518","02",115
"5518","03",57
"5518","04",16
"5518","08",5
"5518","55",32
"5518","05",91
"5518","06",15
"5518","07",3
"5518","122",7
"5518","158",0
"5518","154",5
"5518","152",6
"5518","123",1
"5518","159",0
"5518","153",0
"5518","10",2
"5518","132",4
"5520","01",780
"5520","02",579
"5520","03",243
"5520","04",27
"5520","08",43
"5520","55",97
"5520","05",380
"5520","06",114
"5520","07",41
"5520","122",17
"5520","158",1
"5520","154",16
"5520","152",16
"5520","123",5
"5520","159",8
"5520","153",3
"5520","10",17
"5520","132",4
"5522","01",376
"5522","02",244
"5522","03",73
"5522","04",29
"5522","08",26
"5522","55",104
"5522","05",186
"5522","06",92
"5522","07",12
"5522","122",8
"5522","158",3
"5522","154",7
"5522","152",7
"5522","123",1
"5522","159",10
"5522","153",2
"5522","10",6
"5522","132",2
"5524","01",1320
"5524","02",925
"5524","03",358
"5524","04",73
"5524","08",67
"5524","55",238
"5524","05",554
"5524","06",145
"5524","07",80
"5524","122",31
"5524","158",12
"5524","154",32
"5524","152",33
"5524","123",11
"5524","159",25
"5524","153",3
"5524","10",32
"5524","132",7
"5526","01",611
"5526","02",576
"5526","03",174
"5526","04",64
"5526","08",26
"5526","55",110
"5526","05",213
"5526","06",110
"5526","07",18
"5526","122",13
"5526","158",5
"5526","154",15
"5526","152",44
"5526","123",6
"5526","159",7
"5526","153",1
"5526","10",9
"5526","132",3
"5528","01",203
"5528","02",220
"5528","03",43
"5528","04",7
"5528","08",15
"5528","55",36
"5528","05",82
"5528","06",30
"5528","07",2
"5528","122",7
"5528","158",0
"5528","154",4
"5528","152",11
"5528","123",3
"5528","159",13
"5528","153",0
"5528","10",2
"5528","132",0
"5530","01",2217
"5530","02",2537
"5530","03",877
"5530","04",239
"5530","08",140
"5530","55",412
"5530","05",568
"5530","06",409
"5530","07",93
"5530","122",73
"5530","158",21
"5530","154",77
"5530","152",209
"5530","123",38
"5530","159",26
"5530","153",6
"5530","10",42
"5530","132",6
"5532","01",785
"5532","02",1075
"5532","03",232
"5532","04",65
"5532","08",48
"5532","55",219
"5532","05",363
"5532","06",142
"5532","07",21
"5532","122",45
"5532","158",14
"5532","154",23
"5532","152",41
"5532","123",36
"5532","159",21
"5532","153",2
"5532","10",25
"5532","132",6
"5534","01",347
"5534","02",402
"5534","03",66
"5534","04",13
"5534","08",18
"5534","55",94
"5534","05",107
"5534","06",91
"5534","07",13
"5534","122",14
"5534","158",2
"5534","154",7
"5534","152",19
"5534","123",6
"5534","159",6
"5534","153",1
"5534","10",17
"5534","132",0
"5536","01",428
"5536","02",475
"5536","03",144
"5536","04",163
"5536","08",32
"5536","55",100
"5536","05",131
"5536","06",53
"5536","07",29
"5536","122",7
"5536","158",8
"5536","154",12
"5536","152",13
"5536","123",13
"5536","159",10
"5536","153",2
"5536","10",27
"5536","132",0
"5538","01",275
"5538","02",356
"5538","03",96
"5538","04",38
"5538","08",24
"5538","55",105
"5538","05",100
"5538","06",42
"5538","07",8
"5538","122",20
"5538","158",8
"5538","154",12
"5538","152",15
"5538","123",11
"5538","159",2
"5538","153",0
"5538","10",13
"5538","132",4
"5540","01",321
"5540","02",313
"5540","03",47
"5540","04",116
"5540","08",23
"5540","55",137
"5540","05",112
"5540","06",55
"5540","07",1
"5540","122",3
"5540","158",5
"5540","154",10
"5540","152",8
"5540","123",7
"5540","159",2
"5540","153",0
"5540","10",9
"5540","132",1
"5542","01",333
"5542","02",434
"5542","03",82
"5542","04",179
"5542","08",16
"5542","55",77
"5542","05",100
"5542","06",79
"5542","07",15
"5542","122",8
"5542","158",4
"5542","154",14
"5542","152",14
"5542","123",5
"5542","159",4
"5542","153",0
"5542","10",12
"5542","132",2
"5544","01",675
"5544","02",890
"5544","03",186
"5544","04",155
"5544","08",45
"5544","55",188
"5544","05",203
"5544","06",168
"5544","07",27
"5544","122",16
"5544","158",7
"5544","154",15
"5544","152",35
"5544","123",19
"5544","159",11
"5544","153",0
"5544","10",12
"5544","132",2
"5546","01",149
"5546","02",252
"5546","03",33
"5546","04",27
"5546","08",5
"5546","55",51
"5546","05",50
"5546","06",35
"5546","07",3
"5546","122",9
"5546","158",5
"5546","154",10
"5546","152",4
"5546","123",4
"5546","159",7
"5546","153",1
"5546","10",3
"5546","132",1
"5601","01",1691
"5601","02",3020
"5601","03",566
"5601","04",263
"5601","08",311
"5601","55",711
"5601","05",305
"5601","06",431
"5601","07",172
"5601","122",71
"5601","158",21
"5601","154",117
"5601","152",99
"5601","123",271
"5601","159",27
"5601","153",15
"5601","155",3519
"5601","132",9
"5603","01",2339
"5603","02",1474
"5603","03",387
"5603","04",69
"5603","08",137
"5603","55",463
"5603","05",245
"5603","06",277
"5603","07",41
"5603","122",63
"5603","158",18
"5603","154",78
"5603","152",99
"5603","123",57
"5603","159",45
"5603","153",3
"5603","155",24
"5603","132",13
"5605","01",1946
"5605","02",1322
"5605","03",379
"5605","04",75
"5605","08",133
"5605","55",589
"5605","05",314
"5605","06",358
"5605","07",76
"5605","122",41
"5605","158",45
"5605","154",36
"5605","152",30
"5605","123",20
"5605","159",26
"5605","153",4
"5605","155",55
"5605","132",8
"5607","01",1392
"5607","02",580
"5607","03",234
"5607","04",67
"5607","08",77
"5607","55",284
"5607","05",218
"5607","06",214
"5607","07",42
"5607","122",20
"5607","158",19
"5607","154",26
"5607","152",18
"5607","123",18
"5607","159",6
"5607","153",1
"5607","155",27
"5607","132",5
"5610","01",288
"5610","02",208
"5610","03",66
"5610","04",41
"5610","08",18
"5610","55",466
"5610","05",131
"5610","06",90
"5610","07",9
"5610","122",7
"5610","158",8
"5610","154",22
"5610","152",19
"5610","123",10
"5610","159",4
"5610","153",6
"5610","155",48
"5610","132",5
"5612","01",188
"5612","02",233
"5612","03",67
"5612","04",166
"5612","08",27
"5612","55",320
"5612","05",79
"5612","06",109
"5612","07",43
"5612","122",7
"5612","158",1
"5612","154",11
"5612","152",12
"5612","123",33
"5612","159",2
"5612","153",1
"5612","155",282
"5612","132",2
"5614","01",137
"5614","02",141
"5614","03",35
"5614","04",2
"5614","08",5
"5614","55",39
"5614","05",29
"5614","06",23
"5614","07",4
"5614","122",4
"5614","158",7
"5614","154",5
"5614","152",4
"5614","123",3
"5614","159",7
"5614","153",0
"5614","155",22
"5614","132",0
"5616","01",154
"5616","02",113
"5616","03",23
"5616","04",8
"5616","08",8
"5616","55",43
"5616","05",60
"5616","06",18
"5616","07",6
"5616","122",12
"5616","158",0
"5616","154",2
"5616","152",7
"5616","123",2
"5616","159",4
"5616","153",0
"5616","155",7
"5616","132",2
"5618","01",180
"5618","02",126
"5618","03",32
"5618","04",9
"5618","08",10
"5618","55",34
"5618","05",58
"5618","06",16
"5618","07",4
"5618","122",3
"5618","158",1
"5618","154",4
"5618","152",12
"5618","123",0
"5618","159",2
"5618","153",1
"5618","155",7
"5618","132",0
"5620","01",473
"5620","02",485
"5620","03",121
"5620","04",13
"5620","08",25
"5620","55",130
"5620","05",95
"5620","06",135
"5620","07",22
"5620","122",19
"5620","158",6
"5620","154",13
"5620","152",13
"5620","123",5
"5620","159",5
"5620","153",1
"5620","155",11
"5620","132",2
"5622","01",681
"5622","02",651
"5622","03",199
"5622","04",34
"5622","08",36
"5622","55",248
"5622","05",174
"5622","06",94
"5622","07",19
"5622","122",24
"5622","158",2
"5622","154",29
"5622","152",25
"5622","123",18
"5622","159",6
"5622","153",1
"5622","155",32
"5622","132",7
"5624","01",223
"5624","02",130
"5624","03",42
"5624","04",24
"5624","08",6
"5624","55",80
"5624","05",47
"5624","06",23
"5624","07",3
"5624","122",6
"5624","158",2
"5624","154",5
"5624","152",4
"5624","123",20
"5624","159",1
"5624","153",1
"5624","155",17
"5624","132",0
"5626","01",144
"5626","02",132
"5626","03",7
"5626","04",1
"5626","08",5
"5626","55",36
"5626","05",39
"5626","06",41
"5626","07",2
"5626","122",7
"5626","158",2
"5626","154",0
"5626","152",16
"5626","123",3
"5626","159",0
"5626","153",0
"5626","155",9
"5626","132",0
"5628","01",387
"5628","02",394
"5628","03",78
"5628","04",37
"5628","08",26
"5628","55",217
"5628","05",172
"5628","06",94
"5628","07",15
"5628","122",23
"5628","158",6
"5628","154",18
"5628","152",20
"5628","123",11
"5628","159",6
"5628","153",3
"5628","155",79
"5628","132",2
"5630","01",189
"5630","02",113
"5630","03",24
"5630","04",1
"5630","08",2
"5630","55",36
"5630","05",29
"5630","06",32
"5630","07",1
"5630","122",1
"5630","158",0
"5630","154",3
"5630","152",2
"5630","123",0
"5630","159",0
"5630","153",0
"5630","155",5
"5630","132",1
"5632","01",273
"5632","02",342
"5632","03",53
"5632","04",10
"5632","08",7
"5632","55",54
"5632","05",50
"5632","06",22
"5632","07",13
"5632","122",12
"5632","158",5
"5632","154",10
"5632","152",9
"5632","123",3
"5632","159",4
"5632","153",0
"5632","155",3
"5632","132",3
"5634","01",388
"5634","02",228
"5634","03",37
"5634","04",7
"5634","08",25
"5634","55",99
"5634","05",108
"5634","06",54
"5634","07",13
"5634","122",16
"5634","158",7
"5634","154",6
"5634","152",8
"5634","123",5
"5634","159",3
"5634","153",0
"5634","155",8
"5634","132",2
"5636","01",168
"5636","02",91
"5636","03",24
"5636","04",4
"5636","08",3
"5636","55",81
"5636","05",35
"5636","06",49
"5636","07",5
"5636","122",7
"5636","158",3
"5636","154",5
"5636","152",4
"5636","123",7
"5636","159",4
"5636","153",1
"5636","155",19
"5636","132",1
