kom2024,parti,aar,stemmer
3101,01,2025,5692
3101,02,2025,4979
3101,03,2025,2049
3101,04,2025,783
3101,08,2025,747
3101,55,2025,1064
3101,05,2025,818
3101,06,2025,682
3101,07,2025,400
3101,122,2025,160
3101,158,2025,34
3101,154,2025,103
3101,152,2025,262
3101,123,2025,112
3101,159,2025,17
3101,153,2025,19
3101,10,2025,375
3101,132,2025,27
3103,01,2025,9376
3103,02,2025,7478
3103,03,2025,4750
3103,04,2025,701
3103,08,2025,1398
3103,55,2025,1896
3103,05,2025,652
3103,06,2025,1597
3103,07,2025,1089
3103,122,2025,233
3103,158,2025,94
3103,154,2025,218
3103,152,2025,130
3103,123,2025,90
3103,159,2025,35
3103,153,2025,66
3103,10,2025,390
3103,132,2025,30
3105,01,2025,10198
3105,02,2025,10418
3105,03,2025,3583
3105,04,2025,1242
3105,08,2025,785
3105,55,2025,1561
3105,05,2025,1160
3105,06,2025,1268
3105,07,2025,615
3105,122,2025,405
3105,158,2025,104
3105,154,2025,203
3105,152,2025,156
3105,123,2025,166
3105,159,2025,38
3105,153,2025,25
3105,10,2025,432
3105,132,2025,37
3107,01,2025,15789
3107,02,2025,13816
3107,03,2025,6359
3107,04,2025,1780
3107,08,2025,1960
3107,55,2025,2665
3107,05,2025,1231
3107,06,2025,2543
3107,07,2025,1327
3107,122,2025,419
3107,158,2025,145
3107,154,2025,298
3107,152,2025,284
3107,123,2025,171
3107,159,2025,75
3107,153,2025,52
3107,10,2025,764
3107,132,2025,64
3110,01,2025,1002
3110,02,2025,925
3110,03,2025,474
3110,04,2025,94
3110,08,2025,126
3110,55,2025,158
3110,05,2025,139
3110,06,2025,110
3110,07,2025,126
3110,122,2025,22
3110,158,2025,12
3110,154,2025,13
3110,152,2025,12
3110,123,2025,15
3110,159,2025,5
3110,153,2025,1
3110,10,2025,31
3110,132,2025,3
3112,01,2025,1118
3112,02,2025,1407
3112,03,2025,612
3112,04,2025,317
3112,08,2025,141
3112,55,2025,160
3112,05,2025,359
3112,06,2025,155
3112,07,2025,86
3112,122,2025,45
3112,158,2025,4
3112,154,2025,34
3112,152,2025,35
3112,123,2025,40
3112,159,2025,4
3112,153,2025,7
3112,10,2025,52
3112,132,2025,8
3114,01,2025,713
3114,02,2025,1146
3114,03,2025,389
3114,04,2025,143
3114,08,2025,82
3114,55,2025,148
3114,05,2025,363
3114,06,2025,96
3114,07,2025,69
3114,122,2025,30
3114,158,2025,11
3114,154,2025,32
3114,152,2025,21
3114,123,2025,12
3114,159,2025,4
3114,153,2025,6
3114,10,2025,27
3114,132,2025,3
3116,01,2025,506
3116,02,2025,817
3116,03,2025,191
3116,04,2025,130
3116,08,2025,54
3116,55,2025,91
3116,05,2025,294
3116,06,2025,64
3116,07,2025,29
3116,122,2025,32
3116,158,2025,9
3116,154,2025,23
3116,152,2025,22
3116,123,2025,9
3116,153,2025,4
3116,10,2025,21
3116,132,2025,1
3118,01,2025,6495
3118,02,2025,7981
3118,03,2025,3210
3118,04,2025,1067
3118,08,2025,685
3118,55,2025,1181
3118,05,2025,2172
3118,06,2025,1026
3118,07,2025,585
3118,122,2025,287
3118,158,2025,85
3118,154,2025,215
3118,152,2025,133
3118,123,2025,116
3118,159,2025,34
3118,153,2025,47
3118,10,2025,275
3118,132,2025,47
3120,01,2025,1225
3120,02,2025,1417
3120,03,2025,443
3120,04,2025,332
3120,08,2025,74
3120,55,2025,177
3120,05,2025,779
3120,06,2025,112
3120,07,2025,56
3120,122,2025,55
3120,158,2025,17
3120,154,2025,33
3120,152,2025,31
3120,123,2025,41
3120,159,2025,20
3120,153,2025,7
3120,10,2025,34
3120,132,2025,9
3122,01,2025,656
3122,02,2025,492
3122,03,2025,173
3122,04,2025,188
3122,08,2025,48
3122,55,2025,93
3122,05,2025,369
3122,06,2025,46
3122,07,2025,48
3122,122,2025,31
3122,158,2025,6
3122,154,2025,18
3122,152,2025,7
3122,123,2025,23
3122,159,2025,3
3122,153,2025,2
3122,10,2025,14
3122,132,2025,6
3124,01,2025,191
3124,02,2025,179
3124,03,2025,58
3124,04,2025,81
3124,08,2025,16
3124,55,2025,42
3124,05,2025,234
3124,06,2025,18
3124,07,2025,7
3124,122,2025,8
3124,158,2025,4
3124,154,2025,8
3124,152,2025,11
3124,123,2025,6
3124,159,2025,1
3124,153,2025,2
3124,10,2025,8
3124,132,2025,1
3201,01,2025,17670
3201,02,2025,14702
3201,03,2025,23928
3201,04,2025,1912
3201,08,2025,4964
3201,55,2025,2202
3201,05,2025,641
3201,06,2025,3088
3201,07,2025,7767
3201,122,2025,380
3201,158,2025,226
3201,154,2025,263
3201,152,2025,295
3201,123,2025,128
3201,159,2025,41
3201,153,2025,100
3201,10,2025,447
3201,132,2025,95
3203,01,2025,13950
3203,02,2025,12657
3203,03,2025,14241
3203,04,2025,1651
3203,08,2025,3995
3203,55,2025,2080
3203,05,2025,981
3203,06,2025,2541
3203,07,2025,4528
3203,122,2025,409
3203,158,2025,174
3203,154,2025,358
3203,152,2025,244
3203,123,2025,162
3203,159,2025,54
3203,153,2025,71
3203,10,2025,482
3203,132,2025,88
3205,01,2025,15895
3205,02,2025,13129
3205,03,2025,7883
3205,04,2025,1273
3205,08,2025,1973
3205,55,2025,2237
3205,05,2025,1851
3205,06,2025,3226
3205,07,2025,1730
3205,122,2025,336
3205,158,2025,146
3205,154,2025,335
3205,152,2025,209
3205,123,2025,178
3205,159,2025,71
3205,153,2025,261
3205,10,2025,440
3205,132,2025,86
3207,01,2025,10942
3207,02,2025,7857
3207,03,2025,7779
3207,04,2025,1131
3207,08,2025,2411
3207,55,2025,1530
3207,05,2025,670
3207,06,2025,2226
3207,07,2025,2086
3207,122,2025,275
3207,158,2025,102
3207,154,2025,199
3207,152,2025,114
3207,123,2025,78
3207,159,2025,25
3207,153,2025,97
3207,10,2025,415
3207,132,2025,62
3209,01,2025,6077
3209,02,2025,7091
3209,03,2025,3048
3209,04,2025,415
3209,08,2025,587
3209,55,2025,1150
3209,05,2025,844
3209,06,2025,1111
3209,07,2025,587
3209,122,2025,211
3209,158,2025,86
3209,154,2025,152
3209,152,2025,92
3209,123,2025,80
3209,159,2025,35
3209,153,2025,111
3209,10,2025,202
3209,132,2025,33
3212,01,2025,3454
3212,02,2025,1985
3212,03,2025,1788
3212,04,2025,316
3212,08,2025,1816
3212,55,2025,1076
3212,05,2025,176
3212,06,2025,958
3212,07,2025,729
3212,122,2025,85
3212,158,2025,96
3212,154,2025,135
3212,152,2025,44
3212,123,2025,26
3212,159,2025,8
3212,153,2025,22
3212,10,2025,83
3212,132,2025,17
3214,01,2025,2486
3214,02,2025,2486
3214,03,2025,2402
3214,04,2025,215
3214,08,2025,653
3214,55,2025,375
3214,05,2025,230
3214,06,2025,446
3214,07,2025,584
3214,122,2025,67
3214,158,2025,31
3214,154,2025,91
3214,152,2025,35
3214,123,2025,26
3214,159,2025,8
3214,153,2025,27
3214,10,2025,203
3214,132,2025,13
3216,01,2025,3170
3216,02,2025,2774
3216,03,2025,1858
3216,04,2025,277
3216,08,2025,633
3216,55,2025,579
3216,05,2025,364
3216,06,2025,529
3216,07,2025,463
3216,122,2025,121
3216,158,2025,41
3216,154,2025,92
3216,152,2025,52
3216,123,2025,42
3216,159,2025,19
3216,153,2025,18
3216,10,2025,118
3216,132,2025,17
3218,01,2025,3450
3218,02,2025,2497
3218,03,2025,1773
3218,04,2025,385
3218,08,2025,1138
3218,55,2025,721
3218,05,2025,539
3218,06,2025,927
3218,07,2025,567
3218,122,2025,93
3218,158,2025,49
3218,154,2025,67
3218,152,2025,39
3218,123,2025,46
3218,159,2025,7
3218,153,2025,31
3218,10,2025,108
3218,132,2025,15
3220,01,2025,1577
3220,02,2025,2033
3220,03,2025,797
3220,04,2025,199
3220,08,2025,168
3220,55,2025,295
3220,05,2025,327
3220,06,2025,294
3220,07,2025,155
3220,122,2025,54
3220,158,2025,11
3220,154,2025,48
3220,152,2025,43
3220,123,2025,30
3220,159,2025,9
3220,153,2025,12
3220,10,2025,82
3220,132,2025,11
3222,01,2025,8060
3222,02,2025,6211
3222,03,2025,4292
3222,04,2025,524
3222,08,2025,1050
3222,55,2025,1300
3222,05,2025,381
3222,06,2025,2127
3222,07,2025,1008
3222,122,2025,145
3222,158,2025,88
3222,154,2025,153
3222,152,2025,60
3222,123,2025,91
3222,159,2025,18
3222,153,2025,225
3222,10,2025,282
3222,132,2025,44
3224,01,2025,3524
3224,02,2025,2791
3224,03,2025,1692
3224,04,2025,306
3224,08,2025,417
3224,55,2025,452
3224,05,2025,241
3224,06,2025,619
3224,07,2025,377
3224,122,2025,77
3224,158,2025,27
3224,154,2025,84
3224,152,2025,37
3224,123,2025,74
3224,159,2025,14
3224,153,2025,38
3224,10,2025,112
3224,132,2025,20
3226,01,2025,3247
3226,02,2025,3045
3226,03,2025,923
3226,04,2025,382
3226,08,2025,181
3226,55,2025,477
3226,05,2025,1015
3226,06,2025,274
3226,07,2025,129
3226,122,2025,98
3226,158,2025,21
3226,154,2025,106
3226,152,2025,59
3226,123,2025,47
3226,159,2025,24
3226,153,2025,15
3226,10,2025,94
3226,132,2025,17
3228,01,2025,4182
3228,02,2025,4099
3228,03,2025,1245
3228,04,2025,307
3228,08,2025,403
3228,55,2025,678
3228,05,2025,1033
3228,06,2025,541
3228,07,2025,290
3228,122,2025,166
3228,158,2025,39
3228,154,2025,110
3228,152,2025,115
3228,123,2025,81
3228,159,2025,30
3228,153,2025,18
3228,10,2025,125
3228,132,2025,40
3230,01,2025,1205
3230,02,2025,1156
3230,03,2025,739
3230,04,2025,157
3230,08,2025,161
3230,55,2025,132
3230,05,2025,272
3230,06,2025,133
3230,07,2025,138
3230,122,2025,31
3230,158,2025,8
3230,154,2025,25
3230,152,2025,14
3230,123,2025,24
3230,159,2025,7
3230,153,2025,5
3230,10,2025,48
3230,132,2025,14
3232,01,2025,4430
3232,02,2025,3462
3232,03,2025,2479
3232,04,2025,367
3232,08,2025,834
3232,55,2025,627
3232,05,2025,406
3232,06,2025,870
3232,07,2025,631
3232,122,2025,92
3232,158,2025,55
3232,154,2025,96
3232,152,2025,44
3232,123,2025,38
3232,159,2025,13
3232,153,2025,39
3232,10,2025,85
3232,132,2025,30
3234,01,2025,1859
3234,02,2025,1413
3234,03,2025,698
3234,04,2025,153
3234,08,2025,220
3234,55,2025,282
3234,05,2025,414
3234,06,2025,221
3234,07,2025,153
3234,122,2025,60
3234,158,2025,14
3234,154,2025,46
3234,152,2025,28
3234,123,2025,37
3234,159,2025,11
3234,153,2025,6
3234,10,2025,55
3234,132,2025,5
3236,01,2025,1349
3236,02,2025,1171
3236,03,2025,479
3236,04,2025,72
3236,08,2025,101
3236,55,2025,197
3236,05,2025,262
3236,06,2025,166
3236,07,2025,81
3236,122,2025,37
3236,158,2025,12
3236,154,2025,38
3236,152,2025,38
3236,123,2025,10
3236,159,2025,4
3236,153,2025,5
3236,10,2025,43
3236,132,2025,10
3238,01,2025,2177
3238,02,2025,2664
3238,03,2025,927
3238,04,2025,261
3238,08,2025,235
3238,55,2025,354
3238,05,2025,503
3238,06,2025,357
3238,07,2025,175
3238,122,2025,126
3238,158,2025,27
3238,154,2025,76
3238,152,2025,42
3238,123,2025,46
3238,159,2025,6
3238,153,2025,27
3238,10,2025,82
3238,132,2025,22
3240,01,2025,4411
3240,02,2025,4241
3240,03,2025,1685
3240,04,2025,407
3240,08,2025,503
3240,55,2025,821
3240,05,2025,853
3240,06,2025,828
3240,07,2025,326
3240,122,2025,157
3240,158,2025,51
3240,154,2025,142
3240,152,2025,123
3240,123,2025,61
3240,159,2025,32
3240,153,2025,18
3240,10,2025,251
3240,132,2025,37
3242,01,2025,412
3242,02,2025,496
3242,03,2025,126
3242,04,2025,78
3242,08,2025,85
3242,55,2025,98
3242,05,2025,193
3242,06,2025,54
3242,07,2025,39
3242,122,2025,23
3242,158,2025,9
3242,154,2025,35
3242,152,2025,10
3242,123,2025,12
3242,159,2025,2
3242,153,2025,1
3242,10,2025,13
3242,132,2025,3
0301,01,1989,89414
0301,01,1993,101598
0301,01,1997,98340
0301,01,2001,64768
0301,01,2005,97246
0301,01,2009,113103
0301,01,2013,106001
0301,01,2017,104089
0301,01,2021,87158
0301,01,2025,108268
0301,02,1989,44920
0301,02,1993,23129
0301,02,1997,52828
0301,02,2001,37564
0301,02,2005,53280
0301,02,2009,56953
0301,02,2013,40660
0301,02,2017,35037
0301,02,2021,22784
0301,02,2025,60432
0301,03,1989,95679
0301,03,1993,76117
0301,03,1997,63980
0301,03,2001,83979
0301,03,2005,61130
0301,03,2009,69999
0301,03,2013,103834
0301,03,2017,97085
0301,03,2021,89342
0301,03,2025,78043
0301,04,1989,11414
0301,04,1993,9862
0301,04,1997,20083
0301,04,2001,17536
0301,04,2005,11168
0301,04,2009,8786
0301,04,2013,9850
0301,04,2017,7843
0301,04,2021,6922
0301,04,2025,8920
0301,08,1989,1727
0301,08,1993,656
0301,08,1997,1302
0301,08,2001,661
0301,08,2005,668
0301,08,2009,1828
0301,08,2013,19356
0301,08,2017,21853
0301,08,2021,32198
0301,08,2025,43326
0301,55,2009,12917
0301,55,2013,11133
0301,55,2017,23083
0301,55,2021,31352
0301,55,2025,30176
0301,05,1989,2189
0301,05,1993,12175
0301,05,1997,3774
0301,05,2001,1988
0301,05,2005,3270
0301,05,2009,3126
0301,05,2013,2963
0301,05,2017,7778
0301,05,2021,11953
0301,05,2025,3166
0301,06,1989,34882
0301,06,1993,19873
0301,06,1997,25954
0301,06,2001,48800
0301,06,2005,41434
0301,06,2009,33205
0301,06,2013,21924
0301,06,2017,34052
0301,06,2021,50382
0301,06,2025,45181
0301,07,1989,7963
0301,07,1993,9518
0301,07,1997,12460
0301,07,2001,17139
0301,07,2005,28639
0301,07,2009,20784
0301,07,2013,28619
0301,07,2017,30933
0301,07,2021,38142
0301,07,2025,30643
0301,100,2005,215
0301,130,2017,314
0301,150,2021,232
0301,122,2005,248
0301,122,2013,236
0301,122,2017,326
0301,122,2021,2585
0301,122,2025,1828
0301,157,2025,712
0301,13,1993,1279
0301,13,1997,360
0301,13,2001,159
0301,16,1993,52
0301,131,2017,326
0301,131,2021,275
0301,151,2021,1072
0301,24,1989,52
0301,17,1993,151
0301,158,2025,2063
0301,15,1989,7543
0301,154,2025,1721
0301,26,1997,171
0301,152,2021,234
0301,152,2025,802
0301,48,2001,213
0301,48,2005,117
0301,48,2009,292
0301,48,2013,97
0301,44,2001,902
0301,44,2005,551
0301,44,2009,145
0301,44,2013,126
0301,44,2021,64
0301,123,2013,734
0301,123,2017,343
0301,123,2021,474
0301,123,2025,704
0301,12,1989,110
0301,12,1993,143
0301,12,1997,56
0301,12,2001,40
0301,12,2005,104
0301,12,2009,170
0301,12,2013,267
0301,133,2017,667
0301,133,2021,665
0301,20,1993,375
0301,20,1997,230
0301,20,2001,87
0301,09,1997,184
0301,09,2001,189
0301,09,2005,141
0301,09,2009,115
0301,09,2013,143
0301,09,2017,119
0301,09,2021,123
0301,49,2001,103
0301,159,2025,202
0301,153,2021,1367
0301,153,2025,1295
0301,10,1989,1770
0301,10,1993,5008
0301,10,1997,2729
0301,10,2001,1811
0301,10,2005,1346
0301,10,2009,1146
0301,10,2013,1172
0301,10,2017,1335
0301,10,2021,1312
0301,10,2025,1589
0301,124,2013,1357
0301,124,2017,630
0301,124,2021,336
0301,46,2001,3719
0301,160,2025,2361
0301,28,1997,281
0301,11,1993,14266
0301,11,1997,11766
0301,11,2001,8574
0301,11,2005,9277
0301,21,1993,95
0301,21,1997,125
0301,21,2013,70
0301,21,2017,104
0301,22,1993,1468
0301,47,2001,55
0301,14,1989,2636
0301,27,1997,45
0301,27,2001,73
0301,132,2017,1184
0301,132,2021,593
0301,132,2025,486
0301,92,1993,1828
0301,92,2001,600
0301,92,2009,547
3301,01,2025,17214
3301,02,2025,15013
3301,03,2025,9245
3301,04,2025,1545
3301,08,2025,2368
3301,55,2025,2647
3301,05,2025,1179
3301,06,2025,3004
3301,07,2025,2032
3301,122,2025,457
3301,158,2025,162
3301,154,2025,347
3301,152,2025,232
3301,123,2025,231
3301,159,2025,97
3301,153,2025,398
3301,10,2025,419
3301,132,2025,74
3303,01,2025,5486
3303,02,2025,4097
3303,03,2025,2516
3303,04,2025,419
3303,08,2025,721
3303,55,2025,657
3303,05,2025,886
3303,06,2025,758
3303,07,2025,596
3303,122,2025,152
3303,158,2025,62
3303,154,2025,109
3303,152,2025,127
3303,123,2025,71
3303,159,2025,29
3303,153,2025,16
3303,10,2025,113
3303,132,2025,42
3305,01,2025,5501
3305,02,2025,5289
3305,03,2025,2464
3305,04,2025,430
3305,08,2025,530
3305,55,2025,883
3305,05,2025,934
3305,06,2025,721
3305,07,2025,434
3305,122,2025,151
3305,158,2025,38
3305,154,2025,155
3305,152,2025,208
3305,123,2025,44
3305,159,2025,24
3305,153,2025,16
3305,10,2025,233
3305,132,2025,28
3310,01,2025,969
3310,02,2025,1016
3310,03,2025,930
3310,04,2025,156
3310,08,2025,149
3310,55,2025,138
3310,05,2025,199
3310,06,2025,153
3310,07,2025,154
3310,122,2025,50
3310,158,2025,7
3310,154,2025,32
3310,152,2025,29
3310,123,2025,7
3310,159,2025,5
3310,153,2025,4
3310,10,2025,29
3310,132,2025,10
3312,01,2025,4440
3312,02,2025,4228
3312,03,2025,3214
3312,04,2025,365
3312,08,2025,714
3312,55,2025,524
3312,05,2025,560
3312,06,2025,642
3312,07,2025,651
3312,122,2025,109
3312,158,2025,35
3312,154,2025,92
3312,152,2025,58
3312,123,2025,47
3312,159,2025,16
3312,153,2025,54
3312,10,2025,80
3312,132,2025,27
3314,01,2025,3115
3314,02,2025,4027
3314,03,2025,1459
3314,04,2025,509
3314,08,2025,267
3314,55,2025,339
3314,05,2025,750
3314,06,2025,393
3314,07,2025,266
3314,122,2025,144
3314,158,2025,35
3314,154,2025,87
3314,152,2025,78
3314,123,2025,85
3314,159,2025,33
3314,153,2025,16
3314,10,2025,78
3314,132,2025,27
3316,01,2025,2498
3316,02,2025,2838
3316,03,2025,851
3316,04,2025,170
3316,08,2025,208
3316,55,2025,342
3316,05,2025,664
3316,06,2025,243
3316,07,2025,144
3316,122,2025,103
3316,158,2025,14
3316,154,2025,69
3316,152,2025,48
3316,123,2025,31
3316,159,2025,18
3316,153,2025,15
3316,10,2025,50
3316,132,2025,14
3318,01,2025,366
3318,02,2025,395
3318,03,2025,163
3318,04,2025,21
3318,08,2025,19
3318,55,2025,42
3318,05,2025,149
3318,06,2025,34
3318,07,2025,14
3318,122,2025,20
3318,158,2025,2
3318,154,2025,4
3318,152,2025,11
3318,123,2025,2
3318,159,2025,3
3318,153,2025,3
3318,10,2025,14
3320,01,2025,167
3320,02,2025,188
3320,03,2025,76
3320,04,2025,16
3320,08,2025,5
3320,55,2025,20
3320,05,2025,108
3320,06,2025,14
3320,07,2025,7
3320,122,2025,5
3320,158,2025,4
3320,154,2025,7
3320,152,2025,3
3320,123,2025,1
3320,159,2025,2
3320,10,2025,8
3320,132,2025,1
3322,01,2025,636
3322,02,2025,415
3322,03,2025,241
3322,04,2025,70
3322,08,2025,30
3322,55,2025,75
3322,05,2025,263
3322,06,2025,51
3322,07,2025,34
3322,122,2025,14
3322,158,2025,4
3322,154,2025,13
3322,152,2025,11
3322,123,2025,21
3322,159,2025,2
3322,153,2025,1
3322,10,2025,19
3322,132,2025,4
3324,01,2025,720
3324,02,2025,752
3324,03,2025,420
3324,04,2025,85
3324,08,2025,52
3324,55,2025,80
3324,05,2025,321
3324,06,2025,102
3324,07,2025,58
3324,122,2025,25
3324,158,2025,6
3324,154,2025,13
3324,152,2025,7
3324,123,2025,13
3324,159,2025,1
3324,153,2025,1
3324,10,2025,9
3324,132,2025,6
3326,01,2025,297
3326,02,2025,302
3326,03,2025,223
3326,04,2025,95
3326,08,2025,57
3326,55,2025,38
3326,05,2025,208
3326,06,2025,78
3326,07,2025,50
3326,122,2025,6
3326,158,2025,3
3326,154,2025,10
3326,152,2025,4
3326,123,2025,9
3326,159,2025,2
3326,153,2025,4
3326,10,2025,3
3326,132,2025,5
3328,01,2025,856
3328,02,2025,609
3328,03,2025,339
3328,04,2025,172
3328,08,2025,102
3328,55,2025,59
3328,05,2025,525
3328,06,2025,130
3328,07,2025,67
3328,122,2025,16
3328,158,2025,9
3328,154,2025,17
3328,152,2025,8
3328,123,2025,19
3328,159,2025,2
3328,153,2025,1
3328,10,2025,10
3328,132,2025,4
3330,01,2025,589
3330,02,2025,701
3330,03,2025,420
3330,04,2025,76
3330,08,2025,74
3330,55,2025,60
3330,05,2025,370
3330,06,2025,101
3330,07,2025,71
3330,122,2025,17
3330,158,2025,11
3330,154,2025,20
3330,152,2025,6
3330,123,2025,17
3330,159,2025,4
3330,153,2025,3
3330,10,2025,11
3330,132,2025,4
3332,01,2025,503
3332,02,2025,646
3332,03,2025,217
3332,04,2025,32
3332,08,2025,20
3332,55,2025,57
3332,05,2025,501
3332,06,2025,45
3332,07,2025,18
3332,122,2025,34
3332,158,2025,3
3332,154,2025,29
3332,152,2025,17
3332,123,2025,2
3332,159,2025,10
3332,153,2025,1
3332,10,2025,10
3332,132,2025,4
3334,01,2025,370
3334,02,2025,574
3334,03,2025,150
3334,04,2025,37
3334,08,2025,21
3334,55,2025,59
3334,05,2025,217
3334,06,2025,45
3334,07,2025,30
3334,122,2025,22
3334,158,2025,7
3334,154,2025,15
3334,152,2025,5
3334,123,2025,9
3334,159,2025,3
3334,10,2025,14
3334,132,2025,2
3336,01,2025,275
3336,02,2025,184
3336,03,2025,64
3336,04,2025,36
3336,08,2025,13
3336,55,2025,43
3336,05,2025,185
3336,06,2025,18
3336,07,2025,10
3336,122,2025,7
3336,158,2025,1
3336,154,2025,12
3336,152,2025,5
3336,123,2025,1
3336,159,2025,7
3336,10,2025,3
3338,01,2025,345
3338,02,2025,384
3338,03,2025,117
3338,04,2025,46
3338,08,2025,33
3338,55,2025,47
3338,05,2025,334
3338,06,2025,40
3338,07,2025,8
3338,122,2025,30
3338,158,2025,3
3338,154,2025,4
3338,152,2025,13
3338,123,2025,5
3338,159,2025,6
3338,153,2025,1
3338,10,2025,4
3338,132,2025,3
3401,01,2021,3632
3401,01,2025,3736
3401,02,2021,1151
3401,02,2025,2855
3401,03,2021,1272
3401,03,2025,1040
3401,04,2021,131
3401,04,2025,183
3401,08,2021,138
3401,08,2025,221
3401,55,2021,328
3401,55,2025,516
3401,05,2021,2111
3401,05,2025,820
3401,06,2021,614
3401,06,2025,402
3401,07,2021,236
3401,07,2025,185
3401,150,2021,5
3401,122,2021,117
3401,122,2025,115
3401,151,2021,7
3401,158,2025,16
3401,154,2025,59
3401,152,2021,13
3401,152,2025,38
3401,123,2021,19
3401,123,2025,31
3401,133,2021,21
3401,159,2025,21
3401,153,2021,15
3401,153,2025,9
3401,10,2021,266
3401,10,2025,235
3401,156,2021,13
3401,132,2021,25
3401,132,2025,13
3403,01,2021,6443
3403,01,2025,7945
3403,02,2021,1169
3403,02,2025,3083
3403,03,2021,2774
3403,03,2025,2758
3403,04,2021,488
3403,04,2025,598
3403,08,2021,683
3403,08,2025,1021
3403,55,2021,775
3403,55,2025,1068
3403,05,2021,2808
3403,05,2025,1091
3403,06,2021,2209
3403,06,2025,1408
3403,07,2021,873
3403,07,2025,731
3403,150,2021,13
3403,122,2021,134
3403,122,2025,103
3403,151,2021,7
3403,158,2025,40
3403,154,2025,98
3403,152,2021,23
3403,152,2025,73
3403,123,2021,30
3403,123,2025,55
3403,133,2021,24
3403,159,2025,14
3403,153,2021,42
3403,153,2025,29
3403,10,2021,189
3403,10,2025,328
3403,156,2021,12
3403,132,2021,32
3403,132,2025,24
3405,01,2021,5979
3405,01,2025,6471
3405,02,2021,1034
3405,02,2025,2777
3405,03,2021,2700
3405,03,2025,2277
3405,04,2021,288
3405,04,2025,445
3405,08,2021,804
3405,08,2025,991
3405,55,2021,849
3405,55,2025,924
3405,05,2021,2146
3405,05,2025,1130
3405,06,2021,1615
3405,06,2025,1216
3405,07,2021,690
3405,07,2025,599
3405,150,2021,5
3405,122,2021,100
3405,122,2025,84
3405,151,2021,15
3405,158,2025,55
3405,154,2025,101
3405,152,2021,19
3405,152,2025,81
3405,123,2021,26
3405,123,2025,38
3405,133,2021,9
3405,159,2025,24
3405,153,2021,43
3405,153,2025,34
3405,10,2021,133
3405,10,2025,214
3405,124,2021,16
3405,132,2021,33
3405,132,2025,17
3407,01,2021,6429
3407,01,2025,6647
3407,02,2021,1356
3407,02,2025,3729
3407,03,2021,2687
3407,03,2025,2125
3407,04,2021,388
3407,04,2025,505
3407,08,2021,449
3407,08,2025,538
3407,55,2021,655
3407,55,2025,836
3407,05,2021,2891
3407,05,2025,1420
3407,06,2021,1050
3407,06,2025,836
3407,07,2021,546
3407,07,2025,526
3407,150,2021,8
3407,122,2021,110
3407,122,2025,112
3407,151,2021,11
3407,158,2025,40
3407,154,2025,107
3407,152,2021,16
3407,152,2025,98
3407,123,2021,55
3407,123,2025,81
3407,133,2021,17
3407,159,2025,26
3407,153,2021,28
3407,153,2025,28
3407,10,2021,118
3407,10,2025,135
3407,124,2021,16
3407,132,2021,35
3407,132,2025,35
3411,01,2021,6888
3411,01,2025,7575
3411,02,2021,1777
3411,02,2025,4495
3411,03,2021,2245
3411,03,2025,1875
3411,04,2021,291
3411,04,2025,426
3411,08,2021,405
3411,08,2025,543
3411,55,2021,593
3411,55,2025,809
3411,05,2021,4641
3411,05,2025,2285
3411,06,2021,1154
3411,06,2025,769
3411,07,2021,437
3411,07,2025,380
3411,150,2021,30
3411,122,2021,210
3411,122,2025,206
3411,151,2021,18
3411,158,2025,37
3411,154,2025,133
3411,152,2021,46
3411,152,2025,151
3411,123,2021,25
3411,123,2025,35
3411,133,2021,15
3411,159,2025,19
3411,153,2021,31
3411,153,2025,26
3411,10,2021,345
3411,10,2025,483
3411,156,2021,11
3411,132,2021,50
3411,132,2025,37
3412,01,2021,1556
3412,01,2025,1704
3412,02,2021,353
3412,02,2025,1014
3412,03,2021,309
3412,03,2025,252
3412,04,2021,99
3412,04,2025,125
3412,08,2021,95
3412,08,2025,132
3412,55,2021,137
3412,55,2025,218
3412,05,2021,1546
3412,05,2025,705
3412,06,2021,209
3412,06,2025,170
3412,07,2021,64
3412,07,2025,46
3412,150,2021,3
3412,122,2021,55
3412,122,2025,76
3412,151,2021,6
3412,158,2025,8
3412,154,2025,45
3412,152,2021,3
3412,152,2025,32
3412,123,2021,12
3412,123,2025,23
3412,133,2021,8
3412,159,2025,11
3412,153,2021,11
3412,153,2025,6
3412,10,2021,37
3412,10,2025,69
3412,156,2021,2
3412,132,2021,16
3412,132,2025,16
3413,01,2021,4205
3413,01,2025,4740
3413,02,2021,880
3413,02,2025,2259
3413,03,2021,1145
3413,03,2025,1050
3413,04,2021,419
3413,04,2025,571
3413,08,2021,286
3413,08,2025,452
3413,55,2021,449
3413,55,2025,674
3413,05,2021,3505
3413,05,2025,1488
3413,06,2021,960
3413,06,2025,716
3413,07,2021,290
3413,07,2025,252
3413,150,2021,8
3413,122,2021,93
3413,122,2025,192
3413,151,2021,12
3413,158,2025,34
3413,154,2025,77
3413,152,2021,13
3413,152,2025,62
3413,123,2021,46
3413,123,2025,52
3413,133,2021,11
3413,159,2025,16
3413,153,2021,29
3413,153,2025,11
3413,10,2021,78
3413,10,2025,179
3413,156,2021,3
3413,132,2021,29
3413,132,2025,29
3414,01,2021,1113
3414,01,2025,1005
3414,02,2021,279
3414,02,2025,767
3414,03,2021,196
3414,03,2025,164
3414,04,2021,27
3414,04,2025,44
3414,08,2021,18
3414,08,2025,43
3414,55,2021,112
3414,55,2025,210
3414,05,2021,901
3414,05,2025,443
3414,06,2021,176
3414,06,2025,143
3414,07,2021,40
3414,07,2025,41
3414,150,2021,2
3414,122,2021,57
3414,122,2025,46
3414,151,2021,1
3414,158,2025,10
3414,154,2025,12
3414,152,2021,4
3414,152,2025,28
3414,123,2021,4
3414,123,2025,5
3414,133,2021,4
3414,159,2025,3
3414,153,2021,8
3414,153,2025,4
3414,10,2021,21
3414,10,2025,61
3414,156,2021,21
3414,132,2021,20
3414,132,2025,5
3415,01,2021,1451
3415,01,2025,1414
3415,02,2021,521
3415,02,2025,1472
3415,03,2021,507
3415,03,2025,355
3415,04,2021,23
3415,04,2025,54
3415,08,2021,71
3415,08,2025,85
3415,55,2021,177
3415,55,2025,292
3415,05,2021,1246
3415,05,2025,593
3415,06,2021,250
3415,06,2025,193
3415,07,2021,74
3415,07,2025,96
3415,150,2021,4
3415,122,2021,67
3415,122,2025,58
3415,151,2021,4
3415,158,2025,15
3415,154,2025,36
3415,152,2021,13
3415,152,2025,51
3415,123,2021,7
3415,123,2025,13
3415,133,2021,10
3415,159,2025,14
3415,153,2021,7
3415,153,2025,6
3415,10,2021,55
3415,10,2025,107
3415,156,2021,1
3415,132,2021,42
3415,132,2025,11
3416,01,2021,1102
3416,01,2025,1156
3416,02,2021,411
3416,02,2025,1103
3416,03,2021,359
3416,03,2025,264
3416,04,2021,42
3416,04,2025,59
3416,08,2021,45
3416,08,2025,50
3416,55,2021,93
3416,55,2025,170
3416,05,2021,1085
3416,05,2025,469
3416,06,2021,126
3416,06,2025,79
3416,07,2021,59
3416,07,2025,55
3416,150,2021,5
3416,122,2021,54
3416,122,2025,53
3416,151,2021,1
3416,158,2025,17
3416,154,2025,26
3416,152,2021,4
3416,152,2025,28
3416,123,2021,12
3416,123,2025,10
3416,133,2021,4
3416,159,2025,12
3416,153,2021,7
3416,153,2025,3
3416,10,2021,66
3416,10,2025,60
3416,132,2021,11
3416,132,2025,1
3417,01,2021,914
3417,01,2025,811
3417,02,2021,303
3417,02,2025,671
3417,03,2021,235
3417,03,2025,178
3417,04,2021,14
3417,04,2025,22
3417,08,2021,30
3417,08,2025,31
3417,55,2021,78
3417,55,2025,115
3417,05,2021,898
3417,05,2025,570
3417,06,2021,101
3417,06,2025,69
3417,07,2021,31
3417,07,2025,23
3417,150,2021,2
3417,122,2021,45
3417,122,2025,42
3417,151,2021,2
3417,158,2025,6
3417,154,2025,12
3417,152,2021,2
3417,152,2025,25
3417,123,2021,1
3417,123,2025,11
3417,133,2021,9
3417,159,2025,6
3417,153,2021,6
3417,153,2025,3
3417,10,2021,29
3417,10,2025,61
3417,156,2021,10
3417,132,2021,8
3417,132,2025,12
3418,01,2021,1368
3418,01,2025,953
3418,02,2021,501
3418,02,2025,1219
3418,03,2021,295
3418,03,2025,157
3418,04,2021,45
3418,04,2025,58
3418,08,2021,37
3418,08,2025,50
3418,55,2021,129
3418,55,2025,199
3418,05,2021,1343
3418,05,2025,1278
3418,06,2021,172
3418,06,2025,91
3418,07,2021,47
3418,07,2025,35
3418,150,2021,4
3418,122,2021,113
3418,122,2025,50
3418,151,2021,5
3418,158,2025,4
3418,154,2025,28
3418,152,2021,7
3418,152,2025,23
3418,123,2021,14
3418,123,2025,28
3418,133,2021,2
3418,159,2025,9
3418,153,2021,6
3418,153,2025,3
3418,10,2021,58
3418,10,2025,79
3418,156,2021,4
3418,132,2021,9
3418,132,2025,8
3419,01,2021,599
3419,01,2025,535
3419,02,2021,209
3419,02,2025,510
3419,03,2021,117
3419,03,2025,110
3419,04,2021,13
3419,04,2025,15
3419,08,2021,16
3419,08,2025,23
3419,55,2021,76
3419,55,2025,98
3419,05,2021,806
3419,05,2025,505
3419,06,2021,111
3419,06,2025,66
3419,07,2021,23
3419,07,2025,29
3419,150,2021,1
3419,122,2021,44
3419,122,2025,30
3419,151,2021,2
3419,158,2025,6
3419,154,2025,18
3419,152,2021,2
3419,152,2025,8
3419,123,2021,8
3419,123,2025,12
3419,133,2021,3
3419,159,2025,8
3419,153,2021,4
3419,153,2025,5
3419,10,2021,75
3419,10,2025,127
3419,156,2021,1
3419,132,2021,4
3419,132,2025,3
3420,01,2021,3727
3420,01,2025,4474
3420,02,2021,1097
3420,02,2025,3011
3420,03,2021,1429
3420,03,2025,1413
3420,04,2021,93
3420,04,2025,188
3420,08,2021,256
3420,08,2025,338
3420,55,2021,419
3420,55,2025,550
3420,05,2021,3823
3420,05,2025,1502
3420,06,2021,800
3420,06,2025,493
3420,07,2021,209
3420,07,2025,182
3420,150,2021,9
3420,122,2021,160
3420,122,2025,135
3420,151,2021,8
3420,158,2025,32
3420,154,2025,85
3420,152,2021,16
3420,152,2025,105
3420,123,2021,11
3420,123,2025,11
3420,133,2021,3
3420,159,2025,11
3420,153,2021,22
3420,153,2025,12
3420,10,2021,167
3420,10,2025,317
3420,156,2021,8
3420,132,2021,29
3420,132,2025,16
3421,01,2021,1221
3421,01,2025,1349
3421,02,2021,309
3421,02,2025,733
3421,03,2021,410
3421,03,2025,342
3421,04,2021,64
3421,04,2025,88
3421,08,2021,47
3421,08,2025,58
3421,55,2021,84
3421,55,2025,111
3421,05,2021,1408
3421,05,2025,719
3421,06,2021,188
3421,06,2025,169
3421,07,2021,57
3421,07,2025,47
3421,150,2021,2
3421,122,2021,42
3421,122,2025,38
3421,158,2025,6
3421,154,2025,23
3421,152,2021,4
3421,152,2025,25
3421,123,2021,12
3421,123,2025,18
3421,133,2021,8
3421,159,2025,1
3421,153,2021,3
3421,153,2025,5
3421,10,2021,17
3421,10,2025,45
3421,156,2021,1
3421,132,2021,4
3421,132,2025,2
3422,01,2021,705
3422,01,2025,729
3422,02,2021,210
3422,02,2025,604
3422,03,2021,221
3422,03,2025,199
3422,04,2021,7
3422,04,2025,27
3422,08,2021,38
3422,08,2025,43
3422,55,2021,90
3422,55,2025,123
3422,05,2021,949
3422,05,2025,430
3422,06,2021,134
3422,06,2025,91
3422,07,2021,46
3422,07,2025,31
3422,150,2021,1
3422,122,2021,64
3422,122,2025,34
3422,151,2021,3
3422,158,2025,5
3422,154,2025,16
3422,152,2021,6
3422,152,2025,12
3422,123,2021,3
3422,123,2025,7
3422,133,2021,3
3422,159,2025,6
3422,153,2021,3
3422,153,2025,3
3422,10,2021,12
3422,10,2025,34
3422,156,2021,5
3422,132,2021,5
3422,132,2025,1
3423,01,2021,437
3423,01,2025,455
3423,02,2021,112
3423,02,2025,259
3423,03,2021,97
3423,03,2025,79
3423,04,2021,3
3423,04,2025,5
3423,08,2021,21
3423,08,2025,24
3423,55,2021,54
3423,55,2025,85
3423,05,2021,517
3423,05,2025,258
3423,06,2021,76
3423,06,2025,38
3423,07,2021,17
3423,07,2025,29
3423,150,2021,3
3423,122,2021,22
3423,122,2025,28
3423,151,2021,3
3423,158,2025,8
3423,154,2025,7
3423,152,2021,5
3423,152,2025,9
3423,123,2021,5
3423,123,2025,5
3423,133,2021,1
3423,159,2025,5
3423,153,2021,2
3423,10,2021,17
3423,10,2025,18
3423,156,2021,1
3424,01,2021,345
3424,01,2025,377
3424,02,2021,52
3424,02,2025,170
3424,03,2021,56
3424,03,2025,72
3424,04,2021,7
3424,04,2025,9
3424,08,2021,8
3424,08,2025,16
3424,55,2021,34
3424,55,2025,58
3424,05,2021,564
3424,05,2025,351
3424,06,2021,45
3424,06,2025,40
3424,07,2021,5
3424,07,2025,12
3424,122,2021,15
3424,122,2025,10
3424,158,2025,5
3424,154,2025,8
3424,152,2021,3
3424,152,2025,12
3424,123,2025,2
3424,159,2025,3
3424,153,2021,2
3424,153,2025,3
3424,10,2021,9
3424,10,2025,15
3424,156,2021,1
3424,132,2021,1
3425,01,2021,226
3425,01,2025,258
3425,02,2021,53
3425,02,2025,122
3425,03,2021,71
3425,03,2025,66
3425,04,2025,6
3425,08,2021,18
3425,08,2025,11
3425,55,2021,17
3425,55,2025,49
3425,05,2021,428
3425,05,2025,243
3425,06,2021,26
3425,06,2025,30
3425,07,2021,4
3425,07,2025,6
3425,150,2021,1
3425,122,2021,4
3425,122,2025,6
3425,151,2021,1
3425,158,2025,3
3425,154,2025,4
3425,152,2025,3
3425,159,2025,1
3425,153,2021,1
3425,153,2025,4
3425,10,2021,4
3425,10,2025,10
3425,132,2021,3
3425,132,2025,1
3426,01,2021,234
3426,01,2025,264
3426,02,2021,21
3426,02,2025,69
3426,03,2021,37
3426,03,2025,31
3426,04,2021,5
3426,04,2025,14
3426,08,2021,27
3426,08,2025,39
3426,55,2021,35
3426,55,2025,49
3426,05,2021,450
3426,05,2025,325
3426,06,2021,112
3426,06,2025,79
3426,07,2021,17
3426,07,2025,13
3426,122,2021,6
3426,122,2025,3
3426,158,2025,6
3426,154,2025,2
3426,152,2021,1
3426,152,2025,6
3426,123,2025,3
3426,10,2021,2
3426,10,2025,8
3426,132,2025,1
3427,01,2021,919
3427,01,2025,1103
3427,02,2021,147
3427,02,2025,403
3427,03,2021,212
3427,03,2025,205
3427,04,2021,46
3427,04,2025,42
3427,08,2021,87
3427,08,2025,139
3427,55,2021,84
3427,55,2025,134
3427,05,2021,1492
3427,05,2025,977
3427,06,2021,247
3427,06,2025,158
3427,07,2021,64
3427,07,2025,64
3427,150,2021,2
3427,122,2021,39
3427,122,2025,27
3427,151,2021,1
3427,154,2025,15
3427,152,2021,5
3427,152,2025,26
3427,123,2021,6
3427,123,2025,7
3427,133,2021,3
3427,159,2025,4
3427,153,2021,9
3427,153,2025,3
3427,10,2021,21
3427,10,2025,31
3427,156,2021,1
3427,132,2021,5
3427,132,2025,4
3428,01,2021,389
3428,01,2025,475
3428,02,2021,60
3428,02,2025,190
3428,03,2021,124
3428,03,2025,68
3428,04,2021,32
3428,04,2025,32
3428,08,2021,33
3428,08,2025,43
3428,55,2021,32
3428,55,2025,44
3428,05,2021,671
3428,05,2025,474
3428,06,2021,68
3428,06,2025,39
3428,07,2021,24
3428,07,2025,23
3428,150,2021,2
3428,122,2021,6
3428,122,2025,14
3428,158,2025,1
3428,154,2025,7
3428,152,2021,1
3428,152,2025,10
3428,123,2021,1
3428,133,2021,5
3428,153,2025,2
3428,10,2021,3
3428,10,2025,9
3428,132,2025,1
3429,01,2021,314
3429,01,2025,339
3429,02,2021,47
3429,02,2025,86
3429,03,2021,45
3429,03,2025,46
3429,04,2021,5
3429,04,2025,11
3429,08,2021,7
3429,08,2025,25
3429,55,2021,44
3429,55,2025,68
3429,05,2021,514
3429,05,2025,368
3429,06,2021,52
3429,06,2025,38
3429,07,2021,8
3429,07,2025,5
3429,150,2021,1
3429,122,2021,4
3429,122,2025,6
3429,158,2025,5
3429,154,2025,5
3429,152,2025,7
3429,123,2021,2
3429,123,2025,1
3429,159,2025,3
3429,153,2021,1
3429,10,2021,8
3429,10,2025,12
3429,132,2025,3
3430,01,2021,348
3430,01,2025,417
3430,02,2021,34
3430,02,2025,108
3430,03,2021,35
3430,03,2025,32
3430,04,2021,22
3430,04,2025,30
3430,08,2021,16
3430,08,2025,20
3430,55,2021,36
3430,55,2025,71
3430,05,2021,580
3430,05,2025,404
3430,06,2021,72
3430,06,2025,76
3430,07,2021,17
3430,07,2025,11
3430,150,2021,2
3430,122,2021,4
3430,122,2025,9
3430,158,2025,1
3430,154,2025,11
3430,152,2021,1
3430,152,2025,5
3430,123,2021,1
3430,133,2021,1
3430,159,2025,3
3430,153,2021,1
3430,10,2021,3
3430,10,2025,4
3430,156,2021,2
3431,01,2021,473
3431,01,2025,507
3431,02,2021,107
3431,02,2025,262
3431,03,2021,108
3431,03,2025,66
3431,04,2021,13
3431,04,2025,19
3431,08,2021,19
3431,08,2025,41
3431,55,2021,33
3431,55,2025,59
3431,05,2021,631
3431,05,2025,402
3431,06,2021,59
3431,06,2025,45
3431,07,2021,17
3431,07,2025,15
3431,150,2021,2
3431,122,2021,14
3431,122,2025,19
3431,158,2025,4
3431,154,2025,6
3431,152,2021,3
3431,152,2025,9
3431,123,2021,2
3431,123,2025,5
3431,133,2021,4
3431,159,2025,1
3431,153,2021,2
3431,153,2025,2
3431,10,2025,13
3431,124,2021,2
3431,132,2021,3
3431,132,2025,2
3432,01,2021,282
3432,01,2025,282
3432,02,2021,77
3432,02,2025,217
3432,03,2021,60
3432,03,2025,39
3432,04,2021,11
3432,04,2025,18
3432,08,2021,11
3432,08,2025,11
3432,55,2021,29
3432,55,2025,54
3432,05,2021,674
3432,05,2025,468
3432,06,2021,34
3432,06,2025,46
3432,07,2021,11
3432,07,2025,10
3432,150,2021,1
3432,122,2021,6
3432,122,2025,16
3432,154,2025,4
3432,152,2021,2
3432,152,2025,4
3432,123,2021,3
3432,123,2025,5
3432,159,2025,2
3432,153,2025,2
3432,10,2021,2
3432,10,2025,6
3432,132,2021,2
3433,01,2021,326
3433,01,2025,109
3433,02,2021,69
3433,02,2025,215
3433,03,2021,58
3433,03,2025,29
3433,04,2021,5
3433,04,2025,12
3433,08,2021,22
3433,08,2025,13
3433,55,2021,59
3433,55,2025,95
3433,05,2021,711
3433,05,2025,741
3433,06,2021,63
3433,06,2025,69
3433,07,2021,11
3433,07,2025,10
3433,122,2021,15
3433,122,2025,18
3433,151,2021,1
3433,158,2025,3
3433,154,2025,15
3433,152,2021,6
3433,152,2025,8
3433,123,2021,2
3433,123,2025,4
3433,133,2021,1
3433,159,2025,2
3433,153,2021,3
3433,153,2025,3
3433,10,2021,8
3433,10,2025,8
3433,124,2021,2
3433,132,2021,2
3433,132,2025,2
3434,01,2021,362
3434,01,2025,120
3434,02,2021,73
3434,02,2025,171
3434,03,2021,62
3434,03,2025,25
3434,04,2021,8
3434,04,2025,18
3434,08,2021,14
3434,08,2025,12
3434,55,2021,37
3434,55,2025,74
3434,05,2021,669
3434,05,2025,827
3434,06,2021,75
3434,06,2025,97
3434,07,2021,7
3434,07,2025,19
3434,150,2021,5
3434,122,2021,13
3434,122,2025,6
3434,158,2025,2
3434,154,2025,2
3434,152,2021,1
3434,152,2025,7
3434,123,2021,3
3434,123,2025,3
3434,153,2025,6
3434,10,2021,1
3434,10,2025,7
3434,124,2021,1
3434,132,2021,3
3434,132,2025,1
3435,01,2021,704
3435,01,2025,549
3435,02,2021,174
3435,02,2025,365
3435,03,2021,112
3435,03,2025,86
3435,04,2021,12
3435,04,2025,18
3435,08,2021,28
3435,08,2025,23
3435,55,2021,71
3435,55,2025,77
3435,05,2021,823
3435,05,2025,738
3435,06,2021,148
3435,06,2025,151
3435,07,2021,14
3435,07,2025,13
3435,150,2021,4
3435,122,2021,34
3435,122,2025,14
3435,158,2025,2
3435,154,2025,12
3435,152,2021,2
3435,152,2025,15
3435,123,2021,2
3435,123,2025,6
3435,133,2021,1
3435,159,2025,1
3435,153,2021,1
3435,153,2025,2
3435,10,2021,9
3435,10,2025,14
3435,132,2021,2
3435,132,2025,2
3436,01,2021,1364
3436,01,2025,1144
3436,02,2021,261
3436,02,2025,857
3436,03,2021,290
3436,03,2025,205
3436,04,2021,36
3436,04,2025,46
3436,08,2021,23
3436,08,2025,32
3436,55,2021,62
3436,55,2025,130
3436,05,2021,941
3436,05,2025,696
3436,06,2021,83
3436,06,2025,82
3436,07,2021,33
3436,07,2025,30
3436,150,2021,7
3436,122,2021,32
3436,122,2025,38
3436,151,2021,3
3436,158,2025,9
3436,154,2025,15
3436,152,2021,3
3436,152,2025,23
3436,123,2021,6
3436,123,2025,4
3436,159,2025,9
3436,153,2021,4
3436,153,2025,4
3436,10,2021,7
3436,10,2025,25
3436,124,2021,3
3436,132,2021,5
3436,132,2025,4
3437,01,2021,1241
3437,01,2025,1280
3437,02,2021,254
3437,02,2025,624
3437,03,2021,246
3437,03,2025,169
3437,04,2021,21
3437,04,2025,33
3437,08,2021,41
3437,08,2025,50
3437,55,2021,130
3437,55,2025,145
3437,05,2021,942
3437,05,2025,608
3437,06,2021,167
3437,06,2025,148
3437,07,2021,31
3437,07,2025,43
3437,150,2021,3
3437,122,2021,39
3437,122,2025,29
3437,151,2021,2
3437,158,2025,10
3437,154,2025,18
3437,152,2021,10
3437,152,2025,18
3437,123,2021,8
3437,123,2025,13
3437,133,2021,1
3437,159,2025,4
3437,153,2021,5
3437,153,2025,2
3437,10,2021,9
3437,10,2025,27
3437,124,2021,1
3437,132,2021,4
3438,01,2021,634
3438,01,2025,612
3438,02,2021,154
3438,02,2025,368
3438,03,2021,97
3438,03,2025,102
3438,04,2021,7
3438,04,2025,21
3438,08,2021,14
3438,08,2025,21
3438,55,2021,30
3438,55,2025,51
3438,05,2021,684
3438,05,2025,497
3438,06,2021,51
3438,06,2025,35
3438,07,2021,11
3438,07,2025,16
3438,150,2021,2
3438,122,2021,19
3438,122,2025,21
3438,151,2021,1
3438,158,2025,2
3438,154,2025,10
3438,152,2021,1
3438,152,2025,12
3438,123,2025,3
3438,159,2025,5
3438,153,2021,1
3438,153,2025,3
3438,10,2021,5
3438,10,2025,11
3438,132,2021,4
3438,132,2025,2
3439,01,2021,914
3439,01,2025,870
3439,02,2021,171
3439,02,2025,429
3439,03,2021,175
3439,03,2025,131
3439,04,2021,14
3439,04,2025,29
3439,08,2021,33
3439,08,2025,51
3439,55,2021,68
3439,55,2025,108
3439,05,2021,958
3439,05,2025,640
3439,06,2021,82
3439,06,2025,59
3439,07,2021,30
3439,07,2025,17
3439,150,2021,5
3439,122,2021,20
3439,122,2025,22
3439,151,2021,7
3439,158,2025,2
3439,154,2025,12
3439,152,2021,1
3439,152,2025,9
3439,123,2021,3
3439,123,2025,3
3439,133,2021,1
3439,153,2021,7
3439,153,2025,8
3439,10,2021,11
3439,10,2025,16
3439,132,2021,9
3440,01,2021,1106
3440,01,2025,1100
3440,02,2021,137
3440,02,2025,448
3440,03,2021,260
3440,03,2025,259
3440,04,2021,58
3440,04,2025,75
3440,08,2021,58
3440,08,2025,56
3440,55,2021,78
3440,55,2025,121
3440,05,2021,887
3440,05,2025,544
3440,06,2021,159
3440,06,2025,170
3440,07,2021,49
3440,07,2025,48
3440,150,2021,1
3440,122,2021,24
3440,122,2025,16
3440,151,2021,1
3440,158,2025,2
3440,154,2025,21
3440,152,2021,6
3440,152,2025,13
3440,123,2021,1
3440,123,2025,14
3440,133,2021,1
3440,159,2025,5
3440,153,2021,8
3440,153,2025,2
3440,10,2021,5
3440,10,2025,20
3440,124,2021,3
3440,132,2021,8
3440,132,2025,2
3441,01,2021,1318
3441,01,2025,1319
3441,02,2021,261
3441,02,2025,713
3441,03,2021,219
3441,03,2025,172
3441,04,2021,35
3441,04,2025,63
3441,08,2021,65
3441,08,2025,87
3441,55,2021,110
3441,55,2025,165
3441,05,2021,1261
3441,05,2025,782
3441,06,2021,133
3441,06,2025,157
3441,07,2021,54
3441,07,2025,68
3441,150,2021,1
3441,122,2021,24
3441,122,2025,17
3441,158,2025,4
3441,154,2025,30
3441,152,2021,1
3441,152,2025,24
3441,123,2021,3
3441,123,2025,2
3441,133,2021,4
3441,159,2025,3
3441,153,2021,7
3441,153,2025,5
3441,10,2021,15
3441,10,2025,38
3441,124,2021,4
3441,132,2021,2
3441,132,2025,6
3442,01,2021,2987
3442,01,2025,3039
3442,02,2021,843
3442,02,2025,2031
3442,03,2021,986
3442,03,2025,798
3442,04,2021,148
3442,04,2025,213
3442,08,2021,162
3442,08,2025,213
3442,55,2021,285
3442,55,2025,331
3442,05,2021,2202
3442,05,2025,1161
3442,06,2021,377
3442,06,2025,267
3442,07,2021,195
3442,07,2025,227
3442,150,2021,8
3442,122,2021,84
3442,122,2025,77
3442,151,2021,3
3442,158,2025,17
3442,154,2025,61
3442,152,2021,14
3442,152,2025,64
3442,123,2021,11
3442,123,2025,22
3442,133,2021,8
3442,159,2025,17
3442,153,2021,16
3442,153,2025,23
3442,10,2021,63
3442,10,2025,119
3442,124,2021,5
3442,132,2021,9
3442,132,2025,13
3443,01,2021,2877
3443,01,2025,2795
3443,02,2021,863
3443,02,2025,2018
3443,03,2021,980
3443,03,2025,777
3443,04,2021,136
3443,04,2025,181
3443,08,2021,127
3443,08,2025,178
3443,55,2021,316
3443,55,2025,375
3443,05,2021,1589
3443,05,2025,757
3443,06,2021,297
3443,06,2025,260
3443,07,2021,178
3443,07,2025,164
3443,150,2021,6
3443,122,2021,100
3443,122,2025,66
3443,151,2021,6
3443,158,2025,21
3443,154,2025,57
3443,152,2021,8
3443,152,2025,89
3443,123,2021,24
3443,123,2025,31
3443,133,2021,15
3443,159,2025,20
3443,153,2021,11
3443,153,2025,25
3443,10,2021,42
3443,10,2025,87
3443,124,2021,1
3443,132,2021,16
3443,132,2025,23
3446,01,2021,2471
3446,01,2025,2705
3446,02,2021,985
3446,02,2025,2440
3446,03,2021,1358
3446,03,2025,1049
3446,04,2021,116
3446,04,2025,183
3446,08,2021,126
3446,08,2025,165
3446,55,2021,270
3446,55,2025,331
3446,05,2021,1884
3446,05,2025,728
3446,06,2021,328
3446,06,2025,244
3446,07,2021,206
3446,07,2025,155
3446,150,2021,8
3446,122,2021,66
3446,122,2025,70
3446,151,2021,14
3446,158,2025,26
3446,154,2025,79
3446,152,2021,15
3446,152,2025,44
3446,123,2021,19
3446,123,2025,28
3446,133,2021,13
3446,159,2025,6
3446,153,2021,13
3446,153,2025,11
3446,10,2021,48
3446,10,2025,99
3446,124,2021,6
3446,132,2021,23
3446,132,2025,16
3447,01,2021,1156
3447,01,2025,974
3447,02,2021,288
3447,02,2025,749
3447,03,2021,336
3447,03,2025,186
3447,04,2021,33
3447,04,2025,48
3447,08,2021,54
3447,08,2025,61
3447,55,2021,124
3447,55,2025,199
3447,05,2021,812
3447,05,2025,572
3447,06,2021,181
3447,06,2025,167
3447,07,2021,54
3447,07,2025,50
3447,150,2021,4
3447,122,2021,44
3447,122,2025,50
3447,158,2025,6
3447,154,2025,30
3447,152,2021,3
3447,152,2025,34
3447,123,2021,5
3447,123,2025,9
3447,133,2021,3
3447,159,2025,7
3447,153,2021,7
3447,153,2025,6
3447,10,2021,15
3447,10,2025,39
3447,124,2021,1
3447,132,2021,6
3447,132,2025,5
3448,01,2021,1457
3448,01,2025,687
3448,02,2021,350
3448,02,2025,974
3448,03,2021,346
3448,03,2025,138
3448,04,2021,42
3448,04,2025,75
3448,08,2021,39
3448,08,2025,39
3448,55,2021,90
3448,55,2025,188
3448,05,2021,1114
3448,05,2025,1280
3448,06,2021,190
3448,06,2025,209
3448,07,2021,50
3448,07,2025,50
3448,150,2021,1
3448,122,2021,38
3448,122,2025,49
3448,158,2025,11
3448,154,2025,36
3448,152,2021,5
3448,152,2025,38
3448,123,2021,10
3448,123,2025,10
3448,133,2021,1
3448,159,2025,8
3448,153,2021,4
3448,153,2025,7
3448,10,2021,12
3448,10,2025,36
3448,124,2021,1
3448,132,2021,5
3448,132,2025,10
3449,01,2021,494
3449,01,2025,575
3449,02,2021,209
3449,02,2025,416
3449,03,2021,167
3449,03,2025,113
3449,04,2021,61
3449,04,2025,70
3449,08,2021,27
3449,08,2025,35
3449,55,2021,24
3449,55,2025,49
3449,05,2021,616
3449,05,2025,358
3449,06,2021,52
3449,06,2025,39
3449,07,2021,26
3449,07,2025,19
3449,122,2021,22
3449,122,2025,19
3449,158,2025,6
3449,154,2025,11
3449,152,2021,3
3449,152,2025,17
3449,123,2021,3
3449,123,2025,6
3449,133,2021,3
3449,159,2025,1
3449,153,2021,3
3449,153,2025,4
3449,10,2021,5
3449,10,2025,12
3449,124,2021,1
3449,132,2021,3
3449,132,2025,1
3450,01,2021,184
3450,01,2025,197
3450,02,2021,77
3450,02,2025,158
3450,03,2021,66
3450,03,2025,46
3450,04,2021,22
3450,04,2025,34
3450,08,2021,13
3450,08,2025,16
3450,55,2021,18
3450,55,2025,37
3450,05,2021,303
3450,05,2025,221
3450,06,2021,16
3450,06,2025,20
3450,07,2021,16
3450,07,2025,3
3450,122,2021,11
3450,122,2025,13
3450,151,2021,1
3450,158,2025,3
3450,154,2025,6
3450,152,2025,2
3450,123,2021,3
3450,123,2025,2
3450,159,2025,2
3450,153,2021,3
3450,10,2021,1
3450,10,2025,6
3450,132,2021,1
3450,132,2025,1
3451,01,2021,966
3451,01,2025,1071
3451,02,2021,385
3451,02,2025,991
3451,03,2021,533
3451,03,2025,352
3451,04,2021,51
3451,04,2025,91
3451,08,2021,71
3451,08,2025,156
3451,55,2021,84
3451,55,2025,108
3451,05,2021,1155
3451,05,2025,583
3451,06,2021,158
3451,06,2025,141
3451,07,2021,75
3451,07,2025,65
3451,150,2021,8
3451,122,2021,51
3451,122,2025,51
3451,158,2025,12
3451,154,2025,29
3451,152,2021,3
3451,152,2025,21
3451,123,2021,12
3451,123,2025,12
3451,133,2021,8
3451,159,2025,5
3451,153,2021,5
3451,153,2025,4
3451,10,2021,10
3451,10,2025,21
3451,124,2021,1
3451,132,2021,7
3451,132,2025,5
3452,01,2021,247
3452,01,2025,292
3452,02,2021,133
3452,02,2025,340
3452,03,2021,134
3452,03,2025,99
3452,04,2021,14
3452,04,2025,29
3452,08,2021,17
3452,08,2025,36
3452,55,2021,37
3452,55,2025,45
3452,05,2021,553
3452,05,2025,338
3452,06,2021,45
3452,06,2025,41
3452,07,2021,22
3452,07,2025,23
3452,150,2021,1
3452,122,2021,25
3452,122,2025,19
3452,158,2025,6
3452,154,2025,10
3452,152,2021,2
3452,152,2025,3
3452,123,2021,5
3452,123,2025,7
3452,159,2025,2
3452,153,2021,2
3452,153,2025,4
3452,10,2021,6
3452,10,2025,10
3452,132,2025,1
3453,01,2021,375
3453,01,2025,485
3453,02,2021,143
3453,02,2025,418
3453,03,2021,241
3453,03,2025,150
3453,04,2021,14
3453,04,2025,33
3453,08,2021,38
3453,08,2025,70
3453,55,2021,44
3453,55,2025,44
3453,05,2021,783
3453,05,2025,433
3453,06,2021,101
3453,06,2025,108
3453,07,2021,35
3453,07,2025,38
3453,150,2021,1
3453,122,2021,34
3453,122,2025,29
3453,151,2021,1
3453,158,2025,2
3453,154,2025,22
3453,152,2021,4
3453,152,2025,19
3453,123,2021,4
3453,123,2025,4
3453,159,2025,2
3453,153,2021,9
3453,10,2021,2
3453,10,2025,9
3453,124,2021,1
3453,132,2021,3
3453,132,2025,2
3454,01,2021,206
3454,01,2025,215
3454,02,2021,55
3454,02,2025,198
3454,03,2021,102
3454,03,2025,52
3454,04,2021,4
3454,04,2025,11
3454,08,2021,34
3454,08,2025,59
3454,55,2021,31
3454,55,2025,38
3454,05,2021,390
3454,05,2025,248
3454,06,2021,44
3454,06,2025,33
3454,07,2021,9
3454,07,2025,7
3454,122,2021,5
3454,122,2025,11
3454,158,2025,1
3454,154,2025,11
3454,152,2025,6
3454,123,2021,2
3454,123,2025,4
3454,133,2021,1
3454,159,2025,1
3454,153,2021,2
3454,153,2025,4
3454,10,2021,1
3454,10,2025,7
3454,132,2025,3
3901,01,2025,5077
3901,02,2025,4270
3901,03,2025,2386
3901,04,2025,518
3901,08,2025,875
3901,55,2025,1047
3901,05,2025,343
3901,06,2025,840
3901,07,2025,577
3901,122,2025,133
3901,158,2025,59
3901,154,2025,129
3901,152,2025,117
3901,123,2025,38
3901,159,2025,22
3901,153,2025,19
3901,10,2025,121
3901,132,2025,29
3903,01,2025,4250
3903,02,2025,4747
3903,03,2025,2095
3903,04,2025,632
3903,08,2025,581
3903,55,2025,830
3903,05,2025,778
3903,06,2025,535
3903,07,2025,434
3903,122,2025,168
3903,158,2025,33
3903,154,2025,121
3903,152,2025,114
3903,123,2025,62
3903,159,2025,43
3903,153,2025,18
3903,10,2025,109
3903,132,2025,22
3905,01,2025,9833
3905,02,2025,9198
3905,03,2025,6236
3905,04,2025,1585
3905,08,2025,1685
3905,55,2025,1677
3905,05,2025,1226
3905,06,2025,1559
3905,07,2025,1378
3905,122,2025,274
3905,158,2025,99
3905,154,2025,253
3905,152,2025,200
3905,123,2025,190
3905,159,2025,79
3905,153,2025,69
3905,10,2025,266
3905,132,2025,72
3907,01,2025,9328
3907,02,2025,10993
3907,03,2025,6766
3907,04,2025,1737
3907,08,2025,1399
3907,55,2025,1701
3907,05,2025,1163
3907,06,2025,1391
3907,07,2025,1409
3907,122,2025,298
3907,158,2025,113
3907,154,2025,241
3907,152,2025,271
3907,123,2025,232
3907,159,2025,69
3907,153,2025,43
3907,10,2025,289
3907,132,2025,55
3909,01,2025,8331
3909,02,2025,8353
3909,03,2025,4224
3909,04,2025,1214
3909,08,2025,932
3909,55,2025,1287
3909,05,2025,1179
3909,06,2025,1141
3909,07,2025,797
3909,122,2025,223
3909,158,2025,79
3909,154,2025,194
3909,152,2025,173
3909,123,2025,168
3909,159,2025,43
3909,153,2025,35
3909,10,2025,280
3909,132,2025,45
3911,01,2025,4770
3911,02,2025,4170
3911,03,2025,3261
3911,04,2025,553
3911,08,2025,1016
3911,55,2025,889
3911,05,2025,293
3911,06,2025,723
3911,07,2025,696
3911,122,2025,132
3911,158,2025,57
3911,154,2025,133
3911,152,2025,94
3911,123,2025,64
3911,159,2025,31
3911,153,2025,25
3911,10,2025,116
3911,132,2025,36
4001,01,2025,7063
4001,02,2025,5727
4001,03,2025,2928
4001,04,2025,890
4001,08,2025,796
4001,55,2025,1285
4001,05,2025,590
4001,06,2025,992
4001,07,2025,547
4001,122,2025,201
4001,158,2025,68
4001,154,2025,167
4001,152,2025,229
4001,123,2025,130
4001,159,2025,141
4001,153,2025,20
4001,10,2025,160
4001,132,2025,50
4003,01,2025,10530
4003,02,2025,8134
4003,03,2025,4045
4003,04,2025,1767
4003,08,2025,1062
4003,55,2025,1849
4003,05,2025,1063
4003,06,2025,1567
4003,07,2025,763
4003,122,2025,386
4003,158,2025,103
4003,154,2025,222
4003,152,2025,239
4003,123,2025,233
4003,159,2025,108
4003,153,2025,51
4003,10,2025,235
4003,132,2025,68
4005,01,2025,2500
4005,02,2025,2163
4005,03,2025,703
4005,04,2025,397
4005,08,2025,179
4005,55,2025,478
4005,05,2025,514
4005,06,2025,220
4005,07,2025,139
4005,122,2025,76
4005,158,2025,20
4005,154,2025,80
4005,152,2025,36
4005,123,2025,83
4005,159,2025,26
4005,153,2025,16
4005,10,2025,34
4005,132,2025,12
4010,01,2025,460
4010,02,2025,401
4010,03,2025,116
4010,04,2025,83
4010,08,2025,38
4010,55,2025,80
4010,05,2025,131
4010,06,2025,57
4010,07,2025,14
4010,122,2025,16
4010,158,2025,2
4010,154,2025,19
4010,152,2025,21
4010,123,2025,14
4010,159,2025,5
4010,153,2025,2
4010,10,2025,7
4010,132,2025,3
4012,01,2025,2429
4012,02,2025,2806
4012,03,2025,946
4012,04,2025,644
4012,08,2025,193
4012,55,2025,442
4012,05,2025,362
4012,06,2025,240
4012,07,2025,156
4012,122,2025,90
4012,158,2025,16
4012,154,2025,61
4012,152,2025,60
4012,123,2025,70
4012,159,2025,41
4012,153,2025,10
4012,10,2025,58
4012,132,2025,17
4014,01,2025,1836
4014,02,2025,1675
4014,03,2025,764
4014,04,2025,282
4014,08,2025,344
4014,55,2025,515
4014,05,2025,263
4014,06,2025,164
4014,07,2025,151
4014,122,2025,71
4014,158,2025,11
4014,154,2025,26
4014,152,2025,42
4014,123,2025,40
4014,159,2025,10
4014,153,2025,16
4014,10,2025,31
4014,132,2025,2
4016,01,2025,810
4016,02,2025,627
4016,03,2025,119
4016,04,2025,129
4016,08,2025,56
4016,55,2025,139
4016,05,2025,290
4016,06,2025,81
4016,07,2025,31
4016,122,2025,23
4016,158,2025,4
4016,154,2025,12
4016,152,2025,20
4016,123,2025,14
4016,159,2025,10
4016,153,2025,2
4016,10,2025,13
4016,132,2025,3
4018,01,2025,1231
4018,02,2025,968
4018,03,2025,299
4018,04,2025,132
4018,08,2025,110
4018,55,2025,217
4018,05,2025,380
4018,06,2025,140
4018,07,2025,57
4018,122,2025,62
4018,158,2025,8
4018,154,2025,30
4018,152,2025,44
4018,123,2025,12
4018,159,2025,24
4018,153,2025,4
4018,10,2025,17
4018,132,2025,12
4020,01,2025,1724
4020,02,2025,1586
4020,03,2025,485
4020,04,2025,284
4020,08,2025,338
4020,55,2025,374
4020,05,2025,681
4020,06,2025,294
4020,07,2025,113
4020,122,2025,71
4020,158,2025,20
4020,154,2025,51
4020,152,2025,39
4020,123,2025,40
4020,159,2025,16
4020,153,2025,8
4020,10,2025,25
4020,132,2025,9
4022,01,2025,500
4022,02,2025,433
4022,03,2025,176
4022,04,2025,59
4022,08,2025,44
4022,55,2025,93
4022,05,2025,211
4022,06,2025,38
4022,07,2025,33
4022,122,2025,26
4022,158,2025,2
4022,154,2025,18
4022,152,2025,9
4022,123,2025,21
4022,159,2025,3
4022,153,2025,1
4022,10,2025,5
4022,132,2025,5
4024,01,2025,280
4024,02,2025,279
4024,03,2025,37
4024,04,2025,57
4024,08,2025,12
4024,55,2025,22
4024,05,2025,196
4024,06,2025,20
4024,07,2025,4
4024,122,2025,14
4024,158,2025,2
4024,154,2025,6
4024,152,2025,5
4024,123,2025,7
4024,159,2025,3
4024,153,2025,2
4024,10,2025,2
4024,132,2025,8
4026,01,2025,1111
4026,02,2025,773
4026,03,2025,354
4026,04,2025,42
4026,08,2025,91
4026,55,2025,167
4026,05,2025,381
4026,06,2025,156
4026,07,2025,60
4026,122,2025,9
4026,158,2025,12
4026,154,2025,23
4026,152,2025,52
4026,123,2025,8
4026,159,2025,6
4026,153,2025,2
4026,10,2025,16
4026,132,2025,4
4028,01,2025,384
4028,02,2025,291
4028,03,2025,112
4028,04,2025,167
4028,08,2025,42
4028,55,2025,63
4028,05,2025,247
4028,06,2025,33
4028,07,2025,20
4028,122,2025,9
4028,158,2025,5
4028,154,2025,16
4028,152,2025,9
4028,123,2025,17
4028,159,2025,1
4028,153,2025,2
4028,10,2025,9
4028,132,2025,1
4030,01,2025,254
4030,02,2025,213
4030,03,2025,64
4030,04,2025,106
4030,08,2025,16
4030,55,2025,42
4030,05,2025,127
4030,06,2025,13
4030,07,2025,8
4030,122,2025,13
4030,158,2025,3
4030,154,2025,3
4030,152,2025,5
4030,123,2025,7
4030,153,2025,3
4030,10,2025,5
4030,132,2025,1
4032,01,2025,245
4032,02,2025,121
4032,03,2025,52
4032,04,2025,9
4032,08,2025,16
4032,55,2025,51
4032,05,2025,167
4032,06,2025,33
4032,07,2025,6
4032,122,2025,12
4032,158,2025,1
4032,154,2025,6
4032,152,2025,13
4032,123,2025,4
4032,159,2025,5
4034,01,2025,455
4034,02,2025,211
4034,03,2025,70
4034,04,2025,60
4034,08,2025,38
4034,55,2025,61
4034,05,2025,322
4034,06,2025,49
4034,07,2025,7
4034,122,2025,12
4034,158,2025,5
4034,154,2025,8
4034,152,2025,12
4034,123,2025,6
4034,159,2025,12
4034,153,2025,1
4034,10,2025,7
4036,01,2025,551
4036,02,2025,511
4036,03,2025,136
4036,04,2025,72
4036,08,2025,64
4036,55,2025,166
4036,05,2025,453
4036,06,2025,145
4036,07,2025,25
4036,122,2025,21
4036,158,2025,8
4036,154,2025,19
4036,152,2025,27
4036,123,2025,11
4036,159,2025,36
4036,153,2025,2
4036,10,2025,6
4036,132,2025,5
4201,01,2021,1188
4201,01,2025,1401
4201,02,2021,491
4201,02,2025,974
4201,03,2021,837
4201,03,2025,624
4201,04,2021,172
4201,04,2025,143
4201,08,2021,127
4201,08,2025,138
4201,55,2021,203
4201,55,2025,224
4201,05,2021,456
4201,05,2025,176
4201,06,2021,187
4201,06,2025,129
4201,07,2021,135
4201,07,2025,115
4201,150,2021,6
4201,122,2021,41
4201,122,2025,32
4201,158,2025,10
4201,154,2025,24
4201,152,2021,23
4201,152,2025,22
4201,123,2021,22
4201,123,2025,10
4201,133,2021,4
4201,159,2025,7
4201,153,2021,6
4201,153,2025,3
4201,10,2021,21
4201,10,2025,24
4201,124,2021,4
4201,132,2021,6
4201,132,2025,5
4202,01,2021,2730
4202,01,2025,3411
4202,02,2021,1545
4202,02,2025,3937
4202,03,2021,2861
4202,03,2025,2002
4202,04,2021,1637
4202,04,2025,1678
4202,08,2021,514
4202,08,2025,602
4202,55,2021,429
4202,55,2025,590
4202,05,2021,1281
4202,05,2025,518
4202,06,2021,729
4202,06,2025,598
4202,07,2021,494
4202,07,2025,445
4202,150,2021,7
4202,122,2021,156
4202,122,2025,71
4202,158,2025,30
4202,154,2025,81
4202,152,2021,48
4202,152,2025,118
4202,123,2021,131
4202,123,2025,186
4202,133,2021,27
4202,159,2025,20
4202,153,2021,60
4202,153,2025,22
4202,10,2021,46
4202,10,2025,82
4202,124,2021,14
4202,132,2021,34
4202,132,2025,15
4203,01,2021,6970
4203,01,2025,8243
4203,02,2021,3718
4203,02,2025,7588
4203,03,2021,5172
4203,03,2025,3815
4203,04,2021,1399
4203,04,2025,1436
4203,08,2021,765
4203,08,2025,994
4203,55,2021,1016
4203,55,2025,1320
4203,05,2021,2492
4203,05,2025,759
4203,06,2021,1635
4203,06,2025,1275
4203,07,2021,826
4203,07,2025,719
4203,150,2021,21
4203,122,2021,330
4203,122,2025,180
4203,158,2025,58
4203,154,2025,150
4203,152,2021,78
4203,152,2025,155
4203,123,2021,177
4203,123,2025,250
4203,133,2021,36
4203,159,2025,62
4203,153,2021,62
4203,153,2025,24
4203,10,2021,185
4203,10,2025,213
4203,124,2021,26
4203,132,2021,110
4203,132,2025,35
4204,01,2021,13967
4204,01,2025,17402
4204,02,2021,6109
4204,02,2025,16686
4204,03,2021,14489
4204,03,2025,10630
4204,04,2021,8097
4204,04,2025,8446
4204,08,2021,2530
4204,08,2025,3101
4204,55,2021,2384
4204,55,2025,3067
4204,05,2021,4209
4204,05,2025,1532
4204,06,2021,4102
4204,06,2025,3220
4204,07,2021,2858
4204,07,2025,2487
4204,150,2021,35
4204,122,2021,1844
4204,122,2025,331
4204,151,2021,46
4204,158,2025,158
4204,154,2025,351
4204,152,2021,120
4204,152,2025,255
4204,123,2021,451
4204,123,2025,743
4204,133,2021,101
4204,09,2025,39
4204,159,2025,80
4204,153,2021,310
4204,153,2025,200
4204,10,2021,367
4204,10,2025,597
4204,124,2021,54
4204,132,2021,101
4204,132,2025,86
4205,01,2021,2651
4205,01,2025,2775
4205,02,2021,2208
4205,02,2025,4304
4205,03,2021,2693
4205,03,2025,1702
4205,04,2021,1384
4205,04,2025,1451
4205,08,2021,361
4205,08,2025,381
4205,55,2021,319
4205,55,2025,524
4205,05,2021,1749
4205,05,2025,885
4205,06,2021,501
4205,06,2025,472
4205,07,2021,419
4205,07,2025,527
4205,150,2021,6
4205,122,2021,281
4205,122,2025,70
4205,151,2021,7
4205,158,2025,29
4205,154,2025,108
4205,152,2021,68
4205,152,2025,113
4205,123,2021,119
4205,123,2025,186
4205,133,2021,15
4205,09,2025,4
4205,159,2025,26
4205,153,2021,54
4205,153,2025,14
4205,10,2021,55
4205,10,2025,92
4205,124,2021,4
4205,132,2021,22
4205,132,2025,30
4206,01,2021,1083
4206,01,2025,1232
4206,02,2021,1129
4206,02,2025,2099
4206,03,2021,1197
4206,03,2025,650
4206,04,2021,581
4206,04,2025,610
4206,08,2021,84
4206,08,2025,111
4206,55,2021,136
4206,55,2025,195
4206,05,2021,680
4206,05,2025,333
4206,06,2021,207
4206,06,2025,191
4206,07,2021,140
4206,07,2025,142
4206,150,2021,3
4206,122,2021,120
4206,122,2025,44
4206,151,2021,3
4206,158,2025,17
4206,154,2025,37
4206,152,2021,36
4206,152,2025,37
4206,123,2021,66
4206,123,2025,85
4206,133,2021,6
4206,09,2025,1
4206,159,2025,4
4206,153,2021,18
4206,153,2025,5
4206,10,2021,12
4206,10,2025,33
4206,124,2021,2
4206,132,2021,15
4206,132,2025,5
4207,01,2021,776
4207,01,2025,1068
4207,02,2021,1205
4207,02,2025,1930
4207,03,2021,940
4207,03,2025,694
4207,04,2021,628
4207,04,2025,582
4207,08,2021,82
4207,08,2025,104
4207,55,2021,137
4207,55,2025,193
4207,05,2021,683
4207,05,2025,293
4207,06,2021,206
4207,06,2025,154
4207,07,2021,101
4207,07,2025,102
4207,150,2021,3
4207,122,2021,74
4207,122,2025,37
4207,151,2021,1
4207,158,2025,17
4207,154,2025,29
4207,152,2021,25
4207,152,2025,33
4207,123,2021,27
4207,123,2025,43
4207,133,2021,7
4207,159,2025,3
4207,153,2021,10
4207,153,2025,5
4207,10,2021,11
4207,10,2025,19
4207,124,2021,3
4207,132,2021,6
4207,132,2025,3
4211,01,2021,345
4211,01,2025,414
4211,02,2021,171
4211,02,2025,424
4211,03,2021,217
4211,03,2025,149
4211,04,2021,80
4211,04,2025,74
4211,08,2021,16
4211,08,2025,30
4211,55,2021,52
4211,55,2025,80
4211,05,2021,368
4211,05,2025,187
4211,06,2021,47
4211,06,2025,28
4211,07,2021,21
4211,07,2025,17
4211,150,2021,1
4211,122,2021,16
4211,122,2025,10
4211,158,2025,3
4211,154,2025,10
4211,152,2021,7
4211,152,2025,11
4211,123,2021,6
4211,123,2025,5
4211,133,2021,2
4211,159,2025,3
4211,153,2021,4
4211,153,2025,3
4211,10,2021,5
4211,10,2025,9
4211,124,2021,1
4211,132,2025,1
4212,01,2021,327
4212,01,2025,345
4212,02,2021,132
4212,02,2025,323
4212,03,2021,164
4212,03,2025,89
4212,04,2021,196
4212,04,2025,224
4212,08,2021,17
4212,08,2025,15
4212,55,2021,33
4212,55,2025,51
4212,05,2021,335
4212,05,2025,164
4212,06,2021,39
4212,06,2025,31
4212,07,2021,13
4212,07,2025,16
4212,150,2021,1
4212,122,2021,14
4212,122,2025,14
4212,158,2025,2
4212,154,2025,14
4212,152,2021,3
4212,152,2025,13
4212,123,2021,12
4212,123,2025,20
4212,133,2021,2
4212,159,2025,3
4212,153,2021,3
4212,153,2025,2
4212,10,2021,2
4212,10,2025,6
4212,124,2021,1
4212,132,2021,2
4213,01,2021,869
4213,01,2025,1027
4213,02,2021,383
4213,02,2025,1133
4213,03,2021,832
4213,03,2025,516
4213,04,2021,174
4213,04,2025,248
4213,08,2021,105
4213,08,2025,119
4213,55,2021,137
4213,55,2025,193
4213,05,2021,559
4213,05,2025,207
4213,06,2021,175
4213,06,2025,125
4213,07,2021,127
4213,07,2025,104
4213,150,2021,2
4213,122,2021,52
4213,122,2025,31
4213,158,2025,10
4213,154,2025,31
4213,152,2021,19
4213,152,2025,26
4213,123,2021,13
4213,123,2025,22
4213,133,2021,3
4213,159,2025,7
4213,153,2021,6
4213,153,2025,11
4213,10,2021,12
4213,10,2025,27
4213,124,2021,4
4213,132,2021,11
4213,132,2025,3
4214,01,2021,690
4214,01,2025,861
4214,02,2021,617
4214,02,2025,1276
4214,03,2021,351
4214,03,2025,246
4214,04,2021,365
4214,04,2025,374
4214,08,2021,49
4214,08,2025,67
4214,55,2021,90
4214,55,2025,129
4214,05,2021,732
4214,05,2025,227
4214,06,2021,90
4214,06,2025,82
4214,07,2021,48
4214,07,2025,41
4214,150,2021,1
4214,122,2021,66
4214,122,2025,31
4214,158,2025,7
4214,154,2025,25
4214,152,2021,29
4214,152,2025,51
4214,123,2021,87
4214,123,2025,132
4214,133,2021,7
4214,159,2025,12
4214,153,2021,9
4214,153,2025,5
4214,10,2021,8
4214,10,2025,26
4214,124,2021,1
4214,132,2021,8
4214,132,2025,3
4215,01,2021,1336
4215,01,2025,1649
4215,02,2021,698
4215,02,2025,1837
4215,03,2021,1626
4215,03,2025,1097
4215,04,2021,647
4215,04,2025,638
4215,08,2021,243
4215,08,2025,305
4215,55,2021,240
4215,55,2025,335
4215,05,2021,528
4215,05,2025,188
4215,06,2021,431
4215,06,2025,322
4215,07,2021,302
4215,07,2025,253
4215,150,2021,4
4215,122,2021,78
4215,122,2025,32
4215,158,2025,13
4215,154,2025,53
4215,152,2021,18
4215,152,2025,29
4215,123,2021,43
4215,123,2025,68
4215,133,2021,12
4215,159,2025,6
4215,153,2021,52
4215,153,2025,13
4215,10,2021,78
4215,10,2025,94
4215,124,2021,8
4215,132,2021,11
4215,132,2025,11
4216,01,2021,479
4216,01,2025,567
4216,02,2021,315
4216,02,2025,965
4216,03,2021,532
4216,03,2025,327
4216,04,2021,394
4216,04,2025,400
4216,08,2021,62
4216,08,2025,67
4216,55,2021,65
4216,55,2025,118
4216,05,2021,655
4216,05,2025,291
4216,06,2021,76
4216,06,2025,70
4216,07,2021,60
4216,07,2025,48
4216,122,2021,55
4216,122,2025,6
4216,158,2025,3
4216,154,2025,33
4216,152,2021,21
4216,152,2025,46
4216,123,2021,37
4216,123,2025,54
4216,133,2021,1
4216,159,2025,6
4216,153,2021,17
4216,153,2025,3
4216,10,2021,9
4216,10,2025,19
4216,124,2021,6
4216,132,2021,4
4216,132,2025,3
4217,01,2021,279
4217,01,2025,308
4217,02,2021,112
4217,02,2025,237
4217,03,2021,78
4217,03,2025,52
4217,04,2021,70
4217,04,2025,69
4217,08,2021,9
4217,08,2025,10
4217,55,2021,53
4217,55,2025,67
4217,05,2021,313
4217,05,2025,174
4217,06,2021,41
4217,06,2025,28
4217,07,2021,20
4217,07,2025,15
4217,122,2021,16
4217,122,2025,14
4217,158,2025,2
4217,154,2025,9
4217,152,2021,10
4217,152,2025,13
4217,123,2021,4
4217,123,2025,30
4217,133,2021,2
4217,159,2025,1
4217,153,2021,2
4217,153,2025,1
4217,10,2021,3
4217,10,2025,5
4217,124,2021,1
4217,132,2025,1
4218,01,2021,90
4218,01,2025,118
4218,02,2021,101
4218,02,2025,242
4218,03,2021,74
4218,03,2025,40
4218,04,2021,136
4218,04,2025,125
4218,08,2021,10
4218,08,2025,12
4218,55,2021,23
4218,55,2025,27
4218,05,2021,218
4218,05,2025,125
4218,06,2021,15
4218,06,2025,13
4218,07,2021,11
4218,07,2025,10
4218,122,2021,22
4218,122,2025,11
4218,158,2025,2
4218,154,2025,13
4218,152,2021,7
4218,152,2025,9
4218,123,2021,14
4218,123,2025,26
4218,133,2021,1
4218,159,2025,4
4218,153,2021,2
4218,10,2021,4
4218,10,2025,6
4218,132,2025,3
4219,01,2021,464
4219,01,2025,549
4219,02,2021,242
4219,02,2025,595
4219,03,2021,271
4219,03,2025,207
4219,04,2021,311
4219,04,2025,271
4219,08,2021,26
4219,08,2025,29
4219,55,2021,46
4219,55,2025,83
4219,05,2021,410
4219,05,2025,223
4219,06,2021,85
4219,06,2025,54
4219,07,2021,33
4219,07,2025,32
4219,150,2021,1
4219,122,2021,41
4219,122,2025,18
4219,158,2025,5
4219,154,2025,22
4219,152,2021,6
4219,152,2025,11
4219,123,2021,14
4219,123,2025,39
4219,133,2021,5
4219,159,2025,1
4219,153,2021,5
4219,153,2025,2
4219,10,2021,5
4219,10,2025,13
4219,124,2021,3
4219,132,2021,3
4219,132,2025,4
4220,01,2021,147
4220,01,2025,158
4220,02,2021,70
4220,02,2025,126
4220,03,2021,89
4220,03,2025,66
4220,04,2021,55
4220,04,2025,59
4220,08,2021,6
4220,08,2025,13
4220,55,2021,35
4220,55,2025,32
4220,05,2021,222
4220,05,2025,183
4220,06,2021,35
4220,06,2025,21
4220,07,2021,9
4220,07,2025,13
4220,150,2021,1
4220,122,2021,12
4220,122,2025,5
4220,158,2025,2
4220,154,2025,6
4220,152,2021,6
4220,152,2025,4
4220,123,2021,7
4220,123,2025,19
4220,159,2025,2
4220,153,2021,2
4220,153,2025,2
4220,10,2025,7
4220,124,2021,1
4220,132,2021,1
4220,132,2025,1
4221,01,2021,134
4221,01,2025,152
4221,02,2021,94
4221,02,2025,221
4221,03,2021,105
4221,03,2025,66
4221,04,2021,74
4221,04,2025,50
4221,08,2021,11
4221,08,2025,12
4221,55,2021,17
4221,55,2025,23
4221,05,2021,207
4221,05,2025,154
4221,06,2021,24
4221,06,2025,11
4221,07,2021,12
4221,07,2025,9
4221,122,2021,9
4221,122,2025,7
4221,158,2025,3
4221,154,2025,5
4221,152,2021,3
4221,152,2025,5
4221,123,2021,2
4221,123,2025,10
4221,159,2025,2
4221,153,2025,1
4221,10,2021,2
4221,10,2025,7
4221,132,2025,1
4222,01,2021,99
4222,01,2025,143
4222,02,2021,39
4222,02,2025,123
4222,03,2021,96
4222,03,2025,79
4222,04,2021,39
4222,04,2025,35
4222,08,2021,16
4222,08,2025,19
4222,55,2021,17
4222,55,2025,33
4222,05,2021,131
4222,05,2025,79
4222,06,2021,35
4222,06,2025,24
4222,07,2021,25
4222,07,2025,18
4222,122,2021,9
4222,122,2025,5
4222,158,2025,1
4222,154,2025,6
4222,152,2021,1
4222,152,2025,3
4222,123,2021,4
4222,123,2025,8
4222,159,2025,2
4222,153,2025,1
4222,10,2025,2
4222,124,2021,1
4222,132,2025,2
4223,01,2021,1658
4223,01,2025,1874
4223,02,2021,1095
4223,02,2025,2825
4223,03,2021,1127
4223,03,2025,771
4223,04,2021,1731
4223,04,2025,1665
4223,08,2021,118
4223,08,2025,133
4223,55,2021,179
4223,55,2025,278
4223,05,2021,1238
4223,05,2025,484
4223,06,2021,327
4223,06,2025,242
4223,07,2021,137
4223,07,2025,143
4223,150,2021,3
4223,122,2021,184
4223,122,2025,93
4223,151,2021,4
4223,158,2025,17
4223,154,2025,54
4223,152,2021,27
4223,152,2025,42
4223,123,2021,138
4223,123,2025,207
4223,133,2021,16
4223,09,2025,5
4223,159,2025,15
4223,153,2021,36
4223,153,2025,24
4223,10,2021,22
4223,10,2025,88
4223,124,2021,7
4223,132,2021,9
4223,132,2025,10
4224,01,2021,92
4224,01,2025,107
4224,02,2021,64
4224,02,2025,128
4224,03,2021,67
4224,03,2025,30
4224,04,2021,81
4224,04,2025,86
4224,08,2021,1
4224,08,2025,3
4224,55,2021,6
4224,55,2025,13
4224,05,2021,205
4224,05,2025,132
4224,06,2021,8
4224,06,2025,11
4224,07,2021,4
4224,07,2025,4
4224,122,2021,8
4224,122,2025,5
4224,158,2025,1
4224,154,2025,3
4224,152,2025,4
4224,123,2021,13
4224,123,2025,11
4224,159,2025,6
4224,153,2025,2
4224,10,2021,1
4224,10,2025,1
4224,132,2021,2
4224,132,2025,1
4225,01,2021,763
4225,01,2025,885
4225,02,2021,988
4225,02,2025,2075
4225,03,2021,1141
4225,03,2025,654
4225,04,2021,1203
4225,04,2025,1293
4225,08,2021,72
4225,08,2025,92
4225,55,2021,111
4225,55,2025,166
4225,05,2021,865
4225,05,2025,395
4225,06,2021,142
4225,06,2025,93
4225,07,2021,103
4225,07,2025,102
4225,150,2021,1
4225,122,2021,86
4225,122,2025,56
4225,151,2021,1
4225,158,2025,5
4225,154,2025,30
4225,152,2021,40
4225,152,2025,55
4225,123,2021,75
4225,123,2025,125
4225,133,2021,9
4225,159,2025,5
4225,153,2021,31
4225,153,2025,9
4225,10,2021,14
4225,10,2025,23
4225,124,2021,1
4225,132,2021,8
4225,132,2025,4
4226,01,2021,78
4226,01,2025,106
4226,02,2021,183
4226,02,2025,347
4226,03,2021,103
4226,03,2025,72
4226,04,2021,277
4226,04,2025,279
4226,08,2021,6
4226,08,2025,9
4226,55,2021,10
4226,55,2025,27
4226,05,2021,301
4226,05,2025,155
4226,06,2021,12
4226,06,2025,9
4226,07,2021,1
4226,07,2025,8
4226,122,2021,22
4226,122,2025,5
4226,154,2025,6
4226,152,2021,2
4226,152,2025,7
4226,123,2021,19
4226,123,2025,41
4226,159,2025,1
4226,153,2021,3
4226,153,2025,4
4226,10,2025,2
4226,124,2021,1
4226,132,2021,1
4227,01,2021,625
4227,01,2025,741
4227,02,2021,673
4227,02,2025,1228
4227,03,2021,446
4227,03,2025,291
4227,04,2021,480
4227,04,2025,445
4227,08,2021,62
4227,08,2025,83
4227,55,2021,53
4227,55,2025,128
4227,05,2021,665
4227,05,2025,285
4227,06,2021,86
4227,06,2025,74
4227,07,2021,48
4227,07,2025,37
4227,150,2021,2
4227,122,2021,68
4227,122,2025,35
4227,158,2025,5
4227,154,2025,31
4227,152,2021,37
4227,152,2025,39
4227,123,2021,46
4227,123,2025,66
4227,133,2021,8
4227,09,2025,1
4227,159,2025,4
4227,153,2021,14
4227,153,2025,3
4227,10,2021,8
4227,10,2025,17
4227,124,2021,6
4227,132,2021,3
4227,132,2025,7
4228,01,2021,152
4228,01,2025,182
4228,02,2021,167
4228,02,2025,328
4228,03,2021,156
4228,03,2025,115
4228,04,2021,136
4228,04,2025,146
4228,08,2021,14
4228,08,2025,23
4228,55,2021,20
4228,55,2025,45
4228,05,2021,264
4228,05,2025,169
4228,06,2021,24
4228,06,2025,16
4228,07,2021,23
4228,07,2025,29
4228,122,2021,22
4228,122,2025,11
4228,158,2025,1
4228,154,2025,5
4228,152,2021,5
4228,152,2025,6
4228,123,2021,15
4228,123,2025,18
4228,133,2021,2
4228,159,2025,1
4228,153,2021,2
4228,153,2025,4
4228,10,2021,2
4228,10,2025,5
1101,01,1989,2028
1101,01,1993,2196
1101,01,1997,2283
1101,01,2001,1588
1101,01,2005,1936
1101,01,2009,1901
1101,01,2013,1864
1101,01,2017,1825
1101,01,2021,1832
1101,01,2025,1975
1101,02,1989,968
1101,02,1993,421
1101,02,1997,1136
1101,02,2001,1039
1101,02,2005,1680
1101,02,2009,2038
1101,02,2013,1491
1101,02,2017,1881
1101,02,2021,1574
1101,02,2025,2666
1101,03,1989,1679
1101,03,1993,1062
1101,03,1997,817
1101,03,2001,1588
1101,03,2005,1081
1101,03,2009,1250
1101,03,2013,2200
1101,03,2017,2202
1101,03,2021,1831
1101,03,2025,1229
1101,04,1989,1155
1101,04,1993,1102
1101,04,1997,1439
1101,04,2001,1367
1101,04,2005,856
1101,04,2009,807
1101,04,2013,838
1101,04,2017,598
1101,04,2021,650
1101,04,2025,881
1101,08,1989,10
1101,08,1993,7
1101,08,1997,2
1101,08,2001,2
1101,08,2005,3
1101,08,2009,11
1101,08,2013,115
1101,08,2017,129
1101,08,2021,142
1101,08,2025,150
1101,55,2009,24
1101,55,2013,28
1101,55,2017,59
1101,55,2021,222
1101,55,2025,384
1101,05,1989,623
1101,05,1993,1289
1101,05,1997,498
1101,05,2001,304
1101,05,2005,498
1101,05,2009,404
1101,05,2013,457
1101,05,2017,752
1101,05,2021,1099
1101,05,2025,546
1101,06,1989,402
1101,06,1993,350
1101,06,1997,174
1101,06,2001,395
1101,06,2005,324
1101,06,2009,218
1101,06,2013,178
1101,06,2017,224
1101,06,2021,341
1101,06,2025,280
1101,07,1989,299
1101,07,1993,350
1101,07,1997,867
1101,07,2001,720
1101,07,2005,788
1101,07,2009,552
1101,07,2013,306
1101,07,2017,225
1101,07,2021,226
1101,07,2025,190
1101,100,2005,27
1101,130,2017,13
1101,150,2021,7
1101,29,1997,9
1101,122,2005,6
1101,122,2013,2
1101,122,2017,7
1101,122,2021,81
1101,122,2025,44
1101,13,1993,49
1101,13,1997,9
1101,13,2001,8
1101,151,2021,5
1101,158,2025,9
1101,15,1989,8
1101,154,2025,38
1101,152,2021,58
1101,152,2025,64
1101,19,1993,42
1101,19,1997,16
1101,48,2001,24
1101,48,2005,19
1101,48,2009,18
1101,48,2013,9
1101,44,2001,104
1101,44,2005,50
1101,44,2009,15
1101,44,2013,7
1101,44,2017,7
1101,123,2013,89
1101,123,2017,31
1101,123,2021,28
1101,123,2025,67
1101,12,2009,2
1101,133,2017,16
1101,133,2021,10
1101,20,1997,3
1101,09,2001,2
1101,09,2009,3
1101,09,2013,2
1101,09,2017,4
1101,49,2001,2
1101,159,2025,15
1101,153,2021,23
1101,153,2025,5
1101,10,1993,75
1101,10,1997,38
1101,10,2005,16
1101,10,2009,32
1101,10,2013,23
1101,10,2017,33
1101,10,2021,37
1101,10,2025,59
1101,124,2013,18
1101,124,2017,7
1101,124,2021,9
1101,46,2001,49
1101,11,1993,11
1101,11,1997,33
1101,11,2001,15
1101,11,2005,17
1101,22,1993,16
1101,14,1989,23
1101,132,2017,15
1101,132,2021,9
1101,132,2025,14
1101,92,2001,8
1101,92,2005,1
1101,92,2009,1
1103,01,1989,17770
1103,01,1993,19936
1103,01,1997,19259
1103,01,2001,12452
1103,01,2005,18525
1103,01,2009,19959
1103,01,2013,17528
1103,01,2017,18989
1103,01,2021,19913
1103,01,2025,24184
1103,02,1989,9363
1103,02,1993,5122
1103,02,1997,11612
1103,02,2001,9790
1103,02,2005,14524
1103,02,2009,14501
1103,02,2013,10690
1103,02,2017,10813
1103,02,2021,9663
1103,02,2025,19830
1103,03,1989,15454
1103,03,1993,12132
1103,03,1997,11281
1103,03,2001,17072
1103,03,2005,12098
1103,03,2009,15430
1103,03,2013,22588
1103,03,2017,22058
1103,03,2021,21345
1103,03,2025,15400
1103,04,1989,5566
1103,04,1993,5689
1103,04,1997,8319
1103,04,2001,7994
1103,04,2005,4985
1103,04,2009,4495
1103,04,2013,4212
1103,04,2017,3355
1103,04,2021,3665
1103,04,2025,4151
1103,08,1989,222
1103,08,1993,81
1103,08,1997,129
1103,08,2001,111
1103,08,2005,121
1103,08,2009,225
1103,08,2013,2155
1103,08,2017,2639
1103,08,2021,2697
1103,08,2025,3319
1103,55,2009,386
1103,55,2013,499
1103,55,2017,1354
1103,55,2021,4160
1103,55,2025,6150
1103,05,1989,1173
1103,05,1993,4888
1103,05,1997,1668
1103,05,2001,967
1103,05,2005,1564
1103,05,2009,1377
1103,05,2013,1052
1103,05,2017,2171
1103,05,2021,4225
1103,05,2025,2042
1103,06,1989,5782
1103,06,1993,4812
1103,06,1997,3632
1103,06,2001,7257
1103,06,2005,5564
1103,06,2009,4645
1103,06,2013,3549
1103,06,2017,4109
1103,06,2021,5299
1103,06,2025,3873
1103,07,1989,3339
1103,07,1993,3182
1103,07,1997,3639
1103,07,2001,3148
1103,07,2005,5375
1103,07,2009,4028
1103,07,2013,4376
1103,07,2017,3674
1103,07,2021,3939
1103,07,2025,3175
1103,100,2005,90
1103,130,2017,51
1103,150,2021,72
1103,29,1997,69
1103,122,2005,67
1103,122,2013,22
1103,122,2017,32
1103,122,2021,585
1103,122,2025,476
1103,13,1993,542
1103,13,1997,143
1103,13,2001,103
1103,151,2021,118
1103,158,2025,248
1103,15,1989,268
1103,154,2025,420
1103,152,2021,361
1103,152,2025,476
1103,19,1993,222
1103,19,1997,72
1103,48,2001,136
1103,48,2005,142
1103,48,2009,97
1103,48,2013,48
1103,44,2001,405
1103,44,2005,216
1103,44,2009,43
1103,44,2013,21
1103,44,2017,63
1103,123,2013,279
1103,123,2017,151
1103,123,2021,228
1103,123,2025,366
1103,12,2009,37
1103,12,2013,55
1103,133,2017,188
1103,133,2021,101
1103,20,1997,49
1103,09,1997,40
1103,09,2001,39
1103,09,2009,17
1103,09,2013,21
1103,09,2017,29
1103,49,2001,34
1103,159,2025,99
1103,153,2021,287
1103,153,2025,96
1103,10,1993,729
1103,10,1997,434
1103,10,2005,277
1103,10,2009,400
1103,10,2013,291
1103,10,2017,278
1103,10,2021,413
1103,10,2025,575
1103,124,2013,253
1103,124,2017,138
1103,124,2021,62
1103,46,2001,556
1103,11,1993,186
1103,11,1997,888
1103,11,2001,604
1103,11,2005,490
1103,22,1993,148
1103,14,1989,333
1103,132,2017,143
1103,132,2021,154
1103,132,2025,107
1103,137,2017,42
1103,92,2001,215
1103,92,2005,16
1103,92,2009,28
1106,01,1989,5513
1106,01,1993,5621
1106,01,1997,5438
1106,01,2001,3577
1106,01,2005,5153
1106,01,2009,5512
1106,01,2013,5310
1106,01,2017,5256
1106,01,2021,5285
1106,01,2025,5865
1106,02,1989,2869
1106,02,1993,1567
1106,02,1997,3797
1106,02,2001,3955
1106,02,2005,5187
1106,02,2009,5179
1106,02,2013,3465
1106,02,2017,3763
1106,02,2021,3262
1106,02,2025,6008
1106,03,1989,4251
1106,03,1993,2928
1106,03,1997,2664
1106,03,2001,4042
1106,03,2005,2938
1106,03,2009,3931
1106,03,2013,6299
1106,03,2017,6077
1106,03,2021,5230
1106,03,2025,3855
1106,04,1989,1874
1106,04,1993,2073
1106,04,1997,2715
1106,04,2001,2088
1106,04,2005,1213
1106,04,2009,1087
1106,04,2013,1060
1106,04,2017,849
1106,04,2021,813
1106,04,2025,854
1106,08,1989,56
1106,08,1993,17
1106,08,1997,24
1106,08,2001,26
1106,08,2005,24
1106,08,2009,53
1106,08,2013,458
1106,08,2017,540
1106,08,2021,578
1106,08,2025,701
1106,55,2009,94
1106,55,2013,86
1106,55,2017,252
1106,55,2021,786
1106,55,2025,1158
1106,05,1989,252
1106,05,1993,1628
1106,05,1997,438
1106,05,2001,206
1106,05,2005,395
1106,05,2009,359
1106,05,2013,306
1106,05,2017,665
1106,05,2021,1162
1106,05,2025,423
1106,06,1989,1339
1106,06,1993,1045
1106,06,1997,700
1106,06,2001,1628
1106,06,2005,1159
1106,06,2009,755
1106,06,2013,565
1106,06,2017,908
1106,06,2021,1180
1106,06,2025,900
1106,07,1989,1064
1106,07,1993,852
1106,07,1997,1099
1106,07,2001,763
1106,07,2005,1079
1106,07,2009,705
1106,07,2013,826
1106,07,2017,779
1106,07,2021,804
1106,07,2025,596
1106,100,2005,31
1106,130,2017,28
1106,150,2021,16
1106,29,1997,45
1106,122,2005,18
1106,122,2013,10
1106,122,2017,20
1106,122,2021,260
1106,122,2025,156
1106,13,1993,362
1106,13,1997,40
1106,13,2001,27
1106,151,2021,9
1106,158,2025,72
1106,15,1989,41
1106,154,2025,192
1106,152,2021,219
1106,152,2025,174
1106,19,1993,46
1106,19,1997,23
1106,48,2001,46
1106,48,2005,36
1106,48,2009,42
1106,48,2013,62
1106,44,2001,314
1106,44,2005,178
1106,44,2009,27
1106,44,2013,64
1106,44,2017,21
1106,123,2013,156
1106,123,2017,69
1106,123,2021,80
1106,123,2025,167
1106,12,2009,12
1106,12,2013,39
1106,133,2017,53
1106,133,2021,47
1106,20,1997,11
1106,09,1997,1
1106,09,2001,6
1106,09,2009,8
1106,09,2013,6
1106,09,2017,5
1106,49,2001,15
1106,159,2025,48
1106,153,2021,32
1106,153,2025,21
1106,10,1993,365
1106,10,1997,161
1106,10,2005,87
1106,10,2009,217
1106,10,2013,283
1106,10,2017,272
1106,10,2021,213
1106,10,2025,266
1106,124,2013,85
1106,124,2017,42
1106,124,2021,29
1106,46,2001,145
1106,11,1993,60
1106,11,1997,146
1106,11,2001,87
1106,11,2005,111
1106,22,1993,45
1106,14,1989,174
1106,132,2017,49
1106,132,2021,44
1106,132,2025,45
1106,137,2017,6
1106,92,2001,14
1106,92,2005,7
1106,92,2009,31
1108,01,2021,9507
1108,01,2025,10735
1108,02,2021,7242
1108,02,2025,13120
1108,03,2021,9429
1108,03,2025,6726
1108,04,2021,3331
1108,04,2025,3919
1108,08,2021,1003
1108,08,2025,1314
1108,55,2021,1511
1108,55,2025,2521
1108,05,2021,3408
1108,05,2025,1553
1108,06,2021,2028
1108,06,2025,1717
1108,07,2021,1525
1108,07,2025,1282
1108,150,2021,36
1108,122,2021,420
1108,122,2025,338
1108,151,2021,72
1108,158,2025,138
1108,154,2025,274
1108,152,2021,228
1108,152,2025,263
1108,123,2021,217
1108,123,2025,389
1108,133,2021,84
1108,159,2025,69
1108,153,2021,241
1108,153,2025,100
1108,10,2021,221
1108,10,2025,344
1108,124,2021,30
1108,132,2021,83
1108,132,2025,74
1111,01,1989,537
1111,01,1993,516
1111,01,1997,518
1111,01,2001,337
1111,01,2005,460
1111,01,2009,465
1111,01,2013,433
1111,01,2017,366
1111,01,2021,333
1111,01,2025,364
1111,02,1989,357
1111,02,1993,144
1111,02,1997,428
1111,02,2001,420
1111,02,2005,560
1111,02,2009,557
1111,02,2013,413
1111,02,2017,520
1111,02,2021,439
1111,02,2025,719
1111,03,1989,464
1111,03,1993,240
1111,03,1997,181
1111,03,2001,316
1111,03,2005,174
1111,03,2009,222
1111,03,2013,418
1111,03,2017,451
1111,03,2021,331
1111,03,2025,170
1111,04,1989,476
1111,04,1993,414
1111,04,1997,552
1111,04,2001,461
1111,04,2005,377
1111,04,2009,371
1111,04,2013,316
1111,04,2017,284
1111,04,2021,313
1111,04,2025,391
1111,08,1989,5
1111,08,1993,2
1111,08,1997,1
1111,08,2001,1
1111,08,2005,1
1111,08,2009,9
1111,08,2013,21
1111,08,2017,20
1111,08,2021,13
1111,08,2025,23
1111,55,2009,2
1111,55,2013,5
1111,55,2017,17
1111,55,2021,58
1111,55,2025,67
1111,05,1989,193
1111,05,1993,523
1111,05,1997,188
1111,05,2001,98
1111,05,2005,123
1111,05,2009,105
1111,05,2013,121
1111,05,2017,172
1111,05,2021,289
1111,05,2025,146
1111,06,1989,119
1111,06,1993,106
1111,06,1997,57
1111,06,2001,95
1111,06,2005,75
1111,06,2009,49
1111,06,2013,28
1111,06,2017,40
1111,06,2021,42
1111,06,2025,38
1111,07,1989,58
1111,07,1993,77
1111,07,1997,108
1111,07,2001,118
1111,07,2005,126
1111,07,2009,64
1111,07,2013,45
1111,07,2017,26
1111,07,2021,34
1111,07,2025,22
1111,100,2005,10
1111,130,2017,2
1111,29,1997,2
1111,122,2005,1
1111,122,2013,1
1111,122,2017,4
1111,122,2021,19
1111,122,2025,3
1111,13,1993,7
1111,13,1997,7
1111,13,2001,1
1111,151,2021,2
1111,158,2025,9
1111,15,1989,12
1111,154,2025,4
1111,152,2021,14
1111,152,2025,14
1111,19,1993,14
1111,19,1997,10
1111,48,2001,19
1111,48,2005,10
1111,48,2009,23
1111,48,2013,13
1111,44,2001,37
1111,44,2005,8
1111,44,2009,3
1111,44,2013,1
1111,44,2017,3
1111,123,2013,82
1111,123,2017,30
1111,123,2021,41
1111,123,2025,78
1111,12,2009,1
1111,133,2017,1
1111,133,2021,3
1111,09,1997,2
1111,09,2001,1
1111,09,2009,2
1111,09,2013,3
1111,09,2017,2
1111,159,2025,5
1111,153,2021,3
1111,153,2025,1
1111,10,1993,20
1111,10,1997,10
1111,10,2005,1
1111,10,2009,8
1111,10,2013,4
1111,10,2017,5
1111,10,2021,3
1111,10,2025,3
1111,124,2013,4
1111,124,2017,7
1111,124,2021,4
1111,46,2001,3
1111,11,1993,1
1111,11,1997,10
1111,11,2001,3
1111,11,2005,1
1111,22,1993,12
1111,14,1989,15
1111,132,2017,7
1111,132,2021,2
1111,137,2017,1
1112,01,1989,457
1112,01,1993,404
1112,01,1997,404
1112,01,2001,289
1112,01,2005,323
1112,01,2009,423
1112,01,2013,399
1112,01,2017,338
1112,01,2021,296
1112,01,2025,364
1112,02,1989,263
1112,02,1993,86
1112,02,1997,257
1112,02,2001,282
1112,02,2005,474
1112,02,2009,512
1112,02,2013,397
1112,02,2017,468
1112,02,2021,335
1112,02,2025,605
1112,03,1989,323
1112,03,1993,218
1112,03,1997,175
1112,03,2001,255
1112,03,2005,142
1112,03,2009,180
1112,03,2013,341
1112,03,2017,361
1112,03,2021,236
1112,03,2025,142
1112,04,1989,426
1112,04,1993,353
1112,04,1997,523
1112,04,2001,448
1112,04,2005,365
1112,04,2009,319
1112,04,2013,297
1112,04,2017,244
1112,04,2021,285
1112,04,2025,323
1112,08,1989,2
1112,08,1993,1
1112,08,2001,2
1112,08,2005,2
1112,08,2009,2
1112,08,2013,25
1112,08,2017,32
1112,08,2021,27
1112,08,2025,24
1112,55,2009,4
1112,55,2013,5
1112,55,2017,12
1112,55,2021,33
1112,55,2025,73
1112,05,1989,235
1112,05,1993,485
1112,05,1997,253
1112,05,2001,195
1112,05,2005,225
1112,05,2009,168
1112,05,2013,185
1112,05,2017,262
1112,05,2021,403
1112,05,2025,209
1112,06,1989,89
1112,06,1993,53
1112,06,1997,32
1112,06,2001,82
1112,06,2005,63
1112,06,2009,29
1112,06,2013,21
1112,06,2017,26
1112,06,2021,27
1112,06,2025,21
1112,07,1989,63
1112,07,1993,45
1112,07,1997,114
1112,07,2001,94
1112,07,2005,109
1112,07,2009,64
1112,07,2013,46
1112,07,2017,34
1112,07,2021,38
1112,07,2025,26
1112,100,2005,11
1112,130,2017,6
1112,150,2021,2
1112,29,1997,3
1112,122,2005,1
1112,122,2013,2
1112,122,2017,2
1112,122,2021,29
1112,122,2025,22
1112,13,1993,10
1112,13,1997,7
1112,13,2001,4
1112,158,2025,4
1112,15,1989,3
1112,154,2025,11
1112,152,2021,12
1112,152,2025,20
1112,19,1993,13
1112,19,1997,12
1112,48,2001,35
1112,48,2005,10
1112,48,2009,13
1112,48,2013,4
1112,44,2001,16
1112,44,2005,8
1112,44,2009,2
1112,44,2013,1
1112,123,2013,57
1112,123,2017,21
1112,123,2021,35
1112,123,2025,53
1112,12,2009,1
1112,133,2017,1
1112,133,2021,1
1112,20,1997,1
1112,09,1997,1
1112,09,2001,2
1112,09,2009,1
1112,09,2013,1
1112,09,2017,1
1112,49,2001,1
1112,159,2025,2
1112,153,2021,5
1112,153,2025,1
1112,10,1993,14
1112,10,1997,3
1112,10,2005,5
1112,10,2009,9
1112,10,2013,6
1112,10,2017,5
1112,10,2021,5
1112,10,2025,14
1112,124,2013,5
1112,124,2017,4
1112,46,2001,11
1112,11,1993,2
1112,11,1997,21
1112,11,2001,8
1112,11,2005,5
1112,22,1993,4
1112,14,1989,6
1112,132,2017,1
1112,132,2021,4
1112,132,2025,1
1112,137,2017,6
1112,92,2009,1
1114,01,1989,185
1114,01,1993,172
1114,01,1997,185
1114,01,2001,103
1114,01,2005,160
1114,01,2009,207
1114,01,2013,196
1114,01,2017,150
1114,01,2021,177
1114,01,2025,221
1114,02,1989,81
1114,02,1993,30
1114,02,1997,140
1114,02,2001,141
1114,02,2005,248
1114,02,2009,243
1114,02,2013,182
1114,02,2017,258
1114,02,2021,219
1114,02,2025,390
1114,03,1989,198
1114,03,1993,94
1114,03,1997,90
1114,03,2001,183
1114,03,2005,134
1114,03,2009,191
1114,03,2013,318
1114,03,2017,307
1114,03,2021,236
1114,03,2025,171
1114,04,1989,353
1114,04,1993,339
1114,04,1997,485
1114,04,2001,499
1114,04,2005,327
1114,04,2009,333
1114,04,2013,330
1114,04,2017,298
1114,04,2021,253
1114,04,2025,272
1114,08,1989,1
1114,08,1997,1
1114,08,2001,1
1114,08,2005,2
1114,08,2009,9
1114,08,2013,14
1114,08,2017,10
1114,08,2021,14
1114,08,2025,24
1114,55,2009,3
1114,55,2013,2
1114,55,2017,11
1114,55,2021,27
1114,55,2025,74
1114,05,1989,507
1114,05,1993,736
1114,05,1997,459
1114,05,2001,332
1114,05,2005,421
1114,05,2009,374
1114,05,2013,452
1114,05,2017,456
1114,05,2021,571
1114,05,2025,401
1114,06,1989,39
1114,06,1993,30
1114,06,1997,33
1114,06,2001,59
1114,06,2005,32
1114,06,2009,22
1114,06,2013,16
1114,06,2017,26
1114,06,2021,42
1114,06,2025,32
1114,07,1989,34
1114,07,1993,26
1114,07,1997,64
1114,07,2001,74
1114,07,2005,103
1114,07,2009,63
1114,07,2013,27
1114,07,2017,30
1114,07,2021,30
1114,07,2025,22
1114,100,2005,6
1114,130,2017,2
1114,150,2021,1
1114,29,1997,1
1114,122,2005,1
1114,122,2013,1
1114,122,2017,1
1114,122,2021,13
1114,122,2025,9
1114,13,1993,6
1114,13,1997,2
1114,13,2001,5
1114,158,2025,4
1114,154,2025,10
1114,152,2021,7
1114,152,2025,13
1114,19,1993,6
1114,19,1997,6
1114,48,2001,12
1114,48,2005,7
1114,48,2009,4
1114,48,2013,1
1114,44,2001,11
1114,44,2005,5
1114,44,2013,2
1114,123,2013,27
1114,123,2017,8
1114,123,2021,9
1114,123,2025,16
1114,12,2013,1
1114,09,2017,1
1114,159,2025,1
1114,153,2021,4
1114,153,2025,1
1114,10,1997,3
1114,10,2005,3
1114,10,2009,2
1114,10,2013,2
1114,10,2021,3
1114,10,2025,5
1114,124,2013,2
1114,124,2017,3
1114,124,2021,1
1114,46,2001,5
1114,11,1993,3
1114,11,1997,7
1114,11,2001,3
1114,11,2005,1
1114,22,1993,3
1114,14,1989,2
1114,132,2017,3
1114,132,2021,4
1114,132,2025,4
1114,92,2001,2
1119,01,1989,1274
1119,01,1993,1413
1119,01,1997,1539
1119,01,2001,910
1119,01,2005,1221
1119,01,2009,1475
1119,01,2013,1348
1119,01,2017,1321
1119,01,2021,1397
1119,01,2025,1626
1119,02,1989,1076
1119,02,1993,431
1119,02,1997,1148
1119,02,2001,1292
1119,02,2005,2022
1119,02,2009,2233
1119,02,2013,1773
1119,02,2017,2228
1119,02,2021,1992
1119,02,2025,3569
1119,03,1989,1223
1119,03,1993,709
1119,03,1997,716
1119,03,2001,1101
1119,03,2005,847
1119,03,2009,1140
1119,03,2013,2185
1119,03,2017,2279
1119,03,2021,1734
1119,03,2025,1151
1119,04,1989,1870
1119,04,1993,1582
1119,04,1997,2342
1119,04,2001,2414
1119,04,2005,1865
1119,04,2009,1812
1119,04,2013,1805
1119,04,2017,1651
1119,04,2021,1706
1119,04,2025,1931
1119,08,1989,12
1119,08,1993,5
1119,08,1997,8
1119,08,2001,4
1119,08,2005,6
1119,08,2009,18
1119,08,2013,106
1119,08,2017,124
1119,08,2021,100
1119,08,2025,97
1119,55,2009,7
1119,55,2013,18
1119,55,2017,52
1119,55,2021,204
1119,55,2025,354
1119,05,1989,1630
1119,05,1993,2664
1119,05,1997,1514
1119,05,2001,1000
1119,05,2005,1253
1119,05,2009,1168
1119,05,2013,1316
1119,05,2017,1504
1119,05,2021,2133
1119,05,2025,1219
1119,06,1989,302
1119,06,1993,231
1119,06,1997,172
1119,06,2001,409
1119,06,2005,320
1119,06,2009,244
1119,06,2013,168
1119,06,2017,222
1119,06,2021,258
1119,06,2025,263
1119,07,1989,212
1119,07,1993,144
1119,07,1997,231
1119,07,2001,253
1119,07,2005,396
1119,07,2009,161
1119,07,2013,175
1119,07,2017,126
1119,07,2021,122
1119,07,2025,99
1119,100,2005,32
1119,130,2017,9
1119,150,2021,6
1119,29,1997,5
1119,122,2005,6
1119,122,2013,3
1119,122,2017,12
1119,122,2021,103
1119,122,2025,91
1119,13,1993,30
1119,13,1997,10
1119,13,2001,17
1119,151,2021,12
1119,158,2025,12
1119,15,1989,11
1119,154,2025,57
1119,152,2021,27
1119,152,2025,64
1119,19,1993,17
1119,19,1997,19
1119,48,2001,112
1119,48,2005,62
1119,48,2009,69
1119,48,2013,29
1119,44,2001,68
1119,44,2005,20
1119,44,2009,8
1119,44,2013,7
1119,44,2017,10
1119,123,2013,188
1119,123,2017,143
1119,123,2021,125
1119,123,2025,213
1119,12,2009,1
1119,12,2013,10
1119,133,2017,30
1119,133,2021,19
1119,20,1997,2
1119,09,2001,1
1119,09,2009,2
1119,09,2017,2
1119,49,2001,6
1119,159,2025,14
1119,153,2021,25
1119,153,2025,20
1119,10,1993,36
1119,10,1997,30
1119,10,2005,34
1119,10,2009,42
1119,10,2013,19
1119,10,2017,27
1119,10,2021,40
1119,10,2025,70
1119,124,2013,28
1119,124,2017,7
1119,124,2021,7
1119,46,2001,41
1119,11,1993,15
1119,11,1997,30
1119,11,2001,19
1119,11,2005,17
1119,22,1993,57
1119,14,1989,20
1119,132,2017,13
1119,132,2021,10
1119,132,2025,22
1119,137,2017,2
1119,92,2001,12
1119,92,2005,2
1119,92,2009,6
1120,01,1989,1371
1120,01,1993,1528
1120,01,1997,1567
1120,01,2001,986
1120,01,2005,1398
1120,01,2009,1643
1120,01,2013,1522
1120,01,2017,1653
1120,01,2021,1754
1120,01,2025,1921
1120,02,1989,1174
1120,02,1993,533
1120,02,1997,1405
1120,02,2001,1503
1120,02,2005,2289
1120,02,2009,2605
1120,02,2013,2100
1120,02,2017,2550
1120,02,2021,2448
1120,02,2025,4150
1120,03,1989,1532
1120,03,1993,998
1120,03,1997,1018
1120,03,2001,1514
1120,03,2005,1077
1120,03,2009,1534
1120,03,2013,2829
1120,03,2017,2840
1120,03,2021,2162
1120,03,2025,1506
1120,04,1989,1106
1120,04,1993,979
1120,04,1997,1729
1120,04,2001,1750
1120,04,2005,1174
1120,04,2009,1205
1120,04,2013,1279
1120,04,2017,1060
1120,04,2021,1242
1120,04,2025,1409
1120,08,1989,10
1120,08,1993,6
1120,08,1997,5
1120,08,2001,5
1120,08,2005,14
1120,08,2009,20
1120,08,2013,157
1120,08,2017,163
1120,08,2021,134
1120,08,2025,213
1120,55,2009,28
1120,55,2013,27
1120,55,2017,70
1120,55,2021,262
1120,55,2025,469
1120,05,1989,1284
1120,05,1993,2205
1120,05,1997,1094
1120,05,2001,741
1120,05,2005,888
1120,05,2009,930
1120,05,2013,911
1120,05,2017,1118
1120,05,2021,1606
1120,05,2025,894
1120,06,1989,319
1120,06,1993,248
1120,06,1997,190
1120,06,2001,438
1120,06,2005,321
1120,06,2009,237
1120,06,2013,172
1120,06,2017,252
1120,06,2021,418
1120,06,2025,379
1120,07,1989,271
1120,07,1993,227
1120,07,1997,398
1120,07,2001,376
1120,07,2005,490
1120,07,2009,273
1120,07,2013,302
1120,07,2017,240
1120,07,2021,206
1120,07,2025,229
1120,100,2005,17
1120,130,2017,10
1120,150,2021,10
1120,29,1997,4
1120,122,2005,9
1120,122,2013,8
1120,122,2017,8
1120,122,2021,122
1120,122,2025,128
1120,13,1993,50
1120,13,1997,12
1120,13,2001,7
1120,151,2021,12
1120,158,2025,26
1120,15,1989,14
1120,154,2025,95
1120,152,2021,44
1120,152,2025,96
1120,19,1993,24
1120,19,1997,19
1120,48,2001,34
1120,48,2005,27
1120,48,2009,25
1120,48,2013,22
1120,44,2001,55
1120,44,2005,20
1120,44,2009,9
1120,44,2013,6
1120,44,2017,28
1120,123,2013,97
1120,123,2017,79
1120,123,2021,60
1120,123,2025,129
1120,12,2009,5
1120,12,2013,9
1120,133,2017,32
1120,133,2021,16
1120,20,1997,2
1120,09,1997,1
1120,09,2001,1
1120,09,2009,3
1120,09,2013,4
1120,09,2017,2
1120,49,2001,5
1120,159,2025,28
1120,153,2021,37
1120,153,2025,18
1120,10,1993,25
1120,10,1997,32
1120,10,2005,29
1120,10,2009,28
1120,10,2013,27
1120,10,2017,36
1120,10,2021,38
1120,10,2025,67
1120,124,2013,31
1120,124,2017,15
1120,124,2021,6
1120,46,2001,46
1120,11,1993,9
1120,11,1997,34
1120,11,2001,15
1120,11,2005,23
1120,22,1993,29
1120,14,1989,29
1120,132,2017,22
1120,132,2021,11
1120,132,2025,17
1120,137,2017,3
1120,92,2001,37
1120,92,2005,2
1120,92,2009,3
1121,01,1989,1569
1121,01,1993,1749
1121,01,1997,1862
1121,01,2001,1288
1121,01,2005,1860
1121,01,2009,2291
1121,01,2013,2043
1121,01,2017,2033
1121,01,2021,2151
1121,01,2025,2416
1121,02,1989,932
1121,02,1993,443
1121,02,1997,1129
1121,02,2001,1142
1121,02,2005,1946
1121,02,2009,2020
1121,02,2013,1597
1121,02,2017,1908
1121,02,2021,1709
1121,02,2025,3239
1121,03,1989,1533
1121,03,1993,1089
1121,03,1997,1014
1121,03,2001,1491
1121,03,2005,1114
1121,03,2009,1543
1121,03,2013,2740
1121,03,2017,2901
1121,03,2021,2532
1121,03,2025,1903
1121,04,1989,1224
1121,04,1993,1115
1121,04,1997,1785
1121,04,2001,1869
1121,04,2005,1402
1121,04,2009,1348
1121,04,2013,1381
1121,04,2017,1205
1121,04,2021,1163
1121,04,2025,1317
1121,08,1989,14
1121,08,1993,5
1121,08,1997,10
1121,08,2001,4
1121,08,2005,7
1121,08,2009,13
1121,08,2013,255
1121,08,2017,288
1121,08,2021,181
1121,08,2025,254
1121,55,2009,20
1121,55,2013,21
1121,55,2017,57
1121,55,2021,229
1121,55,2025,506
1121,05,1989,1120
1121,05,1993,1867
1121,05,1997,929
1121,05,2001,749
1121,05,2005,869
1121,05,2009,908
1121,05,2013,1001
1121,05,2017,1187
1121,05,2021,1656
1121,05,2025,1015
1121,06,1989,457
1121,06,1993,389
1121,06,1997,283
1121,06,2001,592
1121,06,2005,466
1121,06,2009,382
1121,06,2013,302
1121,06,2017,388
1121,06,2021,622
1121,06,2025,487
1121,07,1989,340
1121,07,1993,259
1121,07,1997,434
1121,07,2001,355
1121,07,2005,624
1121,07,2009,371
1121,07,2013,382
1121,07,2017,267
1121,07,2021,283
1121,07,2025,275
1121,100,2005,22
1121,130,2017,6
1121,150,2021,7
1121,29,1997,5
1121,122,2005,11
1121,122,2013,1
1121,122,2017,8
1121,122,2021,91
1121,122,2025,112
1121,13,1993,35
1121,13,1997,11
1121,13,2001,5
1121,151,2021,9
1121,158,2025,23
1121,15,1989,13
1121,154,2025,48
1121,152,2021,42
1121,152,2025,91
1121,19,1993,16
1121,19,1997,19
1121,48,2001,54
1121,48,2005,33
1121,48,2009,40
1121,48,2013,15
1121,44,2001,51
1121,44,2005,15
1121,44,2009,7
1121,44,2013,5
1121,44,2017,5
1121,123,2013,133
1121,123,2017,87
1121,123,2021,80
1121,123,2025,118
1121,12,2009,8
1121,12,2013,8
1121,133,2017,33
1121,133,2021,29
1121,20,1997,1
1121,09,1997,3
1121,09,2001,4
1121,09,2009,5
1121,09,2017,4
1121,49,2001,9
1121,159,2025,13
1121,153,2021,29
1121,153,2025,11
1121,10,1993,29
1121,10,1997,34
1121,10,2005,38
1121,10,2009,30
1121,10,2013,22
1121,10,2017,25
1121,10,2021,39
1121,10,2025,65
1121,124,2013,27
1121,124,2017,26
1121,124,2021,6
1121,46,2001,63
1121,11,1993,12
1121,11,1997,57
1121,11,2001,33
1121,11,2005,36
1121,22,1993,37
1121,14,1989,23
1121,132,2017,18
1121,132,2021,16
1121,132,2025,14
1121,137,2017,2
1121,92,2001,30
1121,92,2005,1
1121,92,2009,5
1122,01,1989,1206
1122,01,1993,1289
1122,01,1997,1388
1122,01,2001,844
1122,01,2005,1175
1122,01,2009,1321
1122,01,2013,1204
1122,01,2017,1349
1122,01,2021,1403
1122,01,2025,1428
1122,02,1989,481
1122,02,1993,239
1122,02,1997,625
1122,02,2001,722
1122,02,2005,1259
1122,02,2009,1391
1122,02,2013,1164
1122,02,2017,1338
1122,02,2021,1125
1122,02,2025,2057
1122,03,1989,669
1122,03,1993,433
1122,03,1997,468
1122,03,2001,854
1122,03,2005,572
1122,03,2009,779
1122,03,2013,1485
1122,03,2017,1383
1122,03,2021,1129
1122,03,2025,770
1122,04,1989,785
1122,04,1993,758
1122,04,1997,1149
1122,04,2001,1204
1122,04,2005,883
1122,04,2009,989
1122,04,2013,969
1122,04,2017,835
1122,04,2021,790
1122,04,2025,862
1122,08,1989,9
1122,08,1993,2
1122,08,1997,9
1122,08,2001,5
1122,08,2005,6
1122,08,2009,15
1122,08,2013,97
1122,08,2017,111
1122,08,2021,118
1122,08,2025,111
1122,55,2009,8
1122,55,2013,16
1122,55,2017,38
1122,55,2021,172
1122,55,2025,348
1122,05,1989,556
1122,05,1993,995
1122,05,1997,473
1122,05,2001,358
1122,05,2005,505
1122,05,2009,523
1122,05,2013,459
1122,05,2017,689
1122,05,2021,945
1122,05,2025,535
1122,06,1989,210
1122,06,1993,202
1122,06,1997,148
1122,06,2001,337
1122,06,2005,249
1122,06,2009,190
1122,06,2013,146
1122,06,2017,168
1122,06,2021,265
1122,06,2025,238
1122,07,1989,223
1122,07,1993,143
1122,07,1997,193
1122,07,2001,173
1122,07,2005,284
1122,07,2009,155
1122,07,2013,182
1122,07,2017,137
1122,07,2021,113
1122,07,2025,100
1122,100,2005,12
1122,130,2017,5
1122,150,2021,3
1122,29,1997,6
1122,122,2005,5
1122,122,2013,1
1122,122,2017,11
1122,122,2021,80
1122,122,2025,52
1122,13,1993,29
1122,13,1997,8
1122,13,2001,3
1122,151,2021,7
1122,158,2025,24
1122,15,1989,7
1122,154,2025,43
1122,152,2021,27
1122,152,2025,65
1122,19,1993,9
1122,19,1997,10
1122,48,2001,30
1122,48,2005,20
1122,48,2009,13
1122,48,2013,7
1122,44,2001,38
1122,44,2005,19
1122,44,2009,4
1122,44,2013,1
1122,44,2017,3
1122,123,2013,36
1122,123,2017,26
1122,123,2021,37
1122,123,2025,66
1122,12,2009,1
1122,12,2013,7
1122,133,2017,13
1122,133,2021,20
1122,20,1997,7
1122,09,1997,4
1122,09,2001,1
1122,09,2009,1
1122,09,2013,1
1122,49,2001,4
1122,159,2025,9
1122,153,2021,23
1122,153,2025,14
1122,10,1993,24
1122,10,1997,31
1122,10,2005,17
1122,10,2009,9
1122,10,2013,14
1122,10,2017,9
1122,10,2021,17
1122,10,2025,45
1122,124,2013,31
1122,124,2017,11
1122,46,2001,38
1122,11,1993,5
1122,11,1997,19
1122,11,2001,13
1122,11,2005,12
1122,22,1993,12
1122,14,1989,12
1122,132,2017,19
1122,132,2021,17
1122,132,2025,7
1122,137,2017,2
1122,92,2001,27
1122,92,2005,3
1122,92,2009,1
1124,01,1989,1944
1124,01,1993,2274
1124,01,1997,2389
1124,01,2001,1372
1124,01,2005,2129
1124,01,2009,2615
1124,01,2013,2358
1124,01,2017,2635
1124,01,2021,2789
1124,01,2025,3192
1124,02,1989,1910
1124,02,1993,996
1124,02,1997,2424
1124,02,2001,2221
1124,02,2005,3504
1124,02,2009,3822
1124,02,2013,2837
1124,02,2017,3123
1124,02,2021,2922
1124,02,2025,5350
1124,03,1989,2288
1124,03,1993,1802
1124,03,1997,1901
1124,03,2001,2878
1124,03,2005,2025
1124,03,2009,2845
1124,03,2013,4844
1124,03,2017,4870
1124,03,2021,4399
1124,03,2025,3110
1124,04,1989,1111
1124,04,1993,1136
1124,04,1997,1808
1124,04,2001,1867
1124,04,2005,1199
1124,04,2009,1108
1124,04,2013,1218
1124,04,2017,907
1124,04,2021,946
1124,04,2025,1179
1124,08,1989,23
1124,08,1993,16
1124,08,1997,12
1124,08,2001,9
1124,08,2005,10
1124,08,2009,32
1124,08,2013,230
1124,08,2017,315
1124,08,2021,273
1124,08,2025,355
1124,55,2009,36
1124,55,2013,37
1124,55,2017,99
1124,55,2021,376
1124,55,2025,652
1124,05,1989,858
1124,05,1993,1630
1124,05,1997,686
1124,05,2001,430
1124,05,2005,492
1124,05,2009,493
1124,05,2013,449
1124,05,2017,785
1124,05,2021,1187
1124,05,2025,528
1124,06,1989,494
1124,06,1993,418
1124,06,1997,274
1124,06,2001,708
1124,06,2005,564
1124,06,2009,394
1124,06,2013,308
1124,06,2017,382
1124,06,2021,538
1124,06,2025,472
1124,07,1989,423
1124,07,1993,405
1124,07,1997,432
1124,07,2001,415
1124,07,2005,738
1124,07,2009,510
1124,07,2013,581
1124,07,2017,472
1124,07,2021,519
1124,07,2025,431
1124,100,2005,8
1124,130,2017,8
1124,150,2021,8
1124,29,1997,13
1124,122,2005,17
1124,122,2013,8
1124,122,2017,18
1124,122,2021,126
1124,122,2025,105
1124,13,1993,100
1124,13,1997,24
1124,13,2001,15
1124,151,2021,32
1124,158,2025,31
1124,15,1989,14
1124,154,2025,80
1124,152,2021,94
1124,152,2025,141
1124,19,1993,36
1124,19,1997,20
1124,48,2001,50
1124,48,2005,22
1124,48,2009,19
1124,48,2013,8
1124,44,2001,70
1124,44,2005,27
1124,44,2009,6
1124,44,2013,6
1124,44,2017,28
1124,123,2013,69
1124,123,2017,30
1124,123,2021,44
1124,123,2025,90
1124,12,2009,7
1124,12,2013,6
1124,133,2017,36
1124,133,2021,25
1124,20,1997,6
1124,09,2001,1
1124,09,2013,2
1124,09,2017,4
1124,49,2001,7
1124,159,2025,29
1124,153,2021,41
1124,153,2025,21
1124,10,1993,148
1124,10,1997,107
1124,10,2005,37
1124,10,2009,93
1124,10,2013,44
1124,10,2017,48
1124,10,2021,58
1124,10,2025,98
1124,124,2013,47
1124,124,2017,22
1124,124,2021,7
1124,46,2001,77
1124,11,1993,10
1124,11,1997,64
1124,11,2001,43
1124,11,2005,36
1124,22,1993,23
1124,14,1989,22
1124,132,2017,24
1124,132,2021,38
1124,132,2025,34
1124,137,2017,4
1124,92,2001,64
1124,92,2005,3
1124,92,2009,6
1127,01,1989,1017
1127,01,1993,1207
1127,01,1997,1252
1127,01,2001,751
1127,01,2005,1228
1127,01,2009,1359
1127,01,2013,1233
1127,01,2017,1257
1127,01,2021,1360
1127,01,2025,1531
1127,02,1989,621
1127,02,1993,367
1127,02,1997,832
1127,02,2001,745
1127,02,2005,1266
1127,02,2009,1408
1127,02,2013,1014
1127,02,2017,1132
1127,02,2021,1058
1127,02,2025,1903
1127,03,1989,1073
1127,03,1993,736
1127,03,1997,772
1127,03,2001,1160
1127,03,2005,837
1127,03,2009,1148
1127,03,2013,1869
1127,03,2017,1913
1127,03,2021,1751
1127,03,2025,1084
1127,04,1989,837
1127,04,1993,815
1127,04,1997,1147
1127,04,2001,1127
1127,04,2005,833
1127,04,2009,799
1127,04,2013,754
1127,04,2017,710
1127,04,2021,784
1127,04,2025,780
1127,08,1989,9
1127,08,1993,4
1127,08,1997,7
1127,08,2001,3
1127,08,2005,3
1127,08,2009,8
1127,08,2013,96
1127,08,2017,149
1127,08,2021,117
1127,08,2025,146
1127,55,2009,15
1127,55,2013,17
1127,55,2017,42
1127,55,2021,186
1127,55,2025,271
1127,05,1989,442
1127,05,1993,868
1127,05,1997,383
1127,05,2001,273
1127,05,2005,317
1127,05,2009,273
1127,05,2013,249
1127,05,2017,400
1127,05,2021,576
1127,05,2025,556
1127,06,1989,231
1127,06,1993,227
1127,06,1997,157
1127,06,2001,368
1127,06,2005,218
1127,06,2009,184
1127,06,2013,127
1127,06,2017,160
1127,06,2021,244
1127,06,2025,179
1127,07,1989,203
1127,07,1993,251
1127,07,1997,259
1127,07,2001,264
1127,07,2005,345
1127,07,2009,234
1127,07,2013,271
1127,07,2017,198
1127,07,2021,211
1127,07,2025,150
1127,100,2005,19
1127,130,2017,3
1127,150,2021,4
1127,29,1997,1
1127,122,2005,3
1127,122,2013,3
1127,122,2017,5
1127,122,2021,44
1127,122,2025,48
1127,13,1993,32
1127,13,1997,11
1127,13,2001,4
1127,151,2021,13
1127,158,2025,14
1127,15,1989,2
1127,154,2025,45
1127,152,2021,25
1127,152,2025,43
1127,19,1993,12
1127,19,1997,7
1127,48,2001,27
1127,48,2005,19
1127,48,2009,10
1127,48,2013,6
1127,44,2001,36
1127,44,2005,12
1127,44,2009,4
1127,44,2013,3
1127,44,2017,5
1127,123,2013,50
1127,123,2017,31
1127,123,2021,24
1127,123,2025,40
1127,12,2009,2
1127,12,2013,2
1127,133,2017,6
1127,133,2021,11
1127,20,1997,4
1127,09,2009,1
1127,09,2017,1
1127,49,2001,4
1127,159,2025,16
1127,153,2021,14
1127,153,2025,9
1127,10,1993,16
1127,10,1997,24
1127,10,2005,12
1127,10,2009,22
1127,10,2013,10
1127,10,2017,18
1127,10,2021,25
1127,10,2025,35
1127,124,2013,15
1127,124,2017,16
1127,124,2021,9
1127,46,2001,35
1127,11,1993,9
1127,11,1997,45
1127,11,2001,29
1127,11,2005,20
1127,22,1993,11
1127,14,1989,17
1127,132,2017,13
1127,132,2021,10
1127,132,2025,6
1127,137,2017,6
1127,92,2001,35
1127,92,2005,2
1127,92,2009,1
1130,01,1989,1399
1130,01,1993,1460
1130,01,1997,1387
1130,01,2001,881
1130,01,2005,1281
1130,01,2009,1370
1130,01,2013,1294
1130,01,2017,1277
1130,01,2021,1380
1130,01,2025,1533
1130,02,1989,741
1130,02,1993,302
1130,02,1997,946
1130,02,2001,921
1130,02,2005,1577
1130,02,2009,1733
1130,02,2013,1287
1130,02,2017,1438
1130,02,2021,1333
1130,02,2025,2496
1130,03,1989,979
1130,03,1993,591
1130,03,1997,499
1130,03,2001,906
1130,03,2005,615
1130,03,2009,876
1130,03,2013,1657
1130,03,2017,1826
1130,03,2021,1537
1130,03,2025,952
1130,04,1989,1325
1130,04,1993,1099
1130,04,1997,1661
1130,04,2001,1572
1130,04,2005,1183
1130,04,2009,1120
1130,04,2013,1177
1130,04,2017,1001
1130,04,2021,1007
1130,04,2025,1119
1130,08,1989,21
1130,08,1993,9
1130,08,1997,6
1130,08,2001,4
1130,08,2005,5
1130,08,2009,17
1130,08,2013,130
1130,08,2017,128
1130,08,2021,106
1130,08,2025,137
1130,55,2009,13
1130,55,2013,15
1130,55,2017,46
1130,55,2021,249
1130,55,2025,505
1130,05,1989,399
1130,05,1993,1113
1130,05,1997,456
1130,05,2001,316
1130,05,2005,401
1130,05,2009,363
1130,05,2013,287
1130,05,2017,533
1130,05,2021,936
1130,05,2025,426
1130,06,1989,403
1130,06,1993,340
1130,06,1997,210
1130,06,2001,505
1130,06,2005,308
1130,06,2009,249
1130,06,2013,170
1130,06,2017,160
1130,06,2021,251
1130,06,2025,189
1130,07,1989,286
1130,07,1993,205
1130,07,1997,255
1130,07,2001,226
1130,07,2005,351
1130,07,2009,153
1130,07,2013,206
1130,07,2017,168
1130,07,2021,172
1130,07,2025,131
1130,100,2005,28
1130,130,2017,2
1130,150,2021,1
1130,29,1997,5
1130,122,2005,8
1130,122,2013,5
1130,122,2017,9
1130,122,2021,92
1130,122,2025,52
1130,13,1993,39
1130,13,1997,17
1130,13,2001,11
1130,151,2021,4
1130,158,2025,23
1130,15,1989,8
1130,154,2025,55
1130,152,2021,53
1130,152,2025,113
1130,19,1993,43
1130,19,1997,24
1130,48,2001,50
1130,48,2005,21
1130,48,2009,41
1130,48,2013,13
1130,44,2001,69
1130,44,2005,35
1130,44,2009,4
1130,44,2013,1
1130,44,2017,3
1130,123,2013,121
1130,123,2017,81
1130,123,2021,86
1130,123,2025,142
1130,12,2013,5
1130,133,2017,18
1130,133,2021,3
1130,20,1997,2
1130,09,1997,2
1130,09,2001,4
1130,09,2009,2
1130,09,2017,1
1130,49,2001,7
1130,159,2025,10
1130,153,2021,22
1130,153,2025,8
1130,10,1993,31
1130,10,1997,25
1130,10,2005,17
1130,10,2009,28
1130,10,2013,15
1130,10,2017,11
1130,10,2021,20
1130,10,2025,31
1130,124,2013,10
1130,124,2017,6
1130,124,2021,4
1130,46,2001,31
1130,11,1993,5
1130,11,1997,22
1130,11,2001,19
1130,11,2005,18
1130,22,1993,30
1130,14,1989,17
1130,132,2017,13
1130,132,2021,10
1130,132,2025,10
1130,92,2001,13
1130,92,2009,3
1133,01,1989,225
1133,01,1993,168
1133,01,1997,194
1133,01,2001,111
1133,01,2005,179
1133,01,2009,202
1133,01,2013,242
1133,01,2017,223
1133,01,2021,211
1133,01,2025,256
1133,02,1989,131
1133,02,1993,58
1133,02,1997,161
1133,02,2001,142
1133,02,2005,238
1133,02,2009,257
1133,02,2013,176
1133,02,2017,199
1133,02,2021,141
1133,02,2025,297
1133,03,1989,253
1133,03,1993,153
1133,03,1997,145
1133,03,2001,203
1133,03,2005,155
1133,03,2009,181
1133,03,2013,232
1133,03,2017,254
1133,03,2021,195
1133,03,2025,154
1133,04,1989,364
1133,04,1993,318
1133,04,1997,414
1133,04,2001,458
1133,04,2005,291
1133,04,2009,266
1133,04,2013,260
1133,04,2017,181
1133,04,2021,168
1133,04,2025,196
1133,08,1989,3
1133,08,1993,1
1133,08,1997,7
1133,08,2001,2
1133,08,2005,1
1133,08,2009,3
1133,08,2013,32
1133,08,2017,30
1133,08,2021,21
1133,08,2025,21
1133,55,2009,4
1133,55,2013,2
1133,55,2017,5
1133,55,2021,43
1133,55,2025,66
1133,05,1989,533
1133,05,1993,767
1133,05,1997,539
1133,05,2001,448
1133,05,2005,475
1133,05,2009,432
1133,05,2013,401
1133,05,2017,470
1133,05,2021,503
1133,05,2025,373
1133,06,1989,78
1133,06,1993,97
1133,06,1997,46
1133,06,2001,90
1133,06,2005,78
1133,06,2009,49
1133,06,2013,48
1133,06,2017,43
1133,06,2021,73
1133,06,2025,57
1133,07,1989,68
1133,07,1993,56
1133,07,1997,135
1133,07,2001,87
1133,07,2005,96
1133,07,2009,60
1133,07,2013,32
1133,07,2017,31
1133,07,2021,19
1133,07,2025,13
1133,100,2005,8
1133,130,2017,1
1133,150,2021,1
1133,122,2013,1
1133,122,2017,1
1133,122,2021,12
1133,122,2025,10
1133,13,1997,2
1133,151,2021,1
1133,158,2025,2
1133,15,1989,3
1133,154,2025,4
1133,152,2021,8
1133,152,2025,16
1133,19,1993,1
1133,19,1997,5
1133,48,2001,12
1133,48,2005,2
1133,48,2009,11
1133,48,2013,2
1133,44,2001,17
1133,44,2005,9
1133,44,2009,7
1133,44,2013,2
1133,44,2017,2
1133,123,2013,3
1133,123,2017,7
1133,123,2021,8
1133,123,2025,9
1133,12,2009,1
1133,12,2013,2
1133,09,2001,1
1133,49,2001,1
1133,159,2025,6
1133,153,2021,8
1133,153,2025,3
1133,10,1993,10
1133,10,1997,9
1133,10,2005,2
1133,10,2009,5
1133,10,2013,2
1133,10,2017,3
1133,10,2021,6
1133,10,2025,6
1133,124,2013,5
1133,124,2021,1
1133,46,2001,6
1133,11,1993,4
1133,11,1997,7
1133,11,2001,7
1133,11,2005,5
1133,22,1993,1
1133,14,1989,2
1133,132,2017,2
1133,132,2021,4
1133,132,2025,2
1133,137,2017,2
1133,92,2001,1
1133,92,2009,1
1134,01,1989,627
1134,01,1993,492
1134,01,1997,483
1134,01,2001,353
1134,01,2005,480
1134,01,2009,490
1134,01,2013,472
1134,01,2017,411
1134,01,2021,417
1134,01,2025,570
1134,02,1989,211
1134,02,1993,65
1134,02,1997,201
1134,02,2001,234
1134,02,2005,269
1134,02,2009,335
1134,02,2013,228
1134,02,2017,252
1134,02,2021,192
1134,02,2025,351
1134,03,1989,278
1134,03,1993,155
1134,03,1997,128
1134,03,2001,201
1134,03,2005,147
1134,03,2009,188
1134,03,2013,292
1134,03,2017,308
1134,03,2021,226
1134,03,2025,167
1134,04,1989,468
1134,04,1993,364
1134,04,1997,555
1134,04,2001,516
1134,04,2005,362
1134,04,2009,319
1134,04,2013,294
1134,04,2017,220
1134,04,2021,202
1134,04,2025,205
1134,08,1989,4
1134,08,1993,2
1134,08,2001,4
1134,08,2005,2
1134,08,2009,2
1134,08,2013,39
1134,08,2017,52
1134,08,2021,41
1134,08,2025,53
1134,55,2009,6
1134,55,2013,11
1134,55,2017,18
1134,55,2021,102
1134,55,2025,131
1134,05,1989,561
1134,05,1993,976
1134,05,1997,681
1134,05,2001,502
1134,05,2005,570
1134,05,2009,574
1134,05,2013,552
1134,05,2017,730
1134,05,2021,827
1134,05,2025,531
1134,06,1989,148
1134,06,1993,174
1134,06,1997,144
1134,06,2001,231
1134,06,2005,194
1134,06,2009,156
1134,06,2013,123
1134,06,2017,111
1134,06,2021,132
1134,06,2025,147
1134,07,1989,168
1134,07,1993,101
1134,07,1997,173
1134,07,2001,156
1134,07,2005,158
1134,07,2009,83
1134,07,2013,102
1134,07,2017,68
1134,07,2021,39
1134,07,2025,30
1134,100,2005,9
1134,130,2017,2
1134,150,2021,2
1134,29,1997,1
1134,122,2021,15
1134,122,2025,17
1134,13,1993,10
1134,13,1997,6
1134,13,2001,2
1134,151,2021,1
1134,158,2025,7
1134,15,1989,3
1134,154,2025,11
1134,152,2021,11
1134,152,2025,14
1134,19,1993,7
1134,19,1997,11
1134,48,2001,36
1134,48,2005,11
1134,48,2009,8
1134,48,2013,4
1134,44,2001,31
1134,44,2005,25
1134,44,2009,2
1134,44,2013,3
1134,44,2017,1
1134,123,2013,28
1134,123,2017,12
1134,123,2021,12
1134,123,2025,20
1134,133,2017,2
1134,133,2021,3
1134,09,2001,1
1134,09,2009,1
1134,159,2025,6
1134,153,2021,12
1134,153,2025,3
1134,10,1993,10
1134,10,1997,9
1134,10,2005,3
1134,10,2013,5
1134,10,2017,2
1134,10,2021,5
1134,10,2025,4
1134,124,2013,3
1134,124,2017,1
1134,124,2021,1
1134,46,2001,14
1134,11,1993,5
1134,11,1997,25
1134,11,2001,9
1134,11,2005,8
1134,22,1993,3
1134,14,1989,9
1134,132,2017,3
1134,132,2021,4
1134,132,2025,9
1135,01,1989,1334
1135,01,1993,1189
1135,01,1997,1149
1135,01,2001,878
1135,01,2005,1227
1135,01,2009,1235
1135,01,2013,1084
1135,01,2017,899
1135,01,2021,866
1135,01,2025,968
1135,02,1989,372
1135,02,1993,98
1135,02,1997,399
1135,02,2001,467
1135,02,2005,567
1135,02,2009,477
1135,02,2013,366
1135,02,2017,326
1135,02,2021,264
1135,02,2025,564
1135,03,1989,418
1135,03,1993,212
1135,03,1997,307
1135,03,2001,422
1135,03,2005,259
1135,03,2009,335
1135,03,2013,611
1135,03,2017,498
1135,03,2021,353
1135,03,2025,271
1135,04,1989,396
1135,04,1993,306
1135,04,1997,625
1135,04,2001,496
1135,04,2005,202
1135,04,2009,187
1135,04,2013,181
1135,04,2017,130
1135,04,2021,106
1135,04,2025,93
1135,08,1989,14
1135,08,1993,3
1135,08,1997,5
1135,08,2001,4
1135,08,2005,2
1135,08,2009,3
1135,08,2013,46
1135,08,2017,37
1135,08,2021,48
1135,08,2025,41
1135,55,2009,11
1135,55,2013,14
1135,55,2017,22
1135,55,2021,131
1135,55,2025,239
1135,05,1989,229
1135,05,1993,631
1135,05,1997,290
1135,05,2001,221
1135,05,2005,235
1135,05,2009,208
1135,05,2013,201
1135,05,2017,521
1135,05,2021,638
1135,05,2025,264
1135,06,1989,467
1135,06,1993,519
1135,06,1997,172
1135,06,2001,372
1135,06,2005,196
1135,06,2009,169
1135,06,2013,101
1135,06,2017,119
1135,06,2021,163
1135,06,2025,125
1135,07,1989,257
1135,07,1993,124
1135,07,1997,163
1135,07,2001,123
1135,07,2005,154
1135,07,2009,81
1135,07,2013,104
1135,07,2017,62
1135,07,2021,35
1135,07,2025,27
1135,100,2005,4
1135,130,2017,5
1135,150,2021,4
1135,29,1997,1
1135,122,2013,4
1135,122,2017,1
1135,122,2021,29
1135,122,2025,12
1135,13,1993,14
1135,13,1997,7
1135,13,2001,3
1135,151,2021,1
1135,158,2025,1
1135,15,1989,26
1135,154,2025,14
1135,152,2021,20
1135,152,2025,17
1135,19,1993,9
1135,19,1997,19
1135,48,2001,20
1135,48,2005,2
1135,48,2009,4
1135,48,2013,6
1135,44,2001,35
1135,44,2005,10
1135,44,2009,3
1135,123,2013,8
1135,123,2017,7
1135,123,2021,16
1135,123,2025,23
1135,12,2009,2
1135,133,2017,5
1135,133,2021,3
1135,20,1997,1
1135,09,1997,1
1135,09,2001,4
1135,09,2013,1
1135,09,2017,1
1135,49,2001,3
1135,159,2025,9
1135,153,2021,4
1135,153,2025,6
1135,10,1993,28
1135,10,1997,15
1135,10,2005,9
1135,10,2009,14
1135,10,2013,13
1135,10,2017,19
1135,10,2021,6
1135,10,2025,6
1135,124,2013,10
1135,124,2017,5
1135,124,2021,1
1135,46,2001,12
1135,11,1993,13
1135,11,1997,49
1135,11,2001,18
1135,11,2005,17
1135,22,1993,3
1135,14,1989,9
1135,132,2017,8
1135,132,2021,4
1135,132,2025,4
1135,92,2001,2
1135,92,2009,3
1144,01,1989,89
1144,01,1993,82
1144,01,1997,77
1144,01,2001,46
1144,01,2005,77
1144,01,2009,89
1144,01,2013,74
1144,01,2017,71
1144,01,2021,88
1144,01,2025,93
1144,02,1989,23
1144,02,1993,11
1144,02,1997,41
1144,02,2001,42
1144,02,2005,53
1144,02,2009,62
1144,02,2013,81
1144,02,2017,81
1144,02,2021,59
1144,02,2025,71
1144,03,1989,58
1144,03,1993,44
1144,03,1997,25
1144,03,2001,42
1144,03,2005,28
1144,03,2009,34
1144,03,2013,52
1144,03,2017,61
1144,03,2021,51
1144,03,2025,48
1144,04,1989,115
1144,04,1993,100
1144,04,1997,130
1144,04,2001,95
1144,04,2005,94
1144,04,2009,92
1144,04,2013,78
1144,04,2017,63
1144,04,2021,76
1144,04,2025,80
1144,08,1997,2
1144,08,2001,4
1144,08,2005,2
1144,08,2009,3
1144,08,2013,5
1144,08,2017,12
1144,08,2021,6
1144,08,2025,10
1144,55,2013,2
1144,55,2017,1
1144,55,2021,6
1144,55,2025,15
1144,05,1989,22
1144,05,1993,50
1144,05,1997,19
1144,05,2001,11
1144,05,2005,19
1144,05,2009,17
1144,05,2013,16
1144,05,2017,26
1144,05,2021,35
1144,05,2025,23
1144,06,1989,7
1144,06,1993,9
1144,06,1997,13
1144,06,2001,17
1144,06,2005,17
1144,06,2009,9
1144,06,2013,8
1144,06,2017,10
1144,06,2021,13
1144,06,2025,7
1144,07,1989,14
1144,07,1993,7
1144,07,1997,24
1144,07,2001,22
1144,07,2005,17
1144,07,2009,12
1144,07,2013,14
1144,07,2017,8
1144,07,2021,3
1144,07,2025,3
1144,100,2005,1
1144,150,2021,1
1144,13,1993,1
1144,13,1997,1
1144,154,2025,1
1144,152,2025,10
1144,19,1993,2
1144,48,2001,13
1144,48,2005,6
1144,48,2009,2
1144,44,2001,9
1144,44,2005,2
1144,44,2009,1
1144,123,2013,10
1144,123,2017,2
1144,123,2021,2
1144,123,2025,3
1144,09,2013,1
1144,159,2025,2
1144,153,2025,1
1144,10,1997,1
1144,10,2017,1
1144,10,2021,1
1144,124,2013,1
1144,124,2017,1
1144,46,2001,2
1144,11,1997,3
1144,11,2001,3
1144,22,1993,2
1144,14,1989,1
1145,01,1989,85
1145,01,1993,68
1145,01,1997,84
1145,01,2001,42
1145,01,2005,71
1145,01,2009,103
1145,01,2013,85
1145,01,2017,89
1145,01,2021,101
1145,01,2025,110
1145,02,1989,62
1145,02,1993,25
1145,02,1997,67
1145,02,2001,69
1145,02,2005,112
1145,02,2009,110
1145,02,2013,76
1145,02,2017,74
1145,02,2021,79
1145,02,2025,162
1145,03,1989,85
1145,03,1993,50
1145,03,1997,61
1145,03,2001,69
1145,03,2005,58
1145,03,2009,65
1145,03,2013,111
1145,03,2017,142
1145,03,2021,108
1145,03,2025,77
1145,04,1989,103
1145,04,1993,71
1145,04,1997,136
1145,04,2001,114
1145,04,2005,68
1145,04,2009,57
1145,04,2013,47
1145,04,2017,25
1145,04,2021,22
1145,04,2025,28
1145,08,1989,2
1145,08,1997,1
1145,08,2001,2
1145,08,2013,5
1145,08,2017,5
1145,08,2021,4
1145,08,2025,2
1145,55,2009,2
1145,55,2013,2
1145,55,2017,1
1145,55,2021,8
1145,55,2025,14
1145,05,1989,87
1145,05,1993,209
1145,05,1997,91
1145,05,2001,60
1145,05,2005,89
1145,05,2009,114
1145,05,2013,125
1145,05,2017,159
1145,05,2021,187
1145,05,2025,129
1145,06,1989,22
1145,06,1993,13
1145,06,1997,12
1145,06,2001,33
1145,06,2005,19
1145,06,2009,13
1145,06,2013,11
1145,06,2017,4
1145,06,2021,14
1145,06,2025,15
1145,07,1989,16
1145,07,1993,13
1145,07,1997,10
1145,07,2001,16
1145,07,2005,15
1145,07,2009,9
1145,07,2013,10
1145,07,2017,6
1145,07,2021,4
1145,07,2025,3
1145,122,2017,1
1145,122,2021,10
1145,122,2025,5
1145,13,1993,3
1145,13,1997,2
1145,15,1989,2
1145,154,2025,4
1145,152,2021,3
1145,152,2025,5
1145,19,1993,2
1145,19,1997,2
1145,48,2001,2
1145,48,2005,3
1145,48,2009,1
1145,44,2001,41
1145,44,2005,21
1145,44,2009,4
1145,44,2013,3
1145,44,2017,3
1145,123,2013,8
1145,123,2017,1
1145,123,2021,2
1145,123,2025,4
1145,133,2021,1
1145,159,2025,1
1145,153,2021,2
1145,10,1993,2
1145,10,2005,2
1145,10,2009,2
1145,10,2017,3
1145,10,2021,1
1145,10,2025,2
1145,124,2013,1
1145,124,2017,1
1145,46,2001,2
1145,11,1997,3
1145,11,2001,1
1145,11,2005,3
1145,22,1993,2
1145,14,1989,2
1145,132,2021,2
1145,92,2001,1
1146,01,1989,1080
1146,01,1993,1006
1146,01,1997,1147
1146,01,2001,752
1146,01,2005,1136
1146,01,2009,1281
1146,01,2013,1322
1146,01,2017,1290
1146,01,2021,1315
1146,01,2025,1490
1146,02,1989,729
1146,02,1993,254
1146,02,1997,838
1146,02,2001,981
1146,02,2005,1447
1146,02,2009,1497
1146,02,2013,1133
1146,02,2017,1258
1146,02,2021,1216
1146,02,2025,2276
1146,03,1989,825
1146,03,1993,461
1146,03,1997,475
1146,03,2001,802
1146,03,2005,649
1146,03,2009,901
1146,03,2013,1626
1146,03,2017,1706
1146,03,2021,1234
1146,03,2025,815
1146,04,1989,885
1146,04,1993,732
1146,04,1997,1201
1146,04,2001,1118
1146,04,2005,659
1146,04,2009,597
1146,04,2013,662
1146,04,2017,547
1146,04,2021,442
1146,04,2025,518
1146,08,1989,13
1146,08,1993,6
1146,08,1997,10
1146,08,2001,11
1146,08,2005,5
1146,08,2009,8
1146,08,2013,95
1146,08,2017,106
1146,08,2021,102
1146,08,2025,190
1146,55,2009,12
1146,55,2013,14
1146,55,2017,32
1146,55,2021,188
1146,55,2025,323
1146,05,1989,564
1146,05,1993,1414
1146,05,1997,560
1146,05,2001,389
1146,05,2005,519
1146,05,2009,551
1146,05,2013,524
1146,05,2017,782
1146,05,2021,1156
1146,05,2025,547
1146,06,1989,218
1146,06,1993,180
1146,06,1997,88
1146,06,2001,309
1146,06,2005,240
1146,06,2009,152
1146,06,2013,92
1146,06,2017,135
1146,06,2021,249
1146,06,2025,167
1146,07,1989,338
1146,07,1993,265
1146,07,1997,321
1146,07,2001,240
1146,07,2005,302
1146,07,2009,177
1146,07,2013,213
1146,07,2017,155
1146,07,2021,151
1146,07,2025,122
1146,100,2005,13
1146,130,2017,3
1146,150,2021,5
1146,29,1997,7
1146,122,2005,9
1146,122,2013,3
1146,122,2017,9
1146,122,2021,107
1146,122,2025,60
1146,13,1993,79
1146,13,1997,8
1146,13,2001,7
1146,151,2021,3
1146,158,2025,15
1146,15,1989,4
1146,154,2025,50
1146,152,2021,68
1146,152,2025,96
1146,19,1993,19
1146,19,1997,26
1146,48,2001,39
1146,48,2005,10
1146,48,2009,17
1146,48,2013,6
1146,44,2001,100
1146,44,2005,77
1146,44,2009,9
1146,44,2013,11
1146,44,2017,7
1146,123,2013,96
1146,123,2017,29
1146,123,2021,45
1146,123,2025,72
1146,12,2009,2
1146,12,2013,4
1146,133,2017,17
1146,133,2021,8
1146,09,1997,1
1146,09,2001,7
1146,09,2009,1
1146,09,2013,7
1146,09,2017,1
1146,49,2001,13
1146,159,2025,17
1146,153,2021,23
1146,153,2025,7
1146,10,1993,48
1146,10,1997,29
1146,10,2005,8
1146,10,2009,25
1146,10,2013,47
1146,10,2017,56
1146,10,2021,38
1146,10,2025,58
1146,124,2013,9
1146,124,2017,7
1146,124,2021,3
1146,46,2001,34
1146,11,1993,9
1146,11,1997,23
1146,11,2001,9
1146,11,2005,15
1146,22,1993,13
1146,14,1989,30
1146,132,2017,19
1146,132,2021,16
1146,132,2025,10
1146,137,2017,3
1146,92,2001,2
1146,92,2005,2
1146,92,2009,2
1149,01,1989,5130
1149,01,1993,4990
1149,01,1997,5372
1149,01,2001,3192
1149,01,2005,4358
1149,01,2009,4660
1149,01,2013,4695
1149,01,2017,4379
1149,01,2021,4525
1149,01,2025,4826
1149,02,1989,3870
1149,02,1993,1777
1149,02,1997,4595
1149,02,2001,5252
1149,02,2005,7627
1149,02,2009,7705
1149,02,2013,5772
1149,02,2017,5857
1149,02,2021,5313
1149,02,2025,9782
1149,03,1989,4001
1149,03,1993,2242
1149,03,1997,2123
1149,03,2001,3551
1149,03,2005,2428
1149,03,2009,3308
1149,03,2013,6124
1149,03,2017,6691
1149,03,2021,5123
1149,03,2025,2963
1149,04,1989,4004
1149,04,1993,3853
1149,04,1997,5051
1149,04,2001,4298
1149,04,2005,2848
1149,04,2009,3252
1149,04,2013,3148
1149,04,2017,2559
1149,04,2021,2517
1149,04,2025,2681
1149,08,1989,40
1149,08,1993,14
1149,08,1997,13
1149,08,2001,5
1149,08,2005,6
1149,08,2009,28
1149,08,2013,259
1149,08,2017,354
1149,08,2021,361
1149,08,2025,479
1149,55,2009,59
1149,55,2013,55
1149,55,2017,180
1149,55,2021,573
1149,55,2025,983
1149,05,1989,756
1149,05,1993,2957
1149,05,1997,943
1149,05,2001,474
1149,05,2005,694
1149,05,2009,587
1149,05,2013,495
1149,05,2017,1114
1149,05,2021,1991
1149,05,2025,786
1149,06,1989,1063
1149,06,1993,827
1149,06,1997,512
1149,06,2001,1267
1149,06,2005,933
1149,06,2009,595
1149,06,2013,418
1149,06,2017,671
1149,06,2021,871
1149,06,2025,660
1149,07,1989,1057
1149,07,1993,685
1149,07,1997,813
1149,07,2001,684
1149,07,2005,1028
1149,07,2009,486
1149,07,2013,646
1149,07,2017,513
1149,07,2021,524
1149,07,2025,448
1149,100,2005,33
1149,130,2017,24
1149,150,2021,24
1149,29,1997,35
1149,122,2005,13
1149,122,2013,8
1149,122,2017,27
1149,122,2021,350
1149,122,2025,191
1149,13,1993,414
1149,13,1997,60
1149,13,2001,46
1149,151,2021,13
1149,158,2025,45
1149,15,1989,39
1149,154,2025,182
1149,152,2021,302
1149,152,2025,249
1149,19,1993,67
1149,19,1997,49
1149,48,2001,125
1149,48,2005,88
1149,48,2009,101
1149,48,2013,31
1149,44,2001,460
1149,44,2005,270
1149,44,2009,32
1149,44,2013,15
1149,44,2017,27
1149,123,2013,377
1149,123,2017,140
1149,123,2021,179
1149,123,2025,338
1149,12,2009,11
1149,12,2013,18
1149,133,2017,65
1149,133,2021,35
1149,20,1997,12
1149,09,1997,2
1149,09,2001,3
1149,09,2009,1
1149,09,2013,3
1149,09,2017,7
1149,49,2001,15
1149,159,2025,67
1149,153,2021,62
1149,153,2025,27
1149,10,1993,270
1149,10,1997,151
1149,10,2005,62
1149,10,2009,146
1149,10,2013,164
1149,10,2017,178
1149,10,2021,129
1149,10,2025,220
1149,124,2013,67
1149,124,2017,36
1149,124,2021,18
1149,46,2001,109
1149,11,1993,44
1149,11,1997,100
1149,11,2001,41
1149,11,2005,59
1149,22,1993,78
1149,14,1989,153
1149,132,2017,63
1149,132,2021,54
1149,132,2025,34
1149,137,2017,45
1149,92,2001,18
1149,92,2005,4
1149,92,2009,2
1151,01,1989,49
1151,01,1993,43
1151,01,1997,51
1151,01,2001,36
1151,01,2005,39
1151,01,2009,61
1151,01,2013,58
1151,01,2017,45
1151,01,2021,55
1151,01,2025,48
1151,02,1989,21
1151,02,1993,7
1151,02,1997,16
1151,02,2001,5
1151,02,2005,15
1151,02,2009,18
1151,02,2013,9
1151,02,2017,12
1151,02,2021,9
1151,02,2025,25
1151,03,1989,35
1151,03,1993,24
1151,03,1997,13
1151,03,2001,16
1151,03,2005,20
1151,03,2009,21
1151,03,2013,31
1151,03,2017,29
1151,03,2021,22
1151,03,2025,10
1151,04,1989,13
1151,04,1993,10
1151,04,1997,22
1151,04,2001,27
1151,04,2005,12
1151,04,2009,11
1151,04,2013,9
1151,04,2017,2
1151,04,2021,2
1151,04,2025,1
1151,08,2017,2
1151,08,2025,4
1151,55,2009,1
1151,55,2013,1
1151,55,2017,2
1151,55,2021,1
1151,55,2025,11
1151,05,1989,20
1151,05,1993,36
1151,05,1997,19
1151,05,2001,14
1151,05,2005,20
1151,05,2009,25
1151,05,2013,20
1151,05,2017,37
1151,05,2021,31
1151,05,2025,32
1151,06,1989,5
1151,06,1993,4
1151,06,1997,2
1151,06,2001,12
1151,06,2005,7
1151,06,2009,7
1151,06,2013,4
1151,06,2017,3
1151,06,2021,5
1151,06,2025,6
1151,07,1989,7
1151,07,1993,2
1151,07,1997,10
1151,07,2001,8
1151,07,2005,10
1151,07,2009,4
1151,07,2013,4
1151,07,2017,2
1151,07,2021,4
1151,07,2025,4
1151,154,2025,1
1151,152,2021,1
1151,152,2025,4
1151,48,2013,1
1151,44,2001,8
1151,44,2005,5
1151,44,2009,1
1151,44,2013,3
1151,44,2017,1
1151,123,2025,3
1151,159,2025,1
1151,10,2013,1
1151,10,2021,1
1151,10,2025,2
1151,46,2001,3
1151,11,1997,2
1151,11,2001,4
1151,11,2005,2
1160,01,2009,926
1160,01,2013,911
1160,01,2017,769
1160,01,2021,814
1160,01,2025,1023
1160,02,2009,952
1160,02,2013,691
1160,02,2017,894
1160,02,2021,788
1160,02,2025,1390
1160,03,2009,616
1160,03,2013,1062
1160,03,2017,951
1160,03,2021,798
1160,03,2025,606
1160,04,2009,516
1160,04,2013,571
1160,04,2017,436
1160,04,2021,376
1160,04,2025,398
1160,08,2009,6
1160,08,2013,45
1160,08,2017,55
1160,08,2021,66
1160,08,2025,85
1160,55,2009,7
1160,55,2013,10
1160,55,2017,26
1160,55,2021,93
1160,55,2025,201
1160,05,2009,1007
1160,05,2013,945
1160,05,2017,1231
1160,05,2021,1391
1160,05,2025,905
1160,06,2009,133
1160,06,2013,113
1160,06,2017,131
1160,06,2021,186
1160,06,2025,148
1160,07,2009,79
1160,07,2013,118
1160,07,2017,106
1160,07,2021,105
1160,07,2025,75
1160,130,2017,2
1160,150,2021,2
1160,122,2013,4
1160,122,2017,4
1160,122,2021,46
1160,122,2025,28
1160,151,2021,2
1160,158,2025,4
1160,154,2025,33
1160,152,2021,22
1160,152,2025,45
1160,48,2009,10
1160,48,2013,15
1160,44,2009,4
1160,44,2013,2
1160,123,2013,52
1160,123,2017,40
1160,123,2021,42
1160,123,2025,62
1160,12,2009,2
1160,12,2013,3
1160,133,2017,4
1160,133,2021,5
1160,09,2009,1
1160,09,2013,1
1160,09,2017,1
1160,159,2025,12
1160,153,2021,14
1160,153,2025,6
1160,10,2009,9
1160,10,2013,18
1160,10,2017,12
1160,10,2021,8
1160,10,2025,30
1160,124,2013,10
1160,124,2017,5
1160,124,2021,4
1160,132,2017,4
1160,132,2021,4
1160,132,2025,5
1160,137,2017,1
1160,92,2009,1
4601,01,2021,38859
4601,01,2025,50393
4601,02,2021,15409
4601,02,2025,34497
4601,03,2021,43496
4601,03,2025,33251
4601,04,2021,5817
4601,04,2025,6525
4601,08,2021,8702
4601,08,2025,11529
4601,55,2021,9583
4601,55,2025,9891
4601,05,2021,8827
4601,05,2025,3433
4601,06,2021,18710
4601,06,2025,13068
4601,07,2021,9619
4601,07,2025,7787
4601,150,2021,113
4601,122,2021,1367
4601,122,2025,952
4601,151,2021,266
4601,158,2025,470
4601,154,2021,57
4601,154,2025,1930
4601,152,2021,511
4601,152,2025,524
4601,44,2021,37
4601,123,2021,530
4601,123,2025,690
4601,133,2021,304
4601,09,2021,46
4601,159,2025,175
4601,153,2021,308
4601,153,2025,173
4601,10,2021,1339
4601,10,2025,1435
4601,124,2021,155
4601,132,2021,265
4601,132,2025,235
4602,01,2021,2447
4602,01,2025,2822
4602,02,2021,1374
4602,02,2025,2792
4602,03,2021,1774
4602,03,2025,1356
4602,04,2021,273
4602,04,2025,307
4602,08,2021,226
4602,08,2025,257
4602,55,2021,585
4602,55,2025,379
4602,05,2021,1457
4602,05,2025,657
4602,06,2021,542
4602,06,2025,362
4602,07,2021,377
4602,07,2025,338
4602,150,2021,9
4602,122,2021,90
4602,122,2025,58
4602,158,2025,22
4602,154,2025,94
4602,152,2021,62
4602,152,2025,30
4602,123,2021,51
4602,123,2025,53
4602,133,2021,5
4602,159,2025,31
4602,153,2021,12
4602,153,2025,6
4602,10,2021,29
4602,10,2025,50
4602,132,2021,14
4602,132,2025,12
4611,01,2021,388
4611,01,2025,492
4611,02,2021,434
4611,02,2025,723
4611,03,2021,339
4611,03,2025,247
4611,04,2021,167
4611,04,2025,163
4611,08,2021,28
4611,08,2025,39
4611,55,2021,63
4611,55,2025,108
4611,05,2021,644
4611,05,2025,362
4611,06,2021,76
4611,06,2025,72
4611,07,2021,70
4611,07,2025,52
4611,150,2021,1
4611,122,2021,18
4611,122,2025,13
4611,151,2021,1
4611,158,2025,6
4611,154,2025,17
4611,152,2021,30
4611,152,2025,12
4611,123,2021,10
4611,123,2025,23
4611,133,2021,4
4611,09,2021,1
4611,159,2025,8
4611,153,2021,3
4611,153,2025,4
4611,10,2021,4
4611,10,2025,14
4611,124,2021,1
4611,132,2021,2
4611,132,2025,5
4612,01,2021,559
4612,01,2025,695
4612,02,2021,607
4612,02,2025,1156
4612,03,2021,694
4612,03,2025,431
4612,04,2021,202
4612,04,2025,237
4612,08,2021,68
4612,08,2025,72
4612,55,2021,86
4612,55,2025,149
4612,05,2021,594
4612,05,2025,270
4612,06,2021,153
4612,06,2025,134
4612,07,2021,74
4612,07,2025,73
4612,150,2021,8
4612,122,2021,65
4612,122,2025,42
4612,151,2021,5
4612,158,2025,13
4612,154,2025,30
4612,152,2021,29
4612,152,2025,30
4612,44,2021,4
4612,123,2021,24
4612,123,2025,30
4612,133,2021,13
4612,159,2025,11
4612,153,2021,6
4612,153,2025,5
4612,10,2021,17
4612,10,2025,19
4612,124,2021,1
4612,132,2021,9
4612,132,2025,11
4613,01,2021,1301
4613,01,2025,1624
4613,02,2021,1241
4613,02,2025,2321
4613,03,2021,1522
4613,03,2025,993
4613,04,2021,885
4613,04,2025,880
4613,08,2021,127
4613,08,2025,162
4613,55,2021,149
4613,55,2025,242
4613,05,2021,784
4613,05,2025,393
4613,06,2021,272
4613,06,2025,206
4613,07,2021,163
4613,07,2025,127
4613,150,2021,5
4613,122,2021,71
4613,122,2025,26
4613,151,2021,6
4613,158,2025,10
4613,154,2021,1
4613,154,2025,64
4613,152,2021,141
4613,152,2025,43
4613,44,2021,1
4613,123,2021,98
4613,123,2025,113
4613,133,2021,13
4613,159,2025,17
4613,153,2021,13
4613,153,2025,5
4613,10,2021,26
4613,10,2025,33
4613,124,2021,3
4613,132,2021,9
4613,132,2025,64
4614,01,2021,3086
4614,01,2025,3466
4614,02,2021,1736
4614,02,2025,2656
4614,03,2021,2144
4614,03,2025,1710
4614,04,2021,685
4614,04,2025,722
4614,08,2021,220
4614,08,2025,283
4614,55,2021,338
4614,55,2025,481
4614,05,2021,966
4614,05,2025,456
4614,06,2021,711
4614,06,2025,554
4614,07,2021,270
4614,07,2025,233
4614,150,2021,11
4614,122,2021,132
4614,122,2025,68
4614,151,2021,2
4614,158,2025,24
4614,154,2021,2
4614,154,2025,96
4614,152,2021,85
4614,152,2025,62
4614,44,2021,3
4614,123,2021,66
4614,123,2025,88
4614,133,2021,15
4614,09,2021,1
4614,159,2025,33
4614,153,2021,60
4614,153,2025,24
4614,10,2021,52
4614,10,2025,69
4614,124,2021,19
4614,132,2021,26
4614,132,2025,20
4615,01,2021,300
4615,01,2025,366
4615,02,2021,376
4615,02,2025,626
4615,03,2021,362
4615,03,2025,265
4615,04,2021,281
4615,04,2025,330
4615,08,2021,22
4615,08,2025,30
4615,55,2021,34
4615,55,2025,43
4615,05,2021,300
4615,05,2025,192
4615,06,2021,70
4615,06,2025,49
4615,07,2021,21
4615,07,2025,27
4615,150,2021,2
4615,122,2021,31
4615,122,2025,8
4615,158,2025,3
4615,154,2021,1
4615,154,2025,19
4615,152,2021,11
4615,152,2025,17
4615,44,2021,2
4615,123,2021,15
4615,123,2025,22
4615,133,2021,3
4615,159,2025,11
4615,153,2021,9
4615,153,2025,2
4615,10,2021,6
4615,10,2025,10
4615,124,2021,1
4615,132,2021,1
4615,132,2025,1
4616,01,2021,298
4616,01,2025,384
4616,02,2021,284
4616,02,2025,495
4616,03,2021,454
4616,03,2025,372
4616,04,2021,79
4616,04,2025,84
4616,08,2021,48
4616,08,2025,44
4616,55,2021,45
4616,55,2025,67
4616,05,2021,313
4616,05,2025,170
4616,06,2021,139
4616,06,2025,106
4616,07,2021,31
4616,07,2025,30
4616,122,2021,19
4616,122,2025,20
4616,158,2025,2
4616,154,2025,21
4616,152,2021,11
4616,152,2025,6
4616,123,2021,6
4616,123,2025,20
4616,133,2021,2
4616,159,2025,5
4616,153,2021,2
4616,153,2025,1
4616,10,2021,11
4616,10,2025,12
4616,124,2021,4
4616,132,2021,3
4616,132,2025,6
4617,01,2021,1552
4617,01,2025,1977
4617,02,2021,1288
4617,02,2025,2197
4617,03,2021,1599
4617,03,2025,1145
4617,04,2021,340
4617,04,2025,375
4617,08,2021,165
4617,08,2025,183
4617,55,2021,274
4617,55,2025,358
4617,05,2021,1378
4617,05,2025,761
4617,06,2021,388
4617,06,2025,310
4617,07,2021,119
4617,07,2025,134
4617,150,2021,8
4617,122,2021,53
4617,122,2025,41
4617,151,2021,2
4617,158,2025,17
4617,154,2025,63
4617,152,2021,128
4617,152,2025,115
4617,44,2021,3
4617,123,2021,44
4617,123,2025,64
4617,133,2021,5
4617,09,2021,1
4617,159,2025,21
4617,153,2021,5
4617,153,2025,8
4617,10,2021,25
4617,10,2025,63
4617,124,2021,3
4617,132,2021,18
4617,132,2025,9
4618,01,2021,1669
4618,01,2025,2141
4618,02,2021,767
4618,02,2025,1388
4618,03,2021,876
4618,03,2025,607
4618,04,2021,143
4618,04,2025,178
4618,08,2021,117
4618,08,2025,137
4618,55,2021,375
4618,55,2025,541
4618,05,2021,1893
4618,05,2025,937
4618,06,2021,355
4618,06,2025,174
4618,07,2021,118
4618,07,2025,102
4618,150,2021,3
4618,122,2021,52
4618,122,2025,32
4618,151,2021,3
4618,158,2025,25
4618,154,2025,52
4618,152,2021,39
4618,152,2025,47
4618,44,2021,2
4618,123,2021,23
4618,123,2025,19
4618,133,2021,6
4618,09,2021,4
4618,159,2025,16
4618,153,2021,7
4618,153,2025,4
4618,10,2021,29
4618,10,2025,31
4618,124,2021,6
4618,132,2021,5
4618,132,2025,18
4619,01,2021,130
4619,01,2025,168
4619,02,2021,50
4619,02,2025,131
4619,03,2021,93
4619,03,2025,64
4619,04,2021,16
4619,04,2025,18
4619,08,2021,6
4619,08,2025,7
4619,55,2021,16
4619,55,2025,21
4619,05,2021,167
4619,05,2025,90
4619,06,2021,35
4619,06,2025,20
4619,07,2021,5
4619,07,2025,10
4619,122,2021,5
4619,122,2025,8
4619,151,2021,1
4619,154,2025,6
4619,152,2021,4
4619,152,2025,5
4619,123,2021,2
4619,133,2021,1
4619,159,2025,1
4619,10,2021,2
4619,10,2025,1
4619,132,2025,3
4620,01,2021,115
4620,01,2025,175
4620,02,2021,43
4620,02,2025,92
4620,03,2021,53
4620,03,2025,46
4620,04,2021,9
4620,04,2025,19
4620,08,2021,20
4620,08,2025,19
4620,55,2021,36
4620,55,2025,44
4620,05,2021,252
4620,05,2025,129
4620,06,2021,66
4620,06,2025,54
4620,07,2021,27
4620,07,2025,37
4620,122,2021,2
4620,122,2025,2
4620,151,2021,1
4620,158,2025,2
4620,154,2021,2
4620,154,2025,6
4620,152,2025,6
4620,44,2021,1
4620,123,2025,3
4620,09,2021,1
4620,159,2025,1
4620,153,2021,5
4620,10,2025,2
4620,132,2021,1
4620,132,2025,1
4621,01,2021,2263
4621,01,2025,2755
4621,02,2021,626
4621,02,2025,1805
4621,03,2021,1173
4621,03,2025,979
4621,04,2021,241
4621,04,2025,310
4621,08,2021,311
4621,08,2025,410
4621,55,2021,391
4621,55,2025,491
4621,05,2021,2942
4621,05,2025,1445
4621,06,2021,719
4621,06,2025,599
4621,07,2021,257
4621,07,2025,250
4621,150,2021,6
4621,122,2021,99
4621,122,2025,67
4621,151,2021,3
4621,158,2025,33
4621,154,2021,1
4621,154,2025,90
4621,152,2021,44
4621,152,2025,232
4621,123,2021,23
4621,123,2025,30
4621,133,2021,5
4621,09,2021,2
4621,159,2025,22
4621,153,2021,24
4621,153,2025,14
4621,10,2021,30
4621,10,2025,55
4621,124,2021,2
4621,132,2021,11
4621,132,2025,26
4622,01,2021,1029
4622,01,2025,1283
4622,02,2021,769
4622,02,2025,1304
4622,03,2021,782
4622,03,2025,594
4622,04,2021,360
4622,04,2025,376
4622,08,2021,154
4622,08,2025,206
4622,55,2021,181
4622,55,2025,254
4622,05,2021,1137
4622,05,2025,633
4622,06,2021,322
4622,06,2025,161
4622,07,2021,126
4622,07,2025,150
4622,150,2021,1
4622,122,2021,33
4622,122,2025,36
4622,151,2021,1
4622,158,2025,9
4622,154,2025,40
4622,152,2021,61
4622,152,2025,35
4622,44,2021,2
4622,123,2021,48
4622,123,2025,47
4622,133,2021,4
4622,159,2025,5
4622,153,2021,15
4622,153,2025,6
4622,10,2021,17
4622,10,2025,55
4622,124,2021,2
4622,132,2021,5
4622,132,2025,5
4623,01,2021,374
4623,01,2025,426
4623,02,2021,273
4623,02,2025,450
4623,03,2021,210
4623,03,2025,132
4623,04,2021,93
4623,04,2025,107
4623,08,2021,31
4623,08,2025,49
4623,55,2021,62
4623,55,2025,74
4623,05,2021,285
4623,05,2025,122
4623,06,2021,73
4623,06,2025,37
4623,07,2021,24
4623,07,2025,27
4623,122,2021,11
4623,122,2025,8
4623,158,2025,4
4623,154,2025,20
4623,152,2021,28
4623,152,2025,15
4623,123,2021,12
4623,123,2025,15
4623,09,2021,1
4623,159,2025,6
4623,153,2021,6
4623,10,2021,12
4623,10,2025,8
4623,132,2021,1
4623,132,2025,4
4624,01,2021,2770
4624,01,2025,3438
4624,02,2021,2867
4624,02,2025,4922
4624,03,2021,3458
4624,03,2025,2521
4624,04,2021,577
4624,04,2025,704
4624,08,2021,461
4624,08,2025,617
4624,55,2021,428
4624,55,2025,572
4624,05,2021,1651
4624,05,2025,754
4624,06,2021,877
4624,06,2025,612
4624,07,2021,460
4624,07,2025,463
4624,150,2021,4
4624,122,2021,144
4624,122,2025,129
4624,151,2021,10
4624,158,2025,51
4624,154,2021,1
4624,154,2025,240
4624,152,2021,108
4624,152,2025,135
4624,44,2021,3
4624,123,2021,50
4624,123,2025,79
4624,133,2021,17
4624,09,2021,4
4624,159,2025,30
4624,153,2021,18
4624,153,2025,18
4624,10,2021,75
4624,10,2025,138
4624,124,2021,5
4624,132,2021,12
4624,132,2025,33
4625,01,2021,392
4625,01,2025,447
4625,02,2021,728
4625,02,2025,1271
4625,03,2021,1032
4625,03,2025,704
4625,04,2021,184
4625,04,2025,202
4625,08,2021,46
4625,08,2025,57
4625,55,2021,64
4625,55,2025,85
4625,05,2021,201
4625,05,2025,63
4625,06,2021,112
4625,06,2025,64
4625,07,2021,50
4625,07,2025,66
4625,150,2021,1
4625,122,2021,28
4625,122,2025,20
4625,151,2021,3
4625,158,2025,5
4625,154,2021,1
4625,154,2025,22
4625,152,2021,11
4625,152,2025,11
4625,44,2021,2
4625,123,2021,23
4625,123,2025,37
4625,133,2021,1
4625,159,2025,1
4625,153,2025,5
4625,10,2021,12
4625,10,2025,25
4625,124,2021,1
4625,132,2021,1
4625,132,2025,6
4626,01,2021,4124
4626,01,2025,4961
4626,02,2021,4101
4626,02,2025,8156
4626,03,2021,6001
4626,03,2025,3986
4626,04,2021,1709
4626,04,2025,1869
4626,08,2021,416
4626,08,2025,574
4626,55,2021,590
4626,55,2025,814
4626,05,2021,1763
4626,05,2025,613
4626,06,2021,1117
4626,06,2025,786
4626,07,2021,547
4626,07,2025,530
4626,150,2021,13
4626,122,2021,264
4626,122,2025,159
4626,151,2021,48
4626,158,2025,49
4626,154,2021,10
4626,154,2025,275
4626,152,2021,239
4626,152,2025,167
4626,44,2021,13
4626,123,2021,151
4626,123,2025,177
4626,133,2021,52
4626,09,2021,13
4626,159,2025,53
4626,153,2021,39
4626,153,2025,20
4626,10,2021,225
4626,10,2025,254
4626,124,2021,21
4626,132,2021,48
4626,132,2025,47
4627,01,2021,3927
4627,01,2025,4718
4627,02,2021,2540
4627,02,2025,5350
4627,03,2021,4342
4627,03,2025,2952
4627,04,2021,706
4627,04,2025,731
4627,08,2021,466
4627,08,2025,599
4627,55,2021,575
4627,55,2025,714
4627,05,2021,1072
4627,05,2025,387
4627,06,2021,1242
4627,06,2025,843
4627,07,2021,591
4627,07,2025,472
4627,150,2021,9
4627,122,2021,180
4627,122,2025,105
4627,151,2021,15
4627,158,2025,34
4627,154,2021,4
4627,154,2025,252
4627,152,2021,79
4627,152,2025,91
4627,44,2021,20
4627,123,2021,52
4627,123,2025,82
4627,133,2021,31
4627,09,2021,2
4627,159,2025,22
4627,153,2021,15
4627,153,2025,12
4627,10,2021,238
4627,10,2025,242
4627,124,2021,18
4627,132,2021,27
4627,132,2025,35
4628,01,2021,694
4628,01,2025,746
4628,02,2021,276
4628,02,2025,542
4628,03,2021,320
4628,03,2025,242
4628,04,2021,108
4628,04,2025,94
4628,08,2021,47
4628,08,2025,70
4628,55,2021,105
4628,55,2025,144
4628,05,2021,449
4628,05,2025,232
4628,06,2021,188
4628,06,2025,136
4628,07,2021,29
4628,07,2025,27
4628,150,2021,2
4628,122,2021,36
4628,122,2025,29
4628,151,2021,1
4628,158,2025,2
4628,154,2025,25
4628,152,2021,17
4628,152,2025,26
4628,44,2021,2
4628,123,2021,14
4628,123,2025,14
4628,133,2021,3
4628,09,2021,1
4628,159,2025,5
4628,153,2021,2
4628,153,2025,3
4628,10,2021,15
4628,10,2025,13
4628,124,2021,2
4628,132,2021,2
4628,132,2025,2
4629,01,2021,48
4629,01,2025,42
4629,02,2021,12
4629,02,2025,43
4629,03,2021,26
4629,03,2025,29
4629,04,2021,13
4629,04,2025,12
4629,08,2021,10
4629,08,2025,10
4629,55,2021,8
4629,55,2025,13
4629,05,2021,64
4629,05,2025,43
4629,06,2021,10
4629,06,2025,10
4629,07,2021,5
4629,07,2025,6
4629,122,2021,4
4629,122,2025,4
4629,151,2021,1
4629,154,2025,2
4629,152,2021,2
4629,152,2025,1
4629,123,2021,1
4629,123,2025,1
4629,133,2021,1
4629,159,2025,1
4629,10,2025,2
4629,132,2021,3
4629,132,2025,1
4630,01,2021,993
4630,01,2025,1149
4630,02,2021,824
4630,02,2025,1369
4630,03,2021,928
4630,03,2025,643
4630,04,2021,304
4630,04,2025,319
4630,08,2021,109
4630,08,2025,156
4630,55,2021,161
4630,55,2025,196
4630,05,2021,774
4630,05,2025,454
4630,06,2021,308
4630,06,2025,176
4630,07,2021,107
4630,07,2025,129
4630,150,2021,1
4630,122,2021,59
4630,122,2025,43
4630,151,2021,7
4630,158,2025,8
4630,154,2025,66
4630,152,2021,20
4630,152,2025,28
4630,44,2021,2
4630,123,2021,32
4630,123,2025,54
4630,133,2021,12
4630,159,2025,4
4630,153,2021,11
4630,153,2025,8
4630,10,2021,23
4630,10,2025,31
4630,124,2021,3
4630,132,2021,5
4630,132,2025,6
4631,01,2021,3375
4631,01,2025,4227
4631,02,2021,2621
4631,02,2025,4955
4631,03,2021,3617
4631,03,2025,2393
4631,04,2021,1615
4631,04,2025,1682
4631,08,2021,336
4631,08,2025,498
4631,55,2021,524
4631,55,2025,732
4631,05,2021,2921
4631,05,2025,1499
4631,06,2021,875
4631,06,2025,621
4631,07,2021,399
4631,07,2025,352
4631,150,2021,16
4631,122,2021,173
4631,122,2025,127
4631,151,2021,25
4631,158,2025,26
4631,154,2021,7
4631,154,2025,225
4631,152,2021,109
4631,152,2025,100
4631,44,2021,7
4631,123,2021,148
4631,123,2025,178
4631,133,2021,28
4631,159,2025,31
4631,153,2021,39
4631,153,2025,7
4631,10,2021,122
4631,10,2025,181
4631,124,2021,15
4631,132,2021,29
4631,132,2025,42
4632,01,2021,392
4632,01,2025,436
4632,02,2021,294
4632,02,2025,535
4632,03,2021,463
4632,03,2025,293
4632,04,2021,85
4632,04,2025,100
4632,08,2021,18
4632,08,2025,28
4632,55,2021,34
4632,55,2025,59
4632,05,2021,248
4632,05,2025,136
4632,06,2021,43
4632,06,2025,45
4632,07,2021,33
4632,07,2025,24
4632,122,2021,16
4632,122,2025,7
4632,151,2021,1
4632,158,2025,3
4632,154,2025,20
4632,152,2021,18
4632,152,2025,4
4632,44,2021,2
4632,123,2021,6
4632,123,2025,5
4632,133,2021,6
4632,159,2025,8
4632,153,2021,4
4632,153,2025,2
4632,10,2021,1
4632,10,2025,15
4632,132,2021,3
4632,132,2025,1
4633,01,2021,97
4633,01,2025,98
4633,02,2021,49
4633,02,2025,80
4633,03,2021,84
4633,03,2025,52
4633,04,2021,51
4633,04,2025,49
4633,08,2021,2
4633,08,2025,6
4633,55,2021,4
4633,55,2025,5
4633,05,2021,38
4633,05,2025,12
4633,06,2021,10
4633,06,2025,12
4633,07,2021,6
4633,07,2025,3
4633,122,2021,6
4633,122,2025,4
4633,154,2025,1
4633,152,2021,3
4633,152,2025,1
4633,123,2021,1
4633,123,2025,9
4633,133,2021,1
4633,159,2025,1
4633,10,2021,2
4633,10,2025,7
4633,132,2021,2
4634,01,2021,210
4634,01,2025,245
4634,02,2021,137
4634,02,2025,308
4634,03,2021,214
4634,03,2025,158
4634,04,2021,54
4634,04,2025,41
4634,08,2021,10
4634,08,2025,17
4634,55,2021,24
4634,55,2025,47
4634,05,2021,318
4634,05,2025,146
4634,06,2021,30
4634,06,2025,26
4634,07,2021,12
4634,07,2025,15
4634,150,2021,2
4634,122,2021,8
4634,122,2025,10
4634,151,2021,1
4634,158,2025,5
4634,154,2025,7
4634,152,2021,10
4634,152,2025,8
4634,44,2021,1
4634,123,2021,5
4634,123,2025,7
4634,159,2025,1
4634,153,2025,1
4634,10,2021,3
4634,10,2025,8
4634,132,2021,2
4634,132,2025,1
4635,01,2021,265
4635,01,2025,321
4635,02,2021,162
4635,02,2025,337
4635,03,2021,218
4635,03,2025,162
4635,04,2021,66
4635,04,2025,72
4635,08,2021,18
4635,08,2025,29
4635,55,2021,31
4635,55,2025,49
4635,05,2021,498
4635,05,2025,291
4635,06,2021,39
4635,06,2025,24
4635,07,2021,22
4635,07,2025,25
4635,122,2021,8
4635,122,2025,9
4635,158,2025,5
4635,154,2025,19
4635,152,2021,8
4635,152,2025,8
4635,123,2021,4
4635,123,2025,6
4635,133,2021,1
4635,159,2025,8
4635,153,2021,1
4635,153,2025,2
4635,10,2021,6
4635,10,2025,10
4635,132,2021,2
4635,132,2025,2
4636,01,2021,94
4636,01,2025,124
4636,02,2021,33
4636,02,2025,98
4636,03,2021,93
4636,03,2025,73
4636,04,2021,8
4636,04,2025,8
4636,08,2021,10
4636,08,2025,11
4636,55,2021,16
4636,55,2025,15
4636,05,2021,145
4636,05,2025,76
4636,06,2021,18
4636,06,2025,16
4636,07,2021,6
4636,07,2025,21
4636,122,2021,4
4636,122,2025,3
4636,158,2025,1
4636,154,2025,6
4636,152,2021,2
4636,152,2025,4
4636,123,2025,2
4636,133,2021,1
4636,153,2021,2
4636,10,2021,2
4636,10,2025,6
4636,132,2021,1
4636,132,2025,1
4637,01,2021,227
4637,01,2025,257
4637,02,2021,57
4637,02,2025,125
4637,03,2021,74
4637,03,2025,54
4637,04,2021,33
4637,04,2025,29
4637,08,2021,8
4637,08,2025,15
4637,55,2021,35
4637,55,2025,46
4637,05,2021,300
4637,05,2025,188
4637,06,2021,27
4637,06,2025,10
4637,07,2021,8
4637,07,2025,5
4637,150,2021,1
4637,122,2021,12
4637,122,2025,10
4637,158,2025,1
4637,154,2025,5
4637,152,2021,6
4637,152,2025,7
4637,123,2021,2
4637,123,2025,4
4637,133,2021,1
4637,153,2025,1
4637,10,2021,1
4637,10,2025,2
4637,132,2021,2
4637,132,2025,1
4638,01,2021,846
4638,01,2025,813
4638,02,2021,192
4638,02,2025,455
4638,03,2021,224
4638,03,2025,189
4638,04,2021,44
4638,04,2025,39
4638,08,2021,31
4638,08,2025,42
4638,55,2021,214
4638,55,2025,254
4638,05,2021,609
4638,05,2025,324
4638,06,2021,134
4638,06,2025,85
4638,07,2021,31
4638,07,2025,22
4638,150,2021,6
4638,122,2021,19
4638,122,2025,25
4638,158,2025,3
4638,154,2025,12
4638,152,2021,41
4638,152,2025,18
4638,123,2021,5
4638,123,2025,9
4638,133,2021,2
4638,159,2025,3
4638,153,2021,2
4638,153,2025,4
4638,10,2021,10
4638,10,2025,16
4638,132,2025,13
4639,01,2021,444
4639,01,2025,557
4639,02,2021,91
4639,02,2025,247
4639,03,2021,105
4639,03,2025,83
4639,04,2021,26
4639,04,2025,39
4639,08,2021,11
4639,08,2025,29
4639,55,2021,19
4639,55,2025,47
4639,05,2021,691
4639,05,2025,375
4639,06,2021,57
4639,06,2025,46
4639,07,2021,19
4639,07,2025,14
4639,150,2021,1
4639,122,2021,8
4639,122,2025,5
4639,158,2025,3
4639,154,2025,7
4639,152,2021,3
4639,152,2025,15
4639,123,2021,4
4639,123,2025,6
4639,159,2025,7
4639,153,2025,3
4639,10,2021,4
4639,10,2025,2
4639,132,2025,2
4640,01,2021,1811
4640,01,2025,2527
4640,02,2021,450
4640,02,2025,1280
4640,03,2021,840
4640,03,2025,610
4640,04,2021,318
4640,04,2025,394
4640,08,2021,258
4640,08,2025,375
4640,55,2021,220
4640,55,2025,277
4640,05,2021,2059
4640,05,2025,970
4640,06,2021,606
4640,06,2025,445
4640,07,2021,235
4640,07,2025,191
4640,150,2021,7
4640,122,2021,37
4640,122,2025,28
4640,158,2025,12
4640,154,2025,44
4640,152,2021,14
4640,152,2025,16
4640,123,2021,11
4640,123,2025,16
4640,133,2021,1
4640,159,2025,5
4640,153,2021,15
4640,153,2025,8
4640,10,2021,11
4640,10,2025,27
4640,132,2021,13
4640,132,2025,9
4641,01,2021,295
4641,01,2025,335
4641,02,2021,83
4641,02,2025,178
4641,03,2021,142
4641,03,2025,102
4641,04,2021,8
4641,04,2025,17
4641,08,2021,42
4641,08,2025,53
4641,55,2021,43
4641,55,2025,36
4641,05,2021,310
4641,05,2025,158
4641,06,2021,49
4641,06,2025,40
4641,07,2021,26
4641,07,2025,37
4641,150,2021,1
4641,122,2021,2
4641,122,2025,7
4641,158,2025,1
4641,154,2025,18
4641,152,2021,4
4641,152,2025,4
4641,123,2021,4
4641,133,2021,2
4641,159,2025,1
4641,153,2021,2
4641,153,2025,3
4641,10,2021,2
4641,10,2025,5
4641,132,2021,1
4642,01,2021,371
4642,01,2025,436
4642,02,2021,99
4642,02,2025,258
4642,03,2021,151
4642,03,2025,117
4642,04,2021,8
4642,04,2025,20
4642,08,2021,24
4642,08,2025,37
4642,55,2021,48
4642,55,2025,54
4642,05,2021,428
4642,05,2025,278
4642,06,2021,86
4642,06,2025,54
4642,07,2021,18
4642,07,2025,24
4642,122,2021,11
4642,122,2025,6
4642,154,2025,8
4642,152,2021,2
4642,152,2025,8
4642,123,2021,1
4642,123,2025,4
4642,159,2025,2
4642,153,2021,1
4642,10,2021,1
4642,10,2025,6
4642,132,2021,3
4642,132,2025,2
4643,01,2021,1831
4643,01,2025,1820
4643,02,2021,138
4643,02,2025,480
4643,03,2021,227
4643,03,2025,191
4643,04,2021,14
4643,04,2025,25
4643,08,2021,41
4643,08,2025,71
4643,55,2021,112
4643,55,2025,118
4643,05,2021,610
4643,05,2025,232
4643,06,2021,91
4643,06,2025,83
4643,07,2021,39
4643,07,2025,31
4643,150,2021,4
4643,122,2021,11
4643,122,2025,15
4643,158,2025,4
4643,154,2025,18
4643,152,2021,12
4643,152,2025,15
4643,123,2021,3
4643,123,2025,7
4643,133,2021,3
4643,159,2025,7
4643,153,2021,6
4643,10,2021,9
4643,10,2025,10
4643,132,2021,4
4643,132,2025,5
4644,01,2021,929
4644,01,2025,1291
4644,02,2021,192
4644,02,2025,470
4644,03,2021,269
4644,03,2025,200
4644,04,2021,157
4644,04,2025,237
4644,08,2021,71
4644,08,2025,88
4644,55,2021,85
4644,55,2025,104
4644,05,2021,1163
4644,05,2025,655
4644,06,2021,137
4644,06,2025,94
4644,07,2021,62
4644,07,2025,46
4644,150,2021,1
4644,122,2021,16
4644,122,2025,23
4644,158,2025,6
4644,154,2025,18
4644,152,2021,3
4644,152,2025,10
4644,123,2021,17
4644,123,2025,14
4644,159,2025,2
4644,153,2021,7
4644,153,2025,2
4644,10,2021,10
4644,10,2025,11
4644,132,2021,2
4644,132,2025,2
4645,01,2021,327
4645,01,2025,414
4645,02,2021,193
4645,02,2025,371
4645,03,2021,255
4645,03,2025,176
4645,04,2021,110
4645,04,2025,83
4645,08,2021,24
4645,08,2025,37
4645,55,2021,48
4645,55,2025,55
4645,05,2021,607
4645,05,2025,363
4645,06,2021,110
4645,06,2025,102
4645,07,2021,51
4645,07,2025,55
4645,150,2021,2
4645,122,2021,16
4645,122,2025,18
4645,158,2025,3
4645,154,2025,20
4645,152,2021,4
4645,152,2025,7
4645,123,2021,14
4645,123,2025,8
4645,133,2021,4
4645,159,2025,4
4645,153,2021,5
4645,10,2021,6
4645,10,2025,9
4645,132,2021,1
4645,132,2025,2
4646,01,2021,359
4646,01,2025,441
4646,02,2021,121
4646,02,2025,246
4646,03,2021,174
4646,03,2025,149
4646,04,2021,46
4646,04,2025,49
4646,08,2021,53
4646,08,2025,84
4646,55,2021,62
4646,55,2025,74
4646,05,2021,527
4646,05,2025,339
4646,06,2021,120
4646,06,2025,96
4646,07,2021,52
4646,07,2025,50
4646,122,2021,7
4646,122,2025,8
4646,158,2025,10
4646,154,2025,14
4646,152,2021,11
4646,152,2025,5
4646,123,2021,1
4646,123,2025,10
4646,133,2021,1
4646,159,2025,3
4646,153,2021,4
4646,10,2021,6
4646,10,2025,4
4646,132,2021,2
4646,132,2025,1
4647,01,2021,3372
4647,01,2025,4086
4647,02,2021,857
4647,02,2025,2404
4647,03,2021,2096
4647,03,2025,1520
4647,04,2021,524
4647,04,2025,532
4647,08,2021,421
4647,08,2025,571
4647,55,2021,484
4647,55,2025,536
4647,05,2021,3295
4647,05,2025,2157
4647,06,2021,961
4647,06,2025,728
4647,07,2021,401
4647,07,2025,406
4647,150,2021,5
4647,122,2021,78
4647,122,2025,82
4647,158,2025,30
4647,154,2025,146
4647,152,2021,65
4647,152,2025,45
4647,123,2021,54
4647,123,2025,65
4647,133,2021,15
4647,159,2025,17
4647,153,2021,25
4647,153,2025,20
4647,10,2021,35
4647,10,2025,50
4647,132,2021,21
4647,132,2025,20
4648,01,2021,527
4648,01,2025,590
4648,02,2021,236
4648,02,2025,518
4648,03,2021,285
4648,03,2025,207
4648,04,2021,80
4648,04,2025,80
4648,08,2021,33
4648,08,2025,31
4648,55,2021,123
4648,55,2025,106
4648,05,2021,508
4648,05,2025,272
4648,06,2021,99
4648,06,2025,86
4648,07,2021,64
4648,07,2025,64
4648,150,2021,3
4648,122,2021,19
4648,122,2025,8
4648,158,2025,1
4648,154,2025,16
4648,152,2021,15
4648,152,2025,8
4648,123,2021,6
4648,123,2025,1
4648,133,2021,2
4648,159,2025,1
4648,153,2021,6
4648,153,2025,5
4648,10,2021,5
4648,10,2025,10
4648,132,2021,7
4648,132,2025,11
4649,01,2021,910
4649,01,2025,1234
4649,02,2021,858
4649,02,2025,1584
4649,03,2021,644
4649,03,2025,532
4649,04,2021,281
4649,04,2025,316
4649,08,2021,108
4649,08,2025,160
4649,55,2021,175
4649,55,2025,175
4649,05,2021,1619
4649,05,2025,1017
4649,06,2021,252
4649,06,2025,166
4649,07,2021,466
4649,07,2025,341
4649,122,2021,51
4649,122,2025,28
4649,158,2025,8
4649,154,2025,37
4649,152,2021,32
4649,152,2025,32
4649,123,2021,25
4649,123,2025,25
4649,133,2021,3
4649,159,2025,12
4649,153,2021,15
4649,153,2025,4
4649,10,2021,10
4649,10,2025,17
4649,132,2021,7
4649,132,2025,2
4650,01,2021,629
4650,01,2025,752
4650,02,2021,183
4650,02,2025,492
4650,03,2021,289
4650,03,2025,291
4650,04,2021,246
4650,04,2025,325
4650,08,2021,113
4650,08,2025,126
4650,55,2021,93
4650,55,2025,113
4650,05,2021,1516
4650,05,2025,1126
4650,06,2021,224
4650,06,2025,189
4650,07,2021,115
4650,07,2025,83
4650,122,2021,27
4650,122,2025,22
4650,158,2025,10
4650,154,2025,21
4650,152,2021,2
4650,152,2025,12
4650,123,2021,22
4650,123,2025,12
4650,133,2021,4
4650,159,2025,4
4650,153,2021,26
4650,153,2025,7
4650,10,2021,12
4650,10,2025,18
4650,132,2021,4
4650,132,2025,4
4651,01,2021,742
4651,01,2025,959
4651,02,2021,452
4651,02,2025,980
4651,03,2021,669
4651,03,2025,495
4651,04,2021,147
4651,04,2025,163
4651,08,2021,50
4651,08,2025,83
4651,55,2021,96
4651,55,2025,104
4651,05,2021,1292
4651,05,2025,767
4651,06,2021,123
4651,06,2025,99
4651,07,2021,143
4651,07,2025,114
4651,150,2021,3
4651,122,2021,37
4651,122,2025,35
4651,158,2025,9
4651,154,2025,28
4651,152,2021,7
4651,152,2025,15
4651,123,2021,29
4651,123,2025,31
4651,133,2021,2
4651,159,2025,3
4651,153,2021,12
4651,153,2025,4
4651,10,2021,14
4651,10,2025,10
4651,132,2021,5
4651,132,2025,8
1505,01,2009,5782
1505,01,2013,5367
1505,01,2017,3801
1505,01,2021,3055
1505,01,2025,4588
1505,02,2009,3515
1505,02,2013,2808
1505,02,2017,1863
1505,02,2021,2301
1505,02,2025,4473
1505,03,2009,1699
1505,03,2013,2401
1505,03,2017,1077
1505,03,2021,857
1505,03,2025,960
1505,04,2009,317
1505,04,2013,315
1505,04,2017,207
1505,04,2021,132
1505,04,2025,269
1505,08,2009,21
1505,08,2013,192
1505,08,2017,234
1505,08,2021,346
1505,08,2025,390
1505,55,2009,145
1505,55,2013,119
1505,55,2017,581
1505,55,2021,1277
1505,55,2025,858
1505,05,2009,347
1505,05,2013,337
1505,05,2017,2103
1505,05,2021,3718
1505,05,2025,595
1505,06,2009,465
1505,06,2013,314
1505,06,2017,486
1505,06,2021,891
1505,06,2025,624
1505,07,2009,404
1505,07,2013,1204
1505,07,2017,675
1505,07,2021,315
1505,07,2025,597
1505,130,2017,18
1505,150,2021,14
1505,122,2013,14
1505,122,2017,8
1505,122,2021,167
1505,122,2025,110
1505,151,2021,6
1505,158,2025,28
1505,154,2025,101
1505,152,2021,118
1505,152,2025,123
1505,48,2009,17
1505,44,2009,22
1505,44,2013,22
1505,44,2017,14
1505,123,2013,56
1505,123,2017,24
1505,123,2021,20
1505,123,2025,37
1505,133,2017,25
1505,133,2021,19
1505,134,2017,1743
1505,159,2025,35
1505,153,2021,16
1505,153,2025,12
1505,10,2017,62
1505,10,2021,70
1505,10,2025,79
1505,124,2013,43
1505,132,2021,30
1505,132,2025,21
1505,92,2009,6
1506,01,2021,3749
1506,01,2025,4755
1506,02,2021,2742
1506,02,2025,4706
1506,03,2021,4758
1506,03,2025,3276
1506,04,2021,931
1506,04,2025,1289
1506,08,2021,765
1506,08,2025,997
1506,55,2021,509
1506,55,2025,743
1506,05,2021,1999
1506,05,2025,1259
1506,06,2021,1697
1506,06,2025,935
1506,07,2021,647
1506,07,2025,661
1506,150,2021,8
1506,122,2021,134
1506,122,2025,125
1506,151,2021,9
1506,158,2025,38
1506,154,2025,151
1506,152,2021,63
1506,152,2025,88
1506,123,2021,83
1506,123,2025,117
1506,133,2021,25
1506,159,2025,36
1506,153,2021,43
1506,153,2025,17
1506,10,2021,89
1506,10,2025,119
1506,132,2021,24
1506,132,2025,32
1508,01,2025,7673
1508,02,2025,11691
1508,03,2025,5582
1508,04,2025,2447
1508,08,2025,1185
1508,55,2025,1041
1508,05,2025,877
1508,06,2025,1179
1508,07,2025,1312
1508,122,2025,180
1508,158,2025,79
1508,154,2025,206
1508,152,2025,139
1508,123,2025,205
1508,159,2025,41
1508,153,2025,35
1508,10,2025,254
1508,132,2025,49
1511,01,1989,527
1511,01,1993,447
1511,01,1997,434
1511,01,2001,267
1511,01,2005,431
1511,01,2009,525
1511,01,2013,409
1511,01,2017,320
1511,01,2021,277
1511,01,2025,354
1511,02,1989,276
1511,02,1993,100
1511,02,1997,248
1511,02,2001,330
1511,02,2005,486
1511,02,2009,592
1511,02,2013,475
1511,02,2017,636
1511,02,2021,609
1511,02,2025,789
1511,03,1989,320
1511,03,1993,193
1511,03,1997,174
1511,03,2001,212
1511,03,2005,149
1511,03,2009,236
1511,03,2013,388
1511,03,2017,354
1511,03,2021,197
1511,03,2025,164
1511,04,1989,465
1511,04,1993,374
1511,04,1997,687
1511,04,2001,464
1511,04,2005,289
1511,04,2009,215
1511,04,2013,244
1511,04,2017,144
1511,04,2021,106
1511,04,2025,142
1511,08,2009,1
1511,08,2013,27
1511,08,2017,21
1511,08,2021,23
1511,08,2025,34
1511,55,2009,2
1511,55,2013,1
1511,55,2017,6
1511,55,2021,46
1511,55,2025,42
1511,05,1989,366
1511,05,1993,779
1511,05,1997,401
1511,05,2001,209
1511,05,2005,327
1511,05,2009,310
1511,05,2013,275
1511,05,2017,343
1511,05,2021,411
1511,05,2025,232
1511,06,1989,159
1511,06,1993,103
1511,06,1997,40
1511,06,2001,101
1511,06,2005,77
1511,06,2009,59
1511,06,2013,28
1511,06,2017,37
1511,06,2021,58
1511,06,2025,31
1511,07,1989,157
1511,07,1993,115
1511,07,1997,164
1511,07,2001,93
1511,07,2005,117
1511,07,2009,55
1511,07,2013,86
1511,07,2017,82
1511,07,2021,132
1511,07,2025,31
1511,122,2005,2
1511,122,2021,27
1511,122,2025,1
1511,13,1993,6
1511,13,1997,2
1511,13,2001,1
1511,17,1993,2
1511,158,2025,3
1511,15,1989,17
1511,154,2025,21
1511,152,2021,24
1511,152,2025,40
1511,19,1993,2
1511,48,2001,12
1511,48,2005,6
1511,48,2009,10
1511,44,2001,245
1511,44,2005,244
1511,44,2009,28
1511,44,2013,3
1511,44,2017,5
1511,123,2013,37
1511,123,2017,17
1511,123,2021,22
1511,123,2025,24
1511,133,2017,2
1511,133,2021,3
1511,20,1993,2
1511,20,1997,1
1511,49,2001,2
1511,159,2025,5
1511,153,2021,2
1511,10,1989,3
1511,10,1993,9
1511,10,1997,3
1511,10,2001,18
1511,10,2017,8
1511,10,2021,10
1511,10,2025,10
1511,124,2013,2
1511,46,2001,8
1511,11,1993,4
1511,11,1997,7
1511,11,2001,8
1511,11,2005,4
1511,22,1993,11
1511,14,1989,12
1511,27,1997,10
1511,27,2001,1
1511,132,2021,25
1511,132,2025,4
1511,92,2009,2
1514,01,1989,393
1514,01,1993,365
1514,01,1997,339
1514,01,2001,183
1514,01,2005,272
1514,01,2009,303
1514,01,2013,255
1514,01,2017,231
1514,01,2021,227
1514,01,2025,282
1514,02,1989,246
1514,02,1993,91
1514,02,1997,257
1514,02,2001,341
1514,02,2005,467
1514,02,2009,446
1514,02,2013,343
1514,02,2017,390
1514,02,2021,397
1514,02,2025,508
1514,03,1989,331
1514,03,1993,203
1514,03,1997,195
1514,03,2001,264
1514,03,2005,166
1514,03,2009,262
1514,03,2013,414
1514,03,2017,412
1514,03,2021,236
1514,03,2025,216
1514,04,1989,602
1514,04,1993,416
1514,04,1997,695
1514,04,2001,555
1514,04,2005,203
1514,04,2009,153
1514,04,2013,142
1514,04,2017,80
1514,04,2021,54
1514,04,2025,77
1514,08,1989,6
1514,08,1997,2
1514,08,2005,1
1514,08,2013,6
1514,08,2017,7
1514,08,2021,6
1514,08,2025,18
1514,55,2009,3
1514,55,2013,5
1514,55,2017,6
1514,55,2021,32
1514,55,2025,30
1514,05,1989,174
1514,05,1993,619
1514,05,1997,242
1514,05,2001,123
1514,05,2005,161
1514,05,2009,169
1514,05,2013,156
1514,05,2017,178
1514,05,2021,234
1514,05,2025,99
1514,06,1989,106
1514,06,1993,86
1514,06,1997,39
1514,06,2001,131
1514,06,2005,56
1514,06,2009,31
1514,06,2013,25
1514,06,2017,29
1514,06,2021,44
1514,06,2025,20
1514,07,1989,171
1514,07,1993,96
1514,07,1997,113
1514,07,2001,86
1514,07,2005,128
1514,07,2009,51
1514,07,2013,59
1514,07,2017,34
1514,07,2021,32
1514,07,2025,29
1514,130,2017,1
1514,150,2021,1
1514,122,2017,1
1514,122,2021,18
1514,122,2025,16
1514,13,1993,5
1514,13,2001,1
1514,17,1993,4
1514,158,2025,8
1514,15,1989,1
1514,154,2025,9
1514,152,2021,15
1514,152,2025,4
1514,19,1993,7
1514,48,2001,7
1514,48,2005,8
1514,48,2009,10
1514,44,2001,82
1514,44,2005,39
1514,44,2009,4
1514,44,2013,1
1514,44,2017,3
1514,123,2013,23
1514,123,2017,6
1514,123,2021,10
1514,123,2025,7
1514,12,1993,1
1514,133,2021,1
1514,20,1993,1
1514,49,2001,2
1514,159,2025,1
1514,153,2021,1
1514,10,1989,3
1514,10,1993,6
1514,10,1997,11
1514,10,2001,12
1514,10,2017,4
1514,10,2025,8
1514,124,2013,5
1514,46,2001,7
1514,11,1993,2
1514,11,1997,14
1514,11,2001,6
1514,11,2005,2
1514,22,1993,7
1514,14,1989,7
1514,27,1997,11
1514,27,2001,5
1514,132,2025,4
1515,01,1989,1065
1515,01,1993,1083
1515,01,1997,1019
1515,01,2001,598
1515,01,2005,984
1515,01,2009,1058
1515,01,2013,831
1515,01,2017,756
1515,01,2021,763
1515,01,2025,799
1515,02,1989,741
1515,02,1993,307
1515,02,1997,871
1515,02,2001,963
1515,02,2005,1511
1515,02,2009,1595
1515,02,2013,1112
1515,02,2017,1556
1515,02,2021,1560
1515,02,2025,2290
1515,03,1989,767
1515,03,1993,578
1515,03,1997,505
1515,03,2001,886
1515,03,2005,708
1515,03,2009,986
1515,03,2013,1677
1515,03,2017,1494
1515,03,2021,912
1515,03,2025,750
1515,04,1989,1752
1515,04,1993,1048
1515,04,1997,1727
1515,04,2001,1400
1515,04,2005,885
1515,04,2009,670
1515,04,2013,701
1515,04,2017,450
1515,04,2021,440
1515,04,2025,563
1515,08,1989,4
1515,08,2005,1
1515,08,2009,4
1515,08,2013,27
1515,08,2017,54
1515,08,2021,59
1515,08,2025,87
1515,55,2009,5
1515,55,2013,9
1515,55,2017,23
1515,55,2021,69
1515,55,2025,95
1515,05,1989,178
1515,05,1993,1048
1515,05,1997,320
1515,05,2001,142
1515,05,2005,187
1515,05,2009,179
1515,05,2013,154
1515,05,2017,316
1515,05,2021,520
1515,05,2025,173
1515,06,1989,217
1515,06,1993,184
1515,06,1997,88
1515,06,2001,243
1515,06,2005,136
1515,06,2009,77
1515,06,2013,63
1515,06,2017,97
1515,06,2021,155
1515,06,2025,93
1515,07,1989,230
1515,07,1993,184
1515,07,1997,229
1515,07,2001,181
1515,07,2005,305
1515,07,2009,98
1515,07,2013,153
1515,07,2017,131
1515,07,2021,89
1515,07,2025,86
1515,130,2017,4
1515,150,2021,4
1515,122,2005,2
1515,122,2013,2
1515,122,2017,8
1515,122,2021,78
1515,122,2025,42
1515,13,1993,45
1515,13,1997,11
1515,13,2001,8
1515,151,2021,3
1515,17,1993,9
1515,158,2025,10
1515,15,1989,4
1515,154,2025,30
1515,152,2021,91
1515,152,2025,49
1515,19,1993,27
1515,48,2001,27
1515,48,2005,23
1515,48,2009,20
1515,44,2001,101
1515,44,2005,46
1515,44,2009,6
1515,44,2013,8
1515,44,2017,4
1515,123,2013,106
1515,123,2017,43
1515,123,2021,48
1515,123,2025,55
1515,12,1993,1
1515,133,2017,4
1515,133,2021,4
1515,20,1993,1
1515,20,1997,3
1515,09,1997,1
1515,49,2001,4
1515,159,2025,8
1515,153,2021,3
1515,153,2025,3
1515,10,1989,8
1515,10,1993,27
1515,10,1997,15
1515,10,2001,34
1515,10,2017,9
1515,10,2021,20
1515,10,2025,30
1515,124,2013,12
1515,46,2001,23
1515,11,1993,2
1515,11,1997,14
1515,11,2001,4
1515,11,2005,6
1515,22,1993,25
1515,14,1989,9
1515,27,1997,23
1515,27,2001,3
1515,132,2021,8
1515,132,2025,8
1515,92,2005,1
1515,92,2009,2
1516,01,1989,778
1516,01,1993,881
1516,01,1997,846
1516,01,2001,549
1516,01,2005,768
1516,01,2009,952
1516,01,2013,784
1516,01,2017,732
1516,01,2021,903
1516,01,2025,1030
1516,02,1989,427
1516,02,1993,216
1516,02,1997,551
1516,02,2001,658
1516,02,2005,961
1516,02,2009,1110
1516,02,2013,812
1516,02,2017,1104
1516,02,2021,1077
1516,02,2025,1744
1516,03,1989,769
1516,03,1993,514
1516,03,1997,509
1516,03,2001,789
1516,03,2005,730
1516,03,2009,888
1516,03,2013,1432
1516,03,2017,1426
1516,03,2021,1072
1516,03,2025,901
1516,04,1989,815
1516,04,1993,613
1516,04,1997,1143
1516,04,2001,923
1516,04,2005,616
1516,04,2009,503
1516,04,2013,584
1516,04,2017,430
1516,04,2021,375
1516,04,2025,467
1516,08,1989,6
1516,08,2005,3
1516,08,2009,4
1516,08,2013,51
1516,08,2017,78
1516,08,2021,91
1516,08,2025,113
1516,55,2009,9
1516,55,2013,10
1516,55,2017,19
1516,55,2021,82
1516,55,2025,95
1516,05,1989,186
1516,05,1993,738
1516,05,1997,279
1516,05,2001,141
1516,05,2005,200
1516,05,2009,222
1516,05,2013,177
1516,05,2017,320
1516,05,2021,587
1516,05,2025,219
1516,06,1989,229
1516,06,1993,181
1516,06,1997,119
1516,06,2001,256
1516,06,2005,170
1516,06,2009,113
1516,06,2013,68
1516,06,2017,163
1516,06,2021,215
1516,06,2025,151
1516,07,1989,261
1516,07,1993,150
1516,07,1997,175
1516,07,2001,161
1516,07,2005,263
1516,07,2009,137
1516,07,2013,230
1516,07,2017,170
1516,07,2021,165
1516,07,2025,166
1516,130,2017,4
1516,150,2021,3
1516,122,2005,1
1516,122,2013,1
1516,122,2017,3
1516,122,2021,48
1516,122,2025,30
1516,13,1993,13
1516,13,1997,5
1516,13,2001,5
1516,151,2021,1
1516,17,1993,2
1516,158,2025,11
1516,15,1989,4
1516,154,2025,23
1516,152,2021,54
1516,152,2025,62
1516,19,1993,21
1516,48,2001,12
1516,48,2005,25
1516,48,2009,21
1516,44,2001,50
1516,44,2005,45
1516,44,2009,5
1516,44,2013,5
1516,44,2017,3
1516,123,2013,64
1516,123,2017,36
1516,123,2021,41
1516,123,2025,59
1516,12,1993,1
1516,133,2017,3
1516,133,2021,4
1516,20,1993,2
1516,20,1997,4
1516,134,2017,1
1516,09,1997,2
1516,49,2001,2
1516,159,2025,10
1516,153,2021,18
1516,153,2025,3
1516,10,1989,3
1516,10,1993,6
1516,10,1997,13
1516,10,2001,21
1516,10,2017,8
1516,10,2021,24
1516,10,2025,35
1516,124,2013,10
1516,46,2001,25
1516,11,1993,1
1516,11,1997,13
1516,11,2001,11
1516,11,2005,7
1516,22,1993,25
1516,14,1989,4
1516,27,1997,15
1516,27,2001,2
1516,132,2021,4
1516,132,2025,6
1516,92,2005,1
1516,92,2009,1
1517,01,1989,513
1517,01,1993,566
1517,01,1997,516
1517,01,2001,365
1517,01,2005,482
1517,01,2009,615
1517,01,2013,520
1517,01,2017,457
1517,01,2021,538
1517,01,2025,543
1517,02,1989,445
1517,02,1993,203
1517,02,1997,535
1517,02,2001,585
1517,02,2005,813
1517,02,2009,864
1517,02,2013,763
1517,02,2017,873
1517,02,2021,751
1517,02,2025,1097
1517,03,1989,477
1517,03,1993,344
1517,03,1997,345
1517,03,2001,512
1517,03,2005,351
1517,03,2009,446
1517,03,2013,721
1517,03,2017,706
1517,03,2021,446
1517,03,2025,378
1517,04,1989,497
1517,04,1993,436
1517,04,1997,714
1517,04,2001,516
1517,04,2005,289
1517,04,2009,242
1517,04,2013,277
1517,04,2017,185
1517,04,2021,137
1517,04,2025,173
1517,08,1989,1
1517,08,1997,2
1517,08,2005,1
1517,08,2009,7
1517,08,2013,33
1517,08,2017,38
1517,08,2021,38
1517,08,2025,58
1517,55,2009,21
1517,55,2013,14
1517,55,2017,23
1517,55,2021,65
1517,55,2025,83
1517,05,1989,152
1517,05,1993,587
1517,05,1997,253
1517,05,2001,110
1517,05,2005,228
1517,05,2009,210
1517,05,2013,145
1517,05,2017,256
1517,05,2021,377
1517,05,2025,166
1517,06,1989,156
1517,06,1993,124
1517,06,1997,102
1517,06,2001,187
1517,06,2005,124
1517,06,2009,93
1517,06,2013,83
1517,06,2017,94
1517,06,2021,117
1517,06,2025,81
1517,07,1989,463
1517,07,1993,134
1517,07,1997,160
1517,07,2001,162
1517,07,2005,269
1517,07,2009,112
1517,07,2013,139
1517,07,2017,105
1517,07,2021,110
1517,07,2025,111
1517,130,2017,1
1517,150,2021,7
1517,122,2005,4
1517,122,2013,6
1517,122,2021,56
1517,122,2025,34
1517,13,1993,31
1517,13,1997,2
1517,13,2001,3
1517,151,2021,3
1517,17,1993,4
1517,158,2025,15
1517,15,1989,7
1517,154,2025,34
1517,152,2021,33
1517,152,2025,31
1517,19,1993,6
1517,48,2001,13
1517,48,2005,9
1517,48,2009,10
1517,44,2001,39
1517,44,2005,38
1517,44,2009,5
1517,44,2013,7
1517,123,2013,39
1517,123,2017,12
1517,123,2021,21
1517,123,2025,19
1517,12,1993,1
1517,133,2017,2
1517,133,2021,6
1517,20,1993,1
1517,20,1997,2
1517,134,2017,1
1517,49,2001,5
1517,159,2025,3
1517,153,2021,6
1517,153,2025,2
1517,10,1989,4
1517,10,1993,13
1517,10,1997,19
1517,10,2001,35
1517,10,2017,5
1517,10,2021,16
1517,10,2025,23
1517,124,2013,14
1517,46,2001,19
1517,11,1993,3
1517,11,1997,20
1517,11,2001,9
1517,11,2005,13
1517,22,1993,11
1517,14,1989,11
1517,27,1997,16
1517,27,2001,2
1517,132,2021,4
1517,132,2025,4
1517,92,2005,1
1517,92,2009,1
1520,01,1989,1598
1520,01,1993,1341
1520,01,1997,1429
1520,01,2001,928
1520,01,2005,1365
1520,01,2009,1565
1520,01,2013,1404
1520,01,2017,1218
1520,01,2021,1153
1520,01,2025,1453
1520,02,1989,713
1520,02,1993,230
1520,02,1997,783
1520,02,2001,937
1520,02,2005,1468
1520,02,2009,1571
1520,02,2013,1204
1520,02,2017,1600
1520,02,2021,1359
1520,02,2025,2220
1520,03,1989,981
1520,03,1993,536
1520,03,1997,546
1520,03,2001,803
1520,03,2005,629
1520,03,2009,734
1520,03,2013,1349
1520,03,2017,1142
1520,03,2021,722
1520,03,2025,662
1520,04,1989,1176
1520,04,1993,808
1520,04,1997,1506
1520,04,2001,1210
1520,04,2005,656
1520,04,2009,531
1520,04,2013,557
1520,04,2017,313
1520,04,2021,258
1520,04,2025,359
1520,08,1989,9
1520,08,1997,11
1520,08,2005,7
1520,08,2009,11
1520,08,2013,77
1520,08,2017,146
1520,08,2021,123
1520,08,2025,157
1520,55,2009,20
1520,55,2013,12
1520,55,2017,48
1520,55,2021,166
1520,55,2025,205
1520,05,1989,841
1520,05,1993,1934
1520,05,1997,1021
1520,05,2001,673
1520,05,2005,839
1520,05,2009,757
1520,05,2013,726
1520,05,2017,1232
1520,05,2021,1647
1520,05,2025,703
1520,06,1989,580
1520,06,1993,374
1520,06,1997,274
1520,06,2001,608
1520,06,2005,390
1520,06,2009,278
1520,06,2013,203
1520,06,2017,218
1520,06,2021,383
1520,06,2025,315
1520,07,1989,430
1520,07,1993,537
1520,07,1997,355
1520,07,2001,338
1520,07,2005,424
1520,07,2009,235
1520,07,2013,281
1520,07,2017,153
1520,07,2021,149
1520,07,2025,140
1520,130,2017,9
1520,150,2021,4
1520,122,2005,5
1520,122,2013,2
1520,122,2017,11
1520,122,2021,95
1520,122,2025,79
1520,13,1993,35
1520,13,1997,10
1520,13,2001,3
1520,151,2021,4
1520,17,1993,7
1520,158,2025,15
1520,15,1989,9
1520,154,2025,49
1520,152,2021,49
1520,152,2025,63
1520,19,1993,8
1520,48,2001,20
1520,48,2005,19
1520,48,2009,16
1520,44,2001,106
1520,44,2005,79
1520,44,2009,19
1520,44,2013,2
1520,44,2017,4
1520,123,2013,62
1520,123,2017,36
1520,123,2021,33
1520,123,2025,32
1520,12,1989,1
1520,12,1993,2
1520,133,2017,5
1520,133,2021,4
1520,20,1993,5
1520,20,1997,4
1520,09,1997,1
1520,49,2001,4
1520,159,2025,13
1520,153,2021,15
1520,153,2025,7
1520,10,1989,7
1520,10,1993,29
1520,10,1997,41
1520,10,2001,54
1520,10,2017,12
1520,10,2021,39
1520,10,2025,41
1520,124,2013,25
1520,46,2001,52
1520,11,1993,16
1520,11,1997,38
1520,11,2001,23
1520,11,2005,23
1520,22,1993,34
1520,14,1989,25
1520,27,1997,25
1520,27,2001,4
1520,132,2021,15
1520,132,2025,17
1520,92,2009,1
1525,01,1989,680
1525,01,1993,658
1525,01,1997,626
1525,01,2001,387
1525,01,2005,516
1525,01,2009,605
1525,01,2013,511
1525,01,2017,401
1525,01,2021,400
1525,01,2025,505
1525,02,1989,335
1525,02,1993,122
1525,02,1997,356
1525,02,2001,536
1525,02,2005,715
1525,02,2009,675
1525,02,2013,466
1525,02,2017,558
1525,02,2021,668
1525,02,2025,741
1525,03,1989,515
1525,03,1993,321
1525,03,1997,239
1525,03,2001,369
1525,03,2005,270
1525,03,2009,348
1525,03,2013,614
1525,03,2017,521
1525,03,2021,271
1525,03,2025,282
1525,04,1989,579
1525,04,1993,399
1525,04,1997,704
1525,04,2001,550
1525,04,2005,310
1525,04,2009,224
1525,04,2013,234
1525,04,2017,164
1525,04,2021,123
1525,04,2025,158
1525,08,1989,3
1525,08,1997,1
1525,08,2009,3
1525,08,2013,28
1525,08,2017,35
1525,08,2021,42
1525,08,2025,56
1525,55,2009,11
1525,55,2013,8
1525,55,2017,18
1525,55,2021,52
1525,55,2025,54
1525,05,1989,434
1525,05,1993,877
1525,05,1997,440
1525,05,2001,283
1525,05,2005,391
1525,05,2009,369
1525,05,2013,391
1525,05,2017,596
1525,05,2021,610
1525,05,2025,366
1525,06,1989,176
1525,06,1993,104
1525,06,1997,63
1525,06,2001,158
1525,06,2005,105
1525,06,2009,71
1525,06,2013,42
1525,06,2017,69
1525,06,2021,117
1525,06,2025,64
1525,07,1989,191
1525,07,1993,115
1525,07,1997,293
1525,07,2001,169
1525,07,2005,230
1525,07,2009,135
1525,07,2013,115
1525,07,2017,64
1525,07,2021,48
1525,07,2025,47
1525,130,2017,4
1525,150,2021,5
1525,122,2005,2
1525,122,2013,3
1525,122,2017,2
1525,122,2021,13
1525,122,2025,8
1525,13,1993,9
1525,13,1997,4
1525,13,2001,2
1525,151,2021,3
1525,17,1993,2
1525,158,2025,6
1525,15,1989,5
1525,154,2025,11
1525,152,2021,9
1525,152,2025,15
1525,19,1993,4
1525,48,2001,9
1525,48,2005,10
1525,48,2009,4
1525,44,2001,70
1525,44,2005,21
1525,44,2009,2
1525,44,2013,2
1525,123,2013,27
1525,123,2017,10
1525,123,2021,5
1525,123,2025,2
1525,133,2017,2
1525,133,2021,1
1525,20,1993,9
1525,20,1997,1
1525,159,2025,2
1525,153,2021,2
1525,153,2025,2
1525,10,1989,5
1525,10,1993,8
1525,10,1997,8
1525,10,2001,19
1525,10,2017,15
1525,10,2021,13
1525,10,2025,17
1525,124,2013,6
1525,46,2001,16
1525,11,1993,1
1525,11,1997,8
1525,11,2001,5
1525,11,2005,8
1525,14,1989,9
1525,27,1997,7
1525,132,2021,2
1525,132,2025,3
1525,92,2005,1
1525,92,2009,7
1528,01,1989,1038
1528,01,1993,1010
1528,01,1997,948
1528,01,2001,632
1528,01,2005,851
1528,01,2009,936
1528,01,2013,830
1528,01,2017,736
1528,01,2021,749
1528,01,2025,930
1528,02,1989,582
1528,02,1993,278
1528,02,1997,637
1528,02,2001,718
1528,02,2005,1269
1528,02,2009,1240
1528,02,2013,925
1528,02,2017,1195
1528,02,2021,1214
1528,02,2025,1586
1528,03,1989,788
1528,03,1993,528
1528,03,1997,445
1528,03,2001,707
1528,03,2005,536
1528,03,2009,726
1528,03,2013,1198
1528,03,2017,1093
1528,03,2021,707
1528,03,2025,650
1528,04,1989,794
1528,04,1993,688
1528,04,1997,1219
1528,04,2001,981
1528,04,2005,576
1528,04,2009,409
1528,04,2013,430
1528,04,2017,242
1528,04,2021,229
1528,04,2025,316
1528,08,1989,8
1528,08,1997,4
1528,08,2005,5
1528,08,2009,4
1528,08,2013,46
1528,08,2017,64
1528,08,2021,61
1528,08,2025,97
1528,55,2009,11
1528,55,2013,12
1528,55,2017,29
1528,55,2021,90
1528,55,2025,121
1528,05,1989,395
1528,05,1993,967
1528,05,1997,457
1528,05,2001,304
1528,05,2005,385
1528,05,2009,360
1528,05,2013,326
1528,05,2017,539
1528,05,2021,658
1528,05,2025,309
1528,06,1989,242
1528,06,1993,190
1528,06,1997,130
1528,06,2001,330
1528,06,2005,199
1528,06,2009,146
1528,06,2013,79
1528,06,2017,125
1528,06,2021,218
1528,06,2025,137
1528,07,1989,256
1528,07,1993,180
1528,07,1997,254
1528,07,2001,207
1528,07,2005,341
1528,07,2009,191
1528,07,2013,200
1528,07,2017,136
1528,07,2021,116
1528,07,2025,133
1528,130,2017,7
1528,150,2021,3
1528,122,2005,4
1528,122,2013,1
1528,122,2017,4
1528,122,2021,49
1528,122,2025,24
1528,13,1993,17
1528,13,1997,6
1528,13,2001,2
1528,151,2021,3
1528,158,2025,13
1528,15,1989,10
1528,154,2025,22
1528,152,2021,32
1528,152,2025,36
1528,19,1993,13
1528,48,2001,23
1528,48,2005,15
1528,48,2009,23
1528,44,2001,87
1528,44,2005,36
1528,44,2009,8
1528,44,2013,8
1528,44,2017,2
1528,123,2013,61
1528,123,2017,42
1528,123,2021,27
1528,123,2025,26
1528,133,2017,9
1528,133,2021,5
1528,20,1993,6
1528,20,1997,2
1528,49,2001,1
1528,159,2025,2
1528,153,2021,7
1528,153,2025,3
1528,10,1989,9
1528,10,1993,20
1528,10,1997,22
1528,10,2001,29
1528,10,2017,13
1528,10,2021,16
1528,10,2025,34
1528,124,2013,13
1528,46,2001,54
1528,11,1993,9
1528,11,1997,24
1528,11,2001,8
1528,11,2005,5
1528,22,1993,20
1528,14,1989,20
1528,27,1997,18
1528,27,2001,3
1528,132,2021,6
1528,132,2025,5
1531,01,1989,982
1531,01,1993,1064
1531,01,1997,943
1531,01,2001,605
1531,01,2005,915
1531,01,2009,1098
1531,01,2013,952
1531,01,2017,952
1531,01,2021,930
1531,01,2025,1076
1531,02,1989,692
1531,02,1993,356
1531,02,1997,804
1531,02,2001,934
1531,02,2005,1502
1531,02,2009,1518
1531,02,2013,1185
1531,02,2017,1431
1531,02,2021,1617
1531,02,2025,2143
1531,03,1989,858
1531,03,1993,562
1531,03,1997,456
1531,03,2001,751
1531,03,2005,580
1531,03,2009,739
1531,03,2013,1245
1531,03,2017,1225
1531,03,2021,820
1531,03,2025,749
1531,04,1989,959
1531,04,1993,816
1531,04,1997,1244
1531,04,2001,979
1531,04,2005,687
1531,04,2009,557
1531,04,2013,583
1531,04,2017,479
1531,04,2021,462
1531,04,2025,611
1531,08,1989,8
1531,08,1997,2
1531,08,2005,5
1531,08,2009,6
1531,08,2013,50
1531,08,2017,73
1531,08,2021,91
1531,08,2025,115
1531,55,2009,9
1531,55,2013,10
1531,55,2017,20
1531,55,2021,98
1531,55,2025,111
1531,05,1989,83
1531,05,1993,585
1531,05,1997,181
1531,05,2001,109
1531,05,2005,142
1531,05,2009,92
1531,05,2013,125
1531,05,2017,249
1531,05,2021,404
1531,05,2025,133
1531,06,1989,227
1531,06,1993,145
1531,06,1997,114
1531,06,2001,269
1531,06,2005,165
1531,06,2009,111
1531,06,2013,70
1531,06,2017,146
1531,06,2021,262
1531,06,2025,170
1531,07,1989,214
1531,07,1993,152
1531,07,1997,191
1531,07,2001,141
1531,07,2005,246
1531,07,2009,110
1531,07,2013,184
1531,07,2017,132
1531,07,2021,101
1531,07,2025,118
1531,150,2021,1
1531,122,2005,2
1531,122,2013,3
1531,122,2017,6
1531,122,2021,50
1531,122,2025,31
1531,13,1993,41
1531,13,1997,12
1531,13,2001,4
1531,151,2021,2
1531,17,1993,5
1531,158,2025,12
1531,15,1989,3
1531,154,2025,25
1531,152,2021,20
1531,152,2025,21
1531,19,1993,20
1531,48,2001,9
1531,48,2005,26
1531,48,2009,27
1531,44,2001,41
1531,44,2005,28
1531,44,2009,9
1531,44,2013,3
1531,44,2017,2
1531,123,2013,112
1531,123,2017,42
1531,123,2021,51
1531,123,2025,54
1531,12,1989,1
1531,133,2017,10
1531,133,2021,10
1531,20,1993,4
1531,20,1997,2
1531,134,2017,2
1531,09,1997,2
1531,49,2001,6
1531,159,2025,14
1531,153,2021,10
1531,153,2025,4
1531,10,1989,13
1531,10,1993,30
1531,10,1997,36
1531,10,2001,100
1531,10,2017,20
1531,10,2021,32
1531,10,2025,32
1531,124,2013,13
1531,46,2001,34
1531,11,1993,4
1531,11,1997,16
1531,11,2001,6
1531,11,2005,6
1531,22,1993,30
1531,14,1989,19
1531,27,1997,35
1531,27,2001,6
1531,132,2021,6
1531,132,2025,3
1531,92,2005,9
1531,92,2009,2
1532,01,1989,592
1532,01,1993,695
1532,01,1997,616
1532,01,2001,340
1532,01,2005,587
1532,01,2009,778
1532,01,2013,684
1532,01,2017,632
1532,01,2021,706
1532,01,2025,865
1532,02,1989,526
1532,02,1993,139
1532,02,1997,543
1532,02,2001,761
1532,02,2005,1118
1532,02,2009,1168
1532,02,2013,803
1532,02,2017,1127
1532,02,2021,1210
1532,02,2025,1800
1532,03,1989,773
1532,03,1993,455
1532,03,1997,388
1532,03,2001,703
1532,03,2005,500
1532,03,2009,725
1532,03,2013,1193
1532,03,2017,1294
1532,03,2021,807
1532,03,2025,671
1532,04,1989,1097
1532,04,1993,893
1532,04,1997,1285
1532,04,2001,1081
1532,04,2005,819
1532,04,2009,735
1532,04,2013,792
1532,04,2017,677
1532,04,2021,738
1532,04,2025,887
1532,08,1989,7
1532,08,1997,3
1532,08,2005,3
1532,08,2009,8
1532,08,2013,46
1532,08,2017,81
1532,08,2021,94
1532,08,2025,135
1532,55,2009,10
1532,55,2013,6
1532,55,2017,31
1532,55,2021,104
1532,55,2025,103
1532,05,1989,285
1532,05,1993,887
1532,05,1997,250
1532,05,2001,148
1532,05,2005,192
1532,05,2009,201
1532,05,2013,184
1532,05,2017,288
1532,05,2021,459
1532,05,2025,198
1532,06,1989,135
1532,06,1993,117
1532,06,1997,90
1532,06,2001,200
1532,06,2005,116
1532,06,2009,62
1532,06,2013,31
1532,06,2017,115
1532,06,2021,208
1532,06,2025,129
1532,07,1989,180
1532,07,1993,165
1532,07,1997,303
1532,07,2001,234
1532,07,2005,351
1532,07,2009,146
1532,07,2013,270
1532,07,2017,200
1532,07,2021,142
1532,07,2025,140
1532,150,2021,2
1532,122,2005,3
1532,122,2013,2
1532,122,2017,1
1532,122,2021,64
1532,122,2025,32
1532,13,1993,15
1532,13,1997,6
1532,13,2001,1
1532,151,2021,2
1532,17,1993,3
1532,158,2025,6
1532,15,1989,7
1532,154,2025,30
1532,152,2021,33
1532,152,2025,28
1532,19,1993,7
1532,48,2001,11
1532,48,2005,19
1532,48,2009,24
1532,44,2001,43
1532,44,2005,39
1532,44,2009,7
1532,44,2013,3
1532,44,2017,1
1532,123,2013,84
1532,123,2017,39
1532,123,2021,38
1532,123,2025,34
1532,12,1989,1
1532,133,2017,3
1532,133,2021,3
1532,20,1993,1
1532,20,1997,1
1532,134,2017,1
1532,159,2025,4
1532,153,2021,14
1532,153,2025,1
1532,10,1989,5
1532,10,1993,16
1532,10,1997,22
1532,10,2001,43
1532,10,2017,8
1532,10,2021,21
1532,10,2025,25
1532,124,2013,16
1532,46,2001,23
1532,11,1993,4
1532,11,1997,17
1532,11,2001,9
1532,11,2005,9
1532,22,1993,8
1532,14,1989,12
1532,27,1997,46
1532,27,2001,1
1532,132,2021,7
1532,132,2025,5
1535,01,1989,1079
1535,01,1993,985
1535,01,1997,897
1535,01,2001,584
1535,01,2005,799
1535,01,2009,875
1535,01,2013,673
1535,01,2017,556
1535,01,2021,549
1535,01,2025,794
1535,02,1989,538
1535,02,1993,317
1535,02,1997,565
1535,02,2001,536
1535,02,2005,967
1535,02,2009,1144
1535,02,2013,793
1535,02,2017,984
1535,02,2021,1227
1535,02,2025,1560
1535,03,1989,595
1535,03,1993,372
1535,03,1997,350
1535,03,2001,596
1535,03,2005,424
1535,03,2009,514
1535,03,2013,958
1535,03,2017,836
1535,03,2021,561
1535,03,2025,436
1535,04,1989,584
1535,04,1993,469
1535,04,1997,939
1535,04,2001,802
1535,04,2005,403
1535,04,2009,278
1535,04,2013,274
1535,04,2017,179
1535,04,2021,161
1535,04,2025,231
1535,08,1989,5
1535,08,1997,3
1535,08,2005,4
1535,08,2009,5
1535,08,2013,46
1535,08,2017,60
1535,08,2021,58
1535,08,2025,74
1535,55,2009,16
1535,55,2013,6
1535,55,2017,32
1535,55,2021,94
1535,55,2025,122
1535,05,1989,421
1535,05,1993,998
1535,05,1997,464
1535,05,2001,289
1535,05,2005,426
1535,05,2009,429
1535,05,2013,527
1535,05,2017,629
1535,05,2021,667
1535,05,2025,482
1535,06,1989,294
1535,06,1993,169
1535,06,1997,106
1535,06,2001,300
1535,06,2005,186
1535,06,2009,131
1535,06,2013,77
1535,06,2017,154
1535,06,2021,405
1535,06,2025,150
1535,07,1989,134
1535,07,1993,127
1535,07,1997,229
1535,07,2001,181
1535,07,2005,275
1535,07,2009,112
1535,07,2013,192
1535,07,2017,109
1535,07,2021,62
1535,07,2025,89
1535,130,2017,3
1535,150,2021,3
1535,122,2005,1
1535,122,2013,7
1535,122,2017,2
1535,122,2021,40
1535,122,2025,31
1535,13,1993,6
1535,13,1997,6
1535,13,2001,2
1535,17,1993,2
1535,158,2025,8
1535,15,1989,12
1535,154,2025,47
1535,152,2021,25
1535,152,2025,44
1535,19,1993,3
1535,48,2001,4
1535,48,2005,10
1535,48,2009,11
1535,44,2001,52
1535,44,2005,21
1535,44,2009,4
1535,44,2013,11
1535,44,2017,2
1535,123,2013,54
1535,123,2017,18
1535,123,2021,12
1535,123,2025,26
1535,12,1993,1
1535,133,2017,3
1535,133,2021,3
1535,20,1997,4
1535,134,2017,5
1535,09,1997,2
1535,49,2001,1
1535,159,2025,9
1535,153,2021,9
1535,153,2025,3
1535,10,1989,11
1535,10,1993,49
1535,10,1997,29
1535,10,2001,78
1535,10,2017,103
1535,10,2021,27
1535,10,2025,28
1535,124,2013,9
1535,46,2001,16
1535,11,1993,11
1535,11,1997,13
1535,11,2001,25
1535,11,2005,20
1535,22,1993,8
1535,14,1989,13
1535,27,1997,17
1535,27,2001,3
1535,132,2021,5
1535,132,2025,4
1535,92,2009,5
1539,01,1989,1533
1539,01,1993,1231
1539,01,1997,1264
1539,01,2001,900
1539,01,2005,1171
1539,01,2009,1249
1539,01,2013,1034
1539,01,2017,774
1539,01,2021,804
1539,01,2025,982
1539,02,1989,599
1539,02,1993,201
1539,02,1997,672
1539,02,2001,679
1539,02,2005,1091
1539,02,2009,1075
1539,02,2013,796
1539,02,2017,869
1539,02,2021,857
1539,02,2025,1242
1539,03,1989,793
1539,03,1993,505
1539,03,1997,434
1539,03,2001,595
1539,03,2005,465
1539,03,2009,514
1539,03,2013,910
1539,03,2017,936
1539,03,2021,602
1539,03,2025,443
1539,04,1989,749
1539,04,1993,566
1539,04,1997,1017
1539,04,2001,887
1539,04,2005,460
1539,04,2009,328
1539,04,2013,338
1539,04,2017,209
1539,04,2021,157
1539,04,2025,192
1539,08,1989,13
1539,08,1997,10
1539,08,2005,3
1539,08,2009,7
1539,08,2013,64
1539,08,2017,85
1539,08,2021,140
1539,08,2025,182
1539,55,2009,18
1539,55,2013,24
1539,55,2017,32
1539,55,2021,93
1539,55,2025,152
1539,05,1989,557
1539,05,1993,1230
1539,05,1997,599
1539,05,2001,379
1539,05,2005,459
1539,05,2009,501
1539,05,2013,542
1539,05,2017,684
1539,05,2021,743
1539,05,2025,435
1539,06,1989,412
1539,06,1993,353
1539,06,1997,179
1539,06,2001,341
1539,06,2005,264
1539,06,2009,180
1539,06,2013,143
1539,06,2017,328
1539,06,2021,308
1539,06,2025,272
1539,07,1989,152
1539,07,1993,162
1539,07,1997,220
1539,07,2001,214
1539,07,2005,257
1539,07,2009,163
1539,07,2013,175
1539,07,2017,96
1539,07,2021,97
1539,07,2025,92
1539,130,2017,6
1539,150,2021,4
1539,122,2005,1
1539,122,2013,2
1539,122,2017,2
1539,122,2021,57
1539,122,2025,38
1539,13,1993,16
1539,13,1997,4
1539,13,2001,5
1539,17,1993,2
1539,158,2025,11
1539,15,1989,15
1539,154,2025,18
1539,152,2021,15
1539,152,2025,21
1539,19,1993,10
1539,48,2001,14
1539,48,2005,9
1539,48,2009,4
1539,44,2001,69
1539,44,2005,34
1539,44,2009,2
1539,44,2013,4
1539,44,2017,2
1539,123,2013,23
1539,123,2017,12
1539,123,2021,10
1539,123,2025,9
1539,12,1993,1
1539,133,2017,7
1539,133,2021,7
1539,20,1993,4
1539,134,2017,6
1539,09,1997,1
1539,49,2001,2
1539,159,2025,6
1539,153,2021,5
1539,153,2025,6
1539,10,1989,5
1539,10,1993,38
1539,10,1997,37
1539,10,2001,36
1539,10,2017,43
1539,10,2021,23
1539,10,2025,17
1539,124,2013,12
1539,46,2001,48
1539,11,1993,10
1539,11,1997,33
1539,11,2001,11
1539,11,2005,16
1539,22,1993,8
1539,14,1989,9
1539,27,1997,3
1539,27,2001,3
1539,132,2021,17
1539,132,2025,13
1539,92,2005,2
1539,92,2009,4
1547,01,1989,475
1547,01,1993,393
1547,01,1997,399
1547,01,2001,242
1547,01,2005,355
1547,01,2009,482
1547,01,2013,410
1547,01,2017,364
1547,01,2021,390
1547,01,2025,490
1547,02,1989,204
1547,02,1993,72
1547,02,1997,230
1547,02,2001,263
1547,02,2005,444
1547,02,2009,452
1547,02,2013,338
1547,02,2017,428
1547,02,2021,185
1547,02,2025,439
1547,03,1989,299
1547,03,1993,163
1547,03,1997,120
1547,03,2001,229
1547,03,2005,186
1547,03,2009,281
1547,03,2013,514
1547,03,2017,540
1547,03,2021,584
1547,03,2025,270
1547,04,1989,343
1547,04,1993,314
1547,04,1997,533
1547,04,2001,472
1547,04,2005,286
1547,04,2009,173
1547,04,2013,188
1547,04,2017,106
1547,04,2021,133
1547,04,2025,264
1547,08,1989,1
1547,08,2013,12
1547,08,2017,28
1547,08,2021,39
1547,08,2025,53
1547,55,2009,4
1547,55,2013,4
1547,55,2017,16
1547,55,2021,31
1547,55,2025,57
1547,05,1989,147
1547,05,1993,449
1547,05,1997,190
1547,05,2001,95
1547,05,2005,113
1547,05,2009,114
1547,05,2013,128
1547,05,2017,211
1547,05,2021,333
1547,05,2025,236
1547,06,1989,144
1547,06,1993,119
1547,06,1997,76
1547,06,2001,155
1547,06,2005,124
1547,06,2009,88
1547,06,2013,52
1547,06,2017,76
1547,06,2021,94
1547,06,2025,51
1547,07,1989,118
1547,07,1993,85
1547,07,1997,170
1547,07,2001,126
1547,07,2005,198
1547,07,2009,76
1547,07,2013,103
1547,07,2017,71
1547,07,2021,58
1547,07,2025,55
1547,130,2017,4
1547,122,2017,1
1547,122,2021,32
1547,122,2025,25
1547,13,1993,11
1547,13,1997,1
1547,17,1993,1
1547,158,2025,7
1547,15,1989,3
1547,154,2025,18
1547,152,2021,7
1547,152,2025,16
1547,19,1993,4
1547,48,2001,13
1547,48,2005,7
1547,48,2009,15
1547,44,2001,33
1547,44,2005,13
1547,44,2009,3
1547,44,2013,1
1547,44,2017,2
1547,123,2013,22
1547,123,2017,7
1547,123,2021,9
1547,123,2025,16
1547,12,1993,1
1547,133,2017,1
1547,134,2017,2
1547,159,2025,9
1547,153,2021,3
1547,153,2025,1
1547,10,1989,4
1547,10,1993,15
1547,10,1997,19
1547,10,2001,21
1547,10,2017,10
1547,10,2021,9
1547,10,2025,15
1547,124,2013,8
1547,46,2001,8
1547,11,1993,1
1547,11,1997,11
1547,11,2001,2
1547,11,2005,2
1547,22,1993,4
1547,14,1989,9
1547,27,1997,6
1547,27,2001,1
1547,132,2021,2
1554,01,1989,1123
1554,01,1993,1054
1554,01,1997,906
1554,01,2001,630
1554,01,2005,999
1554,01,2009,1019
1554,01,2013,927
1554,01,2017,841
1554,01,2021,703
1554,01,2025,860
1554,02,1989,331
1554,02,1993,145
1554,02,1997,369
1554,02,2001,433
1554,02,2005,732
1554,02,2009,825
1554,02,2013,677
1554,02,2017,706
1554,02,2021,755
1554,02,2025,1289
1554,03,1989,468
1554,03,1993,245
1554,03,1997,153
1554,03,2001,307
1554,03,2005,214
1554,03,2009,298
1554,03,2013,618
1554,03,2017,379
1554,03,2021,239
1554,03,2025,238
1554,04,1989,463
1554,04,1993,339
1554,04,1997,508
1554,04,2001,427
1554,04,2005,218
1554,04,2009,206
1554,04,2013,222
1554,04,2017,170
1554,04,2021,117
1554,04,2025,147
1554,08,1989,3
1554,08,2005,1
1554,08,2009,2
1554,08,2013,22
1554,08,2017,57
1554,08,2021,54
1554,08,2025,68
1554,55,2009,10
1554,55,2013,11
1554,55,2017,40
1554,55,2021,112
1554,55,2025,103
1554,05,1989,411
1554,05,1993,830
1554,05,1997,321
1554,05,2001,175
1554,05,2005,308
1554,05,2009,276
1554,05,2013,274
1554,05,2017,541
1554,05,2021,783
1554,05,2025,270
1554,06,1989,225
1554,06,1993,162
1554,06,1997,76
1554,06,2001,196
1554,06,2005,142
1554,06,2009,87
1554,06,2013,63
1554,06,2017,90
1554,06,2021,146
1554,06,2025,122
1554,07,1989,189
1554,07,1993,204
1554,07,1997,891
1554,07,2001,685
1554,07,2005,444
1554,07,2009,260
1554,07,2013,254
1554,07,2017,182
1554,07,2021,107
1554,07,2025,118
1554,130,2017,2
1554,150,2021,1
1554,122,2005,1
1554,122,2017,3
1554,122,2021,67
1554,122,2025,33
1554,13,1993,11
1554,13,1997,5
1554,13,2001,3
1554,151,2021,3
1554,158,2025,9
1554,15,1989,10
1554,154,2025,19
1554,152,2021,32
1554,152,2025,55
1554,19,1993,6
1554,48,2001,4
1554,48,2005,5
1554,48,2009,3
1554,44,2001,67
1554,44,2005,33
1554,44,2009,5
1554,44,2013,6
1554,44,2017,4
1554,123,2013,16
1554,123,2017,8
1554,123,2021,13
1554,123,2025,15
1554,12,1993,1
1554,133,2017,7
1554,133,2021,3
1554,20,1993,1
1554,20,1997,2
1554,134,2017,96
1554,159,2025,15
1554,153,2021,9
1554,153,2025,4
1554,10,1989,10
1554,10,1993,22
1554,10,1997,15
1554,10,2001,26
1554,10,2017,23
1554,10,2021,13
1554,10,2025,19
1554,124,2013,10
1554,46,2001,20
1554,11,1993,15
1554,11,1997,14
1554,11,2001,7
1554,11,2005,10
1554,22,1993,3
1554,14,1989,12
1554,27,1997,2
1554,27,2001,5
1554,132,2021,8
1554,132,2025,2
1554,92,2009,3
1557,01,1989,483
1557,01,1993,378
1557,01,1997,388
1557,01,2001,282
1557,01,2005,381
1557,01,2009,437
1557,01,2013,397
1557,01,2017,293
1557,01,2021,296
1557,01,2025,383
1557,02,1989,173
1557,02,1993,52
1557,02,1997,145
1557,02,2001,184
1557,02,2005,348
1557,02,2009,323
1557,02,2013,227
1557,02,2017,238
1557,02,2021,244
1557,02,2025,415
1557,03,1989,181
1557,03,1993,116
1557,03,1997,73
1557,03,2001,136
1557,03,2005,90
1557,03,2009,135
1557,03,2013,230
1557,03,2017,248
1557,03,2021,144
1557,03,2025,114
1557,04,1989,301
1557,04,1993,232
1557,04,1997,480
1557,04,2001,398
1557,04,2005,233
1557,04,2009,169
1557,04,2013,143
1557,04,2017,110
1557,04,2021,62
1557,04,2025,82
1557,08,1989,2
1557,08,2005,1
1557,08,2009,3
1557,08,2013,24
1557,08,2017,27
1557,08,2021,18
1557,08,2025,29
1557,55,2009,3
1557,55,2013,3
1557,55,2017,14
1557,55,2021,44
1557,55,2025,59
1557,05,1989,438
1557,05,1993,714
1557,05,1997,395
1557,05,2001,259
1557,05,2005,327
1557,05,2009,331
1557,05,2013,307
1557,05,2017,426
1557,05,2021,542
1557,05,2025,322
1557,06,1989,99
1557,06,1993,82
1557,06,1997,54
1557,06,2001,116
1557,06,2005,84
1557,06,2009,49
1557,06,2013,34
1557,06,2017,55
1557,06,2021,94
1557,06,2025,72
1557,07,1989,66
1557,07,1993,42
1557,07,1997,119
1557,07,2001,135
1557,07,2005,128
1557,07,2009,60
1557,07,2013,66
1557,07,2017,33
1557,07,2021,29
1557,07,2025,29
1557,130,2017,2
1557,150,2021,3
1557,122,2005,1
1557,122,2013,2
1557,122,2021,15
1557,122,2025,8
1557,13,1993,3
1557,13,1997,1
1557,17,1993,1
1557,158,2025,2
1557,15,1989,8
1557,154,2025,13
1557,152,2021,6
1557,152,2025,6
1557,48,2001,5
1557,48,2005,8
1557,48,2009,9
1557,44,2001,28
1557,44,2005,9
1557,44,2009,3
1557,44,2017,1
1557,123,2013,10
1557,123,2017,6
1557,123,2021,7
1557,123,2025,8
1557,12,1993,1
1557,20,1997,1
1557,134,2017,24
1557,09,1997,3
1557,159,2025,7
1557,153,2021,2
1557,153,2025,1
1557,10,1989,2
1557,10,1993,4
1557,10,1997,5
1557,10,2001,3
1557,10,2017,10
1557,10,2021,12
1557,10,2025,11
1557,124,2013,3
1557,46,2001,10
1557,11,1993,3
1557,11,1997,12
1557,11,2001,4
1557,11,2005,4
1557,22,1993,2
1557,14,1989,4
1557,27,1997,5
1557,27,2001,2
1557,132,2021,4
1557,92,2009,1
1560,01,1989,825
1560,01,1993,723
1560,01,1997,663
1560,01,2001,493
1560,01,2005,604
1560,01,2009,658
1560,01,2013,571
1560,01,2017,501
1560,01,2021,396
1560,01,2025,510
1560,02,1989,178
1560,02,1993,66
1560,02,1997,170
1560,02,2001,208
1560,02,2005,353
1560,02,2009,331
1560,02,2013,258
1560,02,2017,277
1560,02,2021,323
1560,02,2025,482
1560,03,1989,274
1560,03,1993,138
1560,03,1997,145
1560,03,2001,184
1560,03,2005,107
1560,03,2009,173
1560,03,2013,258
1560,03,2017,190
1560,03,2021,103
1560,03,2025,106
1560,04,1989,288
1560,04,1993,224
1560,04,1997,365
1560,04,2001,313
1560,04,2005,144
1560,04,2009,100
1560,04,2013,120
1560,04,2017,82
1560,04,2021,56
1560,04,2025,59
1560,08,1989,6
1560,08,1997,4
1560,08,2009,9
1560,08,2013,37
1560,08,2017,53
1560,08,2021,53
1560,08,2025,66
1560,55,2009,4
1560,55,2013,8
1560,55,2017,11
1560,55,2021,65
1560,55,2025,80
1560,05,1989,341
1560,05,1993,616
1560,05,1997,355
1560,05,2001,259
1560,05,2005,317
1560,05,2009,348
1560,05,2013,332
1560,05,2017,524
1560,05,2021,617
1560,05,2025,323
1560,06,1989,155
1560,06,1993,122
1560,06,1997,85
1560,06,2001,137
1560,06,2005,106
1560,06,2009,81
1560,06,2013,49
1560,06,2017,56
1560,06,2021,89
1560,06,2025,70
1560,07,1989,94
1560,07,1993,84
1560,07,1997,142
1560,07,2001,128
1560,07,2005,134
1560,07,2009,69
1560,07,2013,107
1560,07,2017,54
1560,07,2021,37
1560,07,2025,33
1560,130,2017,2
1560,150,2021,4
1560,122,2021,27
1560,122,2025,25
1560,13,1993,4
1560,13,1997,2
1560,13,2001,3
1560,151,2021,2
1560,17,1993,1
1560,158,2025,4
1560,15,1989,1
1560,154,2025,15
1560,152,2021,20
1560,152,2025,24
1560,19,1993,2
1560,48,2005,2
1560,48,2009,5
1560,44,2001,22
1560,44,2005,10
1560,44,2009,4
1560,44,2013,1
1560,44,2017,1
1560,123,2013,15
1560,123,2017,4
1560,123,2021,1
1560,123,2025,4
1560,12,1989,1
1560,12,1993,1
1560,133,2017,2
1560,133,2021,3
1560,20,1993,4
1560,20,1997,1
1560,134,2017,37
1560,159,2025,7
1560,153,2021,5
1560,153,2025,2
1560,10,1989,8
1560,10,1993,8
1560,10,1997,7
1560,10,2001,6
1560,10,2017,3
1560,10,2021,5
1560,10,2025,8
1560,124,2013,7
1560,46,2001,15
1560,11,1993,5
1560,11,1997,16
1560,11,2001,12
1560,11,2005,6
1560,22,1993,3
1560,14,1989,6
1560,27,1997,3
1560,132,2021,4
1560,132,2025,3
1563,01,1989,2269
1563,01,1993,2344
1563,01,1997,2425
1563,01,2001,1785
1563,01,2005,2060
1563,01,2009,2466
1563,01,2013,2215
1563,01,2017,1951
1563,01,2021,1630
1563,01,2025,1764
1563,02,1989,428
1563,02,1993,147
1563,02,1997,435
1563,02,2001,452
1563,02,2005,769
1563,02,2009,637
1563,02,2013,534
1563,02,2017,535
1563,02,2021,481
1563,02,2025,852
1563,03,1989,571
1563,03,1993,383
1563,03,1997,423
1563,03,2001,472
1563,03,2005,294
1563,03,2009,327
1563,03,2013,610
1563,03,2017,453
1563,03,2021,351
1563,03,2025,324
1563,04,1989,315
1563,04,1993,253
1563,04,1997,557
1563,04,2001,467
1563,04,2005,219
1563,04,2009,119
1563,04,2013,154
1563,04,2017,111
1563,04,2021,76
1563,04,2025,120
1563,08,1989,12
1563,08,1997,6
1563,08,2005,3
1563,08,2009,2
1563,08,2013,31
1563,08,2017,76
1563,08,2021,86
1563,08,2025,92
1563,55,2009,17
1563,55,2013,23
1563,55,2017,53
1563,55,2021,126
1563,55,2025,156
1563,05,1989,477
1563,05,1993,794
1563,05,1997,401
1563,05,2001,296
1563,05,2005,369
1563,05,2009,417
1563,05,2013,352
1563,05,2017,646
1563,05,2021,890
1563,05,2025,374
1563,06,1989,581
1563,06,1993,321
1563,06,1997,228
1563,06,2001,463
1563,06,2005,348
1563,06,2009,196
1563,06,2013,135
1563,06,2017,247
1563,06,2021,300
1563,06,2025,226
1563,07,1989,154
1563,07,1993,148
1563,07,1997,161
1563,07,2001,157
1563,07,2005,233
1563,07,2009,113
1563,07,2013,164
1563,07,2017,111
1563,07,2021,116
1563,07,2025,112
1563,130,2017,5
1563,150,2021,14
1563,122,2005,2
1563,122,2017,3
1563,122,2021,31
1563,122,2025,19
1563,13,1993,11
1563,13,1997,6
1563,13,2001,3
1563,151,2021,1
1563,17,1993,4
1563,158,2025,11
1563,15,1989,15
1563,154,2025,10
1563,152,2021,54
1563,152,2025,21
1563,19,1993,7
1563,48,2001,6
1563,48,2005,9
1563,48,2009,11
1563,44,2001,38
1563,44,2005,15
1563,44,2009,2
1563,44,2013,2
1563,44,2017,2
1563,123,2013,9
1563,123,2021,4
1563,123,2025,5
1563,12,1989,2
1563,133,2017,1
1563,133,2021,3
1563,20,1993,12
1563,20,1997,7
1563,134,2017,12
1563,09,1997,2
1563,49,2001,7
1563,159,2025,9
1563,153,2021,9
1563,153,2025,2
1563,10,1989,27
1563,10,1993,29
1563,10,1997,26
1563,10,2001,46
1563,10,2017,14
1563,10,2021,15
1563,10,2025,16
1563,124,2013,16
1563,46,2001,25
1563,11,1993,14
1563,11,1997,32
1563,11,2001,14
1563,11,2005,24
1563,22,1993,2
1563,14,1989,24
1563,27,1997,2
1563,132,2021,4
1563,132,2025,3
1566,01,1989,1607
1566,01,1993,1464
1566,01,1997,1446
1566,01,2001,1029
1566,01,2005,1332
1566,01,2009,1361
1566,01,2013,1260
1566,01,2017,1175
1566,01,2021,976
1566,01,2025,1128
1566,02,1989,341
1566,02,1993,96
1566,02,1997,281
1566,02,2001,288
1566,02,2005,542
1566,02,2009,475
1566,02,2013,353
1566,02,2017,417
1566,02,2021,353
1566,02,2025,748
1566,03,1989,387
1566,03,1993,256
1566,03,1997,284
1566,03,2001,398
1566,03,2005,253
1566,03,2009,205
1566,03,2013,456
1566,03,2017,407
1566,03,2021,258
1566,03,2025,279
1566,04,1989,423
1566,04,1993,291
1566,04,1997,583
1566,04,2001,410
1566,04,2005,222
1566,04,2009,134
1566,04,2013,127
1566,04,2017,101
1566,04,2021,71
1566,04,2025,105
1566,08,1989,2
1566,08,1997,4
1566,08,2005,8
1566,08,2009,3
1566,08,2013,42
1566,08,2017,68
1566,08,2021,64
1566,08,2025,90
1566,55,2009,4
1566,55,2013,13
1566,55,2017,20
1566,55,2021,84
1566,55,2025,145
1566,05,1989,741
1566,05,1993,1189
1566,05,1997,697
1566,05,2001,671
1566,05,2005,697
1566,05,2009,905
1566,05,2013,939
1566,05,2017,1050
1566,05,2021,1343
1566,05,2025,620
1566,06,1989,299
1566,06,1993,237
1566,06,1997,123
1566,06,2001,270
1566,06,2005,185
1566,06,2009,94
1566,06,2013,54
1566,06,2017,74
1566,06,2021,153
1566,06,2025,95
1566,07,1989,102
1566,07,1993,80
1566,07,1997,156
1566,07,2001,114
1566,07,2005,139
1566,07,2009,51
1566,07,2013,56
1566,07,2017,46
1566,07,2021,40
1566,07,2025,40
1566,130,2017,5
1566,122,2005,3
1566,122,2013,1
1566,122,2017,1
1566,122,2021,22
1566,122,2025,13
1566,13,1993,10
1566,13,1997,5
1566,13,2001,3
1566,151,2021,1
1566,17,1993,1
1566,158,2025,8
1566,15,1989,3
1566,154,2025,24
1566,152,2021,12
1566,152,2025,25
1566,19,1993,2
1566,48,2001,10
1566,48,2005,6
1566,48,2009,7
1566,44,2001,25
1566,44,2005,9
1566,44,2009,2
1566,44,2013,5
1566,44,2017,3
1566,123,2013,13
1566,123,2017,3
1566,123,2021,5
1566,123,2025,11
1566,12,1989,2
1566,12,1993,2
1566,133,2017,1
1566,133,2021,3
1566,20,1993,1
1566,20,1997,4
1566,134,2017,9
1566,09,1997,1
1566,49,2001,4
1566,159,2025,7
1566,153,2021,8
1566,153,2025,3
1566,10,1989,5
1566,10,1993,3
1566,10,1997,33
1566,10,2001,23
1566,10,2017,7
1566,10,2021,13
1566,10,2025,24
1566,124,2013,9
1566,46,2001,21
1566,11,1993,7
1566,11,1997,10
1566,11,2001,8
1566,11,2005,8
1566,22,1993,9
1566,14,1989,10
1566,27,1997,2
1566,27,2001,1
1566,132,2021,1
1566,132,2025,1
1566,92,2005,4
1566,92,2009,1
1573,01,1989,623
1573,01,1993,485
1573,01,1997,493
1573,01,2001,314
1573,01,2005,392
1573,01,2009,442
1573,01,2013,440
1573,01,2017,350
1573,01,2021,252
1573,01,2025,342
1573,02,1989,130
1573,02,1993,25
1573,02,1997,126
1573,02,2001,134
1573,02,2005,254
1573,02,2009,261
1573,02,2013,180
1573,02,2017,171
1573,02,2021,184
1573,02,2025,365
1573,03,1989,218
1573,03,1993,144
1573,03,1997,100
1573,03,2001,155
1573,03,2005,99
1573,03,2009,143
1573,03,2013,248
1573,03,2017,211
1573,03,2021,95
1573,03,2025,76
1573,04,1989,164
1573,04,1993,119
1573,04,1997,272
1573,04,2001,241
1573,04,2005,95
1573,04,2009,67
1573,04,2013,49
1573,04,2017,30
1573,04,2021,27
1573,04,2025,33
1573,08,1997,1
1573,08,2009,2
1573,08,2013,7
1573,08,2017,16
1573,08,2021,11
1573,08,2025,17
1573,55,2009,1
1573,55,2013,1
1573,55,2017,13
1573,55,2021,46
1573,55,2025,53
1573,05,1989,277
1573,05,1993,476
1573,05,1997,240
1573,05,2001,107
1573,05,2005,141
1573,05,2009,167
1573,05,2013,147
1573,05,2017,287
1573,05,2021,485
1573,05,2025,228
1573,06,1989,145
1573,06,1993,114
1573,06,1997,57
1573,06,2001,129
1573,06,2005,115
1573,06,2009,61
1573,06,2013,24
1573,06,2017,45
1573,06,2021,70
1573,06,2025,39
1573,07,1989,57
1573,07,1993,105
1573,07,1997,213
1573,07,2001,142
1573,07,2005,175
1573,07,2009,106
1573,07,2013,111
1573,07,2017,47
1573,07,2021,18
1573,07,2025,23
1573,150,2021,1
1573,122,2021,13
1573,122,2025,15
1573,13,1993,1
1573,13,1997,1
1573,158,2025,1
1573,154,2025,10
1573,152,2021,8
1573,152,2025,8
1573,48,2001,8
1573,48,2005,3
1573,48,2009,1
1573,44,2001,113
1573,44,2005,34
1573,44,2009,2
1573,44,2013,2
1573,123,2013,27
1573,123,2017,10
1573,123,2021,11
1573,123,2025,11
1573,133,2017,1
1573,133,2021,1
1573,20,1997,1
1573,134,2017,65
1573,49,2001,2
1573,159,2025,8
1573,153,2021,2
1573,153,2025,4
1573,10,1989,9
1573,10,1993,3
1573,10,1997,2
1573,10,2001,5
1573,10,2017,2
1573,10,2021,9
1573,10,2025,9
1573,124,2013,3
1573,46,2001,7
1573,11,1993,1
1573,11,1997,3
1573,11,2001,4
1573,11,2005,2
1573,22,1993,4
1573,14,1989,1
1573,27,2001,1
1573,132,2021,1
1573,132,2025,3
1576,01,2009,678
1576,01,2013,612
1576,01,2017,470
1576,01,2021,428
1576,01,2025,528
1576,02,2009,407
1576,02,2013,290
1576,02,2017,308
1576,02,2021,338
1576,02,2025,528
1576,03,2009,218
1576,03,2013,380
1576,03,2017,290
1576,03,2021,183
1576,03,2025,167
1576,04,2009,109
1576,04,2013,116
1576,04,2017,78
1576,04,2021,58
1576,04,2025,97
1576,08,2009,8
1576,08,2013,42
1576,08,2017,43
1576,08,2021,25
1576,08,2025,53
1576,55,2009,12
1576,55,2013,9
1576,55,2017,29
1576,55,2021,120
1576,55,2025,99
1576,05,2009,333
1576,05,2013,348
1576,05,2017,547
1576,05,2021,757
1576,05,2025,300
1576,06,2009,68
1576,06,2013,28
1576,06,2017,44
1576,06,2021,85
1576,06,2025,53
1576,07,2009,97
1576,07,2013,130
1576,07,2017,76
1576,07,2021,34
1576,07,2025,39
1576,130,2017,4
1576,150,2021,1
1576,122,2013,3
1576,122,2017,6
1576,122,2021,32
1576,122,2025,12
1576,151,2021,1
1576,158,2025,5
1576,154,2025,16
1576,152,2021,26
1576,152,2025,32
1576,48,2009,1
1576,44,2009,1
1576,44,2013,2
1576,44,2017,2
1576,123,2013,8
1576,123,2017,5
1576,123,2021,9
1576,123,2025,14
1576,133,2021,2
1576,134,2017,90
1576,159,2025,14
1576,153,2021,2
1576,153,2025,1
1576,10,2017,8
1576,10,2021,7
1576,10,2025,12
1576,124,2013,5
1576,132,2021,4
1576,132,2025,1
1576,92,2009,2
1577,01,2021,1240
1577,01,2025,1509
1577,02,2021,944
1577,02,2025,1613
1577,03,2021,723
1577,03,2025,582
1577,04,2021,438
1577,04,2025,562
1577,08,2021,238
1577,08,2025,386
1577,55,2021,245
1577,55,2025,336
1577,05,2021,1485
1577,05,2025,755
1577,06,2021,679
1577,06,2025,482
1577,07,2021,244
1577,07,2025,182
1577,150,2021,9
1577,122,2021,56
1577,122,2025,45
1577,151,2021,4
1577,158,2025,28
1577,154,2025,43
1577,152,2021,51
1577,152,2025,49
1577,123,2021,64
1577,123,2025,56
1577,133,2021,3
1577,159,2025,12
1577,153,2021,30
1577,153,2025,7
1577,10,2021,11
1577,10,2025,36
1577,132,2021,7
1577,132,2025,11
1578,01,2021,230
1578,01,2025,247
1578,02,2021,281
1578,02,2025,431
1578,03,2021,194
1578,03,2025,173
1578,04,2021,48
1578,04,2025,60
1578,08,2021,20
1578,08,2025,35
1578,55,2021,37
1578,55,2025,50
1578,05,2021,446
1578,05,2025,329
1578,06,2021,113
1578,06,2025,58
1578,07,2021,16
1578,07,2025,13
1578,122,2021,12
1578,122,2025,9
1578,158,2025,1
1578,154,2025,7
1578,152,2021,6
1578,152,2025,6
1578,123,2021,9
1578,123,2025,8
1578,133,2021,2
1578,159,2025,3
1578,153,2021,1
1578,153,2025,1
1578,10,2021,5
1578,10,2025,15
1578,132,2021,4
1578,132,2025,1
1579,01,2021,1322
1579,01,2025,1516
1579,02,2021,1883
1579,02,2025,3068
1579,03,2021,1298
1579,03,2025,834
1579,04,2021,369
1579,04,2025,455
1579,08,2021,101
1579,08,2025,152
1579,55,2021,164
1579,55,2025,243
1579,05,2021,1437
1579,05,2025,844
1579,06,2021,283
1579,06,2025,208
1579,07,2021,155
1579,07,2025,158
1579,150,2021,6
1579,122,2021,116
1579,122,2025,83
1579,151,2021,3
1579,158,2025,17
1579,154,2025,83
1579,152,2021,84
1579,152,2025,59
1579,123,2021,47
1579,123,2025,65
1579,133,2021,11
1579,159,2025,29
1579,153,2021,15
1579,153,2025,8
1579,10,2021,34
1579,10,2025,47
1579,132,2021,17
1579,132,2025,19
1580,01,2025,1086
1580,02,2025,1902
1580,03,2025,538
1580,04,2025,434
1580,08,2025,92
1580,55,2025,182
1580,05,2025,641
1580,06,2025,138
1580,07,2025,105
1580,122,2025,37
1580,158,2025,17
1580,154,2025,31
1580,152,2025,58
1580,123,2025,39
1580,159,2025,11
1580,153,2025,8
1580,10,2025,36
1580,132,2025,7
5001,01,2021,36350
5001,01,2025,42365
5001,02,2021,8875
5001,02,2025,22730
5001,03,2021,21963
5001,03,2025,18439
5001,04,2021,2221
5001,04,2025,2792
5001,08,2021,7839
5001,08,2025,9933
5001,55,2021,8256
5001,55,2025,9108
5001,05,2021,9202
5001,05,2025,3684
5001,06,2021,13801
5001,06,2025,11314
5001,07,2021,6876
5001,07,2025,6051
5001,150,2021,124
5001,122,2021,863
5001,122,2025,774
5001,158,2025,333
5001,154,2025,676
5001,152,2021,268
5001,152,2025,491
5001,123,2021,158
5001,123,2025,244
5001,133,2021,163
5001,09,2021,45
5001,159,2025,159
5001,153,2021,308
5001,153,2025,156
5001,10,2021,2186
5001,10,2025,1773
5001,124,2021,159
5001,132,2021,216
5001,132,2025,245
5006,01,2021,4892
5006,01,2025,5255
5006,02,2021,930
5006,02,2025,2477
5006,03,2021,1267
5006,03,2025,996
5006,04,2021,149
5006,04,2025,195
5006,08,2021,258
5006,08,2025,298
5006,55,2021,652
5006,55,2025,978
5006,05,2021,4147
5006,05,2025,2493
5006,06,2021,754
5006,06,2025,556
5006,07,2021,308
5006,07,2025,278
5006,150,2021,21
5006,122,2021,147
5006,122,2025,112
5006,151,2021,3
5006,158,2025,27
5006,154,2025,60
5006,152,2021,56
5006,152,2025,163
5006,123,2021,11
5006,123,2025,24
5006,133,2021,10
5006,159,2025,35
5006,153,2021,7
5006,153,2025,6
5006,10,2021,137
5006,10,2025,159
5006,124,2021,16
5006,132,2021,27
5006,132,2025,25
5007,01,2021,2923
5007,01,2025,3277
5007,02,2021,669
5007,02,2025,1871
5007,03,2021,934
5007,03,2025,912
5007,04,2021,229
5007,04,2025,289
5007,08,2021,148
5007,08,2025,225
5007,55,2021,337
5007,55,2025,431
5007,05,2021,2301
5007,05,2025,970
5007,06,2021,520
5007,06,2025,398
5007,07,2021,159
5007,07,2025,151
5007,150,2021,5
5007,122,2021,74
5007,122,2025,49
5007,151,2021,4
5007,158,2025,11
5007,154,2025,51
5007,152,2021,64
5007,152,2025,70
5007,123,2021,25
5007,123,2025,45
5007,133,2021,12
5007,159,2025,35
5007,153,2021,16
5007,153,2025,8
5007,10,2021,49
5007,10,2025,79
5007,124,2021,5
5007,132,2021,25
5007,132,2025,8
5014,01,2021,636
5014,01,2025,677
5014,02,2021,391
5014,02,2025,868
5014,03,2021,448
5014,03,2025,375
5014,04,2021,36
5014,04,2025,45
5014,08,2021,35
5014,08,2025,34
5014,55,2021,152
5014,55,2025,133
5014,05,2021,341
5014,05,2025,94
5014,06,2021,94
5014,06,2025,70
5014,07,2021,39
5014,07,2025,61
5014,122,2021,31
5014,122,2025,7
5014,158,2025,7
5014,154,2025,21
5014,152,2021,16
5014,152,2025,26
5014,123,2021,1
5014,123,2025,3
5014,133,2021,2
5014,159,2025,8
5014,153,2021,5
5014,153,2025,2
5014,10,2021,55
5014,10,2025,45
5014,124,2021,4
5014,132,2021,2
5014,132,2025,3
5020,01,2021,168
5020,01,2025,161
5020,02,2021,57
5020,02,2025,128
5020,03,2021,40
5020,03,2025,34
5020,04,2021,6
5020,04,2025,14
5020,08,2021,4
5020,08,2025,11
5020,55,2021,15
5020,55,2025,35
5020,05,2021,187
5020,05,2025,111
5020,06,2021,23
5020,06,2025,18
5020,07,2021,12
5020,07,2025,9
5020,122,2021,4
5020,122,2025,9
5020,154,2025,1
5020,152,2021,5
5020,152,2025,5
5020,123,2025,1
5020,133,2021,1
5020,159,2025,2
5020,153,2021,2
5020,153,2025,1
5020,10,2021,8
5020,10,2025,3
5020,124,2021,2
5020,132,2021,1
5020,132,2025,1
5021,01,2021,1114
5021,01,2025,1274
5021,02,2021,363
5021,02,2025,972
5021,03,2021,557
5021,03,2025,434
5021,04,2021,168
5021,04,2025,200
5021,08,2021,133
5021,08,2025,183
5021,55,2021,100
5021,55,2025,120
5021,05,2021,1197
5021,05,2025,656
5021,06,2021,228
5021,06,2025,155
5021,07,2021,139
5021,07,2025,129
5021,150,2021,7
5021,122,2021,45
5021,122,2025,34
5021,158,2025,3
5021,154,2025,29
5021,152,2021,11
5021,152,2025,22
5021,123,2021,16
5021,123,2025,10
5021,133,2021,2
5021,159,2025,12
5021,153,2021,6
5021,153,2025,3
5021,10,2021,22
5021,10,2025,42
5021,124,2021,4
5021,132,2021,4
5021,132,2025,5
5022,01,2021,361
5022,01,2025,425
5022,02,2021,86
5022,02,2025,244
5022,03,2021,120
5022,03,2025,95
5022,04,2021,130
5022,04,2025,130
5022,08,2021,31
5022,08,2025,48
5022,55,2021,40
5022,55,2025,67
5022,05,2021,610
5022,05,2025,348
5022,06,2021,58
5022,06,2025,49
5022,07,2021,21
5022,07,2025,23
5022,150,2021,1
5022,122,2021,21
5022,122,2025,13
5022,158,2025,4
5022,154,2025,10
5022,152,2021,5
5022,152,2025,8
5022,123,2021,1
5022,123,2025,2
5022,133,2021,4
5022,159,2025,1
5022,153,2021,3
5022,153,2025,1
5022,10,2021,6
5022,10,2025,14
5022,124,2021,1
5022,132,2021,1
5022,132,2025,1
5025,01,2021,1218
5025,01,2025,1470
5025,02,2021,165
5025,02,2025,434
5025,03,2021,414
5025,03,2025,307
5025,04,2021,26
5025,04,2025,32
5025,08,2021,76
5025,08,2025,116
5025,55,2021,183
5025,55,2025,246
5025,05,2021,888
5025,05,2025,376
5025,06,2021,384
5025,06,2025,293
5025,07,2021,77
5025,07,2025,82
5025,150,2021,5
5025,122,2021,26
5025,122,2025,16
5025,158,2025,5
5025,154,2025,28
5025,152,2021,16
5025,152,2025,31
5025,123,2021,1
5025,123,2025,3
5025,133,2021,5
5025,09,2021,1
5025,159,2025,5
5025,153,2021,2
5025,153,2025,2
5025,10,2021,28
5025,10,2025,36
5025,124,2021,1
5025,132,2021,5
5025,132,2025,5
5026,01,2021,411
5026,01,2025,524
5026,02,2021,76
5026,02,2025,221
5026,03,2021,66
5026,03,2025,46
5026,04,2021,2
5026,04,2025,13
5026,08,2021,7
5026,08,2025,14
5026,55,2021,36
5026,55,2025,67
5026,05,2021,629
5026,05,2025,292
5026,06,2021,49
5026,06,2025,31
5026,07,2021,7
5026,07,2025,4
5026,150,2021,1
5026,122,2021,25
5026,122,2025,27
5026,158,2025,2
5026,154,2025,7
5026,152,2021,6
5026,152,2025,28
5026,159,2025,11
5026,153,2021,4
5026,153,2025,2
5026,10,2021,13
5026,10,2025,25
5026,124,2021,1
5026,132,2021,1
5026,132,2025,1
5027,01,2021,928
5027,01,2025,1000
5027,02,2021,297
5027,02,2025,698
5027,03,2021,285
5027,03,2025,234
5027,04,2021,112
5027,04,2025,128
5027,08,2021,25
5027,08,2025,38
5027,55,2021,89
5027,55,2025,96
5027,05,2021,1399
5027,05,2025,930
5027,06,2021,128
5027,06,2025,77
5027,07,2021,47
5027,07,2025,46
5027,150,2021,3
5027,122,2021,44
5027,122,2025,55
5027,158,2025,5
5027,154,2025,11
5027,152,2021,6
5027,152,2025,26
5027,123,2021,17
5027,123,2025,29
5027,133,2021,1
5027,09,2021,1
5027,159,2025,3
5027,153,2021,6
5027,10,2021,47
5027,10,2025,47
5027,124,2021,3
5027,132,2021,10
5027,132,2025,4
5028,01,2021,2753
5028,01,2025,3000
5028,02,2021,1072
5028,02,2025,2655
5028,03,2021,1385
5028,03,2025,996
5028,04,2021,427
5028,04,2025,481
5028,08,2021,174
5028,08,2025,275
5028,55,2021,294
5028,55,2025,399
5028,05,2021,2438
5028,05,2025,1331
5028,06,2021,476
5028,06,2025,360
5028,07,2021,192
5028,07,2025,196
5028,150,2021,10
5028,122,2021,95
5028,122,2025,90
5028,158,2025,16
5028,154,2025,58
5028,152,2021,45
5028,152,2025,84
5028,123,2021,33
5028,123,2025,41
5028,133,2021,10
5028,09,2021,4
5028,159,2025,24
5028,153,2021,22
5028,153,2025,8
5028,10,2021,160
5028,10,2025,238
5028,124,2021,9
5028,132,2021,17
5028,132,2025,17
5029,01,2021,1304
5029,01,2025,1603
5029,02,2021,507
5029,02,2025,1185
5029,03,2021,711
5029,03,2025,514
5029,04,2021,173
5029,04,2025,232
5029,08,2021,93
5029,08,2025,137
5029,55,2021,171
5029,55,2025,200
5029,05,2021,1191
5029,05,2025,555
5029,06,2021,284
5029,06,2025,258
5029,07,2021,136
5029,07,2025,118
5029,150,2021,8
5029,122,2021,38
5029,122,2025,25
5029,158,2025,3
5029,154,2025,42
5029,152,2021,16
5029,152,2025,47
5029,123,2021,6
5029,123,2025,16
5029,133,2021,11
5029,09,2021,2
5029,159,2025,16
5029,153,2021,18
5029,153,2025,5
5029,10,2021,57
5029,10,2025,80
5029,124,2021,2
5029,132,2021,4
5029,132,2025,13
5031,01,2021,2751
5031,01,2025,3014
5031,02,2021,775
5031,02,2025,1890
5031,03,2021,1396
5031,03,2025,1118
5031,04,2021,158
5031,04,2025,199
5031,08,2021,324
5031,08,2025,456
5031,55,2021,408
5031,55,2025,443
5031,05,2021,975
5031,05,2025,433
5031,06,2021,650
5031,06,2025,481
5031,07,2021,301
5031,07,2025,288
5031,150,2021,9
5031,122,2021,62
5031,122,2025,65
5031,158,2025,10
5031,154,2025,39
5031,152,2021,49
5031,152,2025,59
5031,123,2021,7
5031,123,2025,18
5031,133,2021,8
5031,09,2021,1
5031,159,2025,20
5031,153,2021,15
5031,153,2025,11
5031,10,2021,144
5031,10,2025,138
5031,124,2021,5
5031,132,2021,19
5031,132,2025,11
5032,01,2021,763
5032,01,2025,849
5032,02,2021,179
5032,02,2025,553
5032,03,2021,299
5032,03,2025,257
5032,04,2021,28
5032,04,2025,30
5032,08,2021,31
5032,08,2025,38
5032,55,2021,87
5032,55,2025,82
5032,05,2021,795
5032,05,2025,450
5032,06,2021,105
5032,06,2025,125
5032,07,2021,31
5032,07,2025,31
5032,150,2021,2
5032,122,2021,21
5032,122,2025,30
5032,158,2025,6
5032,154,2025,11
5032,152,2021,10
5032,152,2025,14
5032,123,2025,1
5032,133,2021,2
5032,09,2021,1
5032,159,2025,6
5032,153,2021,1
5032,10,2021,30
5032,10,2025,17
5032,132,2021,3
5032,132,2025,5
5033,01,2021,116
5033,01,2025,144
5033,02,2021,41
5033,02,2025,103
5033,03,2021,30
5033,03,2025,21
5033,04,2025,3
5033,08,2021,7
5033,08,2025,7
5033,55,2021,15
5033,55,2025,24
5033,05,2021,281
5033,05,2025,166
5033,06,2021,14
5033,06,2025,15
5033,07,2021,7
5033,07,2025,7
5033,122,2021,5
5033,122,2025,2
5033,158,2025,1
5033,154,2025,2
5033,152,2025,4
5033,159,2025,2
5033,10,2021,8
5033,10,2025,5
5034,01,2021,449
5034,01,2025,507
5034,02,2021,109
5034,02,2025,240
5034,03,2021,105
5034,03,2025,78
5034,04,2021,10
5034,04,2025,9
5034,08,2021,16
5034,08,2025,21
5034,55,2021,94
5034,55,2025,95
5034,05,2021,397
5034,05,2025,234
5034,06,2021,82
5034,06,2025,66
5034,07,2021,31
5034,07,2025,22
5034,122,2021,18
5034,122,2025,14
5034,151,2021,1
5034,158,2025,5
5034,154,2025,11
5034,152,2021,3
5034,152,2025,9
5034,123,2021,2
5034,123,2025,1
5034,159,2025,5
5034,153,2021,2
5034,10,2021,18
5034,10,2025,19
5034,124,2021,1
5034,132,2021,4
5034,132,2025,4
5035,01,2021,4656
5035,01,2025,5337
5035,02,2021,1401
5035,02,2025,3331
5035,03,2021,2031
5035,03,2025,1687
5035,04,2021,349
5035,04,2025,400
5035,08,2021,364
5035,08,2025,434
5035,55,2021,584
5035,55,2025,569
5035,05,2021,2845
5035,05,2025,1385
5035,06,2021,828
5035,06,2025,666
5035,07,2021,368
5035,07,2025,335
5035,150,2021,17
5035,122,2021,126
5035,122,2025,94
5035,151,2021,4
5035,158,2025,32
5035,154,2025,81
5035,152,2021,78
5035,152,2025,89
5035,123,2021,30
5035,123,2025,46
5035,133,2021,12
5035,159,2025,45
5035,153,2021,33
5035,153,2025,13
5035,10,2021,139
5035,10,2025,188
5035,124,2021,11
5035,132,2021,28
5035,132,2025,22
5036,01,2021,451
5036,01,2025,497
5036,02,2021,126
5036,02,2025,280
5036,03,2021,262
5036,03,2025,207
5036,04,2021,55
5036,04,2025,54
5036,08,2021,26
5036,08,2025,34
5036,55,2021,39
5036,55,2025,61
5036,05,2021,445
5036,05,2025,269
5036,06,2021,56
5036,06,2025,35
5036,07,2021,43
5036,07,2025,55
5036,150,2021,1
5036,122,2021,10
5036,122,2025,13
5036,151,2021,1
5036,158,2025,9
5036,154,2025,7
5036,152,2021,2
5036,152,2025,10
5036,123,2021,1
5036,123,2025,9
5036,133,2021,5
5036,159,2025,3
5036,153,2021,3
5036,153,2025,2
5036,10,2021,18
5036,10,2025,25
5036,124,2021,2
5036,132,2021,5
5036,132,2025,2
5037,01,2021,4081
5037,01,2025,4582
5037,02,2021,756
5037,02,2025,2068
5037,03,2021,1213
5037,03,2025,1003
5037,04,2021,501
5037,04,2025,573
5037,08,2021,263
5037,08,2025,420
5037,55,2021,419
5037,55,2025,633
5037,05,2021,2857
5037,05,2025,1540
5037,06,2021,818
5037,06,2025,606
5037,07,2021,266
5037,07,2025,255
5037,150,2021,10
5037,122,2021,89
5037,122,2025,72
5037,151,2021,5
5037,158,2025,26
5037,154,2025,43
5037,152,2021,36
5037,152,2025,101
5037,123,2021,36
5037,123,2025,63
5037,133,2021,4
5037,159,2025,14
5037,153,2021,26
5037,153,2025,8
5037,10,2021,99
5037,10,2025,129
5037,124,2021,10
5037,132,2021,21
5037,132,2025,15
5038,01,2021,3170
5038,01,2025,3669
5038,02,2021,647
5038,02,2025,1802
5038,03,2021,806
5038,03,2025,799
5038,04,2021,96
5038,04,2025,116
5038,08,2021,113
5038,08,2025,143
5038,55,2021,303
5038,55,2025,448
5038,05,2021,2570
5038,05,2025,1131
5038,06,2021,405
5038,06,2025,297
5038,07,2021,108
5038,07,2025,104
5038,150,2021,6
5038,122,2021,71
5038,122,2025,61
5038,158,2025,19
5038,154,2025,43
5038,152,2021,54
5038,152,2025,99
5038,123,2021,11
5038,123,2025,21
5038,133,2021,9
5038,159,2025,16
5038,153,2021,16
5038,153,2025,7
5038,10,2021,82
5038,10,2025,105
5038,124,2021,4
5038,132,2021,9
5038,132,2025,8
5041,01,2021,333
5041,01,2025,382
5041,02,2021,40
5041,02,2025,130
5041,03,2021,71
5041,03,2025,62
5041,04,2021,3
5041,04,2025,12
5041,08,2021,18
5041,08,2025,11
5041,55,2021,69
5041,55,2025,96
5041,05,2021,657
5041,05,2025,440
5041,06,2021,76
5041,06,2025,71
5041,07,2021,10
5041,07,2025,14
5041,150,2021,4
5041,122,2021,17
5041,122,2025,5
5041,151,2021,1
5041,158,2025,7
5041,154,2025,10
5041,152,2021,3
5041,152,2025,23
5041,123,2021,1
5041,123,2025,2
5041,159,2025,3
5041,153,2021,2
5041,153,2025,1
5041,10,2021,4
5041,10,2025,11
5041,132,2021,2
5041,132,2025,2
5042,01,2021,243
5042,01,2025,315
5042,02,2021,41
5042,02,2025,100
5042,03,2021,38
5042,03,2025,32
5042,04,2021,14
5042,04,2025,13
5042,08,2021,4
5042,08,2025,4
5042,55,2021,8
5042,55,2025,15
5042,05,2021,379
5042,05,2025,215
5042,06,2021,9
5042,06,2025,7
5042,07,2021,11
5042,07,2025,17
5042,122,2021,1
5042,122,2025,1
5042,158,2025,1
5042,154,2025,1
5042,152,2021,1
5042,152,2025,6
5042,133,2021,2
5042,10,2021,6
5042,10,2025,3
5042,132,2021,2
5043,01,2021,81
5043,01,2025,89
5043,02,2021,16
5043,02,2025,43
5043,03,2021,15
5043,03,2025,6
5043,04,2021,12
5043,04,2025,11
5043,08,2021,2
5043,08,2025,6
5043,55,2021,5
5043,55,2025,13
5043,05,2021,128
5043,05,2025,61
5043,06,2021,13
5043,06,2025,24
5043,07,2021,3
5043,07,2025,3
5043,150,2021,1
5043,122,2021,6
5043,158,2025,1
5043,154,2025,1
5043,152,2025,1
5043,123,2021,4
5043,123,2025,2
5043,159,2025,1
5043,153,2025,2
5043,10,2021,1
5043,10,2025,1
5044,01,2021,170
5044,01,2025,182
5044,02,2021,40
5044,02,2025,79
5044,03,2021,25
5044,03,2025,24
5044,04,2021,4
5044,04,2025,7
5044,08,2021,6
5044,08,2025,7
5044,55,2021,26
5044,55,2025,35
5044,05,2021,183
5044,05,2025,81
5044,06,2021,19
5044,06,2025,22
5044,07,2021,5
5044,07,2025,4
5044,122,2021,12
5044,122,2025,4
5044,158,2025,1
5044,154,2025,1
5044,152,2021,1
5044,152,2025,4
5044,123,2021,1
5044,123,2025,1
5044,10,2021,2
5044,10,2025,4
5044,132,2021,2
5044,132,2025,1
5045,01,2021,398
5045,01,2025,497
5045,02,2021,64
5045,02,2025,201
5045,03,2021,91
5045,03,2025,73
5045,04,2021,11
5045,04,2025,13
5045,08,2021,20
5045,08,2025,22
5045,55,2021,55
5045,55,2025,71
5045,05,2021,616
5045,05,2025,348
5045,06,2021,96
5045,06,2025,66
5045,07,2021,12
5045,07,2025,6
5045,150,2021,4
5045,122,2021,13
5045,122,2025,13
5045,158,2025,2
5045,154,2025,28
5045,152,2021,3
5045,152,2025,3
5045,123,2021,1
5045,123,2025,2
5045,159,2025,2
5045,153,2021,4
5045,153,2025,3
5045,10,2021,11
5045,10,2025,7
5045,132,2021,1
5045,132,2025,1
5046,01,2021,241
5046,01,2025,310
5046,02,2021,25
5046,02,2025,75
5046,03,2021,22
5046,03,2025,26
5046,04,2021,2
5046,04,2025,6
5046,08,2021,9
5046,08,2025,7
5046,55,2021,4
5046,55,2025,21
5046,05,2021,426
5046,05,2025,253
5046,06,2021,18
5046,06,2025,16
5046,07,2021,5
5046,07,2025,14
5046,150,2021,2
5046,122,2021,3
5046,122,2025,2
5046,158,2025,1
5046,154,2025,4
5046,152,2021,1
5046,152,2025,11
5046,133,2021,1
5046,153,2021,1
5046,10,2021,2
5046,10,2025,2
5046,132,2021,1
5047,01,2021,543
5047,01,2025,686
5047,02,2021,135
5047,02,2025,426
5047,03,2021,142
5047,03,2025,178
5047,04,2021,11
5047,04,2025,24
5047,08,2021,24
5047,08,2025,37
5047,55,2021,56
5047,55,2025,77
5047,05,2021,1077
5047,05,2025,583
5047,06,2021,110
5047,06,2025,81
5047,07,2021,18
5047,07,2025,24
5047,150,2021,1
5047,122,2021,12
5047,122,2025,9
5047,151,2021,1
5047,158,2025,1
5047,154,2025,18
5047,152,2021,12
5047,152,2025,14
5047,123,2021,2
5047,123,2025,4
5047,159,2025,12
5047,153,2021,1
5047,153,2025,1
5047,10,2021,5
5047,10,2025,9
5047,124,2021,1
5047,132,2021,1
5049,01,2021,165
5049,01,2025,178
5049,02,2021,82
5049,02,2025,163
5049,03,2021,103
5049,03,2025,69
5049,04,2021,16
5049,04,2025,11
5049,08,2021,11
5049,08,2025,10
5049,55,2021,36
5049,55,2025,34
5049,05,2021,179
5049,05,2025,111
5049,06,2021,57
5049,06,2025,45
5049,07,2021,8
5049,07,2025,12
5049,122,2021,10
5049,122,2025,4
5049,158,2025,2
5049,154,2025,8
5049,152,2021,3
5049,152,2025,7
5049,123,2021,2
5049,123,2025,3
5049,159,2025,4
5049,10,2021,4
5049,10,2025,8
5049,132,2021,1
5052,01,2021,96
5052,01,2025,98
5052,02,2021,21
5052,02,2025,65
5052,03,2021,15
5052,03,2025,6
5052,04,2021,1
5052,04,2025,3
5052,08,2021,3
5052,08,2025,3
5052,55,2021,10
5052,55,2025,13
5052,05,2021,171
5052,05,2025,117
5052,06,2021,15
5052,06,2025,13
5052,07,2025,1
5052,150,2021,4
5052,122,2021,1
5052,122,2025,7
5052,158,2025,1
5052,154,2025,4
5052,152,2025,5
5052,123,2025,2
5052,159,2025,4
5052,153,2021,1
5052,10,2021,1
5052,10,2025,3
5052,132,2021,2
5052,132,2025,3
5053,01,2021,1376
5053,01,2025,1598
5053,02,2021,216
5053,02,2025,604
5053,03,2021,396
5053,03,2025,340
5053,04,2021,109
5053,04,2025,145
5053,08,2021,83
5053,08,2025,111
5053,55,2021,170
5053,55,2025,263
5053,05,2021,1332
5053,05,2025,831
5053,06,2021,320
5053,06,2025,204
5053,07,2021,60
5053,07,2025,66
5053,150,2021,2
5053,122,2021,40
5053,122,2025,32
5053,151,2021,1
5053,158,2025,9
5053,154,2025,26
5053,152,2021,16
5053,152,2025,31
5053,123,2021,29
5053,123,2025,13
5053,133,2021,2
5053,159,2025,11
5053,153,2021,12
5053,153,2025,6
5053,10,2021,36
5053,10,2025,30
5053,124,2021,1
5053,132,2021,5
5053,132,2025,10
5054,01,2021,1271
5054,01,2025,1515
5054,02,2021,711
5054,02,2025,1460
5054,03,2021,713
5054,03,2025,545
5054,04,2021,159
5054,04,2025,187
5054,08,2021,102
5054,08,2025,140
5054,55,2021,158
5054,55,2025,262
5054,05,2021,1771
5054,05,2025,907
5054,06,2021,281
5054,06,2025,225
5054,07,2021,79
5054,07,2025,66
5054,150,2021,6
5054,122,2021,73
5054,122,2025,70
5054,158,2025,23
5054,154,2025,35
5054,152,2021,33
5054,152,2025,89
5054,123,2021,12
5054,123,2025,15
5054,133,2021,3
5054,159,2025,14
5054,153,2021,9
5054,153,2025,4
5054,10,2021,248
5054,10,2025,145
5054,124,2021,4
5054,132,2021,7
5054,132,2025,6
5055,01,2021,1080
5055,01,2025,1215
5055,02,2021,344
5055,02,2025,808
5055,03,2021,396
5055,03,2025,354
5055,04,2021,71
5055,04,2025,84
5055,08,2021,48
5055,08,2025,57
5055,55,2021,112
5055,55,2025,143
5055,05,2021,1129
5055,05,2025,554
5055,06,2021,117
5055,06,2025,76
5055,07,2021,56
5055,07,2025,58
5055,150,2021,3
5055,122,2021,34
5055,122,2025,28
5055,158,2025,8
5055,154,2025,21
5055,152,2021,33
5055,152,2025,37
5055,123,2021,5
5055,123,2025,8
5055,133,2021,3
5055,159,2025,15
5055,153,2021,4
5055,153,2025,3
5055,10,2021,15
5055,10,2025,22
5055,132,2021,5
5055,132,2025,4
5056,01,2021,593
5056,01,2025,713
5056,02,2021,428
5056,02,2025,931
5056,03,2021,445
5056,03,2025,297
5056,04,2021,40
5056,04,2025,56
5056,08,2021,47
5056,08,2025,36
5056,55,2021,146
5056,55,2025,174
5056,05,2021,493
5056,05,2025,177
5056,06,2021,116
5056,06,2025,88
5056,07,2021,39
5056,07,2025,49
5056,150,2021,1
5056,122,2021,38
5056,122,2025,19
5056,158,2025,16
5056,154,2025,16
5056,152,2021,12
5056,152,2025,20
5056,123,2021,6
5056,123,2025,5
5056,133,2021,4
5056,159,2025,9
5056,153,2021,1
5056,153,2025,3
5056,10,2021,108
5056,10,2025,76
5056,124,2021,1
5056,132,2021,4
5056,132,2025,2
5057,01,2021,1541
5057,01,2025,1691
5057,02,2021,724
5057,02,2025,1702
5057,03,2021,931
5057,03,2025,657
5057,04,2021,97
5057,04,2025,141
5057,08,2021,94
5057,08,2025,140
5057,55,2021,209
5057,55,2025,294
5057,05,2021,1368
5057,05,2025,718
5057,06,2021,248
5057,06,2025,162
5057,07,2021,103
5057,07,2025,107
5057,150,2021,10
5057,122,2021,110
5057,122,2025,87
5057,158,2025,9
5057,154,2025,54
5057,152,2021,78
5057,152,2025,120
5057,123,2021,5
5057,123,2025,7
5057,133,2021,11
5057,159,2025,18
5057,153,2021,11
5057,153,2025,6
5057,10,2021,81
5057,10,2025,84
5057,124,2021,6
5057,132,2021,10
5057,132,2025,6
5058,01,2021,555
5058,01,2025,666
5058,02,2021,377
5058,02,2025,674
5058,03,2021,323
5058,03,2025,208
5058,04,2021,125
5058,04,2025,131
5058,08,2021,33
5058,08,2025,46
5058,55,2021,83
5058,55,2025,107
5058,05,2021,787
5058,05,2025,455
5058,06,2021,91
5058,06,2025,74
5058,07,2021,40
5058,07,2025,47
5058,150,2021,4
5058,122,2021,24
5058,122,2025,19
5058,158,2025,3
5058,154,2025,7
5058,152,2021,10
5058,152,2025,17
5058,123,2021,5
5058,123,2025,9
5058,133,2021,2
5058,159,2025,8
5058,153,2021,5
5058,10,2021,24
5058,10,2025,31
5058,124,2021,4
5058,132,2021,4
5058,132,2025,3
5059,01,2021,3350
5059,01,2025,3664
5059,02,2021,1108
5059,02,2025,2723
5059,03,2021,1223
5059,03,2025,890
5059,04,2021,210
5059,04,2025,263
5059,08,2021,144
5059,08,2025,218
5059,55,2021,268
5059,55,2025,383
5059,05,2021,2957
5059,05,2025,1462
5059,06,2021,446
5059,06,2025,350
5059,07,2021,221
5059,07,2025,224
5059,150,2021,22
5059,122,2021,141
5059,122,2025,117
5059,158,2025,20
5059,154,2025,42
5059,152,2021,33
5059,152,2025,115
5059,123,2021,31
5059,123,2025,42
5059,133,2021,14
5059,09,2021,8
5059,159,2025,32
5059,153,2021,19
5059,153,2025,15
5059,10,2021,110
5059,10,2025,167
5059,124,2021,6
5059,132,2021,14
5059,132,2025,15
5060,01,2021,1462
5060,01,2025,1362
5060,02,2021,828
5060,02,2025,1502
5060,03,2021,585
5060,03,2025,659
5060,04,2021,154
5060,04,2025,200
5060,08,2021,56
5060,08,2025,91
5060,55,2021,168
5060,55,2025,262
5060,05,2021,1379
5060,05,2025,714
5060,06,2021,193
5060,06,2025,157
5060,07,2021,142
5060,07,2025,86
5060,150,2021,1
5060,122,2021,104
5060,122,2025,71
5060,151,2021,2
5060,158,2025,15
5060,154,2025,32
5060,152,2021,26
5060,152,2025,30
5060,123,2021,23
5060,123,2025,26
5060,133,2021,3
5060,159,2025,35
5060,153,2021,5
5060,153,2025,2
5060,10,2021,29
5060,10,2025,33
5060,124,2021,4
5060,132,2021,9
5060,132,2025,9
5061,01,2021,358
5061,01,2025,408
5061,02,2021,74
5061,02,2025,144
5061,03,2021,92
5061,03,2025,72
5061,04,2021,22
5061,04,2025,23
5061,08,2021,21
5061,08,2025,26
5061,55,2021,30
5061,55,2025,39
5061,05,2021,543
5061,05,2025,327
5061,06,2021,42
5061,06,2025,44
5061,07,2021,12
5061,07,2025,6
5061,122,2021,23
5061,122,2025,17
5061,154,2025,4
5061,152,2021,6
5061,152,2025,9
5061,123,2021,1
5061,123,2025,2
5061,133,2021,1
5061,159,2025,2
5061,153,2021,1
5061,153,2025,2
5061,10,2021,1
5061,10,2025,9
5061,132,2021,3
1804,01,1989,7340
1804,01,1993,7856
1804,01,1997,8951
1804,01,2001,5624
1804,01,2005,8767
1804,01,2009,10384
1804,01,2013,8507
1804,01,2017,6718
1804,01,2021,8433
1804,01,2025,9663
1804,02,1989,2579
1804,02,1993,997
1804,02,1997,2885
1804,02,2001,3413
1804,02,2005,6325
1804,02,2009,6568
1804,02,2013,5743
1804,02,2017,5171
1804,02,2021,3727
1804,02,2025,7417
1804,03,1989,6180
1804,03,1993,3569
1804,03,1997,3316
1804,03,2001,4202
1804,03,2005,3298
1804,03,2009,3927
1804,03,2013,7664
1804,03,2017,8164
1804,03,2021,6542
1804,03,2025,5019
1804,04,1989,1346
1804,04,1993,1172
1804,04,1997,2535
1804,04,2001,2310
1804,04,2005,1093
1804,04,2009,908
1804,04,2013,1007
1804,04,2017,765
1804,04,2021,616
1804,04,2025,675
1804,08,1993,25
1804,08,1997,58
1804,08,2005,29
1804,08,2009,91
1804,08,2013,777
1804,08,2017,903
1804,08,2021,1118
1804,08,2025,1412
1804,55,2009,389
1804,55,2013,566
1804,55,2017,1034
1804,55,2021,1676
1804,55,2025,1743
1804,05,1989,603
1804,05,1993,3035
1804,05,1997,1033
1804,05,2001,970
1804,05,2005,1135
1804,05,2009,1150
1804,05,2013,901
1804,05,2017,2664
1804,05,2021,3190
1804,05,2025,1161
1804,06,1989,2989
1804,06,1993,1984
1804,06,1997,1681
1804,06,2001,3450
1804,06,2005,2820
1804,06,2009,2088
1804,06,2013,1632
1804,06,2017,2294
1804,06,2021,2533
1804,06,2025,2118
1804,07,1989,596
1804,07,1993,909
1804,07,1997,780
1804,07,2001,546
1804,07,2005,1053
1804,07,2009,738
1804,07,2013,1166
1804,07,2017,1194
1804,07,2021,1387
1804,07,2025,1010
1804,130,2017,23
1804,150,2021,13
1804,122,2005,10
1804,122,2013,24
1804,122,2017,42
1804,122,2021,315
1804,122,2025,194
1804,13,1993,83
1804,13,1997,27
1804,13,2001,17
1804,125,2013,77
1804,158,2025,64
1804,15,1989,226
1804,154,2025,194
1804,152,2021,54
1804,152,2025,191
1804,48,2001,31
1804,48,2005,23
1804,48,2009,25
1804,44,2001,1458
1804,44,2005,352
1804,44,2009,85
1804,44,2013,56
1804,44,2017,40
1804,123,2013,109
1804,123,2017,64
1804,123,2021,57
1804,123,2025,96
1804,12,2001,4
1804,133,2017,68
1804,133,2021,43
1804,20,1997,6
1804,09,1997,13
1804,09,2001,18
1804,09,2005,18
1804,09,2009,9
1804,09,2013,21
1804,09,2017,16
1804,09,2021,9
1804,49,2001,9
1804,159,2025,74
1804,153,2021,38
1804,153,2025,28
1804,10,1989,56
1804,10,1993,112
1804,10,1997,56
1804,10,2001,78
1804,10,2005,37
1804,10,2013,74
1804,10,2021,127
1804,10,2025,246
1804,124,2013,135
1804,124,2017,47
1804,124,2021,16
1804,46,2001,209
1804,11,1993,187
1804,11,1997,290
1804,11,2001,203
1804,11,2005,261
1804,21,1997,10
1804,21,2005,7
1804,21,2013,8
1804,22,1993,69
1804,14,1989,83
1804,14,1993,122
1804,27,1997,763
1804,132,2017,110
1804,132,2021,86
1804,132,2025,53
1804,92,2001,12
1804,92,2009,27
1806,01,2021,3641
1806,01,2025,3532
1806,02,2021,1662
1806,02,2025,3559
1806,03,2021,1845
1806,03,2025,1296
1806,04,2021,260
1806,04,2025,439
1806,08,2021,228
1806,08,2025,281
1806,55,2021,544
1806,55,2025,681
1806,05,2021,1988
1806,05,2025,767
1806,06,2021,913
1806,06,2025,663
1806,07,2021,198
1806,07,2025,193
1806,150,2021,9
1806,122,2021,129
1806,122,2025,80
1806,158,2025,44
1806,154,2025,88
1806,152,2021,25
1806,152,2025,161
1806,123,2021,12
1806,123,2025,33
1806,133,2021,29
1806,09,2021,5
1806,159,2025,30
1806,153,2021,10
1806,153,2025,7
1806,10,2021,47
1806,10,2025,80
1806,124,2021,12
1806,132,2021,30
1806,132,2025,21
1811,01,1989,541
1811,01,1993,355
1811,01,1997,405
1811,01,2001,312
1811,01,2005,428
1811,01,2009,447
1811,01,2013,464
1811,01,2017,329
1811,01,2021,302
1811,01,2025,365
1811,02,1989,73
1811,02,1993,14
1811,02,1997,63
1811,02,2001,88
1811,02,2005,133
1811,02,2009,160
1811,02,2013,122
1811,02,2017,86
1811,02,2021,56
1811,02,2025,121
1811,03,1989,130
1811,03,1993,71
1811,03,1997,48
1811,03,2001,73
1811,03,2005,57
1811,03,2009,60
1811,03,2013,99
1811,03,2017,116
1811,03,2021,71
1811,03,2025,50
1811,04,1989,90
1811,04,1993,77
1811,04,1997,223
1811,04,2001,193
1811,04,2005,57
1811,04,2009,35
1811,04,2013,35
1811,04,2017,18
1811,04,2021,20
1811,04,2025,16
1811,08,1993,1
1811,08,2005,1
1811,08,2013,17
1811,08,2017,19
1811,08,2021,20
1811,08,2025,8
1811,55,2009,9
1811,55,2013,6
1811,55,2017,10
1811,55,2021,35
1811,55,2025,63
1811,05,1989,203
1811,05,1993,472
1811,05,1997,254
1811,05,2001,161
1811,05,2005,223
1811,05,2009,171
1811,05,2013,147
1811,05,2017,346
1811,05,2021,351
1811,05,2025,148
1811,06,1989,212
1811,06,1993,187
1811,06,1997,95
1811,06,2001,137
1811,06,2005,104
1811,06,2009,86
1811,06,2013,49
1811,06,2017,36
1811,06,2021,45
1811,06,2025,39
1811,07,1989,44
1811,07,1993,30
1811,07,1997,64
1811,07,2001,34
1811,07,2005,53
1811,07,2009,28
1811,07,2013,26
1811,07,2017,22
1811,07,2021,13
1811,07,2025,10
1811,130,2017,1
1811,122,2005,2
1811,122,2021,13
1811,122,2025,5
1811,158,2025,3
1811,15,1989,11
1811,154,2025,2
1811,152,2025,6
1811,48,2001,2
1811,48,2005,1
1811,48,2009,1
1811,44,2001,135
1811,44,2005,27
1811,44,2009,1
1811,44,2013,3
1811,44,2017,1
1811,123,2013,9
1811,123,2017,1
1811,123,2021,1
1811,123,2025,5
1811,12,2001,1
1811,133,2021,1
1811,20,1997,1
1811,09,2001,1
1811,09,2009,1
1811,49,2001,1
1811,159,2025,1
1811,10,1989,7
1811,10,1993,3
1811,10,1997,2
1811,10,2001,3
1811,10,2005,4
1811,10,2013,5
1811,10,2021,4
1811,10,2025,9
1811,124,2013,1
1811,124,2017,1
1811,124,2021,1
1811,46,2001,5
1811,11,1993,5
1811,11,1997,6
1811,11,2001,6
1811,11,2005,13
1811,22,1993,5
1811,14,1989,2
1811,14,1993,3
1811,27,1997,53
1811,132,2017,2
1811,132,2021,5
1811,92,2001,1
1811,92,2009,2
1812,01,1989,486
1812,01,1993,292
1812,01,1997,322
1812,01,2001,224
1812,01,2005,358
1812,01,2009,399
1812,01,2013,398
1812,01,2017,281
1812,01,2021,276
1812,01,2025,343
1812,02,1989,66
1812,02,1993,17
1812,02,1997,70
1812,02,2001,80
1812,02,2005,173
1812,02,2009,198
1812,02,2013,166
1812,02,2017,149
1812,02,2021,99
1812,02,2025,200
1812,03,1989,141
1812,03,1993,64
1812,03,1997,65
1812,03,2001,91
1812,03,2005,37
1812,03,2009,75
1812,03,2013,129
1812,03,2017,107
1812,03,2021,59
1812,03,2025,59
1812,04,1989,80
1812,04,1993,81
1812,04,1997,227
1812,04,2001,167
1812,04,2005,68
1812,04,2009,54
1812,04,2013,63
1812,04,2017,26
1812,04,2021,17
1812,04,2025,27
1812,08,1993,2
1812,08,1997,1
1812,08,2005,3
1812,08,2009,4
1812,08,2013,17
1812,08,2017,19
1812,08,2021,7
1812,08,2025,26
1812,55,2009,17
1812,55,2013,13
1812,55,2017,26
1812,55,2021,69
1812,55,2025,113
1812,05,1989,268
1812,05,1993,623
1812,05,1997,341
1812,05,2001,259
1812,05,2005,349
1812,05,2009,320
1812,05,2013,319
1812,05,2017,539
1812,05,2021,627
1812,05,2025,343
1812,06,1989,225
1812,06,1993,170
1812,06,1997,110
1812,06,2001,185
1812,06,2005,124
1812,06,2009,66
1812,06,2013,42
1812,06,2017,47
1812,06,2021,64
1812,06,2025,46
1812,07,1989,18
1812,07,1993,19
1812,07,1997,41
1812,07,2001,9
1812,07,2005,29
1812,07,2009,19
1812,07,2013,29
1812,07,2017,9
1812,07,2021,14
1812,07,2025,15
1812,122,2005,2
1812,122,2021,5
1812,122,2025,14
1812,13,1993,1
1812,13,1997,1
1812,13,2001,1
1812,125,2013,3
1812,158,2025,1
1812,15,1989,21
1812,154,2025,7
1812,152,2021,4
1812,152,2025,10
1812,48,2001,2
1812,48,2005,4
1812,48,2009,1
1812,44,2001,168
1812,44,2005,42
1812,44,2009,7
1812,44,2013,3
1812,123,2013,6
1812,123,2017,1
1812,123,2021,2
1812,123,2025,5
1812,133,2017,2
1812,133,2021,1
1812,20,1997,5
1812,09,2001,1
1812,09,2009,1
1812,49,2001,1
1812,159,2025,2
1812,153,2021,2
1812,10,1989,2
1812,10,1993,7
1812,10,1997,4
1812,10,2001,2
1812,10,2005,3
1812,10,2013,2
1812,10,2021,3
1812,10,2025,10
1812,124,2013,3
1812,124,2017,1
1812,46,2001,11
1812,11,1993,5
1812,11,1997,11
1812,11,2001,8
1812,11,2005,9
1812,21,1997,3
1812,21,2005,2
1812,22,1993,3
1812,14,1989,2
1812,14,1993,3
1812,27,1997,58
1812,132,2017,8
1812,132,2021,3
1812,132,2025,1
1812,92,2009,2
1813,01,1989,1449
1813,01,1993,1203
1813,01,1997,1242
1813,01,2001,880
1813,01,2005,1376
1813,01,2009,1529
1813,01,2013,1640
1813,01,2017,1267
1813,01,2021,1293
1813,01,2025,1588
1813,02,1989,421
1813,02,1993,104
1813,02,1997,396
1813,02,2001,430
1813,02,2005,936
1813,02,2009,897
1813,02,2013,669
1813,02,2017,697
1813,02,2021,526
1813,02,2025,1101
1813,03,1989,595
1813,03,1993,377
1813,03,1997,322
1813,03,2001,470
1813,03,2005,347
1813,03,2009,481
1813,03,2013,807
1813,03,2017,764
1813,03,2021,444
1813,03,2025,391
1813,04,1989,254
1813,04,1993,200
1813,04,1997,560
1813,04,2001,416
1813,04,2005,144
1813,04,2009,117
1813,04,2013,111
1813,04,2017,64
1813,04,2021,54
1813,04,2025,83
1813,08,1993,1
1813,08,1997,6
1813,08,2005,4
1813,08,2009,9
1813,08,2013,79
1813,08,2017,106
1813,08,2021,80
1813,08,2025,106
1813,55,2009,39
1813,55,2013,49
1813,55,2017,118
1813,55,2021,272
1813,55,2025,310
1813,05,1989,285
1813,05,1993,1229
1813,05,1997,526
1813,05,2001,345
1813,05,2005,476
1813,05,2009,455
1813,05,2013,403
1813,05,2017,909
1813,05,2021,1213
1813,05,2025,479
1813,06,1989,691
1813,06,1993,507
1813,06,1997,400
1813,06,2001,569
1813,06,2005,481
1813,06,2009,278
1813,06,2013,194
1813,06,2017,265
1813,06,2021,291
1813,06,2025,204
1813,07,1989,86
1813,07,1993,110
1813,07,1997,131
1813,07,2001,76
1813,07,2005,150
1813,07,2009,92
1813,07,2013,150
1813,07,2017,83
1813,07,2021,81
1813,07,2025,74
1813,130,2017,4
1813,150,2021,4
1813,122,2013,2
1813,122,2017,2
1813,122,2021,49
1813,122,2025,36
1813,13,1993,6
1813,13,1997,4
1813,13,2001,4
1813,125,2013,3
1813,158,2025,19
1813,15,1989,51
1813,154,2025,32
1813,152,2021,49
1813,152,2025,38
1813,48,2001,13
1813,48,2005,9
1813,48,2009,4
1813,44,2001,677
1813,44,2005,184
1813,44,2009,18
1813,44,2013,14
1813,44,2017,20
1813,123,2013,32
1813,123,2017,9
1813,123,2021,6
1813,123,2025,8
1813,12,2001,1
1813,133,2017,7
1813,133,2021,9
1813,20,1997,1
1813,09,1997,3
1813,09,2001,4
1813,09,2005,1
1813,09,2009,1
1813,09,2013,1
1813,09,2017,3
1813,09,2021,3
1813,49,2001,1
1813,159,2025,10
1813,153,2021,7
1813,153,2025,4
1813,10,1989,12
1813,10,1993,15
1813,10,1997,7
1813,10,2001,7
1813,10,2005,3
1813,10,2013,6
1813,10,2021,14
1813,10,2025,29
1813,124,2013,13
1813,124,2017,4
1813,124,2021,3
1813,46,2001,20
1813,11,1993,26
1813,11,1997,45
1813,11,2001,29
1813,11,2005,33
1813,21,1997,6
1813,21,2013,1
1813,22,1993,12
1813,14,1989,23
1813,14,1993,14
1813,27,1997,324
1813,132,2017,26
1813,132,2021,7
1813,132,2025,13
1813,92,2001,9
1813,92,2009,11
1815,01,1989,382
1815,01,1993,226
1815,01,1997,238
1815,01,2001,163
1815,01,2005,279
1815,01,2009,336
1815,01,2013,299
1815,01,2017,227
1815,01,2021,220
1815,01,2025,243
1815,02,1989,59
1815,02,1993,20
1815,02,1997,68
1815,02,2001,60
1815,02,2005,121
1815,02,2009,112
1815,02,2013,93
1815,02,2017,82
1815,02,2021,78
1815,02,2025,140
1815,03,1989,117
1815,03,1993,51
1815,03,1997,33
1815,03,2001,56
1815,03,2005,31
1815,03,2009,52
1815,03,2013,92
1815,03,2017,107
1815,03,2021,48
1815,03,2025,42
1815,04,1989,76
1815,04,1993,37
1815,04,1997,118
1815,04,2001,86
1815,04,2005,17
1815,04,2009,18
1815,04,2013,20
1815,04,2017,9
1815,04,2021,6
1815,04,2025,7
1815,08,1993,1
1815,08,1997,1
1815,08,2013,16
1815,08,2017,11
1815,08,2021,13
1815,08,2025,14
1815,55,2009,8
1815,55,2013,12
1815,55,2017,29
1815,55,2021,35
1815,55,2025,53
1815,05,1989,129
1815,05,1993,367
1815,05,1997,218
1815,05,2001,143
1815,05,2005,177
1815,05,2009,148
1815,05,2013,137
1815,05,2017,253
1815,05,2021,284
1815,05,2025,174
1815,06,1989,161
1815,06,1993,149
1815,06,1997,68
1815,06,2001,118
1815,06,2005,96
1815,06,2009,68
1815,06,2013,50
1815,06,2017,35
1815,06,2021,45
1815,06,2025,27
1815,07,1989,51
1815,07,1993,40
1815,07,1997,45
1815,07,2001,20
1815,07,2005,25
1815,07,2009,16
1815,07,2013,33
1815,07,2017,13
1815,07,2021,7
1815,07,2025,7
1815,130,2017,2
1815,150,2021,1
1815,122,2021,6
1815,122,2025,9
1815,13,1993,1
1815,13,1997,1
1815,158,2025,3
1815,15,1989,10
1815,154,2025,7
1815,152,2021,10
1815,152,2025,25
1815,48,2001,1
1815,48,2005,1
1815,48,2009,1
1815,44,2001,194
1815,44,2005,56
1815,44,2009,4
1815,44,2013,8
1815,44,2017,7
1815,123,2013,1
1815,123,2021,1
1815,123,2025,1
1815,09,1997,2
1815,09,2001,1
1815,09,2005,2
1815,09,2009,1
1815,09,2013,1
1815,159,2025,5
1815,153,2021,1
1815,10,1989,6
1815,10,1993,5
1815,10,1997,5
1815,10,2001,1
1815,10,2005,4
1815,10,2013,6
1815,10,2021,6
1815,10,2025,4
1815,124,2013,1
1815,46,2001,1
1815,11,1993,1
1815,11,1997,8
1815,11,2001,3
1815,11,2005,5
1815,21,1997,1
1815,21,2005,1
1815,21,2013,2
1815,22,1993,2
1815,14,1989,2
1815,14,1993,4
1815,27,1997,97
1815,132,2017,4
1815,92,2009,4
1816,01,1989,157
1816,01,1993,123
1816,01,1997,115
1816,01,2001,52
1816,01,2005,90
1816,01,2009,113
1816,01,2013,105
1816,01,2017,81
1816,01,2021,79
1816,01,2025,83
1816,02,1989,30
1816,02,1993,5
1816,02,1997,18
1816,02,2001,21
1816,02,2005,39
1816,02,2009,45
1816,02,2013,35
1816,02,2017,24
1816,02,2021,35
1816,02,2025,48
1816,03,1989,54
1816,03,1993,36
1816,03,1997,29
1816,03,2001,26
1816,03,2005,9
1816,03,2009,17
1816,03,2013,25
1816,03,2017,26
1816,03,2021,16
1816,03,2025,8
1816,04,1989,27
1816,04,1993,21
1816,04,1997,49
1816,04,2001,39
1816,04,2005,13
1816,04,2009,9
1816,04,2013,8
1816,04,2017,5
1816,04,2021,6
1816,04,2025,8
1816,08,2009,1
1816,08,2013,6
1816,08,2017,3
1816,08,2021,2
1816,08,2025,3
1816,55,2009,8
1816,55,2013,5
1816,55,2017,9
1816,55,2021,15
1816,55,2025,20
1816,05,1989,44
1816,05,1993,130
1816,05,1997,76
1816,05,2001,56
1816,05,2005,85
1816,05,2009,77
1816,05,2013,72
1816,05,2017,123
1816,05,2021,123
1816,05,2025,81
1816,06,1989,73
1816,06,1993,59
1816,06,1997,29
1816,06,2001,38
1816,06,2005,31
1816,06,2009,21
1816,06,2013,12
1816,06,2017,7
1816,06,2021,9
1816,06,2025,9
1816,07,1989,8
1816,07,1993,8
1816,07,1997,10
1816,07,2001,2
1816,07,2005,7
1816,07,2009,2
1816,07,2013,8
1816,07,2017,3
1816,07,2021,2
1816,07,2025,2
1816,130,2017,1
1816,122,2025,3
1816,15,1989,7
1816,154,2025,1
1816,152,2021,1
1816,152,2025,2
1816,48,2005,2
1816,48,2009,1
1816,44,2001,88
1816,44,2005,24
1816,44,2009,2
1816,44,2013,3
1816,44,2017,2
1816,123,2013,1
1816,159,2025,1
1816,153,2025,1
1816,10,1993,1
1816,10,2001,1
1816,10,2005,1
1816,10,2013,2
1816,10,2021,1
1816,10,2025,1
1816,124,2021,1
1816,46,2001,1
1816,11,1993,1
1816,11,1997,1
1816,11,2001,2
1816,11,2005,1
1816,21,1997,1
1816,22,1993,1
1816,14,1993,1
1816,27,1997,46
1816,132,2017,1
1816,132,2025,1
1816,92,2001,1
1816,92,2009,1
1818,01,1989,513
1818,01,1993,404
1818,01,1997,374
1818,01,2001,233
1818,01,2005,365
1818,01,2009,332
1818,01,2013,372
1818,01,2017,315
1818,01,2021,290
1818,01,2025,262
1818,02,1989,99
1818,02,1993,38
1818,02,1997,106
1818,02,2001,94
1818,02,2005,189
1818,02,2009,216
1818,02,2013,164
1818,02,2017,118
1818,02,2021,117
1818,02,2025,263
1818,03,1989,162
1818,03,1993,80
1818,03,1997,69
1818,03,2001,62
1818,03,2005,52
1818,03,2009,80
1818,03,2013,153
1818,03,2017,154
1818,03,2021,116
1818,03,2025,79
1818,04,1989,101
1818,04,1993,56
1818,04,1997,155
1818,04,2001,106
1818,04,2005,33
1818,04,2009,19
1818,04,2013,22
1818,04,2017,16
1818,04,2021,9
1818,04,2025,15
1818,08,1997,2
1818,08,2005,2
1818,08,2009,2
1818,08,2013,23
1818,08,2017,8
1818,08,2021,8
1818,08,2025,10
1818,55,2009,11
1818,55,2013,8
1818,55,2017,12
1818,55,2021,32
1818,55,2025,40
1818,05,1989,73
1818,05,1993,259
1818,05,1997,109
1818,05,2001,65
1818,05,2005,77
1818,05,2009,85
1818,05,2013,76
1818,05,2017,184
1818,05,2021,250
1818,05,2025,154
1818,06,1989,114
1818,06,1993,109
1818,06,1997,49
1818,06,2001,90
1818,06,2005,68
1818,06,2009,47
1818,06,2013,26
1818,06,2017,40
1818,06,2021,41
1818,06,2025,28
1818,07,1989,33
1818,07,1993,27
1818,07,1997,33
1818,07,2001,15
1818,07,2005,20
1818,07,2009,22
1818,07,2013,19
1818,07,2017,9
1818,07,2021,3
1818,07,2025,7
1818,130,2017,1
1818,122,2017,2
1818,122,2021,12
1818,122,2025,4
1818,13,1997,2
1818,125,2013,4
1818,158,2025,4
1818,15,1989,6
1818,154,2025,4
1818,152,2021,11
1818,48,2001,6
1818,48,2005,1
1818,44,2001,264
1818,44,2005,68
1818,44,2009,22
1818,44,2013,9
1818,44,2017,9
1818,123,2013,4
1818,123,2017,2
1818,123,2021,3
1818,123,2025,4
1818,12,2001,1
1818,09,2017,1
1818,09,2021,1
1818,49,2001,1
1818,159,2025,2
1818,153,2021,1
1818,153,2025,1
1818,10,1989,10
1818,10,1993,8
1818,10,1997,3
1818,10,2001,2
1818,10,2005,4
1818,10,2013,4
1818,10,2021,1
1818,10,2025,10
1818,124,2013,2
1818,124,2017,2
1818,46,2001,7
1818,11,1993,1
1818,11,1997,8
1818,11,2001,8
1818,11,2005,6
1818,21,1997,1
1818,22,1993,2
1818,14,1989,4
1818,27,1997,126
1818,132,2017,8
1818,132,2021,3
1818,132,2025,1
1820,01,1989,1351
1820,01,1993,1391
1820,01,1997,1384
1820,01,2001,840
1820,01,2005,1415
1820,01,2009,1409
1820,01,2013,1497
1820,01,2017,1097
1820,01,2021,1048
1820,01,2025,971
1820,02,1989,605
1820,02,1993,209
1820,02,1997,535
1820,02,2001,459
1820,02,2005,888
1820,02,2009,868
1820,02,2013,700
1820,02,2017,636
1820,02,2021,449
1820,02,2025,1002
1820,03,1989,844
1820,03,1993,438
1820,03,1997,369
1820,03,2001,537
1820,03,2005,322
1820,03,2009,447
1820,03,2013,758
1820,03,2017,683
1820,03,2021,385
1820,03,2025,297
1820,04,1989,232
1820,04,1993,178
1820,04,1997,439
1820,04,2001,331
1820,04,2005,101
1820,04,2009,72
1820,04,2013,95
1820,04,2017,64
1820,04,2021,32
1820,04,2025,59
1820,08,1993,2
1820,08,1997,8
1820,08,2005,6
1820,08,2009,4
1820,08,2013,53
1820,08,2017,76
1820,08,2021,66
1820,08,2025,84
1820,55,2009,141
1820,55,2013,84
1820,55,2017,168
1820,55,2021,299
1820,55,2025,349
1820,05,1989,329
1820,05,1993,769
1820,05,1997,374
1820,05,2001,281
1820,05,2005,428
1820,05,2009,414
1820,05,2013,340
1820,05,2017,824
1820,05,2021,1261
1820,05,2025,842
1820,06,1989,526
1820,06,1993,386
1820,06,1997,266
1820,06,2001,473
1820,06,2005,397
1820,06,2009,228
1820,06,2013,147
1820,06,2017,241
1820,06,2021,245
1820,06,2025,179
1820,07,1989,139
1820,07,1993,124
1820,07,1997,153
1820,07,2001,88
1820,07,2005,125
1820,07,2009,74
1820,07,2013,130
1820,07,2017,76
1820,07,2021,55
1820,07,2025,78
1820,130,2017,4
1820,150,2021,6
1820,122,2005,3
1820,122,2013,3
1820,122,2017,2
1820,122,2021,61
1820,122,2025,35
1820,13,1993,18
1820,13,1997,6
1820,13,2001,2
1820,125,2013,4
1820,158,2025,9
1820,15,1989,101
1820,154,2025,28
1820,152,2021,30
1820,152,2025,32
1820,48,2001,9
1820,48,2005,1
1820,48,2009,7
1820,44,2001,599
1820,44,2005,137
1820,44,2009,53
1820,44,2013,20
1820,44,2017,16
1820,123,2013,8
1820,123,2017,4
1820,123,2021,4
1820,123,2025,5
1820,133,2017,11
1820,133,2021,4
1820,09,2001,4
1820,09,2009,2
1820,09,2013,1
1820,159,2025,21
1820,153,2021,4
1820,153,2025,4
1820,10,1989,25
1820,10,1993,13
1820,10,1997,11
1820,10,2001,13
1820,10,2005,5
1820,10,2013,14
1820,10,2021,22
1820,10,2025,30
1820,124,2013,13
1820,124,2017,8
1820,124,2021,1
1820,46,2001,16
1820,11,1993,53
1820,11,1997,83
1820,11,2001,100
1820,11,2005,99
1820,21,1997,2
1820,21,2005,2
1820,21,2013,2
1820,22,1993,6
1820,14,1989,16
1820,14,1993,9
1820,27,1997,272
1820,132,2017,16
1820,132,2021,10
1820,132,2025,5
1820,92,2001,2
1820,92,2009,4
1822,01,1989,576
1822,01,1993,421
1822,01,1997,403
1822,01,2001,265
1822,01,2005,367
1822,01,2009,424
1822,01,2013,433
1822,01,2017,358
1822,01,2021,333
1822,01,2025,374
1822,02,1989,93
1822,02,1993,28
1822,02,1997,118
1822,02,2001,133
1822,02,2005,227
1822,02,2009,274
1822,02,2013,203
1822,02,2017,208
1822,02,2021,170
1822,02,2025,322
1822,03,1989,154
1822,03,1993,77
1822,03,1997,49
1822,03,2001,79
1822,03,2005,51
1822,03,2009,71
1822,03,2013,157
1822,03,2017,143
1822,03,2021,60
1822,03,2025,39
1822,04,1989,84
1822,04,1993,52
1822,04,1997,150
1822,04,2001,109
1822,04,2005,43
1822,04,2009,25
1822,04,2013,35
1822,04,2017,22
1822,04,2021,14
1822,04,2025,19
1822,08,1993,2
1822,08,1997,3
1822,08,2005,1
1822,08,2009,2
1822,08,2013,29
1822,08,2017,22
1822,08,2021,14
1822,08,2025,28
1822,55,2009,34
1822,55,2013,12
1822,55,2017,36
1822,55,2021,78
1822,55,2025,104
1822,05,1989,197
1822,05,1993,455
1822,05,1997,263
1822,05,2001,215
1822,05,2005,235
1822,05,2009,212
1822,05,2013,204
1822,05,2017,303
1822,05,2021,482
1822,05,2025,275
1822,06,1989,163
1822,06,1993,145
1822,06,1997,70
1822,06,2001,152
1822,06,2005,125
1822,06,2009,75
1822,06,2013,81
1822,06,2017,79
1822,06,2021,87
1822,06,2025,75
1822,07,1989,41
1822,07,1993,34
1822,07,1997,41
1822,07,2001,13
1822,07,2005,23
1822,07,2009,22
1822,07,2013,26
1822,07,2017,21
1822,07,2021,4
1822,07,2025,10
1822,130,2017,5
1822,150,2021,2
1822,122,2021,16
1822,122,2025,7
1822,13,1993,2
1822,13,1997,1
1822,13,2001,1
1822,125,2013,1
1822,158,2025,3
1822,15,1989,20
1822,154,2025,10
1822,152,2021,7
1822,152,2025,13
1822,48,2001,4
1822,48,2009,3
1822,44,2001,160
1822,44,2005,26
1822,44,2009,8
1822,44,2013,5
1822,44,2017,2
1822,123,2013,5
1822,123,2021,3
1822,123,2025,11
1822,133,2017,7
1822,133,2021,1
1822,09,2009,3
1822,159,2025,10
1822,10,1989,6
1822,10,1993,4
1822,10,1997,5
1822,10,2001,1
1822,10,2005,7
1822,10,2013,1
1822,10,2025,10
1822,124,2017,2
1822,124,2021,1
1822,46,2001,8
1822,11,1993,11
1822,11,1997,19
1822,11,2001,18
1822,11,2005,18
1822,21,2005,2
1822,21,2013,2
1822,22,1993,2
1822,14,1989,3
1822,14,1993,3
1822,27,1997,85
1822,132,2017,1
1822,132,2025,3
1822,92,2009,8
1824,01,1989,3952
1824,01,1993,3307
1824,01,1997,3612
1824,01,2001,2424
1824,01,2005,3352
1824,01,2009,3461
1824,01,2013,2964
1824,01,2017,2399
1824,01,2021,2389
1824,01,2025,2186
1824,02,1989,708
1824,02,1993,270
1824,02,1997,921
1824,02,2001,958
1824,02,2005,1574
1824,02,2009,1689
1824,02,2013,1429
1824,02,2017,1270
1824,02,2021,1300
1824,02,2025,2538
1824,03,1989,1239
1824,03,1993,700
1824,03,1997,616
1824,03,2001,862
1824,03,2005,490
1824,03,2009,677
1824,03,2013,1290
1824,03,2017,1141
1824,03,2021,602
1824,03,2025,525
1824,04,1989,368
1824,04,1993,321
1824,04,1997,801
1824,04,2001,679
1824,04,2005,299
1824,04,2009,215
1824,04,2013,206
1824,04,2017,132
1824,04,2021,102
1824,04,2025,150
1824,08,1993,9
1824,08,1997,11
1824,08,2005,5
1824,08,2009,13
1824,08,2013,117
1824,08,2017,134
1824,08,2021,139
1824,08,2025,169
1824,55,2009,167
1824,55,2013,257
1824,55,2017,329
1824,55,2021,527
1824,55,2025,718
1824,05,1989,537
1824,05,1993,1477
1824,05,1997,834
1824,05,2001,637
1824,05,2005,726
1824,05,2009,644
1824,05,2013,579
1824,05,2017,1445
1824,05,2021,1643
1824,05,2025,678
1824,06,1989,1078
1824,06,1993,877
1824,06,1997,547
1824,06,2001,1004
1824,06,2005,896
1824,06,2009,492
1824,06,2013,260
1824,06,2017,439
1824,06,2021,428
1824,06,2025,299
1824,07,1989,184
1824,07,1993,207
1824,07,1997,242
1824,07,2001,134
1824,07,2005,169
1824,07,2009,145
1824,07,2013,243
1824,07,2017,151
1824,07,2021,107
1824,07,2025,95
1824,130,2017,6
1824,150,2021,7
1824,122,2005,1
1824,122,2013,6
1824,122,2017,9
1824,122,2021,110
1824,122,2025,62
1824,13,1993,12
1824,13,1997,3
1824,13,2001,9
1824,125,2013,14
1824,158,2025,10
1824,15,1989,98
1824,154,2025,57
1824,152,2021,14
1824,152,2025,29
1824,48,2001,12
1824,48,2005,7
1824,48,2009,12
1824,44,2001,510
1824,44,2005,98
1824,44,2009,14
1824,44,2013,10
1824,44,2017,11
1824,123,2013,48
1824,123,2017,22
1824,123,2021,26
1824,123,2025,28
1824,133,2017,15
1824,133,2021,11
1824,20,1997,6
1824,09,1997,9
1824,09,2001,6
1824,09,2005,6
1824,09,2009,3
1824,09,2013,1
1824,09,2017,2
1824,09,2021,1
1824,49,2001,3
1824,159,2025,13
1824,153,2021,12
1824,153,2025,3
1824,10,1989,16
1824,10,1993,24
1824,10,1997,20
1824,10,2001,12
1824,10,2005,7
1824,10,2013,28
1824,10,2021,22
1824,10,2025,74
1824,124,2013,16
1824,124,2017,13
1824,124,2021,11
1824,46,2001,28
1824,11,1993,39
1824,11,1997,85
1824,11,2001,78
1824,11,2005,107
1824,21,2013,3
1824,22,1993,19
1824,14,1989,17
1824,14,1993,13
1824,27,1997,238
1824,132,2017,26
1824,132,2021,41
1824,132,2025,16
1824,92,2001,2
1824,92,2009,8
1825,01,1989,566
1825,01,1993,444
1825,01,1997,445
1825,01,2001,355
1825,01,2005,429
1825,01,2009,413
1825,01,2013,394
1825,01,2017,347
1825,01,2021,287
1825,01,2025,255
1825,02,1989,77
1825,02,1993,28
1825,02,1997,86
1825,02,2001,74
1825,02,2005,139
1825,02,2009,166
1825,02,2013,123
1825,02,2017,122
1825,02,2021,104
1825,02,2025,210
1825,03,1989,118
1825,03,1993,56
1825,03,1997,39
1825,03,2001,67
1825,03,2005,29
1825,03,2009,47
1825,03,2013,100
1825,03,2017,73
1825,03,2021,61
1825,03,2025,40
1825,04,1989,50
1825,04,1993,38
1825,04,1997,93
1825,04,2001,97
1825,04,2005,28
1825,04,2009,18
1825,04,2013,16
1825,04,2017,9
1825,04,2021,7
1825,04,2025,13
1825,08,2009,5
1825,08,2013,12
1825,08,2017,5
1825,08,2021,5
1825,08,2025,10
1825,55,2009,8
1825,55,2013,8
1825,55,2017,11
1825,55,2021,42
1825,55,2025,54
1825,05,1989,147
1825,05,1993,279
1825,05,1997,188
1825,05,2001,148
1825,05,2005,189
1825,05,2009,166
1825,05,2013,173
1825,05,2017,266
1825,05,2021,291
1825,05,2025,162
1825,06,1989,127
1825,06,1993,114
1825,06,1997,43
1825,06,2001,80
1825,06,2005,57
1825,06,2009,31
1825,06,2013,13
1825,06,2017,18
1825,06,2021,23
1825,06,2025,21
1825,07,1989,8
1825,07,1993,20
1825,07,1997,16
1825,07,2001,3
1825,07,2005,12
1825,07,2009,6
1825,07,2013,5
1825,07,2017,7
1825,07,2021,6
1825,07,2025,3
1825,130,2017,1
1825,122,2005,1
1825,122,2017,1
1825,122,2021,15
1825,122,2025,9
1825,13,1993,2
1825,13,1997,1
1825,15,1989,14
1825,154,2025,11
1825,152,2021,4
1825,152,2025,12
1825,48,2001,1
1825,48,2005,1
1825,48,2009,3
1825,44,2001,60
1825,44,2005,11
1825,44,2009,4
1825,44,2013,1
1825,44,2017,2
1825,123,2013,5
1825,123,2017,1
1825,123,2021,1
1825,123,2025,3
1825,09,1997,5
1825,09,2001,8
1825,09,2005,4
1825,09,2009,1
1825,09,2013,1
1825,49,2001,1
1825,159,2025,4
1825,153,2021,3
1825,10,1989,8
1825,10,1993,2
1825,10,1997,7
1825,10,2001,2
1825,10,2005,3
1825,10,2013,4
1825,10,2021,1
1825,10,2025,10
1825,124,2013,2
1825,124,2017,1
1825,46,2001,1
1825,11,1993,1
1825,11,1997,6
1825,11,2001,4
1825,11,2005,9
1825,21,2013,1
1825,22,1993,1
1825,14,1989,3
1825,14,1993,3
1825,27,1997,35
1825,132,2025,1
1825,92,2001,1
1825,92,2009,1
1826,01,1989,558
1826,01,1993,434
1826,01,1997,433
1826,01,2001,335
1826,01,2005,422
1826,01,2009,336
1826,01,2013,295
1826,01,2017,270
1826,01,2021,257
1826,01,2025,242
1826,02,1989,37
1826,02,1993,11
1826,02,1997,47
1826,02,2001,60
1826,02,2005,95
1826,02,2009,133
1826,02,2013,97
1826,02,2017,66
1826,02,2021,50
1826,02,2025,125
1826,03,1989,63
1826,03,1993,38
1826,03,1997,34
1826,03,2001,47
1826,03,2005,28
1826,03,2009,34
1826,03,2013,63
1826,03,2017,61
1826,03,2021,33
1826,03,2025,26
1826,04,1989,59
1826,04,1993,45
1826,04,1997,110
1826,04,2001,107
1826,04,2005,34
1826,04,2009,27
1826,04,2013,18
1826,04,2017,13
1826,04,2021,7
1826,04,2025,10
1826,08,1993,1
1826,08,1997,1
1826,08,2013,8
1826,08,2017,8
1826,08,2021,5
1826,08,2025,9
1826,55,2009,4
1826,55,2013,9
1826,55,2017,18
1826,55,2021,33
1826,55,2025,72
1826,05,1989,189
1826,05,1993,422
1826,05,1997,322
1826,05,2001,272
1826,05,2005,275
1826,05,2009,313
1826,05,2013,330
1826,05,2017,368
1826,05,2021,378
1826,05,2025,207
1826,06,1989,139
1826,06,1993,123
1826,06,1997,50
1826,06,2001,77
1826,06,2005,66
1826,06,2009,47
1826,06,2013,28
1826,06,2017,27
1826,06,2021,37
1826,06,2025,31
1826,07,1989,36
1826,07,1993,28
1826,07,1997,35
1826,07,2001,14
1826,07,2005,14
1826,07,2009,4
1826,07,2013,8
1826,07,2017,6
1826,07,2021,3
1826,07,2025,6
1826,130,2017,1
1826,122,2013,1
1826,122,2017,1
1826,122,2021,12
1826,122,2025,6
1826,13,1993,3
1826,13,2001,1
1826,158,2025,1
1826,15,1989,11
1826,154,2025,6
1826,152,2021,2
1826,152,2025,12
1826,48,2001,3
1826,48,2005,1
1826,48,2009,3
1826,44,2001,41
1826,44,2005,4
1826,44,2013,1
1826,123,2013,4
1826,123,2021,2
1826,123,2025,1
1826,133,2017,2
1826,159,2025,1
1826,153,2021,2
1826,10,1989,2
1826,10,1993,2
1826,10,1997,2
1826,10,2001,2
1826,10,2005,1
1826,10,2013,3
1826,10,2021,2
1826,10,2025,1
1826,124,2013,1
1826,124,2017,3
1826,46,2001,2
1826,11,1993,3
1826,11,1997,5
1826,11,2001,4
1826,11,2005,3
1826,21,2013,1
1826,22,1993,1
1826,14,1989,1
1826,14,1993,1
1826,27,1997,14
1826,132,2017,2
1826,132,2021,2
1827,01,1989,359
1827,01,1993,273
1827,01,1997,255
1827,01,2001,161
1827,01,2005,255
1827,01,2009,253
1827,01,2013,297
1827,01,2017,182
1827,01,2021,196
1827,01,2025,196
1827,02,1989,109
1827,02,1993,33
1827,02,1997,91
1827,02,2001,68
1827,02,2005,145
1827,02,2009,145
1827,02,2013,105
1827,02,2017,103
1827,02,2021,82
1827,02,2025,143
1827,03,1989,159
1827,03,1993,97
1827,03,1997,67
1827,03,2001,68
1827,03,2005,51
1827,03,2009,64
1827,03,2013,93
1827,03,2017,106
1827,03,2021,70
1827,03,2025,68
1827,04,1989,61
1827,04,1993,58
1827,04,1997,103
1827,04,2001,75
1827,04,2005,38
1827,04,2009,24
1827,04,2013,32
1827,04,2017,9
1827,04,2021,5
1827,04,2025,10
1827,08,2013,13
1827,08,2017,9
1827,08,2021,10
1827,08,2025,6
1827,55,2009,19
1827,55,2013,12
1827,55,2017,22
1827,55,2021,56
1827,55,2025,75
1827,05,1989,172
1827,05,1993,294
1827,05,1997,161
1827,05,2001,130
1827,05,2005,169
1827,05,2009,143
1827,05,2013,151
1827,05,2017,271
1827,05,2021,321
1827,05,2025,222
1827,06,1989,133
1827,06,1993,113
1827,06,1997,71
1827,06,2001,74
1827,06,2005,79
1827,06,2009,53
1827,06,2013,47
1827,06,2017,66
1827,06,2021,59
1827,06,2025,37
1827,07,1989,14
1827,07,1993,13
1827,07,1997,20
1827,07,2001,2
1827,07,2005,17
1827,07,2009,4
1827,07,2013,8
1827,07,2017,6
1827,07,2021,4
1827,07,2025,5
1827,130,2017,1
1827,150,2021,1
1827,122,2017,1
1827,122,2021,8
1827,122,2025,11
1827,13,1993,2
1827,13,1997,2
1827,13,2001,1
1827,125,2013,1
1827,158,2025,5
1827,15,1989,26
1827,154,2025,5
1827,152,2021,2
1827,152,2025,18
1827,48,2001,1
1827,48,2005,1
1827,48,2009,1
1827,44,2001,257
1827,44,2005,50
1827,44,2009,33
1827,44,2013,19
1827,44,2017,17
1827,123,2013,3
1827,123,2017,3
1827,123,2021,4
1827,123,2025,6
1827,12,2001,1
1827,133,2017,1
1827,133,2021,1
1827,09,2001,1
1827,09,2005,1
1827,09,2013,1
1827,09,2021,2
1827,159,2025,2
1827,153,2021,1
1827,153,2025,1
1827,10,1989,1
1827,10,1993,3
1827,10,1997,6
1827,10,2001,2
1827,10,2005,1
1827,10,2013,1
1827,10,2021,2
1827,10,2025,4
1827,124,2013,2
1827,124,2017,3
1827,124,2021,1
1827,46,2001,1
1827,11,1993,17
1827,11,1997,16
1827,11,2001,13
1827,11,2005,9
1827,21,1997,1
1827,21,2013,1
1827,22,1993,2
1827,14,1989,4
1827,14,1993,3
1827,27,1997,126
1827,132,2017,1
1827,132,2021,1
1827,132,2025,3
1827,92,2009,1
1828,01,1989,438
1828,01,1993,315
1828,01,1997,335
1828,01,2001,180
1828,01,2005,272
1828,01,2009,323
1828,01,2013,282
1828,01,2017,254
1828,01,2021,235
1828,01,2025,293
1828,02,1989,74
1828,02,1993,25
1828,02,1997,74
1828,02,2001,128
1828,02,2005,192
1828,02,2009,200
1828,02,2013,141
1828,02,2017,123
1828,02,2021,76
1828,02,2025,168
1828,03,1989,168
1828,03,1993,98
1828,03,1997,101
1828,03,2001,97
1828,03,2005,68
1828,03,2009,81
1828,03,2013,188
1828,03,2017,161
1828,03,2021,69
1828,03,2025,53
1828,04,1989,76
1828,04,1993,52
1828,04,1997,118
1828,04,2001,100
1828,04,2005,37
1828,04,2009,35
1828,04,2013,44
1828,04,2017,24
1828,04,2021,19
1828,04,2025,30
1828,08,1993,2
1828,08,1997,1
1828,08,2005,1
1828,08,2009,2
1828,08,2013,33
1828,08,2017,24
1828,08,2021,17
1828,08,2025,18
1828,55,2009,14
1828,55,2013,20
1828,55,2017,20
1828,55,2021,71
1828,55,2025,99
1828,05,1989,122
1828,05,1993,295
1828,05,1997,155
1828,05,2001,125
1828,05,2005,155
1828,05,2009,145
1828,05,2013,124
1828,05,2017,260
1828,05,2021,361
1828,05,2025,160
1828,06,1989,170
1828,06,1993,158
1828,06,1997,91
1828,06,2001,184
1828,06,2005,158
1828,06,2009,101
1828,06,2013,100
1828,06,2017,116
1828,06,2021,86
1828,06,2025,61
1828,07,1989,29
1828,07,1993,30
1828,07,1997,43
1828,07,2001,29
1828,07,2005,35
1828,07,2009,38
1828,07,2013,40
1828,07,2017,19
1828,07,2021,7
1828,07,2025,14
1828,150,2021,1
1828,122,2021,22
1828,122,2025,9
1828,13,1993,3
1828,13,1997,2
1828,13,2001,1
1828,125,2013,1
1828,158,2025,4
1828,15,1989,11
1828,154,2025,8
1828,152,2021,5
1828,152,2025,5
1828,48,2005,4
1828,48,2009,1
1828,44,2001,144
1828,44,2005,48
1828,44,2009,18
1828,44,2013,2
1828,44,2017,5
1828,123,2013,2
1828,123,2025,1
1828,133,2017,2
1828,133,2021,3
1828,09,2001,1
1828,09,2017,1
1828,159,2025,4
1828,153,2021,2
1828,153,2025,2
1828,10,1989,2
1828,10,1993,1
1828,10,1997,5
1828,10,2001,3
1828,10,2013,1
1828,10,2021,3
1828,10,2025,10
1828,124,2013,4
1828,124,2017,2
1828,46,2001,2
1828,11,1993,8
1828,11,1997,19
1828,11,2001,11
1828,11,2005,17
1828,21,2013,1
1828,22,1993,3
1828,14,1989,11
1828,14,1993,5
1828,27,1997,99
1828,132,2017,4
1828,132,2021,3
1828,132,2025,1
1828,92,2009,3
1832,01,1989,1283
1832,01,1993,1057
1832,01,1997,1060
1832,01,2001,720
1832,01,2005,1006
1832,01,2009,1069
1832,01,2013,1026
1832,01,2017,776
1832,01,2021,790
1832,01,2025,817
1832,02,1989,231
1832,02,1993,90
1832,02,1997,263
1832,02,2001,312
1832,02,2005,557
1832,02,2009,509
1832,02,2013,415
1832,02,2017,349
1832,02,2021,214
1832,02,2025,588
1832,03,1989,421
1832,03,1993,239
1832,03,1997,207
1832,03,2001,254
1832,03,2005,133
1832,03,2009,171
1832,03,2013,439
1832,03,2017,464
1832,03,2021,321
1832,03,2025,190
1832,04,1989,163
1832,04,1993,133
1832,04,1997,324
1832,04,2001,276
1832,04,2005,95
1832,04,2009,81
1832,04,2013,70
1832,04,2017,53
1832,04,2021,32
1832,04,2025,45
1832,08,1993,1
1832,08,1997,1
1832,08,2005,3
1832,08,2009,1
1832,08,2013,51
1832,08,2017,65
1832,08,2021,43
1832,08,2025,82
1832,55,2009,41
1832,55,2013,39
1832,55,2017,96
1832,55,2021,195
1832,55,2025,245
1832,05,1989,293
1832,05,1993,861
1832,05,1997,525
1832,05,2001,325
1832,05,2005,346
1832,05,2009,388
1832,05,2013,350
1832,05,2017,578
1832,05,2021,738
1832,05,2025,347
1832,06,1989,568
1832,06,1993,405
1832,06,1997,240
1832,06,2001,404
1832,06,2005,337
1832,06,2009,192
1832,06,2013,149
1832,06,2017,192
1832,06,2021,168
1832,06,2025,130
1832,07,1989,71
1832,07,1993,70
1832,07,1997,69
1832,07,2001,36
1832,07,2005,65
1832,07,2009,59
1832,07,2013,73
1832,07,2017,51
1832,07,2021,38
1832,07,2025,43
1832,130,2017,7
1832,150,2021,3
1832,122,2005,14
1832,122,2017,1
1832,122,2021,29
1832,122,2025,23
1832,13,1993,2
1832,13,1997,3
1832,13,2001,1
1832,125,2013,8
1832,158,2025,11
1832,15,1989,15
1832,154,2025,22
1832,152,2021,13
1832,152,2025,38
1832,48,2001,8
1832,48,2005,4
1832,48,2009,20
1832,44,2001,244
1832,44,2005,63
1832,44,2009,19
1832,44,2013,2
1832,123,2013,12
1832,123,2017,1
1832,123,2021,4
1832,123,2025,9
1832,12,2001,1
1832,133,2017,4
1832,133,2021,1
1832,09,1997,3
1832,09,2001,4
1832,09,2005,1
1832,09,2009,1
1832,09,2013,4
1832,09,2017,3
1832,09,2021,1
1832,49,2001,4
1832,159,2025,11
1832,153,2021,3
1832,153,2025,3
1832,10,1989,5
1832,10,1993,4
1832,10,1997,7
1832,10,2001,2
1832,10,2005,30
1832,10,2013,4
1832,10,2021,4
1832,10,2025,17
1832,124,2013,13
1832,124,2017,2
1832,124,2021,5
1832,46,2001,13
1832,11,1993,10
1832,11,1997,36
1832,11,2001,12
1832,11,2005,28
1832,21,1997,11
1832,21,2005,2
1832,21,2013,20
1832,22,1993,3
1832,14,1989,9
1832,14,1993,3
1832,27,1997,125
1832,132,2017,4
1832,132,2021,5
1832,132,2025,7
1832,92,2001,1
1832,92,2009,23
1833,01,1989,6595
1833,01,1993,6307
1833,01,1997,6870
1833,01,2001,4462
1833,01,2005,6824
1833,01,2009,7027
1833,01,2013,6772
1833,01,2017,4846
1833,01,2021,5842
1833,01,2025,5611
1833,02,1989,914
1833,02,1993,494
1833,02,1997,1445
1833,02,2001,1636
1833,02,2005,3007
1833,02,2009,2908
1833,02,2013,2307
1833,02,2017,2256
1833,02,2021,906
1833,02,2025,3230
1833,03,1989,2054
1833,03,1993,1178
1833,03,1997,1028
1833,03,2001,1688
1833,03,2005,756
1833,03,2009,1198
1833,03,2013,2676
1833,03,2017,3062
1833,03,2021,2732
1833,03,2025,1812
1833,04,1989,450
1833,04,1993,384
1833,04,1997,1190
1833,04,2001,1033
1833,04,2005,391
1833,04,2009,329
1833,04,2013,335
1833,04,2017,253
1833,04,2021,176
1833,04,2025,249
1833,08,1993,8
1833,08,1997,14
1833,08,2005,10
1833,08,2009,28
1833,08,2013,257
1833,08,2017,305
1833,08,2021,292
1833,08,2025,344
1833,55,2009,236
1833,55,2013,226
1833,55,2017,529
1833,55,2021,900
1833,55,2025,1245
1833,05,1989,405
1833,05,1993,1763
1833,05,1997,822
1833,05,2001,606
1833,05,2005,686
1833,05,2009,634
1833,05,2013,563
1833,05,2017,1883
1833,05,2021,2020
1833,05,2025,997
1833,06,1989,3874
1833,06,1993,2390
1833,06,1997,1721
1833,06,2001,2901
1833,06,2005,2259
1833,06,2009,1392
1833,06,2013,881
1833,06,2017,1117
1833,06,2021,1005
1833,06,2025,740
1833,07,1989,229
1833,07,1993,259
1833,07,1997,372
1833,07,2001,283
1833,07,2005,328
1833,07,2009,276
1833,07,2013,388
1833,07,2017,303
1833,07,2021,354
1833,07,2025,250
1833,130,2017,17
1833,150,2021,17
1833,122,2005,3
1833,122,2013,1
1833,122,2017,26
1833,122,2021,174
1833,122,2025,121
1833,13,1993,18
1833,13,1997,13
1833,13,2001,11
1833,125,2013,15
1833,158,2025,39
1833,15,1989,221
1833,154,2025,120
1833,152,2021,97
1833,152,2025,266
1833,48,2001,17
1833,48,2005,13
1833,48,2009,8
1833,44,2001,874
1833,44,2005,214
1833,44,2009,60
1833,44,2013,12
1833,44,2017,12
1833,123,2013,43
1833,123,2017,19
1833,123,2021,20
1833,123,2025,24
1833,12,2001,4
1833,133,2017,26
1833,133,2021,14
1833,20,1997,7
1833,09,1997,23
1833,09,2001,18
1833,09,2005,8
1833,09,2009,10
1833,09,2013,5
1833,09,2017,7
1833,49,2001,7
1833,159,2025,40
1833,153,2021,16
1833,153,2025,11
1833,10,1989,24
1833,10,1993,41
1833,10,1997,26
1833,10,2001,35
1833,10,2005,22
1833,10,2013,34
1833,10,2021,78
1833,10,2025,110
1833,124,2013,47
1833,124,2017,22
1833,124,2021,18
1833,46,2001,86
1833,11,1993,124
1833,11,1997,236
1833,11,2001,125
1833,11,2005,154
1833,21,1997,11
1833,21,2005,1
1833,21,2013,18
1833,22,1993,34
1833,14,1989,33
1833,14,1993,41
1833,27,1997,415
1833,132,2017,53
1833,132,2021,17
1833,132,2025,45
1833,92,2001,8
1833,92,2009,19
1834,01,1989,473
1834,01,1993,335
1834,01,1997,346
1834,01,2001,213
1834,01,2005,335
1834,01,2009,360
1834,01,2013,352
1834,01,2017,263
1834,01,2021,267
1834,01,2025,316
1834,02,1989,124
1834,02,1993,30
1834,02,1997,106
1834,02,2001,78
1834,02,2005,189
1834,02,2009,188
1834,02,2013,217
1834,02,2017,208
1834,02,2021,153
1834,02,2025,249
1834,03,1989,190
1834,03,1993,111
1834,03,1997,80
1834,03,2001,104
1834,03,2005,69
1834,03,2009,90
1834,03,2013,225
1834,03,2017,165
1834,03,2021,159
1834,03,2025,148
1834,04,1989,133
1834,04,1993,101
1834,04,1997,194
1834,04,2001,156
1834,04,2005,78
1834,04,2009,66
1834,04,2013,66
1834,04,2017,38
1834,04,2021,23
1834,04,2025,37
1834,08,1993,2
1834,08,2013,17
1834,08,2017,26
1834,08,2021,15
1834,08,2025,26
1834,55,2009,11
1834,55,2013,5
1834,55,2017,17
1834,55,2021,59
1834,55,2025,81
1834,05,1989,182
1834,05,1993,439
1834,05,1997,208
1834,05,2001,137
1834,05,2005,179
1834,05,2009,159
1834,05,2013,137
1834,05,2017,272
1834,05,2021,314
1834,05,2025,114
1834,06,1989,168
1834,06,1993,131
1834,06,1997,80
1834,06,2001,104
1834,06,2005,79
1834,06,2009,49
1834,06,2013,42
1834,06,2017,49
1834,06,2021,49
1834,06,2025,38
1834,07,1989,48
1834,07,1993,48
1834,07,1997,44
1834,07,2001,24
1834,07,2005,42
1834,07,2009,20
1834,07,2013,37
1834,07,2017,27
1834,07,2021,14
1834,07,2025,16
1834,122,2017,1
1834,122,2021,13
1834,122,2025,10
1834,13,1993,5
1834,13,1997,2
1834,13,2001,1
1834,125,2013,1
1834,158,2025,2
1834,15,1989,6
1834,154,2025,11
1834,152,2021,4
1834,152,2025,7
1834,48,2001,3
1834,48,2005,2
1834,48,2009,7
1834,44,2001,315
1834,44,2005,172
1834,44,2009,134
1834,44,2013,17
1834,44,2017,17
1834,123,2013,12
1834,123,2017,3
1834,123,2021,5
1834,123,2025,5
1834,133,2017,4
1834,133,2021,3
1834,09,2001,2
1834,09,2005,1
1834,49,2001,1
1834,159,2025,3
1834,153,2021,1
1834,153,2025,1
1834,10,1989,1
1834,10,1993,1
1834,10,1997,2
1834,10,2001,1
1834,10,2005,1
1834,10,2021,5
1834,10,2025,3
1834,124,2013,4
1834,124,2017,2
1834,124,2021,1
1834,46,2001,1
1834,11,1993,3
1834,11,1997,8
1834,11,2001,3
1834,11,2005,7
1834,21,1997,3
1834,21,2013,2
1834,22,1993,1
1834,14,1989,4
1834,14,1993,3
1834,27,1997,190
1834,132,2017,3
1834,132,2025,1
1834,92,2009,1
1835,01,1989,72
1835,01,1993,53
1835,01,1997,51
1835,01,2001,34
1835,01,2005,52
1835,01,2009,69
1835,01,2013,67
1835,01,2017,48
1835,01,2021,45
1835,01,2025,55
1835,02,1989,23
1835,02,1993,4
1835,02,1997,10
1835,02,2001,11
1835,02,2005,35
1835,02,2009,45
1835,02,2013,35
1835,02,2017,34
1835,02,2021,34
1835,02,2025,60
1835,03,1989,54
1835,03,1993,32
1835,03,1997,19
1835,03,2001,16
1835,03,2005,6
1835,03,2009,14
1835,03,2013,28
1835,03,2017,16
1835,03,2021,14
1835,03,2025,5
1835,04,1989,61
1835,04,1993,40
1835,04,1997,45
1835,04,2001,37
1835,04,2005,20
1835,04,2009,22
1835,04,2013,26
1835,04,2017,21
1835,04,2021,9
1835,04,2025,5
1835,08,2009,1
1835,08,2013,3
1835,08,2017,1
1835,08,2021,3
1835,08,2025,2
1835,55,2009,2
1835,55,2013,2
1835,55,2017,3
1835,55,2021,8
1835,55,2025,14
1835,05,1989,47
1835,05,1993,127
1835,05,1997,39
1835,05,2001,26
1835,05,2005,47
1835,05,2009,43
1835,05,2013,42
1835,05,2017,63
1835,05,2021,92
1835,05,2025,57
1835,06,1989,35
1835,06,1993,17
1835,06,1997,8
1835,06,2001,13
1835,06,2005,13
1835,06,2009,9
1835,06,2013,13
1835,06,2017,17
1835,06,2021,11
1835,06,2025,5
1835,07,1989,6
1835,07,1993,7
1835,07,1997,10
1835,07,2001,2
1835,07,2005,1
1835,07,2009,4
1835,07,2013,5
1835,07,2017,4
1835,07,2021,1
1835,07,2025,3
1835,122,2021,2
1835,122,2025,2
1835,125,2013,1
1835,15,1989,4
1835,152,2025,4
1835,44,2001,115
1835,44,2005,56
1835,44,2009,22
1835,44,2013,1
1835,44,2017,6
1835,09,1997,1
1835,10,1989,3
1835,10,1993,2
1835,10,2001,2
1835,10,2005,2
1835,10,2021,1
1835,46,2001,2
1835,11,1997,1
1835,11,2005,6
1835,27,1997,106
1835,132,2017,2
1835,132,2021,2
1835,92,2001,1
1835,92,2009,2
1836,01,1989,340
1836,01,1993,205
1836,01,1997,199
1836,01,2001,88
1836,01,2005,174
1836,01,2009,177
1836,01,2013,196
1836,01,2017,124
1836,01,2021,138
1836,01,2025,194
1836,02,1989,91
1836,02,1993,31
1836,02,1997,61
1836,02,2001,57
1836,02,2005,154
1836,02,2009,188
1836,02,2013,134
1836,02,2017,122
1836,02,2021,84
1836,02,2025,164
1836,03,1989,146
1836,03,1993,66
1836,03,1997,38
1836,03,2001,39
1836,03,2005,29
1836,03,2009,43
1836,03,2013,104
1836,03,2017,105
1836,03,2021,67
1836,03,2025,53
1836,04,1989,169
1836,04,1993,122
1836,04,1997,250
1836,04,2001,189
1836,04,2005,96
1836,04,2009,79
1836,04,2013,80
1836,04,2017,40
1836,04,2021,37
1836,04,2025,42
1836,08,1993,1
1836,08,2013,6
1836,08,2017,10
1836,08,2021,9
1836,08,2025,6
1836,55,2009,8
1836,55,2013,8
1836,55,2017,11
1836,55,2021,32
1836,55,2025,33
1836,05,1989,107
1836,05,1993,395
1836,05,1997,150
1836,05,2001,93
1836,05,2005,178
1836,05,2009,135
1836,05,2013,137
1836,05,2017,230
1836,05,2021,278
1836,05,2025,128
1836,06,1989,85
1836,06,1993,80
1836,06,1997,35
1836,06,2001,60
1836,06,2005,48
1836,06,2009,34
1836,06,2013,18
1836,06,2017,29
1836,06,2021,26
1836,06,2025,42
1836,07,1989,25
1836,07,1993,26
1836,07,1997,23
1836,07,2001,13
1836,07,2005,22
1836,07,2009,6
1836,07,2013,1
1836,07,2017,6
1836,07,2021,8
1836,07,2025,4
1836,150,2021,2
1836,122,2005,1
1836,122,2013,1
1836,122,2017,2
1836,122,2021,12
1836,122,2025,5
1836,13,1997,2
1836,125,2013,2
1836,15,1989,9
1836,154,2025,5
1836,152,2021,3
1836,152,2025,10
1836,48,2001,6
1836,48,2009,1
1836,44,2001,269
1836,44,2005,67
1836,44,2009,24
1836,44,2013,24
1836,44,2017,10
1836,123,2013,10
1836,123,2017,5
1836,123,2021,7
1836,123,2025,9
1836,133,2017,2
1836,133,2021,1
1836,09,1997,2
1836,159,2025,3
1836,153,2021,3
1836,10,1989,2
1836,10,1993,2
1836,10,1997,1
1836,10,2005,1
1836,10,2025,3
1836,124,2013,4
1836,124,2021,1
1836,46,2001,1
1836,11,1997,6
1836,11,2001,2
1836,11,2005,3
1836,21,2005,1
1836,21,2013,1
1836,22,1993,8
1836,14,1989,2
1836,14,1993,3
1836,27,1997,127
1836,132,2017,1
1836,132,2021,1
1836,132,2025,2
1837,01,1989,1543
1837,01,1993,1269
1837,01,1997,1337
1837,01,2001,836
1837,01,2005,1278
1837,01,2009,1270
1837,01,2013,1062
1837,01,2017,841
1837,01,2021,874
1837,01,2025,870
1837,02,1989,426
1837,02,1993,83
1837,02,1997,371
1837,02,2001,439
1837,02,2005,849
1837,02,2009,910
1837,02,2013,780
1837,02,2017,673
1837,02,2021,525
1837,02,2025,1018
1837,03,1989,768
1837,03,1993,434
1837,03,1997,376
1837,03,2001,469
1837,03,2005,322
1837,03,2009,446
1837,03,2013,751
1837,03,2017,675
1837,03,2021,508
1837,03,2025,331
1837,04,1989,463
1837,04,1993,391
1837,04,1997,711
1837,04,2001,580
1837,04,2005,379
1837,04,2009,278
1837,04,2013,258
1837,04,2017,180
1837,04,2021,173
1837,04,2025,165
1837,08,1993,3
1837,08,1997,5
1837,08,2005,5
1837,08,2009,6
1837,08,2013,48
1837,08,2017,42
1837,08,2021,40
1837,08,2025,42
1837,55,2009,22
1837,55,2013,27
1837,55,2017,38
1837,55,2021,101
1837,55,2025,142
1837,05,1989,204
1837,05,1993,993
1837,05,1997,387
1837,05,2001,239
1837,05,2005,284
1837,05,2009,230
1837,05,2013,213
1837,05,2017,617
1837,05,2021,760
1837,05,2025,313
1837,06,1989,513
1837,06,1993,416
1837,06,1997,223
1837,06,2001,414
1837,06,2005,305
1837,06,2009,178
1837,06,2013,131
1837,06,2017,163
1837,06,2021,170
1837,06,2025,160
1837,07,1989,118
1837,07,1993,132
1837,07,1997,124
1837,07,2001,85
1837,07,2005,132
1837,07,2009,80
1837,07,2013,113
1837,07,2017,76
1837,07,2021,65
1837,07,2025,49
1837,150,2021,1
1837,122,2005,2
1837,122,2013,1
1837,122,2017,8
1837,122,2021,74
1837,122,2025,35
1837,13,1993,4
1837,13,1997,4
1837,13,2001,3
1837,125,2013,4
1837,158,2025,6
1837,15,1989,59
1837,154,2025,38
1837,152,2021,41
1837,152,2025,63
1837,48,2001,13
1837,48,2005,11
1837,48,2009,15
1837,44,2001,550
1837,44,2005,116
1837,44,2009,23
1837,44,2013,5
1837,44,2017,5
1837,123,2013,44
1837,123,2017,17
1837,123,2021,16
1837,123,2025,20
1837,12,2001,1
1837,133,2017,12
1837,133,2021,6
1837,09,2001,1
1837,09,2005,4
1837,09,2009,2
1837,09,2017,2
1837,09,2021,3
1837,49,2001,1
1837,159,2025,32
1837,153,2021,1
1837,153,2025,8
1837,10,1989,11
1837,10,1993,12
1837,10,1997,6
1837,10,2001,13
1837,10,2005,7
1837,10,2013,9
1837,10,2021,21
1837,10,2025,26
1837,124,2013,12
1837,124,2017,5
1837,124,2021,3
1837,46,2001,30
1837,11,1993,14
1837,11,1997,30
1837,11,2001,7
1837,11,2005,18
1837,21,1997,4
1837,21,2005,1
1837,21,2013,1
1837,22,1993,19
1837,14,1989,13
1837,14,1993,24
1837,27,1997,321
1837,132,2017,9
1837,132,2021,13
1837,132,2025,5
1837,92,2001,1
1837,92,2009,5
1838,01,1989,631
1838,01,1993,459
1838,01,1997,484
1838,01,2001,302
1838,01,2005,434
1838,01,2009,414
1838,01,2013,365
1838,01,2017,265
1838,01,2021,283
1838,01,2025,307
1838,02,1989,141
1838,02,1993,53
1838,02,1997,154
1838,02,2001,183
1838,02,2005,272
1838,02,2009,318
1838,02,2013,248
1838,02,2017,209
1838,02,2021,152
1838,02,2025,278
1838,03,1989,314
1838,03,1993,168
1838,03,1997,130
1838,03,2001,163
1838,03,2005,77
1838,03,2009,115
1838,03,2013,202
1838,03,2017,204
1838,03,2021,187
1838,03,2025,126
1838,04,1989,174
1838,04,1993,140
1838,04,1997,231
1838,04,2001,181
1838,04,2005,97
1838,04,2009,68
1838,04,2013,66
1838,04,2017,44
1838,04,2021,39
1838,04,2025,47
1838,08,1997,1
1838,08,2005,1
1838,08,2009,3
1838,08,2013,34
1838,08,2017,28
1838,08,2021,27
1838,08,2025,24
1838,55,2009,17
1838,55,2013,12
1838,55,2017,25
1838,55,2021,64
1838,55,2025,73
1838,05,1989,99
1838,05,1993,420
1838,05,1997,183
1838,05,2001,126
1838,05,2005,135
1838,05,2009,113
1838,05,2013,104
1838,05,2017,222
1838,05,2021,257
1838,05,2025,116
1838,06,1989,146
1838,06,1993,104
1838,06,1997,70
1838,06,2001,125
1838,06,2005,123
1838,06,2009,86
1838,06,2013,50
1838,06,2017,57
1838,06,2021,51
1838,06,2025,61
1838,07,1989,41
1838,07,1993,84
1838,07,1997,58
1838,07,2001,51
1838,07,2005,38
1838,07,2009,36
1838,07,2013,40
1838,07,2017,20
1838,07,2021,16
1838,07,2025,22
1838,130,2017,2
1838,122,2005,1
1838,122,2017,2
1838,122,2021,17
1838,122,2025,26
1838,13,1993,3
1838,125,2013,3
1838,158,2025,7
1838,15,1989,6
1838,154,2025,7
1838,152,2021,3
1838,152,2025,6
1838,48,2001,8
1838,48,2005,1
1838,48,2009,3
1838,44,2001,158
1838,44,2005,71
1838,44,2009,10
1838,44,2013,1
1838,44,2017,2
1838,123,2013,16
1838,123,2017,10
1838,123,2021,13
1838,123,2025,14
1838,12,2001,1
1838,133,2017,2
1838,133,2021,1
1838,20,1997,2
1838,09,1997,1
1838,09,2001,1
1838,09,2005,1
1838,09,2017,1
1838,159,2025,5
1838,153,2021,2
1838,10,1989,9
1838,10,1993,11
1838,10,1997,5
1838,10,2001,2
1838,10,2005,2
1838,10,2013,2
1838,10,2021,14
1838,10,2025,15
1838,124,2013,3
1838,124,2017,6
1838,124,2021,2
1838,46,2001,5
1838,11,1993,1
1838,11,1997,10
1838,11,2001,7
1838,11,2005,8
1838,21,1997,2
1838,21,2013,1
1838,22,1993,10
1838,14,1989,2
1838,14,1993,5
1838,27,1997,129
1838,132,2017,9
1838,132,2021,4
1838,92,2001,1
1838,92,2009,2
1839,01,1989,431
1839,01,1993,345
1839,01,1997,350
1839,01,2001,206
1839,01,2005,325
1839,01,2009,279
1839,01,2013,266
1839,01,2017,194
1839,01,2021,170
1839,01,2025,207
1839,02,1989,74
1839,02,1993,26
1839,02,1997,83
1839,02,2001,83
1839,02,2005,107
1839,02,2009,146
1839,02,2013,88
1839,02,2017,94
1839,02,2021,78
1839,02,2025,152
1839,03,1989,126
1839,03,1993,59
1839,03,1997,47
1839,03,2001,62
1839,03,2005,35
1839,03,2009,39
1839,03,2013,88
1839,03,2017,92
1839,03,2021,53
1839,03,2025,51
1839,04,1989,51
1839,04,1993,39
1839,04,1997,75
1839,04,2001,73
1839,04,2005,29
1839,04,2009,24
1839,04,2013,26
1839,04,2017,10
1839,04,2021,4
1839,04,2025,2
1839,08,2005,3
1839,08,2009,2
1839,08,2013,12
1839,08,2017,10
1839,08,2021,7
1839,08,2025,13
1839,55,2009,4
1839,55,2013,6
1839,55,2017,8
1839,55,2021,18
1839,55,2025,28
1839,05,1989,122
1839,05,1993,280
1839,05,1997,194
1839,05,2001,123
1839,05,2005,138
1839,05,2009,145
1839,05,2013,135
1839,05,2017,235
1839,05,2021,263
1839,05,2025,130
1839,06,1989,88
1839,06,1993,67
1839,06,1997,41
1839,06,2001,69
1839,06,2005,56
1839,06,2009,36
1839,06,2013,24
1839,06,2017,21
1839,06,2021,19
1839,06,2025,21
1839,07,1989,7
1839,07,1993,11
1839,07,1997,7
1839,07,2001,6
1839,07,2005,10
1839,07,2009,8
1839,07,2013,8
1839,07,2017,8
1839,07,2021,5
1839,07,2025,8
1839,150,2021,1
1839,122,2021,8
1839,122,2025,16
1839,13,1993,3
1839,13,1997,1
1839,158,2025,1
1839,15,1989,12
1839,154,2025,3
1839,152,2021,1
1839,152,2025,9
1839,48,2001,3
1839,48,2009,1
1839,44,2001,87
1839,44,2005,10
1839,44,2009,1
1839,123,2013,3
1839,123,2021,1
1839,123,2025,2
1839,12,2001,1
1839,133,2017,4
1839,133,2021,2
1839,159,2025,3
1839,153,2021,2
1839,10,1989,2
1839,10,1993,6
1839,10,1997,2
1839,10,2001,4
1839,10,2021,6
1839,10,2025,7
1839,124,2017,1
1839,124,2021,2
1839,46,2001,5
1839,11,1993,4
1839,11,1997,10
1839,11,2001,2
1839,11,2005,4
1839,21,1997,2
1839,21,2005,2
1839,14,1989,4
1839,14,1993,2
1839,27,1997,24
1839,132,2017,2
1839,132,2021,1
1839,92,2001,4
1839,92,2009,1
1840,01,1989,1303
1840,01,1993,1103
1840,01,1997,1154
1840,01,2001,727
1840,01,2005,1146
1840,01,2009,1112
1840,01,2013,1023
1840,01,2017,726
1840,01,2021,772
1840,01,2025,885
1840,02,1989,263
1840,02,1993,119
1840,02,1997,339
1840,02,2001,571
1840,02,2005,727
1840,02,2009,698
1840,02,2013,527
1840,02,2017,482
1840,02,2021,386
1840,02,2025,760
1840,03,1989,482
1840,03,1993,297
1840,03,1997,265
1840,03,2001,306
1840,03,2005,179
1840,03,2009,275
1840,03,2013,596
1840,03,2017,530
1840,03,2021,288
1840,03,2025,226
1840,04,1989,153
1840,04,1993,127
1840,04,1997,275
1840,04,2001,229
1840,04,2005,91
1840,04,2009,97
1840,04,2013,110
1840,04,2017,59
1840,04,2021,48
1840,04,2025,63
1840,08,1993,10
1840,08,1997,11
1840,08,2005,5
1840,08,2009,10
1840,08,2013,52
1840,08,2017,36
1840,08,2021,29
1840,08,2025,30
1840,55,2009,29
1840,55,2013,33
1840,55,2017,59
1840,55,2021,111
1840,55,2025,143
1840,05,1989,147
1840,05,1993,522
1840,05,1997,256
1840,05,2001,206
1840,05,2005,237
1840,05,2009,216
1840,05,2013,165
1840,05,2017,614
1840,05,2021,791
1840,05,2025,269
1840,06,1989,500
1840,06,1993,390
1840,06,1997,229
1840,06,2001,398
1840,06,2005,312
1840,06,2009,215
1840,06,2013,115
1840,06,2017,134
1840,06,2021,135
1840,06,2025,136
1840,07,1989,101
1840,07,1993,122
1840,07,1997,108
1840,07,2001,56
1840,07,2005,84
1840,07,2009,40
1840,07,2013,82
1840,07,2017,38
1840,07,2021,37
1840,07,2025,34
1840,130,2017,2
1840,150,2021,2
1840,122,2005,1
1840,122,2017,1
1840,122,2021,17
1840,122,2025,20
1840,13,1993,10
1840,13,1997,7
1840,13,2001,2
1840,125,2013,2
1840,158,2025,8
1840,15,1989,43
1840,154,2025,22
1840,152,2021,19
1840,152,2025,29
1840,48,2001,12
1840,48,2005,2
1840,48,2009,4
1840,44,2001,149
1840,44,2005,29
1840,44,2009,6
1840,44,2017,3
1840,123,2013,6
1840,123,2017,2
1840,123,2021,8
1840,123,2025,4
1840,12,2001,1
1840,133,2017,3
1840,133,2021,4
1840,20,1997,1
1840,09,1997,5
1840,09,2001,8
1840,09,2005,3
1840,09,2009,2
1840,09,2013,3
1840,09,2017,1
1840,49,2001,1
1840,159,2025,11
1840,153,2021,7
1840,153,2025,2
1840,10,1989,8
1840,10,1993,13
1840,10,1997,5
1840,10,2001,15
1840,10,2005,4
1840,10,2013,1
1840,10,2021,19
1840,10,2025,20
1840,124,2013,9
1840,124,2017,3
1840,124,2021,2
1840,46,2001,11
1840,11,1993,25
1840,11,1997,54
1840,11,2001,26
1840,11,2005,20
1840,21,1997,1
1840,21,2013,1
1840,22,1993,3
1840,14,1989,17
1840,14,1993,16
1840,27,1997,109
1840,132,2017,4
1840,132,2021,3
1840,132,2025,4
1840,92,2001,3
1840,92,2009,1
1841,01,1989,2861
1841,01,1993,2416
1841,01,1997,2562
1841,01,2001,1705
1841,01,2005,2527
1841,01,2009,2511
1841,01,2013,2158
1841,01,2017,1714
1841,01,2021,1770
1841,01,2025,2002
1841,02,1989,682
1841,02,1993,334
1841,02,1997,915
1841,02,2001,1040
1841,02,2005,1406
1841,02,2009,1327
1841,02,2013,1060
1841,02,2017,1091
1841,02,2021,824
1841,02,2025,1539
1841,03,1989,1101
1841,03,1993,579
1841,03,1997,520
1841,03,2001,612
1841,03,2005,383
1841,03,2009,590
1841,03,2013,1178
1841,03,2017,1152
1841,03,2021,881
1841,03,2025,601
1841,04,1989,202
1841,04,1993,169
1841,04,1997,506
1841,04,2001,402
1841,04,2005,154
1841,04,2009,118
1841,04,2013,190
1841,04,2017,112
1841,04,2021,105
1841,04,2025,121
1841,08,1993,2
1841,08,1997,7
1841,08,2005,9
1841,08,2009,8
1841,08,2013,94
1841,08,2017,95
1841,08,2021,93
1841,08,2025,129
1841,55,2009,55
1841,55,2013,95
1841,55,2017,180
1841,55,2021,252
1841,55,2025,292
1841,05,1989,162
1841,05,1993,813
1841,05,1997,308
1841,05,2001,305
1841,05,2005,284
1841,05,2009,234
1841,05,2013,224
1841,05,2017,700
1841,05,2021,902
1841,05,2025,318
1841,06,1989,930
1841,06,1993,591
1841,06,1997,390
1841,06,2001,794
1841,06,2005,533
1841,06,2009,349
1841,06,2013,235
1841,06,2017,376
1841,06,2021,348
1841,06,2025,304
1841,07,1989,162
1841,07,1993,604
1841,07,1997,246
1841,07,2001,142
1841,07,2005,231
1841,07,2009,131
1841,07,2013,159
1841,07,2017,123
1841,07,2021,100
1841,07,2025,96
1841,130,2017,2
1841,150,2021,1
1841,122,2005,3
1841,122,2013,3
1841,122,2017,8
1841,122,2021,76
1841,122,2025,34
1841,13,1993,23
1841,13,1997,6
1841,13,2001,7
1841,125,2013,6
1841,158,2025,18
1841,15,1989,80
1841,154,2025,44
1841,152,2021,43
1841,152,2025,69
1841,48,2001,6
1841,48,2005,3
1841,48,2009,3
1841,44,2001,321
1841,44,2005,46
1841,44,2009,8
1841,44,2013,6
1841,44,2017,8
1841,123,2013,14
1841,123,2017,4
1841,123,2021,13
1841,123,2025,13
1841,12,2001,3
1841,133,2017,14
1841,133,2021,6
1841,20,1997,2
1841,09,1997,6
1841,09,2001,5
1841,09,2005,5
1841,09,2009,6
1841,09,2013,2
1841,09,2017,1
1841,09,2021,3
1841,49,2001,3
1841,159,2025,17
1841,153,2021,7
1841,153,2025,2
1841,10,1989,14
1841,10,1993,33
1841,10,1997,19
1841,10,2001,18
1841,10,2005,5
1841,10,2013,20
1841,10,2021,56
1841,10,2025,48
1841,124,2013,20
1841,124,2017,6
1841,124,2021,8
1841,46,2001,35
1841,11,1993,23
1841,11,1997,65
1841,11,2001,37
1841,11,2005,35
1841,21,1997,2
1841,21,2005,3
1841,21,2013,2
1841,22,1993,17
1841,14,1989,41
1841,14,1993,46
1841,27,1997,172
1841,132,2017,20
1841,132,2021,11
1841,132,2025,8
1841,92,2001,2
1841,92,2009,9
1845,01,1989,780
1845,01,1993,587
1845,01,1997,682
1845,01,2001,442
1845,01,2005,667
1845,01,2009,616
1845,01,2013,536
1845,01,2017,386
1845,01,2021,373
1845,01,2025,407
1845,02,1989,161
1845,02,1993,39
1845,02,1997,143
1845,02,2001,135
1845,02,2005,236
1845,02,2009,247
1845,02,2013,197
1845,02,2017,159
1845,02,2021,136
1845,02,2025,289
1845,03,1989,251
1845,03,1993,83
1845,03,1997,75
1845,03,2001,95
1845,03,2005,55
1845,03,2009,97
1845,03,2013,202
1845,03,2017,188
1845,03,2021,109
1845,03,2025,68
1845,04,1989,117
1845,04,1993,86
1845,04,1997,159
1845,04,2001,145
1845,04,2005,40
1845,04,2009,22
1845,04,2013,27
1845,04,2017,12
1845,04,2021,17
1845,04,2025,13
1845,08,1993,6
1845,08,2005,1
1845,08,2009,1
1845,08,2013,7
1845,08,2017,12
1845,08,2021,8
1845,08,2025,14
1845,55,2009,10
1845,55,2013,16
1845,55,2017,30
1845,55,2021,56
1845,55,2025,74
1845,05,1989,155
1845,05,1993,427
1845,05,1997,174
1845,05,2001,191
1845,05,2005,122
1845,05,2009,111
1845,05,2013,95
1845,05,2017,266
1845,05,2021,328
1845,05,2025,115
1845,06,1989,208
1845,06,1993,149
1845,06,1997,93
1845,06,2001,148
1845,06,2005,121
1845,06,2009,63
1845,06,2013,44
1845,06,2017,66
1845,06,2021,52
1845,06,2025,60
1845,07,1989,23
1845,07,1993,42
1845,07,1997,29
1845,07,2001,12
1845,07,2005,24
1845,07,2009,14
1845,07,2013,26
1845,07,2017,11
1845,07,2021,11
1845,07,2025,4
1845,150,2021,2
1845,122,2017,2
1845,122,2021,8
1845,122,2025,8
1845,13,1993,1
1845,13,1997,1
1845,125,2013,4
1845,158,2025,5
1845,15,1989,10
1845,154,2025,12
1845,152,2021,13
1845,152,2025,19
1845,48,2001,1
1845,48,2005,1
1845,48,2009,1
1845,44,2001,168
1845,44,2005,24
1845,44,2009,4
1845,44,2013,1
1845,44,2017,2
1845,123,2013,8
1845,123,2021,1
1845,133,2017,3
1845,133,2021,1
1845,20,1997,1
1845,09,1997,1
1845,09,2001,2
1845,09,2013,1
1845,09,2017,2
1845,159,2025,3
1845,153,2021,3
1845,153,2025,1
1845,10,1989,7
1845,10,1993,2
1845,10,1997,2
1845,10,2001,11
1845,10,2005,2
1845,10,2013,11
1845,10,2021,3
1845,10,2025,7
1845,124,2013,3
1845,124,2017,4
1845,124,2021,2
1845,46,2001,3
1845,11,1993,4
1845,11,1997,18
1845,11,2001,13
1845,11,2005,5
1845,22,1993,2
1845,14,1989,5
1845,14,1993,9
1845,27,1997,108
1845,132,2017,4
1845,132,2021,2
1845,132,2025,1
1845,92,2009,1
1848,01,1989,598
1848,01,1993,428
1848,01,1997,443
1848,01,2001,283
1848,01,2005,430
1848,01,2009,437
1848,01,2013,433
1848,01,2017,316
1848,01,2021,326
1848,01,2025,386
1848,02,1989,154
1848,02,1993,32
1848,02,1997,158
1848,02,2001,159
1848,02,2005,296
1848,02,2009,321
1848,02,2013,273
1848,02,2017,226
1848,02,2021,159
1848,02,2025,287
1848,03,1989,295
1848,03,1993,107
1848,03,1997,81
1848,03,2001,102
1848,03,2005,68
1848,03,2009,104
1848,03,2013,186
1848,03,2017,188
1848,03,2021,138
1848,03,2025,123
1848,04,1989,207
1848,04,1993,142
1848,04,1997,304
1848,04,2001,282
1848,04,2005,94
1848,04,2009,65
1848,04,2013,66
1848,04,2017,38
1848,04,2021,34
1848,04,2025,32
1848,08,1993,2
1848,08,1997,1
1848,08,2005,3
1848,08,2009,6
1848,08,2013,33
1848,08,2017,29
1848,08,2021,33
1848,08,2025,28
1848,55,2009,48
1848,55,2013,52
1848,55,2017,58
1848,55,2021,73
1848,55,2025,107
1848,05,1989,271
1848,05,1993,699
1848,05,1997,324
1848,05,2001,248
1848,05,2005,307
1848,05,2009,247
1848,05,2013,196
1848,05,2017,463
1848,05,2021,481
1848,05,2025,207
1848,06,1989,207
1848,06,1993,163
1848,06,1997,85
1848,06,2001,152
1848,06,2005,156
1848,06,2009,108
1848,06,2013,76
1848,06,2017,104
1848,06,2021,144
1848,06,2025,156
1848,07,1989,62
1848,07,1993,79
1848,07,1997,80
1848,07,2001,48
1848,07,2005,76
1848,07,2009,92
1848,07,2013,55
1848,07,2017,36
1848,07,2021,34
1848,07,2025,41
1848,150,2021,1
1848,122,2021,22
1848,122,2025,9
1848,13,1993,3
1848,125,2013,4
1848,158,2025,2
1848,15,1989,18
1848,154,2025,8
1848,152,2021,3
1848,152,2025,14
1848,48,2001,14
1848,48,2005,5
1848,48,2009,6
1848,44,2001,285
1848,44,2005,54
1848,44,2009,13
1848,44,2013,4
1848,44,2017,3
1848,123,2013,13
1848,123,2017,5
1848,123,2021,10
1848,123,2025,8
1848,133,2021,1
1848,20,1997,2
1848,09,2001,1
1848,159,2025,6
1848,153,2021,1
1848,153,2025,1
1848,10,1989,9
1848,10,1993,14
1848,10,1997,6
1848,10,2001,9
1848,10,2005,5
1848,10,2013,52
1848,10,2021,5
1848,10,2025,10
1848,124,2013,1
1848,124,2017,1
1848,124,2021,1
1848,46,2001,4
1848,11,1993,5
1848,11,1997,29
1848,11,2001,15
1848,11,2005,18
1848,21,1997,1
1848,21,2005,1
1848,22,1993,3
1848,14,1989,11
1848,14,1993,6
1848,27,1997,216
1848,132,2017,2
1848,132,2021,2
1848,92,2009,2
1851,01,1989,620
1851,01,1993,509
1851,01,1997,392
1851,01,2001,219
1851,01,2005,398
1851,01,2009,413
1851,01,2013,376
1851,01,2017,306
1851,01,2021,314
1851,01,2025,373
1851,02,1989,172
1851,02,1993,54
1851,02,1997,147
1851,02,2001,186
1851,02,2005,298
1851,02,2009,311
1851,02,2013,289
1851,02,2017,183
1851,02,2021,238
1851,02,2025,350
1851,03,1989,457
1851,03,1993,276
1851,03,1997,168
1851,03,2001,253
1851,03,2005,163
1851,03,2009,224
1851,03,2013,313
1851,03,2017,267
1851,03,2021,157
1851,03,2025,123
1851,04,1989,93
1851,04,1993,68
1851,04,1997,252
1851,04,2001,151
1851,04,2005,49
1851,04,2009,20
1851,04,2013,30
1851,04,2017,13
1851,04,2021,8
1851,04,2025,14
1851,08,1997,2
1851,08,2013,34
1851,08,2017,18
1851,08,2021,16
1851,08,2025,25
1851,55,2009,11
1851,55,2013,9
1851,55,2017,15
1851,55,2021,39
1851,55,2025,85
1851,05,1989,94
1851,05,1993,367
1851,05,1997,162
1851,05,2001,134
1851,05,2005,140
1851,05,2009,103
1851,05,2013,75
1851,05,2017,259
1851,05,2021,287
1851,05,2025,87
1851,06,1989,217
1851,06,1993,191
1851,06,1997,111
1851,06,2001,157
1851,06,2005,173
1851,06,2009,114
1851,06,2013,81
1851,06,2017,87
1851,06,2021,80
1851,06,2025,77
1851,07,1989,67
1851,07,1993,102
1851,07,1997,94
1851,07,2001,83
1851,07,2005,74
1851,07,2009,55
1851,07,2013,81
1851,07,2017,28
1851,07,2021,17
1851,07,2025,29
1851,130,2017,1
1851,150,2021,3
1851,122,2013,1
1851,122,2017,3
1851,122,2021,12
1851,122,2025,10
1851,13,1993,2
1851,13,1997,1
1851,125,2013,5
1851,158,2025,4
1851,15,1989,7
1851,154,2025,7
1851,152,2021,1
1851,152,2025,9
1851,48,2001,5
1851,48,2009,1
1851,44,2001,187
1851,44,2005,77
1851,44,2009,24
1851,44,2013,2
1851,44,2017,7
1851,123,2013,4
1851,123,2017,1
1851,123,2021,1
1851,123,2025,1
1851,133,2017,2
1851,133,2021,1
1851,20,1997,1
1851,09,2005,2
1851,09,2013,2
1851,159,2025,1
1851,153,2021,5
1851,10,1989,8
1851,10,1993,4
1851,10,1997,6
1851,10,2001,2
1851,10,2005,2
1851,10,2013,3
1851,10,2021,5
1851,10,2025,5
1851,124,2013,2
1851,124,2017,1
1851,124,2021,3
1851,46,2001,8
1851,11,1993,5
1851,11,1997,10
1851,11,2001,8
1851,11,2005,5
1851,21,1997,1
1851,22,1993,3
1851,14,1989,6
1851,14,1993,5
1851,27,1997,185
1851,132,2017,9
1851,132,2021,4
1851,132,2025,2
1851,92,2001,1
1851,92,2009,2
1853,01,1989,356
1853,01,1993,340
1853,01,1997,277
1853,01,2001,168
1853,01,2005,280
1853,01,2009,250
1853,01,2013,222
1853,01,2017,181
1853,01,2021,236
1853,01,2025,247
1853,02,1989,113
1853,02,1993,42
1853,02,1997,131
1853,02,2001,139
1853,02,2005,193
1853,02,2009,222
1853,02,2013,158
1853,02,2017,136
1853,02,2021,116
1853,02,2025,224
1853,03,1989,181
1853,03,1993,106
1853,03,1997,69
1853,03,2001,102
1853,03,2005,63
1853,03,2009,108
1853,03,2013,194
1853,03,2017,212
1853,03,2021,126
1853,03,2025,89
1853,04,1989,81
1853,04,1993,63
1853,04,1997,141
1853,04,2001,111
1853,04,2005,47
1853,04,2009,35
1853,04,2013,30
1853,04,2017,27
1853,04,2021,31
1853,04,2025,27
1853,08,1997,1
1853,08,2009,2
1853,08,2013,14
1853,08,2017,16
1853,08,2021,13
1853,08,2025,21
1853,55,2009,3
1853,55,2013,8
1853,55,2017,13
1853,55,2021,39
1853,55,2025,38
1853,05,1989,137
1853,05,1993,275
1853,05,1997,160
1853,05,2001,96
1853,05,2005,105
1853,05,2009,95
1853,05,2013,91
1853,05,2017,141
1853,05,2021,173
1853,05,2025,103
1853,06,1989,104
1853,06,1993,96
1853,06,1997,59
1853,06,2001,102
1853,06,2005,77
1853,06,2009,51
1853,06,2013,39
1853,06,2017,44
1853,06,2021,44
1853,06,2025,42
1853,07,1989,45
1853,07,1993,34
1853,07,1997,40
1853,07,2001,35
1853,07,2005,25
1853,07,2009,12
1853,07,2013,26
1853,07,2017,23
1853,07,2021,13
1853,07,2025,14
1853,130,2017,1
1853,122,2017,1
1853,122,2021,18
1853,122,2025,8
1853,13,1993,1
1853,13,1997,2
1853,13,2001,4
1853,125,2013,2
1853,158,2025,7
1853,15,1989,9
1853,154,2025,5
1853,152,2021,7
1853,152,2025,6
1853,48,2001,12
1853,48,2005,2
1853,48,2009,2
1853,44,2001,92
1853,44,2005,28
1853,44,2009,4
1853,44,2017,1
1853,123,2013,2
1853,123,2017,1
1853,123,2021,1
1853,123,2025,3
1853,12,2001,1
1853,133,2021,1
1853,20,1997,1
1853,09,1997,1
1853,09,2001,1
1853,09,2005,1
1853,09,2009,1
1853,09,2017,1
1853,159,2025,1
1853,10,1989,9
1853,10,1993,5
1853,10,1997,3
1853,10,2001,4
1853,10,2005,1
1853,10,2013,1
1853,10,2021,1
1853,10,2025,6
1853,124,2013,2
1853,124,2017,3
1853,46,2001,2
1853,11,1993,1
1853,11,1997,7
1853,11,2001,4
1853,11,2005,5
1853,21,1997,2
1853,22,1993,3
1853,14,1989,7
1853,14,1993,5
1853,27,1997,41
1853,132,2017,3
1853,132,2021,5
1853,132,2025,2
1853,92,2001,1
1856,01,1989,202
1856,01,1993,115
1856,01,1997,160
1856,01,2001,95
1856,01,2005,115
1856,01,2009,138
1856,01,2013,129
1856,01,2017,83
1856,01,2021,86
1856,01,2025,83
1856,02,1989,20
1856,02,1993,6
1856,02,1997,28
1856,02,2001,30
1856,02,2005,56
1856,02,2009,55
1856,02,2013,45
1856,02,2017,44
1856,02,2021,26
1856,02,2025,66
1856,03,1989,48
1856,03,1993,17
1856,03,1997,19
1856,03,2001,40
1856,03,2005,18
1856,03,2009,34
1856,03,2013,49
1856,03,2017,45
1856,03,2021,50
1856,03,2025,26
1856,04,1989,18
1856,04,1993,16
1856,04,1997,38
1856,04,2001,31
1856,04,2005,8
1856,04,2009,9
1856,04,2013,5
1856,04,2017,5
1856,04,2021,1
1856,04,2025,2
1856,08,1997,1
1856,08,2009,1
1856,08,2013,1
1856,08,2017,8
1856,08,2021,3
1856,08,2025,7
1856,55,2009,4
1856,55,2013,1
1856,55,2017,13
1856,55,2021,15
1856,55,2025,15
1856,05,1989,24
1856,05,1993,120
1856,05,1997,27
1856,05,2001,11
1856,05,2005,35
1856,05,2009,28
1856,05,2013,17
1856,05,2017,55
1856,05,2021,79
1856,05,2025,66
1856,06,1989,49
1856,06,1993,54
1856,06,1997,10
1856,06,2001,18
1856,06,2005,22
1856,06,2009,27
1856,06,2013,21
1856,06,2017,24
1856,06,2021,5
1856,06,2025,4
1856,07,1989,25
1856,07,1993,30
1856,07,1997,16
1856,07,2001,11
1856,07,2005,34
1856,07,2009,18
1856,07,2013,20
1856,07,2017,14
1856,07,2021,10
1856,07,2025,8
1856,130,2017,1
1856,122,2021,5
1856,122,2025,3
1856,154,2025,1
1856,152,2025,1
1856,48,2001,6
1856,48,2009,1
1856,44,2001,100
1856,44,2005,28
1856,44,2009,14
1856,44,2013,4
1856,44,2017,9
1856,123,2017,1
1856,153,2021,1
1856,10,1989,1
1856,10,1997,1
1856,10,2001,3
1856,10,2005,1
1856,10,2013,2
1856,10,2025,2
1856,124,2013,2
1856,46,2001,2
1856,11,1993,1
1856,11,1997,3
1856,11,2001,2
1856,11,2005,3
1856,21,1997,2
1856,21,2013,1
1856,27,1997,70
1856,132,2021,1
1856,92,2001,1
1857,01,1989,249
1857,01,1993,141
1857,01,1997,128
1857,01,2001,99
1857,01,2005,137
1857,01,2009,137
1857,01,2013,99
1857,01,2017,64
1857,01,2021,81
1857,01,2025,72
1857,02,1989,52
1857,02,1993,8
1857,02,1997,37
1857,02,2001,44
1857,02,2005,73
1857,02,2009,92
1857,02,2013,87
1857,02,2017,92
1857,02,2021,48
1857,02,2025,85
1857,03,1989,56
1857,03,1993,30
1857,03,1997,25
1857,03,2001,21
1857,03,2005,40
1857,03,2009,39
1857,03,2013,60
1857,03,2017,47
1857,03,2021,62
1857,03,2025,17
1857,04,1989,70
1857,04,1993,70
1857,04,1997,66
1857,04,2001,48
1857,04,2005,37
1857,04,2009,37
1857,04,2013,33
1857,04,2017,27
1857,04,2021,27
1857,04,2025,26
1857,08,1997,1
1857,08,2009,5
1857,08,2013,4
1857,08,2017,3
1857,08,2021,2
1857,08,2025,2
1857,55,2013,2
1857,55,2017,3
1857,55,2021,7
1857,55,2025,17
1857,05,1989,21
1857,05,1993,127
1857,05,1997,49
1857,05,2001,27
1857,05,2005,53
1857,05,2009,28
1857,05,2013,27
1857,05,2017,91
1857,05,2021,92
1857,05,2025,61
1857,06,1989,48
1857,06,1993,38
1857,06,1997,9
1857,06,2001,31
1857,06,2005,18
1857,06,2009,19
1857,06,2013,18
1857,06,2017,23
1857,06,2021,10
1857,06,2025,9
1857,07,1989,3
1857,07,1993,5
1857,07,1997,8
1857,07,2001,1
1857,07,2005,7
1857,07,2009,2
1857,07,2013,9
1857,07,2017,10
1857,07,2021,3
1857,07,2025,3
1857,122,2017,1
1857,122,2021,11
1857,122,2025,7
1857,125,2013,4
1857,158,2025,1
1857,15,1989,7
1857,154,2025,5
1857,48,2001,4
1857,48,2005,2
1857,48,2009,1
1857,44,2001,125
1857,44,2005,42
1857,44,2009,14
1857,44,2013,3
1857,44,2017,4
1857,123,2013,13
1857,123,2017,2
1857,123,2021,2
1857,123,2025,7
1857,20,1997,1
1857,09,2001,1
1857,159,2025,1
1857,153,2021,1
1857,10,1989,5
1857,10,1993,1
1857,10,1997,2
1857,10,2001,1
1857,10,2021,1
1857,10,2025,2
1857,124,2013,1
1857,124,2017,1
1857,11,1997,2
1857,11,2005,2
1857,27,1997,124
1857,132,2017,1
1857,132,2021,1
1857,132,2025,1
1859,01,1989,343
1859,01,1993,162
1859,01,1997,159
1859,01,2001,102
1859,01,2005,189
1859,01,2009,203
1859,01,2013,191
1859,01,2017,117
1859,01,2021,156
1859,01,2025,166
1859,02,1989,76
1859,02,1993,9
1859,02,1997,58
1859,02,2001,68
1859,02,2005,110
1859,02,2009,144
1859,02,2013,102
1859,02,2017,66
1859,02,2021,81
1859,02,2025,159
1859,03,1989,132
1859,03,1993,55
1859,03,1997,50
1859,03,2001,60
1859,03,2005,37
1859,03,2009,43
1859,03,2013,91
1859,03,2017,87
1859,03,2021,64
1859,03,2025,52
1859,04,1989,63
1859,04,1993,40
1859,04,1997,175
1859,04,2001,125
1859,04,2005,39
1859,04,2009,37
1859,04,2013,28
1859,04,2017,19
1859,04,2021,14
1859,04,2025,21
1859,08,1997,1
1859,08,2005,1
1859,08,2009,19
1859,08,2013,22
1859,08,2017,22
1859,08,2021,25
1859,08,2025,21
1859,55,2009,4
1859,55,2013,3
1859,55,2017,8
1859,55,2021,35
1859,55,2025,65
1859,05,1989,112
1859,05,1993,451
1859,05,1997,179
1859,05,2001,156
1859,05,2005,213
1859,05,2009,151
1859,05,2013,152
1859,05,2017,240
1859,05,2021,198
1859,05,2025,94
1859,06,1989,171
1859,06,1993,147
1859,06,1997,46
1859,06,2001,70
1859,06,2005,84
1859,06,2009,68
1859,06,2013,55
1859,06,2017,79
1859,06,2021,58
1859,06,2025,37
1859,07,1989,17
1859,07,1993,15
1859,07,1997,13
1859,07,2001,11
1859,07,2005,18
1859,07,2009,10
1859,07,2013,30
1859,07,2017,32
1859,07,2021,16
1859,07,2025,11
1859,130,2017,2
1859,122,2021,9
1859,122,2025,5
1859,13,2001,2
1859,125,2013,3
1859,158,2025,1
1859,15,1989,12
1859,154,2025,4
1859,152,2021,3
1859,152,2025,6
1859,48,2005,1
1859,48,2009,3
1859,44,2001,186
1859,44,2005,73
1859,44,2009,30
1859,44,2013,8
1859,44,2017,30
1859,123,2013,5
1859,123,2017,2
1859,123,2021,3
1859,123,2025,2
1859,133,2017,2
1859,133,2021,3
1859,09,2001,1
1859,153,2025,1
1859,10,1989,3
1859,10,1993,6
1859,10,1997,2
1859,10,2013,2
1859,10,2021,3
1859,10,2025,7
1859,124,2013,1
1859,124,2017,1
1859,46,2001,3
1859,11,1993,2
1859,11,1997,6
1859,11,2001,2
1859,11,2005,8
1859,21,2013,3
1859,22,1993,1
1859,27,1997,178
1859,132,2017,1
1859,132,2021,2
1860,01,1989,1839
1860,01,1993,1323
1860,01,1997,1398
1860,01,2001,927
1860,01,2005,1451
1860,01,2009,1572
1860,01,2013,1540
1860,01,2017,1188
1860,01,2021,1371
1860,01,2025,1538
1860,02,1989,736
1860,02,1993,182
1860,02,1997,658
1860,02,2001,778
1860,02,2005,1345
1860,02,2009,1346
1860,02,2013,1052
1860,02,2017,943
1860,02,2021,811
1860,02,2025,1918
1860,03,1989,1122
1860,03,1993,540
1860,03,1997,523
1860,03,2001,650
1860,03,2005,528
1860,03,2009,580
1860,03,2013,1254
1860,03,2017,1211
1860,03,2021,938
1860,03,2025,681
1860,04,1989,719
1860,04,1993,581
1860,04,1997,1474
1860,04,2001,1020
1860,04,2005,497
1860,04,2009,546
1860,04,2013,386
1860,04,2017,328
1860,04,2021,303
1860,04,2025,354
1860,08,1993,2
1860,08,1997,3
1860,08,2005,3
1860,08,2009,31
1860,08,2013,117
1860,08,2017,131
1860,08,2021,162
1860,08,2025,218
1860,55,2009,43
1860,55,2013,54
1860,55,2017,93
1860,55,2021,209
1860,55,2025,349
1860,05,1989,703
1860,05,1993,1984
1860,05,1997,783
1860,05,2001,604
1860,05,2005,695
1860,05,2009,613
1860,05,2013,526
1860,05,2017,1102
1860,05,2021,1322
1860,05,2025,551
1860,06,1989,684
1860,06,1993,607
1860,06,1997,268
1860,06,2001,669
1860,06,2005,482
1860,06,2009,450
1860,06,2013,335
1860,06,2017,553
1860,06,2021,475
1860,06,2025,341
1860,07,1989,107
1860,07,1993,103
1860,07,1997,92
1860,07,2001,61
1860,07,2005,148
1860,07,2009,92
1860,07,2013,235
1860,07,2017,130
1860,07,2021,117
1860,07,2025,106
1860,130,2017,4
1860,150,2021,3
1860,122,2005,6
1860,122,2013,3
1860,122,2017,5
1860,122,2021,147
1860,122,2025,105
1860,13,1993,5
1860,13,1997,11
1860,13,2001,5
1860,125,2013,16
1860,158,2025,10
1860,15,1989,50
1860,154,2025,60
1860,152,2021,23
1860,152,2025,24
1860,48,2001,52
1860,48,2005,18
1860,48,2009,18
1860,44,2001,777
1860,44,2005,308
1860,44,2009,107
1860,44,2013,20
1860,44,2017,58
1860,123,2013,84
1860,123,2017,37
1860,123,2021,38
1860,123,2025,32
1860,12,2001,2
1860,133,2017,13
1860,133,2021,5
1860,09,1997,6
1860,09,2001,4
1860,09,2005,1
1860,09,2013,1
1860,09,2017,3
1860,09,2021,1
1860,49,2001,5
1860,159,2025,9
1860,153,2021,6
1860,153,2025,6
1860,10,1989,111
1860,10,1993,119
1860,10,1997,24
1860,10,2001,17
1860,10,2005,13
1860,10,2013,11
1860,10,2021,17
1860,10,2025,36
1860,124,2013,6
1860,124,2017,12
1860,124,2021,5
1860,46,2001,14
1860,11,1993,15
1860,11,1997,78
1860,11,2001,48
1860,11,2005,48
1860,21,1997,2
1860,21,2005,2
1860,21,2013,1
1860,22,1993,8
1860,14,1989,19
1860,14,1993,13
1860,27,1997,581
1860,132,2017,13
1860,132,2021,23
1860,132,2025,12
1860,92,2001,3
1860,92,2009,5
1865,01,1989,1731
1865,01,1993,1590
1865,01,1997,1385
1865,01,2001,765
1865,01,2005,1470
1865,01,2009,1621
1865,01,2013,1481
1865,01,2017,1043
1865,01,2021,1280
1865,01,2025,1438
1865,02,1989,705
1865,02,1993,138
1865,02,1997,498
1865,02,2001,563
1865,02,2005,1047
1865,02,2009,1164
1865,02,2013,811
1865,02,2017,761
1865,02,2021,532
1865,02,2025,1270
1865,03,1989,1115
1865,03,1993,554
1865,03,1997,476
1865,03,2001,660
1865,03,2005,498
1865,03,2009,620
1865,03,2013,1167
1865,03,2017,981
1865,03,2021,867
1865,03,2025,695
1865,04,1989,250
1865,04,1993,175
1865,04,1997,707
1865,04,2001,402
1865,04,2005,146
1865,04,2009,123
1865,04,2013,120
1865,04,2017,65
1865,04,2021,41
1865,04,2025,67
1865,08,1993,1
1865,08,1997,8
1865,08,2005,1
1865,08,2009,7
1865,08,2013,84
1865,08,2017,115
1865,08,2021,182
1865,08,2025,227
1865,55,2009,139
1865,55,2013,111
1865,55,2017,212
1865,55,2021,339
1865,55,2025,383
1865,05,1989,273
1865,05,1993,1221
1865,05,1997,533
1865,05,2001,598
1865,05,2005,443
1865,05,2009,321
1865,05,2013,241
1865,05,2017,780
1865,05,2021,788
1865,05,2025,347
1865,06,1989,750
1865,06,1993,628
1865,06,1997,278
1865,06,2001,594
1865,06,2005,565
1865,06,2009,510
1865,06,2013,307
1865,06,2017,458
1865,06,2021,447
1865,06,2025,352
1865,07,1989,125
1865,07,1993,143
1865,07,1997,109
1865,07,2001,48
1865,07,2005,133
1865,07,2009,94
1865,07,2013,293
1865,07,2017,244
1865,07,2021,207
1865,07,2025,98
1865,130,2017,10
1865,150,2021,7
1865,122,2017,6
1865,122,2021,89
1865,122,2025,35
1865,13,1993,6
1865,13,1997,3
1865,13,2001,5
1865,125,2013,15
1865,158,2025,11
1865,15,1989,112
1865,154,2025,53
1865,152,2021,8
1865,152,2025,41
1865,48,2001,15
1865,48,2005,2
1865,48,2009,3
1865,44,2001,871
1865,44,2005,263
1865,44,2009,79
1865,44,2013,41
1865,44,2017,7
1865,123,2013,11
1865,123,2017,7
1865,123,2021,8
1865,123,2025,6
1865,133,2017,10
1865,133,2021,9
1865,20,1997,3
1865,09,1997,4
1865,09,2001,2
1865,09,2005,4
1865,09,2009,3
1865,49,2001,1
1865,159,2025,7
1865,153,2021,4
1865,153,2025,2
1865,10,1989,33
1865,10,1993,83
1865,10,1997,28
1865,10,2001,12
1865,10,2005,6
1865,10,2013,13
1865,10,2021,17
1865,10,2025,43
1865,124,2013,17
1865,124,2017,4
1865,124,2021,4
1865,46,2001,18
1865,11,1993,68
1865,11,1997,278
1865,11,2001,102
1865,11,2005,81
1865,21,1997,3
1865,21,2005,1
1865,21,2013,2
1865,22,1993,11
1865,14,1989,13
1865,14,1993,7
1865,27,1997,611
1865,132,2017,23
1865,132,2021,11
1865,132,2025,7
1865,92,2001,7
1865,92,2009,5
1866,01,1989,1784
1866,01,1993,1523
1866,01,1997,1383
1866,01,2001,911
1866,01,2005,1569
1866,01,2009,1670
1866,01,2013,1522
1866,01,2017,1070
1866,01,2021,1170
1866,01,2025,1459
1866,02,1989,605
1866,02,1993,170
1866,02,1997,570
1866,02,2001,529
1866,02,2005,1029
1866,02,2009,1087
1866,02,2013,893
1866,02,2017,805
1866,02,2021,527
1866,02,2025,1204
1866,03,1989,853
1866,03,1993,472
1866,03,1997,373
1866,03,2001,554
1866,03,2005,321
1866,03,2009,513
1866,03,2013,729
1866,03,2017,596
1866,03,2021,556
1866,03,2025,406
1866,04,1989,492
1866,04,1993,452
1866,04,1997,592
1866,04,2001,460
1866,04,2005,173
1866,04,2009,113
1866,04,2013,134
1866,04,2017,82
1866,04,2021,56
1866,04,2025,80
1866,08,1993,3
1866,08,1997,9
1866,08,2005,6
1866,08,2009,15
1866,08,2013,88
1866,08,2017,86
1866,08,2021,106
1866,08,2025,130
1866,55,2009,35
1866,55,2013,63
1866,55,2017,117
1866,55,2021,304
1866,55,2025,344
1866,05,1989,298
1866,05,1993,1135
1866,05,1997,567
1866,05,2001,463
1866,05,2005,414
1866,05,2009,325
1866,05,2013,258
1866,05,2017,1118
1866,05,2021,1118
1866,05,2025,400
1866,06,1989,690
1866,06,1993,716
1866,06,1997,287
1866,06,2001,605
1866,06,2005,498
1866,06,2009,351
1866,06,2013,246
1866,06,2017,293
1866,06,2021,331
1866,06,2025,282
1866,07,1989,149
1866,07,1993,163
1866,07,1997,453
1866,07,2001,113
1866,07,2005,137
1866,07,2009,94
1866,07,2013,324
1866,07,2017,139
1866,07,2021,101
1866,07,2025,103
1866,130,2017,6
1866,150,2021,4
1866,122,2005,4
1866,122,2017,7
1866,122,2021,66
1866,122,2025,31
1866,13,1993,6
1866,13,1997,7
1866,13,2001,8
1866,125,2013,14
1866,158,2025,19
1866,15,1989,45
1866,154,2025,25
1866,152,2021,25
1866,152,2025,59
1866,48,2001,15
1866,48,2005,6
1866,48,2009,9
1866,44,2001,575
1866,44,2005,192
1866,44,2009,38
1866,44,2013,4
1866,44,2017,15
1866,123,2013,16
1866,123,2017,5
1866,123,2021,3
1866,123,2025,12
1866,133,2017,8
1866,133,2021,7
1866,20,1997,3
1866,09,1997,5
1866,09,2001,2
1866,09,2005,4
1866,09,2009,1
1866,09,2013,1
1866,09,2017,2
1866,09,2021,3
1866,49,2001,4
1866,159,2025,18
1866,153,2021,20
1866,153,2025,14
1866,10,1989,53
1866,10,1993,44
1866,10,1997,29
1866,10,2001,79
1866,10,2005,34
1866,10,2013,15
1866,10,2021,18
1866,10,2025,37
1866,124,2013,15
1866,124,2017,3
1866,124,2021,3
1866,46,2001,27
1866,11,1993,23
1866,11,1997,47
1866,11,2001,28
1866,11,2005,36
1866,21,1997,3
1866,21,2005,5
1866,21,2013,1
1866,22,1993,11
1866,14,1989,22
1866,14,1993,12
1866,27,1997,268
1866,132,2017,45
1866,132,2021,8
1866,132,2025,9
1866,92,2001,2
1866,92,2009,10
1867,01,1989,788
1867,01,1993,475
1867,01,1997,428
1867,01,2001,213
1867,01,2005,438
1867,01,2009,478
1867,01,2013,480
1867,01,2017,306
1867,01,2021,294
1867,01,2025,304
1867,02,1989,334
1867,02,1993,61
1867,02,1997,203
1867,02,2001,242
1867,02,2005,386
1867,02,2009,472
1867,02,2013,362
1867,02,2017,281
1867,02,2021,236
1867,02,2025,506
1867,03,1989,381
1867,03,1993,154
1867,03,1997,122
1867,03,2001,155
1867,03,2005,106
1867,03,2009,174
1867,03,2013,250
1867,03,2017,167
1867,03,2021,276
1867,03,2025,177
1867,04,1989,236
1867,04,1993,179
1867,04,1997,368
1867,04,2001,267
1867,04,2005,92
1867,04,2009,65
1867,04,2013,45
1867,04,2017,35
1867,04,2021,30
1867,04,2025,28
1867,08,2009,4
1867,08,2013,22
1867,08,2017,22
1867,08,2021,14
1867,08,2025,35
1867,55,2009,9
1867,55,2013,6
1867,55,2017,18
1867,55,2021,44
1867,55,2025,84
1867,05,1989,141
1867,05,1993,871
1867,05,1997,498
1867,05,2001,302
1867,05,2005,263
1867,05,2009,209
1867,05,2013,146
1867,05,2017,533
1867,05,2021,446
1867,05,2025,174
1867,06,1989,333
1867,06,1993,290
1867,06,1997,120
1867,06,2001,260
1867,06,2005,190
1867,06,2009,90
1867,06,2013,73
1867,06,2017,82
1867,06,2021,109
1867,06,2025,66
1867,07,1989,100
1867,07,1993,103
1867,07,1997,101
1867,07,2001,64
1867,07,2005,68
1867,07,2009,46
1867,07,2013,79
1867,07,2017,34
1867,07,2021,30
1867,07,2025,28
1867,130,2017,3
1867,122,2013,1
1867,122,2017,1
1867,122,2021,23
1867,122,2025,9
1867,13,1993,2
1867,13,1997,1
1867,13,2001,1
1867,125,2013,3
1867,158,2025,4
1867,15,1989,17
1867,154,2025,12
1867,152,2021,4
1867,152,2025,10
1867,48,2001,8
1867,48,2005,2
1867,48,2009,5
1867,44,2001,278
1867,44,2005,109
1867,44,2009,25
1867,44,2013,7
1867,44,2017,9
1867,123,2013,16
1867,123,2017,6
1867,123,2021,6
1867,123,2025,14
1867,20,1997,3
1867,09,1997,2
1867,09,2001,1
1867,09,2005,1
1867,49,2001,1
1867,159,2025,12
1867,153,2021,3
1867,153,2025,1
1867,10,1989,17
1867,10,1993,4
1867,10,1997,6
1867,10,2001,13
1867,10,2005,7
1867,10,2013,8
1867,10,2021,1
1867,10,2025,3
1867,124,2013,1
1867,124,2017,2
1867,124,2021,2
1867,46,2001,2
1867,11,1993,6
1867,11,1997,9
1867,11,2001,4
1867,11,2005,7
1867,21,2005,2
1867,21,2013,1
1867,14,1989,7
1867,14,1993,2
1867,27,1997,268
1867,132,2017,4
1867,132,2021,2
1867,132,2025,4
1867,92,2009,5
1868,01,1989,907
1868,01,1993,547
1868,01,1997,595
1868,01,2001,349
1868,01,2005,640
1868,01,2009,760
1868,01,2013,699
1868,01,2017,442
1868,01,2021,545
1868,01,2025,590
1868,02,1989,267
1868,02,1993,127
1868,02,1997,243
1868,02,2001,295
1868,02,2005,625
1868,02,2009,627
1868,02,2013,494
1868,02,2017,468
1868,02,2021,359
1868,02,2025,755
1868,03,1989,552
1868,03,1993,266
1868,03,1997,183
1868,03,2001,281
1868,03,2005,167
1868,03,2009,286
1868,03,2013,418
1868,03,2017,378
1868,03,2021,270
1868,03,2025,274
1868,04,1989,375
1868,04,1993,255
1868,04,1997,500
1868,04,2001,401
1868,04,2005,214
1868,04,2009,149
1868,04,2013,124
1868,04,2017,87
1868,04,2021,76
1868,04,2025,69
1868,08,1997,1
1868,08,2005,1
1868,08,2009,2
1868,08,2013,29
1868,08,2017,35
1868,08,2021,22
1868,08,2025,32
1868,55,2009,13
1868,55,2013,16
1868,55,2017,40
1868,55,2021,93
1868,55,2025,115
1868,05,1989,155
1868,05,1993,816
1868,05,1997,377
1868,05,2001,286
1868,05,2005,257
1868,05,2009,198
1868,05,2013,155
1868,05,2017,622
1868,05,2021,574
1868,05,2025,162
1868,06,1989,345
1868,06,1993,280
1868,06,1997,133
1868,06,2001,232
1868,06,2005,199
1868,06,2009,161
1868,06,2013,145
1868,06,2017,149
1868,06,2021,140
1868,06,2025,154
1868,07,1989,78
1868,07,1993,159
1868,07,1997,86
1868,07,2001,34
1868,07,2005,53
1868,07,2009,28
1868,07,2013,89
1868,07,2017,47
1868,07,2021,41
1868,07,2025,30
1868,130,2017,1
1868,150,2021,2
1868,122,2005,2
1868,122,2013,2
1868,122,2017,3
1868,122,2021,60
1868,122,2025,15
1868,13,1993,2
1868,13,1997,2
1868,13,2001,1
1868,125,2013,6
1868,158,2025,8
1868,15,1989,17
1868,154,2025,29
1868,152,2021,12
1868,152,2025,30
1868,48,2001,8
1868,48,2005,6
1868,48,2009,4
1868,44,2001,410
1868,44,2005,255
1868,44,2009,56
1868,44,2013,27
1868,44,2017,28
1868,123,2013,23
1868,123,2017,9
1868,123,2021,8
1868,123,2025,26
1868,12,2001,1
1868,133,2017,1
1868,133,2021,1
1868,20,1997,1
1868,09,2005,1
1868,09,2021,1
1868,159,2025,4
1868,153,2021,15
1868,153,2025,7
1868,10,1989,15
1868,10,1993,20
1868,10,1997,20
1868,10,2001,15
1868,10,2005,8
1868,10,2013,10
1868,10,2021,14
1868,10,2025,18
1868,124,2013,3
1868,124,2017,4
1868,124,2021,4
1868,46,2001,6
1868,11,1993,14
1868,11,1997,20
1868,11,2001,12
1868,11,2005,8
1868,21,1997,1
1868,21,2013,1
1868,22,1993,10
1868,14,1989,4
1868,14,1993,3
1868,27,1997,318
1868,132,2017,7
1868,132,2021,4
1868,132,2025,8
1868,92,2001,1
1868,92,2009,2
1870,01,1989,1679
1870,01,1993,1316
1870,01,1997,1392
1870,01,2001,911
1870,01,2005,1501
1870,01,2009,1676
1870,01,2013,1628
1870,01,2017,1127
1870,01,2021,1246
1870,01,2025,1589
1870,02,1989,592
1870,02,1993,181
1870,02,1997,567
1870,02,2001,558
1870,02,2005,1232
1870,02,2009,1444
1870,02,2013,1063
1870,02,2017,921
1870,02,2021,756
1870,02,2025,1649
1870,03,1989,1085
1870,03,1993,596
1870,03,1997,513
1870,03,2001,788
1870,03,2005,581
1870,03,2009,761
1870,03,2013,1276
1870,03,2017,1084
1870,03,2021,909
1870,03,2025,753
1870,04,1989,317
1870,04,1993,312
1870,04,1997,688
1870,04,2001,561
1870,04,2005,196
1870,04,2009,146
1870,04,2013,202
1870,04,2017,98
1870,04,2021,88
1870,04,2025,100
1870,08,1993,6
1870,08,1997,8
1870,08,2005,7
1870,08,2009,17
1870,08,2013,105
1870,08,2017,104
1870,08,2021,143
1870,08,2025,167
1870,55,2009,86
1870,55,2013,76
1870,55,2017,173
1870,55,2021,272
1870,55,2025,347
1870,05,1989,259
1870,05,1993,1191
1870,05,1997,639
1870,05,2001,550
1870,05,2005,449
1870,05,2009,416
1870,05,2013,325
1870,05,2017,1372
1870,05,2021,1379
1870,05,2025,378
1870,06,1989,665
1870,06,1993,606
1870,06,1997,409
1870,06,2001,690
1870,06,2005,607
1870,06,2009,431
1870,06,2013,361
1870,06,2017,423
1870,06,2021,456
1870,06,2025,402
1870,07,1989,165
1870,07,1993,188
1870,07,1997,216
1870,07,2001,86
1870,07,2005,168
1870,07,2009,109
1870,07,2013,211
1870,07,2017,141
1870,07,2021,114
1870,07,2025,103
1870,130,2017,4
1870,150,2021,3
1870,122,2005,1
1870,122,2013,4
1870,122,2017,7
1870,122,2021,86
1870,122,2025,41
1870,13,1993,5
1870,13,1997,6
1870,13,2001,4
1870,125,2013,8
1870,158,2025,15
1870,15,1989,38
1870,154,2025,58
1870,152,2021,29
1870,152,2025,78
1870,48,2001,18
1870,48,2005,8
1870,48,2009,9
1870,44,2001,449
1870,44,2005,186
1870,44,2009,49
1870,44,2013,18
1870,44,2017,14
1870,123,2013,24
1870,123,2017,19
1870,123,2021,14
1870,123,2025,19
1870,133,2017,10
1870,133,2021,2
1870,09,1997,3
1870,09,2001,1
1870,09,2009,4
1870,09,2013,1
1870,09,2017,1
1870,09,2021,4
1870,49,2001,2
1870,159,2025,20
1870,153,2021,15
1870,153,2025,1
1870,10,1989,20
1870,10,1993,38
1870,10,1997,11
1870,10,2001,23
1870,10,2005,17
1870,10,2013,19
1870,10,2021,19
1870,10,2025,38
1870,124,2013,16
1870,124,2017,9
1870,124,2021,11
1870,46,2001,18
1870,11,1993,25
1870,11,1997,58
1870,11,2001,45
1870,11,2005,49
1870,21,1997,2
1870,21,2005,3
1870,21,2013,3
1870,22,1993,3
1870,14,1989,20
1870,14,1993,7
1870,27,1997,278
1870,132,2017,64
1870,132,2021,17
1870,132,2025,10
1870,92,2001,1
1870,92,2009,8
1871,01,1989,1604
1871,01,1993,1175
1871,01,1997,1064
1871,01,2001,618
1871,01,2005,1028
1871,01,2009,1004
1871,01,2013,973
1871,01,2017,230
1871,01,2021,425
1871,01,2025,1002
1871,02,1989,432
1871,02,1993,126
1871,02,1997,354
1871,02,2001,429
1871,02,2005,701
1871,02,2009,639
1871,02,2013,524
1871,02,2017,173
1871,02,2021,174
1871,02,2025,495
1871,03,1989,962
1871,03,1993,521
1871,03,1997,304
1871,03,2001,445
1871,03,2005,288
1871,03,2009,450
1871,03,2013,582
1871,03,2017,83
1871,03,2021,119
1871,03,2025,132
1871,04,1989,223
1871,04,1993,164
1871,04,1997,409
1871,04,2001,306
1871,04,2005,100
1871,04,2009,76
1871,04,2013,95
1871,04,2017,48
1871,04,2021,40
1871,04,2025,43
1871,08,1993,1
1871,08,1997,3
1871,08,2005,3
1871,08,2009,11
1871,08,2013,59
1871,08,2017,61
1871,08,2021,69
1871,08,2025,80
1871,55,2009,15
1871,55,2013,14
1871,55,2017,23
1871,55,2021,113
1871,55,2025,152
1871,05,1989,283
1871,05,1993,997
1871,05,1997,702
1871,05,2001,702
1871,05,2005,378
1871,05,2009,296
1871,05,2013,234
1871,05,2017,2189
1871,05,2021,1495
1871,05,2025,311
1871,06,1989,405
1871,06,1993,286
1871,06,1997,144
1871,06,2001,279
1871,06,2005,266
1871,06,2009,160
1871,06,2013,118
1871,06,2017,177
1871,06,2021,217
1871,06,2025,214
1871,07,1989,192
1871,07,1993,216
1871,07,1997,270
1871,07,2001,127
1871,07,2005,147
1871,07,2009,83
1871,07,2013,130
1871,07,2017,43
1871,07,2021,43
1871,07,2025,35
1871,150,2021,3
1871,122,2005,2
1871,122,2013,1
1871,122,2017,4
1871,122,2021,27
1871,122,2025,11
1871,13,1993,11
1871,13,1997,3
1871,13,2001,4
1871,125,2013,9
1871,158,2025,6
1871,15,1989,11
1871,154,2025,20
1871,152,2021,4
1871,152,2025,28
1871,48,2001,10
1871,48,2005,2
1871,48,2009,6
1871,44,2001,294
1871,44,2005,133
1871,44,2009,45
1871,44,2013,23
1871,44,2017,6
1871,123,2013,13
1871,123,2017,4
1871,123,2021,4
1871,123,2025,11
1871,12,2001,1
1871,133,2017,1
1871,133,2021,2
1871,09,1997,2
1871,09,2001,1
1871,09,2005,3
1871,09,2013,1
1871,09,2017,3
1871,09,2021,1
1871,159,2025,7
1871,153,2021,7
1871,153,2025,3
1871,10,1989,25
1871,10,1993,20
1871,10,1997,11
1871,10,2001,15
1871,10,2005,7
1871,10,2013,6
1871,10,2021,13
1871,10,2025,24
1871,124,2013,12
1871,124,2017,2
1871,124,2021,2
1871,46,2001,14
1871,11,1993,9
1871,11,1997,16
1871,11,2001,12
1871,11,2005,13
1871,21,1997,1
1871,21,2005,2
1871,21,2013,1
1871,22,1993,5
1871,14,1989,10
1871,14,1993,4
1871,27,1997,156
1871,132,2017,5
1871,132,2021,4
1871,132,2025,5
1871,92,2001,1
1871,92,2009,2
1874,01,1989,375
1874,01,1993,261
1874,01,1997,232
1874,01,2001,143
1874,01,2005,221
1874,01,2009,223
1874,01,2013,172
1874,01,2017,114
1874,01,2021,103
1874,01,2025,113
1874,02,1989,63
1874,02,1993,11
1874,02,1997,65
1874,02,2001,86
1874,02,2005,106
1874,02,2009,115
1874,02,2013,87
1874,02,2017,90
1874,02,2021,70
1874,02,2025,151
1874,03,1989,80
1874,03,1993,32
1874,03,1997,19
1874,03,2001,40
1874,03,2005,15
1874,03,2009,32
1874,03,2013,83
1874,03,2017,84
1874,03,2021,65
1874,03,2025,33
1874,04,1989,56
1874,04,1993,36
1874,04,1997,107
1874,04,2001,98
1874,04,2005,31
1874,04,2009,23
1874,04,2013,18
1874,04,2017,16
1874,04,2021,10
1874,04,2025,9
1874,08,1997,1
1874,08,2009,3
1874,08,2013,5
1874,08,2017,10
1874,08,2021,10
1874,08,2025,9
1874,55,2009,2
1874,55,2013,1
1874,55,2017,6
1874,55,2021,20
1874,55,2025,27
1874,05,1989,67
1874,05,1993,278
1874,05,1997,105
1874,05,2001,67
1874,05,2005,85
1874,05,2009,58
1874,05,2013,45
1874,05,2017,117
1874,05,2021,126
1874,05,2025,35
1874,06,1989,181
1874,06,1993,131
1874,06,1997,53
1874,06,2001,76
1874,06,2005,85
1874,06,2009,41
1874,06,2013,44
1874,06,2017,40
1874,06,2021,44
1874,06,2025,29
1874,07,1989,9
1874,07,1993,10
1874,07,1997,5
1874,07,2001,10
1874,07,2005,21
1874,07,2009,13
1874,07,2013,26
1874,07,2017,11
1874,07,2021,5
1874,07,2025,8
1874,130,2017,1
1874,122,2021,9
1874,122,2025,2
1874,13,1997,2
1874,13,2001,1
1874,125,2013,4
1874,15,1989,5
1874,154,2025,6
1874,152,2021,1
1874,48,2001,3
1874,48,2005,2
1874,48,2009,4
1874,44,2001,151
1874,44,2005,63
1874,44,2009,19
1874,44,2013,22
1874,44,2017,10
1874,123,2013,6
1874,123,2017,4
1874,123,2021,2
1874,123,2025,1
1874,153,2021,1
1874,10,1989,4
1874,10,1993,6
1874,10,2001,2
1874,10,2013,1
1874,10,2021,3
1874,10,2025,6
1874,124,2017,1
1874,46,2001,2
1874,11,1993,2
1874,11,1997,9
1874,11,2001,5
1874,11,2005,1
1874,21,1997,1
1874,21,2013,1
1874,14,1989,5
1874,27,1997,161
1874,132,2017,2
1874,132,2021,3
1874,132,2025,1
1875,01,2021,375
1875,01,2025,423
1875,02,2021,182
1875,02,2025,367
1875,03,2021,195
1875,03,2025,187
1875,04,2021,41
1875,04,2025,49
1875,08,2021,40
1875,08,2025,64
1875,55,2021,91
1875,55,2025,107
1875,05,2021,401
1875,05,2025,154
1875,06,2021,120
1875,06,2025,99
1875,07,2021,51
1875,07,2025,32
1875,122,2021,20
1875,122,2025,19
1875,158,2025,8
1875,154,2025,20
1875,152,2021,2
1875,152,2025,19
1875,123,2021,4
1875,123,2025,6
1875,133,2021,1
1875,159,2025,3
1875,153,2021,4
1875,153,2025,1
1875,10,2021,7
1875,10,2025,13
1875,132,2021,2
5501,01,2025,13627
5501,02,2025,10157
5501,03,2025,5538
5501,04,2025,1189
5501,08,2025,2424
5501,55,2025,4153
5501,05,2025,1624
5501,06,2025,4407
5501,07,2025,1202
5501,122,2025,314
5501,158,2025,178
5501,154,2025,292
5501,152,2025,309
5501,123,2025,143
5501,159,2025,69
5501,153,2025,66
5501,10,2025,249
5501,132,2025,77
5503,01,2025,4542
5503,02,2025,3995
5503,03,2025,1815
5503,04,2025,329
5503,08,2025,480
5503,55,2025,792
5503,05,2025,753
5503,06,2025,761
5503,07,2025,294
5503,122,2025,107
5503,158,2025,23
5503,154,2025,130
5503,152,2025,163
5503,123,2025,45
5503,159,2025,33
5503,153,2025,9
5503,10,2025,106
5503,132,2025,15
5510,01,2025,498
5510,02,2025,425
5510,03,2025,114
5510,04,2025,31
5510,08,2025,37
5510,55,2025,97
5510,05,2025,173
5510,06,2025,115
5510,07,2025,36
5510,122,2025,14
5510,158,2025,3
5510,154,2025,12
5510,152,2025,16
5510,123,2025,10
5510,159,2025,4
5510,10,2025,13
5510,132,2025,1
5512,01,2025,764
5512,02,2025,768
5512,03,2025,290
5512,04,2025,58
5512,08,2025,41
5512,55,2025,107
5512,05,2025,207
5512,06,2025,124
5512,07,2025,29
5512,122,2025,22
5512,158,2025,8
5512,154,2025,26
5512,152,2025,21
5512,123,2025,10
5512,153,2025,3
5512,10,2025,18
5512,132,2025,6
5514,01,2025,229
5514,02,2025,220
5514,03,2025,116
5514,04,2025,9
5514,08,2025,4
5514,55,2025,61
5514,05,2025,57
5514,06,2025,14
5514,07,2025,15
5514,122,2025,4
5514,154,2025,6
5514,152,2025,8
5514,123,2025,4
5514,159,2025,2
5514,132,2025,2
5516,01,2025,128
5516,02,2025,166
5516,03,2025,22
5516,04,2025,18
5516,08,2025,5
5516,55,2025,50
5516,05,2025,82
5516,06,2025,26
5516,07,2025,9
5516,122,2025,2
5516,154,2025,5
5516,152,2025,7
5516,123,2025,5
5516,159,2025,1
5516,153,2025,1
5518,01,2025,204
5518,02,2025,115
5518,03,2025,57
5518,04,2025,16
5518,08,2025,5
5518,55,2025,32
5518,05,2025,91
5518,06,2025,15
5518,07,2025,3
5518,122,2025,7
5518,154,2025,5
5518,152,2025,6
5518,123,2025,1
5518,10,2025,2
5518,132,2025,4
5520,01,2025,780
5520,02,2025,579
5520,03,2025,243
5520,04,2025,27
5520,08,2025,43
5520,55,2025,97
5520,05,2025,380
5520,06,2025,114
5520,07,2025,41
5520,122,2025,17
5520,158,2025,1
5520,154,2025,16
5520,152,2025,16
5520,123,2025,5
5520,159,2025,8
5520,153,2025,3
5520,10,2025,17
5520,132,2025,4
5522,01,2025,376
5522,02,2025,244
5522,03,2025,73
5522,04,2025,29
5522,08,2025,26
5522,55,2025,104
5522,05,2025,186
5522,06,2025,92
5522,07,2025,12
5522,122,2025,8
5522,158,2025,3
5522,154,2025,7
5522,152,2025,7
5522,123,2025,1
5522,159,2025,10
5522,153,2025,2
5522,10,2025,6
5522,132,2025,2
5524,01,2025,1320
5524,02,2025,925
5524,03,2025,358
5524,04,2025,73
5524,08,2025,67
5524,55,2025,238
5524,05,2025,554
5524,06,2025,145
5524,07,2025,80
5524,122,2025,31
5524,158,2025,12
5524,154,2025,32
5524,152,2025,33
5524,123,2025,11
5524,159,2025,25
5524,153,2025,3
5524,10,2025,32
5524,132,2025,7
5526,01,2025,611
5526,02,2025,576
5526,03,2025,174
5526,04,2025,64
5526,08,2025,26
5526,55,2025,110
5526,05,2025,213
5526,06,2025,110
5526,07,2025,18
5526,122,2025,13
5526,158,2025,5
5526,154,2025,15
5526,152,2025,44
5526,123,2025,6
5526,159,2025,7
5526,153,2025,1
5526,10,2025,9
5526,132,2025,3
5528,01,2025,203
5528,02,2025,220
5528,03,2025,43
5528,04,2025,7
5528,08,2025,15
5528,55,2025,36
5528,05,2025,82
5528,06,2025,30
5528,07,2025,2
5528,122,2025,7
5528,154,2025,4
5528,152,2025,11
5528,123,2025,3
5528,159,2025,13
5528,10,2025,2
5530,01,2025,2217
5530,02,2025,2537
5530,03,2025,877
5530,04,2025,239
5530,08,2025,140
5530,55,2025,412
5530,05,2025,568
5530,06,2025,409
5530,07,2025,93
5530,122,2025,73
5530,158,2025,21
5530,154,2025,77
5530,152,2025,209
5530,123,2025,38
5530,159,2025,26
5530,153,2025,6
5530,10,2025,42
5530,132,2025,6
5532,01,2025,785
5532,02,2025,1075
5532,03,2025,232
5532,04,2025,65
5532,08,2025,48
5532,55,2025,219
5532,05,2025,363
5532,06,2025,142
5532,07,2025,21
5532,122,2025,45
5532,158,2025,14
5532,154,2025,23
5532,152,2025,41
5532,123,2025,36
5532,159,2025,21
5532,153,2025,2
5532,10,2025,25
5532,132,2025,6
5534,01,2025,347
5534,02,2025,402
5534,03,2025,66
5534,04,2025,13
5534,08,2025,18
5534,55,2025,94
5534,05,2025,107
5534,06,2025,91
5534,07,2025,13
5534,122,2025,14
5534,158,2025,2
5534,154,2025,7
5534,152,2025,19
5534,123,2025,6
5534,159,2025,6
5534,153,2025,1
5534,10,2025,17
5536,01,2025,428
5536,02,2025,475
5536,03,2025,144
5536,04,2025,163
5536,08,2025,32
5536,55,2025,100
5536,05,2025,131
5536,06,2025,53
5536,07,2025,29
5536,122,2025,7
5536,158,2025,8
5536,154,2025,12
5536,152,2025,13
5536,123,2025,13
5536,159,2025,10
5536,153,2025,2
5536,10,2025,27
5538,01,2025,275
5538,02,2025,356
5538,03,2025,96
5538,04,2025,38
5538,08,2025,24
5538,55,2025,105
5538,05,2025,100
5538,06,2025,42
5538,07,2025,8
5538,122,2025,20
5538,158,2025,8
5538,154,2025,12
5538,152,2025,15
5538,123,2025,11
5538,159,2025,2
5538,10,2025,13
5538,132,2025,4
5540,01,2025,321
5540,02,2025,313
5540,03,2025,47
5540,04,2025,116
5540,08,2025,23
5540,55,2025,137
5540,05,2025,112
5540,06,2025,55
5540,07,2025,1
5540,122,2025,3
5540,158,2025,5
5540,154,2025,10
5540,152,2025,8
5540,123,2025,7
5540,159,2025,2
5540,10,2025,9
5540,132,2025,1
5542,01,2025,333
5542,02,2025,434
5542,03,2025,82
5542,04,2025,179
5542,08,2025,16
5542,55,2025,77
5542,05,2025,100
5542,06,2025,79
5542,07,2025,15
5542,122,2025,8
5542,158,2025,4
5542,154,2025,14
5542,152,2025,14
5542,123,2025,5
5542,159,2025,4
5542,10,2025,12
5542,132,2025,2
5544,01,2025,675
5544,02,2025,890
5544,03,2025,186
5544,04,2025,155
5544,08,2025,45
5544,55,2025,188
5544,05,2025,203
5544,06,2025,168
5544,07,2025,27
5544,122,2025,16
5544,158,2025,7
5544,154,2025,15
5544,152,2025,35
5544,123,2025,19
5544,159,2025,11
5544,10,2025,12
5544,132,2025,2
5546,01,2025,149
5546,02,2025,252
5546,03,2025,33
5546,04,2025,27
5546,08,2025,5
5546,55,2025,51
5546,05,2025,50
5546,06,2025,35
5546,07,2025,3
5546,122,2025,9
5546,158,2025,5
5546,154,2025,10
5546,152,2025,4
5546,123,2025,4
5546,159,2025,7
5546,153,2025,1
5546,10,2025,3
5546,132,2025,1
5601,01,2025,1691
5601,02,2025,3020
5601,03,2025,566
5601,04,2025,263
5601,08,2025,311
5601,55,2025,711
5601,05,2025,305
5601,06,2025,431
5601,07,2025,172
5601,122,2025,71
5601,158,2025,21
5601,154,2025,117
5601,152,2025,99
5601,123,2025,271
5601,159,2025,27
5601,153,2025,15
5601,155,2025,3519
5601,132,2025,9
5603,01,2025,2339
5603,02,2025,1474
5603,03,2025,387
5603,04,2025,69
5603,08,2025,137
5603,55,2025,463
5603,05,2025,245
5603,06,2025,277
5603,07,2025,41
5603,122,2025,63
5603,158,2025,18
5603,154,2025,78
5603,152,2025,99
5603,123,2025,57
5603,159,2025,45
5603,153,2025,3
5603,155,2025,24
5603,132,2025,13
5605,01,2025,1946
5605,02,2025,1322
5605,03,2025,379
5605,04,2025,75
5605,08,2025,133
5605,55,2025,589
5605,05,2025,314
5605,06,2025,358
5605,07,2025,76
5605,122,2025,41
5605,158,2025,45
5605,154,2025,36
5605,152,2025,30
5605,123,2025,20
5605,159,2025,26
5605,153,2025,4
5605,155,2025,55
5605,132,2025,8
5607,01,2025,1392
5607,02,2025,580
5607,03,2025,234
5607,04,2025,67
5607,08,2025,77
5607,55,2025,284
5607,05,2025,218
5607,06,2025,214
5607,07,2025,42
5607,122,2025,20
5607,158,2025,19
5607,154,2025,26
5607,152,2025,18
5607,123,2025,18
5607,159,2025,6
5607,153,2025,1
5607,155,2025,27
5607,132,2025,5
5610,01,2025,288
5610,02,2025,208
5610,03,2025,66
5610,04,2025,41
5610,08,2025,18
5610,55,2025,466
5610,05,2025,131
5610,06,2025,90
5610,07,2025,9
5610,122,2025,7
5610,158,2025,8
5610,154,2025,22
5610,152,2025,19
5610,123,2025,10
5610,159,2025,4
5610,153,2025,6
5610,155,2025,48
5610,132,2025,5
5612,01,2025,188
5612,02,2025,233
5612,03,2025,67
5612,04,2025,166
5612,08,2025,27
5612,55,2025,320
5612,05,2025,79
5612,06,2025,109
5612,07,2025,43
5612,122,2025,7
5612,158,2025,1
5612,154,2025,11
5612,152,2025,12
5612,123,2025,33
5612,159,2025,2
5612,153,2025,1
5612,155,2025,282
5612,132,2025,2
5614,01,2025,137
5614,02,2025,141
5614,03,2025,35
5614,04,2025,2
5614,08,2025,5
5614,55,2025,39
5614,05,2025,29
5614,06,2025,23
5614,07,2025,4
5614,122,2025,4
5614,158,2025,7
5614,154,2025,5
5614,152,2025,4
5614,123,2025,3
5614,159,2025,7
5614,155,2025,22
5616,01,2025,154
5616,02,2025,113
5616,03,2025,23
5616,04,2025,8
5616,08,2025,8
5616,55,2025,43
5616,05,2025,60
5616,06,2025,18
5616,07,2025,6
5616,122,2025,12
5616,154,2025,2
5616,152,2025,7
5616,123,2025,2
5616,159,2025,4
5616,155,2025,7
5616,132,2025,2
5618,01,2025,180
5618,02,2025,126
5618,03,2025,32
5618,04,2025,9
5618,08,2025,10
5618,55,2025,34
5618,05,2025,58
5618,06,2025,16
5618,07,2025,4
5618,122,2025,3
5618,158,2025,1
5618,154,2025,4
5618,152,2025,12
5618,159,2025,2
5618,153,2025,1
5618,155,2025,7
5620,01,2025,473
5620,02,2025,485
5620,03,2025,121
5620,04,2025,13
5620,08,2025,25
5620,55,2025,130
5620,05,2025,95
5620,06,2025,135
5620,07,2025,22
5620,122,2025,19
5620,158,2025,6
5620,154,2025,13
5620,152,2025,13
5620,123,2025,5
5620,159,2025,5
5620,153,2025,1
5620,155,2025,11
5620,132,2025,2
5622,01,2025,681
5622,02,2025,651
5622,03,2025,199
5622,04,2025,34
5622,08,2025,36
5622,55,2025,248
5622,05,2025,174
5622,06,2025,94
5622,07,2025,19
5622,122,2025,24
5622,158,2025,2
5622,154,2025,29
5622,152,2025,25
5622,123,2025,18
5622,159,2025,6
5622,153,2025,1
5622,155,2025,32
5622,132,2025,7
5624,01,2025,223
5624,02,2025,130
5624,03,2025,42
5624,04,2025,24
5624,08,2025,6
5624,55,2025,80
5624,05,2025,47
5624,06,2025,23
5624,07,2025,3
5624,122,2025,6
5624,158,2025,2
5624,154,2025,5
5624,152,2025,4
5624,123,2025,20
5624,159,2025,1
5624,153,2025,1
5624,155,2025,17
5626,01,2025,144
5626,02,2025,132
5626,03,2025,7
5626,04,2025,1
5626,08,2025,5
5626,55,2025,36
5626,05,2025,39
5626,06,2025,41
5626,07,2025,2
5626,122,2025,7
5626,158,2025,2
5626,152,2025,16
5626,123,2025,3
5626,155,2025,9
5628,01,2025,387
5628,02,2025,394
5628,03,2025,78
5628,04,2025,37
5628,08,2025,26
5628,55,2025,217
5628,05,2025,172
5628,06,2025,94
5628,07,2025,15
5628,122,2025,23
5628,158,2025,6
5628,154,2025,18
5628,152,2025,20
5628,123,2025,11
5628,159,2025,6
5628,153,2025,3
5628,155,2025,79
5628,132,2025,2
5630,01,2025,189
5630,02,2025,113
5630,03,2025,24
5630,04,2025,1
5630,08,2025,2
5630,55,2025,36
5630,05,2025,29
5630,06,2025,32
5630,07,2025,1
5630,122,2025,1
5630,154,2025,3
5630,152,2025,2
5630,155,2025,5
5630,132,2025,1
5632,01,2025,273
5632,02,2025,342
5632,03,2025,53
5632,04,2025,10
5632,08,2025,7
5632,55,2025,54
5632,05,2025,50
5632,06,2025,22
5632,07,2025,13
5632,122,2025,12
5632,158,2025,5
5632,154,2025,10
5632,152,2025,9
5632,123,2025,3
5632,159,2025,4
5632,155,2025,3
5632,132,2025,3
5634,01,2025,388
5634,02,2025,228
5634,03,2025,37
5634,04,2025,7
5634,08,2025,25
5634,55,2025,99
5634,05,2025,108
5634,06,2025,54
5634,07,2025,13
5634,122,2025,16
5634,158,2025,7
5634,154,2025,6
5634,152,2025,8
5634,123,2025,5
5634,159,2025,3
5634,155,2025,8
5634,132,2025,2
5636,01,2025,168
5636,02,2025,91
5636,03,2025,24
5636,04,2025,4
5636,08,2025,3
5636,55,2025,81
5636,05,2025,35
5636,06,2025,49
5636,07,2025,5
5636,122,2025,7
5636,158,2025,3
5636,154,2025,5
5636,152,2025,4
5636,123,2025,7
5636,159,2025,4
5636,153,2025,1
5636,155,2025,19
5636,132,2025,1
