"Region","PolitParti","Godkjente1 2017"
"0101","01",5555
"0101","02",2929
"0101","03",3806
"0101","04",757
"0101","08",517
"0101","55",395
"0101","05",1530
"0101","06",885
"0101","07",405
"0101","130",12
"0101","122",23
"0101","44",6
"0101","123",58
"0101","133",55
"0101","10",83
"0101","132",80
"0104","01",5854
"0104","02",2717
"0104","03",4559
"0104","04",450
"0104","08",677
"0104","55",881
"0104","05",613
"0104","06",1046
"0104","07",653
"0104","130",20
"0104","122",27
"0104","44",11
"0104","123",13
"0104","133",49
"0104","10",141
"0104","132",106
"0105","01",10946
"0105","02",5447
"0105","03",6448
"0105","04",1211
"0105","08",504
"0105","55",429
"0105","05",1981
"0105","06",1039
"0105","07",495
"0105","130",42
"0105","122",48
"0105","44",12
"0105","123",159
"0105","133",57
"0105","10",352
"0105","132",153
"0106","01",15612
"0106","02",7495
"0106","03",10471
"0106","04",1716
"0106","08",1414
"0106","55",948
"0106","05",2078
"0106","06",2200
"0106","07",1118
"0106","130",73
"0106","122",40
"0106","44",33
"0106","123",121
"0106","133",93
"0106","10",488
"0106","132",211
"0111","01",836
"0111","02",574
"0111","03",773
"0111","04",74
"0111","08",70
"0111","55",78
"0111","05",192
"0111","06",128
"0111","07",74
"0111","130",3
"0111","122",3
"0111","44",3
"0111","123",6
"0111","10",14
"0111","132",19
"0118","01",171
"0118","02",102
"0118","03",137
"0118","04",83
"0118","08",17
"0118","55",7
"0118","05",347
"0118","06",15
"0118","07",10
"0118","122",1
"0118","44",1
"0118","123",9
"0118","133",2
"0118","10",3
"0118","132",3
"0119","01",686
"0119","02",251
"0119","03",340
"0119","04",211
"0119","08",21
"0119","55",18
"0119","05",532
"0119","06",38
"0119","07",43
"0119","130",7
"0119","44",2
"0119","123",9
"0119","133",8
"0119","10",13
"0119","132",7
"0121","01",118
"0121","02",45
"0121","03",39
"0121","04",88
"0121","08",7
"0121","55",1
"0121","05",111
"0121","06",4
"0121","07",1
"0121","123",2
"0121","10",1
"0121","132",1
"0122","01",551
"0122","02",558
"0122","03",684
"0122","04",106
"0122","08",34
"0122","55",45
"0122","05",818
"0122","06",67
"0122","07",45
"0122","130",4
"0122","122",2
"0122","44",3
"0122","123",6
"0122","133",9
"0122","10",4
"0122","132",12
"0123","01",714
"0123","02",584
"0123","03",820
"0123","04",185
"0123","08",71
"0123","55",62
"0123","05",496
"0123","06",141
"0123","07",77
"0123","130",3
"0123","122",6
"0123","44",1
"0123","123",13
"0123","133",2
"0123","10",18
"0123","132",14
"0124","01",2470
"0124","02",1532
"0124","03",2332
"0124","04",312
"0124","08",174
"0124","55",127
"0124","05",582
"0124","06",344
"0124","07",175
"0124","130",12
"0124","122",8
"0124","44",3
"0124","123",26
"0124","133",20
"0124","10",47
"0124","132",70
"0125","01",1485
"0125","02",1075
"0125","03",1482
"0125","04",259
"0125","08",109
"0125","55",70
"0125","05",1077
"0125","06",193
"0125","07",138
"0125","130",6
"0125","122",7
"0125","44",8
"0125","123",10
"0125","133",17
"0125","10",37
"0125","132",30
"0127","01",481
"0127","02",373
"0127","03",417
"0127","04",117
"0127","08",21
"0127","55",29
"0127","05",426
"0127","06",51
"0127","07",38
"0127","130",4
"0127","122",2
"0127","123",8
"0127","133",3
"0127","10",11
"0127","132",13
"0128","01",1001
"0128","02",805
"0128","03",829
"0128","04",370
"0128","08",65
"0128","55",35
"0128","05",1128
"0128","06",86
"0128","07",51
"0128","130",3
"0128","122",9
"0128","44",3
"0128","123",29
"0128","133",8
"0128","10",11
"0128","132",8
"0135","01",989
"0135","02",874
"0135","03",1149
"0135","04",294
"0135","08",96
"0135","55",48
"0135","05",555
"0135","06",125
"0135","07",81
"0135","130",6
"0135","122",1
"0135","44",2
"0135","123",20
"0135","133",2
"0135","10",31
"0135","132",12
"0136","01",2787
"0136","02",1533
"0136","03",2512
"0136","04",253
"0136","08",228
"0136","55",179
"0136","05",643
"0136","06",479
"0136","07",310
"0136","130",10
"0136","122",12
"0136","44",3
"0136","123",15
"0136","133",13
"0136","10",74
"0136","132",29
"0137","01",603
"0137","02",629
"0137","03",705
"0137","04",143
"0137","08",59
"0137","55",38
"0137","05",517
"0137","06",108
"0137","07",57
"0137","130",2
"0137","44",3
"0137","123",8
"0137","133",9
"0137","10",20
"0137","132",14
"0138","01",686
"0138","02",658
"0138","03",761
"0138","04",182
"0138","08",108
"0138","55",45
"0138","05",317
"0138","06",87
"0138","07",107
"0138","130",4
"0138","122",1
"0138","44",4
"0138","123",6
"0138","133",6
"0138","10",11
"0138","132",24
"0211","01",2488
"0211","02",1525
"0211","03",2744
"0211","04",200
"0211","08",444
"0211","55",223
"0211","05",624
"0211","06",590
"0211","07",467
"0211","130",9
"0211","122",9
"0211","44",8
"0211","123",22
"0211","133",18
"0211","10",44
"0211","124",16
"0211","132",48
"0213","01",4728
"0213","02",2516
"0213","03",5080
"0213","04",427
"0213","08",610
"0213","55",398
"0213","05",879
"0213","06",1076
"0213","07",935
"0213","130",17
"0213","122",8
"0213","44",5
"0213","123",14
"0213","133",30
"0213","10",149
"0213","124",28
"0213","132",103
"0214","01",2656
"0214","02",1441
"0214","03",2392
"0214","04",283
"0214","08",686
"0214","55",344
"0214","05",1039
"0214","06",871
"0214","07",639
"0214","130",14
"0214","122",4
"0214","44",7
"0214","123",12
"0214","133",22
"0214","10",44
"0214","124",18
"0214","132",49
"0215","01",2138
"0215","02",1432
"0215","03",3530
"0215","04",162
"0215","08",420
"0215","55",182
"0215","05",435
"0215","06",506
"0215","07",580
"0215","130",8
"0215","122",3
"0215","44",3
"0215","123",9
"0215","133",11
"0215","10",85
"0215","124",14
"0215","132",46
"0216","01",2667
"0216","02",1225
"0216","03",2636
"0216","04",240
"0216","08",1150
"0216","55",695
"0216","05",381
"0216","06",1190
"0216","07",691
"0216","130",11
"0216","122",5
"0216","44",4
"0216","123",9
"0216","133",14
"0216","10",44
"0216","124",24
"0216","132",66
"0217","01",3911
"0217","02",1975
"0217","03",5617
"0217","04",472
"0217","08",673
"0217","55",290
"0217","05",447
"0217","06",1196
"0217","07",1401
"0217","130",22
"0217","122",12
"0217","44",5
"0217","123",16
"0217","133",21
"0217","10",55
"0217","124",22
"0217","132",84
"0219","01",13989
"0219","02",7638
"0219","03",30050
"0219","04",1358
"0219","08",2964
"0219","55",1162
"0219","05",1535
"0219","06",3210
"0219","07",7700
"0219","130",60
"0219","122",26
"0219","44",16
"0219","123",64
"0219","133",100
"0219","10",458
"0219","124",95
"0219","132",181
"0220","01",7027
"0220","02",4052
"0220","03",13610
"0220","04",763
"0220","08",1692
"0220","55",557
"0220","05",976
"0220","06",1854
"0220","07",3483
"0220","130",21
"0220","122",14
"0220","44",9
"0220","123",51
"0220","133",47
"0220","10",171
"0220","124",42
"0220","132",90
"0221","01",2898
"0221","02",1811
"0221","03",1563
"0221","04",328
"0221","08",140
"0221","55",99
"0221","05",1563
"0221","06",278
"0221","07",168
"0221","130",11
"0221","122",3
"0221","44",7
"0221","123",18
"0221","133",18
"0221","10",34
"0221","124",15
"0221","132",53
"0226","01",2874
"0226","02",1565
"0226","03",2316
"0226","04",306
"0226","08",218
"0226","55",151
"0226","05",1299
"0226","06",405
"0226","07",309
"0226","130",12
"0226","122",9
"0226","44",2
"0226","123",15
"0226","133",21
"0226","10",32
"0226","124",14
"0226","132",62
"0227","01",1898
"0227","02",1162
"0227","03",1646
"0227","04",148
"0227","08",172
"0227","55",93
"0227","05",630
"0227","06",296
"0227","07",263
"0227","130",6
"0227","122",3
"0227","44",3
"0227","123",7
"0227","133",11
"0227","10",25
"0227","124",13
"0227","132",41
"0228","01",3488
"0228","02",1627
"0228","03",2470
"0228","04",222
"0228","08",228
"0228","55",160
"0228","05",477
"0228","06",459
"0228","07",366
"0228","130",7
"0228","122",5
"0228","44",3
"0228","123",24
"0228","133",7
"0228","10",70
"0228","124",19
"0228","132",86
"0229","01",1369
"0229","02",1303
"0229","03",1478
"0229","04",198
"0229","08",121
"0229","55",105
"0229","05",718
"0229","06",231
"0229","07",212
"0229","130",6
"0229","122",7
"0229","44",3
"0229","123",15
"0229","133",13
"0229","10",25
"0229","124",10
"0229","132",64
"0230","01",7147
"0230","02",3388
"0230","03",5693
"0230","04",425
"0230","08",547
"0230","55",391
"0230","05",699
"0230","06",1030
"0230","07",964
"0230","130",25
"0230","122",21
"0230","44",7
"0230","123",23
"0230","133",51
"0230","10",114
"0230","124",41
"0230","132",152
"0231","01",9921
"0231","02",4615
"0231","03",7659
"0231","04",628
"0231","08",681
"0231","55",525
"0231","05",1286
"0231","06",1507
"0231","07",1257
"0231","130",46
"0231","122",47
"0231","44",15
"0231","123",30
"0231","133",66
"0231","10",180
"0231","124",55
"0231","132",306
"0233","01",3787
"0233","02",2218
"0233","03",3627
"0233","04",293
"0233","08",480
"0233","55",298
"0233","05",768
"0233","06",767
"0233","07",739
"0233","130",18
"0233","122",20
"0233","44",4
"0233","123",12
"0233","133",24
"0233","10",62
"0233","124",15
"0233","132",97
"0234","01",977
"0234","02",584
"0234","03",1039
"0234","04",160
"0234","08",87
"0234","55",42
"0234","05",439
"0234","06",168
"0234","07",141
"0234","130",10
"0234","122",1
"0234","44",2
"0234","123",1
"0234","133",5
"0234","10",13
"0234","124",4
"0234","132",20
"0235","01",5069
"0235","02",4075
"0235","03",4786
"0235","04",340
"0235","08",336
"0235","55",280
"0235","05",1458
"0235","06",711
"0235","07",566
"0235","130",25
"0235","122",30
"0235","44",8
"0235","123",20
"0235","133",30
"0235","10",91
"0235","124",43
"0235","132",142
"0236","01",3706
"0236","02",2274
"0236","03",2135
"0236","04",279
"0236","08",258
"0236","55",184
"0236","05",1786
"0236","06",502
"0236","07",351
"0236","130",15
"0236","122",11
"0236","44",7
"0236","123",20
"0236","133",29
"0236","10",60
"0236","124",26
"0236","132",173
"0237","01",3666
"0237","02",2660
"0237","03",2728
"0237","04",329
"0237","08",309
"0237","55",248
"0237","05",1605
"0237","06",711
"0237","07",360
"0237","130",24
"0237","122",25
"0237","44",9
"0237","123",24
"0237","133",26
"0237","10",152
"0237","124",35
"0237","132",117
"0238","01",1888
"0238","02",1392
"0238","03",1433
"0238","04",175
"0238","08",155
"0238","55",84
"0238","05",817
"0238","06",236
"0238","07",207
"0238","130",13
"0238","122",5
"0238","44",8
"0238","123",11
"0238","133",28
"0238","10",36
"0238","124",12
"0238","132",60
"0239","01",397
"0239","02",263
"0239","03",219
"0239","04",103
"0239","08",88
"0239","55",31
"0239","05",358
"0239","06",65
"0239","07",54
"0239","130",3
"0239","44",1
"0239","123",3
"0239","133",6
"0239","10",10
"0239","124",4
"0239","132",12
"0602","01",11223
"0602","02",5822
"0602","03",10900
"0602","04",921
"0602","08",1180
"0602","55",613
"0602","05",1451
"0602","06",1996
"0602","07",1469
"0602","130",59
"0602","122",59
"0602","44",16
"0602","123",60
"0602","133",80
"0602","132",219
"0604","01",4185
"0604","02",2562
"0604","03",3730
"0604","04",344
"0604","08",514
"0604","55",239
"0604","05",2001
"0604","06",927
"0604","07",609
"0604","130",18
"0604","122",22
"0604","44",6
"0604","123",25
"0604","133",26
"0604","132",64
"0605","01",5365
"0605","02",2991
"0605","03",4041
"0605","04",367
"0605","08",377
"0605","55",321
"0605","05",1605
"0605","06",829
"0605","07",480
"0605","130",32
"0605","122",24
"0605","44",7
"0605","123",33
"0605","133",25
"0605","132",110
"0612","01",862
"0612","02",577
"0612","03",1321
"0612","04",135
"0612","08",115
"0612","55",51
"0612","05",382
"0612","06",157
"0612","07",162
"0612","130",4
"0612","122",8
"0612","44",1
"0612","123",2
"0612","133",6
"0612","132",20
"0615","01",157
"0615","02",101
"0615","03",93
"0615","04",8
"0615","08",14
"0615","55",8
"0615","05",196
"0615","06",9
"0615","07",12
"0615","122",1
"0615","123",1
"0615","133",2
"0616","01",463
"0616","02",244
"0616","03",398
"0616","04",82
"0616","08",44
"0616","55",18
"0616","05",518
"0616","06",61
"0616","07",44
"0616","130",3
"0616","122",2
"0616","44",1
"0616","123",4
"0616","133",1
"0616","132",19
"0617","01",550
"0617","02",379
"0617","03",639
"0617","04",73
"0617","08",47
"0617","55",13
"0617","05",576
"0617","06",106
"0617","07",60
"0617","130",1
"0617","122",3
"0617","123",2
"0617","133",4
"0617","132",9
"0618","01",194
"0618","02",135
"0618","03",292
"0618","04",107
"0618","08",30
"0618","55",11
"0618","05",321
"0618","06",52
"0618","07",57
"0618","130",2
"0618","44",1
"0618","123",4
"0618","133",1
"0618","132",4
"0619","01",612
"0619","02",328
"0619","03",475
"0619","04",142
"0619","08",62
"0619","55",41
"0619","05",905
"0619","06",98
"0619","07",103
"0619","130",1
"0619","122",2
"0619","44",1
"0619","123",4
"0619","133",2
"0619","132",10
"0620","01",535
"0620","02",380
"0620","03",688
"0620","04",64
"0620","08",43
"0620","55",26
"0620","05",635
"0620","06",78
"0620","07",78
"0620","130",3
"0620","122",1
"0620","44",2
"0620","123",7
"0620","133",3
"0620","132",14
"0621","01",398
"0621","02",303
"0621","03",428
"0621","04",20
"0621","08",14
"0621","55",13
"0621","05",734
"0621","06",37
"0621","07",42
"0621","130",7
"0621","123",1
"0621","133",1
"0621","132",9
"0622","01",374
"0622","02",173
"0622","03",244
"0622","04",15
"0622","08",18
"0622","55",11
"0622","05",329
"0622","06",42
"0622","07",28
"0622","130",1
"0622","123",2
"0622","133",1
"0622","132",9
"0623","01",2373
"0623","02",1688
"0623","03",1429
"0623","04",194
"0623","08",151
"0623","55",76
"0623","05",1226
"0623","06",320
"0623","07",144
"0623","130",3
"0623","122",10
"0623","44",2
"0623","123",15
"0623","133",7
"0623","132",67
"0624","01",2756
"0624","02",1946
"0624","03",2457
"0624","04",266
"0624","08",198
"0624","55",111
"0624","05",1418
"0624","06",493
"0624","07",236
"0624","130",14
"0624","122",19
"0624","44",14
"0624","123",28
"0624","133",56
"0624","132",58
"0625","01",4077
"0625","02",2627
"0625","03",3267
"0625","04",377
"0625","08",236
"0625","55",177
"0625","05",777
"0625","06",700
"0625","07",344
"0625","130",34
"0625","122",20
"0625","44",7
"0625","123",30
"0625","133",23
"0625","132",72
"0626","01",3740
"0626","02",2293
"0626","03",4609
"0626","04",330
"0626","08",400
"0626","55",155
"0626","05",1074
"0626","06",726
"0626","07",752
"0626","130",16
"0626","122",13
"0626","44",8
"0626","123",22
"0626","133",30
"0626","132",74
"0627","01",3012
"0627","02",2268
"0627","03",3866
"0627","04",307
"0627","08",415
"0627","55",217
"0627","05",566
"0627","06",631
"0627","07",686
"0627","130",16
"0627","122",10
"0627","44",16
"0627","123",11
"0627","133",29
"0627","132",46
"0628","01",1464
"0628","02",982
"0628","03",1535
"0628","04",157
"0628","08",192
"0628","55",128
"0628","05",371
"0628","06",275
"0628","07",242
"0628","130",6
"0628","122",4
"0628","44",5
"0628","123",14
"0628","133",19
"0628","132",37
"0631","01",275
"0631","02",312
"0631","03",269
"0631","04",26
"0631","08",34
"0631","55",18
"0631","05",447
"0631","06",43
"0631","07",29
"0631","130",1
"0631","122",2
"0631","44",1
"0631","123",7
"0631","133",2
"0631","132",4
"0632","01",206
"0632","02",100
"0632","03",107
"0632","04",27
"0632","08",5
"0632","55",6
"0632","05",360
"0632","06",16
"0632","07",21
"0632","44",2
"0632","123",2
"0632","132",6
"0633","01",322
"0633","02",208
"0633","03",223
"0633","04",33
"0633","08",23
"0633","55",7
"0633","05",554
"0633","06",46
"0633","07",6
"0633","122",1
"0633","44",1
"0633","123",1
"0633","132",4
"0301","01",104089
"0301","02",35037
"0301","03",97085
"0301","04",7843
"0301","08",21853
"0301","55",23083
"0301","05",7778
"0301","06",34052
"0301","07",30933
"0301","130",314
"0301","122",326
"0301","131",326
"0301","123",343
"0301","133",667
"0301","09",119
"0301","10",1335
"0301","124",630
"0301","21",104
"0301","132",1184
"0402","01",3718
"0402","02",1627
"0402","03",1777
"0402","04",154
"0402","08",150
"0402","55",123
"0402","05",1393
"0402","06",535
"0402","07",213
"0402","130",7
"0402","122",12
"0402","44",7
"0402","123",14
"0402","133",20
"0402","136",10
"0402","10",228
"0402","132",55
"0403","01",7009
"0403","02",1631
"0403","03",3882
"0403","04",467
"0403","08",503
"0403","55",359
"0403","05",1816
"0403","06",1602
"0403","07",809
"0403","130",22
"0403","122",13
"0403","44",2
"0403","123",26
"0403","133",25
"0403","136",10
"0403","10",196
"0403","132",50
"0412","01",7317
"0412","02",2159
"0412","03",2998
"0412","04",346
"0412","08",381
"0412","55",213
"0412","05",3537
"0412","06",874
"0412","07",441
"0412","130",20
"0412","122",42
"0412","44",9
"0412","123",24
"0412","133",26
"0412","136",26
"0412","10",263
"0412","132",50
"0415","01",1688
"0415","02",513
"0415","03",524
"0415","04",78
"0415","08",81
"0415","55",54
"0415","05",1199
"0415","06",188
"0415","07",65
"0415","130",6
"0415","122",20
"0415","44",2
"0415","123",4
"0415","133",7
"0415","136",4
"0415","10",28
"0415","132",19
"0417","01",4526
"0417","02",1331
"0417","03",1649
"0417","04",395
"0417","08",302
"0417","55",168
"0417","05",2579
"0417","06",749
"0417","07",277
"0417","130",7
"0417","122",14
"0417","44",2
"0417","123",34
"0417","133",9
"0417","136",12
"0417","10",112
"0417","132",30
"0418","01",1158
"0418","02",432
"0418","03",326
"0418","04",37
"0418","08",38
"0418","55",39
"0418","05",703
"0418","06",167
"0418","07",33
"0418","130",8
"0418","122",6
"0418","44",1
"0418","123",4
"0418","133",5
"0418","136",4
"0418","10",29
"0418","132",18
"0419","01",1542
"0419","02",714
"0419","03",762
"0419","04",25
"0419","08",68
"0419","55",62
"0419","05",921
"0419","06",277
"0419","07",74
"0419","130",2
"0419","122",1
"0419","44",3
"0419","123",3
"0419","133",9
"0419","136",8
"0419","10",48
"0419","132",29
"0420","01",1193
"0420","02",613
"0420","03",496
"0420","04",67
"0420","08",43
"0420","55",48
"0420","05",789
"0420","06",129
"0420","07",59
"0420","130",13
"0420","122",8
"0420","44",1
"0420","123",12
"0420","133",4
"0420","136",3
"0420","10",59
"0420","132",17
"0423","01",957
"0423","02",433
"0423","03",370
"0423","04",21
"0423","08",33
"0423","55",26
"0423","05",766
"0423","06",85
"0423","07",31
"0423","130",1
"0423","122",6
"0423","44",2
"0423","123",2
"0423","133",9
"0423","136",2
"0423","10",39
"0423","132",11
"0425","01",1365
"0425","02",600
"0425","03",451
"0425","04",60
"0425","08",52
"0425","55",36
"0425","05",1348
"0425","06",166
"0425","07",50
"0425","130",6
"0425","122",14
"0425","44",2
"0425","123",16
"0425","133",3
"0425","136",8
"0425","10",63
"0425","132",9
"0426","01",743
"0426","02",298
"0426","03",221
"0426","04",25
"0426","08",25
"0426","55",20
"0426","05",659
"0426","06",111
"0426","07",53
"0426","130",4
"0426","122",4
"0426","44",2
"0426","123",4
"0426","133",1
"0426","136",3
"0426","10",35
"0426","132",10
"0427","01",4094
"0427","02",1540
"0427","03",2237
"0427","04",147
"0427","08",232
"0427","55",144
"0427","05",2395
"0427","06",689
"0427","07",277
"0427","130",10
"0427","122",28
"0427","44",5
"0427","123",3
"0427","133",22
"0427","136",34
"0427","10",93
"0427","132",39
"0428","01",1195
"0428","02",427
"0428","03",500
"0428","04",68
"0428","08",40
"0428","55",17
"0428","05",1393
"0428","06",140
"0428","07",62
"0428","130",1
"0428","122",9
"0428","123",6
"0428","133",11
"0428","136",2
"0428","10",27
"0428","132",4
"0429","01",707
"0429","02",304
"0429","03",352
"0429","04",18
"0429","08",41
"0429","55",31
"0429","05",812
"0429","06",140
"0429","07",44
"0429","130",3
"0429","122",5
"0429","44",1
"0429","133",6
"0429","136",15
"0429","10",22
"0429","132",2
"0430","01",500
"0430","02",190
"0430","03",153
"0430","04",7
"0430","08",23
"0430","55",20
"0430","05",466
"0430","06",87
"0430","07",22
"0430","122",2
"0430","123",1
"0430","133",3
"0430","136",1
"0430","10",8
"0430","132",6
"0432","01",396
"0432","02",80
"0432","03",76
"0432","04",7
"0432","08",8
"0432","55",5
"0432","05",548
"0432","06",55
"0432","07",6
"0432","122",2
"0432","123",1
"0432","10",6
"0432","132",2
"0434","01",225
"0434","02",75
"0434","03",81
"0434","08",12
"0434","55",4
"0434","05",394
"0434","06",22
"0434","07",7
"0434","130",1
"0434","44",1
"0434","123",1
"0434","136",1
"0434","10",1
"0434","132",1
"0436","01",236
"0436","02",28
"0436","03",48
"0436","04",2
"0436","08",31
"0436","55",13
"0436","05",492
"0436","06",95
"0436","07",30
"0436","130",1
"0436","122",1
"0436","44",2
"0436","10",6
"0437","01",894
"0437","02",212
"0437","03",299
"0437","04",51
"0437","08",81
"0437","55",22
"0437","05",1380
"0437","06",232
"0437","07",62
"0437","130",3
"0437","122",5
"0437","44",1
"0437","123",8
"0437","133",1
"0437","136",5
"0437","10",23
"0437","132",3
"0438","01",396
"0438","02",66
"0438","03",125
"0438","04",39
"0438","08",32
"0438","55",10
"0438","05",677
"0438","06",56
"0438","07",26
"0438","130",1
"0438","123",1
"0438","133",1
"0438","10",9
"0438","132",1
"0439","01",333
"0439","02",53
"0439","03",72
"0439","04",7
"0439","08",17
"0439","55",16
"0439","05",473
"0439","06",47
"0439","07",11
"0439","130",1
"0439","44",2
"0439","133",3
"0439","136",2
"0439","10",6
"0441","01",369
"0441","02",50
"0441","03",55
"0441","04",30
"0441","08",22
"0441","55",13
"0441","05",556
"0441","06",82
"0441","07",7
"0441","130",3
"0441","123",1
"0441","136",1
"0441","10",2
"0501","01",5675
"0501","02",1535
"0501","03",3262
"0501","04",360
"0501","08",755
"0501","55",415
"0501","05",2016
"0501","06",1272
"0501","07",698
"0501","130",27
"0501","122",21
"0501","44",2
"0501","123",23
"0501","133",21
"0501","10",83
"0501","132",71
"0502","01",6447
"0502","02",1796
"0502","03",3440
"0502","04",471
"0502","08",396
"0502","55",392
"0502","05",2202
"0502","06",907
"0502","07",585
"0502","130",19
"0502","122",9
"0502","44",2
"0502","123",30
"0502","133",28
"0502","10",98
"0502","132",66
"0511","01",512
"0511","02",149
"0511","03",177
"0511","04",24
"0511","08",19
"0511","55",14
"0511","05",521
"0511","06",42
"0511","07",15
"0511","130",2
"0511","122",1
"0511","44",2
"0511","123",3
"0511","133",5
"0511","10",4
"0511","132",2
"0512","01",286
"0512","02",92
"0512","03",119
"0512","04",15
"0512","08",14
"0512","55",9
"0512","05",577
"0512","06",33
"0512","07",8
"0512","122",5
"0512","44",1
"0512","123",1
"0512","10",2
"0512","132",3
"0513","01",348
"0513","02",117
"0513","03",86
"0513","04",11
"0513","08",20
"0513","55",17
"0513","05",657
"0513","06",38
"0513","07",15
"0513","130",1
"0513","44",3
"0513","123",3
"0513","133",1
"0513","10",7
"0513","132",4
"0514","01",379
"0514","02",113
"0514","03",100
"0514","04",13
"0514","08",22
"0514","55",9
"0514","05",614
"0514","06",51
"0514","07",13
"0514","130",7
"0514","123",4
"0514","10",5
"0514","132",1
"0515","01",697
"0515","02",240
"0515","03",189
"0515","04",20
"0515","08",37
"0515","55",26
"0515","05",777
"0515","06",116
"0515","07",14
"0515","130",1
"0515","122",14
"0515","123",4
"0515","133",3
"0515","10",5
"0515","132",8
"0516","01",1315
"0516","02",345
"0516","03",449
"0516","04",54
"0516","08",25
"0516","55",16
"0516","05",891
"0516","06",81
"0516","07",44
"0516","130",5
"0516","122",5
"0516","44",1
"0516","123",6
"0516","133",4
"0516","10",5
"0516","132",12
"0517","01",1376
"0517","02",429
"0517","03",398
"0517","04",37
"0517","08",73
"0517","55",47
"0517","05",804
"0517","06",152
"0517","07",25
"0517","130",5
"0517","122",4
"0517","44",1
"0517","123",9
"0517","133",6
"0517","10",6
"0517","132",8
"0519","01",719
"0519","02",173
"0519","03",173
"0519","04",9
"0519","08",13
"0519","55",11
"0519","05",592
"0519","06",44
"0519","07",24
"0519","130",2
"0519","44",1
"0519","10",7
"0519","132",2
"0520","01",890
"0520","02",211
"0520","03",286
"0520","04",32
"0520","08",34
"0520","55",21
"0520","05",904
"0520","06",66
"0520","07",32
"0520","130",1
"0520","122",4
"0520","44",1
"0520","123",3
"0520","133",3
"0520","10",8
"0520","132",9
"0521","01",1081
"0521","02",214
"0521","03",426
"0521","04",83
"0521","08",66
"0521","55",32
"0521","05",844
"0521","06",118
"0521","07",69
"0521","130",3
"0521","122",8
"0521","123",2
"0521","133",7
"0521","10",4
"0521","132",10
"0522","01",1316
"0522","02",351
"0522","03",339
"0522","04",59
"0522","08",89
"0522","55",41
"0522","05",1248
"0522","06",108
"0522","07",55
"0522","130",5
"0522","122",2
"0522","44",1
"0522","123",2
"0522","133",8
"0522","10",4
"0522","132",11
"0528","01",3028
"0528","02",1115
"0528","03",1392
"0528","04",246
"0528","08",160
"0528","55",105
"0528","05",1863
"0528","06",342
"0528","07",206
"0528","130",9
"0528","122",10
"0528","44",3
"0528","123",10
"0528","133",6
"0528","10",61
"0528","132",37
"0529","01",2826
"0529","02",1199
"0529","03",1292
"0529","04",166
"0529","08",144
"0529","55",166
"0529","05",1150
"0529","06",293
"0529","07",181
"0529","130",8
"0529","122",13
"0529","44",5
"0529","123",13
"0529","133",11
"0529","10",39
"0529","132",42
"0532","01",1365
"0532","02",628
"0532","03",837
"0532","04",54
"0532","08",79
"0532","55",62
"0532","05",492
"0532","06",212
"0532","07",80
"0532","130",10
"0532","122",3
"0532","44",3
"0532","123",7
"0532","133",7
"0532","10",19
"0532","132",29
"0533","01",1731
"0533","02",900
"0533","03",1147
"0533","04",143
"0533","08",136
"0533","55",134
"0533","05",656
"0533","06",229
"0533","07",192
"0533","130",4
"0533","122",9
"0533","44",4
"0533","123",16
"0533","133",9
"0533","10",15
"0533","132",32
"0534","01",2613
"0534","02",1308
"0534","03",1585
"0534","04",173
"0534","08",154
"0534","55",111
"0534","05",1418
"0534","06",259
"0534","07",185
"0534","130",9
"0534","122",4
"0534","44",3
"0534","123",14
"0534","133",6
"0534","10",40
"0534","132",49
"0536","01",1305
"0536","02",447
"0536","03",449
"0536","04",49
"0536","08",65
"0536","55",62
"0536","05",593
"0536","06",174
"0536","07",53
"0536","130",5
"0536","122",4
"0536","44",3
"0536","123",5
"0536","133",6
"0536","10",10
"0536","132",19
"0538","01",1480
"0538","02",475
"0538","03",462
"0538","04",56
"0538","08",36
"0538","55",41
"0538","05",916
"0538","06",184
"0538","07",55
"0538","130",4
"0538","122",2
"0538","44",2
"0538","123",8
"0538","133",3
"0538","10",13
"0538","132",10
"0540","01",543
"0540","02",269
"0540","03",232
"0540","04",55
"0540","08",26
"0540","55",11
"0540","05",530
"0540","06",42
"0540","07",27
"0540","130",1
"0540","122",5
"0540","44",1
"0540","123",3
"0540","133",1
"0540","10",3
"0540","132",5
"0541","01",214
"0541","02",103
"0541","03",88
"0541","04",30
"0541","08",14
"0541","55",9
"0541","05",276
"0541","06",18
"0541","07",19
"0541","44",1
"0541","123",1
"0541","132",3
"0542","01",1047
"0542","02",568
"0542","03",671
"0542","04",73
"0542","08",85
"0542","55",34
"0542","05",883
"0542","06",108
"0542","07",103
"0542","130",4
"0542","122",6
"0542","123",8
"0542","133",10
"0542","10",12
"0542","132",15
"0543","01",280
"0543","02",206
"0543","03",161
"0543","04",20
"0543","08",19
"0543","55",7
"0543","05",473
"0543","06",39
"0543","07",29
"0543","130",5
"0543","122",1
"0543","123",7
"0543","10",1
"0543","132",3
"0544","01",364
"0544","02",205
"0544","03",276
"0544","04",21
"0544","08",36
"0544","55",22
"0544","05",730
"0544","06",73
"0544","07",41
"0544","130",1
"0544","122",1
"0544","10",2
"0544","132",2
"0545","01",219
"0545","02",97
"0545","03",127
"0545","04",7
"0545","08",33
"0545","55",9
"0545","05",363
"0545","06",27
"0545","07",8
"0545","122",1
"0545","123",2
"0545","133",1
"0545","132",2
"0701","01",5023
"0701","02",2308
"0701","03",4153
"0701","04",390
"0701","08",540
"0701","55",478
"0701","05",776
"0701","06",954
"0701","07",541
"0701","130",18
"0701","122",18
"0701","44",8
"0701","123",12
"0701","133",18
"0701","124",26
"0701","132",73
"0702","01",1879
"0702","02",989
"0702","03",1744
"0702","04",230
"0702","08",166
"0702","55",138
"0702","05",487
"0702","06",302
"0702","07",226
"0702","130",6
"0702","122",11
"0702","44",3
"0702","123",20
"0702","133",20
"0702","124",10
"0702","132",34
"0704","01",7299
"0704","02",3916
"0704","03",8059
"0704","04",1102
"0704","08",788
"0704","55",509
"0704","05",1151
"0704","06",1551
"0704","07",1162
"0704","130",26
"0704","122",21
"0704","44",12
"0704","123",72
"0704","133",72
"0704","124",37
"0704","132",118
"0709","01",7326
"0709","02",4882
"0709","03",6880
"0709","04",1089
"0709","08",664
"0709","55",410
"0709","05",1499
"0709","06",1085
"0709","07",861
"0709","130",31
"0709","122",33
"0709","44",12
"0709","123",100
"0709","133",28
"0709","124",32
"0709","132",127
"0710","01",8806
"0710","02",5838
"0710","03",11319
"0710","04",1237
"0710","08",903
"0710","55",482
"0710","05",1902
"0710","06",1544
"0710","07",1354
"0710","130",48
"0710","122",49
"0710","44",35
"0710","123",137
"0710","133",96
"0710","124",63
"0710","132",176
"0711","01",1021
"0711","02",775
"0711","03",1053
"0711","04",78
"0711","08",90
"0711","55",59
"0711","05",280
"0711","06",124
"0711","07",89
"0711","130",4
"0711","122",4
"0711","123",5
"0711","133",7
"0711","124",4
"0711","132",21
"0713","01",1454
"0713","02",1170
"0713","03",1473
"0713","04",131
"0713","08",113
"0713","55",74
"0713","05",540
"0713","06",184
"0713","07",192
"0713","130",13
"0713","122",9
"0713","44",4
"0713","123",4
"0713","133",16
"0713","124",7
"0713","132",27
"0714","01",477
"0714","02",278
"0714","03",438
"0714","04",54
"0714","08",61
"0714","55",34
"0714","05",299
"0714","06",80
"0714","07",41
"0714","130",1
"0714","122",3
"0714","123",8
"0714","133",2
"0714","124",5
"0714","132",7
"0716","01",1222
"0716","02",948
"0716","03",1279
"0716","04",325
"0716","08",138
"0716","55",64
"0716","05",955
"0716","06",207
"0716","07",118
"0716","130",5
"0716","122",5
"0716","44",8
"0716","123",11
"0716","133",16
"0716","124",8
"0716","132",26
"0722","01",3429
"0722","02",1789
"0722","03",4573
"0722","04",416
"0722","08",478
"0722","55",260
"0722","05",437
"0722","06",704
"0722","07",614
"0722","130",21
"0722","122",4
"0722","44",17
"0722","123",26
"0722","133",27
"0722","124",14
"0722","132",40
"0723","01",714
"0723","02",522
"0723","03",965
"0723","04",68
"0723","08",141
"0723","55",73
"0723","05",159
"0723","06",153
"0723","07",149
"0723","130",8
"0723","44",8
"0723","123",3
"0723","133",6
"0723","124",9
"0723","132",9
"0728","01",468
"0728","02",213
"0728","03",243
"0728","04",39
"0728","08",25
"0728","55",21
"0728","05",292
"0728","06",39
"0728","07",26
"0728","130",5
"0728","122",3
"0728","44",4
"0728","123",5
"0728","133",1
"0728","124",2
"0728","132",14
"0805","01",7225
"0805","02",3514
"0805","03",4624
"0805","04",797
"0805","08",533
"0805","55",482
"0805","05",1082
"0805","06",1076
"0805","07",654
"0805","130",29
"0805","122",30
"0805","44",21
"0805","123",100
"0805","133",41
"0805","132",102
"0806","01",9886
"0806","02",5235
"0806","03",6692
"0806","04",1673
"0806","08",772
"0806","55",569
"0806","05",2095
"0806","06",1704
"0806","07",833
"0806","130",46
"0806","122",54
"0806","44",28
"0806","123",160
"0806","133",37
"0806","132",112
"0807","01",2357
"0807","02",1079
"0807","03",1235
"0807","04",422
"0807","08",116
"0807","55",233
"0807","05",1001
"0807","06",300
"0807","07",172
"0807","130",12
"0807","122",7
"0807","44",1
"0807","123",50
"0807","133",7
"0807","132",21
"0811","01",474
"0811","02",194
"0811","03",250
"0811","04",59
"0811","08",27
"0811","55",21
"0811","05",271
"0811","06",54
"0811","07",29
"0811","130",2
"0811","122",2
"0811","44",1
"0811","123",15
"0811","133",1
"0811","132",1
"0814","01",2536
"0814","02",1838
"0814","03",1820
"0814","04",379
"0814","08",122
"0814","55",121
"0814","05",721
"0814","06",290
"0814","07",186
"0814","130",10
"0814","122",12
"0814","44",12
"0814","123",43
"0814","133",13
"0814","132",27
"0815","01",1972
"0815","02",914
"0815","03",1327
"0815","04",353
"0815","08",159
"0815","55",287
"0815","05",581
"0815","06",269
"0815","07",191
"0815","130",7
"0815","122",6
"0815","44",1
"0815","123",29
"0815","133",5
"0815","132",19
"0817","01",728
"0817","02",305
"0817","03",284
"0817","04",140
"0817","08",36
"0817","55",26
"0817","05",644
"0817","06",100
"0817","07",41
"0817","130",5
"0817","122",5
"0817","44",2
"0817","123",30
"0817","133",2
"0817","132",2
"0819","01",1230
"0819","02",538
"0819","03",658
"0819","04",156
"0819","08",100
"0819","55",43
"0819","05",734
"0819","06",147
"0819","07",63
"0819","130",2
"0819","122",3
"0819","44",2
"0819","123",26
"0819","133",3
"0819","132",3
"0821","01",839
"0821","02",477
"0821","03",529
"0821","04",164
"0821","08",187
"0821","55",60
"0821","05",595
"0821","06",212
"0821","07",123
"0821","130",5
"0821","122",4
"0821","44",1
"0821","123",19
"0821","133",7
"0821","132",12
"0822","01",684
"0822","02",385
"0822","03",390
"0822","04",125
"0822","08",88
"0822","55",51
"0822","05",487
"0822","06",85
"0822","07",99
"0822","130",2
"0822","122",1
"0822","44",2
"0822","123",6
"0822","132",11
"0826","01",778
"0826","02",335
"0826","03",462
"0826","04",45
"0826","08",64
"0826","55",34
"0826","05",1236
"0826","06",234
"0826","07",48
"0826","130",5
"0826","122",1
"0826","44",2
"0826","123",9
"0826","133",6
"0826","132",22
"0827","01",245
"0827","02",153
"0827","03",108
"0827","04",63
"0827","08",9
"0827","55",10
"0827","05",334
"0827","06",13
"0827","07",4
"0827","130",1
"0827","122",1
"0827","44",1
"0827","123",7
"0827","132",1
"0828","01",373
"0828","02",256
"0828","03",327
"0828","04",59
"0828","08",45
"0828","55",20
"0828","05",441
"0828","06",68
"0828","07",43
"0828","130",2
"0828","122",2
"0828","44",2
"0828","123",11
"0828","133",3
"0828","132",4
"0829","01",320
"0829","02",186
"0829","03",182
"0829","04",142
"0829","08",44
"0829","55",19
"0829","05",354
"0829","06",48
"0829","07",38
"0829","130",2
"0829","123",2
"0829","133",2
"0829","132",3
"0830","01",223
"0830","02",124
"0830","03",125
"0830","04",110
"0830","08",18
"0830","55",7
"0830","05",207
"0830","06",22
"0830","07",13
"0830","130",1
"0830","122",1
"0830","123",10
"0831","01",241
"0831","02",77
"0831","03",65
"0831","04",13
"0831","08",13
"0831","55",6
"0831","05",302
"0831","06",11
"0831","07",6
"0831","130",2
"0831","123",4
"0831","133",1
"0831","132",2
"0833","01",404
"0833","02",133
"0833","03",130
"0833","04",61
"0833","08",20
"0833","55",14
"0833","05",499
"0833","06",41
"0833","07",19
"0833","130",1
"0833","44",3
"0833","123",7
"0833","133",1
"0833","132",6
"0834","01",416
"0834","02",270
"0834","03",237
"0834","04",64
"0834","08",39
"0834","55",38
"0834","05",873
"0834","06",126
"0834","07",29
"0834","130",4
"0834","44",2
"0834","123",9
"0834","133",4
"0834","132",6
"0901","01",1290
"0901","02",635
"0901","03",1023
"0901","04",243
"0901","08",130
"0901","55",69
"0901","05",272
"0901","06",174
"0901","07",124
"0901","130",5
"0901","122",2
"0901","123",17
"0901","133",1
"0901","10",20
"0901","124",5
"0901","132",5
"0904","01",2558
"0904","02",2239
"0904","03",3351
"0904","04",1623
"0904","08",418
"0904","55",120
"0904","05",781
"0904","06",472
"0904","07",466
"0904","130",11
"0904","122",31
"0904","44",2
"0904","123",107
"0904","133",14
"0904","10",56
"0904","124",24
"0904","132",33
"0906","01",7231
"0906","02",4488
"0906","03",6413
"0906","04",1681
"0906","08",640
"0906","55",346
"0906","05",1396
"0906","06",1149
"0906","07",763
"0906","130",29
"0906","122",37
"0906","44",12
"0906","123",156
"0906","133",59
"0906","10",214
"0906","124",41
"0906","132",144
"0911","01",385
"0911","02",240
"0911","03",288
"0911","04",94
"0911","08",19
"0911","55",10
"0911","05",295
"0911","06",36
"0911","07",25
"0911","130",1
"0911","122",1
"0911","44",2
"0911","123",5
"0911","133",2
"0911","10",5
"0911","124",1
"0911","132",6
"0912","01",330
"0912","02",145
"0912","03",238
"0912","04",233
"0912","08",12
"0912","55",8
"0912","05",194
"0912","06",25
"0912","07",20
"0912","122",3
"0912","123",4
"0912","133",1
"0912","10",1
"0912","124",1
"0912","132",2
"0914","01",877
"0914","02",520
"0914","03",993
"0914","04",258
"0914","08",106
"0914","55",52
"0914","05",357
"0914","06",113
"0914","07",117
"0914","130",2
"0914","123",17
"0914","133",3
"0914","10",33
"0914","124",3
"0914","132",7
"0919","01",690
"0919","02",698
"0919","03",559
"0919","04",437
"0919","08",39
"0919","55",19
"0919","05",397
"0919","06",78
"0919","07",53
"0919","130",4
"0919","122",4
"0919","44",2
"0919","123",60
"0919","133",9
"0919","10",11
"0919","124",4
"0919","132",17
"0926","01",1279
"0926","02",861
"0926","03",2111
"0926","04",530
"0926","08",186
"0926","55",84
"0926","05",264
"0926","06",287
"0926","07",379
"0926","130",1
"0926","122",9
"0926","44",3
"0926","123",21
"0926","133",21
"0926","10",79
"0926","124",10
"0926","132",22
"0928","01",518
"0928","02",476
"0928","03",653
"0928","04",443
"0928","08",41
"0928","55",32
"0928","05",346
"0928","06",68
"0928","07",62
"0928","130",2
"0928","122",2
"0928","44",1
"0928","123",25
"0928","10",11
"0928","124",6
"0928","132",4
"0929","01",327
"0929","02",156
"0929","03",166
"0929","04",99
"0929","08",6
"0929","55",19
"0929","05",217
"0929","06",31
"0929","07",11
"0929","130",2
"0929","122",2
"0929","44",1
"0929","123",6
"0929","133",2
"0929","10",8
"0929","124",2
"0929","132",2
"0935","01",111
"0935","02",147
"0935","03",116
"0935","04",152
"0935","08",13
"0935","55",10
"0935","05",148
"0935","06",16
"0935","07",14
"0935","130",1
"0935","122",1
"0935","123",15
"0935","133",1
"0935","124",2
"0937","01",467
"0937","02",308
"0937","03",339
"0937","04",374
"0937","08",25
"0937","55",16
"0937","05",266
"0937","06",55
"0937","07",40
"0937","130",3
"0937","122",5
"0937","44",1
"0937","123",13
"0937","133",5
"0937","10",9
"0937","124",2
"0937","132",3
"0938","01",172
"0938","02",93
"0938","03",125
"0938","04",79
"0938","08",13
"0938","55",9
"0938","05",188
"0938","06",19
"0938","07",10
"0938","122",4
"0938","123",8
"0938","133",3
"0938","10",5
"0938","124",1
"0938","132",1
"0940","01",136
"0940","02",117
"0940","03",123
"0940","04",61
"0940","08",10
"0940","55",6
"0940","05",161
"0940","06",12
"0940","07",16
"0940","123",12
"0941","01",110
"0941","02",72
"0941","03",116
"0941","04",45
"0941","08",18
"0941","55",7
"0941","05",103
"0941","06",27
"0941","07",21
"0941","122",1
"0941","123",4
"0941","133",1
"0941","10",1
"0941","132",3
"1001","01",11352
"1001","02",6536
"1001","03",14870
"1001","04",5717
"1001","08",1878
"1001","55",888
"1001","05",1436
"1001","06",2810
"1001","07",2311
"1001","130",43
"1001","122",519
"1001","44",12
"1001","123",269
"1001","133",129
"1001","10",207
"1001","124",90
"1001","132",122
"1002","01",1812
"1002","02",1872
"1002","03",2515
"1002","04",794
"1002","08",260
"1002","55",93
"1002","05",486
"1002","06",341
"1002","07",282
"1002","130",11
"1002","122",31
"1002","44",5
"1002","123",57
"1002","133",13
"1002","10",49
"1002","124",8
"1002","132",22
"1003","01",1064
"1003","02",1295
"1003","03",1501
"1003","04",575
"1003","08",76
"1003","55",82
"1003","05",337
"1003","06",165
"1003","07",150
"1003","130",7
"1003","122",16
"1003","44",6
"1003","123",38
"1003","133",7
"1003","10",32
"1003","124",8
"1003","132",14
"1004","01",865
"1004","02",1215
"1004","03",1153
"1004","04",612
"1004","08",69
"1004","55",50
"1004","05",521
"1004","06",162
"1004","07",124
"1004","130",3
"1004","122",20
"1004","44",8
"1004","123",30
"1004","133",8
"1004","10",10
"1004","124",6
"1004","132",13
"1014","01",1758
"1014","02",1540
"1014","03",1646
"1014","04",1423
"1014","08",113
"1014","55",55
"1014","05",652
"1014","06",226
"1014","07",172
"1014","130",11
"1014","122",69
"1014","44",4
"1014","123",130
"1014","133",10
"1014","10",40
"1014","124",8
"1014","132",9
"1017","01",732
"1017","02",651
"1017","03",764
"1017","04",420
"1017","08",78
"1017","55",38
"1017","05",382
"1017","06",99
"1017","07",82
"1017","130",4
"1017","122",32
"1017","44",11
"1017","123",27
"1017","133",8
"1017","10",6
"1017","124",14
"1017","132",6
"1018","01",1173
"1018","02",1051
"1018","03",2041
"1018","04",600
"1018","08",218
"1018","55",54
"1018","05",542
"1018","06",244
"1018","07",240
"1018","130",1
"1018","122",26
"1018","44",1
"1018","123",82
"1018","133",9
"1018","10",24
"1018","124",7
"1018","132",14
"1021","01",256
"1021","02",175
"1021","03",236
"1021","04",114
"1021","08",28
"1021","55",16
"1021","05",396
"1021","06",30
"1021","07",34
"1021","130",1
"1021","122",5
"1021","44",1
"1021","123",11
"1021","133",10
"1021","10",1
"1021","124",3
"1021","132",2
"1026","01",89
"1026","02",79
"1026","03",111
"1026","04",85
"1026","08",2
"1026","55",2
"1026","05",135
"1026","06",8
"1026","07",5
"1026","122",1
"1026","44",1
"1026","123",3
"1026","133",1
"1026","10",2
"1026","132",2
"1027","01",129
"1027","02",180
"1027","03",166
"1027","04",269
"1027","08",11
"1027","55",7
"1027","05",193
"1027","06",18
"1027","07",5
"1027","122",4
"1027","44",2
"1027","123",14
"1027","133",1
"1027","10",2
"1027","132",2
"1029","01",398
"1029","02",545
"1029","03",787
"1029","04",358
"1029","08",35
"1029","55",29
"1029","05",284
"1029","06",63
"1029","07",81
"1029","130",3
"1029","122",7
"1029","44",4
"1029","123",36
"1029","133",1
"1029","10",30
"1029","132",6
"1032","01",578
"1032","02",950
"1032","03",1324
"1032","04",911
"1032","08",51
"1032","55",18
"1032","05",360
"1032","06",89
"1032","07",84
"1032","130",5
"1032","122",9
"1032","44",2
"1032","123",38
"1032","133",7
"1032","10",15
"1032","124",6
"1032","132",9
"1034","01",103
"1034","02",205
"1034","03",183
"1034","04",242
"1034","08",13
"1034","55",4
"1034","05",204
"1034","06",5
"1034","07",12
"1034","130",1
"1034","44",2
"1034","123",30
"1034","133",1
"1034","10",1
"1034","132",1
"1037","01",759
"1037","02",813
"1037","03",630
"1037","04",480
"1037","08",54
"1037","55",34
"1037","05",404
"1037","06",54
"1037","07",44
"1037","130",5
"1037","122",7
"1037","44",7
"1037","123",20
"1037","133",6
"1037","10",9
"1037","124",3
"1037","132",4
"1046","01",170
"1046","02",177
"1046","03",219
"1046","04",147
"1046","08",25
"1046","55",6
"1046","05",210
"1046","06",19
"1046","07",28
"1046","130",4
"1046","122",2
"1046","123",8
"1101","01",1825
"1101","02",1881
"1101","03",2202
"1101","04",598
"1101","08",129
"1101","55",59
"1101","05",752
"1101","06",224
"1101","07",225
"1101","130",13
"1101","122",7
"1101","44",7
"1101","123",31
"1101","133",16
"1101","09",4
"1101","10",33
"1101","124",7
"1101","132",15
"1102","01",8950
"1102","02",8214
"1102","03",10760
"1102","04",3245
"1102","08",1055
"1102","55",475
"1102","05",2168
"1102","06",1476
"1102","07",1393
"1102","130",46
"1102","122",52
"1102","44",28
"1102","123",183
"1102","133",116
"1102","09",7
"1102","10",172
"1102","124",82
"1102","132",81
"1102","137",21
"1103","01",18989
"1103","02",10813
"1103","03",22058
"1103","04",3355
"1103","08",2639
"1103","55",1354
"1103","05",2171
"1103","06",4109
"1103","07",3674
"1103","130",51
"1103","122",32
"1103","44",63
"1103","123",151
"1103","133",188
"1103","09",29
"1103","10",278
"1103","124",138
"1103","132",143
"1103","137",42
"1106","01",5256
"1106","02",3763
"1106","03",6077
"1106","04",849
"1106","08",540
"1106","55",252
"1106","05",665
"1106","06",908
"1106","07",779
"1106","130",28
"1106","122",20
"1106","44",21
"1106","123",69
"1106","133",53
"1106","09",5
"1106","10",272
"1106","124",42
"1106","132",49
"1106","137",6
"1111","01",366
"1111","02",520
"1111","03",451
"1111","04",284
"1111","08",20
"1111","55",17
"1111","05",172
"1111","06",40
"1111","07",26
"1111","130",2
"1111","122",4
"1111","44",3
"1111","123",30
"1111","133",1
"1111","09",2
"1111","10",5
"1111","124",7
"1111","132",7
"1111","137",1
"1112","01",338
"1112","02",468
"1112","03",361
"1112","04",244
"1112","08",32
"1112","55",12
"1112","05",262
"1112","06",26
"1112","07",34
"1112","130",6
"1112","122",2
"1112","123",21
"1112","133",1
"1112","09",1
"1112","10",5
"1112","124",4
"1112","132",1
"1112","137",6
"1114","01",150
"1114","02",258
"1114","03",307
"1114","04",298
"1114","08",10
"1114","55",11
"1114","05",456
"1114","06",26
"1114","07",30
"1114","130",2
"1114","122",1
"1114","123",8
"1114","09",1
"1114","124",3
"1114","132",3
"1119","01",1321
"1119","02",2228
"1119","03",2279
"1119","04",1651
"1119","08",124
"1119","55",52
"1119","05",1504
"1119","06",222
"1119","07",126
"1119","130",9
"1119","122",12
"1119","44",10
"1119","123",143
"1119","133",30
"1119","09",2
"1119","10",27
"1119","124",7
"1119","132",13
"1119","137",2
"1120","01",1653
"1120","02",2550
"1120","03",2840
"1120","04",1060
"1120","08",163
"1120","55",70
"1120","05",1118
"1120","06",252
"1120","07",240
"1120","130",10
"1120","122",8
"1120","44",28
"1120","123",79
"1120","133",32
"1120","09",2
"1120","10",36
"1120","124",15
"1120","132",22
"1120","137",3
"1121","01",2033
"1121","02",1908
"1121","03",2901
"1121","04",1205
"1121","08",288
"1121","55",57
"1121","05",1187
"1121","06",388
"1121","07",267
"1121","130",6
"1121","122",8
"1121","44",5
"1121","123",87
"1121","133",33
"1121","09",4
"1121","10",25
"1121","124",26
"1121","132",18
"1121","137",2
"1122","01",1349
"1122","02",1338
"1122","03",1383
"1122","04",835
"1122","08",111
"1122","55",38
"1122","05",689
"1122","06",168
"1122","07",137
"1122","130",5
"1122","122",11
"1122","44",3
"1122","123",26
"1122","133",13
"1122","10",9
"1122","124",11
"1122","132",19
"1122","137",2
"1124","01",2635
"1124","02",3123
"1124","03",4870
"1124","04",907
"1124","08",315
"1124","55",99
"1124","05",785
"1124","06",382
"1124","07",472
"1124","130",8
"1124","122",18
"1124","44",28
"1124","123",30
"1124","133",36
"1124","09",4
"1124","10",48
"1124","124",22
"1124","132",24
"1124","137",4
"1127","01",1257
"1127","02",1132
"1127","03",1913
"1127","04",710
"1127","08",149
"1127","55",42
"1127","05",400
"1127","06",160
"1127","07",198
"1127","130",3
"1127","122",5
"1127","44",5
"1127","123",31
"1127","133",6
"1127","09",1
"1127","10",18
"1127","124",16
"1127","132",13
"1127","137",6
"1129","01",100
"1129","02",141
"1129","03",161
"1129","04",120
"1129","08",11
"1129","55",4
"1129","05",124
"1129","06",10
"1129","07",13
"1129","122",2
"1129","123",14
"1129","133",2
"1129","132",2
"1130","01",1277
"1130","02",1438
"1130","03",1826
"1130","04",1001
"1130","08",128
"1130","55",46
"1130","05",533
"1130","06",160
"1130","07",168
"1130","130",2
"1130","122",9
"1130","44",3
"1130","123",81
"1130","133",18
"1130","09",1
"1130","10",11
"1130","124",6
"1130","132",13
"1133","01",223
"1133","02",199
"1133","03",254
"1133","04",181
"1133","08",30
"1133","55",5
"1133","05",470
"1133","06",43
"1133","07",31
"1133","130",1
"1133","122",1
"1133","44",2
"1133","123",7
"1133","10",3
"1133","132",2
"1133","137",2
"1134","01",411
"1134","02",252
"1134","03",308
"1134","04",220
"1134","08",52
"1134","55",18
"1134","05",730
"1134","06",111
"1134","07",68
"1134","130",2
"1134","44",1
"1134","123",12
"1134","133",2
"1134","10",2
"1134","124",1
"1134","132",3
"1135","01",899
"1135","02",326
"1135","03",498
"1135","04",130
"1135","08",37
"1135","55",22
"1135","05",521
"1135","06",119
"1135","07",62
"1135","130",5
"1135","122",1
"1135","123",7
"1135","133",5
"1135","09",1
"1135","10",19
"1135","124",5
"1135","132",8
"1141","01",187
"1141","02",217
"1141","03",345
"1141","04",362
"1141","08",40
"1141","55",7
"1141","05",467
"1141","06",51
"1141","07",50
"1141","122",6
"1141","44",1
"1141","123",33
"1141","133",1
"1141","09",2
"1141","10",2
"1141","132",7
"1141","137",2
"1142","01",478
"1142","02",506
"1142","03",827
"1142","04",205
"1142","08",37
"1142","55",13
"1142","05",374
"1142","06",66
"1142","07",68
"1142","130",3
"1142","44",2
"1142","123",1
"1142","133",5
"1142","10",11
"1142","124",2
"1142","132",1
"1144","01",71
"1144","02",81
"1144","03",61
"1144","04",63
"1144","08",12
"1144","55",1
"1144","05",26
"1144","06",10
"1144","07",8
"1144","123",2
"1144","10",1
"1144","124",1
"1145","01",89
"1145","02",74
"1145","03",142
"1145","04",25
"1145","08",5
"1145","55",1
"1145","05",159
"1145","06",4
"1145","07",6
"1145","122",1
"1145","44",3
"1145","123",1
"1145","10",3
"1145","124",1
"1146","01",1290
"1146","02",1258
"1146","03",1706
"1146","04",547
"1146","08",106
"1146","55",32
"1146","05",782
"1146","06",135
"1146","07",155
"1146","130",3
"1146","122",9
"1146","44",7
"1146","123",29
"1146","133",17
"1146","09",1
"1146","10",56
"1146","124",7
"1146","132",19
"1146","137",3
"1149","01",4379
"1149","02",5857
"1149","03",6691
"1149","04",2559
"1149","08",354
"1149","55",180
"1149","05",1114
"1149","06",671
"1149","07",513
"1149","130",24
"1149","122",27
"1149","44",27
"1149","123",140
"1149","133",65
"1149","09",7
"1149","10",178
"1149","124",36
"1149","132",63
"1149","137",45
"1151","01",45
"1151","02",12
"1151","03",29
"1151","04",2
"1151","08",2
"1151","55",2
"1151","05",37
"1151","06",3
"1151","07",2
"1151","44",1
"1160","01",769
"1160","02",894
"1160","03",951
"1160","04",436
"1160","08",55
"1160","55",26
"1160","05",1231
"1160","06",131
"1160","07",106
"1160","130",2
"1160","122",4
"1160","123",40
"1160","133",4
"1160","09",1
"1160","10",12
"1160","124",5
"1160","132",4
"1160","137",1
"1201","01",39603
"1201","02",20405
"1201","03",51290
"1201","04",6682
"1201","08",7239
"1201","55",4571
"1201","05",6733
"1201","06",14682
"1201","07",8824
"1201","130",189
"1201","122",165
"1201","131",199
"1201","44",220
"1201","123",575
"1201","133",370
"1201","124",273
"1201","132",420
"1211","01",364
"1211","02",479
"1211","03",519
"1211","04",185
"1211","08",35
"1211","55",20
"1211","05",516
"1211","06",64
"1211","07",66
"1211","130",3
"1211","122",1
"1211","131",5
"1211","44",3
"1211","123",9
"1211","133",2
"1211","132",3
"1216","01",588
"1216","02",701
"1216","03",833
"1216","04",236
"1216","08",75
"1216","55",33
"1216","05",378
"1216","06",102
"1216","07",99
"1216","130",6
"1216","122",1
"1216","131",3
"1216","44",11
"1216","123",22
"1216","133",10
"1216","124",6
"1216","132",10
"1219","01",1176
"1219","02",1275
"1219","03",1899
"1219","04",1126
"1219","08",116
"1219","55",59
"1219","05",478
"1219","06",193
"1219","07",174
"1219","130",6
"1219","122",3
"1219","131",11
"1219","44",25
"1219","123",132
"1219","133",13
"1219","124",7
"1219","132",11
"1221","01",3033
"1221","02",1828
"1221","03",2698
"1221","04",764
"1221","08",212
"1221","55",158
"1221","05",686
"1221","06",630
"1221","07",268
"1221","130",12
"1221","122",11
"1221","131",7
"1221","44",15
"1221","123",78
"1221","133",13
"1221","124",16
"1221","132",36
"1222","01",268
"1222","02",355
"1222","03",578
"1222","04",282
"1222","08",26
"1222","55",12
"1222","05",233
"1222","06",45
"1222","07",31
"1222","130",4
"1222","122",3
"1222","131",1
"1222","44",3
"1222","123",19
"1222","124",2
"1222","132",4
"1223","01",308
"1223","02",269
"1223","03",546
"1223","04",87
"1223","08",42
"1223","55",21
"1223","05",303
"1223","06",42
"1223","07",44
"1223","130",2
"1223","131",2
"1223","44",1
"1223","123",6
"1223","132",4
"1224","01",1543
"1224","02",1211
"1224","03",2143
"1224","04",420
"1224","08",152
"1224","55",110
"1224","05",1033
"1224","06",353
"1224","07",167
"1224","130",7
"1224","122",10
"1224","131",12
"1224","44",15
"1224","123",44
"1224","133",8
"1224","124",5
"1224","132",20
"1227","01",144
"1227","02",64
"1227","03",135
"1227","04",65
"1227","08",12
"1227","55",8
"1227","05",220
"1227","06",22
"1227","07",11
"1227","44",1
"1227","123",8
"1227","133",3
"1227","124",3
"1227","132",2
"1228","01",1336
"1228","02",553
"1228","03",674
"1228","04",95
"1228","08",62
"1228","55",185
"1228","05",678
"1228","06",180
"1228","07",97
"1228","130",5
"1228","122",15
"1228","131",8
"1228","44",3
"1228","123",8
"1228","133",5
"1228","124",9
"1228","132",8
"1231","01",324
"1231","02",213
"1231","03",391
"1231","04",65
"1231","08",45
"1231","55",39
"1231","05",688
"1231","06",114
"1231","07",73
"1231","130",3
"1231","122",5
"1231","131",1
"1231","44",1
"1231","123",5
"1231","133",2
"1231","124",5
"1231","132",3
"1232","01",138
"1232","02",77
"1232","03",144
"1232","04",9
"1232","08",8
"1232","55",5
"1232","05",152
"1232","06",21
"1232","07",10
"1232","123",2
"1232","133",1
"1232","132",2
"1233","01",132
"1233","02",64
"1233","03",73
"1233","04",17
"1233","08",13
"1233","55",13
"1233","05",221
"1233","06",49
"1233","07",66
"1233","130",2
"1233","131",1
"1233","44",1
"1233","123",3
"1233","124",1
"1233","132",3
"1234","01",103
"1234","02",45
"1234","03",112
"1234","04",7
"1234","08",18
"1234","55",11
"1234","05",224
"1234","06",36
"1234","07",23
"1234","131",1
"1234","44",1
"1234","123",3
"1234","133",2
"1234","124",1
"1235","01",2023
"1235","02",826
"1235","03",1543
"1235","04",303
"1235","08",281
"1235","55",157
"1235","05",2460
"1235","06",473
"1235","07",307
"1235","130",2
"1235","122",6
"1235","131",5
"1235","44",6
"1235","123",15
"1235","133",9
"1235","124",16
"1235","132",15
"1238","01",899
"1238","02",809
"1238","03",1124
"1238","04",379
"1238","08",164
"1238","55",45
"1238","05",1007
"1238","06",227
"1238","07",171
"1238","130",2
"1238","122",10
"1238","131",5
"1238","44",4
"1238","123",34
"1238","133",14
"1238","124",4
"1238","132",10
"1241","01",364
"1241","02",376
"1241","03",666
"1241","04",181
"1241","08",54
"1241","55",21
"1241","05",396
"1241","06",78
"1241","07",65
"1241","130",3
"1241","122",1
"1241","131",1
"1241","44",1
"1241","123",14
"1241","133",1
"1241","124",1
"1241","132",3
"1242","01",379
"1242","02",260
"1242","03",318
"1242","04",106
"1242","08",55
"1242","55",15
"1242","05",218
"1242","06",49
"1242","07",21
"1242","131",4
"1242","44",1
"1242","123",15
"1242","124",3
"1242","132",5
"1243","01",2098
"1243","02",2587
"1243","03",3531
"1243","04",493
"1243","08",439
"1243","55",130
"1243","05",797
"1243","06",503
"1243","07",477
"1243","130",6
"1243","122",2
"1243","131",16
"1243","44",15
"1243","123",30
"1243","133",19
"1243","124",20
"1243","132",26
"1244","01",394
"1244","02",659
"1244","03",1167
"1244","04",209
"1244","08",38
"1244","55",17
"1244","05",158
"1244","06",94
"1244","07",63
"1244","130",1
"1244","122",3
"1244","131",3
"1244","44",7
"1244","123",16
"1244","133",3
"1244","124",1
"1244","132",6
"1245","01",628
"1245","02",857
"1245","03",1522
"1245","04",128
"1245","08",41
"1245","55",30
"1245","05",249
"1245","06",173
"1245","07",100
"1245","130",5
"1245","122",2
"1245","131",6
"1245","44",10
"1245","123",15
"1245","133",12
"1245","124",10
"1245","132",7
"1246","01",2702
"1246","02",2961
"1246","03",5170
"1246","04",1160
"1246","08",308
"1246","55",143
"1246","05",526
"1246","06",604
"1246","07",462
"1246","130",5
"1246","122",17
"1246","131",15
"1246","44",34
"1246","123",61
"1246","133",32
"1246","124",28
"1246","132",34
"1247","01",3552
"1247","02",3044
"1247","03",5408
"1247","04",780
"1247","08",404
"1247","55",278
"1247","05",633
"1247","06",969
"1247","07",639
"1247","130",10
"1247","122",29
"1247","131",32
"1247","44",19
"1247","123",48
"1247","133",33
"1247","124",28
"1247","132",43
"1251","01",726
"1251","02",374
"1251","03",403
"1251","04",142
"1251","08",51
"1251","55",16
"1251","05",388
"1251","06",169
"1251","07",36
"1251","130",3
"1251","122",2
"1251","131",2
"1251","44",2
"1251","123",12
"1251","133",1
"1251","124",4
"1251","132",12
"1252","01",36
"1252","02",18
"1252","03",35
"1252","04",12
"1252","08",7
"1252","55",3
"1252","05",83
"1252","06",8
"1252","07",5
"1252","44",2
"1252","123",2
"1252","133",1
"1253","01",924
"1253","02",868
"1253","03",1271
"1253","04",353
"1253","08",131
"1253","55",77
"1253","05",606
"1253","06",194
"1253","07",127
"1253","130",14
"1253","122",9
"1253","131",8
"1253","44",6
"1253","123",25
"1253","133",10
"1253","124",7
"1253","132",5
"1256","01",985
"1256","02",686
"1256","03",1276
"1256","04",525
"1256","08",152
"1256","55",55
"1256","05",402
"1256","06",213
"1256","07",125
"1256","130",5
"1256","122",3
"1256","131",9
"1256","44",6
"1256","123",31
"1256","133",12
"1256","124",9
"1256","132",9
"1259","01",541
"1259","02",708
"1259","03",864
"1259","04",272
"1259","08",32
"1259","55",20
"1259","05",125
"1259","06",109
"1259","07",61
"1259","130",2
"1259","122",2
"1259","131",1
"1259","44",4
"1259","123",28
"1259","124",4
"1259","132",6
"1260","01",626
"1260","02",441
"1260","03",803
"1260","04",180
"1260","08",45
"1260","55",34
"1260","05",517
"1260","06",112
"1260","07",85
"1260","130",3
"1260","122",8
"1260","131",1
"1260","44",4
"1260","123",15
"1260","133",4
"1260","124",4
"1260","132",8
"1263","01",1625
"1263","02",1545
"1263","03",2641
"1263","04",1003
"1263","08",174
"1263","55",102
"1263","05",1055
"1263","06",366
"1263","07",249
"1263","130",8
"1263","122",11
"1263","131",7
"1263","44",14
"1263","123",69
"1263","133",15
"1263","124",14
"1263","132",23
"1264","01",330
"1264","02",309
"1264","03",544
"1264","04",136
"1264","08",24
"1264","55",8
"1264","05",159
"1264","06",50
"1264","07",43
"1264","122",3
"1264","131",3
"1264","44",1
"1264","123",2
"1264","133",3
"1264","124",4
"1264","132",4
"1265","01",88
"1265","02",52
"1265","03",112
"1265","04",50
"1265","08",3
"1265","55",3
"1265","05",21
"1265","06",9
"1265","07",8
"1265","122",5
"1265","44",5
"1265","123",8
"1265","124",1
"1266","01",215
"1266","02",141
"1266","03",300
"1266","04",61
"1266","08",18
"1266","55",3
"1266","05",251
"1266","06",25
"1266","07",30
"1266","130",1
"1266","122",1
"1266","131",1
"1266","44",2
"1266","123",3
"1266","133",3
"1266","132",3
"1401","01",1945
"1401","02",751
"1401","03",1670
"1401","04",169
"1401","08",217
"1401","55",92
"1401","05",908
"1401","06",304
"1401","07",248
"1401","130",4
"1401","122",4
"1401","123",29
"1401","133",11
"1401","132",7
"1411","01",260
"1411","02",151
"1411","03",355
"1411","04",80
"1411","08",18
"1411","55",8
"1411","05",432
"1411","06",35
"1411","07",27
"1411","123",5
"1411","132",1
"1412","01",93
"1412","02",43
"1412","03",145
"1412","04",14
"1412","08",10
"1412","55",5
"1412","05",123
"1412","06",12
"1412","07",3
"1412","122",2
"1412","123",1
"1412","132",1
"1413","01",202
"1413","02",52
"1413","03",136
"1413","04",27
"1413","08",23
"1413","55",8
"1413","05",311
"1413","06",20
"1413","07",14
"1413","122",1
"1413","123",3
"1416","01",916
"1416","02",189
"1416","03",375
"1416","04",58
"1416","08",36
"1416","55",99
"1416","05",581
"1416","06",68
"1416","07",51
"1416","130",5
"1416","122",3
"1416","123",8
"1416","132",3
"1417","01",341
"1417","02",133
"1417","03",180
"1417","04",42
"1417","08",16
"1417","55",7
"1417","05",740
"1417","06",38
"1417","07",22
"1417","123",4
"1417","133",1
"1417","132",1
"1418","01",141
"1418","02",44
"1418","03",119
"1418","04",77
"1418","08",20
"1418","55",15
"1418","05",247
"1418","06",46
"1418","07",22
"1418","130",2
"1418","122",1
"1418","123",2
"1419","01",418
"1419","02",89
"1419","03",159
"1419","04",42
"1419","08",32
"1419","55",19
"1419","05",535
"1419","06",105
"1419","07",58
"1419","130",2
"1419","122",1
"1419","123",1
"1419","133",1
"1419","132",1
"1420","01",1075
"1420","02",409
"1420","03",708
"1420","04",179
"1420","08",141
"1420","55",46
"1420","05",1483
"1420","06",357
"1420","07",165
"1420","130",2
"1420","122",2
"1420","123",8
"1420","133",3
"1420","132",6
"1421","01",275
"1421","02",103
"1421","03",193
"1421","04",14
"1421","08",50
"1421","55",9
"1421","05",304
"1421","06",34
"1421","07",39
"1421","130",2
"1421","122",1
"1421","123",1
"1421","133",1
"1421","132",1
"1422","01",340
"1422","02",127
"1422","03",167
"1422","04",7
"1422","08",19
"1422","55",26
"1422","05",460
"1422","06",66
"1422","07",31
"1422","122",1
"1422","132",3
"1424","01",1913
"1424","02",213
"1424","03",309
"1424","04",15
"1424","08",37
"1424","55",29
"1424","05",530
"1424","06",84
"1424","07",39
"1424","130",1
"1424","122",3
"1424","123",6
"1424","133",4
"1424","132",14
"1426","01",855
"1426","02",230
"1426","03",339
"1426","04",167
"1426","08",60
"1426","55",27
"1426","05",1233
"1426","06",108
"1426","07",61
"1426","130",1
"1426","122",2
"1426","123",17
"1426","133",1
"1426","132",5
"1428","01",326
"1428","02",115
"1428","03",497
"1428","04",107
"1428","08",24
"1428","55",13
"1428","05",600
"1428","06",68
"1428","07",76
"1428","130",3
"1428","122",1
"1428","123",15
"1428","133",6
"1428","132",3
"1429","01",309
"1429","02",93
"1429","03",216
"1429","04",35
"1429","08",49
"1429","55",32
"1429","05",648
"1429","06",83
"1429","07",64
"1429","130",3
"1429","123",6
"1429","133",1
"1429","132",2
"1430","01",292
"1430","02",133
"1430","03",363
"1430","04",123
"1430","08",37
"1430","55",11
"1430","05",660
"1430","06",64
"1430","07",33
"1430","122",1
"1430","123",9
"1430","133",1
"1431","01",319
"1431","02",124
"1431","03",317
"1431","04",79
"1431","08",37
"1431","55",15
"1431","05",668
"1431","06",78
"1431","07",81
"1431","130",1
"1431","123",10
"1431","133",3
"1431","132",2
"1432","01",1965
"1432","02",544
"1432","03",1500
"1432","04",311
"1432","08",215
"1432","55",103
"1432","05",1667
"1432","06",497
"1432","07",298
"1432","130",6
"1432","122",5
"1432","123",33
"1432","133",9
"1432","132",16
"1433","01",369
"1433","02",154
"1433","03",309
"1433","04",72
"1433","08",28
"1433","55",24
"1433","05",536
"1433","06",102
"1433","07",34
"1433","130",1
"1433","122",1
"1433","123",6
"1433","133",1
"1433","132",4
"1438","01",523
"1438","02",253
"1438","03",390
"1438","04",94
"1438","08",39
"1438","55",20
"1438","05",592
"1438","06",85
"1438","07",58
"1438","130",2
"1438","122",3
"1438","123",6
"1438","133",4
"1438","132",4
"1439","01",518
"1439","02",696
"1439","03",923
"1439","04",157
"1439","08",44
"1439","55",78
"1439","05",521
"1439","06",101
"1439","07",203
"1439","122",3
"1439","123",21
"1439","133",1
"1439","132",16
"1441","01",178
"1441","02",466
"1441","03",328
"1441","04",142
"1441","08",38
"1441","55",20
"1441","05",343
"1441","06",37
"1441","07",68
"1441","122",1
"1441","123",8
"1441","133",3
"1441","132",6
"1443","01",481
"1443","02",393
"1443","03",507
"1443","04",159
"1443","08",66
"1443","55",28
"1443","05",1085
"1443","06",150
"1443","07",533
"1443","130",2
"1443","122",2
"1443","123",8
"1443","133",1
"1443","132",3
"1444","01",120
"1444","02",46
"1444","03",123
"1444","04",7
"1444","08",13
"1444","55",5
"1444","05",335
"1444","06",11
"1444","07",47
"1444","130",2
"1444","122",1
"1444","123",1
"1444","132",2
"1445","01",501
"1445","02",184
"1445","03",321
"1445","04",336
"1445","08",93
"1445","55",18
"1445","05",1691
"1445","06",163
"1445","07",149
"1445","130",1
"1445","123",21
"1445","133",2
"1445","132",4
"1449","01",583
"1449","02",418
"1449","03",923
"1449","04",170
"1449","08",48
"1449","55",33
"1449","05",1213
"1449","06",65
"1449","07",108
"1449","130",3
"1449","122",4
"1449","123",26
"1449","133",2
"1449","132",5
"1502","01",2872
"1502","02",2748
"1502","03",5166
"1502","04",928
"1502","08",559
"1502","55",180
"1502","05",950
"1502","06",1007
"1502","07",651
"1502","130",19
"1502","122",10
"1502","44",19
"1502","123",74
"1502","133",29
"1502","134",8
"1502","10",132
"1504","01",5416
"1504","02",6133
"1504","03",7827
"1504","04",1698
"1504","08",653
"1504","55",294
"1504","05",1178
"1504","06",997
"1504","07",1017
"1504","130",34
"1504","122",27
"1504","44",22
"1504","123",152
"1504","133",33
"1504","134",5
"1504","10",134
"1505","01",3801
"1505","02",1863
"1505","03",1077
"1505","04",207
"1505","08",234
"1505","55",581
"1505","05",2103
"1505","06",486
"1505","07",675
"1505","130",18
"1505","122",8
"1505","44",14
"1505","123",24
"1505","133",25
"1505","134",1743
"1505","10",62
"1511","01",320
"1511","02",636
"1511","03",354
"1511","04",144
"1511","08",21
"1511","55",6
"1511","05",343
"1511","06",37
"1511","07",82
"1511","44",5
"1511","123",17
"1511","133",2
"1511","10",8
"1514","01",231
"1514","02",390
"1514","03",412
"1514","04",80
"1514","08",7
"1514","55",6
"1514","05",178
"1514","06",29
"1514","07",34
"1514","130",1
"1514","122",1
"1514","44",3
"1514","123",6
"1514","10",4
"1515","01",756
"1515","02",1556
"1515","03",1494
"1515","04",450
"1515","08",54
"1515","55",23
"1515","05",316
"1515","06",97
"1515","07",131
"1515","130",4
"1515","122",8
"1515","44",4
"1515","123",43
"1515","133",4
"1515","10",9
"1516","01",732
"1516","02",1104
"1516","03",1426
"1516","04",430
"1516","08",78
"1516","55",19
"1516","05",320
"1516","06",163
"1516","07",170
"1516","130",4
"1516","122",3
"1516","44",3
"1516","123",36
"1516","133",3
"1516","134",1
"1516","10",8
"1517","01",457
"1517","02",873
"1517","03",706
"1517","04",185
"1517","08",38
"1517","55",23
"1517","05",256
"1517","06",94
"1517","07",105
"1517","130",1
"1517","123",12
"1517","133",2
"1517","134",1
"1517","10",5
"1519","01",1060
"1519","02",1144
"1519","03",844
"1519","04",522
"1519","08",212
"1519","55",108
"1519","05",859
"1519","06",402
"1519","07",162
"1519","130",4
"1519","122",4
"1519","44",1
"1519","123",21
"1519","133",4
"1519","134",4
"1519","10",5
"1520","01",1218
"1520","02",1600
"1520","03",1142
"1520","04",313
"1520","08",146
"1520","55",48
"1520","05",1232
"1520","06",218
"1520","07",153
"1520","130",9
"1520","122",11
"1520","44",4
"1520","123",36
"1520","133",5
"1520","10",12
"1523","01",250
"1523","02",333
"1523","03",304
"1523","04",64
"1523","08",35
"1523","55",9
"1523","05",195
"1523","06",31
"1523","07",37
"1523","44",1
"1523","123",5
"1523","134",1
"1523","10",11
"1524","01",136
"1524","02",178
"1524","03",138
"1524","04",43
"1524","08",18
"1524","55",15
"1524","05",317
"1524","06",42
"1524","07",18
"1524","122",1
"1524","44",3
"1524","123",6
"1524","133",2
"1524","10",3
"1525","01",401
"1525","02",558
"1525","03",521
"1525","04",164
"1525","08",35
"1525","55",18
"1525","05",596
"1525","06",69
"1525","07",64
"1525","130",4
"1525","122",2
"1525","123",10
"1525","133",2
"1525","10",15
"1526","01",91
"1526","02",89
"1526","03",168
"1526","04",28
"1526","08",6
"1526","55",1
"1526","05",113
"1526","06",5
"1526","07",3
"1526","122",1
"1526","123",1
"1526","10",7
"1528","01",736
"1528","02",1195
"1528","03",1093
"1528","04",242
"1528","08",64
"1528","55",29
"1528","05",539
"1528","06",125
"1528","07",136
"1528","130",7
"1528","122",4
"1528","44",2
"1528","123",42
"1528","133",9
"1528","10",13
"1529","01",424
"1529","02",668
"1529","03",685
"1529","04",213
"1529","08",47
"1529","55",23
"1529","05",257
"1529","06",81
"1529","07",79
"1529","130",4
"1529","122",2
"1529","44",1
"1529","123",11
"1529","133",2
"1529","10",11
"1531","01",952
"1531","02",1431
"1531","03",1225
"1531","04",479
"1531","08",73
"1531","55",20
"1531","05",249
"1531","06",146
"1531","07",132
"1531","122",6
"1531","44",2
"1531","123",42
"1531","133",10
"1531","134",2
"1531","10",20
"1532","01",632
"1532","02",1127
"1532","03",1294
"1532","04",677
"1532","08",81
"1532","55",31
"1532","05",288
"1532","06",115
"1532","07",200
"1532","122",1
"1532","44",1
"1532","123",39
"1532","133",3
"1532","134",1
"1532","10",8
"1534","01",1001
"1534","02",1268
"1534","03",1154
"1534","04",375
"1534","08",102
"1534","55",30
"1534","05",864
"1534","06",99
"1534","07",152
"1534","130",6
"1534","122",4
"1534","44",6
"1534","123",34
"1534","133",5
"1534","134",2
"1534","10",17
"1535","01",556
"1535","02",984
"1535","03",836
"1535","04",179
"1535","08",60
"1535","55",32
"1535","05",629
"1535","06",154
"1535","07",109
"1535","130",3
"1535","122",2
"1535","44",2
"1535","123",18
"1535","133",3
"1535","134",5
"1535","10",103
"1539","01",774
"1539","02",869
"1539","03",936
"1539","04",209
"1539","08",85
"1539","55",32
"1539","05",684
"1539","06",328
"1539","07",96
"1539","130",6
"1539","122",2
"1539","44",2
"1539","123",12
"1539","133",7
"1539","134",6
"1539","10",43
"1543","01",382
"1543","02",402
"1543","03",376
"1543","04",72
"1543","08",18
"1543","55",5
"1543","05",317
"1543","06",40
"1543","07",24
"1543","122",1
"1543","123",6
"1543","134",1
"1543","10",12
"1545","01",168
"1545","02",224
"1545","03",371
"1545","04",64
"1545","08",5
"1545","55",5
"1545","05",169
"1545","06",22
"1545","07",33
"1545","122",1
"1545","123",9
"1545","133",2
"1545","10",13
"1546","01",152
"1546","02",116
"1546","03",254
"1546","04",36
"1546","08",9
"1546","55",6
"1546","05",55
"1546","06",20
"1546","07",30
"1546","44",3
"1546","123",5
"1546","10",5
"1547","01",364
"1547","02",428
"1547","03",540
"1547","04",106
"1547","08",28
"1547","55",16
"1547","05",211
"1547","06",76
"1547","07",71
"1547","130",4
"1547","122",1
"1547","44",2
"1547","123",7
"1547","133",1
"1547","134",2
"1547","10",10
"1548","01",847
"1548","02",1453
"1548","03",1440
"1548","04",293
"1548","08",82
"1548","55",35
"1548","05",767
"1548","06",155
"1548","07",99
"1548","130",22
"1548","122",11
"1548","44",4
"1548","123",32
"1548","133",6
"1548","134",2
"1548","10",36
"1551","01",430
"1551","02",494
"1551","03",454
"1551","04",71
"1551","08",30
"1551","55",4
"1551","05",271
"1551","06",48
"1551","07",55
"1551","130",6
"1551","122",3
"1551","44",2
"1551","123",5
"1551","133",2
"1551","134",10
"1551","10",14
"1554","01",841
"1554","02",706
"1554","03",379
"1554","04",170
"1554","08",57
"1554","55",40
"1554","05",541
"1554","06",90
"1554","07",182
"1554","130",2
"1554","122",3
"1554","44",4
"1554","123",8
"1554","133",7
"1554","134",96
"1554","10",23
"1557","01",293
"1557","02",238
"1557","03",248
"1557","04",110
"1557","08",27
"1557","55",14
"1557","05",426
"1557","06",55
"1557","07",33
"1557","130",2
"1557","44",1
"1557","123",6
"1557","134",24
"1557","10",10
"1560","01",501
"1560","02",277
"1560","03",190
"1560","04",82
"1560","08",53
"1560","55",11
"1560","05",524
"1560","06",56
"1560","07",54
"1560","130",2
"1560","44",1
"1560","123",4
"1560","133",2
"1560","134",37
"1560","10",3
"1563","01",1951
"1563","02",535
"1563","03",453
"1563","04",111
"1563","08",76
"1563","55",53
"1563","05",646
"1563","06",247
"1563","07",111
"1563","130",5
"1563","122",3
"1563","44",2
"1563","133",1
"1563","134",12
"1563","10",14
"1566","01",1175
"1566","02",417
"1566","03",407
"1566","04",101
"1566","08",68
"1566","55",20
"1566","05",1050
"1566","06",74
"1566","07",46
"1566","130",5
"1566","122",1
"1566","44",3
"1566","123",3
"1566","133",1
"1566","134",9
"1566","10",7
"1567","01",360
"1567","02",102
"1567","03",138
"1567","04",39
"1567","08",16
"1567","55",14
"1567","05",501
"1567","06",25
"1567","07",4
"1567","122",1
"1567","133",2
"1567","134",2
"1567","10",8
"1571","01",253
"1571","02",132
"1571","03",155
"1571","04",24
"1571","08",31
"1571","55",16
"1571","05",268
"1571","06",23
"1571","07",17
"1571","130",5
"1571","122",1
"1571","44",2
"1571","134",6
"1571","10",3
"1573","01",350
"1573","02",171
"1573","03",211
"1573","04",30
"1573","08",16
"1573","55",13
"1573","05",287
"1573","06",45
"1573","07",47
"1573","123",10
"1573","133",1
"1573","134",65
"1573","10",2
"1576","01",470
"1576","02",308
"1576","03",290
"1576","04",78
"1576","08",43
"1576","55",29
"1576","05",547
"1576","06",44
"1576","07",76
"1576","130",4
"1576","122",6
"1576","44",2
"1576","123",5
"1576","134",90
"1576","10",8
"1601","01",36715
"1601","02",11339
"1601","03",24517
"1601","04",2622
"1601","08",5649
"1601","55",4309
"1601","05",5925
"1601","06",10926
"1601","07",5642
"1601","130",127
"1601","122",96
"1601","44",69
"1601","123",112
"1601","133",279
"1601","10",2091
"1601","124",253
"1601","132",245
"1612","01",914
"1612","02",279
"1612","03",393
"1612","04",63
"1612","08",35
"1612","55",32
"1612","05",536
"1612","06",51
"1612","07",41
"1612","130",1
"1612","122",1
"1612","44",2
"1612","123",4
"1612","133",1
"1612","10",14
"1612","124",1
"1612","132",4
"1613","01",149
"1613","02",77
"1613","03",83
"1613","04",28
"1613","08",7
"1613","55",9
"1613","05",197
"1613","06",10
"1613","07",4
"1613","130",1
"1613","123",1
"1613","10",8
"1613","132",2
"1617","01",563
"1617","02",457
"1617","03",484
"1617","04",64
"1617","08",42
"1617","55",55
"1617","05",302
"1617","06",107
"1617","07",41
"1617","130",3
"1617","122",2
"1617","44",3
"1617","123",4
"1617","133",2
"1617","10",126
"1617","124",3
"1617","132",7
"1620","01",795
"1620","02",420
"1620","03",420
"1620","04",42
"1620","08",31
"1620","55",53
"1620","05",212
"1620","06",83
"1620","07",80
"1620","130",3
"1620","122",1
"1620","44",6
"1620","123",2
"1620","133",1
"1620","10",31
"1620","124",4
"1620","132",10
"1621","01",786
"1621","02",502
"1621","03",821
"1621","04",58
"1621","08",52
"1621","55",41
"1621","05",515
"1621","06",91
"1621","07",55
"1621","130",7
"1621","122",2
"1621","44",7
"1621","123",1
"1621","133",9
"1621","10",41
"1621","124",15
"1621","132",10
"1622","01",262
"1622","02",135
"1622","03",226
"1622","04",39
"1622","08",21
"1622","55",13
"1622","05",271
"1622","06",19
"1622","07",12
"1622","130",3
"1622","123",2
"1622","133",1
"1622","10",16
"1622","124",1
"1624","01",866
"1624","02",546
"1624","03",792
"1624","04",127
"1624","08",88
"1624","55",38
"1624","05",756
"1624","06",166
"1624","07",68
"1624","130",6
"1624","122",9
"1624","44",5
"1624","123",8
"1624","133",3
"1624","10",112
"1624","124",6
"1624","132",12
"1627","01",766
"1627","02",479
"1627","03",502
"1627","04",64
"1627","08",45
"1627","55",52
"1627","05",472
"1627","06",92
"1627","07",45
"1627","130",5
"1627","122",2
"1627","44",1
"1627","123",1
"1627","133",3
"1627","10",45
"1627","124",4
"1627","132",6
"1630","01",468
"1630","02",318
"1630","03",375
"1630","04",111
"1630","08",33
"1630","55",14
"1630","05",471
"1630","06",65
"1630","07",29
"1630","130",2
"1630","122",2
"1630","123",4
"1630","133",2
"1630","10",17
"1630","124",1
"1630","132",7
"1632","01",133
"1632","02",80
"1632","03",90
"1632","04",26
"1632","08",10
"1632","55",7
"1632","05",159
"1632","06",13
"1632","07",8
"1632","44",3
"1632","10",5
"1632","132",2
"1633","01",171
"1633","02",73
"1633","03",59
"1633","04",9
"1633","08",12
"1633","55",6
"1633","05",178
"1633","06",21
"1633","07",20
"1633","122",2
"1633","44",5
"1633","10",11
"1633","132",1
"1634","01",1120
"1634","02",462
"1634","03",809
"1634","04",167
"1634","08",68
"1634","55",34
"1634","05",1018
"1634","06",123
"1634","07",125
"1634","130",5
"1634","122",3
"1634","123",7
"1634","133",2
"1634","10",10
"1634","124",8
"1634","132",5
"1635","01",421
"1635","02",171
"1635","03",172
"1635","04",163
"1635","08",26
"1635","55",10
"1635","05",480
"1635","06",40
"1635","07",36
"1635","44",1
"1635","123",2
"1635","133",2
"1635","10",2
"1635","124",3
"1636","01",916
"1636","02",261
"1636","03",298
"1636","04",59
"1636","08",25
"1636","55",16
"1636","05",605
"1636","06",47
"1636","07",33
"1636","130",12
"1636","122",3
"1636","44",4
"1636","123",5
"1636","133",2
"1636","10",25
"1636","124",4
"1638","01",2438
"1638","02",1124
"1638","03",1143
"1638","04",175
"1638","08",99
"1638","55",73
"1638","05",941
"1638","06",253
"1638","07",191
"1638","130",22
"1638","122",8
"1638","44",7
"1638","123",14
"1638","133",7
"1638","10",94
"1638","124",7
"1638","132",11
"1640","01",1466
"1640","02",217
"1640","03",556
"1640","04",24
"1640","08",90
"1640","55",103
"1640","05",672
"1640","06",290
"1640","07",103
"1640","130",3
"1640","122",5
"1640","133",1
"1640","10",17
"1640","124",1
"1640","132",6
"1644","01",469
"1644","02",118
"1644","03",96
"1644","04",7
"1644","08",13
"1644","55",11
"1644","05",542
"1644","06",46
"1644","07",12
"1644","130",6
"1644","122",1
"1644","44",1
"1644","133",1
"1644","10",12
"1644","132",2
"1648","01",1057
"1648","02",382
"1648","03",443
"1648","04",131
"1648","08",38
"1648","55",19
"1648","05",1063
"1648","06",87
"1648","07",60
"1648","130",4
"1648","122",5
"1648","44",2
"1648","123",10
"1648","133",1
"1648","10",20
"1648","124",4
"1648","132",8
"1653","01",2930
"1653","02",1303
"1653","03",1756
"1653","04",476
"1653","08",196
"1653","55",124
"1653","05",1534
"1653","06",359
"1653","07",205
"1653","130",12
"1653","122",7
"1653","44",10
"1653","123",23
"1653","133",13
"1653","10",95
"1653","124",15
"1653","132",24
"1657","01",1387
"1657","02",657
"1657","03",847
"1657","04",210
"1657","08",114
"1657","55",64
"1657","05",811
"1657","06",248
"1657","07",112
"1657","130",17
"1657","122",4
"1657","44",6
"1657","123",10
"1657","133",11
"1657","10",71
"1657","124",5
"1657","132",7
"1662","01",1067
"1662","02",532
"1662","03",718
"1662","04",108
"1662","08",84
"1662","55",53
"1662","05",330
"1662","06",197
"1662","07",106
"1662","130",10
"1662","122",9
"1662","44",7
"1662","123",5
"1662","133",11
"1662","10",33
"1662","124",6
"1662","132",13
"1663","01",2745
"1663","02",1006
"1663","03",1682
"1663","04",163
"1663","08",259
"1663","55",167
"1663","05",640
"1663","06",537
"1663","07",316
"1663","130",15
"1663","122",5
"1663","44",2
"1663","123",10
"1663","133",14
"1663","10",174
"1663","124",17
"1663","132",21
"1664","01",848
"1664","02",254
"1664","03",396
"1664","04",33
"1664","08",40
"1664","55",34
"1664","05",542
"1664","06",122
"1664","07",32
"1664","122",1
"1664","44",1
"1664","133",2
"1664","10",10
"1664","124",3
"1664","132",2
"1665","01",158
"1665","02",56
"1665","03",41
"1665","04",5
"1665","08",5
"1665","55",7
"1665","05",237
"1665","06",15
"1665","07",9
"1665","44",1
"1665","10",3
"1702","01",4476
"1702","02",1225
"1702","03",1609
"1702","04",164
"1702","08",228
"1702","55",237
"1702","05",3725
"1702","06",594
"1702","07",276
"1702","130",8
"1702","122",29
"1702","44",5
"1702","123",8
"1702","133",13
"1702","10",69
"1702","124",30
"1702","132",45
"1703","01",2788
"1703","02",936
"1703","03",1208
"1703","04",220
"1703","08",125
"1703","55",108
"1703","05",994
"1703","06",506
"1703","07",177
"1703","130",8
"1703","122",7
"1703","123",21
"1703","133",7
"1703","10",22
"1703","124",8
"1703","132",48
"1711","01",475
"1711","02",184
"1711","03",161
"1711","04",9
"1711","08",25
"1711","55",23
"1711","05",339
"1711","06",89
"1711","07",21
"1711","130",1
"1711","122",3
"1711","44",1
"1711","10",10
"1711","124",3
"1711","132",2
"1714","01",4763
"1714","02",1807
"1714","03",2654
"1714","04",388
"1714","08",315
"1714","55",351
"1714","05",2071
"1714","06",634
"1714","07",343
"1714","130",21
"1714","122",23
"1714","44",8
"1714","123",34
"1714","133",23
"1714","10",100
"1714","124",20
"1714","132",32
"1717","01",412
"1717","02",163
"1717","03",297
"1717","04",82
"1717","08",21
"1717","55",18
"1717","05",400
"1717","06",52
"1717","07",53
"1717","122",1
"1717","133",1
"1717","10",15
"1717","124",1
"1717","132",4
"1718","01",549
"1718","02",292
"1718","03",378
"1718","04",61
"1718","08",30
"1718","55",19
"1718","05",480
"1718","06",75
"1718","07",46
"1718","130",3
"1718","122",2
"1718","44",1
"1718","123",3
"1718","133",2
"1718","10",41
"1718","124",2
"1718","132",5
"1719","01",4224
"1719","02",1153
"1719","03",1620
"1719","04",597
"1719","08",226
"1719","55",192
"1719","05",2383
"1719","06",642
"1719","07",262
"1719","130",11
"1719","122",6
"1719","44",9
"1719","123",38
"1719","133",4
"1719","10",73
"1719","124",14
"1719","132",54
"1721","01",3048
"1721","02",942
"1721","03",1138
"1721","04",117
"1721","08",138
"1721","55",144
"1721","05",2143
"1721","06",352
"1721","07",128
"1721","130",8
"1721","122",6
"1721","44",5
"1721","123",15
"1721","133",13
"1721","10",46
"1721","124",12
"1721","132",44
"1724","01",483
"1724","02",178
"1724","03",154
"1724","04",33
"1724","08",18
"1724","55",9
"1724","05",384
"1724","06",41
"1724","07",63
"1724","122",2
"1724","44",1
"1724","123",1
"1724","133",1
"1724","10",8
"1724","132",8
"1725","01",253
"1725","02",94
"1725","03",93
"1725","04",37
"1725","08",7
"1725","55",11
"1725","05",397
"1725","06",25
"1725","07",21
"1725","122",3
"1725","44",2
"1725","123",2
"1725","133",1
"1725","10",1
"1725","124",2
"1725","132",6
"1736","01",427
"1736","02",62
"1736","03",107
"1736","04",4
"1736","08",20
"1736","55",20
"1736","05",589
"1736","06",60
"1736","07",17
"1736","130",3
"1736","122",2
"1736","44",1
"1736","123",1
"1736","133",1
"1736","10",5
"1738","01",224
"1738","02",61
"1738","03",53
"1738","04",21
"1738","08",5
"1738","55",4
"1738","05",350
"1738","06",14
"1738","07",4
"1738","10",3
"1738","124",1
"1738","132",2
"1739","01",100
"1739","02",27
"1739","03",29
"1739","04",11
"1739","08",3
"1739","55",1
"1739","05",115
"1739","06",5
"1739","07",4
"1739","130",1
"1739","122",1
"1739","123",2
"1739","10",1
"1739","124",1
"1740","01",194
"1740","02",59
"1740","03",56
"1740","04",4
"1740","08",7
"1740","55",3
"1740","05",160
"1740","06",29
"1740","07",7
"1740","122",3
"1740","123",1
"1740","10",4
"1740","124",1
"1740","132",2
"1742","01",460
"1742","02",121
"1742","03",165
"1742","04",10
"1742","08",21
"1742","55",14
"1742","05",504
"1742","06",107
"1742","07",15
"1742","130",7
"1742","122",2
"1742","44",2
"1742","123",2
"1742","133",1
"1742","10",8
"1742","124",2
"1742","132",3
"1743","01",273
"1743","02",34
"1743","03",39
"1743","04",10
"1743","08",4
"1743","05",364
"1743","06",16
"1743","07",13
"1743","130",4
"1743","122",1
"1743","123",2
"1743","132",3
"1744","01",668
"1744","02",245
"1744","03",238
"1744","04",24
"1744","08",21
"1744","55",12
"1744","05",819
"1744","06",88
"1744","07",31
"1744","130",2
"1744","122",2
"1744","44",1
"1744","123",2
"1744","10",6
"1744","132",2
"1748","01",67
"1748","02",49
"1748","03",29
"1748","04",11
"1748","08",1
"1748","55",2
"1748","05",124
"1748","06",72
"1748","07",2
"1748","10",2
"1748","132",1
"1749","01",156
"1749","02",105
"1749","03",118
"1749","04",16
"1749","08",14
"1749","55",7
"1749","05",163
"1749","06",53
"1749","07",12
"1749","130",2
"1749","44",5
"1749","124",1
"1749","132",1
"1750","01",657
"1750","02",470
"1750","03",452
"1750","04",72
"1750","08",34
"1750","55",11
"1750","05",426
"1750","06",91
"1750","07",98
"1750","130",2
"1750","44",8
"1750","123",11
"1750","133",2
"1750","10",10
"1750","124",7
"1750","132",2
"1751","01",689
"1751","02",451
"1751","03",435
"1751","04",81
"1751","08",36
"1751","55",33
"1751","05",772
"1751","06",112
"1751","07",78
"1751","130",5
"1751","122",1
"1751","44",8
"1751","123",8
"1751","133",7
"1751","10",9
"1751","124",4
"1751","132",7
"1755","01",97
"1755","02",25
"1755","03",25
"1755","04",2
"1755","08",1
"1755","55",1
"1755","05",206
"1755","06",13
"1755","07",6
"1755","130",1
"1755","122",1
"1755","44",1
"1755","123",1
"1755","133",1
"1755","10",3
"1756","01",1339
"1756","02",331
"1756","03",510
"1756","04",141
"1756","08",86
"1756","55",62
"1756","05",1247
"1756","06",281
"1756","07",81
"1756","130",4
"1756","122",3
"1756","44",3
"1756","123",17
"1756","133",1
"1756","10",27
"1756","124",3
"1756","132",24
"1804","01",6718
"1804","02",5171
"1804","03",8164
"1804","04",765
"1804","08",903
"1804","55",1034
"1804","05",2664
"1804","06",2294
"1804","07",1194
"1804","130",23
"1804","122",42
"1804","44",40
"1804","123",64
"1804","133",68
"1804","09",16
"1804","124",47
"1804","132",110
"1805","01",3200
"1805","02",1716
"1805","03",2468
"1805","04",255
"1805","08",215
"1805","55",208
"1805","05",902
"1805","06",767
"1805","07",202
"1805","130",10
"1805","122",29
"1805","44",16
"1805","123",8
"1805","133",22
"1805","09",5
"1805","124",24
"1805","132",88
"1811","01",329
"1811","02",86
"1811","03",116
"1811","04",18
"1811","08",19
"1811","55",10
"1811","05",346
"1811","06",36
"1811","07",22
"1811","130",1
"1811","44",1
"1811","123",1
"1811","124",1
"1811","132",2
"1812","01",281
"1812","02",149
"1812","03",107
"1812","04",26
"1812","08",19
"1812","55",26
"1812","05",539
"1812","06",47
"1812","07",9
"1812","123",1
"1812","133",2
"1812","124",1
"1812","132",8
"1813","01",1267
"1813","02",697
"1813","03",764
"1813","04",64
"1813","08",106
"1813","55",118
"1813","05",909
"1813","06",265
"1813","07",83
"1813","130",4
"1813","122",2
"1813","44",20
"1813","123",9
"1813","133",7
"1813","09",3
"1813","124",4
"1813","132",26
"1815","01",227
"1815","02",82
"1815","03",107
"1815","04",9
"1815","08",11
"1815","55",29
"1815","05",253
"1815","06",35
"1815","07",13
"1815","130",2
"1815","44",7
"1815","132",4
"1816","01",81
"1816","02",24
"1816","03",26
"1816","04",5
"1816","08",3
"1816","55",9
"1816","05",123
"1816","06",7
"1816","07",3
"1816","130",1
"1816","44",2
"1816","132",1
"1818","01",315
"1818","02",118
"1818","03",154
"1818","04",16
"1818","08",8
"1818","55",12
"1818","05",184
"1818","06",40
"1818","07",9
"1818","130",1
"1818","122",2
"1818","44",9
"1818","123",2
"1818","09",1
"1818","124",2
"1818","132",8
"1820","01",1097
"1820","02",636
"1820","03",683
"1820","04",64
"1820","08",76
"1820","55",168
"1820","05",824
"1820","06",241
"1820","07",76
"1820","130",4
"1820","122",2
"1820","44",16
"1820","123",4
"1820","133",11
"1820","124",8
"1820","132",16
"1822","01",358
"1822","02",208
"1822","03",143
"1822","04",22
"1822","08",22
"1822","55",36
"1822","05",303
"1822","06",79
"1822","07",21
"1822","130",5
"1822","44",2
"1822","133",7
"1822","124",2
"1822","132",1
"1824","01",2399
"1824","02",1270
"1824","03",1141
"1824","04",132
"1824","08",134
"1824","55",329
"1824","05",1445
"1824","06",439
"1824","07",151
"1824","130",6
"1824","122",9
"1824","44",11
"1824","123",22
"1824","133",15
"1824","09",2
"1824","124",13
"1824","132",26
"1825","01",347
"1825","02",122
"1825","03",73
"1825","04",9
"1825","08",5
"1825","55",11
"1825","05",266
"1825","06",18
"1825","07",7
"1825","130",1
"1825","122",1
"1825","44",2
"1825","123",1
"1825","124",1
"1826","01",270
"1826","02",66
"1826","03",61
"1826","04",13
"1826","08",8
"1826","55",18
"1826","05",368
"1826","06",27
"1826","07",6
"1826","130",1
"1826","122",1
"1826","133",2
"1826","124",3
"1826","132",2
"1827","01",182
"1827","02",103
"1827","03",106
"1827","04",9
"1827","08",9
"1827","55",22
"1827","05",271
"1827","06",66
"1827","07",6
"1827","130",1
"1827","122",1
"1827","44",17
"1827","123",3
"1827","133",1
"1827","124",3
"1827","132",1
"1828","01",254
"1828","02",123
"1828","03",161
"1828","04",24
"1828","08",24
"1828","55",20
"1828","05",260
"1828","06",116
"1828","07",19
"1828","44",5
"1828","133",2
"1828","09",1
"1828","124",2
"1828","132",4
"1832","01",776
"1832","02",349
"1832","03",464
"1832","04",53
"1832","08",65
"1832","55",96
"1832","05",578
"1832","06",192
"1832","07",51
"1832","130",7
"1832","122",1
"1832","123",1
"1832","133",4
"1832","09",3
"1832","124",2
"1832","132",4
"1833","01",4846
"1833","02",2256
"1833","03",3062
"1833","04",253
"1833","08",305
"1833","55",529
"1833","05",1883
"1833","06",1117
"1833","07",303
"1833","130",17
"1833","122",26
"1833","44",12
"1833","123",19
"1833","133",26
"1833","09",7
"1833","124",22
"1833","132",53
"1834","01",263
"1834","02",208
"1834","03",165
"1834","04",38
"1834","08",26
"1834","55",17
"1834","05",272
"1834","06",49
"1834","07",27
"1834","122",1
"1834","44",17
"1834","123",3
"1834","133",4
"1834","124",2
"1834","132",3
"1835","01",48
"1835","02",34
"1835","03",16
"1835","04",21
"1835","08",1
"1835","55",3
"1835","05",63
"1835","06",17
"1835","07",4
"1835","44",6
"1835","132",2
"1836","01",124
"1836","02",122
"1836","03",105
"1836","04",40
"1836","08",10
"1836","55",11
"1836","05",230
"1836","06",29
"1836","07",6
"1836","122",2
"1836","44",10
"1836","123",5
"1836","133",2
"1836","132",1
"1837","01",841
"1837","02",673
"1837","03",675
"1837","04",180
"1837","08",42
"1837","55",38
"1837","05",617
"1837","06",163
"1837","07",76
"1837","122",8
"1837","44",5
"1837","123",17
"1837","133",12
"1837","09",2
"1837","124",5
"1837","132",9
"1838","01",265
"1838","02",209
"1838","03",204
"1838","04",44
"1838","08",28
"1838","55",25
"1838","05",222
"1838","06",57
"1838","07",20
"1838","130",2
"1838","122",2
"1838","44",2
"1838","123",10
"1838","133",2
"1838","09",1
"1838","124",6
"1838","132",9
"1839","01",194
"1839","02",94
"1839","03",92
"1839","04",10
"1839","08",10
"1839","55",8
"1839","05",235
"1839","06",21
"1839","07",8
"1839","133",4
"1839","124",1
"1839","132",2
"1840","01",726
"1840","02",482
"1840","03",530
"1840","04",59
"1840","08",36
"1840","55",59
"1840","05",614
"1840","06",134
"1840","07",38
"1840","130",2
"1840","122",1
"1840","44",3
"1840","123",2
"1840","133",3
"1840","09",1
"1840","124",3
"1840","132",4
"1841","01",1714
"1841","02",1091
"1841","03",1152
"1841","04",112
"1841","08",95
"1841","55",180
"1841","05",700
"1841","06",376
"1841","07",123
"1841","130",2
"1841","122",8
"1841","44",8
"1841","123",4
"1841","133",14
"1841","09",1
"1841","124",6
"1841","132",20
"1845","01",386
"1845","02",159
"1845","03",188
"1845","04",12
"1845","08",12
"1845","55",30
"1845","05",266
"1845","06",66
"1845","07",11
"1845","122",2
"1845","44",2
"1845","133",3
"1845","09",2
"1845","124",4
"1845","132",4
"1848","01",316
"1848","02",226
"1848","03",188
"1848","04",38
"1848","08",29
"1848","55",58
"1848","05",463
"1848","06",104
"1848","07",36
"1848","44",3
"1848","123",5
"1848","124",1
"1848","132",2
"1849","01",212
"1849","02",156
"1849","03",199
"1849","04",14
"1849","08",37
"1849","55",23
"1849","05",231
"1849","06",84
"1849","07",38
"1849","130",1
"1849","122",1
"1849","44",4
"1849","123",1
"1849","124",1
"1849","132",3
"1850","01",359
"1850","02",176
"1850","03",254
"1850","04",50
"1850","08",16
"1850","55",27
"1850","05",171
"1850","06",70
"1850","07",19
"1850","122",2
"1850","123",1
"1850","133",2
"1850","09",1
"1850","132",8
"1851","01",306
"1851","02",183
"1851","03",267
"1851","04",13
"1851","08",18
"1851","55",15
"1851","05",259
"1851","06",87
"1851","07",28
"1851","130",1
"1851","122",3
"1851","44",7
"1851","123",1
"1851","133",2
"1851","124",1
"1851","132",9
"1852","01",204
"1852","02",184
"1852","03",230
"1852","04",16
"1852","08",8
"1852","55",6
"1852","05",74
"1852","06",27
"1852","07",14
"1852","122",1
"1852","44",1
"1852","123",5
"1852","133",1
"1852","124",2
"1852","132",1
"1853","01",181
"1853","02",136
"1853","03",212
"1853","04",27
"1853","08",16
"1853","55",13
"1853","05",141
"1853","06",44
"1853","07",23
"1853","130",1
"1853","122",1
"1853","44",1
"1853","123",1
"1853","09",1
"1853","124",3
"1853","132",3
"1854","01",326
"1854","02",295
"1854","03",233
"1854","04",63
"1854","08",19
"1854","55",11
"1854","05",312
"1854","06",52
"1854","07",18
"1854","130",2
"1854","122",4
"1854","44",1
"1854","123",2
"1854","133",8
"1854","09",3
"1854","124",1
"1854","132",16
"1856","01",83
"1856","02",44
"1856","03",45
"1856","04",5
"1856","08",8
"1856","55",13
"1856","05",55
"1856","06",24
"1856","07",14
"1856","130",1
"1856","44",9
"1856","123",1
"1857","01",64
"1857","02",92
"1857","03",47
"1857","04",27
"1857","08",3
"1857","55",3
"1857","05",91
"1857","06",23
"1857","07",10
"1857","122",1
"1857","44",4
"1857","123",2
"1857","124",1
"1857","132",1
"1859","01",117
"1859","02",66
"1859","03",87
"1859","04",19
"1859","08",22
"1859","55",8
"1859","05",240
"1859","06",79
"1859","07",32
"1859","130",2
"1859","44",30
"1859","123",2
"1859","133",2
"1859","124",1
"1859","132",1
"1860","01",1188
"1860","02",943
"1860","03",1211
"1860","04",328
"1860","08",131
"1860","55",93
"1860","05",1102
"1860","06",553
"1860","07",130
"1860","130",4
"1860","122",5
"1860","44",58
"1860","123",37
"1860","133",13
"1860","09",3
"1860","124",12
"1860","132",13
"1865","01",1043
"1865","02",761
"1865","03",981
"1865","04",65
"1865","08",115
"1865","55",212
"1865","05",780
"1865","06",458
"1865","07",244
"1865","130",10
"1865","122",6
"1865","44",7
"1865","123",7
"1865","133",10
"1865","124",4
"1865","132",23
"1866","01",1070
"1866","02",805
"1866","03",596
"1866","04",82
"1866","08",86
"1866","55",117
"1866","05",1118
"1866","06",293
"1866","07",139
"1866","130",6
"1866","122",7
"1866","44",15
"1866","123",5
"1866","133",8
"1866","09",2
"1866","124",3
"1866","132",45
"1867","01",306
"1867","02",281
"1867","03",167
"1867","04",35
"1867","08",22
"1867","55",18
"1867","05",533
"1867","06",82
"1867","07",34
"1867","130",3
"1867","122",1
"1867","44",9
"1867","123",6
"1867","124",2
"1867","132",4
"1868","01",442
"1868","02",468
"1868","03",378
"1868","04",87
"1868","08",35
"1868","55",40
"1868","05",622
"1868","06",149
"1868","07",47
"1868","130",1
"1868","122",3
"1868","44",28
"1868","123",9
"1868","133",1
"1868","124",4
"1868","132",7
"1870","01",1127
"1870","02",921
"1870","03",1084
"1870","04",98
"1870","08",104
"1870","55",173
"1870","05",1372
"1870","06",423
"1870","07",141
"1870","130",4
"1870","122",7
"1870","44",14
"1870","123",19
"1870","133",10
"1870","09",1
"1870","124",9
"1870","132",64
"1871","01",230
"1871","02",173
"1871","03",83
"1871","04",48
"1871","08",61
"1871","55",23
"1871","05",2189
"1871","06",177
"1871","07",43
"1871","122",4
"1871","44",6
"1871","123",4
"1871","133",1
"1871","09",3
"1871","124",2
"1871","132",5
"1874","01",114
"1874","02",90
"1874","03",84
"1874","04",16
"1874","08",10
"1874","55",6
"1874","05",117
"1874","06",40
"1874","07",11
"1874","130",1
"1874","44",10
"1874","123",4
"1874","124",1
"1874","132",2
"1902","01",9459
"1902","02",6556
"1902","03",9200
"1902","04",997
"1902","08",1599
"1902","55",1414
"1902","05",3561
"1902","06",6097
"1902","07",1675
"1902","130",55
"1902","122",56
"1902","44",80
"1902","123",75
"1902","133",174
"1902","135",41
"1902","09",21
"1902","132",138
"1903","01",3640
"1903","02",2924
"1903","03",3308
"1903","04",288
"1903","08",344
"1903","55",224
"1903","05",1410
"1903","06",906
"1903","07",375
"1903","130",20
"1903","122",16
"1903","44",22
"1903","123",12
"1903","133",28
"1903","135",3
"1903","09",8
"1903","132",53
"1911","01",432
"1911","02",324
"1911","03",277
"1911","04",29
"1911","08",37
"1911","55",27
"1911","05",314
"1911","06",141
"1911","07",59
"1911","130",1
"1911","122",2
"1911","123",3
"1911","133",7
"1911","09",1
"1911","132",8
"1913","01",503
"1913","02",325
"1913","03",479
"1913","04",32
"1913","08",26
"1913","55",20
"1913","05",195
"1913","06",82
"1913","07",33
"1913","130",1
"1913","122",2
"1913","44",3
"1913","123",1
"1913","133",2
"1913","132",14
"1917","01",207
"1917","02",161
"1917","03",182
"1917","04",17
"1917","08",7
"1917","55",8
"1917","05",167
"1917","06",23
"1917","07",14
"1917","130",1
"1917","44",2
"1917","123",3
"1917","133",1
"1919","01",166
"1919","02",110
"1919","03",97
"1919","04",19
"1919","08",9
"1919","55",6
"1919","05",124
"1919","06",39
"1919","07",8
"1919","130",3
"1919","122",1
"1919","44",1
"1919","123",1
"1919","133",3
"1919","132",3
"1920","01",190
"1920","02",86
"1920","03",116
"1920","04",11
"1920","08",7
"1920","55",1
"1920","05",189
"1920","06",16
"1920","07",5
"1920","130",1
"1920","122",2
"1920","133",1
"1920","132",3
"1922","01",554
"1922","02",245
"1922","03",424
"1922","04",22
"1922","08",44
"1922","55",20
"1922","05",811
"1922","06",87
"1922","07",45
"1922","130",4
"1922","122",9
"1922","44",2
"1922","123",2
"1922","133",7
"1922","135",1
"1922","09",2
"1922","132",3
"1923","01",359
"1923","02",164
"1923","03",172
"1923","04",39
"1923","08",16
"1923","55",26
"1923","05",367
"1923","06",106
"1923","07",8
"1923","130",2
"1923","133",1
"1923","132",4
"1924","01",806
"1924","02",494
"1924","03",445
"1924","04",52
"1924","08",59
"1924","55",55
"1924","05",1598
"1924","06",213
"1924","07",108
"1924","130",1
"1924","122",5
"1924","44",2
"1924","123",8
"1924","133",12
"1924","135",5
"1924","09",6
"1924","132",7
"1925","01",491
"1925","02",362
"1925","03",292
"1925","04",39
"1925","08",12
"1925","55",14
"1925","05",536
"1925","06",120
"1925","07",33
"1925","130",2
"1925","122",6
"1925","44",1
"1925","123",3
"1925","133",3
"1925","132",4
"1926","01",163
"1926","02",186
"1926","03",102
"1926","04",13
"1926","08",9
"1926","55",5
"1926","05",176
"1926","06",48
"1926","07",13
"1926","122",1
"1926","44",2
"1926","133",2
"1926","132",2
"1927","01",248
"1927","02",139
"1927","03",154
"1927","04",13
"1927","08",24
"1927","55",11
"1927","05",197
"1927","06",53
"1927","07",20
"1927","122",2
"1927","133",2
"1927","09",4
"1927","132",3
"1928","01",178
"1928","02",87
"1928","03",67
"1928","04",13
"1928","08",3
"1928","55",5
"1928","05",118
"1928","06",18
"1928","07",3
"1928","44",8
"1928","132",1
"1929","01",112
"1929","02",93
"1929","03",77
"1929","04",10
"1929","08",3
"1929","55",3
"1929","05",166
"1929","06",28
"1929","07",2
"1929","44",1
"1929","123",3
"1929","09",2
"1929","132",2
"1931","01",1284
"1931","02",1401
"1931","03",1235
"1931","04",254
"1931","08",97
"1931","55",56
"1931","05",1063
"1931","06",362
"1931","07",95
"1931","130",6
"1931","122",8
"1931","44",20
"1931","123",6
"1931","133",15
"1931","135",4
"1931","09",5
"1931","132",16
"1933","01",741
"1933","02",775
"1933","03",523
"1933","04",93
"1933","08",54
"1933","55",44
"1933","05",710
"1933","06",176
"1933","07",43
"1933","130",6
"1933","122",2
"1933","44",5
"1933","123",19
"1933","133",8
"1933","135",2
"1933","09",1
"1933","132",7
"1936","01",268
"1936","02",317
"1936","03",132
"1936","04",17
"1936","08",22
"1936","55",14
"1936","05",259
"1936","06",157
"1936","07",25
"1936","130",4
"1936","122",1
"1936","44",5
"1936","123",6
"1936","133",6
"1936","135",1
"1936","132",3
"1938","01",389
"1938","02",351
"1938","03",344
"1938","04",84
"1938","08",48
"1938","55",19
"1938","05",294
"1938","06",87
"1938","07",21
"1938","122",4
"1938","44",4
"1938","133",7
"1938","09",1
"1938","132",9
"1939","01",270
"1939","02",220
"1939","03",194
"1939","04",32
"1939","08",33
"1939","55",23
"1939","05",189
"1939","06",85
"1939","07",13
"1939","130",3
"1939","122",1
"1939","44",2
"1939","123",3
"1939","133",5
"1939","09",1
"1940","01",300
"1940","02",209
"1940","03",129
"1940","04",66
"1940","08",53
"1940","55",33
"1940","05",301
"1940","06",79
"1940","07",14
"1940","130",4
"1940","44",1
"1940","123",2
"1940","133",2
"1940","135",1
"1940","09",2
"1940","132",2
"1941","01",308
"1941","02",338
"1941","03",220
"1941","04",117
"1941","08",16
"1941","55",15
"1941","05",252
"1941","06",111
"1941","07",20
"1941","122",1
"1941","44",8
"1941","123",1
"1941","133",3
"1941","09",1
"1941","132",1
"1942","01",627
"1942","02",556
"1942","03",449
"1942","04",120
"1942","08",56
"1942","55",36
"1942","05",510
"1942","06",159
"1942","07",32
"1942","130",1
"1942","44",1
"1942","123",9
"1942","133",11
"1942","135",1
"1942","09",1
"1942","132",4
"1943","01",187
"1943","02",181
"1943","03",91
"1943","04",31
"1943","08",10
"1943","55",2
"1943","05",133
"1943","06",20
"1943","07",10
"1943","44",3
"1943","123",3
"1943","132",2
"2002","01",398
"2002","02",124
"2002","03",107
"2002","04",3
"2002","08",57
"2002","55",17
"2002","05",245
"2002","06",72
"2002","07",24
"2002","130",4
"2002","122",5
"2002","44",14
"2002","123",2
"2002","133",1
"2002","124",2
"2002","132",2
"2003","01",1346
"2003","02",275
"2003","03",594
"2003","04",61
"2003","08",67
"2003","55",49
"2003","05",411
"2003","06",411
"2003","07",29
"2003","130",4
"2003","122",3
"2003","44",8
"2003","123",11
"2003","133",6
"2003","124",3
"2003","132",13
"2004","01",2329
"2004","02",634
"2004","03",894
"2004","04",73
"2004","08",92
"2004","55",62
"2004","05",325
"2004","06",510
"2004","07",67
"2004","130",11
"2004","122",13
"2004","44",19
"2004","123",9
"2004","133",10
"2004","124",8
"2004","132",35
"2011","01",342
"2011","02",123
"2011","03",206
"2011","04",62
"2011","08",19
"2011","55",11
"2011","05",497
"2011","06",87
"2011","07",70
"2011","130",3
"2011","44",1
"2011","123",18
"2011","133",7
"2011","124",11
"2011","132",6
"2012","01",1698
"2012","02",3417
"2012","03",1020
"2012","04",332
"2012","08",277
"2012","55",213
"2012","05",1496
"2012","06",707
"2012","07",1205
"2012","130",10
"2012","122",5
"2012","44",58
"2012","123",47
"2012","133",30
"2012","124",15
"2012","132",20
"2014","01",178
"2014","02",85
"2014","03",92
"2014","04",9
"2014","08",12
"2014","55",6
"2014","05",84
"2014","06",38
"2014","07",2
"2014","122",4
"2014","44",8
"2014","123",1
"2014","124",3
"2015","01",194
"2015","02",48
"2015","03",73
"2015","04",7
"2015","08",10
"2015","55",1
"2015","05",95
"2015","06",25
"2015","07",4
"2015","130",1
"2015","44",1
"2015","123",1
"2015","124",1
"2015","132",1
"2017","01",178
"2017","02",107
"2017","03",87
"2017","04",20
"2017","08",10
"2017","55",9
"2017","05",74
"2017","06",36
"2017","07",12
"2017","122",2
"2017","44",2
"2017","123",1
"2017","124",1
"2017","132",1
"2018","01",241
"2018","02",73
"2018","03",93
"2018","04",4
"2018","08",7
"2018","55",8
"2018","05",99
"2018","06",18
"2018","07",8
"2018","122",1
"2018","124",1
"2018","132",3
"2019","01",638
"2019","02",231
"2019","03",262
"2019","04",11
"2019","08",19
"2019","55",14
"2019","05",187
"2019","06",183
"2019","07",21
"2019","130",5
"2019","122",11
"2019","44",3
"2019","123",2
"2019","133",2
"2019","124",5
"2019","132",4
"2020","01",737
"2020","02",356
"2020","03",473
"2020","04",36
"2020","08",36
"2020","55",28
"2020","05",313
"2020","06",156
"2020","07",19
"2020","130",9
"2020","122",2
"2020","44",8
"2020","123",11
"2020","133",12
"2020","124",6
"2020","132",11
"2021","01",439
"2021","02",81
"2021","03",123
"2021","04",57
"2021","08",25
"2021","55",17
"2021","05",513
"2021","06",122
"2021","07",36
"2021","130",4
"2021","122",9
"2021","123",3
"2021","133",4
"2021","124",4
"2021","132",5
"2022","01",243
"2022","02",94
"2022","03",81
"2022","04",25
"2022","08",17
"2022","55",10
"2022","05",121
"2022","06",54
"2022","07",12
"2022","130",5
"2022","122",2
"2022","44",11
"2022","123",4
"2022","132",3
"2023","01",216
"2023","02",67
"2023","03",39
"2023","04",4
"2023","08",6
"2023","55",6
"2023","05",88
"2023","06",59
"2023","07",7
"2023","44",4
"2023","123",1
"2023","133",1
"2023","124",2
"2023","132",1
"2024","01",199
"2024","02",75
"2024","03",80
"2024","04",2
"2024","08",8
"2024","55",11
"2024","05",45
"2024","06",27
"2024","07",2
"2024","130",2
"2024","44",2
"2024","124",1
"2024","132",3
"2025","01",496
"2025","02",251
"2025","03",221
"2025","04",21
"2025","08",28
"2025","55",21
"2025","05",370
"2025","06",201
"2025","07",29
"2025","130",3
"2025","122",1
"2025","44",3
"2025","123",8
"2025","133",5
"2025","124",2
"2025","132",4
"2027","01",188
"2027","02",47
"2027","03",61
"2027","04",6
"2027","08",5
"2027","55",13
"2027","05",91
"2027","06",119
"2027","07",7
"2027","122",1
"2027","44",3
"2027","123",6
"2027","133",1
"2027","124",1
"2028","01",352
"2028","02",155
"2028","03",222
"2028","04",2
"2028","08",13
"2028","55",10
"2028","05",93
"2028","06",37
"2028","07",11
"2028","130",2
"2028","44",7
"2028","133",2
"2028","124",1
"2028","132",4
"2030","01",2028
"2030","02",751
"2030","03",872
"2030","04",73
"2030","08",128
"2030","55",96
"2030","05",643
"2030","06",575
"2030","07",79
"2030","130",16
"2030","122",12
"2030","44",14
"2030","123",16
"2030","133",5
"2030","124",9
"2030","132",23
