"Region","PolitParti","Godkjente1 2021"
"3001","01",5299
"3001","02",1915
"3001","03",2843
"3001","04",623
"3001","08",598
"3001","55",925
"3001","05",2446
"3001","06",1002
"3001","07",458
"3001","150",17
"3001","122",252
"3001","151",17
"3001","152",21
"3001","123",108
"3001","133",40
"3001","153",19
"3001","10",292
"3001","124",17
"3001","132",29
"3002","01",8326
"3002","02",3017
"3002","03",6329
"3002","04",525
"3002","08",1040
"3002","55",1471
"3002","05",2321
"3002","06",2166
"3002","07",1201
"3002","150",32
"3002","122",329
"3002","151",38
"3002","152",38
"3002","123",63
"3002","133",46
"3002","153",62
"3002","10",249
"3002","124",23
"3002","132",69
"3003","01",10451
"3003","02",4184
"3003","03",4840
"3003","04",1032
"3003","08",642
"3003","55",1170
"3003","05",3679
"3003","06",1558
"3003","07",600
"3003","150",28
"3003","122",486
"3003","151",72
"3003","152",34
"3003","123",178
"3003","133",61
"3003","153",58
"3003","10",357
"3003","124",31
"3003","132",59
"3004","01",14892
"3004","02",5728
"3004","03",8374
"3004","04",1403
"3004","08",1598
"3004","55",2362
"3004","05",4035
"3004","06",3175
"3004","07",1449
"3004","150",52
"3004","122",522
"3004","151",100
"3004","152",67
"3004","123",146
"3004","133",67
"3004","153",71
"3004","10",673
"3004","124",50
"3004","132",104
"3005","01",15523
"3005","02",6420
"3005","03",12703
"3005","04",1346
"3005","08",1765
"3005","55",2086
"3005","05",4343
"3005","06",3357
"3005","07",2273
"3005","150",47
"3005","122",694
"3005","151",63
"3005","152",93
"3005","123",134
"3005","133",84
"3005","153",227
"3005","10",199
"3005","124",40
"3005","132",177
"3006","01",4487
"3006","02",1677
"3006","03",3052
"3006","04",252
"3006","08",559
"3006","55",486
"3006","05",2702
"3006","06",966
"3006","07",701
"3006","150",12
"3006","122",244
"3006","151",10
"3006","152",35
"3006","123",42
"3006","133",35
"3006","153",25
"3006","10",56
"3006","124",15
"3006","132",41
"3007","01",5068
"3007","02",2077
"3007","03",3366
"3007","04",303
"3007","08",452
"3007","55",705
"3007","05",2930
"3007","06",1004
"3007","07",483
"3007","150",21
"3007","122",237
"3007","151",13
"3007","152",30
"3007","123",38
"3007","133",52
"3007","153",45
"3007","10",82
"3007","124",18
"3007","132",48
"3011","01",862
"3011","02",446
"3011","03",705
"3011","04",60
"3011","08",96
"3011","55",158
"3011","05",356
"3011","06",183
"3011","07",85
"3011","150",2
"3011","122",42
"3011","151",3
"3011","152",7
"3011","123",11
"3011","133",1
"3011","153",2
"3011","10",28
"3011","124",3
"3011","132",8
"3012","01",159
"3012","02",73
"3012","03",88
"3012","04",63
"3012","08",8
"3012","55",26
"3012","05",396
"3012","06",24
"3012","07",12
"3012","150",0
"3012","122",8
"3012","151",0
"3012","152",0
"3012","123",5
"3012","133",1
"3012","153",1
"3012","10",4
"3012","124",0
"3012","132",3
"3013","01",623
"3013","02",191
"3013","03",261
"3013","04",133
"3013","08",26
"3013","55",56
"3013","05",717
"3013","06",61
"3013","07",48
"3013","150",0
"3013","122",26
"3013","151",0
"3013","152",1
"3013","123",11
"3013","133",6
"3013","153",3
"3013","10",14
"3013","124",1
"3013","132",4
"3014","01",5731
"3014","02",3132
"3014","03",4454
"3014","04",840
"3014","08",510
"3014","55",831
"3014","05",5004
"3014","06",1164
"3014","07",650
"3014","150",18
"3014","122",453
"3014","151",36
"3014","152",31
"3014","123",91
"3014","133",26
"3014","153",80
"3014","10",171
"3014","124",22
"3014","132",84
"3015","01",469
"3015","02",295
"3015","03",269
"3015","04",92
"3015","08",34
"3015","55",70
"3015","05",638
"3015","06",78
"3015","07",36
"3015","150",3
"3015","122",60
"3015","151",3
"3015","152",5
"3015","123",10
"3015","133",1
"3015","153",5
"3015","10",13
"3015","124",2
"3015","132",2
"3016","01",945
"3016","02",540
"3016","03",554
"3016","04",257
"3016","08",66
"3016","55",114
"3016","05",1677
"3016","06",119
"3016","07",45
"3016","150",10
"3016","122",61
"3016","151",5
"3016","152",10
"3016","123",35
"3016","133",6
"3016","153",20
"3016","10",13
"3016","124",0
"3016","132",12
"3017","01",962
"3017","02",566
"3017","03",936
"3017","04",277
"3017","08",94
"3017","55",126
"3017","05",834
"3017","06",167
"3017","07",99
"3017","150",6
"3017","122",45
"3017","151",6
"3017","152",9
"3017","123",24
"3017","133",4
"3017","153",12
"3017","10",45
"3017","124",4
"3017","132",9
"3018","01",626
"3018","02",440
"3018","03",558
"3018","04",109
"3018","08",70
"3018","55",109
"3018","05",746
"3018","06",143
"3018","07",88
"3018","150",4
"3018","122",64
"3018","151",5
"3018","152",7
"3018","123",6
"3018","133",4
"3018","153",3
"3018","10",10
"3018","124",2
"3018","132",10
"3019","01",2678
"3019","02",1068
"3019","03",2417
"3019","04",179
"3019","08",507
"3019","55",454
"3019","05",955
"3019","06",716
"3019","07",553
"3019","150",12
"3019","122",141
"3019","151",11
"3019","154",1
"3019","152",14
"3019","123",28
"3019","133",14
"3019","153",11
"3019","10",57
"3019","124",9
"3019","132",22
"3020","01",8823
"3020","02",3210
"3020","03",9765
"3020","04",844
"3020","08",1828
"3020","55",1329
"3020","05",1961
"3020","06",2662
"3020","07",2586
"3020","150",34
"3020","122",285
"3020","151",48
"3020","154",10
"3020","152",46
"3020","123",42
"3020","133",62
"3020","153",127
"3020","10",297
"3020","124",29
"3020","132",116
"3021","01",2638
"3021","02",1015
"3021","03",2078
"3021","04",314
"3021","08",842
"3021","55",654
"3021","05",1156
"3021","06",1107
"3021","07",679
"3021","150",9
"3021","122",114
"3021","151",11
"3021","154",7
"3021","152",15
"3021","123",24
"3021","133",22
"3021","153",37
"3021","10",39
"3021","124",14
"3021","132",25
"3022","01",2126
"3022","02",1048
"3022","03",3262
"3022","04",125
"3022","08",533
"3022","55",345
"3022","05",642
"3022","06",650
"3022","07",693
"3022","150",7
"3022","122",107
"3022","151",10
"3022","154",2
"3022","152",4
"3022","123",21
"3022","133",10
"3022","153",24
"3022","10",50
"3022","124",13
"3022","132",19
"3023","01",2605
"3023","02",870
"3023","03",2311
"3023","04",224
"3023","08",1306
"3023","55",1132
"3023","05",550
"3023","06",1507
"3023","07",758
"3023","150",12
"3023","122",123
"3023","151",7
"3023","154",1
"3023","152",24
"3023","123",21
"3023","133",17
"3023","153",27
"3023","10",34
"3023","124",11
"3023","132",31
"3024","01",14151
"3024","02",5079
"3024","03",29154
"3024","04",1209
"3024","08",4244
"3024","55",2042
"3024","05",2156
"3024","06",4236
"3024","07",8511
"3024","150",47
"3024","122",512
"3024","151",61
"3024","154",4
"3024","152",41
"3024","123",100
"3024","133",109
"3024","153",161
"3024","10",367
"3024","124",66
"3024","132",138
"3025","01",11658
"3025","02",4869
"3025","03",17547
"3025","04",1106
"3025","08",2966
"3025","55",1810
"3025","05",3044
"3025","06",3541
"3025","07",4907
"3025","150",19
"3025","122",519
"3025","151",46
"3025","154",9
"3025","152",84
"3025","123",92
"3025","133",91
"3025","153",154
"3025","10",255
"3025","124",38
"3025","132",104
"3026","01",2969
"3026","02",1232
"3026","03",1229
"3026","04",318
"3026","08",163
"3026","55",304
"3026","05",2517
"3026","06",326
"3026","07",145
"3026","150",6
"3026","122",209
"3026","151",14
"3026","154",4
"3026","152",17
"3026","123",39
"3026","133",12
"3026","153",18
"3026","10",50
"3026","124",8
"3026","132",27
"3027","01",3268
"3027","02",1160
"3027","03",2130
"3027","04",206
"3027","08",280
"3027","55",345
"3027","05",759
"3027","06",670
"3027","07",442
"3027","150",8
"3027","122",112
"3027","151",30
"3027","154",2
"3027","152",9
"3027","123",22
"3027","133",16
"3027","153",21
"3027","10",78
"3027","124",9
"3027","132",55
"3028","01",1462
"3028","02",941
"3028","03",1181
"3028","04",163
"3028","08",118
"3028","55",205
"3028","05",917
"3028","06",326
"3028","07",177
"3028","150",3
"3028","122",97
"3028","151",18
"3028","154",2
"3028","152",16
"3028","123",11
"3028","133",9
"3028","153",15
"3028","10",32
"3028","124",10
"3028","132",23
"3029","01",7067
"3029","02",2522
"3029","03",5475
"3029","04",411
"3029","08",862
"3029","55",959
"3029","05",1380
"3029","06",1760
"3029","07",1168
"3029","150",14
"3029","122",234
"3029","151",85
"3029","154",10
"3029","152",20
"3029","123",47
"3029","133",45
"3029","153",89
"3029","10",188
"3029","124",19
"3029","132",80
"3030","01",14124
"3030","02",5231
"3030","03",10233
"3030","04",932
"3030","08",1476
"3030","55",1838
"3030","05",4705
"3030","06",3117
"3030","07",1979
"3030","150",59
"3030","122",485
"3030","151",123
"3030","154",41
"3030","152",83
"3030","123",94
"3030","133",79
"3030","153",95
"3030","10",325
"3030","124",32
"3030","132",190
"3031","01",3802
"3031","02",1453
"3031","03",3219
"3031","04",243
"3031","08",620
"3031","55",533
"3031","05",1238
"3031","06",1061
"3031","07",779
"3031","150",13
"3031","122",132
"3031","151",42
"3031","154",1
"3031","152",22
"3031","123",18
"3031","133",16
"3031","153",32
"3031","10",62
"3031","124",13
"3031","132",44
"3032","01",1071
"3032","02",448
"3032","03",925
"3032","04",126
"3032","08",126
"3032","55",93
"3032","05",570
"3032","06",184
"3032","07",180
"3032","150",1
"3032","122",54
"3032","151",7
"3032","154",1
"3032","152",3
"3032","123",9
"3032","133",2
"3032","153",7
"3032","10",16
"3032","124",2
"3032","132",15
"3033","01",5571
"3033","02",3172
"3033","03",4235
"3033","04",270
"3033","08",473
"3033","55",747
"3033","05",2222
"3033","06",1103
"3033","07",699
"3033","150",20
"3033","122",249
"3033","151",40
"3033","154",4
"3033","152",24
"3033","123",37
"3033","133",58
"3033","153",49
"3033","10",129
"3033","124",21
"3033","132",78
"3034","01",3754
"3034","02",1774
"3034","03",1694
"3034","04",225
"3034","08",328
"3034","55",565
"3034","05",2764
"3034","06",694
"3034","07",345
"3034","150",4
"3034","122",225
"3034","151",24
"3034","154",1
"3034","152",18
"3034","123",24
"3034","133",26
"3034","153",20
"3034","10",66
"3034","124",14
"3034","132",60
"3035","01",3853
"3035","02",1786
"3035","03",2283
"3035","04",290
"3035","08",389
"3035","55",680
"3035","05",2319
"3035","06",869
"3035","07",362
"3035","150",21
"3035","122",184
"3035","151",18
"3035","154",9
"3035","152",31
"3035","123",42
"3035","133",23
"3035","153",47
"3035","10",160
"3035","124",17
"3035","132",78
"3036","01",2036
"3036","02",1061
"3036","03",1207
"3036","04",191
"3036","08",155
"3036","55",235
"3036","05",1267
"3036","06",362
"3036","07",237
"3036","150",12
"3036","122",133
"3036","151",20
"3036","154",2
"3036","152",11
"3036","123",21
"3036","133",19
"3036","153",14
"3036","10",49
"3036","124",12
"3036","132",28
"3037","01",365
"3037","02",189
"3037","03",200
"3037","04",84
"3037","08",69
"3037","55",68
"3037","05",442
"3037","06",69
"3037","07",35
"3037","150",0
"3037","122",33
"3037","151",5
"3037","154",0
"3037","152",1
"3037","123",6
"3037","133",1
"3037","153",2
"3037","10",13
"3037","124",0
"3037","132",9
"3038","01",846
"3038","02",379
"3038","03",1199
"3038","04",109
"3038","08",135
"3038","55",127
"3038","05",490
"3038","06",199
"3038","07",177
"3038","150",5
"3038","122",73
"3038","151",1
"3038","152",4
"3038","123",5
"3038","133",6
"3038","153",15
"3038","10",11
"3038","124",2
"3038","132",8
"3039","01",131
"3039","02",61
"3039","03",105
"3039","04",7
"3039","08",9
"3039","55",11
"3039","05",228
"3039","06",13
"3039","07",12
"3039","150",0
"3039","122",7
"3039","151",0
"3039","152",2
"3039","123",0
"3039","133",2
"3039","153",0
"3039","10",1
"3039","124",0
"3039","132",2
"3040","01",509
"3040","02",150
"3040","03",284
"3040","04",50
"3040","08",31
"3040","55",55
"3040","05",678
"3040","06",65
"3040","07",26
"3040","150",2
"3040","122",18
"3040","151",2
"3040","152",2
"3040","123",2
"3040","133",2
"3040","153",1
"3040","10",5
"3040","124",2
"3040","132",3
"3041","01",626
"3041","02",274
"3041","03",494
"3041","04",42
"3041","08",48
"3041","55",47
"3041","05",709
"3041","06",121
"3041","07",51
"3041","150",1
"3041","122",26
"3041","151",0
"3041","152",4
"3041","123",6
"3041","133",2
"3041","153",1
"3041","10",5
"3041","124",0
"3041","132",4
"3042","01",231
"3042","02",117
"3042","03",266
"3042","04",86
"3042","08",48
"3042","55",45
"3042","05",364
"3042","06",56
"3042","07",41
"3042","150",0
"3042","122",16
"3042","151",3
"3042","152",3
"3042","123",4
"3042","133",2
"3042","153",13
"3042","10",3
"3042","124",0
"3042","132",1
"3043","01",609
"3043","02",265
"3043","03",387
"3043","04",142
"3043","08",75
"3043","55",75
"3043","05",982
"3043","06",156
"3043","07",74
"3043","150",2
"3043","122",12
"3043","151",0
"3043","152",1
"3043","123",4
"3043","133",4
"3043","153",7
"3043","10",4
"3043","124",0
"3043","132",4
"3044","01",505
"3044","02",256
"3044","03",572
"3044","04",47
"3044","08",56
"3044","55",62
"3044","05",742
"3044","06",117
"3044","07",84
"3044","150",1
"3044","122",9
"3044","151",2
"3044","152",9
"3044","123",9
"3044","133",1
"3044","153",1
"3044","10",4
"3044","124",1
"3044","132",11
"3045","01",382
"3045","02",239
"3045","03",286
"3045","04",11
"3045","08",21
"3045","55",35
"3045","05",948
"3045","06",50
"3045","07",18
"3045","150",3
"3045","122",22
"3045","151",1
"3045","152",1
"3045","123",1
"3045","133",0
"3045","153",2
"3045","10",4
"3045","124",1
"3045","132",3
"3046","01",339
"3046","02",114
"3046","03",209
"3046","04",13
"3046","08",10
"3046","55",33
"3046","05",391
"3046","06",35
"3046","07",26
"3046","150",1
"3046","122",19
"3046","151",2
"3046","152",5
"3046","123",0
"3046","133",2
"3046","153",2
"3046","10",2
"3046","124",0
"3046","132",3
"3047","01",2466
"3047","02",1315
"3047","03",1119
"3047","04",141
"3047","08",150
"3047","55",243
"3047","05",1654
"3047","06",316
"3047","07",138
"3047","150",8
"3047","122",140
"3047","151",6
"3047","152",11
"3047","123",14
"3047","133",10
"3047","153",28
"3047","10",23
"3047","124",4
"3047","132",24
"3048","01",2695
"3048","02",1577
"3048","03",2063
"3048","04",387
"3048","08",228
"3048","55",273
"3048","05",2103
"3048","06",471
"3048","07",258
"3048","150",5
"3048","122",189
"3048","151",7
"3048","152",26
"3048","123",33
"3048","133",23
"3048","153",18
"3048","10",33
"3048","124",11
"3048","132",29
"3049","01",4002
"3049","02",1616
"3049","03",4336
"3049","04",277
"3049","08",537
"3049","55",421
"3049","05",1499
"3049","06",799
"3049","07",726
"3049","150",24
"3049","122",155
"3049","151",11
"3049","152",33
"3049","123",19
"3049","133",17
"3049","153",40
"3049","10",66
"3049","124",15
"3049","132",43
"3050","01",289
"3050","02",279
"3050","03",200
"3050","04",9
"3050","08",24
"3050","55",40
"3050","05",571
"3050","06",44
"3050","07",22
"3050","150",1
"3050","122",21
"3050","151",1
"3050","152",3
"3050","123",6
"3050","133",1
"3050","153",2
"3050","10",4
"3050","124",1
"3050","132",2
"3051","01",241
"3051","02",55
"3051","03",64
"3051","04",25
"3051","08",12
"3051","55",21
"3051","05",377
"3051","06",33
"3051","07",11
"3051","150",2
"3051","122",6
"3051","151",0
"3051","152",2
"3051","123",2
"3051","133",0
"3051","153",4
"3051","10",3
"3051","124",1
"3051","132",0
"3052","01",304
"3052","02",151
"3052","03",162
"3052","04",26
"3052","08",15
"3052","55",36
"3052","05",619
"3052","06",51
"3052","07",9
"3052","150",2
"3052","122",25
"3052","151",0
"3052","152",3
"3052","123",7
"3052","133",0
"3052","153",3
"3052","10",2
"3052","124",2
"3052","132",1
"3053","01",1322
"3053","02",487
"3053","03",677
"3053","04",46
"3053","08",76
"3053","55",140
"3053","05",738
"3053","06",209
"3053","07",77
"3053","150",10
"3053","122",63
"3053","151",4
"3053","152",8
"3053","123",4
"3053","133",1
"3053","153",6
"3053","10",13
"3053","124",2
"3053","132",17
"3054","01",1588
"3054","02",651
"3054","03",894
"3054","04",120
"3054","08",176
"3054","55",234
"3054","05",1020
"3054","06",280
"3054","07",158
"3054","150",8
"3054","122",59
"3054","151",14
"3054","154",1
"3054","152",6
"3054","123",21
"3054","133",5
"3054","153",3
"3054","10",19
"3054","124",1
"3054","132",19
"0301","01",87158
"0301","02",22784
"0301","03",89342
"0301","04",6922
"0301","08",32198
"0301","55",31352
"0301","05",11953
"0301","06",50382
"0301","07",38142
"0301","150",232
"0301","122",2585
"0301","131",275
"0301","151",1072
"0301","152",234
"0301","44",64
"0301","123",474
"0301","133",665
"0301","09",123
"0301","153",1367
"0301","10",1312
"0301","124",336
"0301","132",593
"3401","01",3632
"3401","02",1151
"3401","03",1272
"3401","04",131
"3401","08",138
"3401","55",328
"3401","05",2111
"3401","06",614
"3401","07",236
"3401","150",5
"3401","122",117
"3401","151",7
"3401","152",13
"3401","123",19
"3401","133",21
"3401","153",15
"3401","10",266
"3401","156",13
"3401","132",25
"3403","01",6443
"3403","02",1169
"3403","03",2774
"3403","04",488
"3403","08",683
"3403","55",775
"3403","05",2808
"3403","06",2209
"3403","07",873
"3403","150",13
"3403","122",134
"3403","151",7
"3403","152",23
"3403","123",30
"3403","133",24
"3403","153",42
"3403","10",189
"3403","156",12
"3403","132",32
"3405","01",5979
"3405","02",1034
"3405","03",2700
"3405","04",288
"3405","08",804
"3405","55",849
"3405","05",2146
"3405","06",1615
"3405","07",690
"3405","150",5
"3405","122",100
"3405","151",15
"3405","152",19
"3405","123",26
"3405","133",9
"3405","153",43
"3405","10",133
"3405","124",16
"3405","132",33
"3407","01",6429
"3407","02",1356
"3407","03",2687
"3407","04",388
"3407","08",449
"3407","55",655
"3407","05",2891
"3407","06",1050
"3407","07",546
"3407","150",8
"3407","122",110
"3407","151",11
"3407","152",16
"3407","123",55
"3407","133",17
"3407","153",28
"3407","10",118
"3407","124",16
"3407","132",35
"3411","01",6888
"3411","02",1777
"3411","03",2245
"3411","04",291
"3411","08",405
"3411","55",593
"3411","05",4641
"3411","06",1154
"3411","07",437
"3411","150",30
"3411","122",210
"3411","151",18
"3411","152",46
"3411","123",25
"3411","133",15
"3411","153",31
"3411","10",345
"3411","156",11
"3411","132",50
"3412","01",1556
"3412","02",353
"3412","03",309
"3412","04",99
"3412","08",95
"3412","55",137
"3412","05",1546
"3412","06",209
"3412","07",64
"3412","150",3
"3412","122",55
"3412","151",6
"3412","152",3
"3412","123",12
"3412","133",8
"3412","153",11
"3412","10",37
"3412","156",2
"3412","132",16
"3413","01",4205
"3413","02",880
"3413","03",1145
"3413","04",419
"3413","08",286
"3413","55",449
"3413","05",3505
"3413","06",960
"3413","07",290
"3413","150",8
"3413","122",93
"3413","151",12
"3413","152",13
"3413","123",46
"3413","133",11
"3413","153",29
"3413","10",78
"3413","156",3
"3413","132",29
"3414","01",1113
"3414","02",279
"3414","03",196
"3414","04",27
"3414","08",18
"3414","55",112
"3414","05",901
"3414","06",176
"3414","07",40
"3414","150",2
"3414","122",57
"3414","151",1
"3414","152",4
"3414","123",4
"3414","133",4
"3414","153",8
"3414","10",21
"3414","156",21
"3414","132",20
"3415","01",1451
"3415","02",521
"3415","03",507
"3415","04",23
"3415","08",71
"3415","55",177
"3415","05",1246
"3415","06",250
"3415","07",74
"3415","150",4
"3415","122",67
"3415","151",4
"3415","152",13
"3415","123",7
"3415","133",10
"3415","153",7
"3415","10",55
"3415","156",1
"3415","132",42
"3416","01",1102
"3416","02",411
"3416","03",359
"3416","04",42
"3416","08",45
"3416","55",93
"3416","05",1085
"3416","06",126
"3416","07",59
"3416","150",5
"3416","122",54
"3416","151",1
"3416","152",4
"3416","123",12
"3416","133",4
"3416","153",7
"3416","10",66
"3416","156",0
"3416","132",11
"3417","01",914
"3417","02",303
"3417","03",235
"3417","04",14
"3417","08",30
"3417","55",78
"3417","05",898
"3417","06",101
"3417","07",31
"3417","150",2
"3417","122",45
"3417","151",2
"3417","152",2
"3417","123",1
"3417","133",9
"3417","153",6
"3417","10",29
"3417","156",10
"3417","132",8
"3418","01",1368
"3418","02",501
"3418","03",295
"3418","04",45
"3418","08",37
"3418","55",129
"3418","05",1343
"3418","06",172
"3418","07",47
"3418","150",4
"3418","122",113
"3418","151",5
"3418","152",7
"3418","123",14
"3418","133",2
"3418","153",6
"3418","10",58
"3418","156",4
"3418","132",9
"3419","01",599
"3419","02",209
"3419","03",117
"3419","04",13
"3419","08",16
"3419","55",76
"3419","05",806
"3419","06",111
"3419","07",23
"3419","150",1
"3419","122",44
"3419","151",2
"3419","152",2
"3419","123",8
"3419","133",3
"3419","153",4
"3419","10",75
"3419","156",1
"3419","132",4
"3420","01",3727
"3420","02",1097
"3420","03",1429
"3420","04",93
"3420","08",256
"3420","55",419
"3420","05",3823
"3420","06",800
"3420","07",209
"3420","150",9
"3420","122",160
"3420","151",8
"3420","152",16
"3420","123",11
"3420","133",3
"3420","153",22
"3420","10",167
"3420","156",8
"3420","132",29
"3421","01",1221
"3421","02",309
"3421","03",410
"3421","04",64
"3421","08",47
"3421","55",84
"3421","05",1408
"3421","06",188
"3421","07",57
"3421","150",2
"3421","122",42
"3421","151",0
"3421","152",4
"3421","123",12
"3421","133",8
"3421","153",3
"3421","10",17
"3421","156",1
"3421","132",4
"3422","01",705
"3422","02",210
"3422","03",221
"3422","04",7
"3422","08",38
"3422","55",90
"3422","05",949
"3422","06",134
"3422","07",46
"3422","150",1
"3422","122",64
"3422","151",3
"3422","152",6
"3422","123",3
"3422","133",3
"3422","153",3
"3422","10",12
"3422","156",5
"3422","132",5
"3423","01",437
"3423","02",112
"3423","03",97
"3423","04",3
"3423","08",21
"3423","55",54
"3423","05",517
"3423","06",76
"3423","07",17
"3423","150",3
"3423","122",22
"3423","151",3
"3423","152",5
"3423","123",5
"3423","133",1
"3423","153",2
"3423","10",17
"3423","156",1
"3423","132",0
"3424","01",345
"3424","02",52
"3424","03",56
"3424","04",7
"3424","08",8
"3424","55",34
"3424","05",564
"3424","06",45
"3424","07",5
"3424","150",0
"3424","122",15
"3424","151",0
"3424","152",3
"3424","123",0
"3424","133",0
"3424","153",2
"3424","10",9
"3424","156",1
"3424","132",1
"3425","01",226
"3425","02",53
"3425","03",71
"3425","04",0
"3425","08",18
"3425","55",17
"3425","05",428
"3425","06",26
"3425","07",4
"3425","150",1
"3425","122",4
"3425","151",1
"3425","152",0
"3425","123",0
"3425","133",0
"3425","153",1
"3425","10",4
"3425","156",0
"3425","132",3
"3426","01",234
"3426","02",21
"3426","03",37
"3426","04",5
"3426","08",27
"3426","55",35
"3426","05",450
"3426","06",112
"3426","07",17
"3426","150",0
"3426","122",6
"3426","151",0
"3426","152",1
"3426","123",0
"3426","133",0
"3426","153",0
"3426","10",2
"3426","156",0
"3426","132",0
"3427","01",919
"3427","02",147
"3427","03",212
"3427","04",46
"3427","08",87
"3427","55",84
"3427","05",1492
"3427","06",247
"3427","07",64
"3427","150",2
"3427","122",39
"3427","151",1
"3427","152",5
"3427","123",6
"3427","133",3
"3427","153",9
"3427","10",21
"3427","156",1
"3427","132",5
"3428","01",389
"3428","02",60
"3428","03",124
"3428","04",32
"3428","08",33
"3428","55",32
"3428","05",671
"3428","06",68
"3428","07",24
"3428","150",2
"3428","122",6
"3428","151",0
"3428","152",1
"3428","123",1
"3428","133",5
"3428","153",0
"3428","10",3
"3428","156",0
"3428","132",0
"3429","01",314
"3429","02",47
"3429","03",45
"3429","04",5
"3429","08",7
"3429","55",44
"3429","05",514
"3429","06",52
"3429","07",8
"3429","150",1
"3429","122",4
"3429","151",0
"3429","152",0
"3429","123",2
"3429","133",0
"3429","153",1
"3429","10",8
"3429","156",0
"3429","132",0
"3430","01",348
"3430","02",34
"3430","03",35
"3430","04",22
"3430","08",16
"3430","55",36
"3430","05",580
"3430","06",72
"3430","07",17
"3430","150",2
"3430","122",4
"3430","151",0
"3430","152",1
"3430","123",1
"3430","133",1
"3430","153",1
"3430","10",3
"3430","156",2
"3430","132",0
"3431","01",473
"3431","02",107
"3431","03",108
"3431","04",13
"3431","08",19
"3431","55",33
"3431","05",631
"3431","06",59
"3431","07",17
"3431","150",2
"3431","122",14
"3431","151",0
"3431","152",3
"3431","123",2
"3431","133",4
"3431","153",2
"3431","10",0
"3431","124",2
"3431","132",3
"3432","01",282
"3432","02",77
"3432","03",60
"3432","04",11
"3432","08",11
"3432","55",29
"3432","05",674
"3432","06",34
"3432","07",11
"3432","150",1
"3432","122",6
"3432","151",0
"3432","152",2
"3432","123",3
"3432","133",0
"3432","153",0
"3432","10",2
"3432","124",0
"3432","132",2
"3433","01",326
"3433","02",69
"3433","03",58
"3433","04",5
"3433","08",22
"3433","55",59
"3433","05",711
"3433","06",63
"3433","07",11
"3433","150",0
"3433","122",15
"3433","151",1
"3433","152",6
"3433","123",2
"3433","133",1
"3433","153",3
"3433","10",8
"3433","124",2
"3433","132",2
"3434","01",362
"3434","02",73
"3434","03",62
"3434","04",8
"3434","08",14
"3434","55",37
"3434","05",669
"3434","06",75
"3434","07",7
"3434","150",5
"3434","122",13
"3434","151",0
"3434","152",1
"3434","123",3
"3434","133",0
"3434","153",0
"3434","10",1
"3434","124",1
"3434","132",3
"3435","01",704
"3435","02",174
"3435","03",112
"3435","04",12
"3435","08",28
"3435","55",71
"3435","05",823
"3435","06",148
"3435","07",14
"3435","150",4
"3435","122",34
"3435","151",0
"3435","152",2
"3435","123",2
"3435","133",1
"3435","153",1
"3435","10",9
"3435","124",0
"3435","132",2
"3436","01",1364
"3436","02",261
"3436","03",290
"3436","04",36
"3436","08",23
"3436","55",62
"3436","05",941
"3436","06",83
"3436","07",33
"3436","150",7
"3436","122",32
"3436","151",3
"3436","152",3
"3436","123",6
"3436","133",0
"3436","153",4
"3436","10",7
"3436","124",3
"3436","132",5
"3437","01",1241
"3437","02",254
"3437","03",246
"3437","04",21
"3437","08",41
"3437","55",130
"3437","05",942
"3437","06",167
"3437","07",31
"3437","150",3
"3437","122",39
"3437","151",2
"3437","152",10
"3437","123",8
"3437","133",1
"3437","153",5
"3437","10",9
"3437","124",1
"3437","132",4
"3438","01",634
"3438","02",154
"3438","03",97
"3438","04",7
"3438","08",14
"3438","55",30
"3438","05",684
"3438","06",51
"3438","07",11
"3438","150",2
"3438","122",19
"3438","151",1
"3438","152",1
"3438","123",0
"3438","133",0
"3438","153",1
"3438","10",5
"3438","124",0
"3438","132",4
"3439","01",914
"3439","02",171
"3439","03",175
"3439","04",14
"3439","08",33
"3439","55",68
"3439","05",958
"3439","06",82
"3439","07",30
"3439","150",5
"3439","122",20
"3439","151",7
"3439","152",1
"3439","123",3
"3439","133",1
"3439","153",7
"3439","10",11
"3439","124",0
"3439","132",9
"3440","01",1106
"3440","02",137
"3440","03",260
"3440","04",58
"3440","08",58
"3440","55",78
"3440","05",887
"3440","06",159
"3440","07",49
"3440","150",1
"3440","122",24
"3440","151",1
"3440","152",6
"3440","123",1
"3440","133",1
"3440","153",8
"3440","10",5
"3440","124",3
"3440","132",8
"3441","01",1318
"3441","02",261
"3441","03",219
"3441","04",35
"3441","08",65
"3441","55",110
"3441","05",1261
"3441","06",133
"3441","07",54
"3441","150",1
"3441","122",24
"3441","151",0
"3441","152",1
"3441","123",3
"3441","133",4
"3441","153",7
"3441","10",15
"3441","124",4
"3441","132",2
"3442","01",2987
"3442","02",843
"3442","03",986
"3442","04",148
"3442","08",162
"3442","55",285
"3442","05",2202
"3442","06",377
"3442","07",195
"3442","150",8
"3442","122",84
"3442","151",3
"3442","152",14
"3442","123",11
"3442","133",8
"3442","153",16
"3442","10",63
"3442","124",5
"3442","132",9
"3443","01",2877
"3443","02",863
"3443","03",980
"3443","04",136
"3443","08",127
"3443","55",316
"3443","05",1589
"3443","06",297
"3443","07",178
"3443","150",6
"3443","122",100
"3443","151",6
"3443","152",8
"3443","123",24
"3443","133",15
"3443","153",11
"3443","10",42
"3443","124",1
"3443","132",16
"3446","01",2471
"3446","02",985
"3446","03",1358
"3446","04",116
"3446","08",126
"3446","55",270
"3446","05",1884
"3446","06",328
"3446","07",206
"3446","150",8
"3446","122",66
"3446","151",14
"3446","152",15
"3446","123",19
"3446","133",13
"3446","153",13
"3446","10",48
"3446","124",6
"3446","132",23
"3447","01",1156
"3447","02",288
"3447","03",336
"3447","04",33
"3447","08",54
"3447","55",124
"3447","05",812
"3447","06",181
"3447","07",54
"3447","150",4
"3447","122",44
"3447","151",0
"3447","152",3
"3447","123",5
"3447","133",3
"3447","153",7
"3447","10",15
"3447","124",1
"3447","132",6
"3448","01",1457
"3448","02",350
"3448","03",346
"3448","04",42
"3448","08",39
"3448","55",90
"3448","05",1114
"3448","06",190
"3448","07",50
"3448","150",1
"3448","122",38
"3448","151",0
"3448","152",5
"3448","123",10
"3448","133",1
"3448","153",4
"3448","10",12
"3448","124",1
"3448","132",5
"3449","01",494
"3449","02",209
"3449","03",167
"3449","04",61
"3449","08",27
"3449","55",24
"3449","05",616
"3449","06",52
"3449","07",26
"3449","150",0
"3449","122",22
"3449","151",0
"3449","152",3
"3449","123",3
"3449","133",3
"3449","153",3
"3449","10",5
"3449","124",1
"3449","132",3
"3450","01",184
"3450","02",77
"3450","03",66
"3450","04",22
"3450","08",13
"3450","55",18
"3450","05",303
"3450","06",16
"3450","07",16
"3450","150",0
"3450","122",11
"3450","151",1
"3450","152",0
"3450","123",3
"3450","133",0
"3450","153",3
"3450","10",1
"3450","124",0
"3450","132",1
"3451","01",966
"3451","02",385
"3451","03",533
"3451","04",51
"3451","08",71
"3451","55",84
"3451","05",1155
"3451","06",158
"3451","07",75
"3451","150",8
"3451","122",51
"3451","151",0
"3451","152",3
"3451","123",12
"3451","133",8
"3451","153",5
"3451","10",10
"3451","124",1
"3451","132",7
"3452","01",247
"3452","02",133
"3452","03",134
"3452","04",14
"3452","08",17
"3452","55",37
"3452","05",553
"3452","06",45
"3452","07",22
"3452","150",1
"3452","122",25
"3452","151",0
"3452","152",2
"3452","123",5
"3452","133",0
"3452","153",2
"3452","10",6
"3452","124",0
"3452","132",0
"3453","01",375
"3453","02",143
"3453","03",241
"3453","04",14
"3453","08",38
"3453","55",44
"3453","05",783
"3453","06",101
"3453","07",35
"3453","150",1
"3453","122",34
"3453","151",1
"3453","152",4
"3453","123",4
"3453","133",0
"3453","153",9
"3453","10",2
"3453","124",1
"3453","132",3
"3454","01",206
"3454","02",55
"3454","03",102
"3454","04",4
"3454","08",34
"3454","55",31
"3454","05",390
"3454","06",44
"3454","07",9
"3454","150",0
"3454","122",5
"3454","151",0
"3454","152",0
"3454","123",2
"3454","133",1
"3454","153",2
"3454","10",1
"3454","124",0
"3454","132",0
"3801","01",5026
"3801","02",1653
"3801","03",3317
"3801","04",399
"3801","08",634
"3801","55",972
"3801","05",1109
"3801","06",1174
"3801","07",626
"3801","150",16
"3801","122",193
"3801","151",9
"3801","152",48
"3801","123",44
"3801","133",16
"3801","153",35
"3801","10",72
"3801","124",15
"3801","132",58
"3802","01",3742
"3802","02",1928
"3802","03",3040
"3802","04",455
"3802","08",422
"3802","55",568
"3802","05",2063
"3802","06",727
"3802","07",415
"3802","150",12
"3802","122",239
"3802","151",10
"3802","152",33
"3802","123",49
"3802","133",27
"3802","153",32
"3802","10",72
"3802","124",11
"3802","132",42
"3803","01",8626
"3803","02",3676
"3803","03",8349
"3803","04",1289
"3803","08",1501
"3803","55",1421
"3803","05",3349
"3803","06",2193
"3803","07",1525
"3803","150",20
"3803","122",347
"3803","151",22
"3803","152",75
"3803","123",176
"3803","133",50
"3803","153",87
"3803","10",102
"3803","124",32
"3803","132",78
"3804","01",8602
"3804","02",4481
"3804","03",9469
"3804","04",1296
"3804","08",1204
"3804","55",1351
"3804","05",3208
"3804","06",1937
"3804","07",1438
"3804","150",57
"3804","122",530
"3804","151",17
"3804","152",132
"3804","123",196
"3804","133",54
"3804","153",134
"3804","10",141
"3804","124",39
"3804","132",98
"3805","01",7449
"3805","02",3814
"3805","03",5879
"3805","04",982
"3805","08",838
"3805","55",1053
"3805","05",3006
"3805","06",1548
"3805","07",914
"3805","150",30
"3805","122",329
"3805","151",9
"3805","152",56
"3805","123",141
"3805","133",25
"3805","153",63
"3805","10",117
"3805","124",14
"3805","132",66
"3806","01",6877
"3806","02",2577
"3806","03",3821
"3806","04",735
"3806","08",650
"3806","55",1017
"3806","05",1844
"3806","06",1370
"3806","07",587
"3806","150",17
"3806","122",304
"3806","151",26
"3806","152",213
"3806","123",112
"3806","133",34
"3806","153",36
"3806","10",124
"3806","124",23
"3806","132",49
"3807","01",9597
"3807","02",3860
"3807","03",5409
"3807","04",1509
"3807","08",909
"3807","55",1460
"3807","05",3267
"3807","06",2015
"3807","07",731
"3807","150",35
"3807","122",440
"3807","151",26
"3807","152",162
"3807","123",215
"3807","133",38
"3807","153",81
"3807","10",142
"3807","124",32
"3807","132",59
"3808","01",2311
"3808","02",878
"3808","03",974
"3808","04",355
"3808","08",132
"3808","55",401
"3808","05",1397
"3808","06",367
"3808","07",141
"3808","150",10
"3808","122",95
"3808","151",12
"3808","152",22
"3808","123",65
"3808","133",7
"3808","153",22
"3808","10",18
"3808","124",3
"3808","132",13
"3811","01",4073
"3811","02",1719
"3811","03",4777
"3811","04",440
"3811","08",829
"3811","55",790
"3811","05",1040
"3811","06",1091
"3811","07",853
"3811","150",11
"3811","122",188
"3811","151",4
"3811","152",59
"3811","123",56
"3811","133",26
"3811","153",30
"3811","10",58
"3811","124",14
"3811","132",41
"3812","01",463
"3812","02",177
"3812","03",158
"3812","04",53
"3812","08",36
"3812","55",52
"3812","05",342
"3812","06",47
"3812","07",9
"3812","150",1
"3812","122",23
"3812","151",2
"3812","152",9
"3812","123",7
"3812","133",1
"3812","153",5
"3812","10",4
"3812","124",1
"3812","132",5
"3813","01",2384
"3813","02",1433
"3813","03",1409
"3813","04",444
"3813","08",137
"3813","55",280
"3813","05",1020
"3813","06",331
"3813","07",178
"3813","150",9
"3813","122",105
"3813","151",8
"3813","152",81
"3813","123",74
"3813","133",11
"3813","153",27
"3813","10",31
"3813","124",9
"3813","132",13
"3814","01",1928
"3814","02",699
"3814","03",1025
"3814","04",278
"3814","08",184
"3814","55",400
"3814","05",787
"3814","06",299
"3814","07",165
"3814","150",6
"3814","122",74
"3814","151",1
"3814","152",24
"3814","123",33
"3814","133",3
"3814","153",21
"3814","10",32
"3814","124",3
"3814","132",17
"3815","01",742
"3815","02",283
"3815","03",166
"3815","04",116
"3815","08",45
"3815","55",73
"3815","05",697
"3815","06",111
"3815","07",24
"3815","150",1
"3815","122",33
"3815","151",0
"3815","152",4
"3815","123",14
"3815","133",3
"3815","153",2
"3815","10",0
"3815","124",2
"3815","132",0
"3816","01",1165
"3816","02",385
"3816","03",375
"3816","04",100
"3816","08",100
"3816","55",133
"3816","05",977
"3816","06",184
"3816","07",54
"3816","150",3
"3816","122",60
"3816","151",2
"3816","152",12
"3816","123",29
"3816","133",0
"3816","153",13
"3816","10",15
"3816","124",1
"3816","132",6
"3817","01",1385
"3817","02",675
"3817","03",632
"3817","04",207
"3817","08",252
"3817","55",284
"3817","05",1395
"3817","06",368
"3817","07",143
"3817","150",7
"3817","122",85
"3817","151",4
"3817","152",10
"3817","123",27
"3817","133",5
"3817","153",27
"3817","10",18
"3817","124",2
"3817","132",9
"3818","01",824
"3818","02",313
"3818","03",406
"3818","04",37
"3818","08",74
"3818","55",96
"3818","05",964
"3818","06",376
"3818","07",64
"3818","150",4
"3818","122",33
"3818","151",2
"3818","152",14
"3818","123",4
"3818","133",3
"3818","153",7
"3818","10",20
"3818","124",3
"3818","132",12
"3819","01",238
"3819","02",111
"3819","03",79
"3819","04",53
"3819","08",12
"3819","55",18
"3819","05",377
"3819","06",26
"3819","07",8
"3819","150",1
"3819","122",17
"3819","151",0
"3819","152",2
"3819","123",7
"3819","133",0
"3819","153",1
"3819","10",2
"3819","124",0
"3819","132",1
"3820","01",427
"3820","02",262
"3820","03",228
"3820","04",71
"3820","08",44
"3820","55",50
"3820","05",412
"3820","06",80
"3820","07",24
"3820","150",5
"3820","122",19
"3820","151",2
"3820","152",4
"3820","123",14
"3820","133",3
"3820","153",5
"3820","10",4
"3820","124",3
"3820","132",2
"3821","01",333
"3821","02",166
"3821","03",136
"3821","04",156
"3821","08",34
"3821","55",64
"3821","05",446
"3821","06",52
"3821","07",23
"3821","150",1
"3821","122",34
"3821","151",0
"3821","152",0
"3821","123",6
"3821","133",1
"3821","153",4
"3821","10",1
"3821","124",0
"3821","132",1
"3822","01",206
"3822","02",114
"3822","03",79
"3822","04",102
"3822","08",14
"3822","55",19
"3822","05",266
"3822","06",24
"3822","07",6
"3822","150",3
"3822","122",6
"3822","151",1
"3822","152",1
"3822","123",5
"3822","133",0
"3822","153",4
"3822","10",3
"3822","124",0
"3822","132",3
"3823","01",215
"3823","02",53
"3823","03",41
"3823","04",7
"3823","08",17
"3823","55",25
"3823","05",316
"3823","06",32
"3823","07",5
"3823","150",1
"3823","122",8
"3823","151",0
"3823","152",9
"3823","123",4
"3823","133",1
"3823","153",3
"3823","10",1
"3823","124",3
"3823","132",0
"3824","01",377
"3824","02",90
"3824","03",86
"3824","04",51
"3824","08",44
"3824","55",40
"3824","05",524
"3824","06",52
"3824","07",7
"3824","150",2
"3824","122",12
"3824","151",0
"3824","152",15
"3824","123",6
"3824","133",0
"3824","153",1
"3824","10",1
"3824","124",0
"3824","132",0
"3825","01",411
"3825","02",221
"3825","03",174
"3825","04",53
"3825","08",45
"3825","55",94
"3825","05",932
"3825","06",200
"3825","07",34
"3825","150",1
"3825","122",31
"3825","151",1
"3825","152",14
"3825","123",9
"3825","133",0
"3825","153",4
"3825","10",3
"3825","124",0
"3825","132",3
"4201","01",1188
"4201","02",491
"4201","03",837
"4201","04",172
"4201","08",127
"4201","55",203
"4201","05",456
"4201","06",187
"4201","07",135
"4201","150",6
"4201","122",41
"4201","152",23
"4201","123",22
"4201","133",4
"4201","153",6
"4201","10",21
"4201","124",4
"4201","132",6
"4202","01",2730
"4202","02",1545
"4202","03",2861
"4202","04",1637
"4202","08",514
"4202","55",429
"4202","05",1281
"4202","06",729
"4202","07",494
"4202","150",7
"4202","122",156
"4202","152",48
"4202","123",131
"4202","133",27
"4202","153",60
"4202","10",46
"4202","124",14
"4202","132",34
"4203","01",6970
"4203","02",3718
"4203","03",5172
"4203","04",1399
"4203","08",765
"4203","55",1016
"4203","05",2492
"4203","06",1635
"4203","07",826
"4203","150",21
"4203","122",330
"4203","152",78
"4203","123",177
"4203","133",36
"4203","153",62
"4203","10",185
"4203","124",26
"4203","132",110
"4204","01",13967
"4204","02",6109
"4204","03",14489
"4204","04",8097
"4204","08",2530
"4204","55",2384
"4204","05",4209
"4204","06",4102
"4204","07",2858
"4204","150",35
"4204","122",1844
"4204","151",46
"4204","152",120
"4204","123",451
"4204","133",101
"4204","153",310
"4204","10",367
"4204","124",54
"4204","132",101
"4205","01",2651
"4205","02",2208
"4205","03",2693
"4205","04",1384
"4205","08",361
"4205","55",319
"4205","05",1749
"4205","06",501
"4205","07",419
"4205","150",6
"4205","122",281
"4205","151",7
"4205","152",68
"4205","123",119
"4205","133",15
"4205","153",54
"4205","10",55
"4205","124",4
"4205","132",22
"4206","01",1083
"4206","02",1129
"4206","03",1197
"4206","04",581
"4206","08",84
"4206","55",136
"4206","05",680
"4206","06",207
"4206","07",140
"4206","150",3
"4206","122",120
"4206","151",3
"4206","152",36
"4206","123",66
"4206","133",6
"4206","153",18
"4206","10",12
"4206","124",2
"4206","132",15
"4207","01",776
"4207","02",1205
"4207","03",940
"4207","04",628
"4207","08",82
"4207","55",137
"4207","05",683
"4207","06",206
"4207","07",101
"4207","150",3
"4207","122",74
"4207","151",1
"4207","152",25
"4207","123",27
"4207","133",7
"4207","153",10
"4207","10",11
"4207","124",3
"4207","132",6
"4211","01",345
"4211","02",171
"4211","03",217
"4211","04",80
"4211","08",16
"4211","55",52
"4211","05",368
"4211","06",47
"4211","07",21
"4211","150",1
"4211","122",16
"4211","152",7
"4211","123",6
"4211","133",2
"4211","153",4
"4211","10",5
"4211","124",1
"4211","132",0
"4212","01",327
"4212","02",132
"4212","03",164
"4212","04",196
"4212","08",17
"4212","55",33
"4212","05",335
"4212","06",39
"4212","07",13
"4212","150",1
"4212","122",14
"4212","152",3
"4212","123",12
"4212","133",2
"4212","153",3
"4212","10",2
"4212","124",1
"4212","132",2
"4213","01",869
"4213","02",383
"4213","03",832
"4213","04",174
"4213","08",105
"4213","55",137
"4213","05",559
"4213","06",175
"4213","07",127
"4213","150",2
"4213","122",52
"4213","152",19
"4213","123",13
"4213","133",3
"4213","153",6
"4213","10",12
"4213","124",4
"4213","132",11
"4214","01",690
"4214","02",617
"4214","03",351
"4214","04",365
"4214","08",49
"4214","55",90
"4214","05",732
"4214","06",90
"4214","07",48
"4214","150",1
"4214","122",66
"4214","152",29
"4214","123",87
"4214","133",7
"4214","153",9
"4214","10",8
"4214","124",1
"4214","132",8
"4215","01",1336
"4215","02",698
"4215","03",1626
"4215","04",647
"4215","08",243
"4215","55",240
"4215","05",528
"4215","06",431
"4215","07",302
"4215","150",4
"4215","122",78
"4215","152",18
"4215","123",43
"4215","133",12
"4215","153",52
"4215","10",78
"4215","124",8
"4215","132",11
"4216","01",479
"4216","02",315
"4216","03",532
"4216","04",394
"4216","08",62
"4216","55",65
"4216","05",655
"4216","06",76
"4216","07",60
"4216","150",0
"4216","122",55
"4216","152",21
"4216","123",37
"4216","133",1
"4216","153",17
"4216","10",9
"4216","124",6
"4216","132",4
"4217","01",279
"4217","02",112
"4217","03",78
"4217","04",70
"4217","08",9
"4217","55",53
"4217","05",313
"4217","06",41
"4217","07",20
"4217","150",0
"4217","122",16
"4217","152",10
"4217","123",4
"4217","133",2
"4217","153",2
"4217","10",3
"4217","124",1
"4217","132",0
"4218","01",90
"4218","02",101
"4218","03",74
"4218","04",136
"4218","08",10
"4218","55",23
"4218","05",218
"4218","06",15
"4218","07",11
"4218","150",0
"4218","122",22
"4218","152",7
"4218","123",14
"4218","133",1
"4218","153",2
"4218","10",4
"4218","124",0
"4218","132",0
"4219","01",464
"4219","02",242
"4219","03",271
"4219","04",311
"4219","08",26
"4219","55",46
"4219","05",410
"4219","06",85
"4219","07",33
"4219","150",1
"4219","122",41
"4219","152",6
"4219","123",14
"4219","133",5
"4219","153",5
"4219","10",5
"4219","124",3
"4219","132",3
"4220","01",147
"4220","02",70
"4220","03",89
"4220","04",55
"4220","08",6
"4220","55",35
"4220","05",222
"4220","06",35
"4220","07",9
"4220","150",1
"4220","122",12
"4220","152",6
"4220","123",7
"4220","133",0
"4220","153",2
"4220","10",0
"4220","124",1
"4220","132",1
"4221","01",134
"4221","02",94
"4221","03",105
"4221","04",74
"4221","08",11
"4221","55",17
"4221","05",207
"4221","06",24
"4221","07",12
"4221","150",0
"4221","122",9
"4221","152",3
"4221","123",2
"4221","133",0
"4221","153",0
"4221","10",2
"4221","124",0
"4221","132",0
"4222","01",99
"4222","02",39
"4222","03",96
"4222","04",39
"4222","08",16
"4222","55",17
"4222","05",131
"4222","06",35
"4222","07",25
"4222","150",0
"4222","122",9
"4222","152",1
"4222","123",4
"4222","133",0
"4222","153",0
"4222","10",0
"4222","124",1
"4222","132",0
"4223","01",1658
"4223","02",1095
"4223","03",1127
"4223","04",1731
"4223","08",118
"4223","55",179
"4223","05",1238
"4223","06",327
"4223","07",137
"4223","150",3
"4223","122",184
"4223","151",4
"4223","152",27
"4223","123",138
"4223","133",16
"4223","153",36
"4223","10",22
"4223","124",7
"4223","132",9
"4224","01",92
"4224","02",64
"4224","03",67
"4224","04",81
"4224","08",1
"4224","55",6
"4224","05",205
"4224","06",8
"4224","07",4
"4224","150",0
"4224","122",8
"4224","151",0
"4224","152",0
"4224","123",13
"4224","133",0
"4224","153",0
"4224","10",1
"4224","124",0
"4224","132",2
"4225","01",763
"4225","02",988
"4225","03",1141
"4225","04",1203
"4225","08",72
"4225","55",111
"4225","05",865
"4225","06",142
"4225","07",103
"4225","150",1
"4225","122",86
"4225","151",1
"4225","152",40
"4225","123",75
"4225","133",9
"4225","153",31
"4225","10",14
"4225","124",1
"4225","132",8
"4226","01",78
"4226","02",183
"4226","03",103
"4226","04",277
"4226","08",6
"4226","55",10
"4226","05",301
"4226","06",12
"4226","07",1
"4226","150",0
"4226","122",22
"4226","151",0
"4226","152",2
"4226","123",19
"4226","133",0
"4226","153",3
"4226","10",0
"4226","124",1
"4226","132",1
"4227","01",625
"4227","02",673
"4227","03",446
"4227","04",480
"4227","08",62
"4227","55",53
"4227","05",665
"4227","06",86
"4227","07",48
"4227","150",2
"4227","122",68
"4227","151",0
"4227","152",37
"4227","123",46
"4227","133",8
"4227","153",14
"4227","10",8
"4227","124",6
"4227","132",3
"4228","01",152
"4228","02",167
"4228","03",156
"4228","04",136
"4228","08",14
"4228","55",20
"4228","05",264
"4228","06",24
"4228","07",23
"4228","150",0
"4228","122",22
"4228","151",0
"4228","152",5
"4228","123",15
"4228","133",2
"4228","153",2
"4228","10",2
"4228","124",0
"4228","132",0
"1101","01",1832
"1101","02",1574
"1101","03",1831
"1101","04",650
"1101","08",142
"1101","55",222
"1101","05",1099
"1101","06",341
"1101","07",226
"1101","150",7
"1101","122",81
"1101","151",5
"1101","152",58
"1101","123",28
"1101","133",10
"1101","153",23
"1101","10",37
"1101","124",9
"1101","132",9
"1103","01",19913
"1103","02",9663
"1103","03",21345
"1103","04",3665
"1103","08",2697
"1103","55",4160
"1103","05",4225
"1103","06",5299
"1103","07",3939
"1103","150",72
"1103","122",585
"1103","151",118
"1103","152",361
"1103","123",228
"1103","133",101
"1103","153",287
"1103","10",413
"1103","124",62
"1103","132",154
"1106","01",5285
"1106","02",3262
"1106","03",5230
"1106","04",813
"1106","08",578
"1106","55",786
"1106","05",1162
"1106","06",1180
"1106","07",804
"1106","150",16
"1106","122",260
"1106","151",9
"1106","152",219
"1106","123",80
"1106","133",47
"1106","153",32
"1106","10",213
"1106","124",29
"1106","132",44
"1108","01",9507
"1108","02",7242
"1108","03",9429
"1108","04",3331
"1108","08",1003
"1108","55",1511
"1108","05",3408
"1108","06",2028
"1108","07",1525
"1108","150",36
"1108","122",420
"1108","151",72
"1108","152",228
"1108","123",217
"1108","133",84
"1108","153",241
"1108","10",221
"1108","124",30
"1108","132",83
"1111","01",333
"1111","02",439
"1111","03",331
"1111","04",313
"1111","08",13
"1111","55",58
"1111","05",289
"1111","06",42
"1111","07",34
"1111","150",0
"1111","122",19
"1111","151",2
"1111","152",14
"1111","123",41
"1111","133",3
"1111","153",3
"1111","10",3
"1111","124",4
"1111","132",2
"1112","01",296
"1112","02",335
"1112","03",236
"1112","04",285
"1112","08",27
"1112","55",33
"1112","05",403
"1112","06",27
"1112","07",38
"1112","150",2
"1112","122",29
"1112","151",0
"1112","152",12
"1112","123",35
"1112","133",1
"1112","153",5
"1112","10",5
"1112","124",0
"1112","132",4
"1114","01",177
"1114","02",219
"1114","03",236
"1114","04",253
"1114","08",14
"1114","55",27
"1114","05",571
"1114","06",42
"1114","07",30
"1114","150",1
"1114","122",13
"1114","151",0
"1114","152",7
"1114","123",9
"1114","133",0
"1114","153",4
"1114","10",3
"1114","124",1
"1114","132",4
"1119","01",1397
"1119","02",1992
"1119","03",1734
"1119","04",1706
"1119","08",100
"1119","55",204
"1119","05",2133
"1119","06",258
"1119","07",122
"1119","150",6
"1119","122",103
"1119","151",12
"1119","152",27
"1119","123",125
"1119","133",19
"1119","153",25
"1119","10",40
"1119","124",7
"1119","132",10
"1120","01",1754
"1120","02",2448
"1120","03",2162
"1120","04",1242
"1120","08",134
"1120","55",262
"1120","05",1606
"1120","06",418
"1120","07",206
"1120","150",10
"1120","122",122
"1120","151",12
"1120","152",44
"1120","123",60
"1120","133",16
"1120","153",37
"1120","10",38
"1120","124",6
"1120","132",11
"1121","01",2151
"1121","02",1709
"1121","03",2532
"1121","04",1163
"1121","08",181
"1121","55",229
"1121","05",1656
"1121","06",622
"1121","07",283
"1121","150",7
"1121","122",91
"1121","151",9
"1121","152",42
"1121","123",80
"1121","133",29
"1121","153",29
"1121","10",39
"1121","124",6
"1121","132",16
"1122","01",1403
"1122","02",1125
"1122","03",1129
"1122","04",790
"1122","08",118
"1122","55",172
"1122","05",945
"1122","06",265
"1122","07",113
"1122","150",3
"1122","122",80
"1122","151",7
"1122","152",27
"1122","123",37
"1122","133",20
"1122","153",23
"1122","10",17
"1122","124",0
"1122","132",17
"1124","01",2789
"1124","02",2922
"1124","03",4399
"1124","04",946
"1124","08",273
"1124","55",376
"1124","05",1187
"1124","06",538
"1124","07",519
"1124","150",8
"1124","122",126
"1124","151",32
"1124","152",94
"1124","123",44
"1124","133",25
"1124","153",41
"1124","10",58
"1124","124",7
"1124","132",38
"1127","01",1360
"1127","02",1058
"1127","03",1751
"1127","04",784
"1127","08",117
"1127","55",186
"1127","05",576
"1127","06",244
"1127","07",211
"1127","150",4
"1127","122",44
"1127","151",13
"1127","152",25
"1127","123",24
"1127","133",11
"1127","153",14
"1127","10",25
"1127","124",9
"1127","132",10
"1130","01",1380
"1130","02",1333
"1130","03",1537
"1130","04",1007
"1130","08",106
"1130","55",249
"1130","05",936
"1130","06",251
"1130","07",172
"1130","150",1
"1130","122",92
"1130","151",4
"1130","152",53
"1130","123",86
"1130","133",3
"1130","153",22
"1130","10",20
"1130","124",4
"1130","132",10
"1133","01",211
"1133","02",141
"1133","03",195
"1133","04",168
"1133","08",21
"1133","55",43
"1133","05",503
"1133","06",73
"1133","07",19
"1133","150",1
"1133","122",12
"1133","151",1
"1133","152",8
"1133","123",8
"1133","133",0
"1133","153",8
"1133","10",6
"1133","124",1
"1133","132",4
"1134","01",417
"1134","02",192
"1134","03",226
"1134","04",202
"1134","08",41
"1134","55",102
"1134","05",827
"1134","06",132
"1134","07",39
"1134","150",2
"1134","122",15
"1134","151",1
"1134","152",11
"1134","123",12
"1134","133",3
"1134","153",12
"1134","10",5
"1134","124",1
"1134","132",4
"1135","01",866
"1135","02",264
"1135","03",353
"1135","04",106
"1135","08",48
"1135","55",131
"1135","05",638
"1135","06",163
"1135","07",35
"1135","150",4
"1135","122",29
"1135","151",1
"1135","152",20
"1135","123",16
"1135","133",3
"1135","153",4
"1135","10",6
"1135","124",1
"1135","132",4
"1144","01",88
"1144","02",59
"1144","03",51
"1144","04",76
"1144","08",6
"1144","55",6
"1144","05",35
"1144","06",13
"1144","07",3
"1144","150",1
"1144","122",0
"1144","151",0
"1144","152",0
"1144","123",2
"1144","133",0
"1144","153",0
"1144","10",1
"1144","124",0
"1144","132",0
"1145","01",101
"1145","02",79
"1145","03",108
"1145","04",22
"1145","08",4
"1145","55",8
"1145","05",187
"1145","06",14
"1145","07",4
"1145","150",0
"1145","122",10
"1145","151",0
"1145","152",3
"1145","123",2
"1145","133",1
"1145","153",2
"1145","10",1
"1145","124",0
"1145","132",2
"1146","01",1315
"1146","02",1216
"1146","03",1234
"1146","04",442
"1146","08",102
"1146","55",188
"1146","05",1156
"1146","06",249
"1146","07",151
"1146","150",5
"1146","122",107
"1146","151",3
"1146","152",68
"1146","123",45
"1146","133",8
"1146","153",23
"1146","10",38
"1146","124",3
"1146","132",16
"1149","01",4525
"1149","02",5313
"1149","03",5123
"1149","04",2517
"1149","08",361
"1149","55",573
"1149","05",1991
"1149","06",871
"1149","07",524
"1149","150",24
"1149","122",350
"1149","151",13
"1149","152",302
"1149","123",179
"1149","133",35
"1149","153",62
"1149","10",129
"1149","124",18
"1149","132",54
"1151","01",55
"1151","02",9
"1151","03",22
"1151","04",2
"1151","08",0
"1151","55",1
"1151","05",31
"1151","06",5
"1151","07",4
"1151","150",0
"1151","122",0
"1151","151",0
"1151","152",1
"1151","123",0
"1151","133",0
"1151","153",0
"1151","10",1
"1151","124",0
"1151","132",0
"1160","01",814
"1160","02",788
"1160","03",798
"1160","04",376
"1160","08",66
"1160","55",93
"1160","05",1391
"1160","06",186
"1160","07",105
"1160","150",2
"1160","122",46
"1160","151",2
"1160","152",22
"1160","123",42
"1160","133",5
"1160","153",14
"1160","10",8
"1160","124",4
"1160","132",4
"4601","01",38859
"4601","02",15409
"4601","03",43496
"4601","04",5817
"4601","08",8702
"4601","55",9583
"4601","05",8827
"4601","06",18710
"4601","07",9619
"4601","150",113
"4601","122",1367
"4601","151",266
"4601","154",57
"4601","152",511
"4601","44",37
"4601","123",530
"4601","133",304
"4601","09",46
"4601","153",308
"4601","10",1339
"4601","124",155
"4601","132",265
"4602","01",2447
"4602","02",1374
"4602","03",1774
"4602","04",273
"4602","08",226
"4602","55",585
"4602","05",1457
"4602","06",542
"4602","07",377
"4602","150",9
"4602","122",90
"4602","152",62
"4602","123",51
"4602","133",5
"4602","153",12
"4602","10",29
"4602","132",14
"4611","01",388
"4611","02",434
"4611","03",339
"4611","04",167
"4611","08",28
"4611","55",63
"4611","05",644
"4611","06",76
"4611","07",70
"4611","150",1
"4611","122",18
"4611","151",1
"4611","154",0
"4611","152",30
"4611","44",0
"4611","123",10
"4611","133",4
"4611","09",1
"4611","153",3
"4611","10",4
"4611","124",1
"4611","132",2
"4612","01",559
"4612","02",607
"4612","03",694
"4612","04",202
"4612","08",68
"4612","55",86
"4612","05",594
"4612","06",153
"4612","07",74
"4612","150",8
"4612","122",65
"4612","151",5
"4612","154",0
"4612","152",29
"4612","44",4
"4612","123",24
"4612","133",13
"4612","09",0
"4612","153",6
"4612","10",17
"4612","124",1
"4612","132",9
"4613","01",1301
"4613","02",1241
"4613","03",1522
"4613","04",885
"4613","08",127
"4613","55",149
"4613","05",784
"4613","06",272
"4613","07",163
"4613","150",5
"4613","122",71
"4613","151",6
"4613","154",1
"4613","152",141
"4613","44",1
"4613","123",98
"4613","133",13
"4613","09",0
"4613","153",13
"4613","10",26
"4613","124",3
"4613","132",9
"4614","01",3086
"4614","02",1736
"4614","03",2144
"4614","04",685
"4614","08",220
"4614","55",338
"4614","05",966
"4614","06",711
"4614","07",270
"4614","150",11
"4614","122",132
"4614","151",2
"4614","154",2
"4614","152",85
"4614","44",3
"4614","123",66
"4614","133",15
"4614","09",1
"4614","153",60
"4614","10",52
"4614","124",19
"4614","132",26
"4615","01",300
"4615","02",376
"4615","03",362
"4615","04",281
"4615","08",22
"4615","55",34
"4615","05",300
"4615","06",70
"4615","07",21
"4615","150",2
"4615","122",31
"4615","151",0
"4615","154",1
"4615","152",11
"4615","44",2
"4615","123",15
"4615","133",3
"4615","09",0
"4615","153",9
"4615","10",6
"4615","124",1
"4615","132",1
"4616","01",298
"4616","02",284
"4616","03",454
"4616","04",79
"4616","08",48
"4616","55",45
"4616","05",313
"4616","06",139
"4616","07",31
"4616","150",0
"4616","122",19
"4616","151",0
"4616","154",0
"4616","152",11
"4616","44",0
"4616","123",6
"4616","133",2
"4616","09",0
"4616","153",2
"4616","10",11
"4616","124",4
"4616","132",3
"4617","01",1552
"4617","02",1288
"4617","03",1599
"4617","04",340
"4617","08",165
"4617","55",274
"4617","05",1378
"4617","06",388
"4617","07",119
"4617","150",8
"4617","122",53
"4617","151",2
"4617","154",0
"4617","152",128
"4617","44",3
"4617","123",44
"4617","133",5
"4617","09",1
"4617","153",5
"4617","10",25
"4617","124",3
"4617","132",18
"4618","01",1669
"4618","02",767
"4618","03",876
"4618","04",143
"4618","08",117
"4618","55",375
"4618","05",1893
"4618","06",355
"4618","07",118
"4618","150",3
"4618","122",52
"4618","151",3
"4618","154",0
"4618","152",39
"4618","44",2
"4618","123",23
"4618","133",6
"4618","09",4
"4618","153",7
"4618","10",29
"4618","124",6
"4618","132",5
"4619","01",130
"4619","02",50
"4619","03",93
"4619","04",16
"4619","08",6
"4619","55",16
"4619","05",167
"4619","06",35
"4619","07",5
"4619","150",0
"4619","122",5
"4619","151",1
"4619","154",0
"4619","152",4
"4619","44",0
"4619","123",2
"4619","133",1
"4619","09",0
"4619","153",0
"4619","10",2
"4619","124",0
"4619","132",0
"4620","01",115
"4620","02",43
"4620","03",53
"4620","04",9
"4620","08",20
"4620","55",36
"4620","05",252
"4620","06",66
"4620","07",27
"4620","150",0
"4620","122",2
"4620","151",1
"4620","154",2
"4620","152",0
"4620","44",1
"4620","123",0
"4620","133",0
"4620","09",1
"4620","153",5
"4620","10",0
"4620","124",0
"4620","132",1
"4621","01",2263
"4621","02",626
"4621","03",1173
"4621","04",241
"4621","08",311
"4621","55",391
"4621","05",2942
"4621","06",719
"4621","07",257
"4621","150",6
"4621","122",99
"4621","151",3
"4621","154",1
"4621","152",44
"4621","44",0
"4621","123",23
"4621","133",5
"4621","09",2
"4621","153",24
"4621","10",30
"4621","124",2
"4621","132",11
"4622","01",1029
"4622","02",769
"4622","03",782
"4622","04",360
"4622","08",154
"4622","55",181
"4622","05",1137
"4622","06",322
"4622","07",126
"4622","150",1
"4622","122",33
"4622","151",1
"4622","154",0
"4622","152",61
"4622","44",2
"4622","123",48
"4622","133",4
"4622","09",0
"4622","153",15
"4622","10",17
"4622","124",2
"4622","132",5
"4623","01",374
"4623","02",273
"4623","03",210
"4623","04",93
"4623","08",31
"4623","55",62
"4623","05",285
"4623","06",73
"4623","07",24
"4623","150",0
"4623","122",11
"4623","151",0
"4623","154",0
"4623","152",28
"4623","44",0
"4623","123",12
"4623","133",0
"4623","09",1
"4623","153",6
"4623","10",12
"4623","124",0
"4623","132",1
"4624","01",2770
"4624","02",2867
"4624","03",3458
"4624","04",577
"4624","08",461
"4624","55",428
"4624","05",1651
"4624","06",877
"4624","07",460
"4624","150",4
"4624","122",144
"4624","151",10
"4624","154",1
"4624","152",108
"4624","44",3
"4624","123",50
"4624","133",17
"4624","09",4
"4624","153",18
"4624","10",75
"4624","124",5
"4624","132",12
"4625","01",392
"4625","02",728
"4625","03",1032
"4625","04",184
"4625","08",46
"4625","55",64
"4625","05",201
"4625","06",112
"4625","07",50
"4625","150",1
"4625","122",28
"4625","151",3
"4625","154",1
"4625","152",11
"4625","44",2
"4625","123",23
"4625","133",1
"4625","09",0
"4625","153",0
"4625","10",12
"4625","124",1
"4625","132",1
"4626","01",4124
"4626","02",4101
"4626","03",6001
"4626","04",1709
"4626","08",416
"4626","55",590
"4626","05",1763
"4626","06",1117
"4626","07",547
"4626","150",13
"4626","122",264
"4626","151",48
"4626","154",10
"4626","152",239
"4626","44",13
"4626","123",151
"4626","133",52
"4626","09",13
"4626","153",39
"4626","10",225
"4626","124",21
"4626","132",48
"4627","01",3927
"4627","02",2540
"4627","03",4342
"4627","04",706
"4627","08",466
"4627","55",575
"4627","05",1072
"4627","06",1242
"4627","07",591
"4627","150",9
"4627","122",180
"4627","151",15
"4627","154",4
"4627","152",79
"4627","44",20
"4627","123",52
"4627","133",31
"4627","09",2
"4627","153",15
"4627","10",238
"4627","124",18
"4627","132",27
"4628","01",694
"4628","02",276
"4628","03",320
"4628","04",108
"4628","08",47
"4628","55",105
"4628","05",449
"4628","06",188
"4628","07",29
"4628","150",2
"4628","122",36
"4628","151",1
"4628","154",0
"4628","152",17
"4628","44",2
"4628","123",14
"4628","133",3
"4628","09",1
"4628","153",2
"4628","10",15
"4628","124",2
"4628","132",2
"4629","01",48
"4629","02",12
"4629","03",26
"4629","04",13
"4629","08",10
"4629","55",8
"4629","05",64
"4629","06",10
"4629","07",5
"4629","150",0
"4629","122",4
"4629","151",1
"4629","154",0
"4629","152",2
"4629","44",0
"4629","123",1
"4629","133",1
"4629","09",0
"4629","153",0
"4629","10",0
"4629","124",0
"4629","132",3
"4630","01",993
"4630","02",824
"4630","03",928
"4630","04",304
"4630","08",109
"4630","55",161
"4630","05",774
"4630","06",308
"4630","07",107
"4630","150",1
"4630","122",59
"4630","151",7
"4630","154",0
"4630","152",20
"4630","44",2
"4630","123",32
"4630","133",12
"4630","09",0
"4630","153",11
"4630","10",23
"4630","124",3
"4630","132",5
"4631","01",3375
"4631","02",2621
"4631","03",3617
"4631","04",1615
"4631","08",336
"4631","55",524
"4631","05",2921
"4631","06",875
"4631","07",399
"4631","150",16
"4631","122",173
"4631","151",25
"4631","154",7
"4631","152",109
"4631","44",7
"4631","123",148
"4631","133",28
"4631","09",0
"4631","153",39
"4631","10",122
"4631","124",15
"4631","132",29
"4632","01",392
"4632","02",294
"4632","03",463
"4632","04",85
"4632","08",18
"4632","55",34
"4632","05",248
"4632","06",43
"4632","07",33
"4632","150",0
"4632","122",16
"4632","151",1
"4632","154",0
"4632","152",18
"4632","44",2
"4632","123",6
"4632","133",6
"4632","09",0
"4632","153",4
"4632","10",1
"4632","124",0
"4632","132",3
"4633","01",97
"4633","02",49
"4633","03",84
"4633","04",51
"4633","08",2
"4633","55",4
"4633","05",38
"4633","06",10
"4633","07",6
"4633","150",0
"4633","122",6
"4633","151",0
"4633","154",0
"4633","152",3
"4633","44",0
"4633","123",1
"4633","133",1
"4633","09",0
"4633","153",0
"4633","10",2
"4633","124",0
"4633","132",2
"4634","01",210
"4634","02",137
"4634","03",214
"4634","04",54
"4634","08",10
"4634","55",24
"4634","05",318
"4634","06",30
"4634","07",12
"4634","150",2
"4634","122",8
"4634","151",1
"4634","154",0
"4634","152",10
"4634","44",1
"4634","123",5
"4634","133",0
"4634","09",0
"4634","153",0
"4634","10",3
"4634","124",0
"4634","132",2
"4635","01",265
"4635","02",162
"4635","03",218
"4635","04",66
"4635","08",18
"4635","55",31
"4635","05",498
"4635","06",39
"4635","07",22
"4635","150",0
"4635","122",8
"4635","152",8
"4635","123",4
"4635","133",1
"4635","153",1
"4635","10",6
"4635","132",2
"4636","01",94
"4636","02",33
"4636","03",93
"4636","04",8
"4636","08",10
"4636","55",16
"4636","05",145
"4636","06",18
"4636","07",6
"4636","150",0
"4636","122",4
"4636","152",2
"4636","123",0
"4636","133",1
"4636","153",2
"4636","10",2
"4636","132",1
"4637","01",227
"4637","02",57
"4637","03",74
"4637","04",33
"4637","08",8
"4637","55",35
"4637","05",300
"4637","06",27
"4637","07",8
"4637","150",1
"4637","122",12
"4637","152",6
"4637","123",2
"4637","133",1
"4637","153",0
"4637","10",1
"4637","132",2
"4638","01",846
"4638","02",192
"4638","03",224
"4638","04",44
"4638","08",31
"4638","55",214
"4638","05",609
"4638","06",134
"4638","07",31
"4638","150",6
"4638","122",19
"4638","152",41
"4638","123",5
"4638","133",2
"4638","153",2
"4638","10",10
"4638","132",0
"4639","01",444
"4639","02",91
"4639","03",105
"4639","04",26
"4639","08",11
"4639","55",19
"4639","05",691
"4639","06",57
"4639","07",19
"4639","150",1
"4639","122",8
"4639","152",3
"4639","123",4
"4639","133",0
"4639","153",0
"4639","10",4
"4639","132",0
"4640","01",1811
"4640","02",450
"4640","03",840
"4640","04",318
"4640","08",258
"4640","55",220
"4640","05",2059
"4640","06",606
"4640","07",235
"4640","150",7
"4640","122",37
"4640","152",14
"4640","123",11
"4640","133",1
"4640","153",15
"4640","10",11
"4640","132",13
"4641","01",295
"4641","02",83
"4641","03",142
"4641","04",8
"4641","08",42
"4641","55",43
"4641","05",310
"4641","06",49
"4641","07",26
"4641","150",1
"4641","122",2
"4641","152",4
"4641","123",4
"4641","133",2
"4641","153",2
"4641","10",2
"4641","132",1
"4642","01",371
"4642","02",99
"4642","03",151
"4642","04",8
"4642","08",24
"4642","55",48
"4642","05",428
"4642","06",86
"4642","07",18
"4642","150",0
"4642","122",11
"4642","152",2
"4642","123",1
"4642","133",0
"4642","153",1
"4642","10",1
"4642","132",3
"4643","01",1831
"4643","02",138
"4643","03",227
"4643","04",14
"4643","08",41
"4643","55",112
"4643","05",610
"4643","06",91
"4643","07",39
"4643","150",4
"4643","122",11
"4643","152",12
"4643","123",3
"4643","133",3
"4643","153",6
"4643","10",9
"4643","132",4
"4644","01",929
"4644","02",192
"4644","03",269
"4644","04",157
"4644","08",71
"4644","55",85
"4644","05",1163
"4644","06",137
"4644","07",62
"4644","150",1
"4644","122",16
"4644","152",3
"4644","123",17
"4644","133",0
"4644","153",7
"4644","10",10
"4644","132",2
"4645","01",327
"4645","02",193
"4645","03",255
"4645","04",110
"4645","08",24
"4645","55",48
"4645","05",607
"4645","06",110
"4645","07",51
"4645","150",2
"4645","122",16
"4645","152",4
"4645","123",14
"4645","133",4
"4645","153",5
"4645","10",6
"4645","132",1
"4646","01",359
"4646","02",121
"4646","03",174
"4646","04",46
"4646","08",53
"4646","55",62
"4646","05",527
"4646","06",120
"4646","07",52
"4646","150",0
"4646","122",7
"4646","152",11
"4646","123",1
"4646","133",1
"4646","153",4
"4646","10",6
"4646","132",2
"4647","01",3372
"4647","02",857
"4647","03",2096
"4647","04",524
"4647","08",421
"4647","55",484
"4647","05",3295
"4647","06",961
"4647","07",401
"4647","150",5
"4647","122",78
"4647","152",65
"4647","123",54
"4647","133",15
"4647","153",25
"4647","10",35
"4647","132",21
"4648","01",527
"4648","02",236
"4648","03",285
"4648","04",80
"4648","08",33
"4648","55",123
"4648","05",508
"4648","06",99
"4648","07",64
"4648","150",3
"4648","122",19
"4648","152",15
"4648","123",6
"4648","133",2
"4648","153",6
"4648","10",5
"4648","132",7
"4649","01",910
"4649","02",858
"4649","03",644
"4649","04",281
"4649","08",108
"4649","55",175
"4649","05",1619
"4649","06",252
"4649","07",466
"4649","150",0
"4649","122",51
"4649","152",32
"4649","123",25
"4649","133",3
"4649","153",15
"4649","10",10
"4649","132",7
"4650","01",629
"4650","02",183
"4650","03",289
"4650","04",246
"4650","08",113
"4650","55",93
"4650","05",1516
"4650","06",224
"4650","07",115
"4650","150",0
"4650","122",27
"4650","152",2
"4650","123",22
"4650","133",4
"4650","153",26
"4650","10",12
"4650","132",4
"4651","01",742
"4651","02",452
"4651","03",669
"4651","04",147
"4651","08",50
"4651","55",96
"4651","05",1292
"4651","06",123
"4651","07",143
"4651","150",3
"4651","122",37
"4651","152",7
"4651","123",29
"4651","133",2
"4651","153",12
"4651","10",14
"4651","132",5
"1505","01",3055
"1505","02",2301
"1505","03",857
"1505","04",132
"1505","08",346
"1505","55",1277
"1505","05",3718
"1505","06",891
"1505","07",315
"1505","150",14
"1505","122",167
"1505","151",6
"1505","152",118
"1505","123",20
"1505","133",19
"1505","153",16
"1505","10",70
"1505","132",30
"1506","01",3749
"1506","02",2742
"1506","03",4758
"1506","04",931
"1506","08",765
"1506","55",509
"1506","05",1999
"1506","06",1697
"1506","07",647
"1506","150",8
"1506","122",134
"1506","151",9
"1506","152",63
"1506","123",83
"1506","133",25
"1506","153",43
"1506","10",89
"1506","132",24
"1507","01",7262
"1507","02",9186
"1507","03",6983
"1507","04",2147
"1507","08",1051
"1507","55",1082
"1507","05",3786
"1507","06",2157
"1507","07",1305
"1507","150",28
"1507","122",433
"1507","151",28
"1507","152",209
"1507","123",212
"1507","133",49
"1507","153",88
"1507","10",257
"1507","132",71
"1511","01",277
"1511","02",609
"1511","03",197
"1511","04",106
"1511","08",23
"1511","55",46
"1511","05",411
"1511","06",58
"1511","07",132
"1511","150",0
"1511","122",27
"1511","151",0
"1511","152",24
"1511","123",22
"1511","133",3
"1511","153",2
"1511","10",10
"1511","132",25
"1514","01",227
"1514","02",397
"1514","03",236
"1514","04",54
"1514","08",6
"1514","55",32
"1514","05",234
"1514","06",44
"1514","07",32
"1514","150",1
"1514","122",18
"1514","151",0
"1514","152",15
"1514","123",10
"1514","133",1
"1514","153",1
"1514","10",0
"1514","132",0
"1515","01",763
"1515","02",1560
"1515","03",912
"1515","04",440
"1515","08",59
"1515","55",69
"1515","05",520
"1515","06",155
"1515","07",89
"1515","150",4
"1515","122",78
"1515","151",3
"1515","152",91
"1515","123",48
"1515","133",4
"1515","153",3
"1515","10",20
"1515","132",8
"1516","01",903
"1516","02",1077
"1516","03",1072
"1516","04",375
"1516","08",91
"1516","55",82
"1516","05",587
"1516","06",215
"1516","07",165
"1516","150",3
"1516","122",48
"1516","151",1
"1516","152",54
"1516","123",41
"1516","133",4
"1516","153",18
"1516","10",24
"1516","132",4
"1517","01",538
"1517","02",751
"1517","03",446
"1517","04",137
"1517","08",38
"1517","55",65
"1517","05",377
"1517","06",117
"1517","07",110
"1517","150",7
"1517","122",56
"1517","151",3
"1517","152",33
"1517","123",21
"1517","133",6
"1517","153",6
"1517","10",16
"1517","132",4
"1520","01",1153
"1520","02",1359
"1520","03",722
"1520","04",258
"1520","08",123
"1520","55",166
"1520","05",1647
"1520","06",383
"1520","07",149
"1520","150",4
"1520","122",95
"1520","151",4
"1520","152",49
"1520","123",33
"1520","133",4
"1520","153",15
"1520","10",39
"1520","132",15
"1525","01",400
"1525","02",668
"1525","03",271
"1525","04",123
"1525","08",42
"1525","55",52
"1525","05",610
"1525","06",117
"1525","07",48
"1525","150",5
"1525","122",13
"1525","151",3
"1525","152",9
"1525","123",5
"1525","133",1
"1525","153",2
"1525","10",13
"1525","132",2
"1528","01",749
"1528","02",1214
"1528","03",707
"1528","04",229
"1528","08",61
"1528","55",90
"1528","05",658
"1528","06",218
"1528","07",116
"1528","150",3
"1528","122",49
"1528","151",3
"1528","152",32
"1528","123",27
"1528","133",5
"1528","153",7
"1528","10",16
"1528","132",6
"1531","01",930
"1531","02",1617
"1531","03",820
"1531","04",462
"1531","08",91
"1531","55",98
"1531","05",404
"1531","06",262
"1531","07",101
"1531","150",1
"1531","122",50
"1531","151",2
"1531","152",20
"1531","123",51
"1531","133",10
"1531","153",10
"1531","10",32
"1531","132",6
"1532","01",706
"1532","02",1210
"1532","03",807
"1532","04",738
"1532","08",94
"1532","55",104
"1532","05",459
"1532","06",208
"1532","07",142
"1532","150",2
"1532","122",64
"1532","151",2
"1532","152",33
"1532","123",38
"1532","133",3
"1532","153",14
"1532","10",21
"1532","132",7
"1535","01",549
"1535","02",1227
"1535","03",561
"1535","04",161
"1535","08",58
"1535","55",94
"1535","05",667
"1535","06",405
"1535","07",62
"1535","150",3
"1535","122",40
"1535","151",0
"1535","152",25
"1535","123",12
"1535","133",3
"1535","153",9
"1535","10",27
"1535","132",5
"1539","01",804
"1539","02",857
"1539","03",602
"1539","04",157
"1539","08",140
"1539","55",93
"1539","05",743
"1539","06",308
"1539","07",97
"1539","150",4
"1539","122",57
"1539","151",0
"1539","152",15
"1539","123",10
"1539","133",7
"1539","153",5
"1539","10",23
"1539","132",17
"1547","01",390
"1547","02",185
"1547","03",584
"1547","04",133
"1547","08",39
"1547","55",31
"1547","05",333
"1547","06",94
"1547","07",58
"1547","150",0
"1547","122",32
"1547","151",0
"1547","152",7
"1547","123",9
"1547","133",0
"1547","153",3
"1547","10",9
"1547","132",2
"1554","01",703
"1554","02",755
"1554","03",239
"1554","04",117
"1554","08",54
"1554","55",112
"1554","05",783
"1554","06",146
"1554","07",107
"1554","150",1
"1554","122",67
"1554","151",3
"1554","152",32
"1554","123",13
"1554","133",3
"1554","153",9
"1554","10",13
"1554","132",8
"1557","01",296
"1557","02",244
"1557","03",144
"1557","04",62
"1557","08",18
"1557","55",44
"1557","05",542
"1557","06",94
"1557","07",29
"1557","150",3
"1557","122",15
"1557","151",0
"1557","152",6
"1557","123",7
"1557","133",0
"1557","153",2
"1557","10",12
"1557","132",4
"1560","01",396
"1560","02",323
"1560","03",103
"1560","04",56
"1560","08",53
"1560","55",65
"1560","05",617
"1560","06",89
"1560","07",37
"1560","150",4
"1560","122",27
"1560","151",2
"1560","152",20
"1560","123",1
"1560","133",3
"1560","153",5
"1560","10",5
"1560","132",4
"1563","01",1630
"1563","02",481
"1563","03",351
"1563","04",76
"1563","08",86
"1563","55",126
"1563","05",890
"1563","06",300
"1563","07",116
"1563","150",14
"1563","122",31
"1563","151",1
"1563","152",54
"1563","123",4
"1563","133",3
"1563","153",9
"1563","10",15
"1563","132",4
"1566","01",976
"1566","02",353
"1566","03",258
"1566","04",71
"1566","08",64
"1566","55",84
"1566","05",1343
"1566","06",153
"1566","07",40
"1566","150",0
"1566","122",22
"1566","151",1
"1566","152",12
"1566","123",5
"1566","133",3
"1566","153",8
"1566","10",13
"1566","132",1
"1573","01",252
"1573","02",184
"1573","03",95
"1573","04",27
"1573","08",11
"1573","55",46
"1573","05",485
"1573","06",70
"1573","07",18
"1573","150",1
"1573","122",13
"1573","151",0
"1573","152",8
"1573","123",11
"1573","133",1
"1573","153",2
"1573","10",9
"1573","132",1
"1576","01",428
"1576","02",338
"1576","03",183
"1576","04",58
"1576","08",25
"1576","55",120
"1576","05",757
"1576","06",85
"1576","07",34
"1576","150",1
"1576","122",32
"1576","151",1
"1576","152",26
"1576","123",9
"1576","133",2
"1576","153",2
"1576","10",7
"1576","132",4
"1577","01",1240
"1577","02",944
"1577","03",723
"1577","04",438
"1577","08",238
"1577","55",245
"1577","05",1485
"1577","06",679
"1577","07",244
"1577","150",9
"1577","122",56
"1577","151",4
"1577","152",51
"1577","123",64
"1577","133",3
"1577","153",30
"1577","10",11
"1577","132",7
"1578","01",230
"1578","02",281
"1578","03",194
"1578","04",48
"1578","08",20
"1578","55",37
"1578","05",446
"1578","06",113
"1578","07",16
"1578","150",0
"1578","122",12
"1578","151",0
"1578","152",6
"1578","123",9
"1578","133",2
"1578","153",1
"1578","10",5
"1578","132",4
"1579","01",1322
"1579","02",1883
"1579","03",1298
"1579","04",369
"1579","08",101
"1579","55",164
"1579","05",1437
"1579","06",283
"1579","07",155
"1579","150",6
"1579","122",116
"1579","151",3
"1579","152",84
"1579","123",47
"1579","133",11
"1579","153",15
"1579","10",34
"1579","132",17
"5001","01",36350
"5001","02",8875
"5001","03",21963
"5001","04",2221
"5001","08",7839
"5001","55",8256
"5001","05",9202
"5001","06",13801
"5001","07",6876
"5001","150",124
"5001","122",863
"5001","152",268
"5001","123",158
"5001","133",163
"5001","09",45
"5001","153",308
"5001","10",2186
"5001","124",159
"5001","132",216
"5006","01",4892
"5006","02",930
"5006","03",1267
"5006","04",149
"5006","08",258
"5006","55",652
"5006","05",4147
"5006","06",754
"5006","07",308
"5006","150",21
"5006","122",147
"5006","151",3
"5006","152",56
"5006","123",11
"5006","133",10
"5006","153",7
"5006","10",137
"5006","124",16
"5006","132",27
"5007","01",2923
"5007","02",669
"5007","03",934
"5007","04",229
"5007","08",148
"5007","55",337
"5007","05",2301
"5007","06",520
"5007","07",159
"5007","150",5
"5007","122",74
"5007","151",4
"5007","152",64
"5007","123",25
"5007","133",12
"5007","153",16
"5007","10",49
"5007","124",5
"5007","132",25
"5014","01",636
"5014","02",391
"5014","03",448
"5014","04",36
"5014","08",35
"5014","55",152
"5014","05",341
"5014","06",94
"5014","07",39
"5014","150",0
"5014","122",31
"5014","152",16
"5014","123",1
"5014","133",2
"5014","09",0
"5014","153",5
"5014","10",55
"5014","124",4
"5014","132",2
"5020","01",168
"5020","02",57
"5020","03",40
"5020","04",6
"5020","08",4
"5020","55",15
"5020","05",187
"5020","06",23
"5020","07",12
"5020","150",0
"5020","122",4
"5020","152",5
"5020","123",0
"5020","133",1
"5020","09",0
"5020","153",2
"5020","10",8
"5020","124",2
"5020","132",1
"5021","01",1114
"5021","02",363
"5021","03",557
"5021","04",168
"5021","08",133
"5021","55",100
"5021","05",1197
"5021","06",228
"5021","07",139
"5021","150",7
"5021","122",45
"5021","152",11
"5021","123",16
"5021","133",2
"5021","09",0
"5021","153",6
"5021","10",22
"5021","124",4
"5021","132",4
"5022","01",361
"5022","02",86
"5022","03",120
"5022","04",130
"5022","08",31
"5022","55",40
"5022","05",610
"5022","06",58
"5022","07",21
"5022","150",1
"5022","122",21
"5022","152",5
"5022","123",1
"5022","133",4
"5022","09",0
"5022","153",3
"5022","10",6
"5022","124",1
"5022","132",1
"5025","01",1218
"5025","02",165
"5025","03",414
"5025","04",26
"5025","08",76
"5025","55",183
"5025","05",888
"5025","06",384
"5025","07",77
"5025","150",5
"5025","122",26
"5025","152",16
"5025","123",1
"5025","133",5
"5025","09",1
"5025","153",2
"5025","10",28
"5025","124",1
"5025","132",5
"5026","01",411
"5026","02",76
"5026","03",66
"5026","04",2
"5026","08",7
"5026","55",36
"5026","05",629
"5026","06",49
"5026","07",7
"5026","150",1
"5026","122",25
"5026","152",6
"5026","123",0
"5026","133",0
"5026","09",0
"5026","153",4
"5026","10",13
"5026","124",1
"5026","132",1
"5027","01",928
"5027","02",297
"5027","03",285
"5027","04",112
"5027","08",25
"5027","55",89
"5027","05",1399
"5027","06",128
"5027","07",47
"5027","150",3
"5027","122",44
"5027","152",6
"5027","123",17
"5027","133",1
"5027","09",1
"5027","153",6
"5027","10",47
"5027","124",3
"5027","132",10
"5028","01",2753
"5028","02",1072
"5028","03",1385
"5028","04",427
"5028","08",174
"5028","55",294
"5028","05",2438
"5028","06",476
"5028","07",192
"5028","150",10
"5028","122",95
"5028","152",45
"5028","123",33
"5028","133",10
"5028","09",4
"5028","153",22
"5028","10",160
"5028","124",9
"5028","132",17
"5029","01",1304
"5029","02",507
"5029","03",711
"5029","04",173
"5029","08",93
"5029","55",171
"5029","05",1191
"5029","06",284
"5029","07",136
"5029","150",8
"5029","122",38
"5029","152",16
"5029","123",6
"5029","133",11
"5029","09",2
"5029","153",18
"5029","10",57
"5029","124",2
"5029","132",4
"5031","01",2751
"5031","02",775
"5031","03",1396
"5031","04",158
"5031","08",324
"5031","55",408
"5031","05",975
"5031","06",650
"5031","07",301
"5031","150",9
"5031","122",62
"5031","152",49
"5031","123",7
"5031","133",8
"5031","09",1
"5031","153",15
"5031","10",144
"5031","124",5
"5031","132",19
"5032","01",763
"5032","02",179
"5032","03",299
"5032","04",28
"5032","08",31
"5032","55",87
"5032","05",795
"5032","06",105
"5032","07",31
"5032","150",2
"5032","122",21
"5032","152",10
"5032","123",0
"5032","133",2
"5032","09",1
"5032","153",1
"5032","10",30
"5032","124",0
"5032","132",3
"5033","01",116
"5033","02",41
"5033","03",30
"5033","04",0
"5033","08",7
"5033","55",15
"5033","05",281
"5033","06",14
"5033","07",7
"5033","150",0
"5033","122",5
"5033","152",0
"5033","123",0
"5033","133",0
"5033","09",0
"5033","153",0
"5033","10",8
"5033","124",0
"5033","132",0
"5034","01",449
"5034","02",109
"5034","03",105
"5034","04",10
"5034","08",16
"5034","55",94
"5034","05",397
"5034","06",82
"5034","07",31
"5034","150",0
"5034","122",18
"5034","151",1
"5034","152",3
"5034","123",2
"5034","133",0
"5034","153",2
"5034","10",18
"5034","124",1
"5034","132",4
"5035","01",4656
"5035","02",1401
"5035","03",2031
"5035","04",349
"5035","08",364
"5035","55",584
"5035","05",2845
"5035","06",828
"5035","07",368
"5035","150",17
"5035","122",126
"5035","151",4
"5035","152",78
"5035","123",30
"5035","133",12
"5035","153",33
"5035","10",139
"5035","124",11
"5035","132",28
"5036","01",451
"5036","02",126
"5036","03",262
"5036","04",55
"5036","08",26
"5036","55",39
"5036","05",445
"5036","06",56
"5036","07",43
"5036","150",1
"5036","122",10
"5036","151",1
"5036","152",2
"5036","123",1
"5036","133",5
"5036","153",3
"5036","10",18
"5036","124",2
"5036","132",5
"5037","01",4081
"5037","02",756
"5037","03",1213
"5037","04",501
"5037","08",263
"5037","55",419
"5037","05",2857
"5037","06",818
"5037","07",266
"5037","150",10
"5037","122",89
"5037","151",5
"5037","152",36
"5037","123",36
"5037","133",4
"5037","153",26
"5037","10",99
"5037","124",10
"5037","132",21
"5038","01",3170
"5038","02",647
"5038","03",806
"5038","04",96
"5038","08",113
"5038","55",303
"5038","05",2570
"5038","06",405
"5038","07",108
"5038","150",6
"5038","122",71
"5038","151",0
"5038","152",54
"5038","123",11
"5038","133",9
"5038","153",16
"5038","10",82
"5038","124",4
"5038","132",9
"5041","01",333
"5041","02",40
"5041","03",71
"5041","04",3
"5041","08",18
"5041","55",69
"5041","05",657
"5041","06",76
"5041","07",10
"5041","150",4
"5041","122",17
"5041","151",1
"5041","152",3
"5041","123",1
"5041","133",0
"5041","153",2
"5041","10",4
"5041","124",0
"5041","132",2
"5042","01",243
"5042","02",41
"5042","03",38
"5042","04",14
"5042","08",4
"5042","55",8
"5042","05",379
"5042","06",9
"5042","07",11
"5042","150",0
"5042","122",1
"5042","151",0
"5042","152",1
"5042","123",0
"5042","133",2
"5042","153",0
"5042","10",6
"5042","124",0
"5042","132",2
"5043","01",81
"5043","02",16
"5043","03",15
"5043","04",12
"5043","08",2
"5043","55",5
"5043","05",128
"5043","06",13
"5043","07",3
"5043","150",1
"5043","122",6
"5043","151",0
"5043","152",0
"5043","123",4
"5043","133",0
"5043","153",0
"5043","10",1
"5043","124",0
"5043","132",0
"5044","01",170
"5044","02",40
"5044","03",25
"5044","04",4
"5044","08",6
"5044","55",26
"5044","05",183
"5044","06",19
"5044","07",5
"5044","150",0
"5044","122",12
"5044","151",0
"5044","152",1
"5044","123",1
"5044","133",0
"5044","153",0
"5044","10",2
"5044","124",0
"5044","132",2
"5045","01",398
"5045","02",64
"5045","03",91
"5045","04",11
"5045","08",20
"5045","55",55
"5045","05",616
"5045","06",96
"5045","07",12
"5045","150",4
"5045","122",13
"5045","151",0
"5045","152",3
"5045","123",1
"5045","133",0
"5045","153",4
"5045","10",11
"5045","124",0
"5045","132",1
"5046","01",241
"5046","02",25
"5046","03",22
"5046","04",2
"5046","08",9
"5046","55",4
"5046","05",426
"5046","06",18
"5046","07",5
"5046","150",2
"5046","122",3
"5046","151",0
"5046","152",1
"5046","123",0
"5046","133",1
"5046","153",1
"5046","10",2
"5046","124",0
"5046","132",1
"5047","01",543
"5047","02",135
"5047","03",142
"5047","04",11
"5047","08",24
"5047","55",56
"5047","05",1077
"5047","06",110
"5047","07",18
"5047","150",1
"5047","122",12
"5047","151",1
"5047","152",12
"5047","123",2
"5047","133",0
"5047","153",1
"5047","10",5
"5047","124",1
"5047","132",1
"5049","01",165
"5049","02",82
"5049","03",103
"5049","04",16
"5049","08",11
"5049","55",36
"5049","05",179
"5049","06",57
"5049","07",8
"5049","150",0
"5049","122",10
"5049","151",0
"5049","152",3
"5049","123",2
"5049","133",0
"5049","153",0
"5049","10",4
"5049","124",0
"5049","132",1
"5052","01",96
"5052","02",21
"5052","03",15
"5052","04",1
"5052","08",3
"5052","55",10
"5052","05",171
"5052","06",15
"5052","07",0
"5052","150",4
"5052","122",1
"5052","151",0
"5052","152",0
"5052","123",0
"5052","133",0
"5052","153",1
"5052","10",1
"5052","124",0
"5052","132",2
"5053","01",1376
"5053","02",216
"5053","03",396
"5053","04",109
"5053","08",83
"5053","55",170
"5053","05",1332
"5053","06",320
"5053","07",60
"5053","150",2
"5053","122",40
"5053","151",1
"5053","152",16
"5053","123",29
"5053","133",2
"5053","153",12
"5053","10",36
"5053","124",1
"5053","132",5
"5054","01",1271
"5054","02",711
"5054","03",713
"5054","04",159
"5054","08",102
"5054","55",158
"5054","05",1771
"5054","06",281
"5054","07",79
"5054","150",6
"5054","122",73
"5054","152",33
"5054","123",12
"5054","133",3
"5054","09",0
"5054","153",9
"5054","10",248
"5054","124",4
"5054","132",7
"5055","01",1080
"5055","02",344
"5055","03",396
"5055","04",71
"5055","08",48
"5055","55",112
"5055","05",1129
"5055","06",117
"5055","07",56
"5055","150",3
"5055","122",34
"5055","152",33
"5055","123",5
"5055","133",3
"5055","09",0
"5055","153",4
"5055","10",15
"5055","124",0
"5055","132",5
"5056","01",593
"5056","02",428
"5056","03",445
"5056","04",40
"5056","08",47
"5056","55",146
"5056","05",493
"5056","06",116
"5056","07",39
"5056","150",1
"5056","122",38
"5056","152",12
"5056","123",6
"5056","133",4
"5056","09",0
"5056","153",1
"5056","10",108
"5056","124",1
"5056","132",4
"5057","01",1541
"5057","02",724
"5057","03",931
"5057","04",97
"5057","08",94
"5057","55",209
"5057","05",1368
"5057","06",248
"5057","07",103
"5057","150",10
"5057","122",110
"5057","152",78
"5057","123",5
"5057","133",11
"5057","09",0
"5057","153",11
"5057","10",81
"5057","124",6
"5057","132",10
"5058","01",555
"5058","02",377
"5058","03",323
"5058","04",125
"5058","08",33
"5058","55",83
"5058","05",787
"5058","06",91
"5058","07",40
"5058","150",4
"5058","122",24
"5058","152",10
"5058","123",5
"5058","133",2
"5058","09",0
"5058","153",5
"5058","10",24
"5058","124",4
"5058","132",4
"5059","01",3350
"5059","02",1108
"5059","03",1223
"5059","04",210
"5059","08",144
"5059","55",268
"5059","05",2957
"5059","06",446
"5059","07",221
"5059","150",22
"5059","122",141
"5059","152",33
"5059","123",31
"5059","133",14
"5059","09",8
"5059","153",19
"5059","10",110
"5059","124",6
"5059","132",14
"5060","01",1462
"5060","02",828
"5060","03",585
"5060","04",154
"5060","08",56
"5060","55",168
"5060","05",1379
"5060","06",193
"5060","07",142
"5060","150",1
"5060","122",104
"5060","151",2
"5060","152",26
"5060","123",23
"5060","133",3
"5060","153",5
"5060","10",29
"5060","124",4
"5060","132",9
"5061","01",358
"5061","02",74
"5061","03",92
"5061","04",22
"5061","08",21
"5061","55",30
"5061","05",543
"5061","06",42
"5061","07",12
"5061","150",0
"5061","122",23
"5061","152",6
"5061","123",1
"5061","133",1
"5061","09",0
"5061","153",1
"5061","10",1
"5061","124",0
"5061","132",3
"1804","01",8433
"1804","02",3727
"1804","03",6542
"1804","04",616
"1804","08",1118
"1804","55",1676
"1804","05",3190
"1804","06",2533
"1804","07",1387
"1804","150",13
"1804","122",315
"1804","152",54
"1804","123",57
"1804","133",43
"1804","09",9
"1804","153",38
"1804","10",127
"1804","124",16
"1804","132",86
"1806","01",3641
"1806","02",1662
"1806","03",1845
"1806","04",260
"1806","08",228
"1806","55",544
"1806","05",1988
"1806","06",913
"1806","07",198
"1806","150",9
"1806","122",129
"1806","152",25
"1806","123",12
"1806","133",29
"1806","09",5
"1806","153",10
"1806","10",47
"1806","124",12
"1806","132",30
"1811","01",302
"1811","02",56
"1811","03",71
"1811","04",20
"1811","08",20
"1811","55",35
"1811","05",351
"1811","06",45
"1811","07",13
"1811","150",0
"1811","122",13
"1811","152",0
"1811","123",1
"1811","133",1
"1811","09",0
"1811","153",0
"1811","10",4
"1811","124",1
"1811","132",5
"1812","01",276
"1812","02",99
"1812","03",59
"1812","04",17
"1812","08",7
"1812","55",69
"1812","05",627
"1812","06",64
"1812","07",14
"1812","150",0
"1812","122",5
"1812","152",4
"1812","123",2
"1812","133",1
"1812","09",0
"1812","153",2
"1812","10",3
"1812","124",0
"1812","132",3
"1813","01",1293
"1813","02",526
"1813","03",444
"1813","04",54
"1813","08",80
"1813","55",272
"1813","05",1213
"1813","06",291
"1813","07",81
"1813","150",4
"1813","122",49
"1813","152",49
"1813","123",6
"1813","133",9
"1813","09",3
"1813","153",7
"1813","10",14
"1813","124",3
"1813","132",7
"1815","01",220
"1815","02",78
"1815","03",48
"1815","04",6
"1815","08",13
"1815","55",35
"1815","05",284
"1815","06",45
"1815","07",7
"1815","150",1
"1815","122",6
"1815","152",10
"1815","123",1
"1815","133",0
"1815","09",0
"1815","153",1
"1815","10",6
"1815","124",0
"1815","132",0
"1816","01",79
"1816","02",35
"1816","03",16
"1816","04",6
"1816","08",2
"1816","55",15
"1816","05",123
"1816","06",9
"1816","07",2
"1816","150",0
"1816","122",0
"1816","152",1
"1816","123",0
"1816","133",0
"1816","09",0
"1816","153",0
"1816","10",1
"1816","124",1
"1816","132",0
"1818","01",290
"1818","02",117
"1818","03",116
"1818","04",9
"1818","08",8
"1818","55",32
"1818","05",250
"1818","06",41
"1818","07",3
"1818","150",0
"1818","122",12
"1818","152",11
"1818","123",3
"1818","133",0
"1818","09",1
"1818","153",1
"1818","10",1
"1818","124",0
"1818","132",3
"1820","01",1048
"1820","02",449
"1820","03",385
"1820","04",32
"1820","08",66
"1820","55",299
"1820","05",1261
"1820","06",245
"1820","07",55
"1820","150",6
"1820","122",61
"1820","152",30
"1820","123",4
"1820","133",4
"1820","09",0
"1820","153",4
"1820","10",22
"1820","124",1
"1820","132",10
"1822","01",333
"1822","02",170
"1822","03",60
"1822","04",14
"1822","08",14
"1822","55",78
"1822","05",482
"1822","06",87
"1822","07",4
"1822","150",2
"1822","122",16
"1822","152",7
"1822","123",3
"1822","133",1
"1822","09",0
"1822","153",0
"1822","10",0
"1822","124",1
"1822","132",0
"1824","01",2389
"1824","02",1300
"1824","03",602
"1824","04",102
"1824","08",139
"1824","55",527
"1824","05",1643
"1824","06",428
"1824","07",107
"1824","150",7
"1824","122",110
"1824","152",14
"1824","123",26
"1824","133",11
"1824","09",1
"1824","153",12
"1824","10",22
"1824","124",11
"1824","132",41
"1825","01",287
"1825","02",104
"1825","03",61
"1825","04",7
"1825","08",5
"1825","55",42
"1825","05",291
"1825","06",23
"1825","07",6
"1825","150",0
"1825","122",15
"1825","152",4
"1825","123",1
"1825","133",0
"1825","09",0
"1825","153",3
"1825","10",1
"1825","124",0
"1825","132",0
"1826","01",257
"1826","02",50
"1826","03",33
"1826","04",7
"1826","08",5
"1826","55",33
"1826","05",378
"1826","06",37
"1826","07",3
"1826","150",0
"1826","122",12
"1826","152",2
"1826","123",2
"1826","133",0
"1826","09",0
"1826","153",2
"1826","10",2
"1826","124",0
"1826","132",2
"1827","01",196
"1827","02",82
"1827","03",70
"1827","04",5
"1827","08",10
"1827","55",56
"1827","05",321
"1827","06",59
"1827","07",4
"1827","150",1
"1827","122",8
"1827","152",2
"1827","123",4
"1827","133",1
"1827","09",2
"1827","153",1
"1827","10",2
"1827","124",1
"1827","132",1
"1828","01",235
"1828","02",76
"1828","03",69
"1828","04",19
"1828","08",17
"1828","55",71
"1828","05",361
"1828","06",86
"1828","07",7
"1828","150",1
"1828","122",22
"1828","152",5
"1828","123",0
"1828","133",3
"1828","09",0
"1828","153",2
"1828","10",3
"1828","124",0
"1828","132",3
"1832","01",790
"1832","02",214
"1832","03",321
"1832","04",32
"1832","08",43
"1832","55",195
"1832","05",738
"1832","06",168
"1832","07",38
"1832","150",3
"1832","122",29
"1832","152",13
"1832","123",4
"1832","133",1
"1832","09",1
"1832","153",3
"1832","10",4
"1832","124",5
"1832","132",5
"1833","01",5842
"1833","02",906
"1833","03",2732
"1833","04",176
"1833","08",292
"1833","55",900
"1833","05",2020
"1833","06",1005
"1833","07",354
"1833","150",17
"1833","122",174
"1833","152",97
"1833","123",20
"1833","133",14
"1833","09",0
"1833","153",16
"1833","10",78
"1833","124",18
"1833","132",17
"1834","01",267
"1834","02",153
"1834","03",159
"1834","04",23
"1834","08",15
"1834","55",59
"1834","05",314
"1834","06",49
"1834","07",14
"1834","150",0
"1834","122",13
"1834","152",4
"1834","123",5
"1834","133",3
"1834","09",0
"1834","153",1
"1834","10",5
"1834","124",1
"1834","132",0
"1835","01",45
"1835","02",34
"1835","03",14
"1835","04",9
"1835","08",3
"1835","55",8
"1835","05",92
"1835","06",11
"1835","07",1
"1835","150",0
"1835","122",2
"1835","152",0
"1835","123",0
"1835","133",0
"1835","09",0
"1835","153",0
"1835","10",1
"1835","124",0
"1835","132",2
"1836","01",138
"1836","02",84
"1836","03",67
"1836","04",37
"1836","08",9
"1836","55",32
"1836","05",278
"1836","06",26
"1836","07",8
"1836","150",2
"1836","122",12
"1836","152",3
"1836","123",7
"1836","133",1
"1836","09",0
"1836","153",3
"1836","10",0
"1836","124",1
"1836","132",1
"1837","01",874
"1837","02",525
"1837","03",508
"1837","04",173
"1837","08",40
"1837","55",101
"1837","05",760
"1837","06",170
"1837","07",65
"1837","150",1
"1837","122",74
"1837","152",41
"1837","123",16
"1837","133",6
"1837","09",3
"1837","153",1
"1837","10",21
"1837","124",3
"1837","132",13
"1838","01",283
"1838","02",152
"1838","03",187
"1838","04",39
"1838","08",27
"1838","55",64
"1838","05",257
"1838","06",51
"1838","07",16
"1838","150",0
"1838","122",17
"1838","152",3
"1838","123",13
"1838","133",1
"1838","09",0
"1838","153",2
"1838","10",14
"1838","124",2
"1838","132",4
"1839","01",170
"1839","02",78
"1839","03",53
"1839","04",4
"1839","08",7
"1839","55",18
"1839","05",263
"1839","06",19
"1839","07",5
"1839","150",1
"1839","122",8
"1839","152",1
"1839","123",1
"1839","133",2
"1839","09",0
"1839","153",2
"1839","10",6
"1839","124",2
"1839","132",1
"1840","01",772
"1840","02",386
"1840","03",288
"1840","04",48
"1840","08",29
"1840","55",111
"1840","05",791
"1840","06",135
"1840","07",37
"1840","150",2
"1840","122",17
"1840","152",19
"1840","123",8
"1840","133",4
"1840","09",0
"1840","153",7
"1840","10",19
"1840","124",2
"1840","132",3
"1841","01",1770
"1841","02",824
"1841","03",881
"1841","04",105
"1841","08",93
"1841","55",252
"1841","05",902
"1841","06",348
"1841","07",100
"1841","150",1
"1841","122",76
"1841","152",43
"1841","123",13
"1841","133",6
"1841","09",3
"1841","153",7
"1841","10",56
"1841","124",8
"1841","132",11
"1845","01",373
"1845","02",136
"1845","03",109
"1845","04",17
"1845","08",8
"1845","55",56
"1845","05",328
"1845","06",52
"1845","07",11
"1845","150",2
"1845","122",8
"1845","152",13
"1845","123",1
"1845","133",1
"1845","09",0
"1845","153",3
"1845","10",3
"1845","124",2
"1845","132",2
"1848","01",326
"1848","02",159
"1848","03",138
"1848","04",34
"1848","08",33
"1848","55",73
"1848","05",481
"1848","06",144
"1848","07",34
"1848","150",1
"1848","122",22
"1848","152",3
"1848","123",10
"1848","133",1
"1848","09",0
"1848","153",1
"1848","10",5
"1848","124",1
"1848","132",2
"1851","01",314
"1851","02",238
"1851","03",157
"1851","04",8
"1851","08",16
"1851","55",39
"1851","05",287
"1851","06",80
"1851","07",17
"1851","150",3
"1851","122",12
"1851","152",1
"1851","123",1
"1851","133",1
"1851","09",0
"1851","153",5
"1851","10",5
"1851","124",3
"1851","132",4
"1853","01",236
"1853","02",116
"1853","03",126
"1853","04",31
"1853","08",13
"1853","55",39
"1853","05",173
"1853","06",44
"1853","07",13
"1853","150",0
"1853","122",18
"1853","152",7
"1853","123",1
"1853","133",1
"1853","09",0
"1853","153",0
"1853","10",1
"1853","124",0
"1853","132",5
"1856","01",86
"1856","02",26
"1856","03",50
"1856","04",1
"1856","08",3
"1856","55",15
"1856","05",79
"1856","06",5
"1856","07",10
"1856","150",0
"1856","122",5
"1856","152",0
"1856","123",0
"1856","133",0
"1856","09",0
"1856","153",1
"1856","10",0
"1856","124",0
"1856","132",1
"1857","01",81
"1857","02",48
"1857","03",62
"1857","04",27
"1857","08",2
"1857","55",7
"1857","05",92
"1857","06",10
"1857","07",3
"1857","150",0
"1857","122",11
"1857","152",0
"1857","123",2
"1857","133",0
"1857","09",0
"1857","153",1
"1857","10",1
"1857","124",0
"1857","132",1
"1859","01",156
"1859","02",81
"1859","03",64
"1859","04",14
"1859","08",25
"1859","55",35
"1859","05",198
"1859","06",58
"1859","07",16
"1859","150",0
"1859","122",9
"1859","152",3
"1859","123",3
"1859","133",3
"1859","09",0
"1859","153",0
"1859","10",3
"1859","124",0
"1859","132",2
"1860","01",1371
"1860","02",811
"1860","03",938
"1860","04",303
"1860","08",162
"1860","55",209
"1860","05",1322
"1860","06",475
"1860","07",117
"1860","150",3
"1860","122",147
"1860","152",23
"1860","123",38
"1860","133",5
"1860","09",1
"1860","153",6
"1860","10",17
"1860","124",5
"1860","132",23
"1865","01",1280
"1865","02",532
"1865","03",867
"1865","04",41
"1865","08",182
"1865","55",339
"1865","05",788
"1865","06",447
"1865","07",207
"1865","150",7
"1865","122",89
"1865","152",8
"1865","123",8
"1865","133",9
"1865","09",0
"1865","153",4
"1865","10",17
"1865","124",4
"1865","132",11
"1866","01",1170
"1866","02",527
"1866","03",556
"1866","04",56
"1866","08",106
"1866","55",304
"1866","05",1118
"1866","06",331
"1866","07",101
"1866","150",4
"1866","122",66
"1866","152",25
"1866","123",3
"1866","133",7
"1866","09",3
"1866","153",20
"1866","10",18
"1866","124",3
"1866","132",8
"1867","01",294
"1867","02",236
"1867","03",276
"1867","04",30
"1867","08",14
"1867","55",44
"1867","05",446
"1867","06",109
"1867","07",30
"1867","150",0
"1867","122",23
"1867","152",4
"1867","123",6
"1867","133",0
"1867","09",0
"1867","153",3
"1867","10",1
"1867","124",2
"1867","132",2
"1868","01",545
"1868","02",359
"1868","03",270
"1868","04",76
"1868","08",22
"1868","55",93
"1868","05",574
"1868","06",140
"1868","07",41
"1868","150",2
"1868","122",60
"1868","152",12
"1868","123",8
"1868","133",1
"1868","09",1
"1868","153",15
"1868","10",14
"1868","124",4
"1868","132",4
"1870","01",1246
"1870","02",756
"1870","03",909
"1870","04",88
"1870","08",143
"1870","55",272
"1870","05",1379
"1870","06",456
"1870","07",114
"1870","150",3
"1870","122",86
"1870","152",29
"1870","123",14
"1870","133",2
"1870","09",4
"1870","153",15
"1870","10",19
"1870","124",11
"1870","132",17
"1871","01",425
"1871","02",174
"1871","03",119
"1871","04",40
"1871","08",69
"1871","55",113
"1871","05",1495
"1871","06",217
"1871","07",43
"1871","150",3
"1871","122",27
"1871","152",4
"1871","123",4
"1871","133",2
"1871","09",1
"1871","153",7
"1871","10",13
"1871","124",2
"1871","132",4
"1874","01",103
"1874","02",70
"1874","03",65
"1874","04",10
"1874","08",10
"1874","55",20
"1874","05",126
"1874","06",44
"1874","07",5
"1874","150",0
"1874","122",9
"1874","152",1
"1874","123",2
"1874","133",0
"1874","09",0
"1874","153",1
"1874","10",3
"1874","124",0
"1874","132",3
"1875","01",375
"1875","02",182
"1875","03",195
"1875","04",41
"1875","08",40
"1875","55",91
"1875","05",401
"1875","06",120
"1875","07",51
"1875","150",0
"1875","122",20
"1875","152",2
"1875","123",4
"1875","133",1
"1875","09",0
"1875","153",4
"1875","10",7
"1875","124",0
"1875","132",2
"5401","01",11093
"5401","02",5316
"5401","03",6116
"5401","04",875
"5401","08",1872
"5401","55",2682
"5401","05",5286
"5401","06",6452
"5401","07",1474
"5401","150",31
"5401","122",524
"5401","151",99
"5401","152",107
"5401","123",74
"5401","133",107
"5401","153",100
"5401","124",53
"5401","132",96
"5402","01",4057
"5402","02",2078
"5402","03",2444
"5402","04",237
"5402","08",345
"5402","55",567
"5402","05",2121
"5402","06",1067
"5402","07",365
"5402","150",8
"5402","122",195
"5402","151",12
"5402","152",47
"5402","123",24
"5402","133",8
"5402","153",26
"5402","124",3
"5402","132",49
"5403","01",1385
"5403","02",1646
"5403","03",530
"5403","04",256
"5403","08",332
"5403","55",542
"5403","05",813
"5403","06",422
"5403","07",225
"5403","150",11
"5403","122",132
"5403","152",19
"5403","123",37
"5403","133",21
"5403","153",26
"5403","155",4395
"5403","132",53
"5404","01",391
"5404","02",93
"5404","03",54
"5404","04",6
"5404","08",27
"5404","55",60
"5404","05",301
"5404","06",103
"5404","07",10
"5404","150",0
"5404","122",21
"5404","152",2
"5404","123",4
"5404","133",0
"5404","153",0
"5404","155",3
"5404","132",6
"5405","01",1363
"5405","02",160
"5405","03",243
"5405","04",52
"5405","08",96
"5405","55",194
"5405","05",802
"5405","06",208
"5405","07",41
"5405","150",2
"5405","122",25
"5405","152",16
"5405","123",5
"5405","133",8
"5405","153",8
"5405","155",14
"5405","132",8
"5406","01",2828
"5406","02",505
"5406","03",444
"5406","04",107
"5406","08",119
"5406","55",238
"5406","05",725
"5406","06",406
"5406","07",42
"5406","150",16
"5406","122",134
"5406","152",82
"5406","123",13
"5406","133",12
"5406","153",2
"5406","155",16
"5406","132",14
"5411","01",443
"5411","02",233
"5411","03",193
"5411","04",24
"5411","08",28
"5411","55",63
"5411","05",386
"5411","06",157
"5411","07",44
"5411","150",1
"5411","122",12
"5411","151",0
"5411","152",3
"5411","123",2
"5411","133",0
"5411","153",4
"5411","124",2
"5411","132",3
"5412","01",770
"5412","02",421
"5412","03",395
"5412","04",30
"5412","08",49
"5412","55",71
"5412","05",465
"5412","06",105
"5412","07",28
"5412","150",1
"5412","122",46
"5412","151",0
"5412","152",11
"5412","123",8
"5412","133",1
"5412","153",5
"5412","124",4
"5412","132",25
"5413","01",210
"5413","02",110
"5413","03",132
"5413","04",10
"5413","08",6
"5413","55",21
"5413","05",207
"5413","06",21
"5413","07",9
"5413","150",0
"5413","122",16
"5413","151",0
"5413","152",10
"5413","123",1
"5413","133",0
"5413","153",1
"5413","124",0
"5413","132",2
"5414","01",136
"5414","02",106
"5414","03",47
"5414","04",12
"5414","08",5
"5414","55",23
"5414","05",198
"5414","06",38
"5414","07",4
"5414","150",0
"5414","122",7
"5414","151",0
"5414","152",0
"5414","123",2
"5414","133",0
"5414","153",1
"5414","124",0
"5414","132",1
"5415","01",192
"5415","02",60
"5415","03",68
"5415","04",10
"5415","08",4
"5415","55",19
"5415","05",199
"5415","06",14
"5415","07",3
"5415","150",1
"5415","122",16
"5415","151",0
"5415","152",1
"5415","123",0
"5415","133",1
"5415","153",0
"5415","124",0
"5415","132",1
"5416","01",711
"5416","02",212
"5416","03",286
"5416","04",17
"5416","08",51
"5416","55",53
"5416","05",862
"5416","06",116
"5416","07",53
"5416","150",0
"5416","122",24
"5416","151",0
"5416","152",4
"5416","123",2
"5416","133",5
"5416","153",6
"5416","124",0
"5416","132",0
"5417","01",295
"5417","02",106
"5417","03",85
"5417","04",27
"5417","08",23
"5417","55",49
"5417","05",468
"5417","06",130
"5417","07",10
"5417","150",1
"5417","122",15
"5417","151",0
"5417","152",4
"5417","123",3
"5417","133",1
"5417","153",0
"5417","124",1
"5417","132",1
"5418","01",1213
"5418","02",345
"5418","03",315
"5418","04",32
"5418","08",53
"5418","55",133
"5418","05",1360
"5418","06",216
"5418","07",84
"5418","150",4
"5418","122",53
"5418","151",3
"5418","152",15
"5418","123",7
"5418","133",10
"5418","153",0
"5418","124",2
"5418","132",5
"5419","01",593
"5419","02",280
"5419","03",191
"5419","04",33
"5419","08",17
"5419","55",51
"5419","05",523
"5419","06",136
"5419","07",22
"5419","150",0
"5419","122",33
"5419","151",1
"5419","152",5
"5419","123",3
"5419","133",5
"5419","153",1
"5419","124",1
"5419","132",3
"5420","01",158
"5420","02",113
"5420","03",61
"5420","04",6
"5420","08",7
"5420","55",12
"5420","05",209
"5420","06",65
"5420","07",4
"5420","150",0
"5420","122",31
"5420","151",2
"5420","152",2
"5420","123",6
"5420","133",0
"5420","153",0
"5420","124",0
"5420","132",1
"5421","01",2176
"5421","02",1216
"5421","03",1030
"5421","04",220
"5421","08",123
"5421","55",255
"5421","05",1842
"5421","06",528
"5421","07",97
"5421","150",12
"5421","122",162
"5421","151",3
"5421","152",51
"5421","123",18
"5421","133",17
"5421","153",13
"5421","124",4
"5421","132",17
"5422","01",708
"5422","02",564
"5422","03",275
"5422","04",57
"5422","08",42
"5422","55",111
"5422","05",1016
"5422","06",178
"5422","07",24
"5422","150",2
"5422","122",64
"5422","151",2
"5422","152",19
"5422","123",20
"5422","133",7
"5422","153",1
"5422","124",2
"5422","132",5
"5423","01",306
"5423","02",255
"5423","03",84
"5423","04",6
"5423","08",10
"5423","55",35
"5423","05",330
"5423","06",153
"5423","07",13
"5423","150",0
"5423","122",33
"5423","151",2
"5423","152",1
"5423","123",2
"5423","133",4
"5423","153",4
"5423","124",1
"5423","132",3
"5424","01",437
"5424","02",340
"5424","03",157
"5424","04",90
"5424","08",29
"5424","55",42
"5424","05",376
"5424","06",90
"5424","07",14
"5424","150",0
"5424","122",29
"5424","151",2
"5424","152",6
"5424","123",1
"5424","133",4
"5424","153",2
"5424","124",2
"5424","132",1
"5425","01",259
"5425","02",173
"5425","03",118
"5425","04",21
"5425","08",31
"5425","55",53
"5425","05",351
"5425","06",71
"5425","07",11
"5425","150",4
"5425","122",22
"5425","151",2
"5425","152",4
"5425","123",1
"5425","133",5
"5425","153",5
"5425","124",0
"5425","132",1
"5426","01",305
"5426","02",172
"5426","03",60
"5426","04",73
"5426","08",22
"5426","55",72
"5426","05",331
"5426","06",81
"5426","07",6
"5426","150",0
"5426","122",16
"5426","151",0
"5426","152",4
"5426","123",6
"5426","133",3
"5426","153",0
"5426","124",0
"5426","132",3
"5427","01",305
"5427","02",274
"5427","03",115
"5427","04",123
"5427","08",11
"5427","55",41
"5427","05",347
"5427","06",135
"5427","07",10
"5427","150",1
"5427","122",15
"5427","151",0
"5427","152",5
"5427","123",0
"5427","133",2
"5427","153",3
"5427","124",1
"5427","132",0
"5428","01",620
"5428","02",485
"5428","03",270
"5428","04",133
"5428","08",35
"5428","55",85
"5428","05",668
"5428","06",234
"5428","07",19
"5428","150",0
"5428","122",45
"5428","151",0
"5428","152",18
"5428","123",6
"5428","133",6
"5428","153",1
"5428","124",7
"5428","132",5
"5429","01",181
"5429","02",139
"5429","03",51
"5429","04",26
"5429","08",5
"5429","55",17
"5429","05",153
"5429","06",42
"5429","07",4
"5429","150",0
"5429","122",12
"5429","151",2
"5429","152",2
"5429","123",0
"5429","133",1
"5429","153",2
"5429","124",0
"5429","132",3
"5430","01",200
"5430","02",66
"5430","03",91
"5430","04",38
"5430","08",27
"5430","55",62
"5430","05",422
"5430","06",55
"5430","07",51
"5430","150",0
"5430","122",15
"5430","152",5
"5430","123",18
"5430","133",3
"5430","153",2
"5430","155",426
"5430","132",10
"5432","01",172
"5432","02",74
"5432","03",55
"5432","04",5
"5432","08",9
"5432","55",21
"5432","05",76
"5432","06",29
"5432","07",3
"5432","150",2
"5432","122",16
"5432","152",2
"5432","123",0
"5432","133",3
"5432","153",0
"5432","155",10
"5432","132",0
"5433","01",155
"5433","02",69
"5433","03",28
"5433","04",6
"5433","08",4
"5433","55",21
"5433","05",133
"5433","06",22
"5433","07",4
"5433","150",1
"5433","122",11
"5433","152",1
"5433","123",1
"5433","133",0
"5433","153",1
"5433","155",4
"5433","132",1
"5434","01",240
"5434","02",42
"5434","03",64
"5434","04",3
"5434","08",5
"5434","55",19
"5434","05",151
"5434","06",11
"5434","07",3
"5434","150",0
"5434","122",10
"5434","152",3
"5434","123",0
"5434","133",0
"5434","153",1
"5434","155",3
"5434","132",0
"5435","01",588
"5435","02",162
"5435","03",121
"5435","04",13
"5435","08",25
"5435","55",41
"5435","05",370
"5435","06",169
"5435","07",20
"5435","150",1
"5435","122",52
"5435","152",3
"5435","123",1
"5435","133",2
"5435","153",3
"5435","155",7
"5435","132",1
"5436","01",721
"5436","02",254
"5436","03",240
"5436","04",25
"5436","08",39
"5436","55",122
"5436","05",522
"5436","06",139
"5436","07",27
"5436","150",6
"5436","122",45
"5436","152",12
"5436","123",13
"5436","133",7
"5436","153",4
"5436","155",16
"5436","132",5
"5437","01",447
"5437","02",52
"5437","03",57
"5437","04",23
"5437","08",27
"5437","55",119
"5437","05",546
"5437","06",77
"5437","07",11
"5437","150",1
"5437","122",15
"5437","152",1
"5437","123",7
"5437","133",1
"5437","153",4
"5437","155",22
"5437","132",2
"5438","01",242
"5438","02",77
"5438","03",37
"5438","04",22
"5438","08",6
"5438","55",35
"5438","05",150
"5438","06",47
"5438","07",4
"5438","150",2
"5438","122",14
"5438","152",4
"5438","123",13
"5438","133",2
"5438","153",2
"5438","155",1
"5438","132",1
"5439","01",198
"5439","02",44
"5439","03",13
"5439","04",2
"5439","08",6
"5439","55",25
"5439","05",154
"5439","06",38
"5439","07",2
"5439","150",0
"5439","122",4
"5439","152",3
"5439","123",3
"5439","133",2
"5439","153",0
"5439","155",4
"5439","132",0
"5440","01",204
"5440","02",47
"5440","03",44
"5440","04",1
"5440","08",2
"5440","55",14
"5440","05",90
"5440","06",49
"5440","07",2
"5440","150",2
"5440","122",4
"5440","152",1
"5440","123",0
"5440","133",0
"5440","153",0
"5440","155",1
"5440","132",0
"5441","01",495
"5441","02",199
"5441","03",102
"5441","04",20
"5441","08",34
"5441","55",83
"5441","05",475
"5441","06",84
"5441","07",26
"5441","150",2
"5441","122",63
"5441","152",6
"5441","123",5
"5441","133",5
"5441","153",4
"5441","155",9
"5441","132",4
"5442","01",203
"5442","02",32
"5442","03",41
"5442","04",4
"5442","08",11
"5442","55",35
"5442","05",159
"5442","06",29
"5442","07",6
"5442","150",0
"5442","122",8
"5442","152",2
"5442","123",5
"5442","133",0
"5442","153",1
"5442","155",0
"5442","132",0
"5443","01",334
"5443","02",128
"5443","03",78
"5443","04",4
"5443","08",11
"5443","55",31
"5443","05",229
"5443","06",27
"5443","07",11
"5443","150",2
"5443","122",22
"5443","152",3
"5443","123",1
"5443","133",1
"5443","153",2
"5443","155",3
"5443","132",2
"5444","01",2062
"5444","02",570
"5444","03",422
"5444","04",61
"5444","08",112
"5444","55",297
"5444","05",1039
"5444","06",500
"5444","07",76
"5444","150",2
"5444","122",76
"5444","152",14
"5444","123",12
"5444","133",3
"5444","153",9
"5444","155",16
"5444","132",6
