kom2024,navn,aar,befolkning
0301,Oslo - Oslove,1951,434365
0301,Oslo - Oslove,1952,437184
0301,Oslo - Oslove,1953,440674
0301,Oslo - Oslove,1954,444041
0301,Oslo - Oslove,1955,447064
0301,Oslo - Oslove,1956,451247
0301,Oslo - Oslove,1957,455113
0301,Oslo - Oslove,1958,461591
0301,Oslo - Oslove,1959,465711
0301,Oslo - Oslove,1960,471511
0301,Oslo - Oslove,1961,475663
0301,Oslo - Oslove,1962,480461
0301,Oslo - Oslove,1963,482324
0301,Oslo - Oslove,1964,484711
0301,Oslo - Oslove,1965,483549
0301,Oslo - Oslove,1966,483757
0301,Oslo - Oslove,1967,487524
0301,Oslo - Oslove,1968,488231
0301,Oslo - Oslove,1969,488329
0301,Oslo - Oslove,1970,487363
0301,Oslo - Oslove,1971,481548
0301,Oslo - Oslove,1972,475563
0301,Oslo - Oslove,1973,472609
0301,Oslo - Oslove,1974,468514
0301,Oslo - Oslove,1975,465337
0301,Oslo - Oslove,1976,463022
0301,Oslo - Oslove,1977,462497
0301,Oslo - Oslove,1978,460377
0301,Oslo - Oslove,1979,457446
0301,Oslo - Oslove,1980,454872
0301,Oslo - Oslove,1981,452023
0301,Oslo - Oslove,1982,450386
0301,Oslo - Oslove,1983,448775
0301,Oslo - Oslove,1984,447257
0301,Oslo - Oslove,1985,447351
1101,Eigersund,1951,8613
1101,Eigersund,1952,8710
1101,Eigersund,1953,8805
1101,Eigersund,1954,8873
1101,Eigersund,1955,8889
1101,Eigersund,1956,9012
1101,Eigersund,1957,9094
1101,Eigersund,1958,9122
1101,Eigersund,1959,9172
1101,Eigersund,1960,9216
1101,Eigersund,1961,9128
1101,Eigersund,1962,9240
1101,Eigersund,1963,9264
1101,Eigersund,1964,9353
1101,Eigersund,1965,9416
1101,Eigersund,1966,9673
1101,Eigersund,1967,9723
1101,Eigersund,1968,9919
1101,Eigersund,1969,10088
1101,Eigersund,1970,10195
1101,Eigersund,1971,10453
1101,Eigersund,1972,10553
1101,Eigersund,1973,10757
1101,Eigersund,1974,10877
1101,Eigersund,1975,11193
1101,Eigersund,1976,11376
1101,Eigersund,1977,11507
1101,Eigersund,1978,11613
1101,Eigersund,1979,11694
1101,Eigersund,1980,11762
1101,Eigersund,1981,11864
1101,Eigersund,1982,12014
1101,Eigersund,1983,12084
1101,Eigersund,1984,12164
1101,Eigersund,1985,12126
1103,Stavanger,1951,72553
1103,Stavanger,1952,73467
1103,Stavanger,1953,74519
1103,Stavanger,1954,75384
1103,Stavanger,1955,76465
1103,Stavanger,1956,77389
1103,Stavanger,1957,77996
1103,Stavanger,1958,78973
1103,Stavanger,1959,79656
1103,Stavanger,1960,80418
1103,Stavanger,1961,81109
1103,Stavanger,1962,81882
1103,Stavanger,1963,82493
1103,Stavanger,1964,83136
1103,Stavanger,1965,83413
1103,Stavanger,1966,83808
1103,Stavanger,1967,84497
1103,Stavanger,1968,85462
1103,Stavanger,1969,85435
1103,Stavanger,1970,86442
1103,Stavanger,1971,86480
1103,Stavanger,1972,87049
1103,Stavanger,1973,87837
1103,Stavanger,1974,88894
1103,Stavanger,1975,90136
1103,Stavanger,1976,91239
1103,Stavanger,1977,92036
1103,Stavanger,1978,92796
1103,Stavanger,1979,94468
1103,Stavanger,1980,94886
1103,Stavanger,1981,95742
1103,Stavanger,1982,96133
1103,Stavanger,1983,97158
1103,Stavanger,1984,98084
1103,Stavanger,1985,99421
1106,Haugesund,1951,23865
1106,Haugesund,1952,24104
1106,Haugesund,1953,24482
1106,Haugesund,1954,24861
1106,Haugesund,1955,25183
1106,Haugesund,1956,25689
1106,Haugesund,1957,25936
1106,Haugesund,1958,26446
1106,Haugesund,1959,26758
1106,Haugesund,1960,27015
1106,Haugesund,1961,27165
1106,Haugesund,1962,27163
1106,Haugesund,1963,27166
1106,Haugesund,1964,27063
1106,Haugesund,1965,27173
1106,Haugesund,1966,27055
1106,Haugesund,1967,27247
1106,Haugesund,1968,27285
1106,Haugesund,1969,27545
1106,Haugesund,1970,27391
1106,Haugesund,1971,27219
1106,Haugesund,1972,27300
1106,Haugesund,1973,27366
1106,Haugesund,1974,27283
1106,Haugesund,1975,27375
1106,Haugesund,1976,27365
1106,Haugesund,1977,27214
1106,Haugesund,1978,27220
1106,Haugesund,1979,27081
1106,Haugesund,1980,27114
1106,Haugesund,1981,26997
1106,Haugesund,1982,26982
1106,Haugesund,1983,27030
1106,Haugesund,1984,27042
1106,Haugesund,1985,27014
1108,Sandnes,1951,20729
1108,Sandnes,1952,21320
1108,Sandnes,1953,21860
1108,Sandnes,1954,22650
1108,Sandnes,1955,23293
1108,Sandnes,1956,23736
1108,Sandnes,1957,24375
1108,Sandnes,1958,24888
1108,Sandnes,1959,25385
1108,Sandnes,1960,25849
1108,Sandnes,1961,26485
1108,Sandnes,1962,27133
1108,Sandnes,1963,27683
1108,Sandnes,1964,28116
1108,Sandnes,1965,28363
1108,Sandnes,1966,28840
1108,Sandnes,1967,29500
1108,Sandnes,1968,29978
1108,Sandnes,1969,30565
1108,Sandnes,1970,30965
1108,Sandnes,1971,31602
1108,Sandnes,1972,32412
1108,Sandnes,1973,33143
1108,Sandnes,1974,33789
1108,Sandnes,1975,34372
1108,Sandnes,1976,34832
1108,Sandnes,1977,35446
1108,Sandnes,1978,36081
1108,Sandnes,1979,36401
1108,Sandnes,1980,37229
1108,Sandnes,1981,37874
1108,Sandnes,1982,38384
1108,Sandnes,1983,39060
1108,Sandnes,1984,39938
1108,Sandnes,1985,40640
1111,Sokndal,1951,3234
1111,Sokndal,1952,3296
1111,Sokndal,1953,3284
1111,Sokndal,1954,3328
1111,Sokndal,1955,3333
1111,Sokndal,1956,3335
1111,Sokndal,1957,3425
1111,Sokndal,1958,3465
1111,Sokndal,1959,3573
1111,Sokndal,1960,3608
1111,Sokndal,1961,3578
1111,Sokndal,1962,3566
1111,Sokndal,1963,3513
1111,Sokndal,1964,3477
1111,Sokndal,1965,3435
1111,Sokndal,1966,3372
1111,Sokndal,1967,3486
1111,Sokndal,1968,3517
1111,Sokndal,1969,3553
1111,Sokndal,1970,3554
1111,Sokndal,1971,3480
1111,Sokndal,1972,3475
1111,Sokndal,1973,3457
1111,Sokndal,1974,3437
1111,Sokndal,1975,3476
1111,Sokndal,1976,3437
1111,Sokndal,1977,3408
1111,Sokndal,1978,3404
1111,Sokndal,1979,3450
1111,Sokndal,1980,3420
1111,Sokndal,1981,3440
1111,Sokndal,1982,3457
1111,Sokndal,1983,3498
1111,Sokndal,1984,3510
1111,Sokndal,1985,3509
1112,Lund,1951,2559
1112,Lund,1952,2545
1112,Lund,1953,2579
1112,Lund,1954,2547
1112,Lund,1955,2553
1112,Lund,1956,2542
1112,Lund,1957,2501
1112,Lund,1958,2541
1112,Lund,1959,2536
1112,Lund,1960,2529
1112,Lund,1961,2538
1112,Lund,1962,2540
1112,Lund,1963,2501
1112,Lund,1964,2507
1112,Lund,1965,2500
1112,Lund,1966,2522
1112,Lund,1967,2494
1112,Lund,1968,2524
1112,Lund,1969,2489
1112,Lund,1970,2464
1112,Lund,1971,2463
1112,Lund,1972,2492
1112,Lund,1973,2530
1112,Lund,1974,2606
1112,Lund,1975,2671
1112,Lund,1976,2799
1112,Lund,1977,2834
1112,Lund,1978,2894
1112,Lund,1979,2878
1112,Lund,1980,2929
1112,Lund,1981,2963
1112,Lund,1982,3025
1112,Lund,1983,3050
1112,Lund,1984,3069
1112,Lund,1985,3096
1114,Bjerkreim,1951,1799
1114,Bjerkreim,1952,1807
1114,Bjerkreim,1953,1824
1114,Bjerkreim,1954,1826
1114,Bjerkreim,1955,1842
1114,Bjerkreim,1956,1784
1114,Bjerkreim,1957,1771
1114,Bjerkreim,1958,1795
1114,Bjerkreim,1959,1785
1114,Bjerkreim,1960,1810
1114,Bjerkreim,1961,1817
1114,Bjerkreim,1962,1819
1114,Bjerkreim,1963,1842
1114,Bjerkreim,1964,1853
1114,Bjerkreim,1965,1798
1114,Bjerkreim,1966,1808
1114,Bjerkreim,1967,1873
1114,Bjerkreim,1968,1866
1114,Bjerkreim,1969,1865
1114,Bjerkreim,1970,1878
1114,Bjerkreim,1971,1870
1114,Bjerkreim,1972,1877
1114,Bjerkreim,1973,1913
1114,Bjerkreim,1974,1887
1114,Bjerkreim,1975,1950
1114,Bjerkreim,1976,1953
1114,Bjerkreim,1977,1983
1114,Bjerkreim,1978,2019
1114,Bjerkreim,1979,2050
1114,Bjerkreim,1980,2048
1114,Bjerkreim,1981,2100
1114,Bjerkreim,1982,2152
1114,Bjerkreim,1983,2208
1114,Bjerkreim,1984,2220
1114,Bjerkreim,1985,2272
1119,Hå,1951,7656
1119,Hå,1952,7734
1119,Hå,1953,7843
1119,Hå,1954,7931
1119,Hå,1955,8016
1119,Hå,1956,8099
1119,Hå,1957,8190
1119,Hå,1958,8221
1119,Hå,1959,8373
1119,Hå,1960,8465
1119,Hå,1961,8580
1119,Hå,1962,8668
1119,Hå,1963,8726
1119,Hå,1964,8850
1119,Hå,1965,9004
1119,Hå,1966,9263
1119,Hå,1967,9353
1119,Hå,1968,9470
1119,Hå,1969,9742
1119,Hå,1970,9978
1119,Hå,1971,10607
1119,Hå,1972,10813
1119,Hå,1973,10898
1119,Hå,1974,11046
1119,Hå,1975,11238
1119,Hå,1976,11447
1119,Hå,1977,11589
1119,Hå,1978,11951
1119,Hå,1979,12183
1119,Hå,1980,12290
1119,Hå,1981,12327
1119,Hå,1982,12461
1119,Hå,1983,12602
1119,Hå,1984,12643
1119,Hå,1985,12660
1120,Klepp,1951,4973
1120,Klepp,1952,5048
1120,Klepp,1953,5062
1120,Klepp,1954,5178
1120,Klepp,1955,5240
1120,Klepp,1956,5335
1120,Klepp,1957,5411
1120,Klepp,1958,5453
1120,Klepp,1959,5569
1120,Klepp,1960,5724
1120,Klepp,1961,5980
1120,Klepp,1962,6124
1120,Klepp,1963,6313
1120,Klepp,1964,6489
1120,Klepp,1965,6677
1120,Klepp,1966,7015
1120,Klepp,1967,7342
1120,Klepp,1968,7687
1120,Klepp,1969,8038
1120,Klepp,1970,8547
1120,Klepp,1971,8878
1120,Klepp,1972,9120
1120,Klepp,1973,9376
1120,Klepp,1974,9545
1120,Klepp,1975,9796
1120,Klepp,1976,10136
1120,Klepp,1977,10275
1120,Klepp,1978,10326
1120,Klepp,1979,10551
1120,Klepp,1980,10591
1120,Klepp,1981,10758
1120,Klepp,1982,10907
1120,Klepp,1983,11057
1120,Klepp,1984,11174
1120,Klepp,1985,11289
1121,Time,1951,5206
1121,Time,1952,5291
1121,Time,1953,5347
1121,Time,1954,5434
1121,Time,1955,5479
1121,Time,1956,5647
1121,Time,1957,5758
1121,Time,1958,5863
1121,Time,1959,6017
1121,Time,1960,6081
1121,Time,1961,6235
1121,Time,1962,6496
1121,Time,1963,6616
1121,Time,1964,6815
1121,Time,1965,7038
1121,Time,1966,7222
1121,Time,1967,7513
1121,Time,1968,7725
1121,Time,1969,7847
1121,Time,1970,8013
1121,Time,1971,8124
1121,Time,1972,8427
1121,Time,1973,8646
1121,Time,1974,8773
1121,Time,1975,8922
1121,Time,1976,8911
1121,Time,1977,9164
1121,Time,1978,9467
1121,Time,1979,9745
1121,Time,1980,9970
1121,Time,1981,10132
1121,Time,1982,10448
1121,Time,1983,10678
1121,Time,1984,10930
1121,Time,1985,11013
1122,Gjesdal,1951,3716
1122,Gjesdal,1952,3826
1122,Gjesdal,1953,3794
1122,Gjesdal,1954,3835
1122,Gjesdal,1955,3864
1122,Gjesdal,1956,3795
1122,Gjesdal,1957,3816
1122,Gjesdal,1958,3828
1122,Gjesdal,1959,3839
1122,Gjesdal,1960,3859
1122,Gjesdal,1961,3857
1122,Gjesdal,1962,3930
1122,Gjesdal,1963,3984
1122,Gjesdal,1964,3982
1122,Gjesdal,1965,4051
1122,Gjesdal,1966,4053
1122,Gjesdal,1967,4082
1122,Gjesdal,1968,4192
1122,Gjesdal,1969,4325
1122,Gjesdal,1970,4403
1122,Gjesdal,1971,4442
1122,Gjesdal,1972,4487
1122,Gjesdal,1973,4534
1122,Gjesdal,1974,4585
1122,Gjesdal,1975,4762
1122,Gjesdal,1976,4886
1122,Gjesdal,1977,5008
1122,Gjesdal,1978,5141
1122,Gjesdal,1979,5314
1122,Gjesdal,1980,5516
1122,Gjesdal,1981,5651
1122,Gjesdal,1982,5814
1122,Gjesdal,1983,5958
1122,Gjesdal,1984,6040
1122,Gjesdal,1985,6109
1124,Sola,1951,5025
1124,Sola,1952,5198
1124,Sola,1953,5409
1124,Sola,1954,5533
1124,Sola,1955,5814
1124,Sola,1956,5940
1124,Sola,1957,6147
1124,Sola,1958,6460
1124,Sola,1959,6664
1124,Sola,1960,6880
1124,Sola,1961,7075
1124,Sola,1962,7309
1124,Sola,1963,7629
1124,Sola,1964,7911
1124,Sola,1965,8225
1124,Sola,1966,8394
1124,Sola,1967,8792
1124,Sola,1968,9107
1124,Sola,1969,9506
1124,Sola,1970,9597
1124,Sola,1971,9898
1124,Sola,1972,10256
1124,Sola,1973,10609
1124,Sola,1974,10907
1124,Sola,1975,11162
1124,Sola,1976,11398
1124,Sola,1977,11625
1124,Sola,1978,11815
1124,Sola,1979,11953
1124,Sola,1980,12324
1124,Sola,1981,12673
1124,Sola,1982,13006
1124,Sola,1983,13442
1124,Sola,1984,13973
1124,Sola,1985,14420
1127,Randaberg,1951,2116
1127,Randaberg,1952,2140
1127,Randaberg,1953,2180
1127,Randaberg,1954,2281
1127,Randaberg,1955,2378
1127,Randaberg,1956,2438
1127,Randaberg,1957,2498
1127,Randaberg,1958,2583
1127,Randaberg,1959,2641
1127,Randaberg,1960,2726
1127,Randaberg,1961,2884
1127,Randaberg,1962,2963
1127,Randaberg,1963,3057
1127,Randaberg,1964,3168
1127,Randaberg,1965,3294
1127,Randaberg,1966,3502
1127,Randaberg,1967,3736
1127,Randaberg,1968,3978
1127,Randaberg,1969,4196
1127,Randaberg,1970,4533
1127,Randaberg,1971,4709
1127,Randaberg,1972,4901
1127,Randaberg,1973,5113
1127,Randaberg,1974,5213
1127,Randaberg,1975,5262
1127,Randaberg,1976,5394
1127,Randaberg,1977,5496
1127,Randaberg,1978,5776
1127,Randaberg,1979,5900
1127,Randaberg,1980,6002
1127,Randaberg,1981,6170
1127,Randaberg,1982,6345
1127,Randaberg,1983,6467
1127,Randaberg,1984,6642
1127,Randaberg,1985,6848
1130,Strand,1951,5007
1130,Strand,1952,5116
1130,Strand,1953,5224
1130,Strand,1954,5324
1130,Strand,1955,5364
1130,Strand,1956,5387
1130,Strand,1957,5488
1130,Strand,1958,5585
1130,Strand,1959,5684
1130,Strand,1960,5805
1130,Strand,1961,6014
1130,Strand,1962,6114
1130,Strand,1963,6195
1130,Strand,1964,6279
1130,Strand,1965,6402
1130,Strand,1966,6510
1130,Strand,1967,6618
1130,Strand,1968,6723
1130,Strand,1969,6709
1130,Strand,1970,6882
1130,Strand,1971,6956
1130,Strand,1972,7057
1130,Strand,1973,7184
1130,Strand,1974,7269
1130,Strand,1975,7422
1130,Strand,1976,7613
1130,Strand,1977,7784
1130,Strand,1978,7974
1130,Strand,1979,8163
1130,Strand,1980,8335
1130,Strand,1981,8472
1130,Strand,1982,8634
1130,Strand,1983,8799
1130,Strand,1984,8926
1130,Strand,1985,8990
1133,Hjelmeland,1951,3383
1133,Hjelmeland,1952,3349
1133,Hjelmeland,1953,3266
1133,Hjelmeland,1954,3210
1133,Hjelmeland,1955,3202
1133,Hjelmeland,1956,3141
1133,Hjelmeland,1957,3134
1133,Hjelmeland,1958,3101
1133,Hjelmeland,1959,3118
1133,Hjelmeland,1960,3068
1133,Hjelmeland,1961,3007
1133,Hjelmeland,1962,2995
1133,Hjelmeland,1963,2984
1133,Hjelmeland,1964,2941
1133,Hjelmeland,1965,2909
1133,Hjelmeland,1966,2875
1133,Hjelmeland,1967,2834
1133,Hjelmeland,1968,2791
1133,Hjelmeland,1969,2768
1133,Hjelmeland,1970,2688
1133,Hjelmeland,1971,2639
1133,Hjelmeland,1972,2603
1133,Hjelmeland,1973,2585
1133,Hjelmeland,1974,2577
1133,Hjelmeland,1975,2586
1133,Hjelmeland,1976,2639
1133,Hjelmeland,1977,2671
1133,Hjelmeland,1978,2737
1133,Hjelmeland,1979,2757
1133,Hjelmeland,1980,2766
1133,Hjelmeland,1981,2758
1133,Hjelmeland,1982,2810
1133,Hjelmeland,1983,2841
1133,Hjelmeland,1984,2849
1133,Hjelmeland,1985,2848
1134,Suldal,1951,4550
1134,Suldal,1952,4433
1134,Suldal,1953,4404
1134,Suldal,1954,4397
1134,Suldal,1955,4337
1134,Suldal,1956,4316
1134,Suldal,1957,4247
1134,Suldal,1958,4192
1134,Suldal,1959,4177
1134,Suldal,1960,4124
1134,Suldal,1961,4044
1134,Suldal,1962,4005
1134,Suldal,1963,4000
1134,Suldal,1964,4132
1134,Suldal,1965,4146
1134,Suldal,1966,4147
1134,Suldal,1967,4142
1134,Suldal,1968,3998
1134,Suldal,1969,3860
1134,Suldal,1970,3778
1134,Suldal,1971,3648
1134,Suldal,1972,3669
1134,Suldal,1973,3667
1134,Suldal,1974,3650
1134,Suldal,1975,3797
1134,Suldal,1976,3922
1134,Suldal,1977,4148
1134,Suldal,1978,4292
1134,Suldal,1979,4479
1134,Suldal,1980,4570
1134,Suldal,1981,4565
1134,Suldal,1982,4582
1134,Suldal,1983,4542
1134,Suldal,1984,4544
1134,Suldal,1985,4475
1135,Sauda,1951,5348
1135,Sauda,1952,5425
1135,Sauda,1953,5567
1135,Sauda,1954,5660
1135,Sauda,1955,5622
1135,Sauda,1956,5662
1135,Sauda,1957,5848
1135,Sauda,1958,5927
1135,Sauda,1959,6005
1135,Sauda,1960,6110
1135,Sauda,1961,6263
1135,Sauda,1962,6283
1135,Sauda,1963,6155
1135,Sauda,1964,6157
1135,Sauda,1965,6142
1135,Sauda,1966,6102
1135,Sauda,1967,6154
1135,Sauda,1968,6093
1135,Sauda,1969,6027
1135,Sauda,1970,5948
1135,Sauda,1971,5886
1135,Sauda,1972,5904
1135,Sauda,1973,5848
1135,Sauda,1974,5833
1135,Sauda,1975,5799
1135,Sauda,1976,5783
1135,Sauda,1977,5764
1135,Sauda,1978,5757
1135,Sauda,1979,5713
1135,Sauda,1980,5712
1135,Sauda,1981,5637
1135,Sauda,1982,5519
1135,Sauda,1983,5514
1135,Sauda,1984,5498
1135,Sauda,1985,5477
1144,Kvitsøy,1951,676
1144,Kvitsøy,1952,673
1144,Kvitsøy,1953,669
1144,Kvitsøy,1954,672
1144,Kvitsøy,1955,675
1144,Kvitsøy,1956,678
1144,Kvitsøy,1957,668
1144,Kvitsøy,1958,672
1144,Kvitsøy,1959,667
1144,Kvitsøy,1960,670
1144,Kvitsøy,1961,672
1144,Kvitsøy,1962,672
1144,Kvitsøy,1963,682
1144,Kvitsøy,1964,683
1144,Kvitsøy,1965,683
1144,Kvitsøy,1966,664
1144,Kvitsøy,1967,661
1144,Kvitsøy,1968,649
1144,Kvitsøy,1969,658
1144,Kvitsøy,1970,635
1144,Kvitsøy,1971,605
1144,Kvitsøy,1972,593
1144,Kvitsøy,1973,573
1144,Kvitsøy,1974,555
1144,Kvitsøy,1975,536
1144,Kvitsøy,1976,529
1144,Kvitsøy,1977,531
1144,Kvitsøy,1978,544
1144,Kvitsøy,1979,548
1144,Kvitsøy,1980,555
1144,Kvitsøy,1981,544
1144,Kvitsøy,1982,554
1144,Kvitsøy,1983,539
1144,Kvitsøy,1984,540
1144,Kvitsøy,1985,531
1145,Bokn,1951,790
1145,Bokn,1952,777
1145,Bokn,1953,778
1145,Bokn,1954,777
1145,Bokn,1955,788
1145,Bokn,1956,818
1145,Bokn,1957,812
1145,Bokn,1958,827
1145,Bokn,1959,834
1145,Bokn,1960,834
1145,Bokn,1961,822
1145,Bokn,1962,820
1145,Bokn,1963,820
1145,Bokn,1964,801
1145,Bokn,1965,793
1145,Bokn,1966,777
1145,Bokn,1967,774
1145,Bokn,1968,746
1145,Bokn,1969,743
1145,Bokn,1970,759
1145,Bokn,1971,751
1145,Bokn,1972,726
1145,Bokn,1973,709
1145,Bokn,1974,713
1145,Bokn,1975,706
1145,Bokn,1976,700
1145,Bokn,1977,714
1145,Bokn,1978,716
1145,Bokn,1979,725
1145,Bokn,1980,725
1145,Bokn,1981,716
1145,Bokn,1982,720
1145,Bokn,1983,719
1145,Bokn,1984,733
1145,Bokn,1985,743
1146,Tysvær,1951,5277
1146,Tysvær,1952,5267
1146,Tysvær,1953,5251
1146,Tysvær,1954,5244
1146,Tysvær,1955,5223
1146,Tysvær,1956,5239
1146,Tysvær,1957,5270
1146,Tysvær,1958,5233
1146,Tysvær,1959,5245
1146,Tysvær,1960,5189
1146,Tysvær,1961,5197
1146,Tysvær,1962,5231
1146,Tysvær,1963,5198
1146,Tysvær,1964,5182
1146,Tysvær,1965,5207
1146,Tysvær,1966,5281
1146,Tysvær,1967,5443
1146,Tysvær,1968,5482
1146,Tysvær,1969,5525
1146,Tysvær,1970,5483
1146,Tysvær,1971,5601
1146,Tysvær,1972,5766
1146,Tysvær,1973,5971
1146,Tysvær,1974,6209
1146,Tysvær,1975,6385
1146,Tysvær,1976,6468
1146,Tysvær,1977,6566
1146,Tysvær,1978,6632
1146,Tysvær,1979,6812
1146,Tysvær,1980,6902
1146,Tysvær,1981,6967
1146,Tysvær,1982,7023
1146,Tysvær,1983,7105
1146,Tysvær,1984,7395
1146,Tysvær,1985,7638
1149,Karmøy,1951,19322
1149,Karmøy,1952,19588
1149,Karmøy,1953,19888
1149,Karmøy,1954,20162
1149,Karmøy,1955,20517
1149,Karmøy,1956,20760
1149,Karmøy,1957,21037
1149,Karmøy,1958,21267
1149,Karmøy,1959,21516
1149,Karmøy,1960,21600
1149,Karmøy,1961,21632
1149,Karmøy,1962,21858
1149,Karmøy,1963,22264
1149,Karmøy,1964,22705
1149,Karmøy,1965,23217
1149,Karmøy,1966,24202
1149,Karmøy,1967,25054
1149,Karmøy,1968,25930
1149,Karmøy,1969,26533
1149,Karmøy,1970,27307
1149,Karmøy,1971,27637
1149,Karmøy,1972,28248
1149,Karmøy,1973,28610
1149,Karmøy,1974,29056
1149,Karmøy,1975,29448
1149,Karmøy,1976,29958
1149,Karmøy,1977,30463
1149,Karmøy,1978,30934
1149,Karmøy,1979,31434
1149,Karmøy,1980,31717
1149,Karmøy,1981,32085
1149,Karmøy,1982,32634
1149,Karmøy,1983,33057
1149,Karmøy,1984,33452
1149,Karmøy,1985,33888
1151,Utsira,1951,428
1151,Utsira,1952,422
1151,Utsira,1953,394
1151,Utsira,1954,395
1151,Utsira,1955,394
1151,Utsira,1956,405
1151,Utsira,1957,391
1151,Utsira,1958,369
1151,Utsira,1959,388
1151,Utsira,1960,394
1151,Utsira,1961,397
1151,Utsira,1962,390
1151,Utsira,1963,381
1151,Utsira,1964,377
1151,Utsira,1965,374
1151,Utsira,1966,349
1151,Utsira,1967,357
1151,Utsira,1968,353
1151,Utsira,1969,351
1151,Utsira,1970,320
1151,Utsira,1971,304
1151,Utsira,1972,299
1151,Utsira,1973,291
1151,Utsira,1974,287
1151,Utsira,1975,291
1151,Utsira,1976,286
1151,Utsira,1977,283
1151,Utsira,1978,282
1151,Utsira,1979,271
1151,Utsira,1980,265
1151,Utsira,1981,263
1151,Utsira,1982,274
1151,Utsira,1983,263
1151,Utsira,1984,269
1151,Utsira,1985,251
1160,Vindafjord,1951,7447
1160,Vindafjord,1952,7443
1160,Vindafjord,1953,7445
1160,Vindafjord,1954,7448
1160,Vindafjord,1955,7386
1160,Vindafjord,1956,7398
1160,Vindafjord,1957,7374
1160,Vindafjord,1958,7336
1160,Vindafjord,1959,7296
1160,Vindafjord,1960,7314
1160,Vindafjord,1961,7315
1160,Vindafjord,1962,7336
1160,Vindafjord,1963,7343
1160,Vindafjord,1964,7314
1160,Vindafjord,1965,7356
1160,Vindafjord,1966,7366
1160,Vindafjord,1967,7281
1160,Vindafjord,1968,7263
1160,Vindafjord,1969,7264
1160,Vindafjord,1970,7289
1160,Vindafjord,1971,7157
1160,Vindafjord,1972,7179
1160,Vindafjord,1973,7186
1160,Vindafjord,1974,7270
1160,Vindafjord,1975,7288
1160,Vindafjord,1976,7401
1160,Vindafjord,1977,7424
1160,Vindafjord,1978,7556
1160,Vindafjord,1979,7635
1160,Vindafjord,1980,7731
1160,Vindafjord,1981,7815
1160,Vindafjord,1982,7889
1160,Vindafjord,1983,7913
1160,Vindafjord,1984,7971
1160,Vindafjord,1985,7997
1505,Kristiansund,1951,18482
1505,Kristiansund,1952,18863
1505,Kristiansund,1953,19292
1505,Kristiansund,1954,19633
1505,Kristiansund,1955,19892
1505,Kristiansund,1956,19978
1505,Kristiansund,1957,20386
1505,Kristiansund,1958,20617
1505,Kristiansund,1959,20799
1505,Kristiansund,1960,20885
1505,Kristiansund,1961,20962
1505,Kristiansund,1962,20958
1505,Kristiansund,1963,20906
1505,Kristiansund,1964,20711
1505,Kristiansund,1965,20637
1505,Kristiansund,1966,20769
1505,Kristiansund,1967,20873
1505,Kristiansund,1968,21008
1505,Kristiansund,1969,21107
1505,Kristiansund,1970,21219
1505,Kristiansund,1971,21107
1505,Kristiansund,1972,21290
1505,Kristiansund,1973,21629
1505,Kristiansund,1974,21966
1505,Kristiansund,1975,22180
1505,Kristiansund,1976,22167
1505,Kristiansund,1977,22202
1505,Kristiansund,1978,22239
1505,Kristiansund,1979,22291
1505,Kristiansund,1980,22316
1505,Kristiansund,1981,22132
1505,Kristiansund,1982,22109
1505,Kristiansund,1983,22144
1505,Kristiansund,1984,22142
1505,Kristiansund,1985,22145
1506,Molde,1951,18404
1506,Molde,1952,18956
1506,Molde,1953,19394
1506,Molde,1954,19880
1506,Molde,1955,20340
1506,Molde,1956,20687
1506,Molde,1957,21153
1506,Molde,1958,21596
1506,Molde,1959,21799
1506,Molde,1960,22196
1506,Molde,1961,22414
1506,Molde,1962,22693
1506,Molde,1963,22876
1506,Molde,1964,23016
1506,Molde,1965,23323
1506,Molde,1966,23521
1506,Molde,1967,23739
1506,Molde,1968,23879
1506,Molde,1969,24248
1506,Molde,1970,24627
1506,Molde,1971,25005
1506,Molde,1972,25374
1506,Molde,1973,25677
1506,Molde,1974,25837
1506,Molde,1975,25883
1506,Molde,1976,26062
1506,Molde,1977,26301
1506,Molde,1978,26423
1506,Molde,1979,26536
1506,Molde,1980,26589
1506,Molde,1981,26577
1506,Molde,1982,26521
1506,Molde,1983,26626
1506,Molde,1984,26702
1506,Molde,1985,26852
1508,Ålesund,1951,31510
1508,Ålesund,1952,32110
1508,Ålesund,1953,32588
1508,Ålesund,1954,32956
1508,Ålesund,1955,33495
1508,Ålesund,1956,33998
1508,Ålesund,1957,34591
1508,Ålesund,1958,35026
1508,Ålesund,1959,35540
1508,Ålesund,1960,35990
1508,Ålesund,1961,36580
1508,Ålesund,1962,37022
1508,Ålesund,1963,37271
1508,Ålesund,1964,37726
1508,Ålesund,1965,37363
1508,Ålesund,1966,37682
1508,Ålesund,1967,38092
1508,Ålesund,1968,38456
1508,Ålesund,1969,38835
1508,Ålesund,1970,39096
1508,Ålesund,1971,39241
1508,Ålesund,1972,39713
1508,Ålesund,1973,40092
1508,Ålesund,1974,40296
1508,Ålesund,1975,40482
1508,Ålesund,1976,40543
1508,Ålesund,1977,40650
1508,Ålesund,1978,40936
1508,Ålesund,1979,41000
1508,Ålesund,1980,41072
1508,Ålesund,1981,41100
1508,Ålesund,1982,41315
1508,Ålesund,1983,41568
1508,Ålesund,1984,41776
1508,Ålesund,1985,41717
1511,Vanylven,1951,3817
1511,Vanylven,1952,3845
1511,Vanylven,1953,3875
1511,Vanylven,1954,3848
1511,Vanylven,1955,3874
1511,Vanylven,1956,3868
1511,Vanylven,1957,3869
1511,Vanylven,1958,3864
1511,Vanylven,1959,3911
1511,Vanylven,1960,3924
1511,Vanylven,1961,3921
1511,Vanylven,1962,3926
1511,Vanylven,1963,3911
1511,Vanylven,1964,3897
1511,Vanylven,1965,3901
1511,Vanylven,1966,3908
1511,Vanylven,1967,3893
1511,Vanylven,1968,3860
1511,Vanylven,1969,3895
1511,Vanylven,1970,3864
1511,Vanylven,1971,3869
1511,Vanylven,1972,3857
1511,Vanylven,1973,3890
1511,Vanylven,1974,3849
1511,Vanylven,1975,3851
1511,Vanylven,1976,3900
1511,Vanylven,1977,3891
1511,Vanylven,1978,3910
1511,Vanylven,1979,3920
1511,Vanylven,1980,3954
1511,Vanylven,1981,3956
1511,Vanylven,1982,3914
1511,Vanylven,1983,3936
1511,Vanylven,1984,3945
1511,Vanylven,1985,3961
1514,Sande,1951,3366
1514,Sande,1952,3331
1514,Sande,1953,3339
1514,Sande,1954,3352
1514,Sande,1955,3361
1514,Sande,1956,3564
1514,Sande,1957,3593
1514,Sande,1958,3579
1514,Sande,1959,3624
1514,Sande,1960,3638
1514,Sande,1961,3468
1514,Sande,1962,3452
1514,Sande,1963,3436
1514,Sande,1964,3465
1514,Sande,1965,3471
1514,Sande,1966,3511
1514,Sande,1967,3518
1514,Sande,1968,3518
1514,Sande,1969,3548
1514,Sande,1970,3494
1514,Sande,1971,3462
1514,Sande,1972,3474
1514,Sande,1973,3469
1514,Sande,1974,3481
1514,Sande,1975,3562
1514,Sande,1976,3548
1514,Sande,1977,3530
1514,Sande,1978,3530
1514,Sande,1979,3503
1514,Sande,1980,3522
1514,Sande,1981,3478
1514,Sande,1982,3481
1514,Sande,1983,3487
1514,Sande,1984,3481
1514,Sande,1985,3433
1515,Herøy (Møre og Romsdal),1951,6408
1515,Herøy (Møre og Romsdal),1952,6498
1515,Herøy (Møre og Romsdal),1953,6654
1515,Herøy (Møre og Romsdal),1954,6868
1515,Herøy (Møre og Romsdal),1955,7006
1515,Herøy (Møre og Romsdal),1956,7177
1515,Herøy (Møre og Romsdal),1957,7265
1515,Herøy (Møre og Romsdal),1958,7366
1515,Herøy (Møre og Romsdal),1959,7439
1515,Herøy (Møre og Romsdal),1960,7491
1515,Herøy (Møre og Romsdal),1961,7533
1515,Herøy (Møre og Romsdal),1962,7592
1515,Herøy (Møre og Romsdal),1963,7631
1515,Herøy (Møre og Romsdal),1964,7417
1515,Herøy (Møre og Romsdal),1965,7478
1515,Herøy (Møre og Romsdal),1966,7527
1515,Herøy (Møre og Romsdal),1967,7557
1515,Herøy (Møre og Romsdal),1968,7692
1515,Herøy (Møre og Romsdal),1969,7736
1515,Herøy (Møre og Romsdal),1970,7749
1515,Herøy (Møre og Romsdal),1971,7784
1515,Herøy (Møre og Romsdal),1972,7830
1515,Herøy (Møre og Romsdal),1973,7836
1515,Herøy (Møre og Romsdal),1974,7874
1515,Herøy (Møre og Romsdal),1975,7913
1515,Herøy (Møre og Romsdal),1976,7948
1515,Herøy (Møre og Romsdal),1977,7907
1515,Herøy (Møre og Romsdal),1978,7920
1515,Herøy (Møre og Romsdal),1979,8015
1515,Herøy (Møre og Romsdal),1980,8046
1515,Herøy (Møre og Romsdal),1981,7996
1515,Herøy (Møre og Romsdal),1982,8037
1515,Herøy (Møre og Romsdal),1983,8041
1515,Herøy (Møre og Romsdal),1984,8043
1515,Herøy (Møre og Romsdal),1985,8031
1516,Ulstein,1951,2953
1516,Ulstein,1952,3005
1516,Ulstein,1953,3066
1516,Ulstein,1954,3081
1516,Ulstein,1955,3159
1516,Ulstein,1956,3155
1516,Ulstein,1957,3235
1516,Ulstein,1958,3266
1516,Ulstein,1959,3298
1516,Ulstein,1960,3372
1516,Ulstein,1961,3436
1516,Ulstein,1962,3510
1516,Ulstein,1963,3538
1516,Ulstein,1964,3857
1516,Ulstein,1965,3910
1516,Ulstein,1966,3981
1516,Ulstein,1967,4006
1516,Ulstein,1968,4139
1516,Ulstein,1969,4303
1516,Ulstein,1970,4469
1516,Ulstein,1971,4558
1516,Ulstein,1972,4711
1516,Ulstein,1973,4849
1516,Ulstein,1974,4922
1516,Ulstein,1975,5054
1516,Ulstein,1976,5085
1516,Ulstein,1977,5166
1516,Ulstein,1978,5178
1516,Ulstein,1979,5262
1516,Ulstein,1980,5313
1516,Ulstein,1981,5335
1516,Ulstein,1982,5354
1516,Ulstein,1983,5401
1516,Ulstein,1984,5434
1516,Ulstein,1985,5511
1517,Hareid,1951,3181
1517,Hareid,1952,3264
1517,Hareid,1953,3319
1517,Hareid,1954,3386
1517,Hareid,1955,3429
1517,Hareid,1956,3441
1517,Hareid,1957,3525
1517,Hareid,1958,3630
1517,Hareid,1959,3586
1517,Hareid,1960,3589
1517,Hareid,1961,3607
1517,Hareid,1962,3653
1517,Hareid,1963,3660
1517,Hareid,1964,3707
1517,Hareid,1965,3751
1517,Hareid,1966,3804
1517,Hareid,1967,3860
1517,Hareid,1968,3901
1517,Hareid,1969,3916
1517,Hareid,1970,3907
1517,Hareid,1971,3935
1517,Hareid,1972,3953
1517,Hareid,1973,3997
1517,Hareid,1974,4083
1517,Hareid,1975,4123
1517,Hareid,1976,4156
1517,Hareid,1977,4191
1517,Hareid,1978,4288
1517,Hareid,1979,4349
1517,Hareid,1980,4325
1517,Hareid,1981,4357
1517,Hareid,1982,4361
1517,Hareid,1983,4320
1517,Hareid,1984,4329
1517,Hareid,1985,4358
1520,Ørsta,1951,8108
1520,Ørsta,1952,8174
1520,Ørsta,1953,8215
1520,Ørsta,1954,8356
1520,Ørsta,1955,8462
1520,Ørsta,1956,8576
1520,Ørsta,1957,8679
1520,Ørsta,1958,8731
1520,Ørsta,1959,8869
1520,Ørsta,1960,8968
1520,Ørsta,1961,9102
1520,Ørsta,1962,9134
1520,Ørsta,1963,9243
1520,Ørsta,1964,9252
1520,Ørsta,1965,9333
1520,Ørsta,1966,9476
1520,Ørsta,1967,9477
1520,Ørsta,1968,9458
1520,Ørsta,1969,9508
1520,Ørsta,1970,9529
1520,Ørsta,1971,9484
1520,Ørsta,1972,9575
1520,Ørsta,1973,9666
1520,Ørsta,1974,9777
1520,Ørsta,1975,9844
1520,Ørsta,1976,9896
1520,Ørsta,1977,9929
1520,Ørsta,1978,9997
1520,Ørsta,1979,10058
1520,Ørsta,1980,10088
1520,Ørsta,1981,10149
1520,Ørsta,1982,10209
1520,Ørsta,1983,10249
1520,Ørsta,1984,10263
1520,Ørsta,1985,10289
1525,Stranda,1951,4002
1525,Stranda,1952,4035
1525,Stranda,1953,4018
1525,Stranda,1954,4046
1525,Stranda,1955,4083
1525,Stranda,1956,4114
1525,Stranda,1957,4190
1525,Stranda,1958,4242
1525,Stranda,1959,4244
1525,Stranda,1960,4368
1525,Stranda,1961,4474
1525,Stranda,1962,4547
1525,Stranda,1963,4615
1525,Stranda,1964,4663
1525,Stranda,1965,4674
1525,Stranda,1966,4699
1525,Stranda,1967,4740
1525,Stranda,1968,4794
1525,Stranda,1969,4818
1525,Stranda,1970,4842
1525,Stranda,1971,4831
1525,Stranda,1972,4867
1525,Stranda,1973,4898
1525,Stranda,1974,4922
1525,Stranda,1975,4945
1525,Stranda,1976,4914
1525,Stranda,1977,4951
1525,Stranda,1978,4894
1525,Stranda,1979,4888
1525,Stranda,1980,4852
1525,Stranda,1981,4825
1525,Stranda,1982,4822
1525,Stranda,1983,4814
1525,Stranda,1984,4806
1525,Stranda,1985,4765
1528,Sykkylven,1951,4162
1528,Sykkylven,1952,4328
1528,Sykkylven,1953,4408
1528,Sykkylven,1954,4562
1528,Sykkylven,1955,4608
1528,Sykkylven,1956,4644
1528,Sykkylven,1957,4736
1528,Sykkylven,1958,4819
1528,Sykkylven,1959,4772
1528,Sykkylven,1960,4794
1528,Sykkylven,1961,4815
1528,Sykkylven,1962,4857
1528,Sykkylven,1963,4857
1528,Sykkylven,1964,4846
1528,Sykkylven,1965,4989
1528,Sykkylven,1966,5071
1528,Sykkylven,1967,5202
1528,Sykkylven,1968,5289
1528,Sykkylven,1969,5374
1528,Sykkylven,1970,5544
1528,Sykkylven,1971,5643
1528,Sykkylven,1972,5751
1528,Sykkylven,1973,5824
1528,Sykkylven,1974,5937
1528,Sykkylven,1975,5999
1528,Sykkylven,1976,6000
1528,Sykkylven,1977,6167
1528,Sykkylven,1978,6253
1528,Sykkylven,1979,6291
1528,Sykkylven,1980,6413
1528,Sykkylven,1981,6559
1528,Sykkylven,1982,6579
1528,Sykkylven,1983,6669
1528,Sykkylven,1984,6686
1528,Sykkylven,1985,6752
1531,Sula,1951,4781
1531,Sula,1952,4892
1531,Sula,1953,4966
1531,Sula,1954,5029
1531,Sula,1955,5122
1531,Sula,1956,5195
1531,Sula,1957,5294
1531,Sula,1958,5368
1531,Sula,1959,5460
1531,Sula,1960,5539
1531,Sula,1961,5653
1531,Sula,1962,5728
1531,Sula,1963,5781
1531,Sula,1964,5854
1531,Sula,1965,5744
1531,Sula,1966,5801
1531,Sula,1967,5878
1531,Sula,1968,5940
1531,Sula,1969,6011
1531,Sula,1970,6057
1531,Sula,1971,6080
1531,Sula,1972,6168
1531,Sula,1973,6239
1531,Sula,1974,6259
1531,Sula,1975,6287
1531,Sula,1976,6290
1531,Sula,1977,6302
1531,Sula,1978,6393
1531,Sula,1979,6421
1531,Sula,1980,6454
1531,Sula,1981,6569
1531,Sula,1982,6619
1531,Sula,1983,6663
1531,Sula,1984,6670
1531,Sula,1985,6654
1532,Giske,1951,3915
1532,Giske,1952,3926
1532,Giske,1953,3983
1532,Giske,1954,4035
1532,Giske,1955,4154
1532,Giske,1956,4184
1532,Giske,1957,4249
1532,Giske,1958,4319
1532,Giske,1959,4421
1532,Giske,1960,4505
1532,Giske,1961,4543
1532,Giske,1962,4568
1532,Giske,1963,4647
1532,Giske,1964,4644
1532,Giske,1965,4725
1532,Giske,1966,4778
1532,Giske,1967,4837
1532,Giske,1968,4968
1532,Giske,1969,5054
1532,Giske,1970,5134
1532,Giske,1971,5171
1532,Giske,1972,5240
1532,Giske,1973,5339
1532,Giske,1974,5407
1532,Giske,1975,5524
1532,Giske,1976,5616
1532,Giske,1977,5712
1532,Giske,1978,5751
1532,Giske,1979,5838
1532,Giske,1980,5971
1532,Giske,1981,6042
1532,Giske,1982,6090
1532,Giske,1983,6103
1532,Giske,1984,6132
1532,Giske,1985,6125
1535,Vestnes,1951,4901
1535,Vestnes,1952,4904
1535,Vestnes,1953,4975
1535,Vestnes,1954,5036
1535,Vestnes,1955,5090
1535,Vestnes,1956,5137
1535,Vestnes,1957,5075
1535,Vestnes,1958,5054
1535,Vestnes,1959,5089
1535,Vestnes,1960,5155
1535,Vestnes,1961,5195
1535,Vestnes,1962,5188
1535,Vestnes,1963,5209
1535,Vestnes,1964,5214
1535,Vestnes,1965,5267
1535,Vestnes,1966,5295
1535,Vestnes,1967,5352
1535,Vestnes,1968,5418
1535,Vestnes,1969,5437
1535,Vestnes,1970,5428
1535,Vestnes,1971,5637
1535,Vestnes,1972,5662
1535,Vestnes,1973,5764
1535,Vestnes,1974,5923
1535,Vestnes,1975,6026
1535,Vestnes,1976,6034
1535,Vestnes,1977,6091
1535,Vestnes,1978,6134
1535,Vestnes,1979,6186
1535,Vestnes,1980,6270
1535,Vestnes,1981,6289
1535,Vestnes,1982,6328
1535,Vestnes,1983,6307
1535,Vestnes,1984,6403
1535,Vestnes,1985,6422
1539,Rauma,1951,8100
1539,Rauma,1952,8297
1539,Rauma,1953,8440
1539,Rauma,1954,8615
1539,Rauma,1955,8615
1539,Rauma,1956,8485
1539,Rauma,1957,8441
1539,Rauma,1958,8393
1539,Rauma,1959,8355
1539,Rauma,1960,8309
1539,Rauma,1961,8284
1539,Rauma,1962,8308
1539,Rauma,1963,8276
1539,Rauma,1964,8290
1539,Rauma,1965,8257
1539,Rauma,1966,8199
1539,Rauma,1967,8137
1539,Rauma,1968,8142
1539,Rauma,1969,8106
1539,Rauma,1970,8074
1539,Rauma,1971,8041
1539,Rauma,1972,8073
1539,Rauma,1973,8120
1539,Rauma,1974,8068
1539,Rauma,1975,8340
1539,Rauma,1976,8458
1539,Rauma,1977,8408
1539,Rauma,1978,8253
1539,Rauma,1979,8183
1539,Rauma,1980,8124
1539,Rauma,1981,8149
1539,Rauma,1982,8085
1539,Rauma,1983,8141
1539,Rauma,1984,8112
1539,Rauma,1985,8003
1547,Aukra,1951,2379
1547,Aukra,1952,2421
1547,Aukra,1953,2446
1547,Aukra,1954,2451
1547,Aukra,1955,2451
1547,Aukra,1956,2380
1547,Aukra,1957,2399
1547,Aukra,1958,2453
1547,Aukra,1959,2500
1547,Aukra,1960,2512
1547,Aukra,1961,2569
1547,Aukra,1962,2570
1547,Aukra,1963,2581
1547,Aukra,1964,2560
1547,Aukra,1965,2561
1547,Aukra,1966,2528
1547,Aukra,1967,2551
1547,Aukra,1968,2563
1547,Aukra,1969,2605
1547,Aukra,1970,2626
1547,Aukra,1971,2645
1547,Aukra,1972,2697
1547,Aukra,1973,2724
1547,Aukra,1974,2786
1547,Aukra,1975,2834
1547,Aukra,1976,2888
1547,Aukra,1977,2904
1547,Aukra,1978,2902
1547,Aukra,1979,2920
1547,Aukra,1980,2957
1547,Aukra,1981,2979
1547,Aukra,1982,2998
1547,Aukra,1983,3051
1547,Aukra,1984,3058
1547,Aukra,1985,3030
1554,Averøy,1951,5420
1554,Averøy,1952,5483
1554,Averøy,1953,5439
1554,Averøy,1954,5432
1554,Averøy,1955,5393
1554,Averøy,1956,5342
1554,Averøy,1957,5303
1554,Averøy,1958,5342
1554,Averøy,1959,5366
1554,Averøy,1960,5306
1554,Averøy,1961,5348
1554,Averøy,1962,5327
1554,Averøy,1963,5255
1554,Averøy,1964,5202
1554,Averøy,1965,5148
1554,Averøy,1966,5150
1554,Averøy,1967,5158
1554,Averøy,1968,5166
1554,Averøy,1969,5222
1554,Averøy,1970,5187
1554,Averøy,1971,5106
1554,Averøy,1972,5104
1554,Averøy,1973,5124
1554,Averøy,1974,5225
1554,Averøy,1975,5268
1554,Averøy,1976,5321
1554,Averøy,1977,5420
1554,Averøy,1978,5438
1554,Averøy,1979,5457
1554,Averøy,1980,5476
1554,Averøy,1981,5496
1554,Averøy,1982,5529
1554,Averøy,1983,5567
1554,Averøy,1984,5569
1554,Averøy,1985,5580
1557,Gjemnes,1951,3312
1557,Gjemnes,1952,3271
1557,Gjemnes,1953,3286
1557,Gjemnes,1954,3272
1557,Gjemnes,1955,3260
1557,Gjemnes,1956,3226
1557,Gjemnes,1957,3251
1557,Gjemnes,1958,3211
1557,Gjemnes,1959,3209
1557,Gjemnes,1960,3186
1557,Gjemnes,1961,3141
1557,Gjemnes,1962,3101
1557,Gjemnes,1963,3066
1557,Gjemnes,1964,3082
1557,Gjemnes,1965,3040
1557,Gjemnes,1966,3019
1557,Gjemnes,1967,3028
1557,Gjemnes,1968,3018
1557,Gjemnes,1969,2924
1557,Gjemnes,1970,2921
1557,Gjemnes,1971,2859
1557,Gjemnes,1972,2900
1557,Gjemnes,1973,2916
1557,Gjemnes,1974,2931
1557,Gjemnes,1975,2906
1557,Gjemnes,1976,2884
1557,Gjemnes,1977,2882
1557,Gjemnes,1978,2863
1557,Gjemnes,1979,2926
1557,Gjemnes,1980,2929
1557,Gjemnes,1981,2990
1557,Gjemnes,1982,2987
1557,Gjemnes,1983,2979
1557,Gjemnes,1984,2999
1557,Gjemnes,1985,3004
1560,Tingvoll,1951,4050
1560,Tingvoll,1952,3993
1560,Tingvoll,1953,3995
1560,Tingvoll,1954,3965
1560,Tingvoll,1955,3951
1560,Tingvoll,1956,4007
1560,Tingvoll,1957,3971
1560,Tingvoll,1958,3928
1560,Tingvoll,1959,3915
1560,Tingvoll,1960,3909
1560,Tingvoll,1961,3861
1560,Tingvoll,1962,3801
1560,Tingvoll,1963,3800
1560,Tingvoll,1964,3911
1560,Tingvoll,1965,3903
1560,Tingvoll,1966,3863
1560,Tingvoll,1967,3816
1560,Tingvoll,1968,3772
1560,Tingvoll,1969,3732
1560,Tingvoll,1970,3685
1560,Tingvoll,1971,3665
1560,Tingvoll,1972,3704
1560,Tingvoll,1973,3650
1560,Tingvoll,1974,3644
1560,Tingvoll,1975,3635
1560,Tingvoll,1976,3589
1560,Tingvoll,1977,3590
1560,Tingvoll,1978,3532
1560,Tingvoll,1979,3522
1560,Tingvoll,1980,3559
1560,Tingvoll,1981,3539
1560,Tingvoll,1982,3535
1560,Tingvoll,1983,3533
1560,Tingvoll,1984,3551
1560,Tingvoll,1985,3528
1563,Sunndal,1951,4097
1563,Sunndal,1952,4285
1563,Sunndal,1953,4479
1563,Sunndal,1954,5187
1563,Sunndal,1955,5835
1563,Sunndal,1956,6629
1563,Sunndal,1957,6897
1563,Sunndal,1958,7076
1563,Sunndal,1959,7274
1563,Sunndal,1960,7415
1563,Sunndal,1961,7461
1563,Sunndal,1962,7498
1563,Sunndal,1963,7540
1563,Sunndal,1964,7543
1563,Sunndal,1965,7560
1563,Sunndal,1966,7633
1563,Sunndal,1967,7767
1563,Sunndal,1968,7934
1563,Sunndal,1969,8007
1563,Sunndal,1970,8170
1563,Sunndal,1971,8269
1563,Sunndal,1972,8282
1563,Sunndal,1973,8072
1563,Sunndal,1974,8078
1563,Sunndal,1975,7991
1563,Sunndal,1976,7955
1563,Sunndal,1977,7914
1563,Sunndal,1978,7887
1563,Sunndal,1979,7842
1563,Sunndal,1980,7809
1563,Sunndal,1981,7771
1563,Sunndal,1982,7758
1563,Sunndal,1983,7654
1563,Sunndal,1984,7580
1563,Sunndal,1985,7533
1566,Surnadal,1951,6134
1566,Surnadal,1952,6130
1566,Surnadal,1953,6242
1566,Surnadal,1954,6242
1566,Surnadal,1955,6207
1566,Surnadal,1956,6124
1566,Surnadal,1957,6035
1566,Surnadal,1958,5982
1566,Surnadal,1959,5985
1566,Surnadal,1960,5991
1566,Surnadal,1961,5979
1566,Surnadal,1962,5933
1566,Surnadal,1963,5922
1566,Surnadal,1964,5895
1566,Surnadal,1965,5934
1566,Surnadal,1966,6050
1566,Surnadal,1967,6079
1566,Surnadal,1968,6044
1566,Surnadal,1969,6040
1566,Surnadal,1970,6033
1566,Surnadal,1971,5979
1566,Surnadal,1972,5929
1566,Surnadal,1973,5939
1566,Surnadal,1974,5955
1566,Surnadal,1975,5952
1566,Surnadal,1976,6021
1566,Surnadal,1977,6086
1566,Surnadal,1978,6118
1566,Surnadal,1979,6189
1566,Surnadal,1980,6257
1566,Surnadal,1981,6259
1566,Surnadal,1982,6309
1566,Surnadal,1983,6433
1566,Surnadal,1984,6444
1566,Surnadal,1985,6449
1573,Smøla,1951,4180
1573,Smøla,1952,4198
1573,Smøla,1953,4184
1573,Smøla,1954,4155
1573,Smøla,1955,4133
1573,Smøla,1956,4068
1573,Smøla,1957,4044
1573,Smøla,1958,4009
1573,Smøla,1959,4021
1573,Smøla,1960,4046
1573,Smøla,1961,3996
1573,Smøla,1962,3965
1573,Smøla,1963,3918
1573,Smøla,1964,3831
1573,Smøla,1965,3804
1573,Smøla,1966,3780
1573,Smøla,1967,3707
1573,Smøla,1968,3614
1573,Smøla,1969,3579
1573,Smøla,1970,3533
1573,Smøla,1971,3389
1573,Smøla,1972,3325
1573,Smøla,1973,3302
1573,Smøla,1974,3244
1573,Smøla,1975,3204
1573,Smøla,1976,3148
1573,Smøla,1977,3109
1573,Smøla,1978,3048
1573,Smøla,1979,3047
1573,Smøla,1980,3056
1573,Smøla,1981,3081
1573,Smøla,1982,3034
1573,Smøla,1983,3046
1573,Smøla,1984,3014
1573,Smøla,1985,2947
1576,Aure,1951,5111
1576,Aure,1952,5089
1576,Aure,1953,5065
1576,Aure,1954,5045
1576,Aure,1955,5029
1576,Aure,1956,4975
1576,Aure,1957,4919
1576,Aure,1958,4848
1576,Aure,1959,4810
1576,Aure,1960,4795
1576,Aure,1961,4789
1576,Aure,1962,4741
1576,Aure,1963,4677
1576,Aure,1964,4621
1576,Aure,1965,4575
1576,Aure,1966,4535
1576,Aure,1967,4442
1576,Aure,1968,4428
1576,Aure,1969,4375
1576,Aure,1970,4297
1576,Aure,1971,4247
1576,Aure,1972,4252
1576,Aure,1973,4206
1576,Aure,1974,4214
1576,Aure,1975,4189
1576,Aure,1976,4230
1576,Aure,1977,4041
1576,Aure,1978,4030
1576,Aure,1979,3998
1576,Aure,1980,4006
1576,Aure,1981,4087
1576,Aure,1982,4086
1576,Aure,1983,4106
1576,Aure,1984,4092
1576,Aure,1985,4095
1577,Volda,1951,7590
1577,Volda,1952,7744
1577,Volda,1953,7782
1577,Volda,1954,7806
1577,Volda,1955,7867
1577,Volda,1956,7896
1577,Volda,1957,8019
1577,Volda,1958,8075
1577,Volda,1959,8145
1577,Volda,1960,8145
1577,Volda,1961,8152
1577,Volda,1962,8314
1577,Volda,1963,8323
1577,Volda,1964,8347
1577,Volda,1965,8418
1577,Volda,1966,8439
1577,Volda,1967,8387
1577,Volda,1968,8420
1577,Volda,1969,8460
1577,Volda,1970,8500
1577,Volda,1971,8451
1577,Volda,1972,8652
1577,Volda,1973,8943
1577,Volda,1974,8989
1577,Volda,1975,9134
1577,Volda,1976,9161
1577,Volda,1977,9300
1577,Volda,1978,9291
1577,Volda,1979,9336
1577,Volda,1980,9267
1577,Volda,1981,9236
1577,Volda,1982,9220
1577,Volda,1983,9258
1577,Volda,1984,9194
1577,Volda,1985,9125
1578,Fjord,1951,3347
1578,Fjord,1952,3329
1578,Fjord,1953,3297
1578,Fjord,1954,3261
1578,Fjord,1955,3228
1578,Fjord,1956,3266
1578,Fjord,1957,3255
1578,Fjord,1958,3239
1578,Fjord,1959,3244
1578,Fjord,1960,3204
1578,Fjord,1961,3195
1578,Fjord,1962,3135
1578,Fjord,1963,3101
1578,Fjord,1964,3111
1578,Fjord,1965,3117
1578,Fjord,1966,3103
1578,Fjord,1967,3152
1578,Fjord,1968,3197
1578,Fjord,1969,3172
1578,Fjord,1970,3094
1578,Fjord,1971,3071
1578,Fjord,1972,3051
1578,Fjord,1973,3080
1578,Fjord,1974,3066
1578,Fjord,1975,3117
1578,Fjord,1976,3123
1578,Fjord,1977,3101
1578,Fjord,1978,3104
1578,Fjord,1979,3175
1578,Fjord,1980,3161
1578,Fjord,1981,3176
1578,Fjord,1982,3141
1578,Fjord,1983,3111
1578,Fjord,1984,3101
1578,Fjord,1985,3124
1579,Hustadvika,1951,9572
1579,Hustadvika,1952,9541
1579,Hustadvika,1953,9589
1579,Hustadvika,1954,9560
1579,Hustadvika,1955,9606
1579,Hustadvika,1956,9808
1579,Hustadvika,1957,9829
1579,Hustadvika,1958,9908
1579,Hustadvika,1959,9919
1579,Hustadvika,1960,10017
1579,Hustadvika,1961,10021
1579,Hustadvika,1962,10078
1579,Hustadvika,1963,10026
1579,Hustadvika,1964,10037
1579,Hustadvika,1965,10002
1579,Hustadvika,1966,9999
1579,Hustadvika,1967,10028
1579,Hustadvika,1968,10238
1579,Hustadvika,1969,10333
1579,Hustadvika,1970,10402
1579,Hustadvika,1971,10469
1579,Hustadvika,1972,10625
1579,Hustadvika,1973,10785
1579,Hustadvika,1974,10822
1579,Hustadvika,1975,10982
1579,Hustadvika,1976,11149
1579,Hustadvika,1977,11287
1579,Hustadvika,1978,11485
1579,Hustadvika,1979,11742
1579,Hustadvika,1980,11866
1579,Hustadvika,1981,11973
1579,Hustadvika,1982,11991
1579,Hustadvika,1983,12038
1579,Hustadvika,1984,12023
1579,Hustadvika,1985,11987
1580,Haram,1951,6400
1580,Haram,1952,6534
1580,Haram,1953,6633
1580,Haram,1954,6767
1580,Haram,1955,6809
1580,Haram,1956,6862
1580,Haram,1957,6938
1580,Haram,1958,7045
1580,Haram,1959,7082
1580,Haram,1960,7102
1580,Haram,1961,7099
1580,Haram,1962,7102
1580,Haram,1963,7193
1580,Haram,1964,7203
1580,Haram,1965,8140
1580,Haram,1966,8167
1580,Haram,1967,8295
1580,Haram,1968,8362
1580,Haram,1969,8412
1580,Haram,1970,8482
1580,Haram,1971,8420
1580,Haram,1972,8461
1580,Haram,1973,8518
1580,Haram,1974,8613
1580,Haram,1975,8681
1580,Haram,1976,8638
1580,Haram,1977,8654
1580,Haram,1978,8681
1580,Haram,1979,8742
1580,Haram,1980,8777
1580,Haram,1981,8714
1580,Haram,1982,8741
1580,Haram,1983,8761
1580,Haram,1984,8770
1580,Haram,1985,8739
1804,Bodø,1951,18434
1804,Bodø,1952,18902
1804,Bodø,1953,19412
1804,Bodø,1954,20215
1804,Bodø,1955,21176
1804,Bodø,1956,22035
1804,Bodø,1957,22716
1804,Bodø,1958,23283
1804,Bodø,1959,23936
1804,Bodø,1960,24577
1804,Bodø,1961,25038
1804,Bodø,1962,25603
1804,Bodø,1963,26460
1804,Bodø,1964,27495
1804,Bodø,1965,28173
1804,Bodø,1966,28401
1804,Bodø,1967,28747
1804,Bodø,1968,29233
1804,Bodø,1969,29765
1804,Bodø,1970,30149
1804,Bodø,1971,30682
1804,Bodø,1972,31016
1804,Bodø,1973,31365
1804,Bodø,1974,31838
1804,Bodø,1975,32148
1804,Bodø,1976,32524
1804,Bodø,1977,32900
1804,Bodø,1978,33232
1804,Bodø,1979,33543
1804,Bodø,1980,33959
1804,Bodø,1981,34479
1804,Bodø,1982,34881
1804,Bodø,1983,35012
1804,Bodø,1984,35134
1804,Bodø,1985,35356
1806,Narvik,1951,22642
1806,Narvik,1952,22719
1806,Narvik,1953,22940
1806,Narvik,1954,23340
1806,Narvik,1955,23707
1806,Narvik,1956,23895
1806,Narvik,1957,24041
1806,Narvik,1958,24347
1806,Narvik,1959,24658
1806,Narvik,1960,24882
1806,Narvik,1961,25002
1806,Narvik,1962,24966
1806,Narvik,1963,25054
1806,Narvik,1964,25045
1806,Narvik,1965,24963
1806,Narvik,1966,24880
1806,Narvik,1967,24971
1806,Narvik,1968,24827
1806,Narvik,1969,24785
1806,Narvik,1970,24625
1806,Narvik,1971,24460
1806,Narvik,1972,24487
1806,Narvik,1973,24366
1806,Narvik,1974,24302
1806,Narvik,1975,24153
1806,Narvik,1976,24072
1806,Narvik,1977,23892
1806,Narvik,1978,23715
1806,Narvik,1979,23597
1806,Narvik,1980,23724
1806,Narvik,1981,23789
1806,Narvik,1982,23700
1806,Narvik,1983,23548
1806,Narvik,1984,23436
1806,Narvik,1985,23280
1811,Bindal,1951,2622
1811,Bindal,1952,2684
1811,Bindal,1953,2675
1811,Bindal,1954,2660
1811,Bindal,1955,2634
1811,Bindal,1956,2625
1811,Bindal,1957,2619
1811,Bindal,1958,2582
1811,Bindal,1959,2594
1811,Bindal,1960,2569
1811,Bindal,1961,2531
1811,Bindal,1962,2502
1811,Bindal,1963,2502
1811,Bindal,1964,2473
1811,Bindal,1965,2432
1811,Bindal,1966,2412
1811,Bindal,1967,2401
1811,Bindal,1968,2362
1811,Bindal,1969,2338
1811,Bindal,1970,2373
1811,Bindal,1971,2337
1811,Bindal,1972,2348
1811,Bindal,1973,2331
1811,Bindal,1974,2305
1811,Bindal,1975,2259
1811,Bindal,1976,2275
1811,Bindal,1977,2254
1811,Bindal,1978,2253
1811,Bindal,1979,2268
1811,Bindal,1980,2252
1811,Bindal,1981,2248
1811,Bindal,1982,2242
1811,Bindal,1983,2208
1811,Bindal,1984,2222
1811,Bindal,1985,2203
1812,Sømna,1951,2149
1812,Sømna,1952,2146
1812,Sømna,1953,2142
1812,Sømna,1954,2130
1812,Sømna,1955,2120
1812,Sømna,1956,2133
1812,Sømna,1957,2094
1812,Sømna,1958,2087
1812,Sømna,1959,2093
1812,Sømna,1960,2095
1812,Sømna,1961,2073
1812,Sømna,1962,2068
1812,Sømna,1963,2079
1812,Sømna,1964,2095
1812,Sømna,1965,2104
1812,Sømna,1966,2108
1812,Sømna,1967,2092
1812,Sømna,1968,2098
1812,Sømna,1969,2108
1812,Sømna,1970,2095
1812,Sømna,1971,2064
1812,Sømna,1972,2063
1812,Sømna,1973,2079
1812,Sømna,1974,2088
1812,Sømna,1975,2089
1812,Sømna,1976,2087
1812,Sømna,1977,2107
1812,Sømna,1978,2137
1812,Sømna,1979,2169
1812,Sømna,1980,2183
1812,Sømna,1981,2161
1812,Sømna,1982,2181
1812,Sømna,1983,2209
1812,Sømna,1984,2222
1812,Sømna,1985,2187
1813,Brønnøy,1951,6796
1813,Brønnøy,1952,6788
1813,Brønnøy,1953,6775
1813,Brønnøy,1954,6735
1813,Brønnøy,1955,6705
1813,Brønnøy,1956,6746
1813,Brønnøy,1957,6624
1813,Brønnøy,1958,6602
1813,Brønnøy,1959,6621
1813,Brønnøy,1960,6626
1813,Brønnøy,1961,6556
1813,Brønnøy,1962,6542
1813,Brønnøy,1963,6577
1813,Brønnøy,1964,6627
1813,Brønnøy,1965,6654
1813,Brønnøy,1966,6668
1813,Brønnøy,1967,6616
1813,Brønnøy,1968,6637
1813,Brønnøy,1969,6668
1813,Brønnøy,1970,6626
1813,Brønnøy,1971,6526
1813,Brønnøy,1972,6523
1813,Brønnøy,1973,6574
1813,Brønnøy,1974,6602
1813,Brønnøy,1975,6606
1813,Brønnøy,1976,6599
1813,Brønnøy,1977,6664
1813,Brønnøy,1978,6666
1813,Brønnøy,1979,6693
1813,Brønnøy,1980,6734
1813,Brønnøy,1981,6765
1813,Brønnøy,1982,6786
1813,Brønnøy,1983,6776
1813,Brønnøy,1984,6802
1813,Brønnøy,1985,6810
1815,Vega,1951,2661
1815,Vega,1952,2633
1815,Vega,1953,2583
1815,Vega,1954,2522
1815,Vega,1955,2480
1815,Vega,1956,2500
1815,Vega,1957,2487
1815,Vega,1958,2445
1815,Vega,1959,2426
1815,Vega,1960,2411
1815,Vega,1961,2407
1815,Vega,1962,2360
1815,Vega,1963,2317
1815,Vega,1964,2251
1815,Vega,1965,2179
1815,Vega,1966,2143
1815,Vega,1967,2078
1815,Vega,1968,2054
1815,Vega,1969,2043
1815,Vega,1970,2002
1815,Vega,1971,1895
1815,Vega,1972,1873
1815,Vega,1973,1852
1815,Vega,1974,1826
1815,Vega,1975,1796
1815,Vega,1976,1770
1815,Vega,1977,1738
1815,Vega,1978,1736
1815,Vega,1979,1757
1815,Vega,1980,1750
1815,Vega,1981,1740
1815,Vega,1982,1733
1815,Vega,1983,1712
1815,Vega,1984,1689
1815,Vega,1985,1692
1816,Vevelstad,1951,990
1816,Vevelstad,1952,1004
1816,Vevelstad,1953,1012
1816,Vevelstad,1954,995
1816,Vevelstad,1955,994
1816,Vevelstad,1956,984
1816,Vevelstad,1957,966
1816,Vevelstad,1958,962
1816,Vevelstad,1959,957
1816,Vevelstad,1960,921
1816,Vevelstad,1961,936
1816,Vevelstad,1962,910
1816,Vevelstad,1963,889
1816,Vevelstad,1964,869
1816,Vevelstad,1965,854
1816,Vevelstad,1966,833
1816,Vevelstad,1967,812
1816,Vevelstad,1968,809
1816,Vevelstad,1969,808
1816,Vevelstad,1970,792
1816,Vevelstad,1971,765
1816,Vevelstad,1972,749
1816,Vevelstad,1973,743
1816,Vevelstad,1974,716
1816,Vevelstad,1975,723
1816,Vevelstad,1976,710
1816,Vevelstad,1977,694
1816,Vevelstad,1978,718
1816,Vevelstad,1979,724
1816,Vevelstad,1980,740
1816,Vevelstad,1981,726
1816,Vevelstad,1982,734
1816,Vevelstad,1983,747
1816,Vevelstad,1984,755
1816,Vevelstad,1985,750
1818,Herøy (Nordland),1951,3201
1818,Herøy (Nordland),1952,3170
1818,Herøy (Nordland),1953,3189
1818,Herøy (Nordland),1954,3154
1818,Herøy (Nordland),1955,3156
1818,Herøy (Nordland),1956,3180
1818,Herøy (Nordland),1957,3152
1818,Herøy (Nordland),1958,3116
1818,Herøy (Nordland),1959,3093
1818,Herøy (Nordland),1960,3061
1818,Herøy (Nordland),1961,3035
1818,Herøy (Nordland),1962,2978
1818,Herøy (Nordland),1963,2918
1818,Herøy (Nordland),1964,2877
1818,Herøy (Nordland),1965,2827
1818,Herøy (Nordland),1966,2761
1818,Herøy (Nordland),1967,2711
1818,Herøy (Nordland),1968,2675
1818,Herøy (Nordland),1969,2643
1818,Herøy (Nordland),1970,2608
1818,Herøy (Nordland),1971,2460
1818,Herøy (Nordland),1972,2409
1818,Herøy (Nordland),1973,2348
1818,Herøy (Nordland),1974,2292
1818,Herøy (Nordland),1975,2300
1818,Herøy (Nordland),1976,2272
1818,Herøy (Nordland),1977,2225
1818,Herøy (Nordland),1978,2216
1818,Herøy (Nordland),1979,2223
1818,Herøy (Nordland),1980,2231
1818,Herøy (Nordland),1981,2200
1818,Herøy (Nordland),1982,2184
1818,Herøy (Nordland),1983,2202
1818,Herøy (Nordland),1984,2222
1818,Herøy (Nordland),1985,2190
1820,Alstahaug,1951,5591
1820,Alstahaug,1952,5593
1820,Alstahaug,1953,5595
1820,Alstahaug,1954,5637
1820,Alstahaug,1955,5676
1820,Alstahaug,1956,5829
1820,Alstahaug,1957,5925
1820,Alstahaug,1958,5929
1820,Alstahaug,1959,6038
1820,Alstahaug,1960,6155
1820,Alstahaug,1961,6150
1820,Alstahaug,1962,6262
1820,Alstahaug,1963,6324
1820,Alstahaug,1964,6308
1820,Alstahaug,1965,6303
1820,Alstahaug,1966,6278
1820,Alstahaug,1967,6305
1820,Alstahaug,1968,6428
1820,Alstahaug,1969,6402
1820,Alstahaug,1970,6393
1820,Alstahaug,1971,6526
1820,Alstahaug,1972,6562
1820,Alstahaug,1973,6715
1820,Alstahaug,1974,6775
1820,Alstahaug,1975,6881
1820,Alstahaug,1976,7230
1820,Alstahaug,1977,7478
1820,Alstahaug,1978,7447
1820,Alstahaug,1979,7466
1820,Alstahaug,1980,7507
1820,Alstahaug,1981,7486
1820,Alstahaug,1982,7571
1820,Alstahaug,1983,7582
1820,Alstahaug,1984,7538
1820,Alstahaug,1985,7608
1822,Leirfjord,1951,2932
1822,Leirfjord,1952,2902
1822,Leirfjord,1953,2878
1822,Leirfjord,1954,2849
1822,Leirfjord,1955,2786
1822,Leirfjord,1956,2796
1822,Leirfjord,1957,2750
1822,Leirfjord,1958,2703
1822,Leirfjord,1959,2688
1822,Leirfjord,1960,2676
1822,Leirfjord,1961,2609
1822,Leirfjord,1962,2582
1822,Leirfjord,1963,2537
1822,Leirfjord,1964,2696
1822,Leirfjord,1965,2648
1822,Leirfjord,1966,2618
1822,Leirfjord,1967,2576
1822,Leirfjord,1968,2560
1822,Leirfjord,1969,2521
1822,Leirfjord,1970,2423
1822,Leirfjord,1971,2303
1822,Leirfjord,1972,2305
1822,Leirfjord,1973,2254
1822,Leirfjord,1974,2212
1822,Leirfjord,1975,2218
1822,Leirfjord,1976,2231
1822,Leirfjord,1977,2208
1822,Leirfjord,1978,2201
1822,Leirfjord,1979,2204
1822,Leirfjord,1980,2215
1822,Leirfjord,1981,2229
1822,Leirfjord,1982,2311
1822,Leirfjord,1983,2367
1822,Leirfjord,1984,2406
1822,Leirfjord,1985,2435
1824,Vefsn,1951,9087
1824,Vefsn,1952,9163
1824,Vefsn,1953,9292
1824,Vefsn,1954,9420
1824,Vefsn,1955,9571
1824,Vefsn,1956,9861
1824,Vefsn,1957,10271
1824,Vefsn,1958,10708
1824,Vefsn,1959,10950
1824,Vefsn,1960,11288
1824,Vefsn,1961,11538
1824,Vefsn,1962,11907
1824,Vefsn,1963,12193
1824,Vefsn,1964,12371
1824,Vefsn,1965,12549
1824,Vefsn,1966,12763
1824,Vefsn,1967,12986
1824,Vefsn,1968,13040
1824,Vefsn,1969,13193
1824,Vefsn,1970,13401
1824,Vefsn,1971,13380
1824,Vefsn,1972,13338
1824,Vefsn,1973,13362
1824,Vefsn,1974,13369
1824,Vefsn,1975,13376
1824,Vefsn,1976,13342
1824,Vefsn,1977,13204
1824,Vefsn,1978,13216
1824,Vefsn,1979,13260
1824,Vefsn,1980,13226
1824,Vefsn,1981,13237
1824,Vefsn,1982,13248
1824,Vefsn,1983,13257
1824,Vefsn,1984,13267
1824,Vefsn,1985,13282
1825,Grane,1951,1794
1825,Grane,1952,1810
1825,Grane,1953,1823
1825,Grane,1954,1817
1825,Grane,1955,1808
1825,Grane,1956,1767
1825,Grane,1957,1753
1825,Grane,1958,1715
1825,Grane,1959,1726
1825,Grane,1960,1720
1825,Grane,1961,1712
1825,Grane,1962,1731
1825,Grane,1963,1758
1825,Grane,1964,1786
1825,Grane,1965,1777
1825,Grane,1966,1765
1825,Grane,1967,1699
1825,Grane,1968,1706
1825,Grane,1969,1714
1825,Grane,1970,1716
1825,Grane,1971,1666
1825,Grane,1972,1624
1825,Grane,1973,1652
1825,Grane,1974,1649
1825,Grane,1975,1631
1825,Grane,1976,1625
1825,Grane,1977,1614
1825,Grane,1978,1653
1825,Grane,1979,1689
1825,Grane,1980,1724
1825,Grane,1981,1730
1825,Grane,1982,1748
1825,Grane,1983,1742
1825,Grane,1984,1761
1825,Grane,1985,1783
1826,Aarborte - Hattfjelldal,1951,1893
1826,Aarborte - Hattfjelldal,1952,1850
1826,Aarborte - Hattfjelldal,1953,1875
1826,Aarborte - Hattfjelldal,1954,1879
1826,Aarborte - Hattfjelldal,1955,1889
1826,Aarborte - Hattfjelldal,1956,1916
1826,Aarborte - Hattfjelldal,1957,1887
1826,Aarborte - Hattfjelldal,1958,1897
1826,Aarborte - Hattfjelldal,1959,1908
1826,Aarborte - Hattfjelldal,1960,1941
1826,Aarborte - Hattfjelldal,1961,2038
1826,Aarborte - Hattfjelldal,1962,2099
1826,Aarborte - Hattfjelldal,1963,2110
1826,Aarborte - Hattfjelldal,1964,1947
1826,Aarborte - Hattfjelldal,1965,1948
1826,Aarborte - Hattfjelldal,1966,1886
1826,Aarborte - Hattfjelldal,1967,1869
1826,Aarborte - Hattfjelldal,1968,1838
1826,Aarborte - Hattfjelldal,1969,1802
1826,Aarborte - Hattfjelldal,1970,1799
1826,Aarborte - Hattfjelldal,1971,1796
1826,Aarborte - Hattfjelldal,1972,1749
1826,Aarborte - Hattfjelldal,1973,1752
1826,Aarborte - Hattfjelldal,1974,1748
1826,Aarborte - Hattfjelldal,1975,1776
1826,Aarborte - Hattfjelldal,1976,1787
1826,Aarborte - Hattfjelldal,1977,1784
1826,Aarborte - Hattfjelldal,1978,1801
1826,Aarborte - Hattfjelldal,1979,1798
1826,Aarborte - Hattfjelldal,1980,1800
1826,Aarborte - Hattfjelldal,1981,1802
1826,Aarborte - Hattfjelldal,1982,1793
1826,Aarborte - Hattfjelldal,1983,1788
1826,Aarborte - Hattfjelldal,1984,1774
1826,Aarborte - Hattfjelldal,1985,1774
1827,Dønna,1951,3063
1827,Dønna,1952,3033
1827,Dønna,1953,3034
1827,Dønna,1954,2967
1827,Dønna,1955,2947
1827,Dønna,1956,2930
1827,Dønna,1957,2913
1827,Dønna,1958,2860
1827,Dønna,1959,2815
1827,Dønna,1960,2768
1827,Dønna,1961,2771
1827,Dønna,1962,2740
1827,Dønna,1963,2652
1827,Dønna,1964,2568
1827,Dønna,1965,2504
1827,Dønna,1966,2476
1827,Dønna,1967,2375
1827,Dønna,1968,2387
1827,Dønna,1969,2355
1827,Dønna,1970,2310
1827,Dønna,1971,2195
1827,Dønna,1972,2149
1827,Dønna,1973,2043
1827,Dønna,1974,2068
1827,Dønna,1975,2073
1827,Dønna,1976,2037
1827,Dønna,1977,1993
1827,Dønna,1978,1986
1827,Dønna,1979,2039
1827,Dønna,1980,2052
1827,Dønna,1981,2077
1827,Dønna,1982,2063
1827,Dønna,1983,2062
1827,Dønna,1984,2030
1827,Dønna,1985,1970
1828,Nesna,1951,2208
1828,Nesna,1952,2183
1828,Nesna,1953,2164
1828,Nesna,1954,2151
1828,Nesna,1955,2149
1828,Nesna,1956,2172
1828,Nesna,1957,2136
1828,Nesna,1958,2075
1828,Nesna,1959,2072
1828,Nesna,1960,2077
1828,Nesna,1961,2056
1828,Nesna,1962,2041
1828,Nesna,1963,2017
1828,Nesna,1964,1996
1828,Nesna,1965,2020
1828,Nesna,1966,2063
1828,Nesna,1967,1937
1828,Nesna,1968,1849
1828,Nesna,1969,1854
1828,Nesna,1970,1894
1828,Nesna,1971,1857
1828,Nesna,1972,1824
1828,Nesna,1973,1829
1828,Nesna,1974,1834
1828,Nesna,1975,1835
1828,Nesna,1976,1880
1828,Nesna,1977,1867
1828,Nesna,1978,1863
1828,Nesna,1979,1850
1828,Nesna,1980,1873
1828,Nesna,1981,1887
1828,Nesna,1982,1970
1828,Nesna,1983,1918
1828,Nesna,1984,1918
1828,Nesna,1985,1853
1832,Hemnes,1951,4867
1832,Hemnes,1952,5135
1832,Hemnes,1953,5224
1832,Hemnes,1954,5305
1832,Hemnes,1955,5356
1832,Hemnes,1956,5264
1832,Hemnes,1957,5289
1832,Hemnes,1958,5417
1832,Hemnes,1959,5552
1832,Hemnes,1960,5611
1832,Hemnes,1961,5541
1832,Hemnes,1962,5406
1832,Hemnes,1963,5384
1832,Hemnes,1964,5487
1832,Hemnes,1965,5395
1832,Hemnes,1966,5290
1832,Hemnes,1967,5256
1832,Hemnes,1968,5247
1832,Hemnes,1969,5265
1832,Hemnes,1970,5230
1832,Hemnes,1971,5142
1832,Hemnes,1972,5097
1832,Hemnes,1973,5101
1832,Hemnes,1974,5088
1832,Hemnes,1975,5037
1832,Hemnes,1976,5013
1832,Hemnes,1977,4950
1832,Hemnes,1978,4885
1832,Hemnes,1979,4915
1832,Hemnes,1980,4957
1832,Hemnes,1981,5005
1832,Hemnes,1982,4999
1832,Hemnes,1983,4998
1832,Hemnes,1984,5006
1832,Hemnes,1985,4994
1833,Rana - Raane,1951,12825
1833,Rana - Raane,1952,13452
1833,Rana - Raane,1953,14118
1833,Rana - Raane,1954,15284
1833,Rana - Raane,1955,15975
1833,Rana - Raane,1956,16516
1833,Rana - Raane,1957,17445
1833,Rana - Raane,1958,17952
1833,Rana - Raane,1959,18256
1833,Rana - Raane,1960,18479
1833,Rana - Raane,1961,18974
1833,Rana - Raane,1962,19787
1833,Rana - Raane,1963,21012
1833,Rana - Raane,1964,22492
1833,Rana - Raane,1965,24116
1833,Rana - Raane,1966,24951
1833,Rana - Raane,1967,25530
1833,Rana - Raane,1968,25847
1833,Rana - Raane,1969,26021
1833,Rana - Raane,1970,26092
1833,Rana - Raane,1971,26159
1833,Rana - Raane,1972,26154
1833,Rana - Raane,1973,26284
1833,Rana - Raane,1974,26296
1833,Rana - Raane,1975,26291
1833,Rana - Raane,1976,26276
1833,Rana - Raane,1977,26257
1833,Rana - Raane,1978,26100
1833,Rana - Raane,1979,25918
1833,Rana - Raane,1980,25878
1833,Rana - Raane,1981,25826
1833,Rana - Raane,1982,25794
1833,Rana - Raane,1983,25697
1833,Rana - Raane,1984,25483
1833,Rana - Raane,1985,25251
1834,Lurøy,1951,2954
1834,Lurøy,1952,2968
1834,Lurøy,1953,2982
1834,Lurøy,1954,2971
1834,Lurøy,1955,2972
1834,Lurøy,1956,2983
1834,Lurøy,1957,2957
1834,Lurøy,1958,2934
1834,Lurøy,1959,2942
1834,Lurøy,1960,2943
1834,Lurøy,1961,2890
1834,Lurøy,1962,2842
1834,Lurøy,1963,2816
1834,Lurøy,1964,2793
1834,Lurøy,1965,2746
1834,Lurøy,1966,2718
1834,Lurøy,1967,2765
1834,Lurøy,1968,2739
1834,Lurøy,1969,2729
1834,Lurøy,1970,2693
1834,Lurøy,1971,2659
1834,Lurøy,1972,2650
1834,Lurøy,1973,2680
1834,Lurøy,1974,2657
1834,Lurøy,1975,2634
1834,Lurøy,1976,2604
1834,Lurøy,1977,2581
1834,Lurøy,1978,2588
1834,Lurøy,1979,2556
1834,Lurøy,1980,2546
1834,Lurøy,1981,2534
1834,Lurøy,1982,2554
1834,Lurøy,1983,2533
1834,Lurøy,1984,2503
1834,Lurøy,1985,2485
1835,Træna,1951,665
1835,Træna,1952,651
1835,Træna,1953,658
1835,Træna,1954,657
1835,Træna,1955,654
1835,Træna,1956,669
1835,Træna,1957,664
1835,Træna,1958,670
1835,Træna,1959,671
1835,Træna,1960,670
1835,Træna,1961,670
1835,Træna,1962,668
1835,Træna,1963,661
1835,Træna,1964,656
1835,Træna,1965,650
1835,Træna,1966,635
1835,Træna,1967,626
1835,Træna,1968,609
1835,Træna,1969,613
1835,Træna,1970,596
1835,Træna,1971,575
1835,Træna,1972,569
1835,Træna,1973,564
1835,Træna,1974,571
1835,Træna,1975,566
1835,Træna,1976,564
1835,Træna,1977,562
1835,Træna,1978,551
1835,Træna,1979,577
1835,Træna,1980,592
1835,Træna,1981,569
1835,Træna,1982,552
1835,Træna,1983,554
1835,Træna,1984,543
1835,Træna,1985,544
1836,Rødøy,1951,3044
1836,Rødøy,1952,3007
1836,Rødøy,1953,3006
1836,Rødøy,1954,2925
1836,Rødøy,1955,2890
1836,Rødøy,1956,2819
1836,Rødøy,1957,2748
1836,Rødøy,1958,2712
1836,Rødøy,1959,2701
1836,Rødøy,1960,2664
1836,Rødøy,1961,2586
1836,Rødøy,1962,2580
1836,Rødøy,1963,2540
1836,Rødøy,1964,2493
1836,Rødøy,1965,2479
1836,Rødøy,1966,2454
1836,Rødøy,1967,2433
1836,Rødøy,1968,2375
1836,Rødøy,1969,2341
1836,Rødøy,1970,2293
1836,Rødøy,1971,2221
1836,Rødøy,1972,2158
1836,Rødøy,1973,2130
1836,Rødøy,1974,2136
1836,Rødøy,1975,2113
1836,Rødøy,1976,2053
1836,Rødøy,1977,2030
1836,Rødøy,1978,1971
1836,Rødøy,1979,1935
1836,Rødøy,1980,1909
1836,Rødøy,1981,1916
1836,Rødøy,1982,1922
1836,Rødøy,1983,1958
1836,Rødøy,1984,1952
1836,Rødøy,1985,1932
1837,Meløy,1951,6243
1837,Meløy,1952,6408
1837,Meløy,1953,6532
1837,Meløy,1954,6668
1837,Meløy,1955,6842
1837,Meløy,1956,7027
1837,Meløy,1957,7262
1837,Meløy,1958,7397
1837,Meløy,1959,7440
1837,Meløy,1960,7400
1837,Meløy,1961,7266
1837,Meløy,1962,7300
1837,Meløy,1963,7360
1837,Meløy,1964,7411
1837,Meløy,1965,7537
1837,Meløy,1966,7499
1837,Meløy,1967,7474
1837,Meløy,1968,7458
1837,Meløy,1969,7385
1837,Meløy,1970,7253
1837,Meløy,1971,7015
1837,Meløy,1972,7061
1837,Meløy,1973,7069
1837,Meløy,1974,6996
1837,Meløy,1975,7002
1837,Meløy,1976,6964
1837,Meløy,1977,6867
1837,Meløy,1978,6859
1837,Meløy,1979,6892
1837,Meløy,1980,6928
1837,Meløy,1981,6931
1837,Meløy,1982,6968
1837,Meløy,1983,6994
1837,Meløy,1984,7014
1837,Meløy,1985,7062
1838,Gildeskål,1951,4771
1838,Gildeskål,1952,4761
1838,Gildeskål,1953,4688
1838,Gildeskål,1954,4652
1838,Gildeskål,1955,4583
1838,Gildeskål,1956,4490
1838,Gildeskål,1957,4381
1838,Gildeskål,1958,4374
1838,Gildeskål,1959,4276
1838,Gildeskål,1960,4308
1838,Gildeskål,1961,4188
1838,Gildeskål,1962,4117
1838,Gildeskål,1963,4037
1838,Gildeskål,1964,3978
1838,Gildeskål,1965,3880
1838,Gildeskål,1966,3780
1838,Gildeskål,1967,3749
1838,Gildeskål,1968,3669
1838,Gildeskål,1969,3548
1838,Gildeskål,1970,3510
1838,Gildeskål,1971,3437
1838,Gildeskål,1972,3320
1838,Gildeskål,1973,3244
1838,Gildeskål,1974,3193
1838,Gildeskål,1975,3139
1838,Gildeskål,1976,3097
1838,Gildeskål,1977,3024
1838,Gildeskål,1978,2976
1838,Gildeskål,1979,2921
1838,Gildeskål,1980,2887
1838,Gildeskål,1981,2838
1838,Gildeskål,1982,2839
1838,Gildeskål,1983,2792
1838,Gildeskål,1984,2815
1838,Gildeskål,1985,2776
1839,Beiarn,1951,2209
1839,Beiarn,1952,2171
1839,Beiarn,1953,2170
1839,Beiarn,1954,2132
1839,Beiarn,1955,2115
1839,Beiarn,1956,2144
1839,Beiarn,1957,2084
1839,Beiarn,1958,2022
1839,Beiarn,1959,1968
1839,Beiarn,1960,1947
1839,Beiarn,1961,1860
1839,Beiarn,1962,1916
1839,Beiarn,1963,1935
1839,Beiarn,1964,1904
1839,Beiarn,1965,1867
1839,Beiarn,1966,1856
1839,Beiarn,1967,1831
1839,Beiarn,1968,1835
1839,Beiarn,1969,1810
1839,Beiarn,1970,1776
1839,Beiarn,1971,1727
1839,Beiarn,1972,1732
1839,Beiarn,1973,1732
1839,Beiarn,1974,1696
1839,Beiarn,1975,1694
1839,Beiarn,1976,1690
1839,Beiarn,1977,1673
1839,Beiarn,1978,1639
1839,Beiarn,1979,1635
1839,Beiarn,1980,1629
1839,Beiarn,1981,1616
1839,Beiarn,1982,1637
1839,Beiarn,1983,1627
1839,Beiarn,1984,1652
1839,Beiarn,1985,1632
1840,Saltdal,1951,4747
1840,Saltdal,1952,4662
1840,Saltdal,1953,4655
1840,Saltdal,1954,4640
1840,Saltdal,1955,4598
1840,Saltdal,1956,4617
1840,Saltdal,1957,4588
1840,Saltdal,1958,4575
1840,Saltdal,1959,4556
1840,Saltdal,1960,4527
1840,Saltdal,1961,4522
1840,Saltdal,1962,4498
1840,Saltdal,1963,4418
1840,Saltdal,1964,4388
1840,Saltdal,1965,4380
1840,Saltdal,1966,4326
1840,Saltdal,1967,4302
1840,Saltdal,1968,4294
1840,Saltdal,1969,4255
1840,Saltdal,1970,4234
1840,Saltdal,1971,4320
1840,Saltdal,1972,4422
1840,Saltdal,1973,4599
1840,Saltdal,1974,4767
1840,Saltdal,1975,4908
1840,Saltdal,1976,5082
1840,Saltdal,1977,5156
1840,Saltdal,1978,5182
1840,Saltdal,1979,5234
1840,Saltdal,1980,5246
1840,Saltdal,1981,5266
1840,Saltdal,1982,5302
1840,Saltdal,1983,5315
1840,Saltdal,1984,5351
1840,Saltdal,1985,5307
1841,Fauske - Fuossko,1951,8038
1841,Fauske - Fuossko,1952,8036
1841,Fauske - Fuossko,1953,8031
1841,Fauske - Fuossko,1954,8125
1841,Fauske - Fuossko,1955,8219
1841,Fauske - Fuossko,1956,8502
1841,Fauske - Fuossko,1957,8581
1841,Fauske - Fuossko,1958,8567
1841,Fauske - Fuossko,1959,8694
1841,Fauske - Fuossko,1960,8721
1841,Fauske - Fuossko,1961,8560
1841,Fauske - Fuossko,1962,8510
1841,Fauske - Fuossko,1963,8479
1841,Fauske - Fuossko,1964,8394
1841,Fauske - Fuossko,1965,8350
1841,Fauske - Fuossko,1966,8414
1841,Fauske - Fuossko,1967,8503
1841,Fauske - Fuossko,1968,8681
1841,Fauske - Fuossko,1969,8735
1841,Fauske - Fuossko,1970,8722
1841,Fauske - Fuossko,1971,8673
1841,Fauske - Fuossko,1972,8776
1841,Fauske - Fuossko,1973,8866
1841,Fauske - Fuossko,1974,9002
1841,Fauske - Fuossko,1975,9170
1841,Fauske - Fuossko,1976,9189
1841,Fauske - Fuossko,1977,9193
1841,Fauske - Fuossko,1978,9314
1841,Fauske - Fuossko,1979,9439
1841,Fauske - Fuossko,1980,9576
1841,Fauske - Fuossko,1981,9721
1841,Fauske - Fuossko,1982,9880
1841,Fauske - Fuossko,1983,9949
1841,Fauske - Fuossko,1984,10078
1841,Fauske - Fuossko,1985,10093
1845,Sørfold - Fuolldá,1951,3489
1845,Sørfold - Fuolldá,1952,3498
1845,Sørfold - Fuolldá,1953,3482
1845,Sørfold - Fuolldá,1954,3477
1845,Sørfold - Fuolldá,1955,3428
1845,Sørfold - Fuolldá,1956,3364
1845,Sørfold - Fuolldá,1957,3293
1845,Sørfold - Fuolldá,1958,3278
1845,Sørfold - Fuolldá,1959,3271
1845,Sørfold - Fuolldá,1960,3236
1845,Sørfold - Fuolldá,1961,3185
1845,Sørfold - Fuolldá,1962,3137
1845,Sørfold - Fuolldá,1963,3111
1845,Sørfold - Fuolldá,1964,2958
1845,Sørfold - Fuolldá,1965,2930
1845,Sørfold - Fuolldá,1966,2877
1845,Sørfold - Fuolldá,1967,2898
1845,Sørfold - Fuolldá,1968,2944
1845,Sørfold - Fuolldá,1969,2838
1845,Sørfold - Fuolldá,1970,2849
1845,Sørfold - Fuolldá,1971,2858
1845,Sørfold - Fuolldá,1972,2865
1845,Sørfold - Fuolldá,1973,2847
1845,Sørfold - Fuolldá,1974,2826
1845,Sørfold - Fuolldá,1975,2800
1845,Sørfold - Fuolldá,1976,2828
1845,Sørfold - Fuolldá,1977,2833
1845,Sørfold - Fuolldá,1978,2808
1845,Sørfold - Fuolldá,1979,2774
1845,Sørfold - Fuolldá,1980,2837
1845,Sørfold - Fuolldá,1981,2849
1845,Sørfold - Fuolldá,1982,2925
1845,Sørfold - Fuolldá,1983,3025
1845,Sørfold - Fuolldá,1984,3065
1845,Sørfold - Fuolldá,1985,3040
1848,Steigen,1951,5023
1848,Steigen,1952,4971
1848,Steigen,1953,5000
1848,Steigen,1954,4956
1848,Steigen,1955,4875
1848,Steigen,1956,4849
1848,Steigen,1957,4778
1848,Steigen,1958,4701
1848,Steigen,1959,4681
1848,Steigen,1960,4664
1848,Steigen,1961,4634
1848,Steigen,1962,4590
1848,Steigen,1963,4504
1848,Steigen,1964,4545
1848,Steigen,1965,4505
1848,Steigen,1966,4462
1848,Steigen,1967,4345
1848,Steigen,1968,4266
1848,Steigen,1969,4188
1848,Steigen,1970,4068
1848,Steigen,1971,4011
1848,Steigen,1972,3919
1848,Steigen,1973,3879
1848,Steigen,1974,3867
1848,Steigen,1975,3828
1848,Steigen,1976,3838
1848,Steigen,1977,3789
1848,Steigen,1978,3722
1848,Steigen,1979,3755
1848,Steigen,1980,3711
1848,Steigen,1981,3728
1848,Steigen,1982,3776
1848,Steigen,1983,3782
1848,Steigen,1984,3704
1848,Steigen,1985,3641
1851,Lødingen,1951,3413
1851,Lødingen,1952,3405
1851,Lødingen,1953,3413
1851,Lødingen,1954,3435
1851,Lødingen,1955,3442
1851,Lødingen,1956,3491
1851,Lødingen,1957,3563
1851,Lødingen,1958,3565
1851,Lødingen,1959,3611
1851,Lødingen,1960,3625
1851,Lødingen,1961,3609
1851,Lødingen,1962,3584
1851,Lødingen,1963,3555
1851,Lødingen,1964,3224
1851,Lødingen,1965,3207
1851,Lødingen,1966,3175
1851,Lødingen,1967,3150
1851,Lødingen,1968,3158
1851,Lødingen,1969,3196
1851,Lødingen,1970,3118
1851,Lødingen,1971,3048
1851,Lødingen,1972,3077
1851,Lødingen,1973,3148
1851,Lødingen,1974,3144
1851,Lødingen,1975,3167
1851,Lødingen,1976,3148
1851,Lødingen,1977,3088
1851,Lødingen,1978,3081
1851,Lødingen,1979,3073
1851,Lødingen,1980,3100
1851,Lødingen,1981,3140
1851,Lødingen,1982,3083
1851,Lødingen,1983,3071
1851,Lødingen,1984,3075
1851,Lødingen,1985,3015
1853,Evenes - Evenássi,1951,2602
1853,Evenes - Evenássi,1952,2577
1853,Evenes - Evenássi,1953,2536
1853,Evenes - Evenássi,1954,2517
1853,Evenes - Evenássi,1955,2475
1853,Evenes - Evenássi,1956,2554
1853,Evenes - Evenássi,1957,2490
1853,Evenes - Evenássi,1958,2450
1853,Evenes - Evenássi,1959,2419
1853,Evenes - Evenássi,1960,2359
1853,Evenes - Evenássi,1961,2321
1853,Evenes - Evenássi,1962,2290
1853,Evenes - Evenássi,1963,2166
1853,Evenes - Evenássi,1964,2129
1853,Evenes - Evenássi,1965,2104
1853,Evenes - Evenássi,1966,2088
1853,Evenes - Evenássi,1967,1993
1853,Evenes - Evenássi,1968,1966
1853,Evenes - Evenássi,1969,1937
1853,Evenes - Evenássi,1970,1864
1853,Evenes - Evenássi,1971,1772
1853,Evenes - Evenássi,1972,1733
1853,Evenes - Evenássi,1973,1782
1853,Evenes - Evenássi,1974,1848
1853,Evenes - Evenássi,1975,1884
1853,Evenes - Evenássi,1976,1857
1853,Evenes - Evenássi,1977,1895
1853,Evenes - Evenássi,1978,1889
1853,Evenes - Evenássi,1979,1872
1853,Evenes - Evenássi,1980,1893
1853,Evenes - Evenássi,1981,1892
1853,Evenes - Evenássi,1982,1882
1853,Evenes - Evenássi,1983,1832
1853,Evenes - Evenássi,1984,1821
1853,Evenes - Evenássi,1985,1836
1856,Røst,1951,771
1856,Røst,1952,765
1856,Røst,1953,765
1856,Røst,1954,778
1856,Røst,1955,774
1856,Røst,1956,766
1856,Røst,1957,778
1856,Røst,1958,778
1856,Røst,1959,782
1856,Røst,1960,801
1856,Røst,1961,814
1856,Røst,1962,820
1856,Røst,1963,813
1856,Røst,1964,822
1856,Røst,1965,820
1856,Røst,1966,848
1856,Røst,1967,856
1856,Røst,1968,854
1856,Røst,1969,829
1856,Røst,1970,796
1856,Røst,1971,754
1856,Røst,1972,755
1856,Røst,1973,780
1856,Røst,1974,797
1856,Røst,1975,814
1856,Røst,1976,819
1856,Røst,1977,804
1856,Røst,1978,805
1856,Røst,1979,822
1856,Røst,1980,813
1856,Røst,1981,798
1856,Røst,1982,795
1856,Røst,1983,795
1856,Røst,1984,781
1856,Røst,1985,743
1857,Værøy,1951,1176
1857,Værøy,1952,1191
1857,Værøy,1953,1214
1857,Værøy,1954,1222
1857,Værøy,1955,1225
1857,Værøy,1956,1235
1857,Værøy,1957,1201
1857,Værøy,1958,1207
1857,Værøy,1959,1223
1857,Værøy,1960,1216
1857,Værøy,1961,1215
1857,Værøy,1962,1228
1857,Værøy,1963,1199
1857,Værøy,1964,1210
1857,Værøy,1965,1196
1857,Værøy,1966,1216
1857,Værøy,1967,1232
1857,Værøy,1968,1209
1857,Værøy,1969,1199
1857,Værøy,1970,1152
1857,Værøy,1971,1092
1857,Værøy,1972,1095
1857,Værøy,1973,1112
1857,Værøy,1974,1133
1857,Værøy,1975,1131
1857,Værøy,1976,1078
1857,Værøy,1977,1059
1857,Værøy,1978,1062
1857,Værøy,1979,1054
1857,Værøy,1980,1061
1857,Værøy,1981,1072
1857,Værøy,1982,1102
1857,Værøy,1983,1040
1857,Værøy,1984,1018
1857,Værøy,1985,967
1859,Flakstad,1951,2184
1859,Flakstad,1952,2185
1859,Flakstad,1953,2221
1859,Flakstad,1954,2243
1859,Flakstad,1955,2244
1859,Flakstad,1956,2264
1859,Flakstad,1957,2272
1859,Flakstad,1958,2256
1859,Flakstad,1959,2270
1859,Flakstad,1960,2265
1859,Flakstad,1961,2230
1859,Flakstad,1962,2227
1859,Flakstad,1963,2205
1859,Flakstad,1964,2199
1859,Flakstad,1965,2203
1859,Flakstad,1966,2186
1859,Flakstad,1967,2167
1859,Flakstad,1968,2164
1859,Flakstad,1969,2162
1859,Flakstad,1970,2136
1859,Flakstad,1971,2052
1859,Flakstad,1972,2037
1859,Flakstad,1973,2055
1859,Flakstad,1974,2053
1859,Flakstad,1975,2036
1859,Flakstad,1976,2007
1859,Flakstad,1977,1975
1859,Flakstad,1978,1965
1859,Flakstad,1979,1959
1859,Flakstad,1980,1960
1859,Flakstad,1981,1901
1859,Flakstad,1982,1887
1859,Flakstad,1983,1858
1859,Flakstad,1984,1836
1859,Flakstad,1985,1763
1860,Vestvågøy,1951,13039
1860,Vestvågøy,1952,13137
1860,Vestvågøy,1953,13136
1860,Vestvågøy,1954,13028
1860,Vestvågøy,1955,12978
1860,Vestvågøy,1956,13413
1860,Vestvågøy,1957,13361
1860,Vestvågøy,1958,13209
1860,Vestvågøy,1959,13104
1860,Vestvågøy,1960,13048
1860,Vestvågøy,1961,12303
1860,Vestvågøy,1962,12231
1860,Vestvågøy,1963,12288
1860,Vestvågøy,1964,12203
1860,Vestvågøy,1965,12056
1860,Vestvågøy,1966,11999
1860,Vestvågøy,1967,11742
1860,Vestvågøy,1968,11757
1860,Vestvågøy,1969,11673
1860,Vestvågøy,1970,11526
1860,Vestvågøy,1971,11268
1860,Vestvågøy,1972,11113
1860,Vestvågøy,1973,11213
1860,Vestvågøy,1974,11127
1860,Vestvågøy,1975,11108
1860,Vestvågøy,1976,11104
1860,Vestvågøy,1977,10913
1860,Vestvågøy,1978,11038
1860,Vestvågøy,1979,11020
1860,Vestvågøy,1980,11111
1860,Vestvågøy,1981,11157
1860,Vestvågøy,1982,11154
1860,Vestvågøy,1983,11082
1860,Vestvågøy,1984,10998
1860,Vestvågøy,1985,10846
1865,Vågan,1951,10675
1865,Vågan,1952,10748
1865,Vågan,1953,10795
1865,Vågan,1954,10764
1865,Vågan,1955,10768
1865,Vågan,1956,10814
1865,Vågan,1957,10759
1865,Vågan,1958,10618
1865,Vågan,1959,10565
1865,Vågan,1960,10605
1865,Vågan,1961,10550
1865,Vågan,1962,10414
1865,Vågan,1963,10380
1865,Vågan,1964,10323
1865,Vågan,1965,10195
1865,Vågan,1966,10134
1865,Vågan,1967,10002
1865,Vågan,1968,9854
1865,Vågan,1969,9788
1865,Vågan,1970,9715
1865,Vågan,1971,9490
1865,Vågan,1972,9601
1865,Vågan,1973,9628
1865,Vågan,1974,9731
1865,Vågan,1975,9744
1865,Vågan,1976,9686
1865,Vågan,1977,9673
1865,Vågan,1978,9640
1865,Vågan,1979,9693
1865,Vågan,1980,9766
1865,Vågan,1981,9743
1865,Vågan,1982,9694
1865,Vågan,1983,9634
1865,Vågan,1984,9567
1865,Vågan,1985,9584
1866,Hadsel,1951,9640
1866,Hadsel,1952,9649
1866,Hadsel,1953,9713
1866,Hadsel,1954,9756
1866,Hadsel,1955,9707
1866,Hadsel,1956,9786
1866,Hadsel,1957,9599
1866,Hadsel,1958,9565
1866,Hadsel,1959,9507
1866,Hadsel,1960,9470
1866,Hadsel,1961,9053
1866,Hadsel,1962,9014
1866,Hadsel,1963,8904
1866,Hadsel,1964,8824
1866,Hadsel,1965,8793
1866,Hadsel,1966,8804
1866,Hadsel,1967,8834
1866,Hadsel,1968,8851
1866,Hadsel,1969,8879
1866,Hadsel,1970,8817
1866,Hadsel,1971,8705
1866,Hadsel,1972,8787
1866,Hadsel,1973,8808
1866,Hadsel,1974,8810
1866,Hadsel,1975,8792
1866,Hadsel,1976,8797
1866,Hadsel,1977,8825
1866,Hadsel,1978,8837
1866,Hadsel,1979,8872
1866,Hadsel,1980,8837
1866,Hadsel,1981,8794
1866,Hadsel,1982,8762
1866,Hadsel,1983,8810
1866,Hadsel,1984,8792
1866,Hadsel,1985,8785
1867,Bø,1951,5857
1867,Bø,1952,5907
1867,Bø,1953,5905
1867,Bø,1954,5925
1867,Bø,1955,5910
1867,Bø,1956,5888
1867,Bø,1957,5838
1867,Bø,1958,5763
1867,Bø,1959,5725
1867,Bø,1960,5697
1867,Bø,1961,5584
1867,Bø,1962,5551
1867,Bø,1963,5437
1867,Bø,1964,5583
1867,Bø,1965,5461
1867,Bø,1966,5323
1867,Bø,1967,5343
1867,Bø,1968,5278
1867,Bø,1969,5116
1867,Bø,1970,4962
1867,Bø,1971,4794
1867,Bø,1972,4803
1867,Bø,1973,4816
1867,Bø,1974,4805
1867,Bø,1975,4737
1867,Bø,1976,4676
1867,Bø,1977,4613
1867,Bø,1978,4571
1867,Bø,1979,4555
1867,Bø,1980,4503
1867,Bø,1981,4407
1867,Bø,1982,4312
1867,Bø,1983,4279
1867,Bø,1984,4219
1867,Bø,1985,4202
1868,Øksnes,1951,5213
1868,Øksnes,1952,5207
1868,Øksnes,1953,5270
1868,Øksnes,1954,5301
1868,Øksnes,1955,5298
1868,Øksnes,1956,5542
1868,Øksnes,1957,5549
1868,Øksnes,1958,5521
1868,Øksnes,1959,5556
1868,Øksnes,1960,5608
1868,Øksnes,1961,5485
1868,Øksnes,1962,5490
1868,Øksnes,1963,5427
1868,Øksnes,1964,5149
1868,Øksnes,1965,5188
1868,Øksnes,1966,5220
1868,Øksnes,1967,5282
1868,Øksnes,1968,5320
1868,Øksnes,1969,5286
1868,Øksnes,1970,5302
1868,Øksnes,1971,5276
1868,Øksnes,1972,5280
1868,Øksnes,1973,5317
1868,Øksnes,1974,5381
1868,Øksnes,1975,5417
1868,Øksnes,1976,5383
1868,Øksnes,1977,5372
1868,Øksnes,1978,5309
1868,Øksnes,1979,5333
1868,Øksnes,1980,5276
1868,Øksnes,1981,5275
1868,Øksnes,1982,5269
1868,Øksnes,1983,5236
1868,Øksnes,1984,5194
1868,Øksnes,1985,5119
1870,Sortland - Suortá,1951,6954
1870,Sortland - Suortá,1952,6941
1870,Sortland - Suortá,1953,7046
1870,Sortland - Suortá,1954,7142
1870,Sortland - Suortá,1955,7129
1870,Sortland - Suortá,1956,7247
1870,Sortland - Suortá,1957,7264
1870,Sortland - Suortá,1958,7292
1870,Sortland - Suortá,1959,7348
1870,Sortland - Suortá,1960,7330
1870,Sortland - Suortá,1961,7296
1870,Sortland - Suortá,1962,7256
1870,Sortland - Suortá,1963,7271
1870,Sortland - Suortá,1964,7312
1870,Sortland - Suortá,1965,7257
1870,Sortland - Suortá,1966,7203
1870,Sortland - Suortá,1967,7244
1870,Sortland - Suortá,1968,7255
1870,Sortland - Suortá,1969,7268
1870,Sortland - Suortá,1970,7209
1870,Sortland - Suortá,1971,7100
1870,Sortland - Suortá,1972,7140
1870,Sortland - Suortá,1973,7221
1870,Sortland - Suortá,1974,7269
1870,Sortland - Suortá,1975,7448
1870,Sortland - Suortá,1976,7481
1870,Sortland - Suortá,1977,7608
1870,Sortland - Suortá,1978,7694
1870,Sortland - Suortá,1979,7798
1870,Sortland - Suortá,1980,7882
1870,Sortland - Suortá,1981,8008
1870,Sortland - Suortá,1982,8035
1870,Sortland - Suortá,1983,8110
1870,Sortland - Suortá,1984,8149
1870,Sortland - Suortá,1985,8156
1871,Andøy,1951,6351
1871,Andøy,1952,6375
1871,Andøy,1953,6429
1871,Andøy,1954,6546
1871,Andøy,1955,6662
1871,Andøy,1956,6780
1871,Andøy,1957,6765
1871,Andøy,1958,6826
1871,Andøy,1959,6797
1871,Andøy,1960,6888
1871,Andøy,1961,7009
1871,Andøy,1962,7033
1871,Andøy,1963,7142
1871,Andøy,1964,7366
1871,Andøy,1965,7463
1871,Andøy,1966,7561
1871,Andøy,1967,7678
1871,Andøy,1968,7843
1871,Andøy,1969,7902
1871,Andøy,1970,8015
1871,Andøy,1971,8060
1871,Andøy,1972,7890
1871,Andøy,1973,7875
1871,Andøy,1974,7949
1871,Andøy,1975,7938
1871,Andøy,1976,7845
1871,Andøy,1977,7732
1871,Andøy,1978,7569
1871,Andøy,1979,7502
1871,Andøy,1980,7441
1871,Andøy,1981,7356
1871,Andøy,1982,7270
1871,Andøy,1983,7224
1871,Andøy,1984,7205
1871,Andøy,1985,7106
1874,Moskenes,1951,1855
1874,Moskenes,1952,1857
1874,Moskenes,1953,1887
1874,Moskenes,1954,1906
1874,Moskenes,1955,1906
1874,Moskenes,1956,1924
1874,Moskenes,1957,1931
1874,Moskenes,1958,1916
1874,Moskenes,1959,1929
1874,Moskenes,1960,1924
1874,Moskenes,1961,1894
1874,Moskenes,1962,1891
1874,Moskenes,1963,1873
1874,Moskenes,1964,1869
1874,Moskenes,1965,1872
1874,Moskenes,1966,1857
1874,Moskenes,1967,1841
1874,Moskenes,1968,1839
1874,Moskenes,1969,1836
1874,Moskenes,1970,1814
1874,Moskenes,1971,1744
1874,Moskenes,1972,1731
1874,Moskenes,1973,1746
1874,Moskenes,1974,1744
1874,Moskenes,1975,1729
1874,Moskenes,1976,1705
1874,Moskenes,1977,1695
1874,Moskenes,1978,1700
1874,Moskenes,1979,1693
1874,Moskenes,1980,1667
1874,Moskenes,1981,1658
1874,Moskenes,1982,1634
1874,Moskenes,1983,1654
1874,Moskenes,1984,1627
1874,Moskenes,1985,1593
1875,Hábmer - Hamarøy,1951,5489
1875,Hábmer - Hamarøy,1952,5473
1875,Hábmer - Hamarøy,1953,5449
1875,Hábmer - Hamarøy,1954,5397
1875,Hábmer - Hamarøy,1955,5402
1875,Hábmer - Hamarøy,1956,5346
1875,Hábmer - Hamarøy,1957,5244
1875,Hábmer - Hamarøy,1958,5219
1875,Hábmer - Hamarøy,1959,5132
1875,Hábmer - Hamarøy,1960,5095
1875,Hábmer - Hamarøy,1961,5066
1875,Hábmer - Hamarøy,1962,5065
1875,Hábmer - Hamarøy,1963,4913
1875,Hábmer - Hamarøy,1964,4769
1875,Hábmer - Hamarøy,1965,4743
1875,Hábmer - Hamarøy,1966,4649
1875,Hábmer - Hamarøy,1967,4480
1875,Hábmer - Hamarøy,1968,4443
1875,Hábmer - Hamarøy,1969,4319
1875,Hábmer - Hamarøy,1970,4234
1875,Hábmer - Hamarøy,1971,4088
1875,Hábmer - Hamarøy,1972,4118
1875,Hábmer - Hamarøy,1973,4081
1875,Hábmer - Hamarøy,1974,4079
1875,Hábmer - Hamarøy,1975,4061
1875,Hábmer - Hamarøy,1976,4023
1875,Hábmer - Hamarøy,1977,3975
1875,Hábmer - Hamarøy,1978,3967
1875,Hábmer - Hamarøy,1979,3904
1875,Hábmer - Hamarøy,1980,3905
1875,Hábmer - Hamarøy,1981,3930
1875,Hábmer - Hamarøy,1982,4003
1875,Hábmer - Hamarøy,1983,3981
1875,Hábmer - Hamarøy,1984,3962
1875,Hábmer - Hamarøy,1985,3925
3101,Halden,1951,23388
3101,Halden,1952,23690
3101,Halden,1953,24032
3101,Halden,1954,24177
3101,Halden,1955,24454
3101,Halden,1956,24598
3101,Halden,1957,24692
3101,Halden,1958,24811
3101,Halden,1959,25114
3101,Halden,1960,25405
3101,Halden,1961,25550
3101,Halden,1962,25937
3101,Halden,1963,25970
3101,Halden,1964,26089
3101,Halden,1965,26290
3101,Halden,1966,26389
3101,Halden,1967,26525
3101,Halden,1968,26588
3101,Halden,1969,26689
3101,Halden,1970,26694
3101,Halden,1971,26687
3101,Halden,1972,27024
3101,Halden,1973,26958
3101,Halden,1974,27182
3101,Halden,1975,27124
3101,Halden,1976,27082
3101,Halden,1977,27056
3101,Halden,1978,26979
3101,Halden,1979,26810
3101,Halden,1980,26696
3101,Halden,1981,26528
3101,Halden,1982,26361
3101,Halden,1983,26219
3101,Halden,1984,26050
3101,Halden,1985,25876
3103,Moss,1951,23111
3103,Moss,1952,23422
3103,Moss,1953,23577
3103,Moss,1954,23948
3103,Moss,1955,24505
3103,Moss,1956,25279
3103,Moss,1957,25871
3103,Moss,1958,26381
3103,Moss,1959,26861
3103,Moss,1960,27510
3103,Moss,1961,28012
3103,Moss,1962,28771
3103,Moss,1963,29368
3103,Moss,1964,29961
3103,Moss,1965,30630
3103,Moss,1966,31190
3103,Moss,1967,32285
3103,Moss,1968,32955
3103,Moss,1969,33604
3103,Moss,1970,33979
3103,Moss,1971,34686
3103,Moss,1972,35094
3103,Moss,1973,35146
3103,Moss,1974,35146
3103,Moss,1975,35265
3103,Moss,1976,35512
3103,Moss,1977,35816
3103,Moss,1978,35802
3103,Moss,1979,36193
3103,Moss,1980,36583
3103,Moss,1981,36577
3103,Moss,1982,36603
3103,Moss,1983,36519
3103,Moss,1984,36413
3103,Moss,1985,36370
3105,Sarpsborg,1951,34180
3105,Sarpsborg,1952,34874
3105,Sarpsborg,1953,35447
3105,Sarpsborg,1954,35845
3105,Sarpsborg,1955,36469
3105,Sarpsborg,1956,36739
3105,Sarpsborg,1957,37235
3105,Sarpsborg,1958,37780
3105,Sarpsborg,1959,38106
3105,Sarpsborg,1960,38446
3105,Sarpsborg,1961,38747
3105,Sarpsborg,1962,39278
3105,Sarpsborg,1963,39669
3105,Sarpsborg,1964,39760
3105,Sarpsborg,1965,40275
3105,Sarpsborg,1966,40688
3105,Sarpsborg,1967,40658
3105,Sarpsborg,1968,41024
3105,Sarpsborg,1969,41719
3105,Sarpsborg,1970,42496
3105,Sarpsborg,1971,43352
3105,Sarpsborg,1972,43895
3105,Sarpsborg,1973,44037
3105,Sarpsborg,1974,44654
3105,Sarpsborg,1975,44967
3105,Sarpsborg,1976,45124
3105,Sarpsborg,1977,45398
3105,Sarpsborg,1978,45567
3105,Sarpsborg,1979,45645
3105,Sarpsborg,1980,45664
3105,Sarpsborg,1981,45824
3105,Sarpsborg,1982,45883
3105,Sarpsborg,1983,46148
3105,Sarpsborg,1984,46126
3105,Sarpsborg,1985,46212
3107,Fredrikstad,1951,52575
3107,Fredrikstad,1952,52937
3107,Fredrikstad,1953,53315
3107,Fredrikstad,1954,53885
3107,Fredrikstad,1955,54633
3107,Fredrikstad,1956,55681
3107,Fredrikstad,1957,56395
3107,Fredrikstad,1958,57015
3107,Fredrikstad,1959,57510
3107,Fredrikstad,1960,57988
3107,Fredrikstad,1961,58382
3107,Fredrikstad,1962,58896
3107,Fredrikstad,1963,59301
3107,Fredrikstad,1964,59818
3107,Fredrikstad,1965,60287
3107,Fredrikstad,1966,60690
3107,Fredrikstad,1967,61203
3107,Fredrikstad,1968,61782
3107,Fredrikstad,1969,62196
3107,Fredrikstad,1970,62797
3107,Fredrikstad,1971,63453
3107,Fredrikstad,1972,64039
3107,Fredrikstad,1973,64790
3107,Fredrikstad,1974,64759
3107,Fredrikstad,1975,64773
3107,Fredrikstad,1976,64608
3107,Fredrikstad,1977,64407
3107,Fredrikstad,1978,64173
3107,Fredrikstad,1979,64030
3107,Fredrikstad,1980,63710
3107,Fredrikstad,1981,63785
3107,Fredrikstad,1982,63838
3107,Fredrikstad,1983,63981
3107,Fredrikstad,1984,63864
3107,Fredrikstad,1985,63948
3110,Hvaler,1951,3335
3110,Hvaler,1952,3328
3110,Hvaler,1953,3289
3110,Hvaler,1954,3188
3110,Hvaler,1955,3146
3110,Hvaler,1956,3070
3110,Hvaler,1957,3043
3110,Hvaler,1958,2971
3110,Hvaler,1959,2920
3110,Hvaler,1960,2872
3110,Hvaler,1961,2749
3110,Hvaler,1962,2645
3110,Hvaler,1963,2603
3110,Hvaler,1964,2542
3110,Hvaler,1965,2490
3110,Hvaler,1966,2440
3110,Hvaler,1967,2386
3110,Hvaler,1968,2323
3110,Hvaler,1969,2282
3110,Hvaler,1970,2309
3110,Hvaler,1971,2247
3110,Hvaler,1972,2285
3110,Hvaler,1973,2350
3110,Hvaler,1974,2389
3110,Hvaler,1975,2435
3110,Hvaler,1976,2458
3110,Hvaler,1977,2494
3110,Hvaler,1978,2538
3110,Hvaler,1979,2554
3110,Hvaler,1980,2571
3110,Hvaler,1981,2668
3110,Hvaler,1982,2761
3110,Hvaler,1983,2838
3110,Hvaler,1984,2870
3110,Hvaler,1985,2889
3112,Råde,1951,3421
3112,Råde,1952,3460
3112,Råde,1953,3529
3112,Råde,1954,3531
3112,Råde,1955,3580
3112,Råde,1956,3670
3112,Råde,1957,3720
3112,Råde,1958,3715
3112,Råde,1959,3764
3112,Råde,1960,3827
3112,Råde,1961,3804
3112,Råde,1962,3814
3112,Råde,1963,3841
3112,Råde,1964,3859
3112,Råde,1965,3951
3112,Råde,1966,4016
3112,Råde,1967,4130
3112,Råde,1968,4291
3112,Råde,1969,4391
3112,Råde,1970,4416
3112,Råde,1971,4463
3112,Råde,1972,4546
3112,Råde,1973,4627
3112,Råde,1974,4725
3112,Råde,1975,4924
3112,Råde,1976,4970
3112,Råde,1977,5046
3112,Råde,1978,5257
3112,Råde,1979,5284
3112,Råde,1980,5355
3112,Råde,1981,5416
3112,Råde,1982,5524
3112,Råde,1983,5644
3112,Råde,1984,5779
3112,Råde,1985,5829
3114,Våler (Østfold),1951,2336
3114,Våler (Østfold),1952,2406
3114,Våler (Østfold),1953,2403
3114,Våler (Østfold),1954,2362
3114,Våler (Østfold),1955,2344
3114,Våler (Østfold),1956,2415
3114,Våler (Østfold),1957,2377
3114,Våler (Østfold),1958,2390
3114,Våler (Østfold),1959,2396
3114,Våler (Østfold),1960,2388
3114,Våler (Østfold),1961,2355
3114,Våler (Østfold),1962,2348
3114,Våler (Østfold),1963,2342
3114,Våler (Østfold),1964,2335
3114,Våler (Østfold),1965,2288
3114,Våler (Østfold),1966,2268
3114,Våler (Østfold),1967,2257
3114,Våler (Østfold),1968,2209
3114,Våler (Østfold),1969,2174
3114,Våler (Østfold),1970,2196
3114,Våler (Østfold),1971,2360
3114,Våler (Østfold),1972,2362
3114,Våler (Østfold),1973,2368
3114,Våler (Østfold),1974,2417
3114,Våler (Østfold),1975,2440
3114,Våler (Østfold),1976,2611
3114,Våler (Østfold),1977,2728
3114,Våler (Østfold),1978,2954
3114,Våler (Østfold),1979,3132
3114,Våler (Østfold),1980,3227
3114,Våler (Østfold),1981,3323
3114,Våler (Østfold),1982,3384
3114,Våler (Østfold),1983,3409
3114,Våler (Østfold),1984,3492
3114,Våler (Østfold),1985,3507
3116,Skiptvet,1951,2627
3116,Skiptvet,1952,2632
3116,Skiptvet,1953,2676
3116,Skiptvet,1954,2697
3116,Skiptvet,1955,2685
3116,Skiptvet,1956,2703
3116,Skiptvet,1957,2669
3116,Skiptvet,1958,2675
3116,Skiptvet,1959,2624
3116,Skiptvet,1960,2593
3116,Skiptvet,1961,2545
3116,Skiptvet,1962,2501
3116,Skiptvet,1963,2423
3116,Skiptvet,1964,2423
3116,Skiptvet,1965,2423
3116,Skiptvet,1966,2423
3116,Skiptvet,1967,2450
3116,Skiptvet,1968,2462
3116,Skiptvet,1969,2439
3116,Skiptvet,1970,2443
3116,Skiptvet,1971,2413
3116,Skiptvet,1972,2458
3116,Skiptvet,1973,2470
3116,Skiptvet,1974,2513
3116,Skiptvet,1975,2507
3116,Skiptvet,1976,2556
3116,Skiptvet,1977,2673
3116,Skiptvet,1978,2738
3116,Skiptvet,1979,2806
3116,Skiptvet,1980,2859
3116,Skiptvet,1981,3025
3116,Skiptvet,1982,3135
3116,Skiptvet,1983,3163
3116,Skiptvet,1984,3155
3116,Skiptvet,1985,3119
3118,Indre Østfold,1951,27120
3118,Indre Østfold,1952,27352
3118,Indre Østfold,1953,27446
3118,Indre Østfold,1954,27535
3118,Indre Østfold,1955,27478
3118,Indre Østfold,1956,27415
3118,Indre Østfold,1957,27483
3118,Indre Østfold,1958,27573
3118,Indre Østfold,1959,27781
3118,Indre Østfold,1960,27736
3118,Indre Østfold,1961,27866
3118,Indre Østfold,1962,27973
3118,Indre Østfold,1963,28038
3118,Indre Østfold,1964,28086
3118,Indre Østfold,1965,28121
3118,Indre Østfold,1966,28333
3118,Indre Østfold,1967,28463
3118,Indre Østfold,1968,28810
3118,Indre Østfold,1969,29126
3118,Indre Østfold,1970,29211
3118,Indre Østfold,1971,29784
3118,Indre Østfold,1972,30276
3118,Indre Østfold,1973,30588
3118,Indre Østfold,1974,30786
3118,Indre Østfold,1975,31196
3118,Indre Østfold,1976,31274
3118,Indre Østfold,1977,31438
3118,Indre Østfold,1978,32089
3118,Indre Østfold,1979,32784
3118,Indre Østfold,1980,33101
3118,Indre Østfold,1981,33405
3118,Indre Østfold,1982,33665
3118,Indre Østfold,1983,33977
3118,Indre Østfold,1984,34239
3118,Indre Østfold,1985,34384
3120,Rakkestad,1951,7520
3120,Rakkestad,1952,7549
3120,Rakkestad,1953,7545
3120,Rakkestad,1954,7468
3120,Rakkestad,1955,7420
3120,Rakkestad,1956,7265
3120,Rakkestad,1957,7257
3120,Rakkestad,1958,7213
3120,Rakkestad,1959,7137
3120,Rakkestad,1960,7087
3120,Rakkestad,1961,7015
3120,Rakkestad,1962,6981
3120,Rakkestad,1963,6950
3120,Rakkestad,1964,6959
3120,Rakkestad,1965,6894
3120,Rakkestad,1966,6783
3120,Rakkestad,1967,6787
3120,Rakkestad,1968,6789
3120,Rakkestad,1969,6699
3120,Rakkestad,1970,6655
3120,Rakkestad,1971,6619
3120,Rakkestad,1972,6689
3120,Rakkestad,1973,6763
3120,Rakkestad,1974,6806
3120,Rakkestad,1975,6852
3120,Rakkestad,1976,6834
3120,Rakkestad,1977,6918
3120,Rakkestad,1978,6993
3120,Rakkestad,1979,7029
3120,Rakkestad,1980,7097
3120,Rakkestad,1981,7155
3120,Rakkestad,1982,7168
3120,Rakkestad,1983,7174
3120,Rakkestad,1984,7229
3120,Rakkestad,1985,7215
3122,Marker,1951,3510
3122,Marker,1952,3528
3122,Marker,1953,3580
3122,Marker,1954,3530
3122,Marker,1955,3538
3122,Marker,1956,3534
3122,Marker,1957,3550
3122,Marker,1958,3552
3122,Marker,1959,3581
3122,Marker,1960,3569
3122,Marker,1961,3526
3122,Marker,1962,3414
3122,Marker,1963,3394
3122,Marker,1964,3405
3122,Marker,1965,3405
3122,Marker,1966,3373
3122,Marker,1967,3399
3122,Marker,1968,3383
3122,Marker,1969,3311
3122,Marker,1970,3319
3122,Marker,1971,3309
3122,Marker,1972,3317
3122,Marker,1973,3382
3122,Marker,1974,3406
3122,Marker,1975,3446
3122,Marker,1976,3445
3122,Marker,1977,3456
3122,Marker,1978,3453
3122,Marker,1979,3462
3122,Marker,1980,3461
3122,Marker,1981,3477
3122,Marker,1982,3455
3122,Marker,1983,3485
3122,Marker,1984,3495
3122,Marker,1985,3471
3124,Aremark,1951,1721
3124,Aremark,1952,1673
3124,Aremark,1953,1637
3124,Aremark,1954,1623
3124,Aremark,1955,1606
3124,Aremark,1956,1658
3124,Aremark,1957,1615
3124,Aremark,1958,1557
3124,Aremark,1959,1533
3124,Aremark,1960,1485
3124,Aremark,1961,1482
3124,Aremark,1962,1471
3124,Aremark,1963,1429
3124,Aremark,1964,1381
3124,Aremark,1965,1378
3124,Aremark,1966,1372
3124,Aremark,1967,1363
3124,Aremark,1968,1353
3124,Aremark,1969,1343
3124,Aremark,1970,1339
3124,Aremark,1971,1362
3124,Aremark,1972,1377
3124,Aremark,1973,1374
3124,Aremark,1974,1360
3124,Aremark,1975,1357
3124,Aremark,1976,1364
3124,Aremark,1977,1345
3124,Aremark,1978,1376
3124,Aremark,1979,1365
3124,Aremark,1980,1386
3124,Aremark,1981,1431
3124,Aremark,1982,1476
3124,Aremark,1983,1478
3124,Aremark,1984,1523
3124,Aremark,1985,1519
3201,Bærum,1951,35838
3201,Bærum,1952,37136
3201,Bærum,1953,38191
3201,Bærum,1954,40441
3201,Bærum,1955,43029
3201,Bærum,1956,45466
3201,Bærum,1957,48172
3201,Bærum,1958,50776
3201,Bærum,1959,53400
3201,Bærum,1960,55425
3201,Bærum,1961,57573
3201,Bærum,1962,59749
3201,Bærum,1963,62334
3201,Bærum,1964,64360
3201,Bærum,1965,66695
3201,Bærum,1966,67971
3201,Bærum,1967,69617
3201,Bærum,1968,71066
3201,Bærum,1969,72887
3201,Bærum,1970,74655
3201,Bærum,1971,76580
3201,Bærum,1972,78780
3201,Bærum,1973,80400
3201,Bærum,1974,80894
3201,Bærum,1975,81509
3201,Bærum,1976,81492
3201,Bærum,1977,81047
3201,Bærum,1978,80813
3201,Bærum,1979,80292
3201,Bærum,1980,79819
3201,Bærum,1981,80385
3201,Bærum,1982,80816
3201,Bærum,1983,80908
3201,Bærum,1984,81295
3201,Bærum,1985,82918
3203,Asker,1951,27225
3203,Asker,1952,27499
3203,Asker,1953,27806
3203,Asker,1954,28259
3203,Asker,1955,28630
3203,Asker,1956,29484
3203,Asker,1957,30081
3203,Asker,1958,30524
3203,Asker,1959,31010
3203,Asker,1960,31615
3203,Asker,1961,32493
3203,Asker,1962,33700
3203,Asker,1963,34606
3203,Asker,1964,36232
3203,Asker,1965,37598
3203,Asker,1966,39140
3203,Asker,1967,40727
3203,Asker,1968,42552
3203,Asker,1969,43989
3203,Asker,1970,46213
3203,Asker,1971,48668
3203,Asker,1972,50059
3203,Asker,1973,50906
3203,Asker,1974,51992
3203,Asker,1975,52839
3203,Asker,1976,53387
3203,Asker,1977,53718
3203,Asker,1978,54290
3203,Asker,1979,55221
3203,Asker,1980,55997
3203,Asker,1981,56383
3203,Asker,1982,57033
3203,Asker,1983,57581
3203,Asker,1984,58028
3203,Asker,1985,59102
3205,Lillestrøm,1951,28107
3205,Lillestrøm,1952,28825
3205,Lillestrøm,1953,29315
3205,Lillestrøm,1954,29980
3205,Lillestrøm,1955,30777
3205,Lillestrøm,1956,31573
3205,Lillestrøm,1957,32124
3205,Lillestrøm,1958,32475
3205,Lillestrøm,1959,33027
3205,Lillestrøm,1960,33609
3205,Lillestrøm,1961,34651
3205,Lillestrøm,1962,35791
3205,Lillestrøm,1963,36996
3205,Lillestrøm,1964,38211
3205,Lillestrøm,1965,39407
3205,Lillestrøm,1966,40492
3205,Lillestrøm,1967,41547
3205,Lillestrøm,1968,42578
3205,Lillestrøm,1969,43789
3205,Lillestrøm,1970,45051
3205,Lillestrøm,1971,46182
3205,Lillestrøm,1972,46991
3205,Lillestrøm,1973,48378
3205,Lillestrøm,1974,49244
3205,Lillestrøm,1975,50111
3205,Lillestrøm,1976,50853
3205,Lillestrøm,1977,50764
3205,Lillestrøm,1978,50393
3205,Lillestrøm,1979,50184
3205,Lillestrøm,1980,49674
3205,Lillestrøm,1981,49421
3205,Lillestrøm,1982,49379
3205,Lillestrøm,1983,49157
3205,Lillestrøm,1984,49540
3205,Lillestrøm,1985,50025
3207,Nordre Follo,1951,13206
3207,Nordre Follo,1952,13550
3207,Nordre Follo,1953,13887
3207,Nordre Follo,1954,14329
3207,Nordre Follo,1955,14613
3207,Nordre Follo,1956,14900
3207,Nordre Follo,1957,15249
3207,Nordre Follo,1958,15502
3207,Nordre Follo,1959,15914
3207,Nordre Follo,1960,16311
3207,Nordre Follo,1961,16960
3207,Nordre Follo,1962,17606
3207,Nordre Follo,1963,18397
3207,Nordre Follo,1964,19547
3207,Nordre Follo,1965,20845
3207,Nordre Follo,1966,21981
3207,Nordre Follo,1967,22706
3207,Nordre Follo,1968,23569
3207,Nordre Follo,1969,24685
3207,Nordre Follo,1970,26386
3207,Nordre Follo,1971,28962
3207,Nordre Follo,1972,29884
3207,Nordre Follo,1973,30667
3207,Nordre Follo,1974,31327
3207,Nordre Follo,1975,31907
3207,Nordre Follo,1976,33029
3207,Nordre Follo,1977,34082
3207,Nordre Follo,1978,34757
3207,Nordre Follo,1979,35242
3207,Nordre Follo,1980,35931
3207,Nordre Follo,1981,36151
3207,Nordre Follo,1982,36809
3207,Nordre Follo,1983,37924
3207,Nordre Follo,1984,38872
3207,Nordre Follo,1985,39452
3209,Ullensaker,1951,9195
3209,Ullensaker,1952,9397
3209,Ullensaker,1953,9716
3209,Ullensaker,1954,9972
3209,Ullensaker,1955,10154
3209,Ullensaker,1956,10867
3209,Ullensaker,1957,10937
3209,Ullensaker,1958,11073
3209,Ullensaker,1959,11298
3209,Ullensaker,1960,11351
3209,Ullensaker,1961,11611
3209,Ullensaker,1962,11749
3209,Ullensaker,1963,12229
3209,Ullensaker,1964,12510
3209,Ullensaker,1965,12712
3209,Ullensaker,1966,12826
3209,Ullensaker,1967,13195
3209,Ullensaker,1968,13359
3209,Ullensaker,1969,14002
3209,Ullensaker,1970,14852
3209,Ullensaker,1971,15800
3209,Ullensaker,1972,16380
3209,Ullensaker,1973,16663
3209,Ullensaker,1974,16916
3209,Ullensaker,1975,16870
3209,Ullensaker,1976,16780
3209,Ullensaker,1977,16726
3209,Ullensaker,1978,16755
3209,Ullensaker,1979,16704
3209,Ullensaker,1980,16781
3209,Ullensaker,1981,16906
3209,Ullensaker,1982,17081
3209,Ullensaker,1983,17094
3209,Ullensaker,1984,17092
3209,Ullensaker,1985,17506
3212,Nesodden,1951,4741
3212,Nesodden,1952,4805
3212,Nesodden,1953,4839
3212,Nesodden,1954,4930
3212,Nesodden,1955,4976
3212,Nesodden,1956,5230
3212,Nesodden,1957,5422
3212,Nesodden,1958,5603
3212,Nesodden,1959,5757
3212,Nesodden,1960,5930
3212,Nesodden,1961,6459
3212,Nesodden,1962,6793
3212,Nesodden,1963,7251
3212,Nesodden,1964,7577
3212,Nesodden,1965,7829
3212,Nesodden,1966,8255
3212,Nesodden,1967,8473
3212,Nesodden,1968,8688
3212,Nesodden,1969,8833
3212,Nesodden,1970,9029
3212,Nesodden,1971,9228
3212,Nesodden,1972,9372
3212,Nesodden,1973,9427
3212,Nesodden,1974,9466
3212,Nesodden,1975,9526
3212,Nesodden,1976,9562
3212,Nesodden,1977,9471
3212,Nesodden,1978,9564
3212,Nesodden,1979,9742
3212,Nesodden,1980,9856
3212,Nesodden,1981,9922
3212,Nesodden,1982,10187
3212,Nesodden,1983,10423
3212,Nesodden,1984,10739
3212,Nesodden,1985,11243
3214,Frogn,1951,4879
3214,Frogn,1952,5005
3214,Frogn,1953,5077
3214,Frogn,1954,5088
3214,Frogn,1955,5144
3214,Frogn,1956,5200
3214,Frogn,1957,5328
3214,Frogn,1958,5524
3214,Frogn,1959,5539
3214,Frogn,1960,5724
3214,Frogn,1961,5749
3214,Frogn,1962,5851
3214,Frogn,1963,5957
3214,Frogn,1964,6033
3214,Frogn,1965,6211
3214,Frogn,1966,6350
3214,Frogn,1967,6514
3214,Frogn,1968,6923
3214,Frogn,1969,7142
3214,Frogn,1970,7337
3214,Frogn,1971,7771
3214,Frogn,1972,8228
3214,Frogn,1973,8421
3214,Frogn,1974,8604
3214,Frogn,1975,8670
3214,Frogn,1976,8773
3214,Frogn,1977,8840
3214,Frogn,1978,8820
3214,Frogn,1979,8851
3214,Frogn,1980,8810
3214,Frogn,1981,8829
3214,Frogn,1982,8803
3214,Frogn,1983,8840
3214,Frogn,1984,8922
3214,Frogn,1985,9223
3216,Vestby,1951,4588
3216,Vestby,1952,4656
3216,Vestby,1953,4713
3216,Vestby,1954,4760
3216,Vestby,1955,4797
3216,Vestby,1956,4834
3216,Vestby,1957,4916
3216,Vestby,1958,4941
3216,Vestby,1959,4856
3216,Vestby,1960,4916
3216,Vestby,1961,5041
3216,Vestby,1962,5073
3216,Vestby,1963,5071
3216,Vestby,1964,5018
3216,Vestby,1965,5103
3216,Vestby,1966,5229
3216,Vestby,1967,5367
3216,Vestby,1968,5495
3216,Vestby,1969,5565
3216,Vestby,1970,5697
3216,Vestby,1971,5713
3216,Vestby,1972,5809
3216,Vestby,1973,6115
3216,Vestby,1974,6585
3216,Vestby,1975,6846
3216,Vestby,1976,7265
3216,Vestby,1977,7739
3216,Vestby,1978,8324
3216,Vestby,1979,8932
3216,Vestby,1980,9267
3216,Vestby,1981,9693
3216,Vestby,1982,9901
3216,Vestby,1983,10051
3216,Vestby,1984,10503
3216,Vestby,1985,10657
3218,Ås,1951,4783
3218,Ås,1952,4932
3218,Ås,1953,4975
3218,Ås,1954,5159
3218,Ås,1955,5316
3218,Ås,1956,5647
3218,Ås,1957,5714
3218,Ås,1958,5709
3218,Ås,1959,5901
3218,Ås,1960,6016
3218,Ås,1961,6323
3218,Ås,1962,6486
3218,Ås,1963,6683
3218,Ås,1964,6983
3218,Ås,1965,7313
3218,Ås,1966,7541
3218,Ås,1967,7832
3218,Ås,1968,8297
3218,Ås,1969,8588
3218,Ås,1970,8935
3218,Ås,1971,9338
3218,Ås,1972,9622
3218,Ås,1973,9867
3218,Ås,1974,10164
3218,Ås,1975,10476
3218,Ås,1976,10756
3218,Ås,1977,10781
3218,Ås,1978,10931
3218,Ås,1979,11050
3218,Ås,1980,10962
3218,Ås,1981,11015
3218,Ås,1982,11162
3218,Ås,1983,11294
3218,Ås,1984,11374
3218,Ås,1985,11410
3220,Enebakk,1951,3685
3220,Enebakk,1952,3750
3220,Enebakk,1953,3814
3220,Enebakk,1954,3845
3220,Enebakk,1955,3901
3220,Enebakk,1956,3839
3220,Enebakk,1957,3766
3220,Enebakk,1958,3838
3220,Enebakk,1959,3821
3220,Enebakk,1960,3858
3220,Enebakk,1961,3855
3220,Enebakk,1962,3495
3220,Enebakk,1963,3603
3220,Enebakk,1964,3636
3220,Enebakk,1965,3655
3220,Enebakk,1966,3746
3220,Enebakk,1967,3936
3220,Enebakk,1968,4048
3220,Enebakk,1969,4301
3220,Enebakk,1970,4702
3220,Enebakk,1971,5005
3220,Enebakk,1972,5177
3220,Enebakk,1973,5379
3220,Enebakk,1974,5562
3220,Enebakk,1975,5785
3220,Enebakk,1976,5992
3220,Enebakk,1977,6173
3220,Enebakk,1978,6318
3220,Enebakk,1979,6414
3220,Enebakk,1980,6510
3220,Enebakk,1981,6578
3220,Enebakk,1982,6748
3220,Enebakk,1983,7058
3220,Enebakk,1984,7348
3220,Enebakk,1985,7468
3222,Lørenskog,1951,7852
3222,Lørenskog,1952,7950
3222,Lørenskog,1953,8231
3222,Lørenskog,1954,8457
3222,Lørenskog,1955,8821
3222,Lørenskog,1956,9160
3222,Lørenskog,1957,9424
3222,Lørenskog,1958,9704
3222,Lørenskog,1959,9885
3222,Lørenskog,1960,10321
3222,Lørenskog,1961,11086
3222,Lørenskog,1962,11635
3222,Lørenskog,1963,12307
3222,Lørenskog,1964,12836
3222,Lørenskog,1965,13210
3222,Lørenskog,1966,13763
3222,Lørenskog,1967,14423
3222,Lørenskog,1968,15265
3222,Lørenskog,1969,16249
3222,Lørenskog,1970,16826
3222,Lørenskog,1971,17236
3222,Lørenskog,1972,17509
3222,Lørenskog,1973,17520
3222,Lørenskog,1974,17958
3222,Lørenskog,1975,18517
3222,Lørenskog,1976,19158
3222,Lørenskog,1977,19808
3222,Lørenskog,1978,20623
3222,Lørenskog,1979,21627
3222,Lørenskog,1980,22206
3222,Lørenskog,1981,22520
3222,Lørenskog,1982,22606
3222,Lørenskog,1983,23004
3222,Lørenskog,1984,23248
3222,Lørenskog,1985,23779
3224,Rælingen,1951,3209
3224,Rælingen,1952,3252
3224,Rælingen,1953,3275
3224,Rælingen,1954,3378
3224,Rælingen,1955,3464
3224,Rælingen,1956,3553
3224,Rælingen,1957,3816
3224,Rælingen,1958,4093
3224,Rælingen,1959,4355
3224,Rælingen,1960,4713
3224,Rælingen,1961,5130
3224,Rælingen,1962,5373
3224,Rælingen,1963,5622
3224,Rælingen,1964,5825
3224,Rælingen,1965,6386
3224,Rælingen,1966,7319
3224,Rælingen,1967,7758
3224,Rælingen,1968,8268
3224,Rælingen,1969,9100
3224,Rælingen,1970,9492
3224,Rælingen,1971,9712
3224,Rælingen,1972,9897
3224,Rælingen,1973,10505
3224,Rælingen,1974,10703
3224,Rælingen,1975,10777
3224,Rælingen,1976,10780
3224,Rælingen,1977,10817
3224,Rælingen,1978,11245
3224,Rælingen,1979,11774
3224,Rælingen,1980,12187
3224,Rælingen,1981,12754
3224,Rælingen,1982,12900
3224,Rælingen,1983,13314
3224,Rælingen,1984,13420
3224,Rælingen,1985,13387
3226,Aurskog-Høland,1951,11074
3226,Aurskog-Høland,1952,11132
3226,Aurskog-Høland,1953,11199
3226,Aurskog-Høland,1954,11158
3226,Aurskog-Høland,1955,11177
3226,Aurskog-Høland,1956,11237
3226,Aurskog-Høland,1957,11188
3226,Aurskog-Høland,1958,11124
3226,Aurskog-Høland,1959,11126
3226,Aurskog-Høland,1960,11121
3226,Aurskog-Høland,1961,11009
3226,Aurskog-Høland,1962,11034
3226,Aurskog-Høland,1963,11072
3226,Aurskog-Høland,1964,11032
3226,Aurskog-Høland,1965,11009
3226,Aurskog-Høland,1966,11047
3226,Aurskog-Høland,1967,11089
3226,Aurskog-Høland,1968,11180
3226,Aurskog-Høland,1969,11374
3226,Aurskog-Høland,1970,11491
3226,Aurskog-Høland,1971,11795
3226,Aurskog-Høland,1972,12024
3226,Aurskog-Høland,1973,12237
3226,Aurskog-Høland,1974,12384
3226,Aurskog-Høland,1975,12530
3226,Aurskog-Høland,1976,12582
3226,Aurskog-Høland,1977,12716
3226,Aurskog-Høland,1978,12771
3226,Aurskog-Høland,1979,12872
3226,Aurskog-Høland,1980,12967
3226,Aurskog-Høland,1981,13001
3226,Aurskog-Høland,1982,13075
3226,Aurskog-Høland,1983,13154
3226,Aurskog-Høland,1984,13175
3226,Aurskog-Høland,1985,13138
3228,Nes,1951,11402
3228,Nes,1952,11624
3228,Nes,1953,11626
3228,Nes,1954,11722
3228,Nes,1955,11681
3228,Nes,1956,11486
3228,Nes,1957,11639
3228,Nes,1958,11656
3228,Nes,1959,11610
3228,Nes,1960,11560
3228,Nes,1961,11647
3228,Nes,1962,11700
3228,Nes,1963,11740
3228,Nes,1964,11750
3228,Nes,1965,11760
3228,Nes,1966,11931
3228,Nes,1967,11891
3228,Nes,1968,12007
3228,Nes,1969,12371
3228,Nes,1970,12591
3228,Nes,1971,12804
3228,Nes,1972,12916
3228,Nes,1973,13121
3228,Nes,1974,13245
3228,Nes,1975,13463
3228,Nes,1976,13629
3228,Nes,1977,13712
3228,Nes,1978,13746
3228,Nes,1979,13815
3228,Nes,1980,13938
3228,Nes,1981,14024
3228,Nes,1982,14205
3228,Nes,1983,14309
3228,Nes,1984,14465
3228,Nes,1985,14729
3230,Gjerdrum,1951,1818
3230,Gjerdrum,1952,1860
3230,Gjerdrum,1953,1794
3230,Gjerdrum,1954,1819
3230,Gjerdrum,1955,1826
3230,Gjerdrum,1956,1916
3230,Gjerdrum,1957,1997
3230,Gjerdrum,1958,1976
3230,Gjerdrum,1959,1989
3230,Gjerdrum,1960,2011
3230,Gjerdrum,1961,2018
3230,Gjerdrum,1962,2031
3230,Gjerdrum,1963,2101
3230,Gjerdrum,1964,2121
3230,Gjerdrum,1965,2202
3230,Gjerdrum,1966,2244
3230,Gjerdrum,1967,2302
3230,Gjerdrum,1968,2341
3230,Gjerdrum,1969,2358
3230,Gjerdrum,1970,2404
3230,Gjerdrum,1971,2509
3230,Gjerdrum,1972,2550
3230,Gjerdrum,1973,2635
3230,Gjerdrum,1974,2704
3230,Gjerdrum,1975,2748
3230,Gjerdrum,1976,2894
3230,Gjerdrum,1977,2971
3230,Gjerdrum,1978,3058
3230,Gjerdrum,1979,3088
3230,Gjerdrum,1980,3127
3230,Gjerdrum,1981,3166
3230,Gjerdrum,1982,3241
3230,Gjerdrum,1983,3298
3230,Gjerdrum,1984,3339
3230,Gjerdrum,1985,3419
3232,Nittedal,1951,5897
3232,Nittedal,1952,6185
3232,Nittedal,1953,6398
3232,Nittedal,1954,6596
3232,Nittedal,1955,6736
3232,Nittedal,1956,6741
3232,Nittedal,1957,6931
3232,Nittedal,1958,7166
3232,Nittedal,1959,7252
3232,Nittedal,1960,7246
3232,Nittedal,1961,7623
3232,Nittedal,1962,7986
3232,Nittedal,1963,8428
3232,Nittedal,1964,8517
3232,Nittedal,1965,8885
3232,Nittedal,1966,9358
3232,Nittedal,1967,9558
3232,Nittedal,1968,9975
3232,Nittedal,1969,10525
3232,Nittedal,1970,11451
3232,Nittedal,1971,12027
3232,Nittedal,1972,12456
3232,Nittedal,1973,13170
3232,Nittedal,1974,13506
3232,Nittedal,1975,13618
3232,Nittedal,1976,13724
3232,Nittedal,1977,14009
3232,Nittedal,1978,14172
3232,Nittedal,1979,14210
3232,Nittedal,1980,14273
3232,Nittedal,1981,14187
3232,Nittedal,1982,14239
3232,Nittedal,1983,14484
3232,Nittedal,1984,14770
3232,Nittedal,1985,14945
3234,Lunner,1951,4908
3234,Lunner,1952,5001
3234,Lunner,1953,5025
3234,Lunner,1954,5040
3234,Lunner,1955,5019
3234,Lunner,1956,4995
3234,Lunner,1957,4983
3234,Lunner,1958,5052
3234,Lunner,1959,5058
3234,Lunner,1960,5082
3234,Lunner,1961,5092
3234,Lunner,1962,5175
3234,Lunner,1963,5232
3234,Lunner,1964,5257
3234,Lunner,1965,5347
3234,Lunner,1966,5377
3234,Lunner,1967,5468
3234,Lunner,1968,5519
3234,Lunner,1969,5612
3234,Lunner,1970,5685
3234,Lunner,1971,5820
3234,Lunner,1972,5901
3234,Lunner,1973,5940
3234,Lunner,1974,6050
3234,Lunner,1975,6089
3234,Lunner,1976,6214
3234,Lunner,1977,6202
3234,Lunner,1978,6249
3234,Lunner,1979,6286
3234,Lunner,1980,6458
3234,Lunner,1981,6557
3234,Lunner,1982,6789
3234,Lunner,1983,7180
3234,Lunner,1984,7324
3234,Lunner,1985,7450
3236,Jevnaker,1951,4453
3236,Jevnaker,1952,4465
3236,Jevnaker,1953,4435
3236,Jevnaker,1954,4387
3236,Jevnaker,1955,4368
3236,Jevnaker,1956,4550
3236,Jevnaker,1957,4504
3236,Jevnaker,1958,4526
3236,Jevnaker,1959,4496
3236,Jevnaker,1960,4493
3236,Jevnaker,1961,4528
3236,Jevnaker,1962,4672
3236,Jevnaker,1963,4623
3236,Jevnaker,1964,4632
3236,Jevnaker,1965,4675
3236,Jevnaker,1966,4728
3236,Jevnaker,1967,4817
3236,Jevnaker,1968,4834
3236,Jevnaker,1969,4845
3236,Jevnaker,1970,4905
3236,Jevnaker,1971,5026
3236,Jevnaker,1972,5100
3236,Jevnaker,1973,5204
3236,Jevnaker,1974,5363
3236,Jevnaker,1975,5396
3236,Jevnaker,1976,5392
3236,Jevnaker,1977,5383
3236,Jevnaker,1978,5371
3236,Jevnaker,1979,5381
3236,Jevnaker,1980,5391
3236,Jevnaker,1981,5450
3236,Jevnaker,1982,5487
3236,Jevnaker,1983,5541
3236,Jevnaker,1984,5579
3236,Jevnaker,1985,5666
3238,Nannestad,1951,5160
3238,Nannestad,1952,5218
3238,Nannestad,1953,5297
3238,Nannestad,1954,5337
3238,Nannestad,1955,5409
3238,Nannestad,1956,5375
3238,Nannestad,1957,5466
3238,Nannestad,1958,5530
3238,Nannestad,1959,5537
3238,Nannestad,1960,5577
3238,Nannestad,1961,5546
3238,Nannestad,1962,5598
3238,Nannestad,1963,5569
3238,Nannestad,1964,5723
3238,Nannestad,1965,5799
3238,Nannestad,1966,5935
3238,Nannestad,1967,6055
3238,Nannestad,1968,6142
3238,Nannestad,1969,6239
3238,Nannestad,1970,6413
3238,Nannestad,1971,6603
3238,Nannestad,1972,6727
3238,Nannestad,1973,6877
3238,Nannestad,1974,7053
3238,Nannestad,1975,7160
3238,Nannestad,1976,7245
3238,Nannestad,1977,7339
3238,Nannestad,1978,7466
3238,Nannestad,1979,7542
3238,Nannestad,1980,7625
3238,Nannestad,1981,7683
3238,Nannestad,1982,7662
3238,Nannestad,1983,7722
3238,Nannestad,1984,7794
3238,Nannestad,1985,7760
3240,Eidsvoll,1951,12493
3240,Eidsvoll,1952,12460
3240,Eidsvoll,1953,12454
3240,Eidsvoll,1954,12548
3240,Eidsvoll,1955,12590
3240,Eidsvoll,1956,12679
3240,Eidsvoll,1957,12671
3240,Eidsvoll,1958,12673
3240,Eidsvoll,1959,12738
3240,Eidsvoll,1960,12802
3240,Eidsvoll,1961,12722
3240,Eidsvoll,1962,12905
3240,Eidsvoll,1963,12932
3240,Eidsvoll,1964,12993
3240,Eidsvoll,1965,13057
3240,Eidsvoll,1966,13043
3240,Eidsvoll,1967,13060
3240,Eidsvoll,1968,13140
3240,Eidsvoll,1969,13302
3240,Eidsvoll,1970,13486
3240,Eidsvoll,1971,13883
3240,Eidsvoll,1972,14070
3240,Eidsvoll,1973,14125
3240,Eidsvoll,1974,14229
3240,Eidsvoll,1975,14314
3240,Eidsvoll,1976,14473
3240,Eidsvoll,1977,14612
3240,Eidsvoll,1978,14797
3240,Eidsvoll,1979,14883
3240,Eidsvoll,1980,15038
3240,Eidsvoll,1981,15200
3240,Eidsvoll,1982,15335
3240,Eidsvoll,1983,15577
3240,Eidsvoll,1984,15641
3240,Eidsvoll,1985,15643
3242,Hurdal,1951,2212
3242,Hurdal,1952,2218
3242,Hurdal,1953,2235
3242,Hurdal,1954,2231
3242,Hurdal,1955,2224
3242,Hurdal,1956,2241
3242,Hurdal,1957,2234
3242,Hurdal,1958,2230
3242,Hurdal,1959,2215
3242,Hurdal,1960,2236
3242,Hurdal,1961,2283
3242,Hurdal,1962,2304
3242,Hurdal,1963,2286
3242,Hurdal,1964,2275
3242,Hurdal,1965,2257
3242,Hurdal,1966,2259
3242,Hurdal,1967,2202
3242,Hurdal,1968,2213
3242,Hurdal,1969,2243
3242,Hurdal,1970,2233
3242,Hurdal,1971,2191
3242,Hurdal,1972,2217
3242,Hurdal,1973,2215
3242,Hurdal,1974,2243
3242,Hurdal,1975,2257
3242,Hurdal,1976,2315
3242,Hurdal,1977,2324
3242,Hurdal,1978,2361
3242,Hurdal,1979,2444
3242,Hurdal,1980,2469
3242,Hurdal,1981,2468
3242,Hurdal,1982,2469
3242,Hurdal,1983,2497
3242,Hurdal,1984,2489
3242,Hurdal,1985,2509
3301,Drammen,1951,54169
3301,Drammen,1952,54782
3301,Drammen,1953,55314
3301,Drammen,1954,56053
3301,Drammen,1955,56744
3301,Drammen,1956,57510
3301,Drammen,1957,58041
3301,Drammen,1958,58741
3301,Drammen,1959,59055
3301,Drammen,1960,59737
3301,Drammen,1961,60564
3301,Drammen,1962,61065
3301,Drammen,1963,61688
3301,Drammen,1964,62453
3301,Drammen,1965,63399
3301,Drammen,1966,64455
3301,Drammen,1967,65051
3301,Drammen,1968,65836
3301,Drammen,1969,66940
3301,Drammen,1970,67756
3301,Drammen,1971,68760
3301,Drammen,1972,69567
3301,Drammen,1973,70198
3301,Drammen,1974,70850
3301,Drammen,1975,71273
3301,Drammen,1976,71721
3301,Drammen,1977,72282
3301,Drammen,1978,72490
3301,Drammen,1979,72163
3301,Drammen,1980,71848
3301,Drammen,1981,71992
3301,Drammen,1982,72813
3301,Drammen,1983,73658
3301,Drammen,1984,74052
3301,Drammen,1985,74155
3303,Kongsberg,1951,13968
3303,Kongsberg,1952,14126
3303,Kongsberg,1953,14238
3303,Kongsberg,1954,14425
3303,Kongsberg,1955,14589
3303,Kongsberg,1956,14753
3303,Kongsberg,1957,15030
3303,Kongsberg,1958,15265
3303,Kongsberg,1959,15435
3303,Kongsberg,1960,15525
3303,Kongsberg,1961,15607
3303,Kongsberg,1962,15782
3303,Kongsberg,1963,16179
3303,Kongsberg,1964,16799
3303,Kongsberg,1965,17253
3303,Kongsberg,1966,17513
3303,Kongsberg,1967,17546
3303,Kongsberg,1968,17769
3303,Kongsberg,1969,18062
3303,Kongsberg,1970,18238
3303,Kongsberg,1971,18497
3303,Kongsberg,1972,19004
3303,Kongsberg,1973,19274
3303,Kongsberg,1974,19347
3303,Kongsberg,1975,19653
3303,Kongsberg,1976,19849
3303,Kongsberg,1977,20189
3303,Kongsberg,1978,20375
3303,Kongsberg,1979,20385
3303,Kongsberg,1980,20509
3303,Kongsberg,1981,20545
3303,Kongsberg,1982,20703
3303,Kongsberg,1983,20621
3303,Kongsberg,1984,20720
3303,Kongsberg,1985,20913
3305,Ringerike,1951,21054
3305,Ringerike,1952,21328
3305,Ringerike,1953,21580
3305,Ringerike,1954,21830
3305,Ringerike,1955,22037
3305,Ringerike,1956,22357
3305,Ringerike,1957,22734
3305,Ringerike,1958,23128
3305,Ringerike,1959,23461
3305,Ringerike,1960,23685
3305,Ringerike,1961,23721
3305,Ringerike,1962,23921
3305,Ringerike,1963,24053
3305,Ringerike,1964,24367
3305,Ringerike,1965,24500
3305,Ringerike,1966,24770
3305,Ringerike,1967,24876
3305,Ringerike,1968,24939
3305,Ringerike,1969,25105
3305,Ringerike,1970,25190
3305,Ringerike,1971,25418
3305,Ringerike,1972,25509
3305,Ringerike,1973,25755
3305,Ringerike,1974,25850
3305,Ringerike,1975,26097
3305,Ringerike,1976,26259
3305,Ringerike,1977,26420
3305,Ringerike,1978,26585
3305,Ringerike,1979,26839
3305,Ringerike,1980,26856
3305,Ringerike,1981,26967
3305,Ringerike,1982,26870
3305,Ringerike,1983,26828
3305,Ringerike,1984,26797
3305,Ringerike,1985,26870
3310,Hole,1951,3120
3310,Hole,1952,3161
3310,Hole,1953,3198
3310,Hole,1954,3235
3310,Hole,1955,3266
3310,Hole,1956,3313
3310,Hole,1957,3369
3310,Hole,1958,3427
3310,Hole,1959,3476
3310,Hole,1960,3510
3310,Hole,1961,3515
3310,Hole,1962,3545
3310,Hole,1963,3564
3310,Hole,1964,3611
3310,Hole,1965,3631
3310,Hole,1966,3670
3310,Hole,1967,3686
3310,Hole,1968,3695
3310,Hole,1969,3720
3310,Hole,1970,3733
3310,Hole,1971,3766
3310,Hole,1972,3780
3310,Hole,1973,3817
3310,Hole,1974,3831
3310,Hole,1975,3867
3310,Hole,1976,3891
3310,Hole,1977,3915
3310,Hole,1978,3885
3310,Hole,1979,3904
3310,Hole,1980,4027
3310,Hole,1981,3987
3310,Hole,1982,4118
3310,Hole,1983,4172
3310,Hole,1984,4146
3310,Hole,1985,4215
3312,Lier,1951,11735
3312,Lier,1952,11967
3312,Lier,1953,12079
3312,Lier,1954,12277
3312,Lier,1955,12575
3312,Lier,1956,12577
3312,Lier,1957,12778
3312,Lier,1958,12967
3312,Lier,1959,13066
3312,Lier,1960,13215
3312,Lier,1961,13351
3312,Lier,1962,13557
3312,Lier,1963,13768
3312,Lier,1964,13795
3312,Lier,1965,14068
3312,Lier,1966,14101
3312,Lier,1967,14251
3312,Lier,1968,14309
3312,Lier,1969,14395
3312,Lier,1970,14708
3312,Lier,1971,15034
3312,Lier,1972,15378
3312,Lier,1973,15901
3312,Lier,1974,16287
3312,Lier,1975,17230
3312,Lier,1976,17509
3312,Lier,1977,17668
3312,Lier,1978,17543
3312,Lier,1979,17699
3312,Lier,1980,17820
3312,Lier,1981,17932
3312,Lier,1982,17847
3312,Lier,1983,17873
3312,Lier,1984,17951
3312,Lier,1985,18113
3314,Øvre Eiker,1951,11564
3314,Øvre Eiker,1952,11722
3314,Øvre Eiker,1953,11923
3314,Øvre Eiker,1954,12030
3314,Øvre Eiker,1955,12041
3314,Øvre Eiker,1956,12232
3314,Øvre Eiker,1957,12319
3314,Øvre Eiker,1958,12336
3314,Øvre Eiker,1959,12373
3314,Øvre Eiker,1960,12475
3314,Øvre Eiker,1961,12527
3314,Øvre Eiker,1962,12680
3314,Øvre Eiker,1963,12708
3314,Øvre Eiker,1964,12816
3314,Øvre Eiker,1965,12899
3314,Øvre Eiker,1966,12918
3314,Øvre Eiker,1967,13122
3314,Øvre Eiker,1968,13016
3314,Øvre Eiker,1969,13062
3314,Øvre Eiker,1970,13210
3314,Øvre Eiker,1971,13359
3314,Øvre Eiker,1972,13477
3314,Øvre Eiker,1973,13485
3314,Øvre Eiker,1974,13585
3314,Øvre Eiker,1975,13659
3314,Øvre Eiker,1976,13640
3314,Øvre Eiker,1977,13671
3314,Øvre Eiker,1978,13684
3314,Øvre Eiker,1979,13737
3314,Øvre Eiker,1980,13764
3314,Øvre Eiker,1981,13795
3314,Øvre Eiker,1982,13767
3314,Øvre Eiker,1983,13899
3314,Øvre Eiker,1984,14101
3314,Øvre Eiker,1985,14113
3316,Modum,1951,11678
3316,Modum,1952,11809
3316,Modum,1953,11873
3316,Modum,1954,11852
3316,Modum,1955,11889
3316,Modum,1956,11879
3316,Modum,1957,11932
3316,Modum,1958,11983
3316,Modum,1959,12133
3316,Modum,1960,12072
3316,Modum,1961,12062
3316,Modum,1962,12094
3316,Modum,1963,12039
3316,Modum,1964,11954
3316,Modum,1965,11940
3316,Modum,1966,11875
3316,Modum,1967,11770
3316,Modum,1968,11713
3316,Modum,1969,11668
3316,Modum,1970,11649
3316,Modum,1971,11744
3316,Modum,1972,11769
3316,Modum,1973,11752
3316,Modum,1974,11815
3316,Modum,1975,11842
3316,Modum,1976,11852
3316,Modum,1977,11906
3316,Modum,1978,11906
3316,Modum,1979,11931
3316,Modum,1980,11907
3316,Modum,1981,11933
3316,Modum,1982,12009
3316,Modum,1983,12120
3316,Modum,1984,12160
3316,Modum,1985,12160
3318,Krødsherad,1951,2185
3318,Krødsherad,1952,2186
3318,Krødsherad,1953,2200
3318,Krødsherad,1954,2215
3318,Krødsherad,1955,2179
3318,Krødsherad,1956,2102
3318,Krødsherad,1957,2105
3318,Krødsherad,1958,2101
3318,Krødsherad,1959,2073
3318,Krødsherad,1960,2033
3318,Krødsherad,1961,2058
3318,Krødsherad,1962,2030
3318,Krødsherad,1963,2028
3318,Krødsherad,1964,1953
3318,Krødsherad,1965,1922
3318,Krødsherad,1966,1891
3318,Krødsherad,1967,1896
3318,Krødsherad,1968,1885
3318,Krødsherad,1969,1887
3318,Krødsherad,1970,1875
3318,Krødsherad,1971,1897
3318,Krødsherad,1972,1965
3318,Krødsherad,1973,1935
3318,Krødsherad,1974,1994
3318,Krødsherad,1975,2015
3318,Krødsherad,1976,1997
3318,Krødsherad,1977,2008
3318,Krødsherad,1978,2031
3318,Krødsherad,1979,2121
3318,Krødsherad,1980,2206
3318,Krødsherad,1981,2256
3318,Krødsherad,1982,2272
3318,Krødsherad,1983,2273
3318,Krødsherad,1984,2349
3318,Krødsherad,1985,2346
3320,Flå,1951,1522
3320,Flå,1952,1538
3320,Flå,1953,1523
3320,Flå,1954,1496
3320,Flå,1955,1502
3320,Flå,1956,1477
3320,Flå,1957,1460
3320,Flå,1958,1431
3320,Flå,1959,1414
3320,Flå,1960,1412
3320,Flå,1961,1425
3320,Flå,1962,1404
3320,Flå,1963,1371
3320,Flå,1964,1363
3320,Flå,1965,1344
3320,Flå,1966,1314
3320,Flå,1967,1293
3320,Flå,1968,1279
3320,Flå,1969,1261
3320,Flå,1970,1249
3320,Flå,1971,1246
3320,Flå,1972,1264
3320,Flå,1973,1247
3320,Flå,1974,1245
3320,Flå,1975,1248
3320,Flå,1976,1256
3320,Flå,1977,1252
3320,Flå,1978,1249
3320,Flå,1979,1249
3320,Flå,1980,1260
3320,Flå,1981,1283
3320,Flå,1982,1295
3320,Flå,1983,1289
3320,Flå,1984,1294
3320,Flå,1985,1271
3322,Nesbyen,1951,2819
3322,Nesbyen,1952,2828
3322,Nesbyen,1953,2841
3322,Nesbyen,1954,2879
3322,Nesbyen,1955,2875
3322,Nesbyen,1956,2887
3322,Nesbyen,1957,2915
3322,Nesbyen,1958,2947
3322,Nesbyen,1959,2960
3322,Nesbyen,1960,2976
3322,Nesbyen,1961,2946
3322,Nesbyen,1962,2923
3322,Nesbyen,1963,2963
3322,Nesbyen,1964,2988
3322,Nesbyen,1965,3029
3322,Nesbyen,1966,3075
3322,Nesbyen,1967,3053
3322,Nesbyen,1968,3052
3322,Nesbyen,1969,3051
3322,Nesbyen,1970,3086
3322,Nesbyen,1971,3088
3322,Nesbyen,1972,3129
3322,Nesbyen,1973,3227
3322,Nesbyen,1974,3204
3322,Nesbyen,1975,3251
3322,Nesbyen,1976,3287
3322,Nesbyen,1977,3328
3322,Nesbyen,1978,3358
3322,Nesbyen,1979,3342
3322,Nesbyen,1980,3353
3322,Nesbyen,1981,3372
3322,Nesbyen,1982,3388
3322,Nesbyen,1983,3378
3322,Nesbyen,1984,3361
3322,Nesbyen,1985,3372
3324,Gol,1951,2793
3324,Gol,1952,2787
3324,Gol,1953,2767
3324,Gol,1954,2782
3324,Gol,1955,2794
3324,Gol,1956,2807
3324,Gol,1957,2820
3324,Gol,1958,2927
3324,Gol,1959,2976
3324,Gol,1960,2977
3324,Gol,1961,3043
3324,Gol,1962,3048
3324,Gol,1963,3060
3324,Gol,1964,3157
3324,Gol,1965,3197
3324,Gol,1966,3213
3324,Gol,1967,3262
3324,Gol,1968,3295
3324,Gol,1969,3347
3324,Gol,1970,3380
3324,Gol,1971,3406
3324,Gol,1972,3538
3324,Gol,1973,3586
3324,Gol,1974,3668
3324,Gol,1975,3699
3324,Gol,1976,3796
3324,Gol,1977,3858
3324,Gol,1978,3910
3324,Gol,1979,3978
3324,Gol,1980,4027
3324,Gol,1981,4055
3324,Gol,1982,4074
3324,Gol,1983,4085
3324,Gol,1984,4094
3324,Gol,1985,4106
3326,Hemsedal,1951,1431
3326,Hemsedal,1952,1424
3326,Hemsedal,1953,1425
3326,Hemsedal,1954,1401
3326,Hemsedal,1955,1407
3326,Hemsedal,1956,1409
3326,Hemsedal,1957,1409
3326,Hemsedal,1958,1505
3326,Hemsedal,1959,1515
3326,Hemsedal,1960,1520
3326,Hemsedal,1961,1461
3326,Hemsedal,1962,1436
3326,Hemsedal,1963,1431
3326,Hemsedal,1964,1417
3326,Hemsedal,1965,1368
3326,Hemsedal,1966,1382
3326,Hemsedal,1967,1403
3326,Hemsedal,1968,1438
3326,Hemsedal,1969,1448
3326,Hemsedal,1970,1431
3326,Hemsedal,1971,1426
3326,Hemsedal,1972,1425
3326,Hemsedal,1973,1429
3326,Hemsedal,1974,1472
3326,Hemsedal,1975,1503
3326,Hemsedal,1976,1521
3326,Hemsedal,1977,1526
3326,Hemsedal,1978,1538
3326,Hemsedal,1979,1552
3326,Hemsedal,1980,1574
3326,Hemsedal,1981,1584
3326,Hemsedal,1982,1581
3326,Hemsedal,1983,1610
3326,Hemsedal,1984,1607
3326,Hemsedal,1985,1641
3328,Ål,1951,4353
3328,Ål,1952,4341
3328,Ål,1953,4378
3328,Ål,1954,4354
3328,Ål,1955,4395
3328,Ål,1956,4440
3328,Ål,1957,4419
3328,Ål,1958,4377
3328,Ål,1959,4394
3328,Ål,1960,4360
3328,Ål,1961,4323
3328,Ål,1962,4308
3328,Ål,1963,4334
3328,Ål,1964,4379
3328,Ål,1965,4401
3328,Ål,1966,4439
3328,Ål,1967,4387
3328,Ål,1968,4303
3328,Ål,1969,4268
3328,Ål,1970,4307
3328,Ål,1971,4299
3328,Ål,1972,4329
3328,Ål,1973,4353
3328,Ål,1974,4452
3328,Ål,1975,4396
3328,Ål,1976,4425
3328,Ål,1977,4459
3328,Ål,1978,4463
3328,Ål,1979,4458
3328,Ål,1980,4493
3328,Ål,1981,4552
3328,Ål,1982,4636
3328,Ål,1983,4706
3328,Ål,1984,4715
3328,Ål,1985,4692
3330,Hol,1951,3954
3330,Hol,1952,3978
3330,Hol,1953,3875
3330,Hol,1954,3885
3330,Hol,1955,3961
3330,Hol,1956,4013
3330,Hol,1957,3984
3330,Hol,1958,3990
3330,Hol,1959,3952
3330,Hol,1960,3924
3330,Hol,1961,3915
3330,Hol,1962,3934
3330,Hol,1963,3937
3330,Hol,1964,4067
3330,Hol,1965,4162
3330,Hol,1966,4126
3330,Hol,1967,4077
3330,Hol,1968,4126
3330,Hol,1969,4057
3330,Hol,1970,4109
3330,Hol,1971,4115
3330,Hol,1972,4223
3330,Hol,1973,4276
3330,Hol,1974,4324
3330,Hol,1975,4394
3330,Hol,1976,4432
3330,Hol,1977,4496
3330,Hol,1978,4498
3330,Hol,1979,4565
3330,Hol,1980,4580
3330,Hol,1981,4616
3330,Hol,1982,4602
3330,Hol,1983,4594
3330,Hol,1984,4638
3330,Hol,1985,4668
3332,Sigdal,1951,4072
3332,Sigdal,1952,4119
3332,Sigdal,1953,4149
3332,Sigdal,1954,4115
3332,Sigdal,1955,4068
3332,Sigdal,1956,4075
3332,Sigdal,1957,4031
3332,Sigdal,1958,4019
3332,Sigdal,1959,3992
3332,Sigdal,1960,4002
3332,Sigdal,1961,3943
3332,Sigdal,1962,3891
3332,Sigdal,1963,3888
3332,Sigdal,1964,3857
3332,Sigdal,1965,3889
3332,Sigdal,1966,3912
3332,Sigdal,1967,3859
3332,Sigdal,1968,3853
3332,Sigdal,1969,3831
3332,Sigdal,1970,3813
3332,Sigdal,1971,3773
3332,Sigdal,1972,3789
3332,Sigdal,1973,3814
3332,Sigdal,1974,3814
3332,Sigdal,1975,3845
3332,Sigdal,1976,3790
3332,Sigdal,1977,3796
3332,Sigdal,1978,3818
3332,Sigdal,1979,3822
3332,Sigdal,1980,3820
3332,Sigdal,1981,3843
3332,Sigdal,1982,3841
3332,Sigdal,1983,3819
3332,Sigdal,1984,3819
3332,Sigdal,1985,3824
3334,Flesberg,1951,2383
3334,Flesberg,1952,2348
3334,Flesberg,1953,2347
3334,Flesberg,1954,2336
3334,Flesberg,1955,2316
3334,Flesberg,1956,2394
3334,Flesberg,1957,2344
3334,Flesberg,1958,2302
3334,Flesberg,1959,2304
3334,Flesberg,1960,2299
3334,Flesberg,1961,2235
3334,Flesberg,1962,2167
3334,Flesberg,1963,2159
3334,Flesberg,1964,2050
3334,Flesberg,1965,2080
3334,Flesberg,1966,2085
3334,Flesberg,1967,2076
3334,Flesberg,1968,2068
3334,Flesberg,1969,2091
3334,Flesberg,1970,2068
3334,Flesberg,1971,2103
3334,Flesberg,1972,2149
3334,Flesberg,1973,2219
3334,Flesberg,1974,2265
3334,Flesberg,1975,2334
3334,Flesberg,1976,2390
3334,Flesberg,1977,2441
3334,Flesberg,1978,2464
3334,Flesberg,1979,2496
3334,Flesberg,1980,2538
3334,Flesberg,1981,2554
3334,Flesberg,1982,2572
3334,Flesberg,1983,2600
3334,Flesberg,1984,2567
3334,Flesberg,1985,2517
3336,Rollag,1951,1552
3336,Rollag,1952,1538
3336,Rollag,1953,1546
3336,Rollag,1954,1558
3336,Rollag,1955,1555
3336,Rollag,1956,1516
3336,Rollag,1957,1521
3336,Rollag,1958,1508
3336,Rollag,1959,1515
3336,Rollag,1960,1521
3336,Rollag,1961,1509
3336,Rollag,1962,1502
3336,Rollag,1963,1550
3336,Rollag,1964,1534
3336,Rollag,1965,1475
3336,Rollag,1966,1417
3336,Rollag,1967,1425
3336,Rollag,1968,1415
3336,Rollag,1969,1393
3336,Rollag,1970,1385
3336,Rollag,1971,1360
3336,Rollag,1972,1334
3336,Rollag,1973,1302
3336,Rollag,1974,1307
3336,Rollag,1975,1320
3336,Rollag,1976,1373
3336,Rollag,1977,1393
3336,Rollag,1978,1376
3336,Rollag,1979,1414
3336,Rollag,1980,1429
3336,Rollag,1981,1454
3336,Rollag,1982,1474
3336,Rollag,1983,1490
3336,Rollag,1984,1471
3336,Rollag,1985,1448
3338,Nore og Uvdal,1951,3462
3338,Nore og Uvdal,1952,3370
3338,Nore og Uvdal,1953,3363
3338,Nore og Uvdal,1954,3321
3338,Nore og Uvdal,1955,3346
3338,Nore og Uvdal,1956,3413
3338,Nore og Uvdal,1957,3353
3338,Nore og Uvdal,1958,3336
3338,Nore og Uvdal,1959,3324
3338,Nore og Uvdal,1960,3334
3338,Nore og Uvdal,1961,3243
3338,Nore og Uvdal,1962,3188
3338,Nore og Uvdal,1963,3162
3338,Nore og Uvdal,1964,3225
3338,Nore og Uvdal,1965,3292
3338,Nore og Uvdal,1966,3343
3338,Nore og Uvdal,1967,3314
3338,Nore og Uvdal,1968,3183
3338,Nore og Uvdal,1969,3065
3338,Nore og Uvdal,1970,2988
3338,Nore og Uvdal,1971,2970
3338,Nore og Uvdal,1972,2947
3338,Nore og Uvdal,1973,2948
3338,Nore og Uvdal,1974,2948
3338,Nore og Uvdal,1975,2935
3338,Nore og Uvdal,1976,2949
3338,Nore og Uvdal,1977,2949
3338,Nore og Uvdal,1978,2953
3338,Nore og Uvdal,1979,2901
3338,Nore og Uvdal,1980,2873
3338,Nore og Uvdal,1981,2891
3338,Nore og Uvdal,1982,2918
3338,Nore og Uvdal,1983,2946
3338,Nore og Uvdal,1984,2966
3338,Nore og Uvdal,1985,2998
3401,Kongsvinger,1951,12519
3401,Kongsvinger,1952,12595
3401,Kongsvinger,1953,12726
3401,Kongsvinger,1954,12753
3401,Kongsvinger,1955,12897
3401,Kongsvinger,1956,12930
3401,Kongsvinger,1957,12969
3401,Kongsvinger,1958,12987
3401,Kongsvinger,1959,13018
3401,Kongsvinger,1960,12958
3401,Kongsvinger,1961,12878
3401,Kongsvinger,1962,12812
3401,Kongsvinger,1963,12996
3401,Kongsvinger,1964,12990
3401,Kongsvinger,1965,13051
3401,Kongsvinger,1966,13109
3401,Kongsvinger,1967,13068
3401,Kongsvinger,1968,13220
3401,Kongsvinger,1969,13429
3401,Kongsvinger,1970,13576
3401,Kongsvinger,1971,13895
3401,Kongsvinger,1972,14223
3401,Kongsvinger,1973,14670
3401,Kongsvinger,1974,15092
3401,Kongsvinger,1975,15519
3401,Kongsvinger,1976,16138
3401,Kongsvinger,1977,16537
3401,Kongsvinger,1978,16866
3401,Kongsvinger,1979,17018
3401,Kongsvinger,1980,17047
3401,Kongsvinger,1981,17229
3401,Kongsvinger,1982,17377
3401,Kongsvinger,1983,17456
3401,Kongsvinger,1984,17412
3401,Kongsvinger,1985,17467
3403,Hamar,1951,18258
3403,Hamar,1952,18436
3403,Hamar,1953,18557
3403,Hamar,1954,18950
3403,Hamar,1955,19312
3403,Hamar,1956,19815
3403,Hamar,1957,20260
3403,Hamar,1958,20449
3403,Hamar,1959,20715
3403,Hamar,1960,20921
3403,Hamar,1961,21174
3403,Hamar,1962,21474
3403,Hamar,1963,21869
3403,Hamar,1964,22118
3403,Hamar,1965,22420
3403,Hamar,1966,22590
3403,Hamar,1967,23108
3403,Hamar,1968,23355
3403,Hamar,1969,23693
3403,Hamar,1970,24053
3403,Hamar,1971,24658
3403,Hamar,1972,24848
3403,Hamar,1973,25115
3403,Hamar,1974,25253
3403,Hamar,1975,25300
3403,Hamar,1976,25473
3403,Hamar,1977,25265
3403,Hamar,1978,25233
3403,Hamar,1979,24899
3403,Hamar,1980,24785
3403,Hamar,1981,24827
3403,Hamar,1982,24803
3403,Hamar,1983,24718
3403,Hamar,1984,24630
3403,Hamar,1985,24516
3405,Lillehammer,1951,16685
3405,Lillehammer,1952,16941
3405,Lillehammer,1953,17119
3405,Lillehammer,1954,17395
3405,Lillehammer,1955,17793
3405,Lillehammer,1956,17828
3405,Lillehammer,1957,18115
3405,Lillehammer,1958,18293
3405,Lillehammer,1959,18479
3405,Lillehammer,1960,18480
3405,Lillehammer,1961,18673
3405,Lillehammer,1962,18940
3405,Lillehammer,1963,19210
3405,Lillehammer,1964,19286
3405,Lillehammer,1965,19622
3405,Lillehammer,1966,19781
3405,Lillehammer,1967,19859
3405,Lillehammer,1968,20055
3405,Lillehammer,1969,20383
3405,Lillehammer,1970,20492
3405,Lillehammer,1971,20548
3405,Lillehammer,1972,20617
3405,Lillehammer,1973,20861
3405,Lillehammer,1974,21049
3405,Lillehammer,1975,21078
3405,Lillehammer,1976,21253
3405,Lillehammer,1977,21496
3405,Lillehammer,1978,21674
3405,Lillehammer,1979,21762
3405,Lillehammer,1980,21982
3405,Lillehammer,1981,21877
3405,Lillehammer,1982,21843
3405,Lillehammer,1983,21981
3405,Lillehammer,1984,22092
3405,Lillehammer,1985,22012
3407,Gjøvik,1951,20656
3407,Gjøvik,1952,20926
3407,Gjøvik,1953,21219
3407,Gjøvik,1954,21458
3407,Gjøvik,1955,21875
3407,Gjøvik,1956,22029
3407,Gjøvik,1957,22204
3407,Gjøvik,1958,22401
3407,Gjøvik,1959,22621
3407,Gjøvik,1960,22773
3407,Gjøvik,1961,23130
3407,Gjøvik,1962,23296
3407,Gjøvik,1963,23400
3407,Gjøvik,1964,23608
3407,Gjøvik,1965,23741
3407,Gjøvik,1966,24005
3407,Gjøvik,1967,24284
3407,Gjøvik,1968,24570
3407,Gjøvik,1969,24710
3407,Gjøvik,1970,25176
3407,Gjøvik,1971,25203
3407,Gjøvik,1972,25306
3407,Gjøvik,1973,25569
3407,Gjøvik,1974,25695
3407,Gjøvik,1975,25809
3407,Gjøvik,1976,25953
3407,Gjøvik,1977,26030
3407,Gjøvik,1978,26045
3407,Gjøvik,1979,26150
3407,Gjøvik,1980,26127
3407,Gjøvik,1981,26045
3407,Gjøvik,1982,26026
3407,Gjøvik,1983,26070
3407,Gjøvik,1984,25990
3407,Gjøvik,1985,25957
3411,Ringsaker,1951,26169
3411,Ringsaker,1952,26212
3411,Ringsaker,1953,26349
3411,Ringsaker,1954,26544
3411,Ringsaker,1955,26669
3411,Ringsaker,1956,26735
3411,Ringsaker,1957,26841
3411,Ringsaker,1958,27098
3411,Ringsaker,1959,27253
3411,Ringsaker,1960,27352
3411,Ringsaker,1961,27475
3411,Ringsaker,1962,27550
3411,Ringsaker,1963,27821
3411,Ringsaker,1964,27996
3411,Ringsaker,1965,27972
3411,Ringsaker,1966,28095
3411,Ringsaker,1967,28193
3411,Ringsaker,1968,28328
3411,Ringsaker,1969,28463
3411,Ringsaker,1970,28717
3411,Ringsaker,1971,28828
3411,Ringsaker,1972,29157
3411,Ringsaker,1973,29264
3411,Ringsaker,1974,29394
3411,Ringsaker,1975,29448
3411,Ringsaker,1976,29746
3411,Ringsaker,1977,29872
3411,Ringsaker,1978,30021
3411,Ringsaker,1979,30066
3411,Ringsaker,1980,30319
3411,Ringsaker,1981,30333
3411,Ringsaker,1982,30412
3411,Ringsaker,1983,30487
3411,Ringsaker,1984,30418
3411,Ringsaker,1985,30419
3412,Løten,1951,6506
3412,Løten,1952,6446
3412,Løten,1953,6353
3412,Løten,1954,6359
3412,Løten,1955,6389
3412,Løten,1956,6435
3412,Løten,1957,6422
3412,Løten,1958,6431
3412,Løten,1959,6385
3412,Løten,1960,6339
3412,Løten,1961,6269
3412,Løten,1962,6322
3412,Løten,1963,6366
3412,Løten,1964,6364
3412,Løten,1965,6327
3412,Løten,1966,6322
3412,Løten,1967,6278
3412,Løten,1968,6240
3412,Løten,1969,6237
3412,Løten,1970,6252
3412,Løten,1971,6214
3412,Løten,1972,6240
3412,Løten,1973,6346
3412,Løten,1974,6360
3412,Løten,1975,6501
3412,Løten,1976,6457
3412,Løten,1977,6543
3412,Løten,1978,6604
3412,Løten,1979,6763
3412,Løten,1980,6822
3412,Løten,1981,6817
3412,Løten,1982,6866
3412,Løten,1983,6945
3412,Løten,1984,6970
3412,Løten,1985,7054
3413,Stange,1951,15338
3413,Stange,1952,15383
3413,Stange,1953,15562
3413,Stange,1954,15569
3413,Stange,1955,15758
3413,Stange,1956,15956
3413,Stange,1957,16083
3413,Stange,1958,16054
3413,Stange,1959,16173
3413,Stange,1960,16239
3413,Stange,1961,16126
3413,Stange,1962,16093
3413,Stange,1963,16134
3413,Stange,1964,16175
3413,Stange,1965,16243
3413,Stange,1966,16308
3413,Stange,1967,16343
3413,Stange,1968,16390
3413,Stange,1969,16573
3413,Stange,1970,16801
3413,Stange,1971,17303
3413,Stange,1972,17284
3413,Stange,1973,17203
3413,Stange,1974,17214
3413,Stange,1975,17219
3413,Stange,1976,17153
3413,Stange,1977,17259
3413,Stange,1978,17425
3413,Stange,1979,17581
3413,Stange,1980,17769
3413,Stange,1981,17841
3413,Stange,1982,17840
3413,Stange,1983,17890
3413,Stange,1984,17899
3413,Stange,1985,17790
3414,Nord-Odal,1951,5757
3414,Nord-Odal,1952,5726
3414,Nord-Odal,1953,5721
3414,Nord-Odal,1954,5730
3414,Nord-Odal,1955,5690
3414,Nord-Odal,1956,5601
3414,Nord-Odal,1957,5604
3414,Nord-Odal,1958,5592
3414,Nord-Odal,1959,5570
3414,Nord-Odal,1960,5551
3414,Nord-Odal,1961,5493
3414,Nord-Odal,1962,5441
3414,Nord-Odal,1963,5405
3414,Nord-Odal,1964,5364
3414,Nord-Odal,1965,5331
3414,Nord-Odal,1966,5278
3414,Nord-Odal,1967,5204
3414,Nord-Odal,1968,5186
3414,Nord-Odal,1969,5233
3414,Nord-Odal,1970,5214
3414,Nord-Odal,1971,5245
3414,Nord-Odal,1972,5293
3414,Nord-Odal,1973,5312
3414,Nord-Odal,1974,5302
3414,Nord-Odal,1975,5294
3414,Nord-Odal,1976,5282
3414,Nord-Odal,1977,5322
3414,Nord-Odal,1978,5338
3414,Nord-Odal,1979,5385
3414,Nord-Odal,1980,5411
3414,Nord-Odal,1981,5391
3414,Nord-Odal,1982,5404
3414,Nord-Odal,1983,5366
3414,Nord-Odal,1984,5350
3414,Nord-Odal,1985,5374
3415,Sør-Odal,1951,7996
3415,Sør-Odal,1952,7943
3415,Sør-Odal,1953,7886
3415,Sør-Odal,1954,7891
3415,Sør-Odal,1955,7826
3415,Sør-Odal,1956,7767
3415,Sør-Odal,1957,7676
3415,Sør-Odal,1958,7609
3415,Sør-Odal,1959,7525
3415,Sør-Odal,1960,7409
3415,Sør-Odal,1961,7393
3415,Sør-Odal,1962,7324
3415,Sør-Odal,1963,7309
3415,Sør-Odal,1964,7257
3415,Sør-Odal,1965,7218
3415,Sør-Odal,1966,7155
3415,Sør-Odal,1967,7063
3415,Sør-Odal,1968,7083
3415,Sør-Odal,1969,7032
3415,Sør-Odal,1970,6981
3415,Sør-Odal,1971,6940
3415,Sør-Odal,1972,6943
3415,Sør-Odal,1973,6936
3415,Sør-Odal,1974,6948
3415,Sør-Odal,1975,6983
3415,Sør-Odal,1976,7029
3415,Sør-Odal,1977,6999
3415,Sør-Odal,1978,7091
3415,Sør-Odal,1979,7124
3415,Sør-Odal,1980,7130
3415,Sør-Odal,1981,7231
3415,Sør-Odal,1982,7250
3415,Sør-Odal,1983,7309
3415,Sør-Odal,1984,7388
3415,Sør-Odal,1985,7400
3416,Eidskog,1951,7240
3416,Eidskog,1952,7174
3416,Eidskog,1953,7178
3416,Eidskog,1954,7148
3416,Eidskog,1955,7094
3416,Eidskog,1956,7150
3416,Eidskog,1957,7187
3416,Eidskog,1958,7197
3416,Eidskog,1959,7167
3416,Eidskog,1960,7126
3416,Eidskog,1961,7021
3416,Eidskog,1962,6970
3416,Eidskog,1963,6865
3416,Eidskog,1964,6767
3416,Eidskog,1965,6731
3416,Eidskog,1966,6627
3416,Eidskog,1967,6587
3416,Eidskog,1968,6516
3416,Eidskog,1969,6442
3416,Eidskog,1970,6432
3416,Eidskog,1971,6363
3416,Eidskog,1972,6391
3416,Eidskog,1973,6449
3416,Eidskog,1974,6439
3416,Eidskog,1975,6396
3416,Eidskog,1976,6392
3416,Eidskog,1977,6398
3416,Eidskog,1978,6343
3416,Eidskog,1979,6340
3416,Eidskog,1980,6368
3416,Eidskog,1981,6316
3416,Eidskog,1982,6328
3416,Eidskog,1983,6350
3416,Eidskog,1984,6403
3416,Eidskog,1985,6365
3417,Grue,1951,7276
3417,Grue,1952,7297
3417,Grue,1953,7325
3417,Grue,1954,7377
3417,Grue,1955,7285
3417,Grue,1956,7222
3417,Grue,1957,7247
3417,Grue,1958,7217
3417,Grue,1959,7158
3417,Grue,1960,7110
3417,Grue,1961,7007
3417,Grue,1962,6987
3417,Grue,1963,6895
3417,Grue,1964,6864
3417,Grue,1965,6836
3417,Grue,1966,6758
3417,Grue,1967,6700
3417,Grue,1968,6622
3417,Grue,1969,6561
3417,Grue,1970,6509
3417,Grue,1971,6409
3417,Grue,1972,6386
3417,Grue,1973,6322
3417,Grue,1974,6272
3417,Grue,1975,6244
3417,Grue,1976,6219
3417,Grue,1977,6181
3417,Grue,1978,6149
3417,Grue,1979,6114
3417,Grue,1980,6110
3417,Grue,1981,6070
3417,Grue,1982,6051
3417,Grue,1983,6067
3417,Grue,1984,6082
3417,Grue,1985,6038
3418,Åsnes,1951,10183
3418,Åsnes,1952,10219
3418,Åsnes,1953,10276
3418,Åsnes,1954,10307
3418,Åsnes,1955,10224
3418,Åsnes,1956,10151
3418,Åsnes,1957,10164
3418,Åsnes,1958,10103
3418,Åsnes,1959,10097
3418,Åsnes,1960,10097
3418,Åsnes,1961,10048
3418,Åsnes,1962,10013
3418,Åsnes,1963,9972
3418,Åsnes,1964,9895
3418,Åsnes,1965,9825
3418,Åsnes,1966,9678
3418,Åsnes,1967,9634
3418,Åsnes,1968,9550
3418,Åsnes,1969,9475
3418,Åsnes,1970,9396
3418,Åsnes,1971,9244
3418,Åsnes,1972,9263
3418,Åsnes,1973,9186
3418,Åsnes,1974,9186
3418,Åsnes,1975,9191
3418,Åsnes,1976,9112
3418,Åsnes,1977,9086
3418,Åsnes,1978,9064
3418,Åsnes,1979,9092
3418,Åsnes,1980,9011
3418,Åsnes,1981,9020
3418,Åsnes,1982,8967
3418,Åsnes,1983,8957
3418,Åsnes,1984,8902
3418,Åsnes,1985,8851
3419,Våler (Innlandet),1951,4849
3419,Våler (Innlandet),1952,4842
3419,Våler (Innlandet),1953,4826
3419,Våler (Innlandet),1954,4905
3419,Våler (Innlandet),1955,4918
3419,Våler (Innlandet),1956,4986
3419,Våler (Innlandet),1957,4945
3419,Våler (Innlandet),1958,4936
3419,Våler (Innlandet),1959,5010
3419,Våler (Innlandet),1960,5109
3419,Våler (Innlandet),1961,5097
3419,Våler (Innlandet),1962,5109
3419,Våler (Innlandet),1963,5067
3419,Våler (Innlandet),1964,5059
3419,Våler (Innlandet),1965,5036
3419,Våler (Innlandet),1966,5046
3419,Våler (Innlandet),1967,4962
3419,Våler (Innlandet),1968,4949
3419,Våler (Innlandet),1969,4939
3419,Våler (Innlandet),1970,4861
3419,Våler (Innlandet),1971,4830
3419,Våler (Innlandet),1972,4846
3419,Våler (Innlandet),1973,4862
3419,Våler (Innlandet),1974,4847
3419,Våler (Innlandet),1975,4781
3419,Våler (Innlandet),1976,4783
3419,Våler (Innlandet),1977,4754
3419,Våler (Innlandet),1978,4749
3419,Våler (Innlandet),1979,4823
3419,Våler (Innlandet),1980,4787
3419,Våler (Innlandet),1981,4818
3419,Våler (Innlandet),1982,4789
3419,Våler (Innlandet),1983,4655
3419,Våler (Innlandet),1984,4602
3419,Våler (Innlandet),1985,4578
3420,Elverum,1951,12435
3420,Elverum,1952,12490
3420,Elverum,1953,12649
3420,Elverum,1954,12695
3420,Elverum,1955,12794
3420,Elverum,1956,12881
3420,Elverum,1957,12951
3420,Elverum,1958,13067
3420,Elverum,1959,13090
3420,Elverum,1960,13191
3420,Elverum,1961,13282
3420,Elverum,1962,13380
3420,Elverum,1963,13406
3420,Elverum,1964,13474
3420,Elverum,1965,13664
3420,Elverum,1966,13839
3420,Elverum,1967,13865
3420,Elverum,1968,14030
3420,Elverum,1969,14112
3420,Elverum,1970,14269
3420,Elverum,1971,14311
3420,Elverum,1972,14551
3420,Elverum,1973,14780
3420,Elverum,1974,14925
3420,Elverum,1975,15147
3420,Elverum,1976,15460
3420,Elverum,1977,15631
3420,Elverum,1978,15961
3420,Elverum,1979,16273
3420,Elverum,1980,16469
3420,Elverum,1981,16610
3420,Elverum,1982,16784
3420,Elverum,1983,16929
3420,Elverum,1984,16965
3420,Elverum,1985,16903
3421,Trysil,1951,8423
3421,Trysil,1952,8514
3421,Trysil,1953,8504
3421,Trysil,1954,8461
3421,Trysil,1955,8455
3421,Trysil,1956,8423
3421,Trysil,1957,8419
3421,Trysil,1958,8432
3421,Trysil,1959,8391
3421,Trysil,1960,8382
3421,Trysil,1961,8205
3421,Trysil,1962,8130
3421,Trysil,1963,8027
3421,Trysil,1964,7900
3421,Trysil,1965,7841
3421,Trysil,1966,7805
3421,Trysil,1967,7697
3421,Trysil,1968,7679
3421,Trysil,1969,7560
3421,Trysil,1970,7478
3421,Trysil,1971,7393
3421,Trysil,1972,7384
3421,Trysil,1973,7362
3421,Trysil,1974,7385
3421,Trysil,1975,7396
3421,Trysil,1976,7420
3421,Trysil,1977,7505
3421,Trysil,1978,7622
3421,Trysil,1979,7603
3421,Trysil,1980,7567
3421,Trysil,1981,7607
3421,Trysil,1982,7601
3421,Trysil,1983,7549
3421,Trysil,1984,7476
3421,Trysil,1985,7471
3422,Åmot,1951,5360
3422,Åmot,1952,5394
3422,Åmot,1953,5475
3422,Åmot,1954,5496
3422,Åmot,1955,5488
3422,Åmot,1956,5492
3422,Åmot,1957,5480
3422,Åmot,1958,5483
3422,Åmot,1959,5548
3422,Åmot,1960,5586
3422,Åmot,1961,5530
3422,Åmot,1962,5507
3422,Åmot,1963,5447
3422,Åmot,1964,5347
3422,Åmot,1965,5319
3422,Åmot,1966,5264
3422,Åmot,1967,5150
3422,Åmot,1968,5143
3422,Åmot,1969,5165
3422,Åmot,1970,5077
3422,Åmot,1971,4959
3422,Åmot,1972,4855
3422,Åmot,1973,4828
3422,Åmot,1974,4820
3422,Åmot,1975,4816
3422,Åmot,1976,4826
3422,Åmot,1977,4831
3422,Åmot,1978,4868
3422,Åmot,1979,4857
3422,Åmot,1980,4851
3422,Åmot,1981,4842
3422,Åmot,1982,4784
3422,Åmot,1983,4784
3422,Åmot,1984,4728
3422,Åmot,1985,4659
3423,Stor-Elvdal,1951,4577
3423,Stor-Elvdal,1952,4606
3423,Stor-Elvdal,1953,4566
3423,Stor-Elvdal,1954,4543
3423,Stor-Elvdal,1955,4543
3423,Stor-Elvdal,1956,4529
3423,Stor-Elvdal,1957,4532
3423,Stor-Elvdal,1958,4490
3423,Stor-Elvdal,1959,4502
3423,Stor-Elvdal,1960,4458
3423,Stor-Elvdal,1961,4411
3423,Stor-Elvdal,1962,4373
3423,Stor-Elvdal,1963,4325
3423,Stor-Elvdal,1964,4294
3423,Stor-Elvdal,1965,4164
3423,Stor-Elvdal,1966,4100
3423,Stor-Elvdal,1967,4036
3423,Stor-Elvdal,1968,3984
3423,Stor-Elvdal,1969,3907
3423,Stor-Elvdal,1970,3837
3423,Stor-Elvdal,1971,3747
3423,Stor-Elvdal,1972,3809
3423,Stor-Elvdal,1973,3823
3423,Stor-Elvdal,1974,3812
3423,Stor-Elvdal,1975,3771
3423,Stor-Elvdal,1976,3723
3423,Stor-Elvdal,1977,3732
3423,Stor-Elvdal,1978,3685
3423,Stor-Elvdal,1979,3712
3423,Stor-Elvdal,1980,3730
3423,Stor-Elvdal,1981,3687
3423,Stor-Elvdal,1982,3658
3423,Stor-Elvdal,1983,3645
3423,Stor-Elvdal,1984,3642
3423,Stor-Elvdal,1985,3585
3424,Rendalen,1951,3887
3424,Rendalen,1952,3912
3424,Rendalen,1953,3890
3424,Rendalen,1954,3891
3424,Rendalen,1955,3880
3424,Rendalen,1956,3859
3424,Rendalen,1957,3834
3424,Rendalen,1958,3753
3424,Rendalen,1959,3768
3424,Rendalen,1960,3771
3424,Rendalen,1961,3710
3424,Rendalen,1962,3647
3424,Rendalen,1963,3610
3424,Rendalen,1964,3590
3424,Rendalen,1965,3542
3424,Rendalen,1966,3467
3424,Rendalen,1967,3359
3424,Rendalen,1968,3420
3424,Rendalen,1969,3458
3424,Rendalen,1970,3412
3424,Rendalen,1971,3282
3424,Rendalen,1972,3108
3424,Rendalen,1973,3016
3424,Rendalen,1974,2970
3424,Rendalen,1975,2964
3424,Rendalen,1976,2916
3424,Rendalen,1977,2910
3424,Rendalen,1978,2848
3424,Rendalen,1979,2853
3424,Rendalen,1980,2816
3424,Rendalen,1981,2805
3424,Rendalen,1982,2788
3424,Rendalen,1983,2754
3424,Rendalen,1984,2739
3424,Rendalen,1985,2704
3425,Engerdal,1951,1756
3425,Engerdal,1952,1760
3425,Engerdal,1953,1782
3425,Engerdal,1954,1786
3425,Engerdal,1955,1777
3425,Engerdal,1956,1799
3425,Engerdal,1957,1802
3425,Engerdal,1958,1809
3425,Engerdal,1959,1800
3425,Engerdal,1960,1818
3425,Engerdal,1961,1809
3425,Engerdal,1962,1807
3425,Engerdal,1963,1802
3425,Engerdal,1964,1774
3425,Engerdal,1965,1778
3425,Engerdal,1966,1765
3425,Engerdal,1967,1767
3425,Engerdal,1968,1786
3425,Engerdal,1969,1799
3425,Engerdal,1970,1761
3425,Engerdal,1971,1760
3425,Engerdal,1972,1775
3425,Engerdal,1973,1769
3425,Engerdal,1974,1783
3425,Engerdal,1975,1793
3425,Engerdal,1976,1792
3425,Engerdal,1977,1789
3425,Engerdal,1978,1781
3425,Engerdal,1979,1789
3425,Engerdal,1980,1795
3425,Engerdal,1981,1782
3425,Engerdal,1982,1761
3425,Engerdal,1983,1796
3425,Engerdal,1984,1776
3425,Engerdal,1985,1757
3426,Tolga,1951,2098
3426,Tolga,1952,2105
3426,Tolga,1953,2108
3426,Tolga,1954,2091
3426,Tolga,1955,2086
3426,Tolga,1956,2072
3426,Tolga,1957,2066
3426,Tolga,1958,2041
3426,Tolga,1959,2042
3426,Tolga,1960,2019
3426,Tolga,1961,2002
3426,Tolga,1962,2009
3426,Tolga,1963,2018
3426,Tolga,1964,2005
3426,Tolga,1965,2007
3426,Tolga,1966,1983
3426,Tolga,1967,1970
3426,Tolga,1968,1974
3426,Tolga,1969,1977
3426,Tolga,1970,1957
3426,Tolga,1971,1928
3426,Tolga,1972,1912
3426,Tolga,1973,1899
3426,Tolga,1974,1881
3426,Tolga,1975,1882
3426,Tolga,1976,1865
3426,Tolga,1977,1867
3426,Tolga,1978,1876
3426,Tolga,1979,1895
3426,Tolga,1980,1892
3426,Tolga,1981,1888
3426,Tolga,1982,1882
3426,Tolga,1983,1882
3426,Tolga,1984,1897
3426,Tolga,1985,1903
3427,Tynset,1951,4777
3427,Tynset,1952,4788
3427,Tynset,1953,4893
3427,Tynset,1954,4895
3427,Tynset,1955,4843
3427,Tynset,1956,4901
3427,Tynset,1957,4890
3427,Tynset,1958,4834
3427,Tynset,1959,4829
3427,Tynset,1960,4834
3427,Tynset,1961,4829
3427,Tynset,1962,4858
3427,Tynset,1963,4882
3427,Tynset,1964,4810
3427,Tynset,1965,4817
3427,Tynset,1966,4975
3427,Tynset,1967,5028
3427,Tynset,1968,5038
3427,Tynset,1969,5025
3427,Tynset,1970,5089
3427,Tynset,1971,5068
3427,Tynset,1972,5045
3427,Tynset,1973,5044
3427,Tynset,1974,5051
3427,Tynset,1975,5081
3427,Tynset,1976,5095
3427,Tynset,1977,5154
3427,Tynset,1978,5254
3427,Tynset,1979,5294
3427,Tynset,1980,5375
3427,Tynset,1981,5415
3427,Tynset,1982,5448
3427,Tynset,1983,5473
3427,Tynset,1984,5466
3427,Tynset,1985,5455
3428,Alvdal,1951,2569
3428,Alvdal,1952,2569
3428,Alvdal,1953,2562
3428,Alvdal,1954,2561
3428,Alvdal,1955,2563
3428,Alvdal,1956,2568
3428,Alvdal,1957,2570
3428,Alvdal,1958,2600
3428,Alvdal,1959,2617
3428,Alvdal,1960,2610
3428,Alvdal,1961,2615
3428,Alvdal,1962,2630
3428,Alvdal,1963,2636
3428,Alvdal,1964,2599
3428,Alvdal,1965,2606
3428,Alvdal,1966,2584
3428,Alvdal,1967,2607
3428,Alvdal,1968,2637
3428,Alvdal,1969,2734
3428,Alvdal,1970,2717
3428,Alvdal,1971,2692
3428,Alvdal,1972,2578
3428,Alvdal,1973,2527
3428,Alvdal,1974,2524
3428,Alvdal,1975,2510
3428,Alvdal,1976,2463
3428,Alvdal,1977,2469
3428,Alvdal,1978,2457
3428,Alvdal,1979,2442
3428,Alvdal,1980,2441
3428,Alvdal,1981,2462
3428,Alvdal,1982,2485
3428,Alvdal,1983,2470
3428,Alvdal,1984,2469
3428,Alvdal,1985,2478
3429,Folldal,1951,2372
3429,Folldal,1952,2386
3429,Folldal,1953,2387
3429,Folldal,1954,2379
3429,Folldal,1955,2374
3429,Folldal,1956,2383
3429,Folldal,1957,2377
3429,Folldal,1958,2347
3429,Folldal,1959,2302
3429,Folldal,1960,2348
3429,Folldal,1961,2303
3429,Folldal,1962,2284
3429,Folldal,1963,2232
3429,Folldal,1964,2198
3429,Folldal,1965,2191
3429,Folldal,1966,2194
3429,Folldal,1967,2253
3429,Folldal,1968,2264
3429,Folldal,1969,2209
3429,Folldal,1970,2218
3429,Folldal,1971,2213
3429,Folldal,1972,2198
3429,Folldal,1973,2196
3429,Folldal,1974,2233
3429,Folldal,1975,2228
3429,Folldal,1976,2207
3429,Folldal,1977,2220
3429,Folldal,1978,2230
3429,Folldal,1979,2213
3429,Folldal,1980,2217
3429,Folldal,1981,2203
3429,Folldal,1982,2201
3429,Folldal,1983,2183
3429,Folldal,1984,2165
3429,Folldal,1985,2138
3430,Os,1951,2092
3430,Os,1952,2098
3430,Os,1953,2102
3430,Os,1954,2084
3430,Os,1955,2079
3430,Os,1956,2066
3430,Os,1957,2060
3430,Os,1958,2034
3430,Os,1959,2036
3430,Os,1960,2012
3430,Os,1961,1996
3430,Os,1962,2002
3430,Os,1963,2011
3430,Os,1964,1998
3430,Os,1965,2000
3430,Os,1966,1976
3430,Os,1967,1964
3430,Os,1968,1967
3430,Os,1969,1970
3430,Os,1970,1950
3430,Os,1971,1922
3430,Os,1972,1905
3430,Os,1973,1892
3430,Os,1974,1875
3430,Os,1975,1875
3430,Os,1976,1859
3430,Os,1977,1882
3430,Os,1978,1934
3430,Os,1979,1953
3430,Os,1980,1986
3430,Os,1981,2029
3430,Os,1982,2062
3430,Os,1983,2114
3430,Os,1984,2096
3430,Os,1985,2091
3431,Dovre,1951,3084
3431,Dovre,1952,3082
3431,Dovre,1953,3082
3431,Dovre,1954,3060
3431,Dovre,1955,3026
3431,Dovre,1956,2995
3431,Dovre,1957,2986
3431,Dovre,1958,2974
3431,Dovre,1959,2976
3431,Dovre,1960,2959
3431,Dovre,1961,3007
3431,Dovre,1962,3003
3431,Dovre,1963,2983
3431,Dovre,1964,3003
3431,Dovre,1965,3003
3431,Dovre,1966,2994
3431,Dovre,1967,3076
3431,Dovre,1968,3105
3431,Dovre,1969,3117
3431,Dovre,1970,3119
3431,Dovre,1971,3090
3431,Dovre,1972,3150
3431,Dovre,1973,3148
3431,Dovre,1974,3168
3431,Dovre,1975,3200
3431,Dovre,1976,3213
3431,Dovre,1977,3222
3431,Dovre,1978,3220
3431,Dovre,1979,3249
3431,Dovre,1980,3253
3431,Dovre,1981,3226
3431,Dovre,1982,3233
3431,Dovre,1983,3239
3431,Dovre,1984,3221
3431,Dovre,1985,3206
3432,Lesja,1951,3164
3432,Lesja,1952,3145
3432,Lesja,1953,3101
3432,Lesja,1954,3072
3432,Lesja,1955,3058
3432,Lesja,1956,3081
3432,Lesja,1957,2976
3432,Lesja,1958,2942
3432,Lesja,1959,2898
3432,Lesja,1960,2884
3432,Lesja,1961,2926
3432,Lesja,1962,2875
3432,Lesja,1963,2794
3432,Lesja,1964,2789
3432,Lesja,1965,2754
3432,Lesja,1966,2675
3432,Lesja,1967,2679
3432,Lesja,1968,2666
3432,Lesja,1969,2693
3432,Lesja,1970,2650
3432,Lesja,1971,2566
3432,Lesja,1972,2540
3432,Lesja,1973,2536
3432,Lesja,1974,2502
3432,Lesja,1975,2509
3432,Lesja,1976,2492
3432,Lesja,1977,2496
3432,Lesja,1978,2475
3432,Lesja,1979,2492
3432,Lesja,1980,2497
3432,Lesja,1981,2481
3432,Lesja,1982,2466
3432,Lesja,1983,2472
3432,Lesja,1984,2476
3432,Lesja,1985,2480
3433,Skjåk,1951,3026
3433,Skjåk,1952,3023
3433,Skjåk,1953,3021
3433,Skjåk,1954,3031
3433,Skjåk,1955,3038
3433,Skjåk,1956,3034
3433,Skjåk,1957,3000
3433,Skjåk,1958,2992
3433,Skjåk,1959,2970
3433,Skjåk,1960,2916
3433,Skjåk,1961,2867
3433,Skjåk,1962,2822
3433,Skjåk,1963,2779
3433,Skjåk,1964,2734
3433,Skjåk,1965,2693
3433,Skjåk,1966,2717
3433,Skjåk,1967,2640
3433,Skjåk,1968,2635
3433,Skjåk,1969,2625
3433,Skjåk,1970,2611
3433,Skjåk,1971,2567
3433,Skjåk,1972,2551
3433,Skjåk,1973,2565
3433,Skjåk,1974,2582
3433,Skjåk,1975,2564
3433,Skjåk,1976,2601
3433,Skjåk,1977,2614
3433,Skjåk,1978,2619
3433,Skjåk,1979,2634
3433,Skjåk,1980,2623
3433,Skjåk,1981,2681
3433,Skjåk,1982,2668
3433,Skjåk,1983,2656
3433,Skjåk,1984,2692
3433,Skjåk,1985,2662
3434,Lom,1951,2991
3434,Lom,1952,2981
3434,Lom,1953,2944
3434,Lom,1954,2917
3434,Lom,1955,2881
3434,Lom,1956,2901
3434,Lom,1957,2878
3434,Lom,1958,2878
3434,Lom,1959,2902
3434,Lom,1960,2922
3434,Lom,1961,2883
3434,Lom,1962,2851
3434,Lom,1963,2876
3434,Lom,1964,2849
3434,Lom,1965,2835
3434,Lom,1966,2827
3434,Lom,1967,2850
3434,Lom,1968,2842
3434,Lom,1969,2846
3434,Lom,1970,2913
3434,Lom,1971,2896
3434,Lom,1972,2908
3434,Lom,1973,2865
3434,Lom,1974,2826
3434,Lom,1975,2810
3434,Lom,1976,2834
3434,Lom,1977,2788
3434,Lom,1978,2779
3434,Lom,1979,2781
3434,Lom,1980,2754
3434,Lom,1981,2784
3434,Lom,1982,2784
3434,Lom,1983,2805
3434,Lom,1984,2775
3434,Lom,1985,2764
3435,Vågå,1951,3950
3435,Vågå,1952,3952
3435,Vågå,1953,4013
3435,Vågå,1954,4059
3435,Vågå,1955,4072
3435,Vågå,1956,4034
3435,Vågå,1957,3997
3435,Vågå,1958,3978
3435,Vågå,1959,3956
3435,Vågå,1960,3956
3435,Vågå,1961,4062
3435,Vågå,1962,4075
3435,Vågå,1963,4093
3435,Vågå,1964,4099
3435,Vågå,1965,4041
3435,Vågå,1966,4024
3435,Vågå,1967,4056
3435,Vågå,1968,4028
3435,Vågå,1969,4071
3435,Vågå,1970,4013
3435,Vågå,1971,3987
3435,Vågå,1972,4011
3435,Vågå,1973,4039
3435,Vågå,1974,4048
3435,Vågå,1975,4091
3435,Vågå,1976,4069
3435,Vågå,1977,4056
3435,Vågå,1978,4046
3435,Vågå,1979,4052
3435,Vågå,1980,4058
3435,Vågå,1981,4061
3435,Vågå,1982,4102
3435,Vågå,1983,4151
3435,Vågå,1984,4154
3435,Vågå,1985,4135
3436,Nord-Fron,1951,6062
3436,Nord-Fron,1952,6128
3436,Nord-Fron,1953,6156
3436,Nord-Fron,1954,6132
3436,Nord-Fron,1955,6111
3436,Nord-Fron,1956,6128
3436,Nord-Fron,1957,6162
3436,Nord-Fron,1958,6153
3436,Nord-Fron,1959,6200
3436,Nord-Fron,1960,6198
3436,Nord-Fron,1961,6192
3436,Nord-Fron,1962,6230
3436,Nord-Fron,1963,6192
3436,Nord-Fron,1964,6206
3436,Nord-Fron,1965,5952
3436,Nord-Fron,1966,5982
3436,Nord-Fron,1967,5880
3436,Nord-Fron,1968,5945
3436,Nord-Fron,1969,6005
3436,Nord-Fron,1970,5983
3436,Nord-Fron,1971,5993
3436,Nord-Fron,1972,6014
3436,Nord-Fron,1973,6084
3436,Nord-Fron,1974,6096
3436,Nord-Fron,1975,6111
3436,Nord-Fron,1976,6127
3436,Nord-Fron,1977,6131
3436,Nord-Fron,1978,6179
3436,Nord-Fron,1979,6222
3436,Nord-Fron,1980,6264
3436,Nord-Fron,1981,6292
3436,Nord-Fron,1982,6354
3436,Nord-Fron,1983,6387
3436,Nord-Fron,1984,6369
3436,Nord-Fron,1985,6302
3437,Sel,1951,4946
3437,Sel,1952,4998
3437,Sel,1953,5033
3437,Sel,1954,5025
3437,Sel,1955,5062
3437,Sel,1956,5123
3437,Sel,1957,5192
3437,Sel,1958,5237
3437,Sel,1959,5313
3437,Sel,1960,5322
3437,Sel,1961,5296
3437,Sel,1962,5325
3437,Sel,1963,5347
3437,Sel,1964,5380
3437,Sel,1965,5866
3437,Sel,1966,5924
3437,Sel,1967,6039
3437,Sel,1968,6138
3437,Sel,1969,6161
3437,Sel,1970,6261
3437,Sel,1971,6254
3437,Sel,1972,6366
3437,Sel,1973,6452
3437,Sel,1974,6496
3437,Sel,1975,6521
3437,Sel,1976,6533
3437,Sel,1977,6563
3437,Sel,1978,6590
3437,Sel,1979,6689
3437,Sel,1980,6703
3437,Sel,1981,6711
3437,Sel,1982,6710
3437,Sel,1983,6687
3437,Sel,1984,6661
3437,Sel,1985,6606
3438,Sør-Fron,1951,3470
3438,Sør-Fron,1952,3508
3438,Sør-Fron,1953,3523
3438,Sør-Fron,1954,3509
3438,Sør-Fron,1955,3498
3438,Sør-Fron,1956,3508
3438,Sør-Fron,1957,3526
3438,Sør-Fron,1958,3522
3438,Sør-Fron,1959,3549
3438,Sør-Fron,1960,3548
3438,Sør-Fron,1961,3544
3438,Sør-Fron,1962,3565
3438,Sør-Fron,1963,3544
3438,Sør-Fron,1964,3552
3438,Sør-Fron,1965,3407
3438,Sør-Fron,1966,3424
3438,Sør-Fron,1967,3366
3438,Sør-Fron,1968,3402
3438,Sør-Fron,1969,3437
3438,Sør-Fron,1970,3424
3438,Sør-Fron,1971,3430
3438,Sør-Fron,1972,3442
3438,Sør-Fron,1973,3482
3438,Sør-Fron,1974,3489
3438,Sør-Fron,1975,3498
3438,Sør-Fron,1976,3506
3438,Sør-Fron,1977,3509
3438,Sør-Fron,1978,3512
3438,Sør-Fron,1979,3533
3438,Sør-Fron,1980,3554
3438,Sør-Fron,1981,3584
3438,Sør-Fron,1982,3618
3438,Sør-Fron,1983,3623
3438,Sør-Fron,1984,3582
3438,Sør-Fron,1985,3603
3439,Ringebu,1951,5683
3439,Ringebu,1952,5710
3439,Ringebu,1953,5727
3439,Ringebu,1954,5719
3439,Ringebu,1955,5690
3439,Ringebu,1956,5642
3439,Ringebu,1957,5624
3439,Ringebu,1958,5605
3439,Ringebu,1959,5564
3439,Ringebu,1960,5577
3439,Ringebu,1961,5589
3439,Ringebu,1962,5503
3439,Ringebu,1963,5484
3439,Ringebu,1964,5452
3439,Ringebu,1965,5448
3439,Ringebu,1966,5396
3439,Ringebu,1967,5382
3439,Ringebu,1968,5400
3439,Ringebu,1969,5319
3439,Ringebu,1970,5270
3439,Ringebu,1971,5226
3439,Ringebu,1972,5314
3439,Ringebu,1973,5317
3439,Ringebu,1974,5325
3439,Ringebu,1975,5326
3439,Ringebu,1976,5361
3439,Ringebu,1977,5346
3439,Ringebu,1978,5328
3439,Ringebu,1979,5420
3439,Ringebu,1980,5406
3439,Ringebu,1981,5444
3439,Ringebu,1982,5415
3439,Ringebu,1983,5393
3439,Ringebu,1984,5335
3439,Ringebu,1985,5254
3440,Øyer,1951,3787
3440,Øyer,1952,3809
3440,Øyer,1953,3834
3440,Øyer,1954,3859
3440,Øyer,1955,3807
3440,Øyer,1956,3831
3440,Øyer,1957,3854
3440,Øyer,1958,3863
3440,Øyer,1959,3906
3440,Øyer,1960,3885
3440,Øyer,1961,3912
3440,Øyer,1962,3907
3440,Øyer,1963,3864
3440,Øyer,1964,3825
3440,Øyer,1965,3809
3440,Øyer,1966,3830
3440,Øyer,1967,3813
3440,Øyer,1968,3835
3440,Øyer,1969,3856
3440,Øyer,1970,3950
3440,Øyer,1971,3881
3440,Øyer,1972,4047
3440,Øyer,1973,4197
3440,Øyer,1974,4302
3440,Øyer,1975,4395
3440,Øyer,1976,4356
3440,Øyer,1977,4362
3440,Øyer,1978,4403
3440,Øyer,1979,4442
3440,Øyer,1980,4421
3440,Øyer,1981,4461
3440,Øyer,1982,4458
3440,Øyer,1983,4475
3440,Øyer,1984,4531
3440,Øyer,1985,4496
3441,Gausdal,1951,6749
3441,Gausdal,1952,6739
3441,Gausdal,1953,6723
3441,Gausdal,1954,6730
3441,Gausdal,1955,6677
3441,Gausdal,1956,6682
3441,Gausdal,1957,6614
3441,Gausdal,1958,6716
3441,Gausdal,1959,6687
3441,Gausdal,1960,6671
3441,Gausdal,1961,6607
3441,Gausdal,1962,6532
3441,Gausdal,1963,6451
3441,Gausdal,1964,6367
3441,Gausdal,1965,6366
3441,Gausdal,1966,6400
3441,Gausdal,1967,6422
3441,Gausdal,1968,6413
3441,Gausdal,1969,6399
3441,Gausdal,1970,6401
3441,Gausdal,1971,6391
3441,Gausdal,1972,6414
3441,Gausdal,1973,6504
3441,Gausdal,1974,6515
3441,Gausdal,1975,6585
3441,Gausdal,1976,6603
3441,Gausdal,1977,6579
3441,Gausdal,1978,6572
3441,Gausdal,1979,6648
3441,Gausdal,1980,6679
3441,Gausdal,1981,6662
3441,Gausdal,1982,6589
3441,Gausdal,1983,6569
3441,Gausdal,1984,6589
3441,Gausdal,1985,6585
3442,Østre Toten,1951,13440
3442,Østre Toten,1952,13545
3442,Østre Toten,1953,13630
3442,Østre Toten,1954,13720
3442,Østre Toten,1955,13799
3442,Østre Toten,1956,13850
3442,Østre Toten,1957,13797
3442,Østre Toten,1958,13836
3442,Østre Toten,1959,13864
3442,Østre Toten,1960,13788
3442,Østre Toten,1961,13717
3442,Østre Toten,1962,13614
3442,Østre Toten,1963,13573
3442,Østre Toten,1964,13567
3442,Østre Toten,1965,13525
3442,Østre Toten,1966,13502
3442,Østre Toten,1967,13579
3442,Østre Toten,1968,13532
3442,Østre Toten,1969,13606
3442,Østre Toten,1970,13623
3442,Østre Toten,1971,13717
3442,Østre Toten,1972,13818
3442,Østre Toten,1973,13885
3442,Østre Toten,1974,13894
3442,Østre Toten,1975,13924
3442,Østre Toten,1976,13946
3442,Østre Toten,1977,13928
3442,Østre Toten,1978,13957
3442,Østre Toten,1979,14038
3442,Østre Toten,1980,14005
3442,Østre Toten,1981,14123
3442,Østre Toten,1982,14121
3442,Østre Toten,1983,14124
3442,Østre Toten,1984,14117
3442,Østre Toten,1985,14131
3443,Vestre Toten,1951,9369
3443,Vestre Toten,1952,9528
3443,Vestre Toten,1953,9594
3443,Vestre Toten,1954,9774
3443,Vestre Toten,1955,10001
3443,Vestre Toten,1956,10074
3443,Vestre Toten,1957,10131
3443,Vestre Toten,1958,10136
3443,Vestre Toten,1959,10156
3443,Vestre Toten,1960,10339
3443,Vestre Toten,1961,10417
3443,Vestre Toten,1962,10569
3443,Vestre Toten,1963,10706
3443,Vestre Toten,1964,10803
3443,Vestre Toten,1965,10961
3443,Vestre Toten,1966,11067
3443,Vestre Toten,1967,11251
3443,Vestre Toten,1968,11346
3443,Vestre Toten,1969,11617
3443,Vestre Toten,1970,11714
3443,Vestre Toten,1971,12068
3443,Vestre Toten,1972,12339
3443,Vestre Toten,1973,12572
3443,Vestre Toten,1974,12758
3443,Vestre Toten,1975,12940
3443,Vestre Toten,1976,13030
3443,Vestre Toten,1977,13043
3443,Vestre Toten,1978,13144
3443,Vestre Toten,1979,13230
3443,Vestre Toten,1980,13349
3443,Vestre Toten,1981,13413
3443,Vestre Toten,1982,13557
3443,Vestre Toten,1983,13624
3443,Vestre Toten,1984,13659
3443,Vestre Toten,1985,13626
3446,Gran,1951,11858
3446,Gran,1952,11901
3446,Gran,1953,11911
3446,Gran,1954,11935
3446,Gran,1955,11914
3446,Gran,1956,11911
3446,Gran,1957,11892
3446,Gran,1958,11899
3446,Gran,1959,11895
3446,Gran,1960,11978
3446,Gran,1961,11886
3446,Gran,1962,11726
3446,Gran,1963,11761
3446,Gran,1964,11729
3446,Gran,1965,11727
3446,Gran,1966,11777
3446,Gran,1967,11799
3446,Gran,1968,11882
3446,Gran,1969,11963
3446,Gran,1970,12047
3446,Gran,1971,12078
3446,Gran,1972,12165
3446,Gran,1973,12211
3446,Gran,1974,12250
3446,Gran,1975,12395
3446,Gran,1976,12409
3446,Gran,1977,12398
3446,Gran,1978,12380
3446,Gran,1979,12393
3446,Gran,1980,12330
3446,Gran,1981,12332
3446,Gran,1982,12380
3446,Gran,1983,12437
3446,Gran,1984,12542
3446,Gran,1985,12514
3447,Søndre Land,1951,6373
3447,Søndre Land,1952,6417
3447,Søndre Land,1953,6420
3447,Søndre Land,1954,6433
3447,Søndre Land,1955,6397
3447,Søndre Land,1956,6484
3447,Søndre Land,1957,6525
3447,Søndre Land,1958,6536
3447,Søndre Land,1959,6547
3447,Søndre Land,1960,6526
3447,Søndre Land,1961,6436
3447,Søndre Land,1962,6449
3447,Søndre Land,1963,6365
3447,Søndre Land,1964,6338
3447,Søndre Land,1965,6322
3447,Søndre Land,1966,6306
3447,Søndre Land,1967,6270
3447,Søndre Land,1968,6296
3447,Søndre Land,1969,6288
3447,Søndre Land,1970,6284
3447,Søndre Land,1971,6347
3447,Søndre Land,1972,6418
3447,Søndre Land,1973,6461
3447,Søndre Land,1974,6444
3447,Søndre Land,1975,6447
3447,Søndre Land,1976,6409
3447,Søndre Land,1977,6418
3447,Søndre Land,1978,6442
3447,Søndre Land,1979,6429
3447,Søndre Land,1980,6395
3447,Søndre Land,1981,6386
3447,Søndre Land,1982,6335
3447,Søndre Land,1983,6329
3447,Søndre Land,1984,6339
3447,Søndre Land,1985,6353
3448,Nordre Land,1951,6573
3448,Nordre Land,1952,6634
3448,Nordre Land,1953,6710
3448,Nordre Land,1954,6773
3448,Nordre Land,1955,6743
3448,Nordre Land,1956,6705
3448,Nordre Land,1957,6698
3448,Nordre Land,1958,6726
3448,Nordre Land,1959,6705
3448,Nordre Land,1960,6695
3448,Nordre Land,1961,6683
3448,Nordre Land,1962,6686
3448,Nordre Land,1963,6708
3448,Nordre Land,1964,6688
3448,Nordre Land,1965,6756
3448,Nordre Land,1966,6865
3448,Nordre Land,1967,6905
3448,Nordre Land,1968,6936
3448,Nordre Land,1969,6941
3448,Nordre Land,1970,6999
3448,Nordre Land,1971,7065
3448,Nordre Land,1972,7097
3448,Nordre Land,1973,7155
3448,Nordre Land,1974,7105
3448,Nordre Land,1975,7108
3448,Nordre Land,1976,7143
3448,Nordre Land,1977,7167
3448,Nordre Land,1978,7108
3448,Nordre Land,1979,7122
3448,Nordre Land,1980,7078
3448,Nordre Land,1981,7108
3448,Nordre Land,1982,7088
3448,Nordre Land,1983,7069
3448,Nordre Land,1984,7106
3448,Nordre Land,1985,7050
3449,Sør-Aurdal,1951,4103
3449,Sør-Aurdal,1952,4134
3449,Sør-Aurdal,1953,4171
3449,Sør-Aurdal,1954,4145
3449,Sør-Aurdal,1955,4167
3449,Sør-Aurdal,1956,4119
3449,Sør-Aurdal,1957,4166
3449,Sør-Aurdal,1958,4106
3449,Sør-Aurdal,1959,4128
3449,Sør-Aurdal,1960,4099
3449,Sør-Aurdal,1961,4065
3449,Sør-Aurdal,1962,4022
3449,Sør-Aurdal,1963,4012
3449,Sør-Aurdal,1964,3927
3449,Sør-Aurdal,1965,3911
3449,Sør-Aurdal,1966,3861
3449,Sør-Aurdal,1967,3838
3449,Sør-Aurdal,1968,3823
3449,Sør-Aurdal,1969,3782
3449,Sør-Aurdal,1970,3770
3449,Sør-Aurdal,1971,3776
3449,Sør-Aurdal,1972,3826
3449,Sør-Aurdal,1973,3812
3449,Sør-Aurdal,1974,3824
3449,Sør-Aurdal,1975,3833
3449,Sør-Aurdal,1976,3753
3449,Sør-Aurdal,1977,3731
3449,Sør-Aurdal,1978,3737
3449,Sør-Aurdal,1979,3703
3449,Sør-Aurdal,1980,3698
3449,Sør-Aurdal,1981,3737
3449,Sør-Aurdal,1982,3779
3449,Sør-Aurdal,1983,3742
3449,Sør-Aurdal,1984,3711
3449,Sør-Aurdal,1985,3676
3450,Etnedal,1951,2093
3450,Etnedal,1952,1990
3450,Etnedal,1953,1997
3450,Etnedal,1954,2007
3450,Etnedal,1955,1975
3450,Etnedal,1956,2071
3450,Etnedal,1957,2040
3450,Etnedal,1958,2011
3450,Etnedal,1959,2001
3450,Etnedal,1960,1964
3450,Etnedal,1961,1930
3450,Etnedal,1962,1908
3450,Etnedal,1963,1901
3450,Etnedal,1964,1919
3450,Etnedal,1965,1919
3450,Etnedal,1966,1893
3450,Etnedal,1967,1870
3450,Etnedal,1968,1845
3450,Etnedal,1969,1829
3450,Etnedal,1970,1837
3450,Etnedal,1971,1785
3450,Etnedal,1972,1769
3450,Etnedal,1973,1775
3450,Etnedal,1974,1766
3450,Etnedal,1975,1774
3450,Etnedal,1976,1766
3450,Etnedal,1977,1764
3450,Etnedal,1978,1747
3450,Etnedal,1979,1736
3450,Etnedal,1980,1732
3450,Etnedal,1981,1707
3450,Etnedal,1982,1688
3450,Etnedal,1983,1678
3450,Etnedal,1984,1710
3450,Etnedal,1985,1702
3451,Nord-Aurdal,1951,5715
3451,Nord-Aurdal,1952,5782
3451,Nord-Aurdal,1953,5768
3451,Nord-Aurdal,1954,5769
3451,Nord-Aurdal,1955,5745
3451,Nord-Aurdal,1956,5663
3451,Nord-Aurdal,1957,5681
3451,Nord-Aurdal,1958,5690
3451,Nord-Aurdal,1959,5700
3451,Nord-Aurdal,1960,5707
3451,Nord-Aurdal,1961,5648
3451,Nord-Aurdal,1962,5686
3451,Nord-Aurdal,1963,5665
3451,Nord-Aurdal,1964,5655
3451,Nord-Aurdal,1965,5720
3451,Nord-Aurdal,1966,5791
3451,Nord-Aurdal,1967,5863
3451,Nord-Aurdal,1968,5881
3451,Nord-Aurdal,1969,5878
3451,Nord-Aurdal,1970,5829
3451,Nord-Aurdal,1971,5880
3451,Nord-Aurdal,1972,5956
3451,Nord-Aurdal,1973,6007
3451,Nord-Aurdal,1974,6071
3451,Nord-Aurdal,1975,6133
3451,Nord-Aurdal,1976,6166
3451,Nord-Aurdal,1977,6226
3451,Nord-Aurdal,1978,6311
3451,Nord-Aurdal,1979,6360
3451,Nord-Aurdal,1980,6333
3451,Nord-Aurdal,1981,6401
3451,Nord-Aurdal,1982,6503
3451,Nord-Aurdal,1983,6590
3451,Nord-Aurdal,1984,6576
3451,Nord-Aurdal,1985,6586
3452,Vestre Slidre,1951,2518
3452,Vestre Slidre,1952,2529
3452,Vestre Slidre,1953,2559
3452,Vestre Slidre,1954,2549
3452,Vestre Slidre,1955,2548
3452,Vestre Slidre,1956,2532
3452,Vestre Slidre,1957,2513
3452,Vestre Slidre,1958,2532
3452,Vestre Slidre,1959,2543
3452,Vestre Slidre,1960,2492
3452,Vestre Slidre,1961,2464
3452,Vestre Slidre,1962,2484
3452,Vestre Slidre,1963,2481
3452,Vestre Slidre,1964,2453
3452,Vestre Slidre,1965,2460
3452,Vestre Slidre,1966,2448
3452,Vestre Slidre,1967,2390
3452,Vestre Slidre,1968,2383
3452,Vestre Slidre,1969,2407
3452,Vestre Slidre,1970,2393
3452,Vestre Slidre,1971,2361
3452,Vestre Slidre,1972,2376
3452,Vestre Slidre,1973,2381
3452,Vestre Slidre,1974,2389
3452,Vestre Slidre,1975,2412
3452,Vestre Slidre,1976,2430
3452,Vestre Slidre,1977,2435
3452,Vestre Slidre,1978,2443
3452,Vestre Slidre,1979,2447
3452,Vestre Slidre,1980,2442
3452,Vestre Slidre,1981,2465
3452,Vestre Slidre,1982,2431
3452,Vestre Slidre,1983,2468
3452,Vestre Slidre,1984,2466
3452,Vestre Slidre,1985,2458
3453,Øystre Slidre,1951,2886
3453,Øystre Slidre,1952,2885
3453,Øystre Slidre,1953,2866
3453,Øystre Slidre,1954,2860
3453,Øystre Slidre,1955,2865
3453,Øystre Slidre,1956,2892
3453,Øystre Slidre,1957,2874
3453,Øystre Slidre,1958,2838
3453,Øystre Slidre,1959,2836
3453,Øystre Slidre,1960,2793
3453,Øystre Slidre,1961,2790
3453,Øystre Slidre,1962,2724
3453,Øystre Slidre,1963,2718
3453,Øystre Slidre,1964,2695
3453,Øystre Slidre,1965,2704
3453,Øystre Slidre,1966,2717
3453,Øystre Slidre,1967,2718
3453,Øystre Slidre,1968,2728
3453,Øystre Slidre,1969,2746
3453,Øystre Slidre,1970,2744
3453,Øystre Slidre,1971,2762
3453,Øystre Slidre,1972,2817
3453,Øystre Slidre,1973,2812
3453,Øystre Slidre,1974,2848
3453,Øystre Slidre,1975,2876
3453,Øystre Slidre,1976,2901
3453,Øystre Slidre,1977,2925
3453,Øystre Slidre,1978,2982
3453,Øystre Slidre,1979,2990
3453,Øystre Slidre,1980,3017
3453,Øystre Slidre,1981,3026
3453,Øystre Slidre,1982,3068
3453,Øystre Slidre,1983,3075
3453,Øystre Slidre,1984,3101
3453,Øystre Slidre,1985,3066
3454,Vang,1951,1954
3454,Vang,1952,1925
3454,Vang,1953,1938
3454,Vang,1954,1948
3454,Vang,1955,1963
3454,Vang,1956,1977
3454,Vang,1957,2011
3454,Vang,1958,2009
3454,Vang,1959,1977
3454,Vang,1960,1981
3454,Vang,1961,1959
3454,Vang,1962,1931
3454,Vang,1963,1908
3454,Vang,1964,1871
3454,Vang,1965,1869
3454,Vang,1966,1840
3454,Vang,1967,1794
3454,Vang,1968,1786
3454,Vang,1969,1772
3454,Vang,1970,1762
3454,Vang,1971,1762
3454,Vang,1972,1812
3454,Vang,1973,1839
3454,Vang,1974,1803
3454,Vang,1975,1774
3454,Vang,1976,1751
3454,Vang,1977,1737
3454,Vang,1978,1751
3454,Vang,1979,1742
3454,Vang,1980,1736
3454,Vang,1981,1751
3454,Vang,1982,1773
3454,Vang,1983,1761
3454,Vang,1984,1743
3454,Vang,1985,1762
3901,Horten,1951,16875
3901,Horten,1952,17541
3901,Horten,1953,17969
3901,Horten,1954,18323
3901,Horten,1955,18648
3901,Horten,1956,18783
3901,Horten,1957,18957
3901,Horten,1958,19145
3901,Horten,1959,19310
3901,Horten,1960,19500
3901,Horten,1961,19809
3901,Horten,1962,19939
3901,Horten,1963,20047
3901,Horten,1964,19810
3901,Horten,1965,19921
3901,Horten,1966,20178
3901,Horten,1967,20186
3901,Horten,1968,20485
3901,Horten,1969,20854
3901,Horten,1970,21192
3901,Horten,1971,21408
3901,Horten,1972,21605
3901,Horten,1973,21813
3901,Horten,1974,21917
3901,Horten,1975,22123
3901,Horten,1976,22175
3901,Horten,1977,22066
3901,Horten,1978,22030
3901,Horten,1979,21937
3901,Horten,1980,21760
3901,Horten,1981,21696
3901,Horten,1982,21658
3901,Horten,1983,21675
3901,Horten,1984,21791
3901,Horten,1985,21913
3903,Holmestrand,1951,12755
3903,Holmestrand,1952,12962
3903,Holmestrand,1953,13164
3903,Holmestrand,1954,13367
3903,Holmestrand,1955,13516
3903,Holmestrand,1956,13622
3903,Holmestrand,1957,13807
3903,Holmestrand,1958,13853
3903,Holmestrand,1959,13884
3903,Holmestrand,1960,13925
3903,Holmestrand,1961,13943
3903,Holmestrand,1962,14107
3903,Holmestrand,1963,14233
3903,Holmestrand,1964,14416
3903,Holmestrand,1965,14538
3903,Holmestrand,1966,14544
3903,Holmestrand,1967,14621
3903,Holmestrand,1968,14718
3903,Holmestrand,1969,14939
3903,Holmestrand,1970,15244
3903,Holmestrand,1971,15519
3903,Holmestrand,1972,15829
3903,Holmestrand,1973,16138
3903,Holmestrand,1974,16348
3903,Holmestrand,1975,16400
3903,Holmestrand,1976,16486
3903,Holmestrand,1977,16906
3903,Holmestrand,1978,17033
3903,Holmestrand,1979,17166
3903,Holmestrand,1980,17326
3903,Holmestrand,1981,17306
3903,Holmestrand,1982,17432
3903,Holmestrand,1983,17760
3903,Holmestrand,1984,17920
3903,Holmestrand,1985,18216
3905,Tønsberg,1951,30823
3905,Tønsberg,1952,31063
3905,Tønsberg,1953,31250
3905,Tønsberg,1954,31653
3905,Tønsberg,1955,32021
3905,Tønsberg,1956,32301
3905,Tønsberg,1957,32420
3905,Tønsberg,1958,32745
3905,Tønsberg,1959,33104
3905,Tønsberg,1960,33878
3905,Tønsberg,1961,34370
3905,Tønsberg,1962,34607
3905,Tønsberg,1963,34852
3905,Tønsberg,1964,34885
3905,Tønsberg,1965,35065
3905,Tønsberg,1966,35401
3905,Tønsberg,1967,35514
3905,Tønsberg,1968,35774
3905,Tønsberg,1969,36056
3905,Tønsberg,1970,36374
3905,Tønsberg,1971,36499
3905,Tønsberg,1972,36663
3905,Tønsberg,1973,36773
3905,Tønsberg,1974,36666
3905,Tønsberg,1975,36780
3905,Tønsberg,1976,36851
3905,Tønsberg,1977,36948
3905,Tønsberg,1978,37066
3905,Tønsberg,1979,37003
3905,Tønsberg,1980,37072
3905,Tønsberg,1981,37169
3905,Tønsberg,1982,37269
3905,Tønsberg,1983,37264
3905,Tønsberg,1984,37383
3905,Tønsberg,1985,37411
3907,Sandefjord,1951,33635
3907,Sandefjord,1952,34062
3907,Sandefjord,1953,34335
3907,Sandefjord,1954,34871
3907,Sandefjord,1955,35352
3907,Sandefjord,1956,35807
3907,Sandefjord,1957,36421
3907,Sandefjord,1958,36728
3907,Sandefjord,1959,37058
3907,Sandefjord,1960,37539
3907,Sandefjord,1961,38197
3907,Sandefjord,1962,38497
3907,Sandefjord,1963,38761
3907,Sandefjord,1964,38837
3907,Sandefjord,1965,39156
3907,Sandefjord,1966,39605
3907,Sandefjord,1967,40023
3907,Sandefjord,1968,40587
3907,Sandefjord,1969,41157
3907,Sandefjord,1970,41682
3907,Sandefjord,1971,42388
3907,Sandefjord,1972,43052
3907,Sandefjord,1973,43594
3907,Sandefjord,1974,44048
3907,Sandefjord,1975,44194
3907,Sandefjord,1976,44513
3907,Sandefjord,1977,44745
3907,Sandefjord,1978,45192
3907,Sandefjord,1979,45803
3907,Sandefjord,1980,46347
3907,Sandefjord,1981,46718
3907,Sandefjord,1982,47084
3907,Sandefjord,1983,47417
3907,Sandefjord,1984,47489
3907,Sandefjord,1985,47679
3909,Larvik,1951,31402
3909,Larvik,1952,31680
3909,Larvik,1953,32233
3909,Larvik,1954,32490
3909,Larvik,1955,32716
3909,Larvik,1956,32959
3909,Larvik,1957,33109
3909,Larvik,1958,33355
3909,Larvik,1959,33517
3909,Larvik,1960,33789
3909,Larvik,1961,34127
3909,Larvik,1962,34460
3909,Larvik,1963,34675
3909,Larvik,1964,34604
3909,Larvik,1965,34770
3909,Larvik,1966,35106
3909,Larvik,1967,35385
3909,Larvik,1968,35616
3909,Larvik,1969,35931
3909,Larvik,1970,36086
3909,Larvik,1971,36399
3909,Larvik,1972,36654
3909,Larvik,1973,36767
3909,Larvik,1974,37032
3909,Larvik,1975,37352
3909,Larvik,1976,37528
3909,Larvik,1977,37496
3909,Larvik,1978,37678
3909,Larvik,1979,37779
3909,Larvik,1980,37770
3909,Larvik,1981,37936
3909,Larvik,1982,38216
3909,Larvik,1983,38530
3909,Larvik,1984,38784
3909,Larvik,1985,38976
3911,Færder,1951,14129
3911,Færder,1952,14298
3911,Færder,1953,14523
3911,Færder,1954,14675
3911,Færder,1955,14854
3911,Færder,1956,15187
3911,Færder,1957,15322
3911,Færder,1958,15554
3911,Færder,1959,15784
3911,Færder,1960,16041
3911,Færder,1961,16235
3911,Færder,1962,16607
3911,Færder,1963,16836
3911,Færder,1964,17169
3911,Færder,1965,17308
3911,Færder,1966,17406
3911,Færder,1967,17688
3911,Færder,1968,18089
3911,Færder,1969,18388
3911,Færder,1970,18605
3911,Færder,1971,18814
3911,Færder,1972,19065
3911,Færder,1973,19143
3911,Færder,1974,19329
3911,Færder,1975,19439
3911,Færder,1976,19532
3911,Færder,1977,19876
3911,Færder,1978,20027
3911,Færder,1979,20189
3911,Færder,1980,20297
3911,Færder,1981,20420
3911,Færder,1982,20593
3911,Færder,1983,20609
3911,Færder,1984,20584
3911,Færder,1985,20779
4001,Porsgrunn,1951,20098
4001,Porsgrunn,1952,20610
4001,Porsgrunn,1953,21217
4001,Porsgrunn,1954,21645
4001,Porsgrunn,1955,22253
4001,Porsgrunn,1956,23172
4001,Porsgrunn,1957,23731
4001,Porsgrunn,1958,24357
4001,Porsgrunn,1959,24797
4001,Porsgrunn,1960,25098
4001,Porsgrunn,1961,25183
4001,Porsgrunn,1962,25573
4001,Porsgrunn,1963,25947
4001,Porsgrunn,1964,26466
4001,Porsgrunn,1965,27165
4001,Porsgrunn,1966,27547
4001,Porsgrunn,1967,28153
4001,Porsgrunn,1968,31703
4001,Porsgrunn,1969,31613
4001,Porsgrunn,1970,31587
4001,Porsgrunn,1971,31566
4001,Porsgrunn,1972,31655
4001,Porsgrunn,1973,31648
4001,Porsgrunn,1974,31575
4001,Porsgrunn,1975,31547
4001,Porsgrunn,1976,31709
4001,Porsgrunn,1977,31710
4001,Porsgrunn,1978,31616
4001,Porsgrunn,1979,31577
4001,Porsgrunn,1980,31378
4001,Porsgrunn,1981,31243
4001,Porsgrunn,1982,31102
4001,Porsgrunn,1983,31251
4001,Porsgrunn,1984,31321
4001,Porsgrunn,1985,31402
4003,Skien,1951,37227
4003,Skien,1952,37744
4003,Skien,1953,38487
4003,Skien,1954,39294
4003,Skien,1955,39905
4003,Skien,1956,40604
4003,Skien,1957,41440
4003,Skien,1958,42061
4003,Skien,1959,42581
4003,Skien,1960,42993
4003,Skien,1961,43289
4003,Skien,1962,43934
4003,Skien,1963,44594
4003,Skien,1964,45070
4003,Skien,1965,45478
4003,Skien,1966,46679
4003,Skien,1967,47343
4003,Skien,1968,44300
4003,Skien,1969,44865
4003,Skien,1970,45396
4003,Skien,1971,45471
4003,Skien,1972,45934
4003,Skien,1973,46037
4003,Skien,1974,46046
4003,Skien,1975,46657
4003,Skien,1976,47103
4003,Skien,1977,47345
4003,Skien,1978,47507
4003,Skien,1979,47530
4003,Skien,1980,47435
4003,Skien,1981,47287
4003,Skien,1982,47167
4003,Skien,1983,46730
4003,Skien,1984,46693
4003,Skien,1985,46656
4005,Notodden,1951,11958
4005,Notodden,1952,12201
4005,Notodden,1953,12397
4005,Notodden,1954,12541
4005,Notodden,1955,12623
4005,Notodden,1956,12728
4005,Notodden,1957,12803
4005,Notodden,1958,12905
4005,Notodden,1959,13010
4005,Notodden,1960,13026
4005,Notodden,1961,13213
4005,Notodden,1962,13431
4005,Notodden,1963,13463
4005,Notodden,1964,13503
4005,Notodden,1965,13633
4005,Notodden,1966,13761
4005,Notodden,1967,13674
4005,Notodden,1968,13649
4005,Notodden,1969,13570
4005,Notodden,1970,13425
4005,Notodden,1971,13320
4005,Notodden,1972,13177
4005,Notodden,1973,13137
4005,Notodden,1974,13006
4005,Notodden,1975,13027
4005,Notodden,1976,12967
4005,Notodden,1977,13016
4005,Notodden,1978,12970
4005,Notodden,1979,12973
4005,Notodden,1980,12895
4005,Notodden,1981,12855
4005,Notodden,1982,12821
4005,Notodden,1983,12796
4005,Notodden,1984,12719
4005,Notodden,1985,12622
4010,Siljan,1951,1336
4010,Siljan,1952,1357
4010,Siljan,1953,1381
4010,Siljan,1954,1398
4010,Siljan,1955,1401
4010,Siljan,1956,1382
4010,Siljan,1957,1392
4010,Siljan,1958,1417
4010,Siljan,1959,1395
4010,Siljan,1960,1419
4010,Siljan,1961,1420
4010,Siljan,1962,1410
4010,Siljan,1963,1400
4010,Siljan,1964,1428
4010,Siljan,1965,1422
4010,Siljan,1966,1435
4010,Siljan,1967,1428
4010,Siljan,1968,1514
4010,Siljan,1969,1570
4010,Siljan,1970,1613
4010,Siljan,1971,1624
4010,Siljan,1972,1609
4010,Siljan,1973,1611
4010,Siljan,1974,1635
4010,Siljan,1975,1651
4010,Siljan,1976,1702
4010,Siljan,1977,1705
4010,Siljan,1978,1827
4010,Siljan,1979,1898
4010,Siljan,1980,1941
4010,Siljan,1981,1987
4010,Siljan,1982,2023
4010,Siljan,1983,2059
4010,Siljan,1984,2083
4010,Siljan,1985,2096
4012,Bamble,1951,7515
4012,Bamble,1952,7584
4012,Bamble,1953,7653
4012,Bamble,1954,7688
4012,Bamble,1955,7663
4012,Bamble,1956,7734
4012,Bamble,1957,7818
4012,Bamble,1958,7900
4012,Bamble,1959,7918
4012,Bamble,1960,7951
4012,Bamble,1961,7973
4012,Bamble,1962,8115
4012,Bamble,1963,8166
4012,Bamble,1964,8242
4012,Bamble,1965,8354
4012,Bamble,1966,8390
4012,Bamble,1967,8575
4012,Bamble,1968,8793
4012,Bamble,1969,8992
4012,Bamble,1970,9208
4012,Bamble,1971,9393
4012,Bamble,1972,9680
4012,Bamble,1973,9793
4012,Bamble,1974,9885
4012,Bamble,1975,9947
4012,Bamble,1976,10092
4012,Bamble,1977,10778
4012,Bamble,1978,11452
4012,Bamble,1979,11675
4012,Bamble,1980,12019
4012,Bamble,1981,12467
4012,Bamble,1982,12656
4012,Bamble,1983,12828
4012,Bamble,1984,12902
4012,Bamble,1985,13162
4014,Kragerø,1951,10172
4014,Kragerø,1952,10172
4014,Kragerø,1953,10113
4014,Kragerø,1954,10152
4014,Kragerø,1955,10149
4014,Kragerø,1956,10387
4014,Kragerø,1957,10439
4014,Kragerø,1958,10457
4014,Kragerø,1959,10437
4014,Kragerø,1960,10450
4014,Kragerø,1961,10185
4014,Kragerø,1962,10121
4014,Kragerø,1963,10117
4014,Kragerø,1964,10091
4014,Kragerø,1965,10072
4014,Kragerø,1966,10103
4014,Kragerø,1967,10133
4014,Kragerø,1968,10117
4014,Kragerø,1969,10121
4014,Kragerø,1970,10126
4014,Kragerø,1971,10108
4014,Kragerø,1972,10175
4014,Kragerø,1973,10279
4014,Kragerø,1974,10399
4014,Kragerø,1975,10515
4014,Kragerø,1976,10516
4014,Kragerø,1977,10601
4014,Kragerø,1978,10657
4014,Kragerø,1979,10751
4014,Kragerø,1980,10785
4014,Kragerø,1981,10808
4014,Kragerø,1982,10802
4014,Kragerø,1983,10796
4014,Kragerø,1984,10875
4014,Kragerø,1985,10904
4016,Drangedal,1951,4977
4016,Drangedal,1952,4970
4016,Drangedal,1953,4926
4016,Drangedal,1954,4881
4016,Drangedal,1955,4805
4016,Drangedal,1956,4797
4016,Drangedal,1957,4773
4016,Drangedal,1958,4752
4016,Drangedal,1959,4670
4016,Drangedal,1960,4629
4016,Drangedal,1961,4632
4016,Drangedal,1962,4594
4016,Drangedal,1963,4585
4016,Drangedal,1964,4603
4016,Drangedal,1965,4554
4016,Drangedal,1966,4476
4016,Drangedal,1967,4436
4016,Drangedal,1968,4416
4016,Drangedal,1969,4374
4016,Drangedal,1970,4462
4016,Drangedal,1971,4550
4016,Drangedal,1972,4602
4016,Drangedal,1973,4554
4016,Drangedal,1974,4512
4016,Drangedal,1975,4485
4016,Drangedal,1976,4504
4016,Drangedal,1977,4505
4016,Drangedal,1978,4494
4016,Drangedal,1979,4502
4016,Drangedal,1980,4555
4016,Drangedal,1981,4558
4016,Drangedal,1982,4556
4016,Drangedal,1983,4569
4016,Drangedal,1984,4562
4016,Drangedal,1985,4531
4018,Nome,1951,7150
4018,Nome,1952,7130
4018,Nome,1953,7173
4018,Nome,1954,7167
4018,Nome,1955,7109
4018,Nome,1956,7213
4018,Nome,1957,7213
4018,Nome,1958,7234
4018,Nome,1959,7182
4018,Nome,1960,7170
4018,Nome,1961,7150
4018,Nome,1962,7149
4018,Nome,1963,7157
4018,Nome,1964,7173
4018,Nome,1965,7205
4018,Nome,1966,7193
4018,Nome,1967,7205
4018,Nome,1968,7195
4018,Nome,1969,7166
4018,Nome,1970,7126
4018,Nome,1971,7252
4018,Nome,1972,7326
4018,Nome,1973,7304
4018,Nome,1974,7206
4018,Nome,1975,7239
4018,Nome,1976,7255
4018,Nome,1977,7287
4018,Nome,1978,7303
4018,Nome,1979,7296
4018,Nome,1980,7266
4018,Nome,1981,7277
4018,Nome,1982,7210
4018,Nome,1983,7163
4018,Nome,1984,7170
4018,Nome,1985,7117
4020,Midt-Telemark,1951,7826
4020,Midt-Telemark,1952,7852
4020,Midt-Telemark,1953,7799
4020,Midt-Telemark,1954,7758
4020,Midt-Telemark,1955,7687
4020,Midt-Telemark,1956,7617
4020,Midt-Telemark,1957,7576
4020,Midt-Telemark,1958,7568
4020,Midt-Telemark,1959,7596
4020,Midt-Telemark,1960,7547
4020,Midt-Telemark,1961,7580
4020,Midt-Telemark,1962,7595
4020,Midt-Telemark,1963,7604
4020,Midt-Telemark,1964,7608
4020,Midt-Telemark,1965,7629
4020,Midt-Telemark,1966,7644
4020,Midt-Telemark,1967,7629
4020,Midt-Telemark,1968,7696
4020,Midt-Telemark,1969,7805
4020,Midt-Telemark,1970,7833
4020,Midt-Telemark,1971,7789
4020,Midt-Telemark,1972,7836
4020,Midt-Telemark,1973,7881
4020,Midt-Telemark,1974,7925
4020,Midt-Telemark,1975,7998
4020,Midt-Telemark,1976,8099
4020,Midt-Telemark,1977,8189
4020,Midt-Telemark,1978,8306
4020,Midt-Telemark,1979,8383
4020,Midt-Telemark,1980,8474
4020,Midt-Telemark,1981,8557
4020,Midt-Telemark,1982,8661
4020,Midt-Telemark,1983,8733
4020,Midt-Telemark,1984,8833
4020,Midt-Telemark,1985,8902
4022,Seljord,1951,3045
4022,Seljord,1952,3033
4022,Seljord,1953,2992
4022,Seljord,1954,2935
4022,Seljord,1955,2924
4022,Seljord,1956,2866
4022,Seljord,1957,2842
4022,Seljord,1958,2862
4022,Seljord,1959,2890
4022,Seljord,1960,2870
4022,Seljord,1961,2813
4022,Seljord,1962,2824
4022,Seljord,1963,2810
4022,Seljord,1964,2830
4022,Seljord,1965,2794
4022,Seljord,1966,2792
4022,Seljord,1967,2822
4022,Seljord,1968,2841
4022,Seljord,1969,2887
4022,Seljord,1970,2887
4022,Seljord,1971,2912
4022,Seljord,1972,2933
4022,Seljord,1973,2955
4022,Seljord,1974,2999
4022,Seljord,1975,3036
4022,Seljord,1976,3066
4022,Seljord,1977,3067
4022,Seljord,1978,3130
4022,Seljord,1979,3152
4022,Seljord,1980,3173
4022,Seljord,1981,3180
4022,Seljord,1982,3169
4022,Seljord,1983,3192
4022,Seljord,1984,3213
4022,Seljord,1985,3217
4024,Hjartdal,1951,2035
4024,Hjartdal,1952,2001
4024,Hjartdal,1953,1953
4024,Hjartdal,1954,1940
4024,Hjartdal,1955,1969
4024,Hjartdal,1956,2010
4024,Hjartdal,1957,2018
4024,Hjartdal,1958,2013
4024,Hjartdal,1959,1996
4024,Hjartdal,1960,1968
4024,Hjartdal,1961,1892
4024,Hjartdal,1962,1855
4024,Hjartdal,1963,1821
4024,Hjartdal,1964,1784
4024,Hjartdal,1965,1785
4024,Hjartdal,1966,1780
4024,Hjartdal,1967,1754
4024,Hjartdal,1968,1759
4024,Hjartdal,1969,1736
4024,Hjartdal,1970,1761
4024,Hjartdal,1971,1680
4024,Hjartdal,1972,1692
4024,Hjartdal,1973,1708
4024,Hjartdal,1974,1712
4024,Hjartdal,1975,1717
4024,Hjartdal,1976,1730
4024,Hjartdal,1977,1736
4024,Hjartdal,1978,1724
4024,Hjartdal,1979,1708
4024,Hjartdal,1980,1699
4024,Hjartdal,1981,1706
4024,Hjartdal,1982,1751
4024,Hjartdal,1983,1732
4024,Hjartdal,1984,1724
4024,Hjartdal,1985,1711
4026,Tinn,1951,9707
4026,Tinn,1952,9678
4026,Tinn,1953,9692
4026,Tinn,1954,9746
4026,Tinn,1955,9807
4026,Tinn,1956,9875
4026,Tinn,1957,10029
4026,Tinn,1958,10119
4026,Tinn,1959,10106
4026,Tinn,1960,10114
4026,Tinn,1961,10123
4026,Tinn,1962,10049
4026,Tinn,1963,10038
4026,Tinn,1964,9910
4026,Tinn,1965,9718
4026,Tinn,1966,9438
4026,Tinn,1967,9121
4026,Tinn,1968,8937
4026,Tinn,1969,8758
4026,Tinn,1970,8534
4026,Tinn,1971,8358
4026,Tinn,1972,8110
4026,Tinn,1973,7935
4026,Tinn,1974,7815
4026,Tinn,1975,7790
4026,Tinn,1976,7669
4026,Tinn,1977,7639
4026,Tinn,1978,7674
4026,Tinn,1979,7570
4026,Tinn,1980,7480
4026,Tinn,1981,7496
4026,Tinn,1982,7432
4026,Tinn,1983,7345
4026,Tinn,1984,7357
4026,Tinn,1985,7270
4028,Kviteseid,1951,3335
4028,Kviteseid,1952,3280
4028,Kviteseid,1953,3306
4028,Kviteseid,1954,3270
4028,Kviteseid,1955,3270
4028,Kviteseid,1956,3274
4028,Kviteseid,1957,3281
4028,Kviteseid,1958,3262
4028,Kviteseid,1959,3229
4028,Kviteseid,1960,3199
4028,Kviteseid,1961,3215
4028,Kviteseid,1962,3206
4028,Kviteseid,1963,3126
4028,Kviteseid,1964,3089
4028,Kviteseid,1965,3109
4028,Kviteseid,1966,3105
4028,Kviteseid,1967,3061
4028,Kviteseid,1968,3038
4028,Kviteseid,1969,3029
4028,Kviteseid,1970,3004
4028,Kviteseid,1971,2964
4028,Kviteseid,1972,2940
4028,Kviteseid,1973,2946
4028,Kviteseid,1974,2900
4028,Kviteseid,1975,2897
4028,Kviteseid,1976,2914
4028,Kviteseid,1977,2948
4028,Kviteseid,1978,2963
4028,Kviteseid,1979,2954
4028,Kviteseid,1980,2946
4028,Kviteseid,1981,2962
4028,Kviteseid,1982,3002
4028,Kviteseid,1983,3007
4028,Kviteseid,1984,2973
4028,Kviteseid,1985,2921
4030,Nissedal,1951,1795
4030,Nissedal,1952,1783
4030,Nissedal,1953,1794
4030,Nissedal,1954,1765
4030,Nissedal,1955,1766
4030,Nissedal,1956,1767
4030,Nissedal,1957,1723
4030,Nissedal,1958,1720
4030,Nissedal,1959,1713
4030,Nissedal,1960,1683
4030,Nissedal,1961,1697
4030,Nissedal,1962,1664
4030,Nissedal,1963,1675
4030,Nissedal,1964,1658
4030,Nissedal,1965,1657
4030,Nissedal,1966,1646
4030,Nissedal,1967,1584
4030,Nissedal,1968,1596
4030,Nissedal,1969,1595
4030,Nissedal,1970,1541
4030,Nissedal,1971,1459
4030,Nissedal,1972,1488
4030,Nissedal,1973,1468
4030,Nissedal,1974,1472
4030,Nissedal,1975,1458
4030,Nissedal,1976,1447
4030,Nissedal,1977,1439
4030,Nissedal,1978,1447
4030,Nissedal,1979,1479
4030,Nissedal,1980,1510
4030,Nissedal,1981,1512
4030,Nissedal,1982,1527
4030,Nissedal,1983,1530
4030,Nissedal,1984,1522
4030,Nissedal,1985,1527
4032,Fyresdal,1951,1717
4032,Fyresdal,1952,1716
4032,Fyresdal,1953,1709
4032,Fyresdal,1954,1683
4032,Fyresdal,1955,1681
4032,Fyresdal,1956,1690
4032,Fyresdal,1957,1682
4032,Fyresdal,1958,1692
4032,Fyresdal,1959,1706
4032,Fyresdal,1960,1707
4032,Fyresdal,1961,1678
4032,Fyresdal,1962,1669
4032,Fyresdal,1963,1640
4032,Fyresdal,1964,1648
4032,Fyresdal,1965,1634
4032,Fyresdal,1966,1598
4032,Fyresdal,1967,1576
4032,Fyresdal,1968,1548
4032,Fyresdal,1969,1536
4032,Fyresdal,1970,1497
4032,Fyresdal,1971,1477
4032,Fyresdal,1972,1508
4032,Fyresdal,1973,1524
4032,Fyresdal,1974,1447
4032,Fyresdal,1975,1471
4032,Fyresdal,1976,1458
4032,Fyresdal,1977,1456
4032,Fyresdal,1978,1439
4032,Fyresdal,1979,1425
4032,Fyresdal,1980,1414
4032,Fyresdal,1981,1440
4032,Fyresdal,1982,1408
4032,Fyresdal,1983,1422
4032,Fyresdal,1984,1452
4032,Fyresdal,1985,1466
4034,Tokke,1951,3108
4034,Tokke,1952,3057
4034,Tokke,1953,3041
4034,Tokke,1954,2999
4034,Tokke,1955,2948
4034,Tokke,1956,2926
4034,Tokke,1957,3033
4034,Tokke,1958,3387
4034,Tokke,1959,3590
4034,Tokke,1960,3637
4034,Tokke,1961,3803
4034,Tokke,1962,3697
4034,Tokke,1963,3614
4034,Tokke,1964,3587
4034,Tokke,1965,3560
4034,Tokke,1966,3464
4034,Tokke,1967,3408
4034,Tokke,1968,3284
4034,Tokke,1969,3156
4034,Tokke,1970,3052
4034,Tokke,1971,2979
4034,Tokke,1972,2883
4034,Tokke,1973,2821
4034,Tokke,1974,2806
4034,Tokke,1975,2772
4034,Tokke,1976,2762
4034,Tokke,1977,2768
4034,Tokke,1978,2802
4034,Tokke,1979,2788
4034,Tokke,1980,2758
4034,Tokke,1981,2765
4034,Tokke,1982,2794
4034,Tokke,1983,2766
4034,Tokke,1984,2739
4034,Tokke,1985,2770
4036,Vinje,1951,3375
4036,Vinje,1952,3389
4036,Vinje,1953,3399
4036,Vinje,1954,3424
4036,Vinje,1955,3422
4036,Vinje,1956,3406
4036,Vinje,1957,3556
4036,Vinje,1958,3681
4036,Vinje,1959,3837
4036,Vinje,1960,3941
4036,Vinje,1961,3964
4036,Vinje,1962,4084
4036,Vinje,1963,4180
4036,Vinje,1964,4221
4036,Vinje,1965,4138
4036,Vinje,1966,3949
4036,Vinje,1967,3885
4036,Vinje,1968,3881
4036,Vinje,1969,3838
4036,Vinje,1970,3865
4036,Vinje,1971,3876
4036,Vinje,1972,3878
4036,Vinje,1973,3873
4036,Vinje,1974,3893
4036,Vinje,1975,3862
4036,Vinje,1976,3847
4036,Vinje,1977,3907
4036,Vinje,1978,3934
4036,Vinje,1979,3944
4036,Vinje,1980,3945
4036,Vinje,1981,3950
4036,Vinje,1982,3966
4036,Vinje,1983,4020
4036,Vinje,1984,4015
4036,Vinje,1985,3981
4201,Risør,1951,5952
4201,Risør,1952,6027
4201,Risør,1953,6059
4201,Risør,1954,6049
4201,Risør,1955,6067
4201,Risør,1956,6096
4201,Risør,1957,6107
4201,Risør,1958,6136
4201,Risør,1959,6159
4201,Risør,1960,6192
4201,Risør,1961,6215
4201,Risør,1962,6197
4201,Risør,1963,6179
4201,Risør,1964,6136
4201,Risør,1965,6136
4201,Risør,1966,6126
4201,Risør,1967,6133
4201,Risør,1968,6113
4201,Risør,1969,6158
4201,Risør,1970,6150
4201,Risør,1971,6192
4201,Risør,1972,6248
4201,Risør,1973,6352
4201,Risør,1974,6448
4201,Risør,1975,6552
4201,Risør,1976,6557
4201,Risør,1977,6637
4201,Risør,1978,6746
4201,Risør,1979,6748
4201,Risør,1980,6860
4201,Risør,1981,6907
4201,Risør,1982,6918
4201,Risør,1983,6971
4201,Risør,1984,6950
4201,Risør,1985,6967
4202,Grimstad,1951,9803
4202,Grimstad,1952,9851
4202,Grimstad,1953,9915
4202,Grimstad,1954,9938
4202,Grimstad,1955,9959
4202,Grimstad,1956,9993
4202,Grimstad,1957,10130
4202,Grimstad,1958,10183
4202,Grimstad,1959,10169
4202,Grimstad,1960,10111
4202,Grimstad,1961,10139
4202,Grimstad,1962,10221
4202,Grimstad,1963,10243
4202,Grimstad,1964,10346
4202,Grimstad,1965,10466
4202,Grimstad,1966,10592
4202,Grimstad,1967,10805
4202,Grimstad,1968,11061
4202,Grimstad,1969,11317
4202,Grimstad,1970,11596
4202,Grimstad,1971,11764
4202,Grimstad,1972,11861
4202,Grimstad,1973,12345
4202,Grimstad,1974,12594
4202,Grimstad,1975,12870
4202,Grimstad,1976,13088
4202,Grimstad,1977,13295
4202,Grimstad,1978,13395
4202,Grimstad,1979,13588
4202,Grimstad,1980,13663
4202,Grimstad,1981,13839
4202,Grimstad,1982,14001
4202,Grimstad,1983,14280
4202,Grimstad,1984,14547
4202,Grimstad,1985,14631
4203,Arendal,1951,26810
4203,Arendal,1952,27006
4203,Arendal,1953,27270
4203,Arendal,1954,27527
4203,Arendal,1955,27697
4203,Arendal,1956,27567
4203,Arendal,1957,27749
4203,Arendal,1958,27885
4203,Arendal,1959,28217
4203,Arendal,1960,28487
4203,Arendal,1961,28546
4203,Arendal,1962,29124
4203,Arendal,1963,29296
4203,Arendal,1964,29410
4203,Arendal,1965,29636
4203,Arendal,1966,29922
4203,Arendal,1967,29959
4203,Arendal,1968,30452
4203,Arendal,1969,30865
4203,Arendal,1970,31527
4203,Arendal,1971,31918
4203,Arendal,1972,32465
4203,Arendal,1973,32652
4203,Arendal,1974,33003
4203,Arendal,1975,33588
4203,Arendal,1976,33995
4203,Arendal,1977,34100
4203,Arendal,1978,34409
4203,Arendal,1979,34528
4203,Arendal,1980,34758
4203,Arendal,1981,35035
4203,Arendal,1982,35411
4203,Arendal,1983,35837
4203,Arendal,1984,36200
4203,Arendal,1985,36625
4204,Kristiansand,1951,42374
4204,Kristiansand,1952,43075
4204,Kristiansand,1953,44295
4204,Kristiansand,1954,45643
4204,Kristiansand,1955,46784
4204,Kristiansand,1956,47874
4204,Kristiansand,1957,48826
4204,Kristiansand,1958,50007
4204,Kristiansand,1959,50937
4204,Kristiansand,1960,51769
4204,Kristiansand,1961,52901
4204,Kristiansand,1962,54071
4204,Kristiansand,1963,55307
4204,Kristiansand,1964,56122
4204,Kristiansand,1965,57296
4204,Kristiansand,1966,58665
4204,Kristiansand,1967,59734
4204,Kristiansand,1968,61003
4204,Kristiansand,1969,62520
4204,Kristiansand,1970,63954
4204,Kristiansand,1971,65021
4204,Kristiansand,1972,66229
4204,Kristiansand,1973,67193
4204,Kristiansand,1974,68073
4204,Kristiansand,1975,68575
4204,Kristiansand,1976,69149
4204,Kristiansand,1977,70095
4204,Kristiansand,1978,70964
4204,Kristiansand,1979,71122
4204,Kristiansand,1980,71269
4204,Kristiansand,1981,71715
4204,Kristiansand,1982,72453
4204,Kristiansand,1983,72981
4204,Kristiansand,1984,73175
4204,Kristiansand,1985,73778
4205,Lindesnes,1951,14480
4205,Lindesnes,1952,14526
4205,Lindesnes,1953,14626
4205,Lindesnes,1954,14701
4205,Lindesnes,1955,14657
4205,Lindesnes,1956,14581
4205,Lindesnes,1957,14812
4205,Lindesnes,1958,14894
4205,Lindesnes,1959,15014
4205,Lindesnes,1960,15188
4205,Lindesnes,1961,15392
4205,Lindesnes,1962,15589
4205,Lindesnes,1963,15565
4205,Lindesnes,1964,16257
4205,Lindesnes,1965,16336
4205,Lindesnes,1966,16605
4205,Lindesnes,1967,16743
4205,Lindesnes,1968,17054
4205,Lindesnes,1969,17141
4205,Lindesnes,1970,17145
4205,Lindesnes,1971,17052
4205,Lindesnes,1972,17175
4205,Lindesnes,1973,17413
4205,Lindesnes,1974,17520
4205,Lindesnes,1975,17646
4205,Lindesnes,1976,17777
4205,Lindesnes,1977,17837
4205,Lindesnes,1978,17927
4205,Lindesnes,1979,18144
4205,Lindesnes,1980,18256
4205,Lindesnes,1981,18364
4205,Lindesnes,1982,18453
4205,Lindesnes,1983,18600
4205,Lindesnes,1984,18663
4205,Lindesnes,1985,18605
4206,Farsund,1951,7997
4206,Farsund,1952,7986
4206,Farsund,1953,7984
4206,Farsund,1954,8036
4206,Farsund,1955,8107
4206,Farsund,1956,8120
4206,Farsund,1957,8059
4206,Farsund,1958,8035
4206,Farsund,1959,8095
4206,Farsund,1960,8086
4206,Farsund,1961,7938
4206,Farsund,1962,7882
4206,Farsund,1963,7900
4206,Farsund,1964,7790
4206,Farsund,1965,7717
4206,Farsund,1966,7702
4206,Farsund,1967,7759
4206,Farsund,1968,7809
4206,Farsund,1969,7851
4206,Farsund,1970,7991
4206,Farsund,1971,8357
4206,Farsund,1972,8479
4206,Farsund,1973,8670
4206,Farsund,1974,8723
4206,Farsund,1975,8834
4206,Farsund,1976,8900
4206,Farsund,1977,8992
4206,Farsund,1978,9101
4206,Farsund,1979,9217
4206,Farsund,1980,9325
4206,Farsund,1981,9410
4206,Farsund,1982,9489
4206,Farsund,1983,9540
4206,Farsund,1984,9557
4206,Farsund,1985,9576
4207,Flekkefjord,1951,8774
4207,Flekkefjord,1952,8773
4207,Flekkefjord,1953,8773
4207,Flekkefjord,1954,8784
4207,Flekkefjord,1955,8764
4207,Flekkefjord,1956,8986
4207,Flekkefjord,1957,8996
4207,Flekkefjord,1958,8966
4207,Flekkefjord,1959,9006
4207,Flekkefjord,1960,8979
4207,Flekkefjord,1961,8818
4207,Flekkefjord,1962,8809
4207,Flekkefjord,1963,8834
4207,Flekkefjord,1964,8775
4207,Flekkefjord,1965,8813
4207,Flekkefjord,1966,8717
4207,Flekkefjord,1967,8618
4207,Flekkefjord,1968,8625
4207,Flekkefjord,1969,8591
4207,Flekkefjord,1970,8642
4207,Flekkefjord,1971,8514
4207,Flekkefjord,1972,8521
4207,Flekkefjord,1973,8539
4207,Flekkefjord,1974,8619
4207,Flekkefjord,1975,8722
4207,Flekkefjord,1976,8752
4207,Flekkefjord,1977,8743
4207,Flekkefjord,1978,8756
4207,Flekkefjord,1979,8755
4207,Flekkefjord,1980,8743
4207,Flekkefjord,1981,8795
4207,Flekkefjord,1982,8782
4207,Flekkefjord,1983,8798
4207,Flekkefjord,1984,8820
4207,Flekkefjord,1985,8822
4211,Gjerstad,1951,2704
4211,Gjerstad,1952,2724
4211,Gjerstad,1953,2735
4211,Gjerstad,1954,2669
4211,Gjerstad,1955,2635
4211,Gjerstad,1956,2629
4211,Gjerstad,1957,2613
4211,Gjerstad,1958,2612
4211,Gjerstad,1959,2601
4211,Gjerstad,1960,2616
4211,Gjerstad,1961,2615
4211,Gjerstad,1962,2562
4211,Gjerstad,1963,2567
4211,Gjerstad,1964,2543
4211,Gjerstad,1965,2533
4211,Gjerstad,1966,2545
4211,Gjerstad,1967,2550
4211,Gjerstad,1968,2530
4211,Gjerstad,1969,2551
4211,Gjerstad,1970,2565
4211,Gjerstad,1971,2555
4211,Gjerstad,1972,2570
4211,Gjerstad,1973,2613
4211,Gjerstad,1974,2587
4211,Gjerstad,1975,2578
4211,Gjerstad,1976,2601
4211,Gjerstad,1977,2657
4211,Gjerstad,1978,2679
4211,Gjerstad,1979,2707
4211,Gjerstad,1980,2708
4211,Gjerstad,1981,2706
4211,Gjerstad,1982,2726
4211,Gjerstad,1983,2744
4211,Gjerstad,1984,2713
4211,Gjerstad,1985,2684
4212,Vegårshei,1951,1862
4212,Vegårshei,1952,1835
4212,Vegårshei,1953,1849
4212,Vegårshei,1954,1847
4212,Vegårshei,1955,1827
4212,Vegårshei,1956,1795
4212,Vegårshei,1957,1787
4212,Vegårshei,1958,1783
4212,Vegårshei,1959,1791
4212,Vegårshei,1960,1769
4212,Vegårshei,1961,1744
4212,Vegårshei,1962,1746
4212,Vegårshei,1963,1764
4212,Vegårshei,1964,1752
4212,Vegårshei,1965,1734
4212,Vegårshei,1966,1733
4212,Vegårshei,1967,1739
4212,Vegårshei,1968,1719
4212,Vegårshei,1969,1724
4212,Vegårshei,1970,1689
4212,Vegårshei,1971,1656
4212,Vegårshei,1972,1671
4212,Vegårshei,1973,1636
4212,Vegårshei,1974,1643
4212,Vegårshei,1975,1648
4212,Vegårshei,1976,1647
4212,Vegårshei,1977,1638
4212,Vegårshei,1978,1638
4212,Vegårshei,1979,1674
4212,Vegårshei,1980,1702
4212,Vegårshei,1981,1735
4212,Vegårshei,1982,1752
4212,Vegårshei,1983,1781
4212,Vegårshei,1984,1807
4212,Vegårshei,1985,1835
4213,Tvedestrand,1951,6587
4213,Tvedestrand,1952,6567
4213,Tvedestrand,1953,6532
4213,Tvedestrand,1954,6486
4213,Tvedestrand,1955,6455
4213,Tvedestrand,1956,6562
4213,Tvedestrand,1957,6477
4213,Tvedestrand,1958,6448
4213,Tvedestrand,1959,6459
4213,Tvedestrand,1960,6432
4213,Tvedestrand,1961,6384
4213,Tvedestrand,1962,5951
4213,Tvedestrand,1963,5904
4213,Tvedestrand,1964,5892
4213,Tvedestrand,1965,5814
4213,Tvedestrand,1966,5771
4213,Tvedestrand,1967,5693
4213,Tvedestrand,1968,5685
4213,Tvedestrand,1969,5655
4213,Tvedestrand,1970,5619
4213,Tvedestrand,1971,5611
4213,Tvedestrand,1972,5563
4213,Tvedestrand,1973,5479
4213,Tvedestrand,1974,5482
4213,Tvedestrand,1975,5489
4213,Tvedestrand,1976,5537
4213,Tvedestrand,1977,5577
4213,Tvedestrand,1978,5630
4213,Tvedestrand,1979,5655
4213,Tvedestrand,1980,5703
4213,Tvedestrand,1981,5714
4213,Tvedestrand,1982,5726
4213,Tvedestrand,1983,5745
4213,Tvedestrand,1984,5779
4213,Tvedestrand,1985,5813
4214,Froland,1951,3435
4214,Froland,1952,3477
4214,Froland,1953,3487
4214,Froland,1954,3467
4214,Froland,1955,3464
4214,Froland,1956,3485
4214,Froland,1957,3482
4214,Froland,1958,3485
4214,Froland,1959,3487
4214,Froland,1960,3474
4214,Froland,1961,3455
4214,Froland,1962,3443
4214,Froland,1963,3436
4214,Froland,1964,3407
4214,Froland,1965,3420
4214,Froland,1966,3379
4214,Froland,1967,3372
4214,Froland,1968,3403
4214,Froland,1969,3359
4214,Froland,1970,3348
4214,Froland,1971,3344
4214,Froland,1972,3396
4214,Froland,1973,3398
4214,Froland,1974,3413
4214,Froland,1975,3411
4214,Froland,1976,3490
4214,Froland,1977,3573
4214,Froland,1978,3654
4214,Froland,1979,3666
4214,Froland,1980,3682
4214,Froland,1981,3719
4214,Froland,1982,3765
4214,Froland,1983,3819
4214,Froland,1984,3838
4214,Froland,1985,3844
4215,Lillesand,1951,4680
4215,Lillesand,1952,4686
4215,Lillesand,1953,4645
4215,Lillesand,1954,4692
4215,Lillesand,1955,4643
4215,Lillesand,1956,4579
4215,Lillesand,1957,4606
4215,Lillesand,1958,4633
4215,Lillesand,1959,4666
4215,Lillesand,1960,4736
4215,Lillesand,1961,4813
4215,Lillesand,1962,4847
4215,Lillesand,1963,4893
4215,Lillesand,1964,4851
4215,Lillesand,1965,5018
4215,Lillesand,1966,5128
4215,Lillesand,1967,5081
4215,Lillesand,1968,5190
4215,Lillesand,1969,5319
4215,Lillesand,1970,5385
4215,Lillesand,1971,5487
4215,Lillesand,1972,5667
4215,Lillesand,1973,5923
4215,Lillesand,1974,6098
4215,Lillesand,1975,6231
4215,Lillesand,1976,6312
4215,Lillesand,1977,6414
4215,Lillesand,1978,6573
4215,Lillesand,1979,6678
4215,Lillesand,1980,6857
4215,Lillesand,1981,6967
4215,Lillesand,1982,7104
4215,Lillesand,1983,7253
4215,Lillesand,1984,7375
4215,Lillesand,1985,7446
4216,Birkenes,1951,3235
4216,Birkenes,1952,3243
4216,Birkenes,1953,3243
4216,Birkenes,1954,3187
4216,Birkenes,1955,3175
4216,Birkenes,1956,3135
4216,Birkenes,1957,3180
4216,Birkenes,1958,3203
4216,Birkenes,1959,3178
4216,Birkenes,1960,3106
4216,Birkenes,1961,3114
4216,Birkenes,1962,3092
4216,Birkenes,1963,3094
4216,Birkenes,1964,3085
4216,Birkenes,1965,3087
4216,Birkenes,1966,3078
4216,Birkenes,1967,3050
4216,Birkenes,1968,3022
4216,Birkenes,1969,2998
4216,Birkenes,1970,2966
4216,Birkenes,1971,3033
4216,Birkenes,1972,3035
4216,Birkenes,1973,3099
4216,Birkenes,1974,3172
4216,Birkenes,1975,3310
4216,Birkenes,1976,3451
4216,Birkenes,1977,3563
4216,Birkenes,1978,3623
4216,Birkenes,1979,3737
4216,Birkenes,1980,3805
4216,Birkenes,1981,3825
4216,Birkenes,1982,3854
4216,Birkenes,1983,3932
4216,Birkenes,1984,4007
4216,Birkenes,1985,3997
4217,Åmli,1951,2549
4217,Åmli,1952,2527
4217,Åmli,1953,2539
4217,Åmli,1954,2584
4217,Åmli,1955,2571
4217,Åmli,1956,2610
4217,Åmli,1957,2579
4217,Åmli,1958,2541
4217,Åmli,1959,2532
4217,Åmli,1960,2506
4217,Åmli,1961,2392
4217,Åmli,1962,2323
4217,Åmli,1963,2301
4217,Åmli,1964,2292
4217,Åmli,1965,2281
4217,Åmli,1966,2249
4217,Åmli,1967,2211
4217,Åmli,1968,2181
4217,Åmli,1969,2203
4217,Åmli,1970,2206
4217,Åmli,1971,2131
4217,Åmli,1972,2113
4217,Åmli,1973,2116
4217,Åmli,1974,2096
4217,Åmli,1975,2116
4217,Åmli,1976,2121
4217,Åmli,1977,2134
4217,Åmli,1978,2134
4217,Åmli,1979,2166
4217,Åmli,1980,2178
4217,Åmli,1981,2161
4217,Åmli,1982,2179
4217,Åmli,1983,2153
4217,Åmli,1984,2122
4217,Åmli,1985,2122
4218,Iveland,1951,1088
4218,Iveland,1952,1086
4218,Iveland,1953,1069
4218,Iveland,1954,1048
4218,Iveland,1955,1015
4218,Iveland,1956,995
4218,Iveland,1957,1011
4218,Iveland,1958,994
4218,Iveland,1959,975
4218,Iveland,1960,963
4218,Iveland,1961,984
4218,Iveland,1962,1004
4218,Iveland,1963,971
4218,Iveland,1964,944
4218,Iveland,1965,963
4218,Iveland,1966,926
4218,Iveland,1967,900
4218,Iveland,1968,857
4218,Iveland,1969,833
4218,Iveland,1970,793
4218,Iveland,1971,755
4218,Iveland,1972,728
4218,Iveland,1973,734
4218,Iveland,1974,737
4218,Iveland,1975,756
4218,Iveland,1976,802
4218,Iveland,1977,865
4218,Iveland,1978,890
4218,Iveland,1979,899
4218,Iveland,1980,939
4218,Iveland,1981,1010
4218,Iveland,1982,1042
4218,Iveland,1983,1119
4218,Iveland,1984,1165
4218,Iveland,1985,1159
4219,Evje og Hornnes,1951,2947
4219,Evje og Hornnes,1952,2896
4219,Evje og Hornnes,1953,2886
4219,Evje og Hornnes,1954,2885
4219,Evje og Hornnes,1955,2933
4219,Evje og Hornnes,1956,2948
4219,Evje og Hornnes,1957,2938
4219,Evje og Hornnes,1958,2903
4219,Evje og Hornnes,1959,2931
4219,Evje og Hornnes,1960,2926
4219,Evje og Hornnes,1961,2896
4219,Evje og Hornnes,1962,2877
4219,Evje og Hornnes,1963,2868
4219,Evje og Hornnes,1964,2960
4219,Evje og Hornnes,1965,2996
4219,Evje og Hornnes,1966,3040
4219,Evje og Hornnes,1967,3004
4219,Evje og Hornnes,1968,3016
4219,Evje og Hornnes,1969,2966
4219,Evje og Hornnes,1970,2946
4219,Evje og Hornnes,1971,2933
4219,Evje og Hornnes,1972,2972
4219,Evje og Hornnes,1973,2955
4219,Evje og Hornnes,1974,2995
4219,Evje og Hornnes,1975,3027
4219,Evje og Hornnes,1976,3099
4219,Evje og Hornnes,1977,3127
4219,Evje og Hornnes,1978,3112
4219,Evje og Hornnes,1979,3152
4219,Evje og Hornnes,1980,3215
4219,Evje og Hornnes,1981,3257
4219,Evje og Hornnes,1982,3358
4219,Evje og Hornnes,1983,3415
4219,Evje og Hornnes,1984,3434
4219,Evje og Hornnes,1985,3426
4220,Bygland,1951,1842
4220,Bygland,1952,1833
4220,Bygland,1953,1828
4220,Bygland,1954,1816
4220,Bygland,1955,1772
4220,Bygland,1956,1747
4220,Bygland,1957,1727
4220,Bygland,1958,1714
4220,Bygland,1959,1709
4220,Bygland,1960,1700
4220,Bygland,1961,1681
4220,Bygland,1962,1623
4220,Bygland,1963,1611
4220,Bygland,1964,1587
4220,Bygland,1965,1531
4220,Bygland,1966,1504
4220,Bygland,1967,1506
4220,Bygland,1968,1467
4220,Bygland,1969,1438
4220,Bygland,1970,1448
4220,Bygland,1971,1548
4220,Bygland,1972,1529
4220,Bygland,1973,1522
4220,Bygland,1974,1520
4220,Bygland,1975,1516
4220,Bygland,1976,1523
4220,Bygland,1977,1504
4220,Bygland,1978,1520
4220,Bygland,1979,1545
4220,Bygland,1980,1553
4220,Bygland,1981,1554
4220,Bygland,1982,1531
4220,Bygland,1983,1549
4220,Bygland,1984,1536
4220,Bygland,1985,1528
4221,Valle,1951,1670
4221,Valle,1952,1659
4221,Valle,1953,1659
4221,Valle,1954,1626
4221,Valle,1955,1625
4221,Valle,1956,1618
4221,Valle,1957,1582
4221,Valle,1958,1578
4221,Valle,1959,1565
4221,Valle,1960,1523
4221,Valle,1961,1533
4221,Valle,1962,1564
4221,Valle,1963,1840
4221,Valle,1964,1857
4221,Valle,1965,1631
4221,Valle,1966,1558
4221,Valle,1967,1496
4221,Valle,1968,1492
4221,Valle,1969,1486
4221,Valle,1970,1461
4221,Valle,1971,1441
4221,Valle,1972,1433
4221,Valle,1973,1415
4221,Valle,1974,1430
4221,Valle,1975,1449
4221,Valle,1976,1466
4221,Valle,1977,1470
4221,Valle,1978,1484
4221,Valle,1979,1494
4221,Valle,1980,1488
4221,Valle,1981,1488
4221,Valle,1982,1497
4221,Valle,1983,1490
4221,Valle,1984,1500
4221,Valle,1985,1498
4222,Bykle,1951,647
4222,Bykle,1952,643
4222,Bykle,1953,616
4222,Bykle,1954,594
4222,Bykle,1955,586
4222,Bykle,1956,588
4222,Bykle,1957,591
4222,Bykle,1958,582
4222,Bykle,1959,585
4222,Bykle,1960,589
4222,Bykle,1961,555
4222,Bykle,1962,575
4222,Bykle,1963,646
4222,Bykle,1964,659
4222,Bykle,1965,614
4222,Bykle,1966,575
4222,Bykle,1967,545
4222,Bykle,1968,534
4222,Bykle,1969,507
4222,Bykle,1970,479
4222,Bykle,1971,471
4222,Bykle,1972,483
4222,Bykle,1973,458
4222,Bykle,1974,483
4222,Bykle,1975,485
4222,Bykle,1976,522
4222,Bykle,1977,522
4222,Bykle,1978,523
4222,Bykle,1979,586
4222,Bykle,1980,622
4222,Bykle,1981,712
4222,Bykle,1982,699
4222,Bykle,1983,650
4222,Bykle,1984,630
4222,Bykle,1985,654
4223,Vennesla,1951,6784
4223,Vennesla,1952,6872
4223,Vennesla,1953,7029
4223,Vennesla,1954,7199
4223,Vennesla,1955,7464
4223,Vennesla,1956,7739
4223,Vennesla,1957,7934
4223,Vennesla,1958,8067
4223,Vennesla,1959,8236
4223,Vennesla,1960,8492
4223,Vennesla,1961,8627
4223,Vennesla,1962,8834
4223,Vennesla,1963,8986
4223,Vennesla,1964,9095
4223,Vennesla,1965,9138
4223,Vennesla,1966,9265
4223,Vennesla,1967,9426
4223,Vennesla,1968,9463
4223,Vennesla,1969,9536
4223,Vennesla,1970,9728
4223,Vennesla,1971,9844
4223,Vennesla,1972,10103
4223,Vennesla,1973,10200
4223,Vennesla,1974,10321
4223,Vennesla,1975,10473
4223,Vennesla,1976,10649
4223,Vennesla,1977,10616
4223,Vennesla,1978,10560
4223,Vennesla,1979,10582
4223,Vennesla,1980,10744
4223,Vennesla,1981,10903
4223,Vennesla,1982,10952
4223,Vennesla,1983,11009
4223,Vennesla,1984,11079
4223,Vennesla,1985,11092
4224,Åseral,1951,1154
4224,Åseral,1952,1166
4224,Åseral,1953,1155
4224,Åseral,1954,1142
4224,Åseral,1955,1119
4224,Åseral,1956,1135
4224,Åseral,1957,1104
4224,Åseral,1958,1069
4224,Åseral,1959,1056
4224,Åseral,1960,1018
4224,Åseral,1961,1007
4224,Åseral,1962,1005
4224,Åseral,1963,992
4224,Åseral,1964,971
4224,Åseral,1965,953
4224,Åseral,1966,962
4224,Åseral,1967,1013
4224,Åseral,1968,1022
4224,Åseral,1969,1030
4224,Åseral,1970,1009
4224,Åseral,1971,890
4224,Åseral,1972,900
4224,Åseral,1973,867
4224,Åseral,1974,865
4224,Åseral,1975,862
4224,Åseral,1976,842
4224,Åseral,1977,835
4224,Åseral,1978,828
4224,Åseral,1979,821
4224,Åseral,1980,833
4224,Åseral,1981,827
4224,Åseral,1982,839
4224,Åseral,1983,850
4224,Åseral,1984,837
4224,Åseral,1985,841
4225,Lyngdal,1951,6493
4225,Lyngdal,1952,6482
4225,Lyngdal,1953,6427
4225,Lyngdal,1954,6425
4225,Lyngdal,1955,6414
4225,Lyngdal,1956,6300
4225,Lyngdal,1957,6317
4225,Lyngdal,1958,6235
4225,Lyngdal,1959,6195
4225,Lyngdal,1960,6205
4225,Lyngdal,1961,6261
4225,Lyngdal,1962,6163
4225,Lyngdal,1963,6251
4225,Lyngdal,1964,5745
4225,Lyngdal,1965,5683
4225,Lyngdal,1966,5701
4225,Lyngdal,1967,5710
4225,Lyngdal,1968,5771
4225,Lyngdal,1969,5792
4225,Lyngdal,1970,5939
4225,Lyngdal,1971,5988
4225,Lyngdal,1972,6156
4225,Lyngdal,1973,6345
4225,Lyngdal,1974,6584
4225,Lyngdal,1975,6749
4225,Lyngdal,1976,6946
4225,Lyngdal,1977,7085
4225,Lyngdal,1978,7361
4225,Lyngdal,1979,7536
4225,Lyngdal,1980,7720
4225,Lyngdal,1981,7838
4225,Lyngdal,1982,7954
4225,Lyngdal,1983,8005
4225,Lyngdal,1984,8080
4225,Lyngdal,1985,8132
4226,Hægebostad,1951,1866
4226,Hægebostad,1952,1850
4226,Hægebostad,1953,1832
4226,Hægebostad,1954,1788
4226,Hægebostad,1955,1748
4226,Hægebostad,1956,1731
4226,Hægebostad,1957,1706
4226,Hægebostad,1958,1668
4226,Hægebostad,1959,1637
4226,Hægebostad,1960,1639
4226,Hægebostad,1961,1636
4226,Hægebostad,1962,1635
4226,Hægebostad,1963,1597
4226,Hægebostad,1964,1567
4226,Hægebostad,1965,1581
4226,Hægebostad,1966,1569
4226,Hægebostad,1967,1549
4226,Hægebostad,1968,1494
4226,Hægebostad,1969,1503
4226,Hægebostad,1970,1513
4226,Hægebostad,1971,1502
4226,Hægebostad,1972,1507
4226,Hægebostad,1973,1490
4226,Hægebostad,1974,1486
4226,Hægebostad,1975,1488
4226,Hægebostad,1976,1511
4226,Hægebostad,1977,1537
4226,Hægebostad,1978,1543
4226,Hægebostad,1979,1534
4226,Hægebostad,1980,1552
4226,Hægebostad,1981,1574
4226,Hægebostad,1982,1584
4226,Hægebostad,1983,1609
4226,Hægebostad,1984,1619
4226,Hægebostad,1985,1621
4227,Kvinesdal,1951,5494
4227,Kvinesdal,1952,5491
4227,Kvinesdal,1953,5546
4227,Kvinesdal,1954,5516
4227,Kvinesdal,1955,5505
4227,Kvinesdal,1956,5475
4227,Kvinesdal,1957,5491
4227,Kvinesdal,1958,5450
4227,Kvinesdal,1959,5427
4227,Kvinesdal,1960,5369
4227,Kvinesdal,1961,5057
4227,Kvinesdal,1962,5021
4227,Kvinesdal,1963,5038
4227,Kvinesdal,1964,5127
4227,Kvinesdal,1965,5132
4227,Kvinesdal,1966,5191
4227,Kvinesdal,1967,5230
4227,Kvinesdal,1968,5330
4227,Kvinesdal,1969,5405
4227,Kvinesdal,1970,5366
4227,Kvinesdal,1971,5241
4227,Kvinesdal,1972,5374
4227,Kvinesdal,1973,5414
4227,Kvinesdal,1974,5324
4227,Kvinesdal,1975,5421
4227,Kvinesdal,1976,5432
4227,Kvinesdal,1977,5468
4227,Kvinesdal,1978,5509
4227,Kvinesdal,1979,5542
4227,Kvinesdal,1980,5609
4227,Kvinesdal,1981,5642
4227,Kvinesdal,1982,5694
4227,Kvinesdal,1983,5724
4227,Kvinesdal,1984,5698
4227,Kvinesdal,1985,5713
4228,Sirdal,1951,1527
4228,Sirdal,1952,1490
4228,Sirdal,1953,1482
4228,Sirdal,1954,1472
4228,Sirdal,1955,1466
4228,Sirdal,1956,1468
4228,Sirdal,1957,1437
4228,Sirdal,1958,1435
4228,Sirdal,1959,1424
4228,Sirdal,1960,1426
4228,Sirdal,1961,1446
4228,Sirdal,1962,1485
4228,Sirdal,1963,1501
4228,Sirdal,1964,1504
4228,Sirdal,1965,1516
4228,Sirdal,1966,1593
4228,Sirdal,1967,1645
4228,Sirdal,1968,1681
4228,Sirdal,1969,1746
4228,Sirdal,1970,1761
4228,Sirdal,1971,1762
4228,Sirdal,1972,1734
4228,Sirdal,1973,1694
4228,Sirdal,1974,1674
4228,Sirdal,1975,1689
4228,Sirdal,1976,1687
4228,Sirdal,1977,1669
4228,Sirdal,1978,1684
4228,Sirdal,1979,1658
4228,Sirdal,1980,1645
4228,Sirdal,1981,1650
4228,Sirdal,1982,1635
4228,Sirdal,1983,1623
4228,Sirdal,1984,1613
4228,Sirdal,1985,1629
4601,Bergen,1951,162509
4601,Bergen,1952,164419
4601,Bergen,1953,166580
4601,Bergen,1954,168857
4601,Bergen,1955,171167
4601,Bergen,1956,173831
4601,Bergen,1957,176130
4601,Bergen,1958,178522
4601,Bergen,1959,181272
4601,Bergen,1960,183702
4601,Bergen,1961,185952
4601,Bergen,1962,188732
4601,Bergen,1963,191174
4601,Bergen,1964,193777
4601,Bergen,1965,195663
4601,Bergen,1966,197924
4601,Bergen,1967,200261
4601,Bergen,1968,202686
4601,Bergen,1969,205143
4601,Bergen,1970,208079
4601,Bergen,1971,210397
4601,Bergen,1972,211970
4601,Bergen,1973,213717
4601,Bergen,1974,214580
4601,Bergen,1975,214019
4601,Bergen,1976,213594
4601,Bergen,1977,212755
4601,Bergen,1978,211861
4601,Bergen,1979,210405
4601,Bergen,1980,208910
4601,Bergen,1981,207799
4601,Bergen,1982,207419
4601,Bergen,1983,207292
4601,Bergen,1984,207332
4601,Bergen,1985,207416
4602,Kinn,1951,12595
4602,Kinn,1952,12749
4602,Kinn,1953,12947
4602,Kinn,1954,13078
4602,Kinn,1955,13262
4602,Kinn,1956,13546
4602,Kinn,1957,13813
4602,Kinn,1958,14043
4602,Kinn,1959,14197
4602,Kinn,1960,14227
4602,Kinn,1961,14195
4602,Kinn,1962,14224
4602,Kinn,1963,14245
4602,Kinn,1964,14677
4602,Kinn,1965,14648
4602,Kinn,1966,14631
4602,Kinn,1967,14875
4602,Kinn,1968,14903
4602,Kinn,1969,14891
4602,Kinn,1970,14866
4602,Kinn,1971,14881
4602,Kinn,1972,15034
4602,Kinn,1973,15253
4602,Kinn,1974,15388
4602,Kinn,1975,15463
4602,Kinn,1976,15499
4602,Kinn,1977,15588
4602,Kinn,1978,15577
4602,Kinn,1979,15604
4602,Kinn,1980,15539
4602,Kinn,1981,15622
4602,Kinn,1982,15660
4602,Kinn,1983,15666
4602,Kinn,1984,15703
4602,Kinn,1985,15776
4611,Etne,1951,4091
4611,Etne,1952,4081
4611,Etne,1953,4061
4611,Etne,1954,4032
4611,Etne,1955,3992
4611,Etne,1956,4021
4611,Etne,1957,3979
4611,Etne,1958,3967
4611,Etne,1959,3943
4611,Etne,1960,3941
4611,Etne,1961,4015
4611,Etne,1962,3991
4611,Etne,1963,3984
4611,Etne,1964,3985
4611,Etne,1965,3942
4611,Etne,1966,3922
4611,Etne,1967,3946
4611,Etne,1968,3926
4611,Etne,1969,3876
4611,Etne,1970,3930
4611,Etne,1971,3903
4611,Etne,1972,3939
4611,Etne,1973,3899
4611,Etne,1974,3878
4611,Etne,1975,3862
4611,Etne,1976,3828
4611,Etne,1977,3866
4611,Etne,1978,3888
4611,Etne,1979,3960
4611,Etne,1980,3980
4611,Etne,1981,4012
4611,Etne,1982,4042
4611,Etne,1983,4040
4611,Etne,1984,4056
4611,Etne,1985,4052
4612,Sveio,1951,3714
4612,Sveio,1952,3664
4612,Sveio,1953,3635
4612,Sveio,1954,3625
4612,Sveio,1955,3637
4612,Sveio,1956,3716
4612,Sveio,1957,3710
4612,Sveio,1958,3648
4612,Sveio,1959,3594
4612,Sveio,1960,3548
4612,Sveio,1961,3468
4612,Sveio,1962,3432
4612,Sveio,1963,3397
4612,Sveio,1964,3408
4612,Sveio,1965,3386
4612,Sveio,1966,3358
4612,Sveio,1967,3398
4612,Sveio,1968,3380
4612,Sveio,1969,3383
4612,Sveio,1970,3477
4612,Sveio,1971,3568
4612,Sveio,1972,3652
4612,Sveio,1973,3703
4612,Sveio,1974,3735
4612,Sveio,1975,3784
4612,Sveio,1976,3839
4612,Sveio,1977,3911
4612,Sveio,1978,3975
4612,Sveio,1979,4118
4612,Sveio,1980,4216
4612,Sveio,1981,4245
4612,Sveio,1982,4321
4612,Sveio,1983,4356
4612,Sveio,1984,4445
4612,Sveio,1985,4545
4613,Bømlo,1951,7745
4613,Bømlo,1952,7807
4613,Bømlo,1953,7863
4613,Bømlo,1954,7945
4613,Bømlo,1955,7993
4613,Bømlo,1956,7982
4613,Bømlo,1957,7957
4613,Bømlo,1958,8011
4613,Bømlo,1959,8097
4613,Bømlo,1960,8098
4613,Bømlo,1961,8104
4613,Bømlo,1962,8144
4613,Bømlo,1963,8126
4613,Bømlo,1964,8164
4613,Bømlo,1965,8264
4613,Bømlo,1966,8337
4613,Bømlo,1967,8363
4613,Bømlo,1968,8389
4613,Bømlo,1969,8349
4613,Bømlo,1970,8339
4613,Bømlo,1971,8276
4613,Bømlo,1972,8246
4613,Bømlo,1973,8403
4613,Bømlo,1974,8585
4613,Bømlo,1975,8692
4613,Bømlo,1976,8809
4613,Bømlo,1977,8963
4613,Bømlo,1978,9080
4613,Bømlo,1979,9171
4613,Bømlo,1980,9213
4613,Bømlo,1981,9258
4613,Bømlo,1982,9266
4613,Bømlo,1983,9329
4613,Bømlo,1984,9425
4613,Bømlo,1985,9530
4614,Stord,1951,5583
4614,Stord,1952,5826
4614,Stord,1953,6036
4614,Stord,1954,6251
4614,Stord,1955,6442
4614,Stord,1956,6473
4614,Stord,1957,6771
4614,Stord,1958,6958
4614,Stord,1959,7176
4614,Stord,1960,7470
4614,Stord,1961,7766
4614,Stord,1962,8071
4614,Stord,1963,8263
4614,Stord,1964,8476
4614,Stord,1965,8618
4614,Stord,1966,8931
4614,Stord,1967,9226
4614,Stord,1968,9489
4614,Stord,1969,9849
4614,Stord,1970,10150
4614,Stord,1971,10607
4614,Stord,1972,11156
4614,Stord,1973,11413
4614,Stord,1974,11779
4614,Stord,1975,12189
4614,Stord,1976,12436
4614,Stord,1977,13118
4614,Stord,1978,13194
4614,Stord,1979,12828
4614,Stord,1980,12859
4614,Stord,1981,13007
4614,Stord,1982,13080
4614,Stord,1983,13314
4614,Stord,1984,13500
4614,Stord,1985,13591
4615,Fitjar,1951,2420
4615,Fitjar,1952,2416
4615,Fitjar,1953,2437
4615,Fitjar,1954,2444
4615,Fitjar,1955,2467
4615,Fitjar,1956,2471
4615,Fitjar,1957,2464
4615,Fitjar,1958,2485
4615,Fitjar,1959,2493
4615,Fitjar,1960,2482
4615,Fitjar,1961,2487
4615,Fitjar,1962,2497
4615,Fitjar,1963,2505
4615,Fitjar,1964,2431
4615,Fitjar,1965,2426
4615,Fitjar,1966,2438
4615,Fitjar,1967,2459
4615,Fitjar,1968,2475
4615,Fitjar,1969,2515
4615,Fitjar,1970,2520
4615,Fitjar,1971,2504
4615,Fitjar,1972,2537
4615,Fitjar,1973,2588
4615,Fitjar,1974,2637
4615,Fitjar,1975,2721
4615,Fitjar,1976,2773
4615,Fitjar,1977,2828
4615,Fitjar,1978,2818
4615,Fitjar,1979,2882
4615,Fitjar,1980,2888
4615,Fitjar,1981,2912
4615,Fitjar,1982,2947
4615,Fitjar,1983,2950
4615,Fitjar,1984,2979
4615,Fitjar,1985,2994
4616,Tysnes,1951,3866
4616,Tysnes,1952,3814
4616,Tysnes,1953,3834
4616,Tysnes,1954,3776
4616,Tysnes,1955,3747
4616,Tysnes,1956,3680
4616,Tysnes,1957,3612
4616,Tysnes,1958,3616
4616,Tysnes,1959,3578
4616,Tysnes,1960,3559
4616,Tysnes,1961,3497
4616,Tysnes,1962,3432
4616,Tysnes,1963,3388
4616,Tysnes,1964,3399
4616,Tysnes,1965,3344
4616,Tysnes,1966,3306
4616,Tysnes,1967,3195
4616,Tysnes,1968,3144
4616,Tysnes,1969,3082
4616,Tysnes,1970,3019
4616,Tysnes,1971,2910
4616,Tysnes,1972,2849
4616,Tysnes,1973,2791
4616,Tysnes,1974,2739
4616,Tysnes,1975,2692
4616,Tysnes,1976,2698
4616,Tysnes,1977,2693
4616,Tysnes,1978,2712
4616,Tysnes,1979,2753
4616,Tysnes,1980,2774
4616,Tysnes,1981,2807
4616,Tysnes,1982,2812
4616,Tysnes,1983,2849
4616,Tysnes,1984,2876
4616,Tysnes,1985,2871
4617,Kvinnherad,1951,9603
4617,Kvinnherad,1952,9638
4617,Kvinnherad,1953,9722
4617,Kvinnherad,1954,9770
4617,Kvinnherad,1955,9711
4617,Kvinnherad,1956,9560
4617,Kvinnherad,1957,9558
4617,Kvinnherad,1958,9498
4617,Kvinnherad,1959,9468
4617,Kvinnherad,1960,9425
4617,Kvinnherad,1961,9563
4617,Kvinnherad,1962,9519
4617,Kvinnherad,1963,9512
4617,Kvinnherad,1964,9624
4617,Kvinnherad,1965,9839
4617,Kvinnherad,1966,10282
4617,Kvinnherad,1967,10691
4617,Kvinnherad,1968,11182
4617,Kvinnherad,1969,11635
4617,Kvinnherad,1970,11811
4617,Kvinnherad,1971,12152
4617,Kvinnherad,1972,12297
4617,Kvinnherad,1973,12191
4617,Kvinnherad,1974,12322
4617,Kvinnherad,1975,12338
4617,Kvinnherad,1976,12434
4617,Kvinnherad,1977,12472
4617,Kvinnherad,1978,12601
4617,Kvinnherad,1979,12705
4617,Kvinnherad,1980,12821
4617,Kvinnherad,1981,12854
4617,Kvinnherad,1982,12946
4617,Kvinnherad,1983,13026
4617,Kvinnherad,1984,13074
4617,Kvinnherad,1985,13159
4618,Ullensvang,1951,14744
4618,Ullensvang,1952,14787
4618,Ullensvang,1953,14838
4618,Ullensvang,1954,14843
4618,Ullensvang,1955,14877
4618,Ullensvang,1956,14966
4618,Ullensvang,1957,15061
4618,Ullensvang,1958,15157
4618,Ullensvang,1959,15243
4618,Ullensvang,1960,15277
4618,Ullensvang,1961,15234
4618,Ullensvang,1962,15135
4618,Ullensvang,1963,15119
4618,Ullensvang,1964,15163
4618,Ullensvang,1965,15522
4618,Ullensvang,1966,15499
4618,Ullensvang,1967,15496
4618,Ullensvang,1968,15215
4618,Ullensvang,1969,15056
4618,Ullensvang,1970,15018
4618,Ullensvang,1971,14964
4618,Ullensvang,1972,15019
4618,Ullensvang,1973,14750
4618,Ullensvang,1974,14711
4618,Ullensvang,1975,14619
4618,Ullensvang,1976,14695
4618,Ullensvang,1977,14604
4618,Ullensvang,1978,14456
4618,Ullensvang,1979,14488
4618,Ullensvang,1980,14497
4618,Ullensvang,1981,14382
4618,Ullensvang,1982,14305
4618,Ullensvang,1983,14206
4618,Ullensvang,1984,14141
4618,Ullensvang,1985,14058
4619,Eidfjord,1951,1184
4619,Eidfjord,1952,1189
4619,Eidfjord,1953,1192
4619,Eidfjord,1954,1187
4619,Eidfjord,1955,1197
4619,Eidfjord,1956,1199
4619,Eidfjord,1957,1205
4619,Eidfjord,1958,1204
4619,Eidfjord,1959,1194
4619,Eidfjord,1960,1180
4619,Eidfjord,1961,1173
4619,Eidfjord,1962,1161
4619,Eidfjord,1963,1152
4619,Eidfjord,1964,1150
4619,Eidfjord,1965,1171
4619,Eidfjord,1966,1165
4619,Eidfjord,1967,1167
4619,Eidfjord,1968,1151
4619,Eidfjord,1969,1150
4619,Eidfjord,1970,1149
4619,Eidfjord,1971,1121
4619,Eidfjord,1972,1132
4619,Eidfjord,1973,1137
4619,Eidfjord,1974,1159
4619,Eidfjord,1975,1203
4619,Eidfjord,1976,1222
4619,Eidfjord,1977,1223
4619,Eidfjord,1978,1238
4619,Eidfjord,1979,1234
4619,Eidfjord,1980,1208
4619,Eidfjord,1981,1155
4619,Eidfjord,1982,1096
4619,Eidfjord,1983,1039
4619,Eidfjord,1984,1022
4619,Eidfjord,1985,1023
4620,Ulvik,1951,1548
4620,Ulvik,1952,1545
4620,Ulvik,1953,1580
4620,Ulvik,1954,1544
4620,Ulvik,1955,1538
4620,Ulvik,1956,1504
4620,Ulvik,1957,1532
4620,Ulvik,1958,1523
4620,Ulvik,1959,1512
4620,Ulvik,1960,1488
4620,Ulvik,1961,1508
4620,Ulvik,1962,1513
4620,Ulvik,1963,1510
4620,Ulvik,1964,1463
4620,Ulvik,1965,1453
4620,Ulvik,1966,1459
4620,Ulvik,1967,1430
4620,Ulvik,1968,1425
4620,Ulvik,1969,1368
4620,Ulvik,1970,1351
4620,Ulvik,1971,1371
4620,Ulvik,1972,1329
4620,Ulvik,1973,1357
4620,Ulvik,1974,1375
4620,Ulvik,1975,1359
4620,Ulvik,1976,1341
4620,Ulvik,1977,1370
4620,Ulvik,1978,1381
4620,Ulvik,1979,1386
4620,Ulvik,1980,1362
4620,Ulvik,1981,1339
4620,Ulvik,1982,1339
4620,Ulvik,1983,1320
4620,Ulvik,1984,1297
4620,Ulvik,1985,1299
4621,Voss,1951,13629
4621,Voss,1952,13585
4621,Voss,1953,13660
4621,Voss,1954,13820
4621,Voss,1955,13839
4621,Voss,1956,13898
4621,Voss,1957,13992
4621,Voss,1958,14034
4621,Voss,1959,14109
4621,Voss,1960,14118
4621,Voss,1961,14113
4621,Voss,1962,14206
4621,Voss,1963,14310
4621,Voss,1964,14343
4621,Voss,1965,14537
4621,Voss,1966,14638
4621,Voss,1967,14691
4621,Voss,1968,14809
4621,Voss,1969,14862
4621,Voss,1970,14804
4621,Voss,1971,14721
4621,Voss,1972,14744
4621,Voss,1973,14773
4621,Voss,1974,14856
4621,Voss,1975,14907
4621,Voss,1976,14988
4621,Voss,1977,14950
4621,Voss,1978,15046
4621,Voss,1979,15091
4621,Voss,1980,15159
4621,Voss,1981,15160
4621,Voss,1982,15138
4621,Voss,1983,15162
4621,Voss,1984,15184
4621,Voss,1985,15145
4622,Kvam,1951,7990
4622,Kvam,1952,8163
4622,Kvam,1953,8256
4622,Kvam,1954,8344
4622,Kvam,1955,8350
4622,Kvam,1956,8469
4622,Kvam,1957,8616
4622,Kvam,1958,8749
4622,Kvam,1959,8835
4622,Kvam,1960,8913
4622,Kvam,1961,8991
4622,Kvam,1962,9072
4622,Kvam,1963,9149
4622,Kvam,1964,9105
4622,Kvam,1965,9119
4622,Kvam,1966,9124
4622,Kvam,1967,9108
4622,Kvam,1968,9046
4622,Kvam,1969,9047
4622,Kvam,1970,9017
4622,Kvam,1971,8847
4622,Kvam,1972,8824
4622,Kvam,1973,8808
4622,Kvam,1974,8783
4622,Kvam,1975,8761
4622,Kvam,1976,8757
4622,Kvam,1977,8756
4622,Kvam,1978,8781
4622,Kvam,1979,8774
4622,Kvam,1980,8733
4622,Kvam,1981,8743
4622,Kvam,1982,8757
4622,Kvam,1983,8744
4622,Kvam,1984,8729
4622,Kvam,1985,8713
4623,Samnanger,1951,2503
4623,Samnanger,1952,2461
4623,Samnanger,1953,2470
4623,Samnanger,1954,2484
4623,Samnanger,1955,2506
4623,Samnanger,1956,2565
4623,Samnanger,1957,2539
4623,Samnanger,1958,2517
4623,Samnanger,1959,2485
4623,Samnanger,1960,2493
4623,Samnanger,1961,2437
4623,Samnanger,1962,2383
4623,Samnanger,1963,2363
4623,Samnanger,1964,2368
4623,Samnanger,1965,2344
4623,Samnanger,1966,2299
4623,Samnanger,1967,2271
4623,Samnanger,1968,2239
4623,Samnanger,1969,2225
4623,Samnanger,1970,2180
4623,Samnanger,1971,2183
4623,Samnanger,1972,2168
4623,Samnanger,1973,2179
4623,Samnanger,1974,2160
4623,Samnanger,1975,2187
4623,Samnanger,1976,2233
4623,Samnanger,1977,2258
4623,Samnanger,1978,2254
4623,Samnanger,1979,2267
4623,Samnanger,1980,2305
4623,Samnanger,1981,2319
4623,Samnanger,1982,2348
4623,Samnanger,1983,2362
4623,Samnanger,1984,2378
4623,Samnanger,1985,2376
4624,Bjørnafjorden,1951,10002
4624,Bjørnafjorden,1952,10223
4624,Bjørnafjorden,1953,10340
4624,Bjørnafjorden,1954,10474
4624,Bjørnafjorden,1955,10554
4624,Bjørnafjorden,1956,10513
4624,Bjørnafjorden,1957,10567
4624,Bjørnafjorden,1958,10662
4624,Bjørnafjorden,1959,10706
4624,Bjørnafjorden,1960,10855
4624,Bjørnafjorden,1961,10943
4624,Bjørnafjorden,1962,10929
4624,Bjørnafjorden,1963,11049
4624,Bjørnafjorden,1964,11127
4624,Bjørnafjorden,1965,11221
4624,Bjørnafjorden,1966,11332
4624,Bjørnafjorden,1967,11498
4624,Bjørnafjorden,1968,11625
4624,Bjørnafjorden,1969,11789
4624,Bjørnafjorden,1970,11922
4624,Bjørnafjorden,1971,11980
4624,Bjørnafjorden,1972,12175
4624,Bjørnafjorden,1973,12257
4624,Bjørnafjorden,1974,12389
4624,Bjørnafjorden,1975,12754
4624,Bjørnafjorden,1976,12967
4624,Bjørnafjorden,1977,13325
4624,Bjørnafjorden,1978,13730
4624,Bjørnafjorden,1979,14024
4624,Bjørnafjorden,1980,14363
4624,Bjørnafjorden,1981,14710
4624,Bjørnafjorden,1982,14941
4624,Bjørnafjorden,1983,15116
4624,Bjørnafjorden,1984,15262
4624,Bjørnafjorden,1985,15337
4625,Austevoll,1951,3903
4625,Austevoll,1952,3880
4625,Austevoll,1953,3906
4625,Austevoll,1954,3949
4625,Austevoll,1955,3981
4625,Austevoll,1956,4048
4625,Austevoll,1957,4072
4625,Austevoll,1958,4059
4625,Austevoll,1959,4104
4625,Austevoll,1960,4103
4625,Austevoll,1961,4057
4625,Austevoll,1962,4047
4625,Austevoll,1963,4045
4625,Austevoll,1964,4055
4625,Austevoll,1965,4048
4625,Austevoll,1966,4058
4625,Austevoll,1967,4042
4625,Austevoll,1968,4057
4625,Austevoll,1969,4034
4625,Austevoll,1970,3957
4625,Austevoll,1971,3854
4625,Austevoll,1972,3884
4625,Austevoll,1973,3856
4625,Austevoll,1974,3846
4625,Austevoll,1975,3855
4625,Austevoll,1976,3852
4625,Austevoll,1977,3887
4625,Austevoll,1978,3878
4625,Austevoll,1979,3911
4625,Austevoll,1980,3893
4625,Austevoll,1981,3912
4625,Austevoll,1982,3986
4625,Austevoll,1983,4049
4625,Austevoll,1984,4085
4625,Austevoll,1985,4134
4626,Øygarden,1951,11859
4626,Øygarden,1952,11891
4626,Øygarden,1953,11928
4626,Øygarden,1954,11976
4626,Øygarden,1955,11932
4626,Øygarden,1956,12130
4626,Øygarden,1957,12168
4626,Øygarden,1958,12203
4626,Øygarden,1959,12249
4626,Øygarden,1960,12227
4626,Øygarden,1961,12128
4626,Øygarden,1962,12212
4626,Øygarden,1963,12208
4626,Øygarden,1964,12210
4626,Øygarden,1965,12274
4626,Øygarden,1966,12257
4626,Øygarden,1967,12290
4626,Øygarden,1968,12532
4626,Øygarden,1969,12658
4626,Øygarden,1970,12743
4626,Øygarden,1971,12704
4626,Øygarden,1972,12947
4626,Øygarden,1973,13192
4626,Øygarden,1974,13578
4626,Øygarden,1975,13987
4626,Øygarden,1976,14345
4626,Øygarden,1977,14828
4626,Øygarden,1978,15365
4626,Øygarden,1979,16043
4626,Øygarden,1980,16611
4626,Øygarden,1981,17111
4626,Øygarden,1982,17511
4626,Øygarden,1983,18106
4626,Øygarden,1984,18654
4626,Øygarden,1985,19335
4627,Askøy,1951,9459
4627,Askøy,1952,9676
4627,Askøy,1953,9969
4627,Askøy,1954,10303
4627,Askøy,1955,10570
4627,Askøy,1956,10790
4627,Askøy,1957,10903
4627,Askøy,1958,11105
4627,Askøy,1959,11317
4627,Askøy,1960,11499
4627,Askøy,1961,11651
4627,Askøy,1962,11918
4627,Askøy,1963,12236
4627,Askøy,1964,12454
4627,Askøy,1965,12671
4627,Askøy,1966,13048
4627,Askøy,1967,13276
4627,Askøy,1968,13521
4627,Askøy,1969,13765
4627,Askøy,1970,14085
4627,Askøy,1971,14526
4627,Askøy,1972,14770
4627,Askøy,1973,15006
4627,Askøy,1974,15199
4627,Askøy,1975,15589
4627,Askøy,1976,15951
4627,Askøy,1977,15997
4627,Askøy,1978,16331
4627,Askøy,1979,16501
4627,Askøy,1980,16735
4627,Askøy,1981,17148
4627,Askøy,1982,17490
4627,Askøy,1983,17765
4627,Askøy,1984,17960
4627,Askøy,1985,18036
4628,Vaksdal,1951,5649
4628,Vaksdal,1952,5753
4628,Vaksdal,1953,5818
4628,Vaksdal,1954,5822
4628,Vaksdal,1955,5801
4628,Vaksdal,1956,5776
4628,Vaksdal,1957,5801
4628,Vaksdal,1958,5801
4628,Vaksdal,1959,5790
4628,Vaksdal,1960,5806
4628,Vaksdal,1961,5793
4628,Vaksdal,1962,5760
4628,Vaksdal,1963,5702
4628,Vaksdal,1964,5666
4628,Vaksdal,1965,5674
4628,Vaksdal,1966,5632
4628,Vaksdal,1967,5568
4628,Vaksdal,1968,5563
4628,Vaksdal,1969,5538
4628,Vaksdal,1970,5498
4628,Vaksdal,1971,5427
4628,Vaksdal,1972,5301
4628,Vaksdal,1973,5186
4628,Vaksdal,1974,5141
4628,Vaksdal,1975,5075
4628,Vaksdal,1976,4987
4628,Vaksdal,1977,4896
4628,Vaksdal,1978,4837
4628,Vaksdal,1979,4862
4628,Vaksdal,1980,4851
4628,Vaksdal,1981,4788
4628,Vaksdal,1982,4782
4628,Vaksdal,1983,4795
4628,Vaksdal,1984,4778
4628,Vaksdal,1985,4692
4629,Modalen,1951,424
4629,Modalen,1952,418
4629,Modalen,1953,412
4629,Modalen,1954,408
4629,Modalen,1955,376
4629,Modalen,1956,387
4629,Modalen,1957,381
4629,Modalen,1958,367
4629,Modalen,1959,380
4629,Modalen,1960,368
4629,Modalen,1961,361
4629,Modalen,1962,357
4629,Modalen,1963,340
4629,Modalen,1964,346
4629,Modalen,1965,339
4629,Modalen,1966,332
4629,Modalen,1967,328
4629,Modalen,1968,318
4629,Modalen,1969,310
4629,Modalen,1970,295
4629,Modalen,1971,291
4629,Modalen,1972,285
4629,Modalen,1973,267
4629,Modalen,1974,268
4629,Modalen,1975,276
4629,Modalen,1976,269
4629,Modalen,1977,279
4629,Modalen,1978,285
4629,Modalen,1979,307
4629,Modalen,1980,313
4629,Modalen,1981,323
4629,Modalen,1982,337
4629,Modalen,1983,343
4629,Modalen,1984,355
4629,Modalen,1985,375
4630,Osterøy,1951,5350
4630,Osterøy,1952,5445
4630,Osterøy,1953,5493
4630,Osterøy,1954,5470
4630,Osterøy,1955,5492
4630,Osterøy,1956,5507
4630,Osterøy,1957,5526
4630,Osterøy,1958,5521
4630,Osterøy,1959,5527
4630,Osterøy,1960,5529
4630,Osterøy,1961,5463
4630,Osterøy,1962,5484
4630,Osterøy,1963,5547
4630,Osterøy,1964,5518
4630,Osterøy,1965,5548
4630,Osterøy,1966,5592
4630,Osterøy,1967,5602
4630,Osterøy,1968,5588
4630,Osterøy,1969,5642
4630,Osterøy,1970,5660
4630,Osterøy,1971,5643
4630,Osterøy,1972,5655
4630,Osterøy,1973,5759
4630,Osterøy,1974,5896
4630,Osterøy,1975,6114
4630,Osterøy,1976,6213
4630,Osterøy,1977,6289
4630,Osterøy,1978,6394
4630,Osterøy,1979,6516
4630,Osterøy,1980,6579
4630,Osterøy,1981,6653
4630,Osterøy,1982,6668
4630,Osterøy,1983,6778
4630,Osterøy,1984,6867
4630,Osterøy,1985,6864
4631,Alver,1951,15339
4631,Alver,1952,15332
4631,Alver,1953,15318
4631,Alver,1954,15272
4631,Alver,1955,15211
4631,Alver,1956,15219
4631,Alver,1957,15222
4631,Alver,1958,15131
4631,Alver,1959,15065
4631,Alver,1960,14982
4631,Alver,1961,14783
4631,Alver,1962,14733
4631,Alver,1963,14684
4631,Alver,1964,14700
4631,Alver,1965,14664
4631,Alver,1966,14572
4631,Alver,1967,14656
4631,Alver,1968,14627
4631,Alver,1969,14576
4631,Alver,1970,14570
4631,Alver,1971,14628
4631,Alver,1972,14750
4631,Alver,1973,15046
4631,Alver,1974,15539
4631,Alver,1975,16233
4631,Alver,1976,16472
4631,Alver,1977,16700
4631,Alver,1978,16996
4631,Alver,1979,17492
4631,Alver,1980,17970
4631,Alver,1981,18477
4631,Alver,1982,18832
4631,Alver,1983,19239
4631,Alver,1984,19387
4631,Alver,1985,19672
4632,Austrheim,1951,2390
4632,Austrheim,1952,2363
4632,Austrheim,1953,2371
4632,Austrheim,1954,2344
4632,Austrheim,1955,2314
4632,Austrheim,1956,2344
4632,Austrheim,1957,2317
4632,Austrheim,1958,2275
4632,Austrheim,1959,2244
4632,Austrheim,1960,2216
4632,Austrheim,1961,2147
4632,Austrheim,1962,2105
4632,Austrheim,1963,2102
4632,Austrheim,1964,2005
4632,Austrheim,1965,1965
4632,Austrheim,1966,1925
4632,Austrheim,1967,1937
4632,Austrheim,1968,1931
4632,Austrheim,1969,1916
4632,Austrheim,1970,1880
4632,Austrheim,1971,1849
4632,Austrheim,1972,1866
4632,Austrheim,1973,1966
4632,Austrheim,1974,2067
4632,Austrheim,1975,2232
4632,Austrheim,1976,2367
4632,Austrheim,1977,2464
4632,Austrheim,1978,2506
4632,Austrheim,1979,2523
4632,Austrheim,1980,2549
4632,Austrheim,1981,2591
4632,Austrheim,1982,2606
4632,Austrheim,1983,2624
4632,Austrheim,1984,2614
4632,Austrheim,1985,2591
4633,Fedje,1951,940
4633,Fedje,1952,952
4633,Fedje,1953,947
4633,Fedje,1954,994
4633,Fedje,1955,992
4633,Fedje,1956,932
4633,Fedje,1957,937
4633,Fedje,1958,926
4633,Fedje,1959,918
4633,Fedje,1960,932
4633,Fedje,1961,914
4633,Fedje,1962,904
4633,Fedje,1963,904
4633,Fedje,1964,890
4633,Fedje,1965,893
4633,Fedje,1966,879
4633,Fedje,1967,869
4633,Fedje,1968,879
4633,Fedje,1969,871
4633,Fedje,1970,873
4633,Fedje,1971,849
4633,Fedje,1972,832
4633,Fedje,1973,848
4633,Fedje,1974,840
4633,Fedje,1975,873
4633,Fedje,1976,874
4633,Fedje,1977,870
4633,Fedje,1978,864
4633,Fedje,1979,854
4633,Fedje,1980,849
4633,Fedje,1981,836
4633,Fedje,1982,845
4633,Fedje,1983,835
4633,Fedje,1984,835
4633,Fedje,1985,811
4634,Masfjorden,1951,1928
4634,Masfjorden,1952,1930
4634,Masfjorden,1953,1947
4634,Masfjorden,1954,1921
4634,Masfjorden,1955,1962
4634,Masfjorden,1956,2002
4634,Masfjorden,1957,1992
4634,Masfjorden,1958,1971
4634,Masfjorden,1959,1978
4634,Masfjorden,1960,1987
4634,Masfjorden,1961,2013
4634,Masfjorden,1962,1987
4634,Masfjorden,1963,1967
4634,Masfjorden,1964,1977
4634,Masfjorden,1965,1984
4634,Masfjorden,1966,1949
4634,Masfjorden,1967,1949
4634,Masfjorden,1968,1935
4634,Masfjorden,1969,1895
4634,Masfjorden,1970,1858
4634,Masfjorden,1971,1843
4634,Masfjorden,1972,1848
4634,Masfjorden,1973,1869
4634,Masfjorden,1974,1851
4634,Masfjorden,1975,1866
4634,Masfjorden,1976,1877
4634,Masfjorden,1977,1878
4634,Masfjorden,1978,1883
4634,Masfjorden,1979,1887
4634,Masfjorden,1980,1915
4634,Masfjorden,1981,1899
4634,Masfjorden,1982,1877
4634,Masfjorden,1983,1895
4634,Masfjorden,1984,1915
4634,Masfjorden,1985,1931
4635,Gulen,1951,3755
4635,Gulen,1952,3738
4635,Gulen,1953,3690
4635,Gulen,1954,3646
4635,Gulen,1955,3606
4635,Gulen,1956,3532
4635,Gulen,1957,3493
4635,Gulen,1958,3451
4635,Gulen,1959,3454
4635,Gulen,1960,3411
4635,Gulen,1961,3375
4635,Gulen,1962,3337
4635,Gulen,1963,3328
4635,Gulen,1964,3250
4635,Gulen,1965,3216
4635,Gulen,1966,3152
4635,Gulen,1967,3086
4635,Gulen,1968,3040
4635,Gulen,1969,3015
4635,Gulen,1970,2942
4635,Gulen,1971,2844
4635,Gulen,1972,2835
4635,Gulen,1973,2835
4635,Gulen,1974,2825
4635,Gulen,1975,2831
4635,Gulen,1976,2798
4635,Gulen,1977,2791
4635,Gulen,1978,2781
4635,Gulen,1979,2748
4635,Gulen,1980,2729
4635,Gulen,1981,2734
4635,Gulen,1982,2705
4635,Gulen,1983,2693
4635,Gulen,1984,2687
4635,Gulen,1985,2668
4636,Solund,1951,1802
4636,Solund,1952,1796
4636,Solund,1953,1801
4636,Solund,1954,1779
4636,Solund,1955,1754
4636,Solund,1956,1757
4636,Solund,1957,1755
4636,Solund,1958,1721
4636,Solund,1959,1699
4636,Solund,1960,1695
4636,Solund,1961,1655
4636,Solund,1962,1639
4636,Solund,1963,1586
4636,Solund,1964,1589
4636,Solund,1965,1581
4636,Solund,1966,1551
4636,Solund,1967,1518
4636,Solund,1968,1473
4636,Solund,1969,1455
4636,Solund,1970,1376
4636,Solund,1971,1316
4636,Solund,1972,1284
4636,Solund,1973,1264
4636,Solund,1974,1257
4636,Solund,1975,1258
4636,Solund,1976,1251
4636,Solund,1977,1244
4636,Solund,1978,1223
4636,Solund,1979,1221
4636,Solund,1980,1211
4636,Solund,1981,1191
4636,Solund,1982,1160
4636,Solund,1983,1159
4636,Solund,1984,1160
4636,Solund,1985,1167
4637,Hyllestad,1951,2151
4637,Hyllestad,1952,2119
4637,Hyllestad,1953,2120
4637,Hyllestad,1954,2088
4637,Hyllestad,1955,2075
4637,Hyllestad,1956,2098
4637,Hyllestad,1957,2031
4637,Hyllestad,1958,2011
4637,Hyllestad,1959,1998
4637,Hyllestad,1960,1988
4637,Hyllestad,1961,1946
4637,Hyllestad,1962,1926
4637,Hyllestad,1963,1922
4637,Hyllestad,1964,1898
4637,Hyllestad,1965,1863
4637,Hyllestad,1966,1798
4637,Hyllestad,1967,1788
4637,Hyllestad,1968,1789
4637,Hyllestad,1969,1784
4637,Hyllestad,1970,1793
4637,Hyllestad,1971,1800
4637,Hyllestad,1972,1806
4637,Hyllestad,1973,1783
4637,Hyllestad,1974,1784
4637,Hyllestad,1975,1754
4637,Hyllestad,1976,1783
4637,Hyllestad,1977,1807
4637,Hyllestad,1978,1798
4637,Hyllestad,1979,1803
4637,Hyllestad,1980,1805
4637,Hyllestad,1981,1788
4637,Hyllestad,1982,1787
4637,Hyllestad,1983,1779
4637,Hyllestad,1984,1793
4637,Hyllestad,1985,1800
4638,Høyanger,1951,5666
4638,Høyanger,1952,5659
4638,Høyanger,1953,5597
4638,Høyanger,1954,5530
4638,Høyanger,1955,5516
4638,Høyanger,1956,5566
4638,Høyanger,1957,5572
4638,Høyanger,1958,5554
4638,Høyanger,1959,5572
4638,Høyanger,1960,5574
4638,Høyanger,1961,5512
4638,Høyanger,1962,5461
4638,Høyanger,1963,5555
4638,Høyanger,1964,5636
4638,Høyanger,1965,5599
4638,Høyanger,1966,5542
4638,Høyanger,1967,5493
4638,Høyanger,1968,5417
4638,Høyanger,1969,5415
4638,Høyanger,1970,5334
4638,Høyanger,1971,5404
4638,Høyanger,1972,5328
4638,Høyanger,1973,5207
4638,Høyanger,1974,5085
4638,Høyanger,1975,5035
4638,Høyanger,1976,5077
4638,Høyanger,1977,5110
4638,Høyanger,1978,5084
4638,Høyanger,1979,5075
4638,Høyanger,1980,5044
4638,Høyanger,1981,5033
4638,Høyanger,1982,5041
4638,Høyanger,1983,5013
4638,Høyanger,1984,4963
4638,Høyanger,1985,4948
4639,Vik,1951,2883
4639,Vik,1952,2853
4639,Vik,1953,2814
4639,Vik,1954,2780
4639,Vik,1955,2777
4639,Vik,1956,2805
4639,Vik,1957,2789
4639,Vik,1958,2731
4639,Vik,1959,2715
4639,Vik,1960,2685
4639,Vik,1961,2643
4639,Vik,1962,2633
4639,Vik,1963,2624
4639,Vik,1964,2623
4639,Vik,1965,2765
4639,Vik,1966,2849
4639,Vik,1967,2909
4639,Vik,1968,2935
4639,Vik,1969,2910
4639,Vik,1970,2909
4639,Vik,1971,2790
4639,Vik,1972,2762
4639,Vik,1973,2729
4639,Vik,1974,2643
4639,Vik,1975,2641
4639,Vik,1976,2605
4639,Vik,1977,2625
4639,Vik,1978,2610
4639,Vik,1979,2624
4639,Vik,1980,2659
4639,Vik,1981,2637
4639,Vik,1982,2626
4639,Vik,1983,2605
4639,Vik,1984,2550
4639,Vik,1985,2573
4640,Sogndal,1951,8575
4640,Sogndal,1952,8529
4640,Sogndal,1953,8500
4640,Sogndal,1954,8468
4640,Sogndal,1955,8422
4640,Sogndal,1956,8503
4640,Sogndal,1957,8500
4640,Sogndal,1958,8509
4640,Sogndal,1959,8528
4640,Sogndal,1960,8508
4640,Sogndal,1961,8570
4640,Sogndal,1962,8615
4640,Sogndal,1963,8575
4640,Sogndal,1964,8622
4640,Sogndal,1965,8677
4640,Sogndal,1966,8757
4640,Sogndal,1967,8868
4640,Sogndal,1968,8941
4640,Sogndal,1969,9004
4640,Sogndal,1970,9052
4640,Sogndal,1971,9024
4640,Sogndal,1972,9230
4640,Sogndal,1973,9444
4640,Sogndal,1974,9546
4640,Sogndal,1975,9677
4640,Sogndal,1976,9739
4640,Sogndal,1977,9792
4640,Sogndal,1978,9877
4640,Sogndal,1979,9977
4640,Sogndal,1980,10109
4640,Sogndal,1981,10192
4640,Sogndal,1982,10258
4640,Sogndal,1983,10294
4640,Sogndal,1984,10371
4640,Sogndal,1985,10424
4641,Aurland,1951,2367
4641,Aurland,1952,2393
4641,Aurland,1953,2366
4641,Aurland,1954,2380
4641,Aurland,1955,2362
4641,Aurland,1956,2316
4641,Aurland,1957,2309
4641,Aurland,1958,2241
4641,Aurland,1959,2235
4641,Aurland,1960,2227
4641,Aurland,1961,2189
4641,Aurland,1962,2187
4641,Aurland,1963,2181
4641,Aurland,1964,2160
4641,Aurland,1965,2136
4641,Aurland,1966,2080
4641,Aurland,1967,2074
4641,Aurland,1968,2060
4641,Aurland,1969,2053
4641,Aurland,1970,2118
4641,Aurland,1971,2374
4641,Aurland,1972,2322
4641,Aurland,1973,2286
4641,Aurland,1974,2220
4641,Aurland,1975,2135
4641,Aurland,1976,2124
4641,Aurland,1977,2114
4641,Aurland,1978,2147
4641,Aurland,1979,2125
4641,Aurland,1980,2096
4641,Aurland,1981,2098
4641,Aurland,1982,2046
4641,Aurland,1983,1999
4641,Aurland,1984,1974
4641,Aurland,1985,1946
4642,Lærdal,1951,2455
4642,Lærdal,1952,2304
4642,Lærdal,1953,2281
4642,Lærdal,1954,2275
4642,Lærdal,1955,2284
4642,Lærdal,1956,2417
4642,Lærdal,1957,2405
4642,Lærdal,1958,2391
4642,Lærdal,1959,2384
4642,Lærdal,1960,2349
4642,Lærdal,1961,2328
4642,Lærdal,1962,2323
4642,Lærdal,1963,2279
4642,Lærdal,1964,2258
4642,Lærdal,1965,2216
4642,Lærdal,1966,2192
4642,Lærdal,1967,2156
4642,Lærdal,1968,2175
4642,Lærdal,1969,2161
4642,Lærdal,1970,2152
4642,Lærdal,1971,2144
4642,Lærdal,1972,2238
4642,Lærdal,1973,2290
4642,Lærdal,1974,2332
4642,Lærdal,1975,2328
4642,Lærdal,1976,2223
4642,Lærdal,1977,2161
4642,Lærdal,1978,2182
4642,Lærdal,1979,2220
4642,Lærdal,1980,2203
4642,Lærdal,1981,2223
4642,Lærdal,1982,2235
4642,Lærdal,1983,2240
4642,Lærdal,1984,2243
4642,Lærdal,1985,2245
4643,Årdal,1951,3775
4643,Årdal,1952,4438
4643,Årdal,1953,4777
4643,Årdal,1954,4942
4643,Årdal,1955,5048
4643,Årdal,1956,4764
4643,Årdal,1957,4973
4643,Årdal,1958,5347
4643,Årdal,1959,5709
4643,Årdal,1960,5945
4643,Årdal,1961,6166
4643,Årdal,1962,6336
4643,Årdal,1963,6689
4643,Årdal,1964,6831
4643,Årdal,1965,7142
4643,Årdal,1966,7242
4643,Årdal,1967,7331
4643,Årdal,1968,7264
4643,Årdal,1969,7325
4643,Årdal,1970,7452
4643,Årdal,1971,7547
4643,Årdal,1972,7556
4643,Årdal,1973,7403
4643,Årdal,1974,7228
4643,Årdal,1975,7035
4643,Årdal,1976,6937
4643,Årdal,1977,6900
4643,Årdal,1978,6840
4643,Årdal,1979,6806
4643,Årdal,1980,6755
4643,Årdal,1981,6661
4643,Årdal,1982,6703
4643,Årdal,1983,6518
4643,Årdal,1984,6485
4643,Årdal,1985,6370
4644,Luster,1951,6541
4644,Luster,1952,6309
4644,Luster,1953,6191
4644,Luster,1954,6039
4644,Luster,1955,5948
4644,Luster,1956,6052
4644,Luster,1957,6082
4644,Luster,1958,6117
4644,Luster,1959,6183
4644,Luster,1960,6176
4644,Luster,1961,6119
4644,Luster,1962,6060
4644,Luster,1963,5854
4644,Luster,1964,5713
4644,Luster,1965,5615
4644,Luster,1966,5508
4644,Luster,1967,5339
4644,Luster,1968,5259
4644,Luster,1969,5203
4644,Luster,1970,5126
4644,Luster,1971,5140
4644,Luster,1972,5107
4644,Luster,1973,5031
4644,Luster,1974,4977
4644,Luster,1975,5006
4644,Luster,1976,5084
4644,Luster,1977,5132
4644,Luster,1978,5098
4644,Luster,1979,5084
4644,Luster,1980,5078
4644,Luster,1981,5102
4644,Luster,1982,5100
4644,Luster,1983,5120
4644,Luster,1984,5081
4644,Luster,1985,5119
4645,Askvoll,1951,3843
4645,Askvoll,1952,3818
4645,Askvoll,1953,3760
4645,Askvoll,1954,3708
4645,Askvoll,1955,3667
4645,Askvoll,1956,3679
4645,Askvoll,1957,3683
4645,Askvoll,1958,3638
4645,Askvoll,1959,3653
4645,Askvoll,1960,3653
4645,Askvoll,1961,3619
4645,Askvoll,1962,3623
4645,Askvoll,1963,3600
4645,Askvoll,1964,3585
4645,Askvoll,1965,3548
4645,Askvoll,1966,3553
4645,Askvoll,1967,3569
4645,Askvoll,1968,3580
4645,Askvoll,1969,3560
4645,Askvoll,1970,3559
4645,Askvoll,1971,3492
4645,Askvoll,1972,3492
4645,Askvoll,1973,3436
4645,Askvoll,1974,3392
4645,Askvoll,1975,3373
4645,Askvoll,1976,3310
4645,Askvoll,1977,3353
4645,Askvoll,1978,3347
4645,Askvoll,1979,3333
4645,Askvoll,1980,3341
4645,Askvoll,1981,3392
4645,Askvoll,1982,3408
4645,Askvoll,1983,3418
4645,Askvoll,1984,3427
4645,Askvoll,1985,3439
4646,Fjaler,1951,3859
4646,Fjaler,1952,3825
4646,Fjaler,1953,3847
4646,Fjaler,1954,3872
4646,Fjaler,1955,3868
4646,Fjaler,1956,3903
4646,Fjaler,1957,3866
4646,Fjaler,1958,3854
4646,Fjaler,1959,3835
4646,Fjaler,1960,3861
4646,Fjaler,1961,3834
4646,Fjaler,1962,3781
4646,Fjaler,1963,3846
4646,Fjaler,1964,3833
4646,Fjaler,1965,3830
4646,Fjaler,1966,3756
4646,Fjaler,1967,3802
4646,Fjaler,1968,3785
4646,Fjaler,1969,3746
4646,Fjaler,1970,3674
4646,Fjaler,1971,3570
4646,Fjaler,1972,3555
4646,Fjaler,1973,3508
4646,Fjaler,1974,3477
4646,Fjaler,1975,3448
4646,Fjaler,1976,3421
4646,Fjaler,1977,3389
4646,Fjaler,1978,3399
4646,Fjaler,1979,3381
4646,Fjaler,1980,3351
4646,Fjaler,1981,3406
4646,Fjaler,1982,3397
4646,Fjaler,1983,3414
4646,Fjaler,1984,3385
4646,Fjaler,1985,3408
4647,Sunnfjord,1951,11615
4647,Sunnfjord,1952,11582
4647,Sunnfjord,1953,11480
4647,Sunnfjord,1954,11402
4647,Sunnfjord,1955,11413
4647,Sunnfjord,1956,11369
4647,Sunnfjord,1957,11368
4647,Sunnfjord,1958,11296
4647,Sunnfjord,1959,11363
4647,Sunnfjord,1960,11313
4647,Sunnfjord,1961,11337
4647,Sunnfjord,1962,11411
4647,Sunnfjord,1963,11436
4647,Sunnfjord,1964,11465
4647,Sunnfjord,1965,11536
4647,Sunnfjord,1966,11512
4647,Sunnfjord,1967,11499
4647,Sunnfjord,1968,11677
4647,Sunnfjord,1969,11737
4647,Sunnfjord,1970,11911
4647,Sunnfjord,1971,11945
4647,Sunnfjord,1972,12317
4647,Sunnfjord,1973,12688
4647,Sunnfjord,1974,13070
4647,Sunnfjord,1975,13469
4647,Sunnfjord,1976,13982
4647,Sunnfjord,1977,14315
4647,Sunnfjord,1978,14590
4647,Sunnfjord,1979,15043
4647,Sunnfjord,1980,15571
4647,Sunnfjord,1981,15958
4647,Sunnfjord,1982,16222
4647,Sunnfjord,1983,16406
4647,Sunnfjord,1984,16394
4647,Sunnfjord,1985,16473
4648,Bremanger,1951,4911
4648,Bremanger,1952,4972
4648,Bremanger,1953,5036
4648,Bremanger,1954,5030
4648,Bremanger,1955,5071
4648,Bremanger,1956,5111
4648,Bremanger,1957,5203
4648,Bremanger,1958,5259
4648,Bremanger,1959,5340
4648,Bremanger,1960,5427
4648,Bremanger,1961,5534
4648,Bremanger,1962,5592
4648,Bremanger,1963,5643
4648,Bremanger,1964,5646
4648,Bremanger,1965,5600
4648,Bremanger,1966,5630
4648,Bremanger,1967,5606
4648,Bremanger,1968,5676
4648,Bremanger,1969,5674
4648,Bremanger,1970,5703
4648,Bremanger,1971,5604
4648,Bremanger,1972,5638
4648,Bremanger,1973,5669
4648,Bremanger,1974,5534
4648,Bremanger,1975,5506
4648,Bremanger,1976,5520
4648,Bremanger,1977,5475
4648,Bremanger,1978,5406
4648,Bremanger,1979,5322
4648,Bremanger,1980,5287
4648,Bremanger,1981,5242
4648,Bremanger,1982,5138
4648,Bremanger,1983,5077
4648,Bremanger,1984,4987
4648,Bremanger,1985,4879
4649,Stad,1951,8117
4649,Stad,1952,8142
4649,Stad,1953,8223
4649,Stad,1954,8222
4649,Stad,1955,8315
4649,Stad,1956,8229
4649,Stad,1957,8167
4649,Stad,1958,8163
4649,Stad,1959,8119
4649,Stad,1960,8184
4649,Stad,1961,8135
4649,Stad,1962,8147
4649,Stad,1963,8234
4649,Stad,1964,7919
4649,Stad,1965,7952
4649,Stad,1966,7904
4649,Stad,1967,7868
4649,Stad,1968,7885
4649,Stad,1969,7899
4649,Stad,1970,7924
4649,Stad,1971,7883
4649,Stad,1972,7930
4649,Stad,1973,7935
4649,Stad,1974,8074
4649,Stad,1975,8168
4649,Stad,1976,8208
4649,Stad,1977,8255
4649,Stad,1978,8340
4649,Stad,1979,8415
4649,Stad,1980,8466
4649,Stad,1981,8489
4649,Stad,1982,8549
4649,Stad,1983,8593
4649,Stad,1984,8687
4649,Stad,1985,8734
4650,Gloppen,1951,5518
4650,Gloppen,1952,5501
4650,Gloppen,1953,5501
4650,Gloppen,1954,5522
4650,Gloppen,1955,5515
4650,Gloppen,1956,5536
4650,Gloppen,1957,5518
4650,Gloppen,1958,5523
4650,Gloppen,1959,5557
4650,Gloppen,1960,5549
4650,Gloppen,1961,5644
4650,Gloppen,1962,5676
4650,Gloppen,1963,5691
4650,Gloppen,1964,5702
4650,Gloppen,1965,5691
4650,Gloppen,1966,5739
4650,Gloppen,1967,5781
4650,Gloppen,1968,5825
4650,Gloppen,1969,5839
4650,Gloppen,1970,5847
4650,Gloppen,1971,5842
4650,Gloppen,1972,5867
4650,Gloppen,1973,5900
4650,Gloppen,1974,5980
4650,Gloppen,1975,6009
4650,Gloppen,1976,6025
4650,Gloppen,1977,6082
4650,Gloppen,1978,6094
4650,Gloppen,1979,6093
4650,Gloppen,1980,6193
4650,Gloppen,1981,6270
4650,Gloppen,1982,6294
4650,Gloppen,1983,6305
4650,Gloppen,1984,6319
4650,Gloppen,1985,6308
4651,Stryn,1951,6126
4651,Stryn,1952,6114
4651,Stryn,1953,6164
4651,Stryn,1954,6098
4651,Stryn,1955,6071
4651,Stryn,1956,6133
4651,Stryn,1957,6096
4651,Stryn,1958,6086
4651,Stryn,1959,6065
4651,Stryn,1960,6104
4651,Stryn,1961,6015
4651,Stryn,1962,6033
4651,Stryn,1963,6015
4651,Stryn,1964,6021
4651,Stryn,1965,6063
4651,Stryn,1966,6038
4651,Stryn,1967,6064
4651,Stryn,1968,6112
4651,Stryn,1969,6116
4651,Stryn,1970,6160
4651,Stryn,1971,6165
4651,Stryn,1972,6197
4651,Stryn,1973,6239
4651,Stryn,1974,6242
4651,Stryn,1975,6298
4651,Stryn,1976,6332
4651,Stryn,1977,6347
4651,Stryn,1978,6389
4651,Stryn,1979,6516
4651,Stryn,1980,6587
4651,Stryn,1981,6625
4651,Stryn,1982,6599
4651,Stryn,1983,6596
4651,Stryn,1984,6593
4651,Stryn,1985,6661
5001,Trondheim - Tråante,1951,93429
5001,Trondheim - Tråante,1952,94400
5001,Trondheim - Tråante,1953,95092
5001,Trondheim - Tråante,1954,96659
5001,Trondheim - Tråante,1955,98112
5001,Trondheim - Tråante,1956,99758
5001,Trondheim - Tråante,1957,101062
5001,Trondheim - Tråante,1958,102495
5001,Trondheim - Tråante,1959,103762
5001,Trondheim - Tråante,1960,105466
5001,Trondheim - Tråante,1961,106985
5001,Trondheim - Tråante,1962,108866
5001,Trondheim - Tråante,1963,111012
5001,Trondheim - Tråante,1964,113133
5001,Trondheim - Tråante,1965,115428
5001,Trondheim - Tråante,1966,117920
5001,Trondheim - Tråante,1967,120623
5001,Trondheim - Tråante,1968,122942
5001,Trondheim - Tråante,1969,125531
5001,Trondheim - Tråante,1970,128270
5001,Trondheim - Tråante,1971,130174
5001,Trondheim - Tråante,1972,131809
5001,Trondheim - Tråante,1973,134307
5001,Trondheim - Tråante,1974,135998
5001,Trondheim - Tråante,1975,136853
5001,Trondheim - Tråante,1976,137814
5001,Trondheim - Tråante,1977,138591
5001,Trondheim - Tråante,1978,138320
5001,Trondheim - Tråante,1979,138042
5001,Trondheim - Tråante,1980,138138
5001,Trondheim - Tråante,1981,138409
5001,Trondheim - Tråante,1982,138181
5001,Trondheim - Tråante,1983,138194
5001,Trondheim - Tråante,1984,137736
5001,Trondheim - Tråante,1985,137750
5006,Steinkjer - Stïentje,1951,21300
5006,Steinkjer - Stïentje,1952,21548
5006,Steinkjer - Stïentje,1953,21988
5006,Steinkjer - Stïentje,1954,22418
5006,Steinkjer - Stïentje,1955,22889
5006,Steinkjer - Stïentje,1956,23222
5006,Steinkjer - Stïentje,1957,23538
5006,Steinkjer - Stïentje,1958,23834
5006,Steinkjer - Stïentje,1959,23915
5006,Steinkjer - Stïentje,1960,23954
5006,Steinkjer - Stïentje,1961,24208
5006,Steinkjer - Stïentje,1962,24228
5006,Steinkjer - Stïentje,1963,24306
5006,Steinkjer - Stïentje,1964,24360
5006,Steinkjer - Stïentje,1965,24462
5006,Steinkjer - Stïentje,1966,24542
5006,Steinkjer - Stïentje,1967,24452
5006,Steinkjer - Stïentje,1968,23970
5006,Steinkjer - Stïentje,1969,24042
5006,Steinkjer - Stïentje,1970,24074
5006,Steinkjer - Stïentje,1971,24093
5006,Steinkjer - Stïentje,1972,24115
5006,Steinkjer - Stïentje,1973,24101
5006,Steinkjer - Stïentje,1974,24108
5006,Steinkjer - Stïentje,1975,24107
5006,Steinkjer - Stïentje,1976,24240
5006,Steinkjer - Stïentje,1977,24190
5006,Steinkjer - Stïentje,1978,24207
5006,Steinkjer - Stïentje,1979,24139
5006,Steinkjer - Stïentje,1980,24105
5006,Steinkjer - Stïentje,1981,24161
5006,Steinkjer - Stïentje,1982,24202
5006,Steinkjer - Stïentje,1983,24185
5006,Steinkjer - Stïentje,1984,24131
5006,Steinkjer - Stïentje,1985,24024
5007,Namsos - Nåavmesjenjaelmie,1951,12709
5007,Namsos - Nåavmesjenjaelmie,1952,12811
5007,Namsos - Nåavmesjenjaelmie,1953,13058
5007,Namsos - Nåavmesjenjaelmie,1954,13221
5007,Namsos - Nåavmesjenjaelmie,1955,13464
5007,Namsos - Nåavmesjenjaelmie,1956,13708
5007,Namsos - Nåavmesjenjaelmie,1957,13830
5007,Namsos - Nåavmesjenjaelmie,1958,13871
5007,Namsos - Nåavmesjenjaelmie,1959,13995
5007,Namsos - Nåavmesjenjaelmie,1960,13906
5007,Namsos - Nåavmesjenjaelmie,1961,13892
5007,Namsos - Nåavmesjenjaelmie,1962,13877
5007,Namsos - Nåavmesjenjaelmie,1963,13922
5007,Namsos - Nåavmesjenjaelmie,1964,13940
5007,Namsos - Nåavmesjenjaelmie,1965,14080
5007,Namsos - Nåavmesjenjaelmie,1966,13984
5007,Namsos - Nåavmesjenjaelmie,1967,14057
5007,Namsos - Nåavmesjenjaelmie,1968,14017
5007,Namsos - Nåavmesjenjaelmie,1969,14066
5007,Namsos - Nåavmesjenjaelmie,1970,14185
5007,Namsos - Nåavmesjenjaelmie,1971,14052
5007,Namsos - Nåavmesjenjaelmie,1972,14151
5007,Namsos - Nåavmesjenjaelmie,1973,14183
5007,Namsos - Nåavmesjenjaelmie,1974,14248
5007,Namsos - Nåavmesjenjaelmie,1975,14351
5007,Namsos - Nåavmesjenjaelmie,1976,14337
5007,Namsos - Nåavmesjenjaelmie,1977,14369
5007,Namsos - Nåavmesjenjaelmie,1978,14474
5007,Namsos - Nåavmesjenjaelmie,1979,14538
5007,Namsos - Nåavmesjenjaelmie,1980,14675
5007,Namsos - Nåavmesjenjaelmie,1981,14749
5007,Namsos - Nåavmesjenjaelmie,1982,14748
5007,Namsos - Nåavmesjenjaelmie,1983,14790
5007,Namsos - Nåavmesjenjaelmie,1984,14813
5007,Namsos - Nåavmesjenjaelmie,1985,14783
5014,Frøya,1951,6803
5014,Frøya,1952,6797
5014,Frøya,1953,6781
5014,Frøya,1954,6779
5014,Frøya,1955,6744
5014,Frøya,1956,6816
5014,Frøya,1957,6764
5014,Frøya,1958,6737
5014,Frøya,1959,6740
5014,Frøya,1960,6708
5014,Frøya,1961,6688
5014,Frøya,1962,6637
5014,Frøya,1963,6560
5014,Frøya,1964,6556
5014,Frøya,1965,6571
5014,Frøya,1966,6438
5014,Frøya,1967,6373
5014,Frøya,1968,6288
5014,Frøya,1969,6142
5014,Frøya,1970,5957
5014,Frøya,1971,5753
5014,Frøya,1972,5618
5014,Frøya,1973,5380
5014,Frøya,1974,5235
5014,Frøya,1975,5101
5014,Frøya,1976,5024
5014,Frøya,1977,4933
5014,Frøya,1978,4850
5014,Frøya,1979,4818
5014,Frøya,1980,4789
5014,Frøya,1981,4746
5014,Frøya,1982,4670
5014,Frøya,1983,4604
5014,Frøya,1984,4573
5014,Frøya,1985,4490
5020,Osen,1951,1651
5020,Osen,1952,1629
5020,Osen,1953,1617
5020,Osen,1954,1607
5020,Osen,1955,1615
5020,Osen,1956,1610
5020,Osen,1957,1611
5020,Osen,1958,1593
5020,Osen,1959,1612
5020,Osen,1960,1617
5020,Osen,1961,1621
5020,Osen,1962,1648
5020,Osen,1963,1604
5020,Osen,1964,1608
5020,Osen,1965,1575
5020,Osen,1966,1559
5020,Osen,1967,1525
5020,Osen,1968,1494
5020,Osen,1969,1467
5020,Osen,1970,1461
5020,Osen,1971,1426
5020,Osen,1972,1422
5020,Osen,1973,1409
5020,Osen,1974,1392
5020,Osen,1975,1410
5020,Osen,1976,1358
5020,Osen,1977,1329
5020,Osen,1978,1339
5020,Osen,1979,1320
5020,Osen,1980,1348
5020,Osen,1981,1349
5020,Osen,1982,1368
5020,Osen,1983,1380
5020,Osen,1984,1394
5020,Osen,1985,1384
5021,Oppdal,1951,5344
5021,Oppdal,1952,5471
5021,Oppdal,1953,5564
5021,Oppdal,1954,5568
5021,Oppdal,1955,5561
5021,Oppdal,1956,5502
5021,Oppdal,1957,5539
5021,Oppdal,1958,5538
5021,Oppdal,1959,5594
5021,Oppdal,1960,5635
5021,Oppdal,1961,5559
5021,Oppdal,1962,5549
5021,Oppdal,1963,5547
5021,Oppdal,1964,5505
5021,Oppdal,1965,5532
5021,Oppdal,1966,5522
5021,Oppdal,1967,5582
5021,Oppdal,1968,5606
5021,Oppdal,1969,5653
5021,Oppdal,1970,5651
5021,Oppdal,1971,5692
5021,Oppdal,1972,5725
5021,Oppdal,1973,5679
5021,Oppdal,1974,5681
5021,Oppdal,1975,5658
5021,Oppdal,1976,5626
5021,Oppdal,1977,5676
5021,Oppdal,1978,5765
5021,Oppdal,1979,5798
5021,Oppdal,1980,5898
5021,Oppdal,1981,6001
5021,Oppdal,1982,6063
5021,Oppdal,1983,6073
5021,Oppdal,1984,6107
5021,Oppdal,1985,6122
5022,Rennebu,1951,3401
5022,Rennebu,1952,3352
5022,Rennebu,1953,3376
5022,Rennebu,1954,3395
5022,Rennebu,1955,3403
5022,Rennebu,1956,3449
5022,Rennebu,1957,3435
5022,Rennebu,1958,3419
5022,Rennebu,1959,3400
5022,Rennebu,1960,3409
5022,Rennebu,1961,3327
5022,Rennebu,1962,3315
5022,Rennebu,1963,3274
5022,Rennebu,1964,3208
5022,Rennebu,1965,3166
5022,Rennebu,1966,3004
5022,Rennebu,1967,2964
5022,Rennebu,1968,2937
5022,Rennebu,1969,2919
5022,Rennebu,1970,2892
5022,Rennebu,1971,2847
5022,Rennebu,1972,2839
5022,Rennebu,1973,2853
5022,Rennebu,1974,2873
5022,Rennebu,1975,2877
5022,Rennebu,1976,2891
5022,Rennebu,1977,2866
5022,Rennebu,1978,2864
5022,Rennebu,1979,2885
5022,Rennebu,1980,2978
5022,Rennebu,1981,3061
5022,Rennebu,1982,3109
5022,Rennebu,1983,3074
5022,Rennebu,1984,3081
5022,Rennebu,1985,3052
5025,Røros - Rosse,1951,5325
5025,Røros - Rosse,1952,5337
5025,Røros - Rosse,1953,5329
5025,Røros - Rosse,1954,5349
5025,Røros - Rosse,1955,5338
5025,Røros - Rosse,1956,5270
5025,Røros - Rosse,1957,5283
5025,Røros - Rosse,1958,5212
5025,Røros - Rosse,1959,5184
5025,Røros - Rosse,1960,5171
5025,Røros - Rosse,1961,5142
5025,Røros - Rosse,1962,5157
5025,Røros - Rosse,1963,5176
5025,Røros - Rosse,1964,5209
5025,Røros - Rosse,1965,5256
5025,Røros - Rosse,1966,5261
5025,Røros - Rosse,1967,5204
5025,Røros - Rosse,1968,5217
5025,Røros - Rosse,1969,5253
5025,Røros - Rosse,1970,5210
5025,Røros - Rosse,1971,5147
5025,Røros - Rosse,1972,5142
5025,Røros - Rosse,1973,5165
5025,Røros - Rosse,1974,5175
5025,Røros - Rosse,1975,5249
5025,Røros - Rosse,1976,5293
5025,Røros - Rosse,1977,5282
5025,Røros - Rosse,1978,5329
5025,Røros - Rosse,1979,5361
5025,Røros - Rosse,1980,5393
5025,Røros - Rosse,1981,5377
5025,Røros - Rosse,1982,5397
5025,Røros - Rosse,1983,5456
5025,Røros - Rosse,1984,5457
5025,Røros - Rosse,1985,5422
5026,Holtålen,1951,3462
5026,Holtålen,1952,3453
5026,Holtålen,1953,3446
5026,Holtålen,1954,3400
5026,Holtålen,1955,3360
5026,Holtålen,1956,3334
5026,Holtålen,1957,3296
5026,Holtålen,1958,3250
5026,Holtålen,1959,3220
5026,Holtålen,1960,3183
5026,Holtålen,1961,3180
5026,Holtålen,1962,3169
5026,Holtålen,1963,3088
5026,Holtålen,1964,3016
5026,Holtålen,1965,3034
5026,Holtålen,1966,3017
5026,Holtålen,1967,2989
5026,Holtålen,1968,2951
5026,Holtålen,1969,2873
5026,Holtålen,1970,2812
5026,Holtålen,1971,2782
5026,Holtålen,1972,2722
5026,Holtålen,1973,2709
5026,Holtålen,1974,2702
5026,Holtålen,1975,2692
5026,Holtålen,1976,2662
5026,Holtålen,1977,2646
5026,Holtålen,1978,2633
5026,Holtålen,1979,2640
5026,Holtålen,1980,2662
5026,Holtålen,1981,2653
5026,Holtålen,1982,2657
5026,Holtålen,1983,2656
5026,Holtålen,1984,2647
5026,Holtålen,1985,2670
5027,Midtre Gauldal,1951,6729
5027,Midtre Gauldal,1952,6701
5027,Midtre Gauldal,1953,6719
5027,Midtre Gauldal,1954,6653
5027,Midtre Gauldal,1955,6631
5027,Midtre Gauldal,1956,6586
5027,Midtre Gauldal,1957,6507
5027,Midtre Gauldal,1958,6488
5027,Midtre Gauldal,1959,6425
5027,Midtre Gauldal,1960,6405
5027,Midtre Gauldal,1961,6470
5027,Midtre Gauldal,1962,6463
5027,Midtre Gauldal,1963,6391
5027,Midtre Gauldal,1964,6295
5027,Midtre Gauldal,1965,6243
5027,Midtre Gauldal,1966,6264
5027,Midtre Gauldal,1967,6188
5027,Midtre Gauldal,1968,6197
5027,Midtre Gauldal,1969,6192
5027,Midtre Gauldal,1970,6172
5027,Midtre Gauldal,1971,6122
5027,Midtre Gauldal,1972,6116
5027,Midtre Gauldal,1973,6092
5027,Midtre Gauldal,1974,6122
5027,Midtre Gauldal,1975,6147
5027,Midtre Gauldal,1976,6150
5027,Midtre Gauldal,1977,6165
5027,Midtre Gauldal,1978,6213
5027,Midtre Gauldal,1979,6193
5027,Midtre Gauldal,1980,6290
5027,Midtre Gauldal,1981,6272
5027,Midtre Gauldal,1982,6230
5027,Midtre Gauldal,1983,6253
5027,Midtre Gauldal,1984,6201
5027,Midtre Gauldal,1985,6204
5028,Melhus,1951,8043
5028,Melhus,1952,8062
5028,Melhus,1953,8162
5028,Melhus,1954,8222
5028,Melhus,1955,8317
5028,Melhus,1956,8323
5028,Melhus,1957,8378
5028,Melhus,1958,8425
5028,Melhus,1959,8554
5028,Melhus,1960,8597
5028,Melhus,1961,8622
5028,Melhus,1962,8664
5028,Melhus,1963,8726
5028,Melhus,1964,8820
5028,Melhus,1965,8881
5028,Melhus,1966,8945
5028,Melhus,1967,8965
5028,Melhus,1968,8945
5028,Melhus,1969,9058
5028,Melhus,1970,9095
5028,Melhus,1971,9336
5028,Melhus,1972,9531
5028,Melhus,1973,9711
5028,Melhus,1974,9885
5028,Melhus,1975,10056
5028,Melhus,1976,10278
5028,Melhus,1977,10462
5028,Melhus,1978,10602
5028,Melhus,1979,10734
5028,Melhus,1980,10975
5028,Melhus,1981,11108
5028,Melhus,1982,11323
5028,Melhus,1983,11497
5028,Melhus,1984,11655
5028,Melhus,1985,11834
5029,Skaun,1951,3997
5029,Skaun,1952,4025
5029,Skaun,1953,4047
5029,Skaun,1954,4075
5029,Skaun,1955,4094
5029,Skaun,1956,4055
5029,Skaun,1957,4042
5029,Skaun,1958,4042
5029,Skaun,1959,4051
5029,Skaun,1960,4074
5029,Skaun,1961,4050
5029,Skaun,1962,4037
5029,Skaun,1963,4010
5029,Skaun,1964,3998
5029,Skaun,1965,3994
5029,Skaun,1966,4036
5029,Skaun,1967,4042
5029,Skaun,1968,4169
5029,Skaun,1969,4337
5029,Skaun,1970,4423
5029,Skaun,1971,4448
5029,Skaun,1972,4539
5029,Skaun,1973,4600
5029,Skaun,1974,4624
5029,Skaun,1975,4626
5029,Skaun,1976,4644
5029,Skaun,1977,4723
5029,Skaun,1978,4745
5029,Skaun,1979,4784
5029,Skaun,1980,4824
5029,Skaun,1981,4949
5029,Skaun,1982,5057
5029,Skaun,1983,5147
5029,Skaun,1984,5203
5029,Skaun,1985,5245
5031,Malvik,1951,4712
5031,Malvik,1952,4859
5031,Malvik,1953,4958
5031,Malvik,1954,5021
5031,Malvik,1955,5048
5031,Malvik,1956,5077
5031,Malvik,1957,5102
5031,Malvik,1958,5209
5031,Malvik,1959,5229
5031,Malvik,1960,5319
5031,Malvik,1961,5498
5031,Malvik,1962,5561
5031,Malvik,1963,5630
5031,Malvik,1964,5673
5031,Malvik,1965,5782
5031,Malvik,1966,5895
5031,Malvik,1967,6046
5031,Malvik,1968,6290
5031,Malvik,1969,6527
5031,Malvik,1970,6691
5031,Malvik,1971,7127
5031,Malvik,1972,7385
5031,Malvik,1973,7444
5031,Malvik,1974,7492
5031,Malvik,1975,7518
5031,Malvik,1976,7639
5031,Malvik,1977,7704
5031,Malvik,1978,7818
5031,Malvik,1979,7925
5031,Malvik,1980,8069
5031,Malvik,1981,8197
5031,Malvik,1982,8424
5031,Malvik,1983,8692
5031,Malvik,1984,8799
5031,Malvik,1985,8812
5032,Selbu,1951,4589
5032,Selbu,1952,4540
5032,Selbu,1953,4560
5032,Selbu,1954,4547
5032,Selbu,1955,4520
5032,Selbu,1956,4494
5032,Selbu,1957,4464
5032,Selbu,1958,4421
5032,Selbu,1959,4414
5032,Selbu,1960,4458
5032,Selbu,1961,4364
5032,Selbu,1962,4346
5032,Selbu,1963,4228
5032,Selbu,1964,4199
5032,Selbu,1965,4205
5032,Selbu,1966,4183
5032,Selbu,1967,4153
5032,Selbu,1968,4077
5032,Selbu,1969,4011
5032,Selbu,1970,3948
5032,Selbu,1971,3912
5032,Selbu,1972,3881
5032,Selbu,1973,3836
5032,Selbu,1974,3818
5032,Selbu,1975,3803
5032,Selbu,1976,3814
5032,Selbu,1977,3828
5032,Selbu,1978,3797
5032,Selbu,1979,3815
5032,Selbu,1980,3867
5032,Selbu,1981,3903
5032,Selbu,1982,3955
5032,Selbu,1983,3999
5032,Selbu,1984,4089
5032,Selbu,1985,4161
5033,Tydal,1951,784
5033,Tydal,1952,791
5033,Tydal,1953,801
5033,Tydal,1954,797
5033,Tydal,1955,794
5033,Tydal,1956,821
5033,Tydal,1957,886
5033,Tydal,1958,945
5033,Tydal,1959,987
5033,Tydal,1960,991
5033,Tydal,1961,992
5033,Tydal,1962,996
5033,Tydal,1963,993
5033,Tydal,1964,976
5033,Tydal,1965,976
5033,Tydal,1966,979
5033,Tydal,1967,995
5033,Tydal,1968,1006
5033,Tydal,1969,996
5033,Tydal,1970,1006
5033,Tydal,1971,986
5033,Tydal,1972,966
5033,Tydal,1973,973
5033,Tydal,1974,974
5033,Tydal,1975,1007
5033,Tydal,1976,992
5033,Tydal,1977,973
5033,Tydal,1978,993
5033,Tydal,1979,969
5033,Tydal,1980,967
5033,Tydal,1981,958
5033,Tydal,1982,972
5033,Tydal,1983,981
5033,Tydal,1984,985
5033,Tydal,1985,988
5034,Meråker,1951,3152
5034,Meråker,1952,3220
5034,Meråker,1953,3290
5034,Meråker,1954,3327
5034,Meråker,1955,3321
5034,Meråker,1956,3304
5034,Meråker,1957,3347
5034,Meråker,1958,3370
5034,Meråker,1959,3384
5034,Meråker,1960,3352
5034,Meråker,1961,3330
5034,Meråker,1962,3294
5034,Meråker,1963,3205
5034,Meråker,1964,3163
5034,Meråker,1965,3213
5034,Meråker,1966,3230
5034,Meråker,1967,3167
5034,Meråker,1968,3064
5034,Meråker,1969,3013
5034,Meråker,1970,2948
5034,Meråker,1971,2907
5034,Meråker,1972,2902
5034,Meråker,1973,2918
5034,Meråker,1974,2895
5034,Meråker,1975,2890
5034,Meråker,1976,2890
5034,Meråker,1977,2901
5034,Meråker,1978,2929
5034,Meråker,1979,2914
5034,Meråker,1980,2910
5034,Meråker,1981,2920
5034,Meråker,1982,2895
5034,Meråker,1983,2899
5034,Meråker,1984,2908
5034,Meråker,1985,2887
5035,Stjørdal,1951,11786
5035,Stjørdal,1952,12051
5035,Stjørdal,1953,12197
5035,Stjørdal,1954,12321
5035,Stjørdal,1955,12422
5035,Stjørdal,1956,12422
5035,Stjørdal,1957,12619
5035,Stjørdal,1958,12592
5035,Stjørdal,1959,12782
5035,Stjørdal,1960,12917
5035,Stjørdal,1961,12851
5035,Stjørdal,1962,12819
5035,Stjørdal,1963,12865
5035,Stjørdal,1964,12858
5035,Stjørdal,1965,12878
5035,Stjørdal,1966,13117
5035,Stjørdal,1967,13207
5035,Stjørdal,1968,13327
5035,Stjørdal,1969,13481
5035,Stjørdal,1970,13545
5035,Stjørdal,1971,13768
5035,Stjørdal,1972,14263
5035,Stjørdal,1973,14524
5035,Stjørdal,1974,14867
5035,Stjørdal,1975,15201
5035,Stjørdal,1976,15344
5035,Stjørdal,1977,15485
5035,Stjørdal,1978,15727
5035,Stjørdal,1979,15963
5035,Stjørdal,1980,16107
5035,Stjørdal,1981,16178
5035,Stjørdal,1982,16254
5035,Stjørdal,1983,16360
5035,Stjørdal,1984,16535
5035,Stjørdal,1985,16717
5036,Frosta,1951,3080
5036,Frosta,1952,3076
5036,Frosta,1953,3056
5036,Frosta,1954,3029
5036,Frosta,1955,3051
5036,Frosta,1956,3042
5036,Frosta,1957,3011
5036,Frosta,1958,2998
5036,Frosta,1959,2982
5036,Frosta,1960,2940
5036,Frosta,1961,2849
5036,Frosta,1962,2817
5036,Frosta,1963,2785
5036,Frosta,1964,2787
5036,Frosta,1965,2743
5036,Frosta,1966,2733
5036,Frosta,1967,2703
5036,Frosta,1968,2675
5036,Frosta,1969,2652
5036,Frosta,1970,2621
5036,Frosta,1971,2605
5036,Frosta,1972,2601
5036,Frosta,1973,2560
5036,Frosta,1974,2524
5036,Frosta,1975,2528
5036,Frosta,1976,2488
5036,Frosta,1977,2501
5036,Frosta,1978,2474
5036,Frosta,1979,2437
5036,Frosta,1980,2446
5036,Frosta,1981,2459
5036,Frosta,1982,2479
5036,Frosta,1983,2479
5036,Frosta,1984,2474
5036,Frosta,1985,2452
5037,Levanger - Levangke,1951,12375
5037,Levanger - Levangke,1952,12492
5037,Levanger - Levangke,1953,12642
5037,Levanger - Levangke,1954,12655
5037,Levanger - Levangke,1955,12802
5037,Levanger - Levangke,1956,12720
5037,Levanger - Levangke,1957,12824
5037,Levanger - Levangke,1958,12841
5037,Levanger - Levangke,1959,12941
5037,Levanger - Levangke,1960,12922
5037,Levanger - Levangke,1961,12997
5037,Levanger - Levangke,1962,12935
5037,Levanger - Levangke,1963,12958
5037,Levanger - Levangke,1964,13053
5037,Levanger - Levangke,1965,13354
5037,Levanger - Levangke,1966,13688
5037,Levanger - Levangke,1967,14149
5037,Levanger - Levangke,1968,14434
5037,Levanger - Levangke,1969,14682
5037,Levanger - Levangke,1970,14794
5037,Levanger - Levangke,1971,14839
5037,Levanger - Levangke,1972,15033
5037,Levanger - Levangke,1973,15139
5037,Levanger - Levangke,1974,15385
5037,Levanger - Levangke,1975,15450
5037,Levanger - Levangke,1976,15570
5037,Levanger - Levangke,1977,15688
5037,Levanger - Levangke,1978,15742
5037,Levanger - Levangke,1979,15888
5037,Levanger - Levangke,1980,15909
5037,Levanger - Levangke,1981,16097
5037,Levanger - Levangke,1982,16189
5037,Levanger - Levangke,1983,16246
5037,Levanger - Levangke,1984,16276
5037,Levanger - Levangke,1985,16278
5038,Verdal,1951,8524
5038,Verdal,1952,8561
5038,Verdal,1953,8648
5038,Verdal,1954,8706
5038,Verdal,1955,8769
5038,Verdal,1956,8848
5038,Verdal,1957,8876
5038,Verdal,1958,8908
5038,Verdal,1959,9027
5038,Verdal,1960,9087
5038,Verdal,1961,9145
5038,Verdal,1962,9246
5038,Verdal,1963,9334
5038,Verdal,1964,9364
5038,Verdal,1965,9327
5038,Verdal,1966,9396
5038,Verdal,1967,9413
5038,Verdal,1968,9503
5038,Verdal,1969,9578
5038,Verdal,1970,9756
5038,Verdal,1971,9950
5038,Verdal,1972,10222
5038,Verdal,1973,10762
5038,Verdal,1974,11368
5038,Verdal,1975,11974
5038,Verdal,1976,12245
5038,Verdal,1977,12333
5038,Verdal,1978,12427
5038,Verdal,1979,12694
5038,Verdal,1980,12924
5038,Verdal,1981,12979
5038,Verdal,1982,13019
5038,Verdal,1983,13062
5038,Verdal,1984,13140
5038,Verdal,1985,13131
5041,Snåase - Snåsa,1951,3197
5041,Snåase - Snåsa,1952,3226
5041,Snåase - Snåsa,1953,3236
5041,Snåase - Snåsa,1954,3192
5041,Snåase - Snåsa,1955,3208
5041,Snåase - Snåsa,1956,3207
5041,Snåase - Snåsa,1957,3237
5041,Snåase - Snåsa,1958,3247
5041,Snåase - Snåsa,1959,3239
5041,Snåase - Snåsa,1960,3244
5041,Snåase - Snåsa,1961,3196
5041,Snåase - Snåsa,1962,3211
5041,Snåase - Snåsa,1963,3194
5041,Snåase - Snåsa,1964,3194
5041,Snåase - Snåsa,1965,3147
5041,Snåase - Snåsa,1966,3080
5041,Snåase - Snåsa,1967,3032
5041,Snåase - Snåsa,1968,3009
5041,Snåase - Snåsa,1969,2991
5041,Snåase - Snåsa,1970,2967
5041,Snåase - Snåsa,1971,2893
5041,Snåase - Snåsa,1972,2812
5041,Snåase - Snåsa,1973,2772
5041,Snåase - Snåsa,1974,2779
5041,Snåase - Snåsa,1975,2744
5041,Snåase - Snåsa,1976,2696
5041,Snåase - Snåsa,1977,2654
5041,Snåase - Snåsa,1978,2648
5041,Snåase - Snåsa,1979,2626
5041,Snåase - Snåsa,1980,2602
5041,Snåase - Snåsa,1981,2634
5041,Snåase - Snåsa,1982,2639
5041,Snåase - Snåsa,1983,2638
5041,Snåase - Snåsa,1984,2657
5041,Snåase - Snåsa,1985,2623
5042,Lierne,1951,1906
5042,Lierne,1952,1944
5042,Lierne,1953,1976
5042,Lierne,1954,2012
5042,Lierne,1955,2007
5042,Lierne,1956,2023
5042,Lierne,1957,2002
5042,Lierne,1958,1999
5042,Lierne,1959,1976
5042,Lierne,1960,2018
5042,Lierne,1961,2101
5042,Lierne,1962,2107
5042,Lierne,1963,2088
5042,Lierne,1964,2045
5042,Lierne,1965,2005
5042,Lierne,1966,2001
5042,Lierne,1967,1990
5042,Lierne,1968,2001
5042,Lierne,1969,1988
5042,Lierne,1970,1999
5042,Lierne,1971,1905
5042,Lierne,1972,1942
5042,Lierne,1973,1917
5042,Lierne,1974,1898
5042,Lierne,1975,1884
5042,Lierne,1976,1882
5042,Lierne,1977,1862
5042,Lierne,1978,1862
5042,Lierne,1979,1851
5042,Lierne,1980,1861
5042,Lierne,1981,1827
5042,Lierne,1982,1837
5042,Lierne,1983,1829
5042,Lierne,1984,1813
5042,Lierne,1985,1796
5043,Raarvihke - Røyrvik,1951,458
5043,Raarvihke - Røyrvik,1952,467
5043,Raarvihke - Røyrvik,1953,469
5043,Raarvihke - Røyrvik,1954,463
5043,Raarvihke - Røyrvik,1955,461
5043,Raarvihke - Røyrvik,1956,458
5043,Raarvihke - Røyrvik,1957,468
5043,Raarvihke - Røyrvik,1958,476
5043,Raarvihke - Røyrvik,1959,470
5043,Raarvihke - Røyrvik,1960,461
5043,Raarvihke - Røyrvik,1961,482
5043,Raarvihke - Røyrvik,1962,492
5043,Raarvihke - Røyrvik,1963,488
5043,Raarvihke - Røyrvik,1964,522
5043,Raarvihke - Røyrvik,1965,510
5043,Raarvihke - Røyrvik,1966,500
5043,Raarvihke - Røyrvik,1967,510
5043,Raarvihke - Røyrvik,1968,495
5043,Raarvihke - Røyrvik,1969,510
5043,Raarvihke - Røyrvik,1970,502
5043,Raarvihke - Røyrvik,1971,558
5043,Raarvihke - Røyrvik,1972,584
5043,Raarvihke - Røyrvik,1973,694
5043,Raarvihke - Røyrvik,1974,741
5043,Raarvihke - Røyrvik,1975,734
5043,Raarvihke - Røyrvik,1976,762
5043,Raarvihke - Røyrvik,1977,735
5043,Raarvihke - Røyrvik,1978,745
5043,Raarvihke - Røyrvik,1979,743
5043,Raarvihke - Røyrvik,1980,721
5043,Raarvihke - Røyrvik,1981,702
5043,Raarvihke - Røyrvik,1982,704
5043,Raarvihke - Røyrvik,1983,708
5043,Raarvihke - Røyrvik,1984,720
5043,Raarvihke - Røyrvik,1985,728
5044,Namsskogan,1951,1238
5044,Namsskogan,1952,1265
5044,Namsskogan,1953,1384
5044,Namsskogan,1954,1485
5044,Namsskogan,1955,1513
5044,Namsskogan,1956,1570
5044,Namsskogan,1957,1627
5044,Namsskogan,1958,1650
5044,Namsskogan,1959,1679
5044,Namsskogan,1960,1693
5044,Namsskogan,1961,1745
5044,Namsskogan,1962,1759
5044,Namsskogan,1963,1723
5044,Namsskogan,1964,1723
5044,Namsskogan,1965,1688
5044,Namsskogan,1966,1739
5044,Namsskogan,1967,1719
5044,Namsskogan,1968,1751
5044,Namsskogan,1969,1737
5044,Namsskogan,1970,1734
5044,Namsskogan,1971,1773
5044,Namsskogan,1972,1714
5044,Namsskogan,1973,1652
5044,Namsskogan,1974,1601
5044,Namsskogan,1975,1579
5044,Namsskogan,1976,1559
5044,Namsskogan,1977,1578
5044,Namsskogan,1978,1553
5044,Namsskogan,1979,1469
5044,Namsskogan,1980,1399
5044,Namsskogan,1981,1397
5044,Namsskogan,1982,1419
5044,Namsskogan,1983,1386
5044,Namsskogan,1984,1402
5044,Namsskogan,1985,1308
5045,Grong,1951,3008
5045,Grong,1952,3027
5045,Grong,1953,3017
5045,Grong,1954,2996
5045,Grong,1955,3001
5045,Grong,1956,3010
5045,Grong,1957,3092
5045,Grong,1958,3124
5045,Grong,1959,3128
5045,Grong,1960,3107
5045,Grong,1961,3099
5045,Grong,1962,3122
5045,Grong,1963,3126
5045,Grong,1964,3047
5045,Grong,1965,3012
5045,Grong,1966,2995
5045,Grong,1967,2943
5045,Grong,1968,2900
5045,Grong,1969,2847
5045,Grong,1970,2789
5045,Grong,1971,2776
5045,Grong,1972,2740
5045,Grong,1973,2660
5045,Grong,1974,2635
5045,Grong,1975,2620
5045,Grong,1976,2558
5045,Grong,1977,2567
5045,Grong,1978,2556
5045,Grong,1979,2577
5045,Grong,1980,2592
5045,Grong,1981,2607
5045,Grong,1982,2632
5045,Grong,1983,2623
5045,Grong,1984,2591
5045,Grong,1985,2589
5046,Høylandet,1951,1562
5046,Høylandet,1952,1566
5046,Høylandet,1953,1582
5046,Høylandet,1954,1613
5046,Høylandet,1955,1608
5046,Høylandet,1956,1592
5046,Høylandet,1957,1568
5046,Høylandet,1958,1569
5046,Høylandet,1959,1564
5046,Høylandet,1960,1561
5046,Høylandet,1961,1551
5046,Høylandet,1962,1544
5046,Høylandet,1963,1529
5046,Høylandet,1964,1483
5046,Høylandet,1965,1481
5046,Høylandet,1966,1481
5046,Høylandet,1967,1462
5046,Høylandet,1968,1454
5046,Høylandet,1969,1462
5046,Høylandet,1970,1441
5046,Høylandet,1971,1412
5046,Høylandet,1972,1395
5046,Høylandet,1973,1363
5046,Høylandet,1974,1346
5046,Høylandet,1975,1348
5046,Høylandet,1976,1371
5046,Høylandet,1977,1396
5046,Høylandet,1978,1416
5046,Høylandet,1979,1425
5046,Høylandet,1980,1449
5046,Høylandet,1981,1455
5046,Høylandet,1982,1455
5046,Høylandet,1983,1462
5046,Høylandet,1984,1463
5046,Høylandet,1985,1456
5047,Overhalla,1951,3406
5047,Overhalla,1952,3413
5047,Overhalla,1953,3461
5047,Overhalla,1954,3496
5047,Overhalla,1955,3485
5047,Overhalla,1956,3539
5047,Overhalla,1957,3515
5047,Overhalla,1958,3511
5047,Overhalla,1959,3485
5047,Overhalla,1960,3495
5047,Overhalla,1961,3447
5047,Overhalla,1962,3373
5047,Overhalla,1963,3364
5047,Overhalla,1964,3326
5047,Overhalla,1965,3261
5047,Overhalla,1966,3277
5047,Overhalla,1967,3280
5047,Overhalla,1968,3270
5047,Overhalla,1969,3270
5047,Overhalla,1970,3266
5047,Overhalla,1971,3294
5047,Overhalla,1972,3310
5047,Overhalla,1973,3325
5047,Overhalla,1974,3355
5047,Overhalla,1975,3381
5047,Overhalla,1976,3407
5047,Overhalla,1977,3461
5047,Overhalla,1978,3481
5047,Overhalla,1979,3540
5047,Overhalla,1980,3561
5047,Overhalla,1981,3551
5047,Overhalla,1982,3607
5047,Overhalla,1983,3654
5047,Overhalla,1984,3644
5047,Overhalla,1985,3670
5049,Flatanger,1951,1767
5049,Flatanger,1952,1768
5049,Flatanger,1953,1729
5049,Flatanger,1954,1689
5049,Flatanger,1955,1682
5049,Flatanger,1956,1705
5049,Flatanger,1957,1693
5049,Flatanger,1958,1689
5049,Flatanger,1959,1694
5049,Flatanger,1960,1703
5049,Flatanger,1961,1682
5049,Flatanger,1962,1648
5049,Flatanger,1963,1648
5049,Flatanger,1964,1656
5049,Flatanger,1965,1661
5049,Flatanger,1966,1651
5049,Flatanger,1967,1638
5049,Flatanger,1968,1614
5049,Flatanger,1969,1620
5049,Flatanger,1970,1618
5049,Flatanger,1971,1616
5049,Flatanger,1972,1602
5049,Flatanger,1973,1604
5049,Flatanger,1974,1568
5049,Flatanger,1975,1567
5049,Flatanger,1976,1595
5049,Flatanger,1977,1583
5049,Flatanger,1978,1589
5049,Flatanger,1979,1606
5049,Flatanger,1980,1572
5049,Flatanger,1981,1571
5049,Flatanger,1982,1558
5049,Flatanger,1983,1562
5049,Flatanger,1984,1582
5049,Flatanger,1985,1559
5052,Leka,1951,1228
5052,Leka,1952,1223
5052,Leka,1953,1193
5052,Leka,1954,1176
5052,Leka,1955,1181
5052,Leka,1956,1192
5052,Leka,1957,1170
5052,Leka,1958,1138
5052,Leka,1959,1129
5052,Leka,1960,1105
5052,Leka,1961,1115
5052,Leka,1962,1115
5052,Leka,1963,1106
5052,Leka,1964,1098
5052,Leka,1965,1072
5052,Leka,1966,1071
5052,Leka,1967,1063
5052,Leka,1968,1035
5052,Leka,1969,1027
5052,Leka,1970,1007
5052,Leka,1971,980
5052,Leka,1972,1044
5052,Leka,1973,993
5052,Leka,1974,996
5052,Leka,1975,971
5052,Leka,1976,975
5052,Leka,1977,944
5052,Leka,1978,947
5052,Leka,1979,941
5052,Leka,1980,933
5052,Leka,1981,943
5052,Leka,1982,956
5052,Leka,1983,953
5052,Leka,1984,957
5052,Leka,1985,943
5053,Inderøy,1951,5784
5053,Inderøy,1952,5763
5053,Inderøy,1953,5790
5053,Inderøy,1954,5796
5053,Inderøy,1955,5733
5053,Inderøy,1956,5740
5053,Inderøy,1957,5771
5053,Inderøy,1958,5740
5053,Inderøy,1959,5769
5053,Inderøy,1960,5780
5053,Inderøy,1961,5728
5053,Inderøy,1962,5742
5053,Inderøy,1963,5709
5053,Inderøy,1964,5699
5053,Inderøy,1965,5735
5053,Inderøy,1966,5719
5053,Inderøy,1967,5649
5053,Inderøy,1968,5994
5053,Inderøy,1969,6069
5053,Inderøy,1970,6030
5053,Inderøy,1971,5927
5053,Inderøy,1972,5980
5053,Inderøy,1973,6046
5053,Inderøy,1974,6110
5053,Inderøy,1975,6119
5053,Inderøy,1976,6196
5053,Inderøy,1977,6267
5053,Inderøy,1978,6313
5053,Inderøy,1979,6388
5053,Inderøy,1980,6433
5053,Inderøy,1981,6429
5053,Inderøy,1982,6543
5053,Inderøy,1983,6569
5053,Inderøy,1984,6615
5053,Inderøy,1985,6654
5054,Indre Fosen,1951,10081
5054,Indre Fosen,1952,10093
5054,Indre Fosen,1953,10106
5054,Indre Fosen,1954,10052
5054,Indre Fosen,1955,10058
5054,Indre Fosen,1956,10020
5054,Indre Fosen,1957,9953
5054,Indre Fosen,1958,9889
5054,Indre Fosen,1959,9862
5054,Indre Fosen,1960,9837
5054,Indre Fosen,1961,9804
5054,Indre Fosen,1962,9723
5054,Indre Fosen,1963,9693
5054,Indre Fosen,1964,9700
5054,Indre Fosen,1965,9761
5054,Indre Fosen,1966,9762
5054,Indre Fosen,1967,9671
5054,Indre Fosen,1968,9600
5054,Indre Fosen,1969,9607
5054,Indre Fosen,1970,9625
5054,Indre Fosen,1971,9567
5054,Indre Fosen,1972,9590
5054,Indre Fosen,1973,9550
5054,Indre Fosen,1974,9544
5054,Indre Fosen,1975,9657
5054,Indre Fosen,1976,9635
5054,Indre Fosen,1977,9722
5054,Indre Fosen,1978,9801
5054,Indre Fosen,1979,9939
5054,Indre Fosen,1980,10070
5054,Indre Fosen,1981,10232
5054,Indre Fosen,1982,10335
5054,Indre Fosen,1983,10443
5054,Indre Fosen,1984,10459
5054,Indre Fosen,1985,10451
5055,Heim,1951,6395
5055,Heim,1952,6381
5055,Heim,1953,6336
5055,Heim,1954,6292
5055,Heim,1955,6252
5055,Heim,1956,6275
5055,Heim,1957,6267
5055,Heim,1958,6246
5055,Heim,1959,6187
5055,Heim,1960,6138
5055,Heim,1961,6157
5055,Heim,1962,6153
5055,Heim,1963,6194
5055,Heim,1964,6169
5055,Heim,1965,6169
5055,Heim,1966,6214
5055,Heim,1967,6344
5055,Heim,1968,6342
5055,Heim,1969,6397
5055,Heim,1970,6403
5055,Heim,1971,6328
5055,Heim,1972,6324
5055,Heim,1973,6327
5055,Heim,1974,6340
5055,Heim,1975,6405
5055,Heim,1976,6392
5055,Heim,1977,6571
5055,Heim,1978,6596
5055,Heim,1979,6638
5055,Heim,1980,6671
5055,Heim,1981,6694
5055,Heim,1982,6706
5055,Heim,1983,6720
5055,Heim,1984,6706
5055,Heim,1985,6730
5056,Hitra,1951,5994
5056,Hitra,1952,5943
5056,Hitra,1953,5906
5056,Hitra,1954,5843
5056,Hitra,1955,5822
5056,Hitra,1956,5793
5056,Hitra,1957,5754
5056,Hitra,1958,5733
5056,Hitra,1959,5747
5056,Hitra,1960,5722
5056,Hitra,1961,5687
5056,Hitra,1962,5636
5056,Hitra,1963,5579
5056,Hitra,1964,5514
5056,Hitra,1965,5464
5056,Hitra,1966,5369
5056,Hitra,1967,5335
5056,Hitra,1968,5274
5056,Hitra,1969,5209
5056,Hitra,1970,5150
5056,Hitra,1971,4990
5056,Hitra,1972,4949
5056,Hitra,1973,4843
5056,Hitra,1974,4827
5056,Hitra,1975,4774
5056,Hitra,1976,4772
5056,Hitra,1977,4770
5056,Hitra,1978,4785
5056,Hitra,1979,4781
5056,Hitra,1980,4810
5056,Hitra,1981,4784
5056,Hitra,1982,4795
5056,Hitra,1983,4759
5056,Hitra,1984,4818
5056,Hitra,1985,4833
5057,Ørland,1951,9085
5057,Ørland,1952,9113
5057,Ørland,1953,9145
5057,Ørland,1954,9113
5057,Ørland,1955,9323
5057,Ørland,1956,9539
5057,Ørland,1957,9665
5057,Ørland,1958,9755
5057,Ørland,1959,9818
5057,Ørland,1960,9979
5057,Ørland,1961,10014
5057,Ørland,1962,10091
5057,Ørland,1963,10020
5057,Ørland,1964,10153
5057,Ørland,1965,10254
5057,Ørland,1966,10140
5057,Ørland,1967,10122
5057,Ørland,1968,10155
5057,Ørland,1969,10185
5057,Ørland,1970,10141
5057,Ørland,1971,10070
5057,Ørland,1972,10035
5057,Ørland,1973,9931
5057,Ørland,1974,9841
5057,Ørland,1975,9729
5057,Ørland,1976,9690
5057,Ørland,1977,9610
5057,Ørland,1978,9560
5057,Ørland,1979,9626
5057,Ørland,1980,9668
5057,Ørland,1981,9687
5057,Ørland,1982,9733
5057,Ørland,1983,9790
5057,Ørland,1984,9846
5057,Ørland,1985,9840
5058,Åfjord,1951,6007
5058,Åfjord,1952,5998
5058,Åfjord,1953,6010
5058,Åfjord,1954,6050
5058,Åfjord,1955,6055
5058,Åfjord,1956,6025
5058,Åfjord,1957,5987
5058,Åfjord,1958,5971
5058,Åfjord,1959,5967
5058,Åfjord,1960,5927
5058,Åfjord,1961,5894
5058,Åfjord,1962,5893
5058,Åfjord,1963,5879
5058,Åfjord,1964,5866
5058,Åfjord,1965,5789
5058,Åfjord,1966,5738
5058,Åfjord,1967,5740
5058,Åfjord,1968,5709
5058,Åfjord,1969,5672
5058,Åfjord,1970,5590
5058,Åfjord,1971,5498
5058,Åfjord,1972,5400
5058,Åfjord,1973,5318
5058,Åfjord,1974,5296
5058,Åfjord,1975,5269
5058,Åfjord,1976,5228
5058,Åfjord,1977,5215
5058,Åfjord,1978,5193
5058,Åfjord,1979,5158
5058,Åfjord,1980,5156
5058,Åfjord,1981,5142
5058,Åfjord,1982,5142
5058,Åfjord,1983,5128
5058,Åfjord,1984,5118
5058,Åfjord,1985,5042
5059,Orkland,1951,18140
5059,Orkland,1952,18228
5059,Orkland,1953,18288
5059,Orkland,1954,18248
5059,Orkland,1955,18210
5059,Orkland,1956,18146
5059,Orkland,1957,18111
5059,Orkland,1958,18052
5059,Orkland,1959,18019
5059,Orkland,1960,17911
5059,Orkland,1961,17821
5059,Orkland,1962,17783
5059,Orkland,1963,17586
5059,Orkland,1964,17361
5059,Orkland,1965,17259
5059,Orkland,1966,17192
5059,Orkland,1967,17166
5059,Orkland,1968,17035
5059,Orkland,1969,16921
5059,Orkland,1970,16790
5059,Orkland,1971,16907
5059,Orkland,1972,16832
5059,Orkland,1973,16782
5059,Orkland,1974,16739
5059,Orkland,1975,16663
5059,Orkland,1976,16680
5059,Orkland,1977,16796
5059,Orkland,1978,16588
5059,Orkland,1979,16685
5059,Orkland,1980,16791
5059,Orkland,1981,16965
5059,Orkland,1982,17101
5059,Orkland,1983,17173
5059,Orkland,1984,17200
5059,Orkland,1985,17145
5060,Nærøysund,1951,10471
5060,Nærøysund,1952,10450
5060,Nærøysund,1953,10453
5060,Nærøysund,1954,10410
5060,Nærøysund,1955,10390
5060,Nærøysund,1956,10472
5060,Nærøysund,1957,10435
5060,Nærøysund,1958,10428
5060,Nærøysund,1959,10460
5060,Nærøysund,1960,10484
5060,Nærøysund,1961,10344
5060,Nærøysund,1962,10242
5060,Nærøysund,1963,10142
5060,Nærøysund,1964,10066
5060,Nærøysund,1965,10099
5060,Nærøysund,1966,10006
5060,Nærøysund,1967,9994
5060,Nærøysund,1968,9981
5060,Nærøysund,1969,9974
5060,Nærøysund,1970,9895
5060,Nærøysund,1971,9656
5060,Nærøysund,1972,9643
5060,Nærøysund,1973,9646
5060,Nærøysund,1974,9644
5060,Nærøysund,1975,9643
5060,Nærøysund,1976,9574
5060,Nærøysund,1977,9583
5060,Nærøysund,1978,9597
5060,Nærøysund,1979,9568
5060,Nærøysund,1980,9580
5060,Nærøysund,1981,9626
5060,Nærøysund,1982,9576
5060,Nærøysund,1983,9635
5060,Nærøysund,1984,9675
5060,Nærøysund,1985,9689
5061,Rindal,1951,2541
5061,Rindal,1952,2558
5061,Rindal,1953,2562
5061,Rindal,1954,2549
5061,Rindal,1955,2525
5061,Rindal,1956,2508
5061,Rindal,1957,2468
5061,Rindal,1958,2434
5061,Rindal,1959,2428
5061,Rindal,1960,2402
5061,Rindal,1961,2420
5061,Rindal,1962,2410
5061,Rindal,1963,2390
5061,Rindal,1964,2378
5061,Rindal,1965,2385
5061,Rindal,1966,2414
5061,Rindal,1967,2466
5061,Rindal,1968,2494
5061,Rindal,1969,2456
5061,Rindal,1970,2420
5061,Rindal,1971,2363
5061,Rindal,1972,2325
5061,Rindal,1973,2312
5061,Rindal,1974,2300
5061,Rindal,1975,2292
5061,Rindal,1976,2324
5061,Rindal,1977,2339
5061,Rindal,1978,2360
5061,Rindal,1979,2365
5061,Rindal,1980,2336
5061,Rindal,1981,2332
5061,Rindal,1982,2334
5061,Rindal,1983,2350
5061,Rindal,1984,2346
5061,Rindal,1985,2333
5501,Tromsø,1951,25851
5501,Tromsø,1952,26386
5501,Tromsø,1953,26725
5501,Tromsø,1954,27241
5501,Tromsø,1955,27814
5501,Tromsø,1956,28179
5501,Tromsø,1957,28763
5501,Tromsø,1958,29132
5501,Tromsø,1959,29545
5501,Tromsø,1960,30050
5501,Tromsø,1961,30853
5501,Tromsø,1962,31337
5501,Tromsø,1963,31990
5501,Tromsø,1964,32664
5501,Tromsø,1965,33310
5501,Tromsø,1966,34108
5501,Tromsø,1967,34801
5501,Tromsø,1968,36120
5501,Tromsø,1969,37167
5501,Tromsø,1970,38094
5501,Tromsø,1971,39145
5501,Tromsø,1972,39960
5501,Tromsø,1973,41219
5501,Tromsø,1974,42253
5501,Tromsø,1975,42906
5501,Tromsø,1976,43819
5501,Tromsø,1977,44409
5501,Tromsø,1978,44812
5501,Tromsø,1979,45360
5501,Tromsø,1980,45833
5501,Tromsø,1981,46454
5501,Tromsø,1982,47148
5501,Tromsø,1983,47316
5501,Tromsø,1984,47406
5501,Tromsø,1985,47753
5503,Harstad - Hárstták,1951,15466
5503,Harstad - Hárstták,1952,15759
5503,Harstad - Hárstták,1953,15948
5503,Harstad - Hárstták,1954,16237
5503,Harstad - Hárstták,1955,16629
5503,Harstad - Hárstták,1956,16945
5503,Harstad - Hárstták,1957,17311
5503,Harstad - Hárstták,1958,17685
5503,Harstad - Hárstták,1959,17928
5503,Harstad - Hárstták,1960,18216
5503,Harstad - Hárstták,1961,18523
5503,Harstad - Hárstták,1962,18689
5503,Harstad - Hárstták,1963,18960
5503,Harstad - Hárstták,1964,19148
5503,Harstad - Hárstták,1965,19497
5503,Harstad - Hárstták,1966,19802
5503,Harstad - Hárstták,1967,20156
5503,Harstad - Hárstták,1968,20440
5503,Harstad - Hárstták,1969,20750
5503,Harstad - Hárstták,1970,20900
5503,Harstad - Hárstták,1971,20981
5503,Harstad - Hárstták,1972,21144
5503,Harstad - Hárstták,1973,21470
5503,Harstad - Hárstták,1974,21747
5503,Harstad - Hárstták,1975,21963
5503,Harstad - Hárstták,1976,22033
5503,Harstad - Hárstták,1977,22105
5503,Harstad - Hárstták,1978,22249
5503,Harstad - Hárstták,1979,22426
5503,Harstad - Hárstták,1980,22470
5503,Harstad - Hárstták,1981,22481
5503,Harstad - Hárstták,1982,22602
5503,Harstad - Hárstták,1983,22634
5503,Harstad - Hárstták,1984,22694
5503,Harstad - Hárstták,1985,22580
5510,Kvæfjord,1951,3517
5510,Kvæfjord,1952,3511
5510,Kvæfjord,1953,3502
5510,Kvæfjord,1954,3492
5510,Kvæfjord,1955,3494
5510,Kvæfjord,1956,3496
5510,Kvæfjord,1957,3420
5510,Kvæfjord,1958,3369
5510,Kvæfjord,1959,3352
5510,Kvæfjord,1960,3298
5510,Kvæfjord,1961,3293
5510,Kvæfjord,1962,3266
5510,Kvæfjord,1963,3269
5510,Kvæfjord,1964,3241
5510,Kvæfjord,1965,3264
5510,Kvæfjord,1966,3270
5510,Kvæfjord,1967,3238
5510,Kvæfjord,1968,3294
5510,Kvæfjord,1969,3300
5510,Kvæfjord,1970,3300
5510,Kvæfjord,1971,3672
5510,Kvæfjord,1972,3734
5510,Kvæfjord,1973,3744
5510,Kvæfjord,1974,3794
5510,Kvæfjord,1975,3818
5510,Kvæfjord,1976,3780
5510,Kvæfjord,1977,3718
5510,Kvæfjord,1978,3718
5510,Kvæfjord,1979,3705
5510,Kvæfjord,1980,3688
5510,Kvæfjord,1981,3679
5510,Kvæfjord,1982,3733
5510,Kvæfjord,1983,3789
5510,Kvæfjord,1984,3741
5510,Kvæfjord,1985,3779
5512,Dielddanuorri - Tjeldsund,1951,5503
5512,Dielddanuorri - Tjeldsund,1952,5519
5512,Dielddanuorri - Tjeldsund,1953,5562
5512,Dielddanuorri - Tjeldsund,1954,5592
5512,Dielddanuorri - Tjeldsund,1955,5600
5512,Dielddanuorri - Tjeldsund,1956,5557
5512,Dielddanuorri - Tjeldsund,1957,5521
5512,Dielddanuorri - Tjeldsund,1958,5462
5512,Dielddanuorri - Tjeldsund,1959,5438
5512,Dielddanuorri - Tjeldsund,1960,5441
5512,Dielddanuorri - Tjeldsund,1961,5423
5512,Dielddanuorri - Tjeldsund,1962,5403
5512,Dielddanuorri - Tjeldsund,1963,5353
5512,Dielddanuorri - Tjeldsund,1964,5471
5512,Dielddanuorri - Tjeldsund,1965,5416
5512,Dielddanuorri - Tjeldsund,1966,5384
5512,Dielddanuorri - Tjeldsund,1967,5222
5512,Dielddanuorri - Tjeldsund,1968,5221
5512,Dielddanuorri - Tjeldsund,1969,5155
5512,Dielddanuorri - Tjeldsund,1970,5059
5512,Dielddanuorri - Tjeldsund,1971,4974
5512,Dielddanuorri - Tjeldsund,1972,4915
5512,Dielddanuorri - Tjeldsund,1973,4884
5512,Dielddanuorri - Tjeldsund,1974,4952
5512,Dielddanuorri - Tjeldsund,1975,5023
5512,Dielddanuorri - Tjeldsund,1976,5020
5512,Dielddanuorri - Tjeldsund,1977,5046
5512,Dielddanuorri - Tjeldsund,1978,5056
5512,Dielddanuorri - Tjeldsund,1979,5139
5512,Dielddanuorri - Tjeldsund,1980,5138
5512,Dielddanuorri - Tjeldsund,1981,5252
5512,Dielddanuorri - Tjeldsund,1982,5297
5512,Dielddanuorri - Tjeldsund,1983,5413
5512,Dielddanuorri - Tjeldsund,1984,5541
5512,Dielddanuorri - Tjeldsund,1985,5528
5514,Ibestad,1951,3240
5514,Ibestad,1952,3222
5514,Ibestad,1953,3239
5514,Ibestad,1954,3239
5514,Ibestad,1955,3223
5514,Ibestad,1956,3289
5514,Ibestad,1957,3279
5514,Ibestad,1958,3260
5514,Ibestad,1959,3271
5514,Ibestad,1960,3289
5514,Ibestad,1961,3217
5514,Ibestad,1962,3181
5514,Ibestad,1963,3192
5514,Ibestad,1964,3294
5514,Ibestad,1965,3238
5514,Ibestad,1966,3178
5514,Ibestad,1967,3161
5514,Ibestad,1968,3169
5514,Ibestad,1969,3104
5514,Ibestad,1970,3036
5514,Ibestad,1971,2912
5514,Ibestad,1972,2903
5514,Ibestad,1973,2872
5514,Ibestad,1974,2892
5514,Ibestad,1975,2843
5514,Ibestad,1976,2833
5514,Ibestad,1977,2818
5514,Ibestad,1978,2746
5514,Ibestad,1979,2742
5514,Ibestad,1980,2705
5514,Ibestad,1981,2678
5514,Ibestad,1982,2649
5514,Ibestad,1983,2583
5514,Ibestad,1984,2565
5514,Ibestad,1985,2528
5516,Gratangen - Rivtták,1951,2200
5516,Gratangen - Rivtták,1952,2194
5516,Gratangen - Rivtták,1953,2222
5516,Gratangen - Rivtták,1954,2215
5516,Gratangen - Rivtták,1955,2220
5516,Gratangen - Rivtták,1956,2207
5516,Gratangen - Rivtták,1957,2162
5516,Gratangen - Rivtták,1958,2140
5516,Gratangen - Rivtták,1959,2146
5516,Gratangen - Rivtták,1960,2134
5516,Gratangen - Rivtták,1961,2103
5516,Gratangen - Rivtták,1962,2072
5516,Gratangen - Rivtták,1963,2077
5516,Gratangen - Rivtták,1964,2057
5516,Gratangen - Rivtták,1965,2051
5516,Gratangen - Rivtták,1966,2062
5516,Gratangen - Rivtták,1967,1978
5516,Gratangen - Rivtták,1968,1972
5516,Gratangen - Rivtták,1969,1958
5516,Gratangen - Rivtták,1970,1943
5516,Gratangen - Rivtták,1971,1878
5516,Gratangen - Rivtták,1972,1836
5516,Gratangen - Rivtták,1973,1814
5516,Gratangen - Rivtták,1974,1810
5516,Gratangen - Rivtták,1975,1773
5516,Gratangen - Rivtták,1976,1758
5516,Gratangen - Rivtták,1977,1752
5516,Gratangen - Rivtták,1978,1751
5516,Gratangen - Rivtták,1979,1726
5516,Gratangen - Rivtták,1980,1712
5516,Gratangen - Rivtták,1981,1695
5516,Gratangen - Rivtták,1982,1686
5516,Gratangen - Rivtták,1983,1674
5516,Gratangen - Rivtták,1984,1681
5516,Gratangen - Rivtták,1985,1645
5518,Loabák - Lavangen,1951,1796
5518,Loabák - Lavangen,1952,1773
5518,Loabák - Lavangen,1953,1785
5518,Loabák - Lavangen,1954,1787
5518,Loabák - Lavangen,1955,1778
5518,Loabák - Lavangen,1956,1780
5518,Loabák - Lavangen,1957,1781
5518,Loabák - Lavangen,1958,1751
5518,Loabák - Lavangen,1959,1740
5518,Loabák - Lavangen,1960,1718
5518,Loabák - Lavangen,1961,1702
5518,Loabák - Lavangen,1962,1718
5518,Loabák - Lavangen,1963,1691
5518,Loabák - Lavangen,1964,1677
5518,Loabák - Lavangen,1965,1641
5518,Loabák - Lavangen,1966,1619
5518,Loabák - Lavangen,1967,1560
5518,Loabák - Lavangen,1968,1527
5518,Loabák - Lavangen,1969,1492
5518,Loabák - Lavangen,1970,1492
5518,Loabák - Lavangen,1971,1458
5518,Loabák - Lavangen,1972,1436
5518,Loabák - Lavangen,1973,1420
5518,Loabák - Lavangen,1974,1427
5518,Loabák - Lavangen,1975,1426
5518,Loabák - Lavangen,1976,1448
5518,Loabák - Lavangen,1977,1285
5518,Loabák - Lavangen,1978,1281
5518,Loabák - Lavangen,1979,1313
5518,Loabák - Lavangen,1980,1295
5518,Loabák - Lavangen,1981,1280
5518,Loabák - Lavangen,1982,1254
5518,Loabák - Lavangen,1983,1236
5518,Loabák - Lavangen,1984,1218
5518,Loabák - Lavangen,1985,1228
5520,Bardu,1951,2509
5520,Bardu,1952,2548
5520,Bardu,1953,2591
5520,Bardu,1954,2672
5520,Bardu,1955,2761
5520,Bardu,1956,2945
5520,Bardu,1957,3187
5520,Bardu,1958,3418
5520,Bardu,1959,3493
5520,Bardu,1960,3615
5520,Bardu,1961,3652
5520,Bardu,1962,3627
5520,Bardu,1963,3708
5520,Bardu,1964,3865
5520,Bardu,1965,3943
5520,Bardu,1966,3946
5520,Bardu,1967,3943
5520,Bardu,1968,3926
5520,Bardu,1969,3887
5520,Bardu,1970,3921
5520,Bardu,1971,3923
5520,Bardu,1972,3967
5520,Bardu,1973,3958
5520,Bardu,1974,3987
5520,Bardu,1975,4007
5520,Bardu,1976,4010
5520,Bardu,1977,3986
5520,Bardu,1978,4074
5520,Bardu,1979,4012
5520,Bardu,1980,4043
5520,Bardu,1981,4058
5520,Bardu,1982,4046
5520,Bardu,1983,4068
5520,Bardu,1984,4155
5520,Bardu,1985,4063
5522,Salangen,1951,2797
5522,Salangen,1952,2761
5522,Salangen,1953,2778
5522,Salangen,1954,2782
5522,Salangen,1955,2767
5522,Salangen,1956,2771
5522,Salangen,1957,2772
5522,Salangen,1958,2726
5522,Salangen,1959,2708
5522,Salangen,1960,2674
5522,Salangen,1961,2651
5522,Salangen,1962,2676
5522,Salangen,1963,2634
5522,Salangen,1964,2611
5522,Salangen,1965,2555
5522,Salangen,1966,2521
5522,Salangen,1967,2429
5522,Salangen,1968,2377
5522,Salangen,1969,2322
5522,Salangen,1970,2324
5522,Salangen,1971,2270
5522,Salangen,1972,2237
5522,Salangen,1973,2210
5522,Salangen,1974,2223
5522,Salangen,1975,2221
5522,Salangen,1976,2255
5522,Salangen,1977,2460
5522,Salangen,1978,2460
5522,Salangen,1979,2451
5522,Salangen,1980,2462
5522,Salangen,1981,2507
5522,Salangen,1982,2523
5522,Salangen,1983,2528
5522,Salangen,1984,2547
5522,Salangen,1985,2548
5524,Målselv,1951,5664
5524,Målselv,1952,5757
5524,Målselv,1953,5942
5524,Målselv,1954,5941
5524,Målselv,1955,6030
5524,Målselv,1956,6155
5524,Målselv,1957,6274
5524,Målselv,1958,6425
5524,Målselv,1959,6526
5524,Målselv,1960,6660
5524,Målselv,1961,6839
5524,Målselv,1962,6823
5524,Målselv,1963,6909
5524,Målselv,1964,6936
5524,Målselv,1965,7059
5524,Målselv,1966,7527
5524,Målselv,1967,7625
5524,Målselv,1968,7843
5524,Målselv,1969,7892
5524,Målselv,1970,7930
5524,Målselv,1971,8025
5524,Målselv,1972,7940
5524,Målselv,1973,8091
5524,Målselv,1974,8106
5524,Målselv,1975,8118
5524,Målselv,1976,8066
5524,Målselv,1977,7974
5524,Målselv,1978,7873
5524,Målselv,1979,7712
5524,Målselv,1980,7668
5524,Målselv,1981,7777
5524,Målselv,1982,7756
5524,Målselv,1983,7813
5524,Målselv,1984,7814
5524,Målselv,1985,7679
5526,Sørreisa,1951,2876
5526,Sørreisa,1952,2902
5526,Sørreisa,1953,2926
5526,Sørreisa,1954,2955
5526,Sørreisa,1955,2972
5526,Sørreisa,1956,2977
5526,Sørreisa,1957,2967
5526,Sørreisa,1958,2996
5526,Sørreisa,1959,2973
5526,Sørreisa,1960,2952
5526,Sørreisa,1961,2995
5526,Sørreisa,1962,3031
5526,Sørreisa,1963,3102
5526,Sørreisa,1964,3031
5526,Sørreisa,1965,3059
5526,Sørreisa,1966,3037
5526,Sørreisa,1967,3099
5526,Sørreisa,1968,3134
5526,Sørreisa,1969,3162
5526,Sørreisa,1970,3179
5526,Sørreisa,1971,3131
5526,Sørreisa,1972,3223
5526,Sørreisa,1973,3348
5526,Sørreisa,1974,3381
5526,Sørreisa,1975,3415
5526,Sørreisa,1976,3444
5526,Sørreisa,1977,3446
5526,Sørreisa,1978,3434
5526,Sørreisa,1979,3464
5526,Sørreisa,1980,3464
5526,Sørreisa,1981,3508
5526,Sørreisa,1982,3526
5526,Sørreisa,1983,3526
5526,Sørreisa,1984,3512
5526,Sørreisa,1985,3523
5528,Dyrøy,1951,2525
5528,Dyrøy,1952,2506
5528,Dyrøy,1953,2526
5528,Dyrøy,1954,2504
5528,Dyrøy,1955,2476
5528,Dyrøy,1956,2438
5528,Dyrøy,1957,2410
5528,Dyrøy,1958,2418
5528,Dyrøy,1959,2402
5528,Dyrøy,1960,2439
5528,Dyrøy,1961,2368
5528,Dyrøy,1962,2342
5528,Dyrøy,1963,2299
5528,Dyrøy,1964,2278
5528,Dyrøy,1965,2281
5528,Dyrøy,1966,2230
5528,Dyrøy,1967,2179
5528,Dyrøy,1968,2174
5528,Dyrøy,1969,2133
5528,Dyrøy,1970,2053
5528,Dyrøy,1971,1951
5528,Dyrøy,1972,1972
5528,Dyrøy,1973,1952
5528,Dyrøy,1974,1915
5528,Dyrøy,1975,1901
5528,Dyrøy,1976,1858
5528,Dyrøy,1977,1821
5528,Dyrøy,1978,1784
5528,Dyrøy,1979,1784
5528,Dyrøy,1980,1759
5528,Dyrøy,1981,1739
5528,Dyrøy,1982,1740
5528,Dyrøy,1983,1726
5528,Dyrøy,1984,1751
5528,Dyrøy,1985,1739
5530,Senja,1951,15673
5530,Senja,1952,15665
5530,Senja,1953,15812
5530,Senja,1954,15868
5530,Senja,1955,15859
5530,Senja,1956,16113
5530,Senja,1957,16163
5530,Senja,1958,16211
5530,Senja,1959,16145
5530,Senja,1960,16213
5530,Senja,1961,16155
5530,Senja,1962,16059
5530,Senja,1963,16139
5530,Senja,1964,16262
5530,Senja,1965,16233
5530,Senja,1966,16291
5530,Senja,1967,16319
5530,Senja,1968,16301
5530,Senja,1969,16315
5530,Senja,1970,16268
5530,Senja,1971,16026
5530,Senja,1972,16222
5530,Senja,1973,16304
5530,Senja,1974,16472
5530,Senja,1975,16482
5530,Senja,1976,16390
5530,Senja,1977,16344
5530,Senja,1978,16337
5530,Senja,1979,16334
5530,Senja,1980,16472
5530,Senja,1981,16650
5530,Senja,1982,16665
5530,Senja,1983,16538
5530,Senja,1984,16434
5530,Senja,1985,16193
5532,Balsfjord,1951,7354
5532,Balsfjord,1952,7337
5532,Balsfjord,1953,7325
5532,Balsfjord,1954,7321
5532,Balsfjord,1955,7319
5532,Balsfjord,1956,7280
5532,Balsfjord,1957,7195
5532,Balsfjord,1958,7204
5532,Balsfjord,1959,7213
5532,Balsfjord,1960,7199
5532,Balsfjord,1961,7154
5532,Balsfjord,1962,7085
5532,Balsfjord,1963,7047
5532,Balsfjord,1964,6993
5532,Balsfjord,1965,7090
5532,Balsfjord,1966,6962
5532,Balsfjord,1967,6897
5532,Balsfjord,1968,6944
5532,Balsfjord,1969,6903
5532,Balsfjord,1970,6874
5532,Balsfjord,1971,6734
5532,Balsfjord,1972,6747
5532,Balsfjord,1973,6871
5532,Balsfjord,1974,6905
5532,Balsfjord,1975,7023
5532,Balsfjord,1976,7094
5532,Balsfjord,1977,7008
5532,Balsfjord,1978,7033
5532,Balsfjord,1979,7060
5532,Balsfjord,1980,7056
5532,Balsfjord,1981,6973
5532,Balsfjord,1982,6950
5532,Balsfjord,1983,6889
5532,Balsfjord,1984,6873
5532,Balsfjord,1985,6776
5534,Karlsøy,1951,3658
5534,Karlsøy,1952,3619
5534,Karlsøy,1953,3610
5534,Karlsøy,1954,3625
5534,Karlsøy,1955,3587
5534,Karlsøy,1956,3536
5534,Karlsøy,1957,3516
5534,Karlsøy,1958,3473
5534,Karlsøy,1959,3447
5534,Karlsøy,1960,3418
5534,Karlsøy,1961,3449
5534,Karlsøy,1962,3447
5534,Karlsøy,1963,3435
5534,Karlsøy,1964,3414
5534,Karlsøy,1965,3379
5534,Karlsøy,1966,3333
5534,Karlsøy,1967,3218
5534,Karlsøy,1968,3200
5534,Karlsøy,1969,3167
5534,Karlsøy,1970,3199
5534,Karlsøy,1971,3060
5534,Karlsøy,1972,3054
5534,Karlsøy,1973,3079
5534,Karlsøy,1974,3122
5534,Karlsøy,1975,3134
5534,Karlsøy,1976,3147
5534,Karlsøy,1977,3105
5534,Karlsøy,1978,3097
5534,Karlsøy,1979,3085
5534,Karlsøy,1980,3085
5534,Karlsøy,1981,3073
5534,Karlsøy,1982,3099
5534,Karlsøy,1983,3132
5534,Karlsøy,1984,3084
5534,Karlsøy,1985,3027
5536,Lyngen - Ivgu - Yykeä,1951,3921
5536,Lyngen - Ivgu - Yykeä,1952,3938
5536,Lyngen - Ivgu - Yykeä,1953,3969
5536,Lyngen - Ivgu - Yykeä,1954,3968
5536,Lyngen - Ivgu - Yykeä,1955,3955
5536,Lyngen - Ivgu - Yykeä,1956,3977
5536,Lyngen - Ivgu - Yykeä,1957,3960
5536,Lyngen - Ivgu - Yykeä,1958,3970
5536,Lyngen - Ivgu - Yykeä,1959,3966
5536,Lyngen - Ivgu - Yykeä,1960,3973
5536,Lyngen - Ivgu - Yykeä,1961,3962
5536,Lyngen - Ivgu - Yykeä,1962,3945
5536,Lyngen - Ivgu - Yykeä,1963,3969
5536,Lyngen - Ivgu - Yykeä,1964,3933
5536,Lyngen - Ivgu - Yykeä,1965,3959
5536,Lyngen - Ivgu - Yykeä,1966,4004
5536,Lyngen - Ivgu - Yykeä,1967,4024
5536,Lyngen - Ivgu - Yykeä,1968,4013
5536,Lyngen - Ivgu - Yykeä,1969,4040
5536,Lyngen - Ivgu - Yykeä,1970,3996
5536,Lyngen - Ivgu - Yykeä,1971,3893
5536,Lyngen - Ivgu - Yykeä,1972,3916
5536,Lyngen - Ivgu - Yykeä,1973,3964
5536,Lyngen - Ivgu - Yykeä,1974,4034
5536,Lyngen - Ivgu - Yykeä,1975,4066
5536,Lyngen - Ivgu - Yykeä,1976,4064
5536,Lyngen - Ivgu - Yykeä,1977,3984
5536,Lyngen - Ivgu - Yykeä,1978,3916
5536,Lyngen - Ivgu - Yykeä,1979,3878
5536,Lyngen - Ivgu - Yykeä,1980,3881
5536,Lyngen - Ivgu - Yykeä,1981,3907
5536,Lyngen - Ivgu - Yykeä,1982,3859
5536,Lyngen - Ivgu - Yykeä,1983,3826
5536,Lyngen - Ivgu - Yykeä,1984,3801
5536,Lyngen - Ivgu - Yykeä,1985,3799
5538,Storfjord - Omasvuotna - Omasvuono,1951,1847
5538,Storfjord - Omasvuotna - Omasvuono,1952,1850
5538,Storfjord - Omasvuotna - Omasvuono,1953,1858
5538,Storfjord - Omasvuotna - Omasvuono,1954,1870
5538,Storfjord - Omasvuotna - Omasvuono,1955,1899
5538,Storfjord - Omasvuotna - Omasvuono,1956,1932
5538,Storfjord - Omasvuotna - Omasvuono,1957,1938
5538,Storfjord - Omasvuotna - Omasvuono,1958,1942
5538,Storfjord - Omasvuotna - Omasvuono,1959,1899
5538,Storfjord - Omasvuotna - Omasvuono,1960,1878
5538,Storfjord - Omasvuotna - Omasvuono,1961,1868
5538,Storfjord - Omasvuotna - Omasvuono,1962,1838
5538,Storfjord - Omasvuotna - Omasvuono,1963,1838
5538,Storfjord - Omasvuotna - Omasvuono,1964,1846
5538,Storfjord - Omasvuotna - Omasvuono,1965,1851
5538,Storfjord - Omasvuotna - Omasvuono,1966,1823
5538,Storfjord - Omasvuotna - Omasvuono,1967,1890
5538,Storfjord - Omasvuotna - Omasvuono,1968,1852
5538,Storfjord - Omasvuotna - Omasvuono,1969,1832
5538,Storfjord - Omasvuotna - Omasvuono,1970,1804
5538,Storfjord - Omasvuotna - Omasvuono,1971,1743
5538,Storfjord - Omasvuotna - Omasvuono,1972,1726
5538,Storfjord - Omasvuotna - Omasvuono,1973,1739
5538,Storfjord - Omasvuotna - Omasvuono,1974,1756
5538,Storfjord - Omasvuotna - Omasvuono,1975,1769
5538,Storfjord - Omasvuotna - Omasvuono,1976,1768
5538,Storfjord - Omasvuotna - Omasvuono,1977,1837
5538,Storfjord - Omasvuotna - Omasvuono,1978,1873
5538,Storfjord - Omasvuotna - Omasvuono,1979,1902
5538,Storfjord - Omasvuotna - Omasvuono,1980,1904
5538,Storfjord - Omasvuotna - Omasvuono,1981,1887
5538,Storfjord - Omasvuotna - Omasvuono,1982,1883
5538,Storfjord - Omasvuotna - Omasvuono,1983,1896
5538,Storfjord - Omasvuotna - Omasvuono,1984,1934
5538,Storfjord - Omasvuotna - Omasvuono,1985,1915
5540,Gáivuotna - Kåfjord - Kaivuono,1951,3079
5540,Gáivuotna - Kåfjord - Kaivuono,1952,3120
5540,Gáivuotna - Kåfjord - Kaivuono,1953,3180
5540,Gáivuotna - Kåfjord - Kaivuono,1954,3206
5540,Gáivuotna - Kåfjord - Kaivuono,1955,3214
5540,Gáivuotna - Kåfjord - Kaivuono,1956,3207
5540,Gáivuotna - Kåfjord - Kaivuono,1957,3239
5540,Gáivuotna - Kåfjord - Kaivuono,1958,3229
5540,Gáivuotna - Kåfjord - Kaivuono,1959,3230
5540,Gáivuotna - Kåfjord - Kaivuono,1960,3268
5540,Gáivuotna - Kåfjord - Kaivuono,1961,3270
5540,Gáivuotna - Kåfjord - Kaivuono,1962,3243
5540,Gáivuotna - Kåfjord - Kaivuono,1963,3282
5540,Gáivuotna - Kåfjord - Kaivuono,1964,3251
5540,Gáivuotna - Kåfjord - Kaivuono,1965,3289
5540,Gáivuotna - Kåfjord - Kaivuono,1966,3279
5540,Gáivuotna - Kåfjord - Kaivuono,1967,3301
5540,Gáivuotna - Kåfjord - Kaivuono,1968,3323
5540,Gáivuotna - Kåfjord - Kaivuono,1969,3355
5540,Gáivuotna - Kåfjord - Kaivuono,1970,3362
5540,Gáivuotna - Kåfjord - Kaivuono,1971,3279
5540,Gáivuotna - Kåfjord - Kaivuono,1972,3237
5540,Gáivuotna - Kåfjord - Kaivuono,1973,3227
5540,Gáivuotna - Kåfjord - Kaivuono,1974,3183
5540,Gáivuotna - Kåfjord - Kaivuono,1975,3210
5540,Gáivuotna - Kåfjord - Kaivuono,1976,3155
5540,Gáivuotna - Kåfjord - Kaivuono,1977,3098
5540,Gáivuotna - Kåfjord - Kaivuono,1978,3102
5540,Gáivuotna - Kåfjord - Kaivuono,1979,3057
5540,Gáivuotna - Kåfjord - Kaivuono,1980,3107
5540,Gáivuotna - Kåfjord - Kaivuono,1981,3094
5540,Gáivuotna - Kåfjord - Kaivuono,1982,3081
5540,Gáivuotna - Kåfjord - Kaivuono,1983,3041
5540,Gáivuotna - Kåfjord - Kaivuono,1984,2995
5540,Gáivuotna - Kåfjord - Kaivuono,1985,2971
5542,Skjervøy,1951,3271
5542,Skjervøy,1952,3313
5542,Skjervøy,1953,3363
5542,Skjervøy,1954,3415
5542,Skjervøy,1955,3444
5542,Skjervøy,1956,3498
5542,Skjervøy,1957,3509
5542,Skjervøy,1958,3515
5542,Skjervøy,1959,3563
5542,Skjervøy,1960,3550
5542,Skjervøy,1961,3475
5542,Skjervøy,1962,3472
5542,Skjervøy,1963,3491
5542,Skjervøy,1964,3452
5542,Skjervøy,1965,3428
5542,Skjervøy,1966,3392
5542,Skjervøy,1967,3443
5542,Skjervøy,1968,3419
5542,Skjervøy,1969,3458
5542,Skjervøy,1970,3394
5542,Skjervøy,1971,3392
5542,Skjervøy,1972,3380
5542,Skjervøy,1973,3465
5542,Skjervøy,1974,3531
5542,Skjervøy,1975,3683
5542,Skjervøy,1976,3677
5542,Skjervøy,1977,3636
5542,Skjervøy,1978,3665
5542,Skjervøy,1979,3655
5542,Skjervøy,1980,3686
5542,Skjervøy,1981,3655
5542,Skjervøy,1982,3599
5542,Skjervøy,1983,3453
5542,Skjervøy,1984,3435
5542,Skjervøy,1985,3321
5544,Nordreisa - Ráisa - Raisi,1951,3959
5544,Nordreisa - Ráisa - Raisi,1952,4014
5544,Nordreisa - Ráisa - Raisi,1953,4049
5544,Nordreisa - Ráisa - Raisi,1954,4103
5544,Nordreisa - Ráisa - Raisi,1955,4155
5544,Nordreisa - Ráisa - Raisi,1956,4191
5544,Nordreisa - Ráisa - Raisi,1957,4166
5544,Nordreisa - Ráisa - Raisi,1958,4160
5544,Nordreisa - Ráisa - Raisi,1959,4189
5544,Nordreisa - Ráisa - Raisi,1960,4195
5544,Nordreisa - Ráisa - Raisi,1961,4212
5544,Nordreisa - Ráisa - Raisi,1962,4220
5544,Nordreisa - Ráisa - Raisi,1963,4230
5544,Nordreisa - Ráisa - Raisi,1964,4184
5544,Nordreisa - Ráisa - Raisi,1965,4155
5544,Nordreisa - Ráisa - Raisi,1966,4137
5544,Nordreisa - Ráisa - Raisi,1967,4160
5544,Nordreisa - Ráisa - Raisi,1968,4158
5544,Nordreisa - Ráisa - Raisi,1969,4228
5544,Nordreisa - Ráisa - Raisi,1970,4227
5544,Nordreisa - Ráisa - Raisi,1971,4267
5544,Nordreisa - Ráisa - Raisi,1972,4274
5544,Nordreisa - Ráisa - Raisi,1973,4341
5544,Nordreisa - Ráisa - Raisi,1974,4349
5544,Nordreisa - Ráisa - Raisi,1975,4394
5544,Nordreisa - Ráisa - Raisi,1976,4435
5544,Nordreisa - Ráisa - Raisi,1977,4452
5544,Nordreisa - Ráisa - Raisi,1978,4411
5544,Nordreisa - Ráisa - Raisi,1979,4525
5544,Nordreisa - Ráisa - Raisi,1980,4595
5544,Nordreisa - Ráisa - Raisi,1981,4636
5544,Nordreisa - Ráisa - Raisi,1982,4636
5544,Nordreisa - Ráisa - Raisi,1983,4782
5544,Nordreisa - Ráisa - Raisi,1984,4768
5544,Nordreisa - Ráisa - Raisi,1985,4788
5546,Kvænangen,1951,2511
5546,Kvænangen,1952,2531
5546,Kvænangen,1953,2544
5546,Kvænangen,1954,2508
5546,Kvænangen,1955,2505
5546,Kvænangen,1956,2512
5546,Kvænangen,1957,2508
5546,Kvænangen,1958,2456
5546,Kvænangen,1959,2421
5546,Kvænangen,1960,2407
5546,Kvænangen,1961,2382
5546,Kvænangen,1962,2360
5546,Kvænangen,1963,2320
5546,Kvænangen,1964,2377
5546,Kvænangen,1965,2404
5546,Kvænangen,1966,2396
5546,Kvænangen,1967,2331
5546,Kvænangen,1968,2296
5546,Kvænangen,1969,2261
5546,Kvænangen,1970,2205
5546,Kvænangen,1971,2090
5546,Kvænangen,1972,2074
5546,Kvænangen,1973,2080
5546,Kvænangen,1974,2038
5546,Kvænangen,1975,2022
5546,Kvænangen,1976,2000
5546,Kvænangen,1977,1951
5546,Kvænangen,1978,1970
5546,Kvænangen,1979,1916
5546,Kvænangen,1980,1900
5546,Kvænangen,1981,1842
5546,Kvænangen,1982,1817
5546,Kvænangen,1983,1841
5546,Kvænangen,1984,1782
5546,Kvænangen,1985,1755
5601,Alta,1951,8961
5601,Alta,1952,9137
5601,Alta,1953,9255
5601,Alta,1954,9276
5601,Alta,1955,9433
5601,Alta,1956,9570
5601,Alta,1957,9560
5601,Alta,1958,9576
5601,Alta,1959,9601
5601,Alta,1960,9566
5601,Alta,1961,9655
5601,Alta,1962,9705
5601,Alta,1963,9825
5601,Alta,1964,9895
5601,Alta,1965,10003
5601,Alta,1966,10155
5601,Alta,1967,10352
5601,Alta,1968,10547
5601,Alta,1969,10812
5601,Alta,1970,10943
5601,Alta,1971,11210
5601,Alta,1972,11444
5601,Alta,1973,11775
5601,Alta,1974,11926
5601,Alta,1975,12081
5601,Alta,1976,12374
5601,Alta,1977,12579
5601,Alta,1978,12792
5601,Alta,1979,12993
5601,Alta,1980,13219
5601,Alta,1981,13398
5601,Alta,1982,13551
5601,Alta,1983,13693
5601,Alta,1984,13777
5601,Alta,1985,13928
5603,Hammerfest - Hámmerfeasta,1951,8093
5603,Hammerfest - Hámmerfeasta,1952,8256
5603,Hammerfest - Hámmerfeasta,1953,8394
5603,Hammerfest - Hámmerfeasta,1954,8569
5603,Hammerfest - Hámmerfeasta,1955,8756
5603,Hammerfest - Hámmerfeasta,1956,9069
5603,Hammerfest - Hámmerfeasta,1957,9263
5603,Hammerfest - Hámmerfeasta,1958,9366
5603,Hammerfest - Hámmerfeasta,1959,9550
5603,Hammerfest - Hámmerfeasta,1960,9728
5603,Hammerfest - Hámmerfeasta,1961,9932
5603,Hammerfest - Hámmerfeasta,1962,10074
5603,Hammerfest - Hámmerfeasta,1963,10256
5603,Hammerfest - Hámmerfeasta,1964,10451
5603,Hammerfest - Hámmerfeasta,1965,10644
5603,Hammerfest - Hámmerfeasta,1966,10644
5603,Hammerfest - Hámmerfeasta,1967,10966
5603,Hammerfest - Hámmerfeasta,1968,11174
5603,Hammerfest - Hámmerfeasta,1969,11154
5603,Hammerfest - Hámmerfeasta,1970,11073
5603,Hammerfest - Hámmerfeasta,1971,11143
5603,Hammerfest - Hámmerfeasta,1972,11164
5603,Hammerfest - Hámmerfeasta,1973,11373
5603,Hammerfest - Hámmerfeasta,1974,11548
5603,Hammerfest - Hámmerfeasta,1975,11697
5603,Hammerfest - Hámmerfeasta,1976,11617
5603,Hammerfest - Hámmerfeasta,1977,11432
5603,Hammerfest - Hámmerfeasta,1978,11335
5603,Hammerfest - Hámmerfeasta,1979,11367
5603,Hammerfest - Hámmerfeasta,1980,11359
5603,Hammerfest - Hámmerfeasta,1981,11370
5603,Hammerfest - Hámmerfeasta,1982,11278
5603,Hammerfest - Hámmerfeasta,1983,11132
5603,Hammerfest - Hámmerfeasta,1984,11098
5603,Hammerfest - Hámmerfeasta,1985,10971
5605,Sør-Varanger,1951,8921
5605,Sør-Varanger,1952,9035
5605,Sør-Varanger,1953,9132
5605,Sør-Varanger,1954,9261
5605,Sør-Varanger,1955,9312
5605,Sør-Varanger,1956,9466
5605,Sør-Varanger,1957,9566
5605,Sør-Varanger,1958,9744
5605,Sør-Varanger,1959,9954
5605,Sør-Varanger,1960,9977
5605,Sør-Varanger,1961,10186
5605,Sør-Varanger,1962,10280
5605,Sør-Varanger,1963,10385
5605,Sør-Varanger,1964,10511
5605,Sør-Varanger,1965,10513
5605,Sør-Varanger,1966,10491
5605,Sør-Varanger,1967,10445
5605,Sør-Varanger,1968,10522
5605,Sør-Varanger,1969,10590
5605,Sør-Varanger,1970,10567
5605,Sør-Varanger,1971,10482
5605,Sør-Varanger,1972,10640
5605,Sør-Varanger,1973,10648
5605,Sør-Varanger,1974,10787
5605,Sør-Varanger,1975,10860
5605,Sør-Varanger,1976,10891
5605,Sør-Varanger,1977,10919
5605,Sør-Varanger,1978,10766
5605,Sør-Varanger,1979,10541
5605,Sør-Varanger,1980,10529
5605,Sør-Varanger,1981,10447
5605,Sør-Varanger,1982,10276
5605,Sør-Varanger,1983,10184
5605,Sør-Varanger,1984,10105
5605,Sør-Varanger,1985,10073
5607,Vadsø,1951,4427
5607,Vadsø,1952,4425
5607,Vadsø,1953,4388
5607,Vadsø,1954,4451
5607,Vadsø,1955,4511
5607,Vadsø,1956,4463
5607,Vadsø,1957,4523
5607,Vadsø,1958,4558
5607,Vadsø,1959,4585
5607,Vadsø,1960,4726
5607,Vadsø,1961,4686
5607,Vadsø,1962,4725
5607,Vadsø,1963,4790
5607,Vadsø,1964,4940
5607,Vadsø,1965,5116
5607,Vadsø,1966,5275
5607,Vadsø,1967,5342
5607,Vadsø,1968,5462
5607,Vadsø,1969,5573
5607,Vadsø,1970,5604
5607,Vadsø,1971,5570
5607,Vadsø,1972,5652
5607,Vadsø,1973,5797
5607,Vadsø,1974,5855
5607,Vadsø,1975,5937
5607,Vadsø,1976,6012
5607,Vadsø,1977,6015
5607,Vadsø,1978,5978
5607,Vadsø,1979,6054
5607,Vadsø,1980,6048
5607,Vadsø,1981,6074
5607,Vadsø,1982,6102
5607,Vadsø,1983,5990
5607,Vadsø,1984,6009
5607,Vadsø,1985,5998
5610,Kárásjohka - Karasjok,1951,1693
5610,Kárásjohka - Karasjok,1952,1739
5610,Kárásjohka - Karasjok,1953,1809
5610,Kárásjohka - Karasjok,1954,1871
5610,Kárásjohka - Karasjok,1955,1940
5610,Kárásjohka - Karasjok,1956,1995
5610,Kárásjohka - Karasjok,1957,2041
5610,Kárásjohka - Karasjok,1958,2077
5610,Kárásjohka - Karasjok,1959,2123
5610,Kárásjohka - Karasjok,1960,2162
5610,Kárásjohka - Karasjok,1961,2193
5610,Kárásjohka - Karasjok,1962,2250
5610,Kárásjohka - Karasjok,1963,2288
5610,Kárásjohka - Karasjok,1964,2308
5610,Kárásjohka - Karasjok,1965,2394
5610,Kárásjohka - Karasjok,1966,2452
5610,Kárásjohka - Karasjok,1967,2461
5610,Kárásjohka - Karasjok,1968,2511
5610,Kárásjohka - Karasjok,1969,2513
5610,Kárásjohka - Karasjok,1970,2558
5610,Kárásjohka - Karasjok,1971,2542
5610,Kárásjohka - Karasjok,1972,2585
5610,Kárásjohka - Karasjok,1973,2623
5610,Kárásjohka - Karasjok,1974,2682
5610,Kárásjohka - Karasjok,1975,2694
5610,Kárásjohka - Karasjok,1976,2701
5610,Kárásjohka - Karasjok,1977,2661
5610,Kárásjohka - Karasjok,1978,2652
5610,Kárásjohka - Karasjok,1979,2629
5610,Kárásjohka - Karasjok,1980,2658
5610,Kárásjohka - Karasjok,1981,2648
5610,Kárásjohka - Karasjok,1982,2695
5610,Kárásjohka - Karasjok,1983,2686
5610,Kárásjohka - Karasjok,1984,2700
5610,Kárásjohka - Karasjok,1985,2732
5612,Guovdageaidnu - Kautokeino,1951,1559
5612,Guovdageaidnu - Kautokeino,1952,1586
5612,Guovdageaidnu - Kautokeino,1953,1601
5612,Guovdageaidnu - Kautokeino,1954,1631
5612,Guovdageaidnu - Kautokeino,1955,1670
5612,Guovdageaidnu - Kautokeino,1956,1710
5612,Guovdageaidnu - Kautokeino,1957,1765
5612,Guovdageaidnu - Kautokeino,1958,1798
5612,Guovdageaidnu - Kautokeino,1959,1829
5612,Guovdageaidnu - Kautokeino,1960,1863
5612,Guovdageaidnu - Kautokeino,1961,1946
5612,Guovdageaidnu - Kautokeino,1962,1970
5612,Guovdageaidnu - Kautokeino,1963,2035
5612,Guovdageaidnu - Kautokeino,1964,2093
5612,Guovdageaidnu - Kautokeino,1965,2155
5612,Guovdageaidnu - Kautokeino,1966,2209
5612,Guovdageaidnu - Kautokeino,1967,2269
5612,Guovdageaidnu - Kautokeino,1968,2317
5612,Guovdageaidnu - Kautokeino,1969,2399
5612,Guovdageaidnu - Kautokeino,1970,2507
5612,Guovdageaidnu - Kautokeino,1971,2578
5612,Guovdageaidnu - Kautokeino,1972,2583
5612,Guovdageaidnu - Kautokeino,1973,2672
5612,Guovdageaidnu - Kautokeino,1974,2717
5612,Guovdageaidnu - Kautokeino,1975,2791
5612,Guovdageaidnu - Kautokeino,1976,2802
5612,Guovdageaidnu - Kautokeino,1977,2817
5612,Guovdageaidnu - Kautokeino,1978,2810
5612,Guovdageaidnu - Kautokeino,1979,2845
5612,Guovdageaidnu - Kautokeino,1980,2855
5612,Guovdageaidnu - Kautokeino,1981,2859
5612,Guovdageaidnu - Kautokeino,1982,2922
5612,Guovdageaidnu - Kautokeino,1983,2909
5612,Guovdageaidnu - Kautokeino,1984,2960
5612,Guovdageaidnu - Kautokeino,1985,2925
5614,Loppa,1951,2477
5614,Loppa,1952,2518
5614,Loppa,1953,2601
5614,Loppa,1954,2625
5614,Loppa,1955,2622
5614,Loppa,1956,2663
5614,Loppa,1957,2668
5614,Loppa,1958,2666
5614,Loppa,1959,2703
5614,Loppa,1960,2706
5614,Loppa,1961,2657
5614,Loppa,1962,2683
5614,Loppa,1963,2643
5614,Loppa,1964,2627
5614,Loppa,1965,2650
5614,Loppa,1966,2598
5614,Loppa,1967,2494
5614,Loppa,1968,2421
5614,Loppa,1969,2368
5614,Loppa,1970,2322
5614,Loppa,1971,2231
5614,Loppa,1972,2258
5614,Loppa,1973,2185
5614,Loppa,1974,2215
5614,Loppa,1975,2212
5614,Loppa,1976,2196
5614,Loppa,1977,2167
5614,Loppa,1978,2122
5614,Loppa,1979,2085
5614,Loppa,1980,2070
5614,Loppa,1981,2036
5614,Loppa,1982,2044
5614,Loppa,1983,2031
5614,Loppa,1984,1989
5614,Loppa,1985,1944
5616,Hasvik,1951,1768
5616,Hasvik,1952,1782
5616,Hasvik,1953,1819
5616,Hasvik,1954,1793
5616,Hasvik,1955,1795
5616,Hasvik,1956,1810
5616,Hasvik,1957,1818
5616,Hasvik,1958,1784
5616,Hasvik,1959,1807
5616,Hasvik,1960,1830
5616,Hasvik,1961,1866
5616,Hasvik,1962,1839
5616,Hasvik,1963,1799
5616,Hasvik,1964,1847
5616,Hasvik,1965,1868
5616,Hasvik,1966,1900
5616,Hasvik,1967,1854
5616,Hasvik,1968,1794
5616,Hasvik,1969,1736
5616,Hasvik,1970,1695
5616,Hasvik,1971,1625
5616,Hasvik,1972,1612
5616,Hasvik,1973,1622
5616,Hasvik,1974,1680
5616,Hasvik,1975,1717
5616,Hasvik,1976,1705
5616,Hasvik,1977,1668
5616,Hasvik,1978,1705
5616,Hasvik,1979,1674
5616,Hasvik,1980,1649
5616,Hasvik,1981,1671
5616,Hasvik,1982,1744
5616,Hasvik,1983,1672
5616,Hasvik,1984,1584
5616,Hasvik,1985,1572
5618,Måsøy,1951,2830
5618,Måsøy,1952,2905
5618,Måsøy,1953,2965
5618,Måsøy,1954,3031
5618,Måsøy,1955,3046
5618,Måsøy,1956,3063
5618,Måsøy,1957,3140
5618,Måsøy,1958,3117
5618,Måsøy,1959,3181
5618,Måsøy,1960,3179
5618,Måsøy,1961,3174
5618,Måsøy,1962,3196
5618,Måsøy,1963,3202
5618,Måsøy,1964,3203
5618,Måsøy,1965,3232
5618,Måsøy,1966,3206
5618,Måsøy,1967,3228
5618,Måsøy,1968,3207
5618,Måsøy,1969,3137
5618,Måsøy,1970,3014
5618,Måsøy,1971,2887
5618,Måsøy,1972,2899
5618,Måsøy,1973,2930
5618,Måsøy,1974,2896
5618,Måsøy,1975,2935
5618,Måsøy,1976,2856
5618,Måsøy,1977,2837
5618,Måsøy,1978,2749
5618,Måsøy,1979,2701
5618,Måsøy,1980,2623
5618,Måsøy,1981,2572
5618,Måsøy,1982,2550
5618,Måsøy,1983,2471
5618,Måsøy,1984,2432
5618,Måsøy,1985,2099
5620,Nordkapp,1951,4448
5620,Nordkapp,1952,4494
5620,Nordkapp,1953,4679
5620,Nordkapp,1954,4794
5620,Nordkapp,1955,4925
5620,Nordkapp,1956,5097
5620,Nordkapp,1957,5155
5620,Nordkapp,1958,5237
5620,Nordkapp,1959,5253
5620,Nordkapp,1960,5291
5620,Nordkapp,1961,5310
5620,Nordkapp,1962,5346
5620,Nordkapp,1963,5385
5620,Nordkapp,1964,5349
5620,Nordkapp,1965,5320
5620,Nordkapp,1966,5316
5620,Nordkapp,1967,5449
5620,Nordkapp,1968,5383
5620,Nordkapp,1969,5335
5620,Nordkapp,1970,5234
5620,Nordkapp,1971,5161
5620,Nordkapp,1972,5154
5620,Nordkapp,1973,5117
5620,Nordkapp,1974,5121
5620,Nordkapp,1975,5075
5620,Nordkapp,1976,5051
5620,Nordkapp,1977,5013
5620,Nordkapp,1978,4931
5620,Nordkapp,1979,4835
5620,Nordkapp,1980,4736
5620,Nordkapp,1981,4640
5620,Nordkapp,1982,4492
5620,Nordkapp,1983,4412
5620,Nordkapp,1984,4382
5620,Nordkapp,1985,4525
5622,Porsanger - Porsángu - Porsanki,1951,3298
5622,Porsanger - Porsángu - Porsanki,1952,3310
5622,Porsanger - Porsángu - Porsanki,1953,3347
5622,Porsanger - Porsángu - Porsanki,1954,3337
5622,Porsanger - Porsángu - Porsanki,1955,3381
5622,Porsanger - Porsángu - Porsanki,1956,3406
5622,Porsanger - Porsángu - Porsanki,1957,3471
5622,Porsanger - Porsángu - Porsanki,1958,3488
5622,Porsanger - Porsángu - Porsanki,1959,3520
5622,Porsanger - Porsángu - Porsanki,1960,3602
5622,Porsanger - Porsángu - Porsanki,1961,3600
5622,Porsanger - Porsángu - Porsanki,1962,3634
5622,Porsanger - Porsángu - Porsanki,1963,3679
5622,Porsanger - Porsángu - Porsanki,1964,3709
5622,Porsanger - Porsángu - Porsanki,1965,3787
5622,Porsanger - Porsángu - Porsanki,1966,3836
5622,Porsanger - Porsángu - Porsanki,1967,3871
5622,Porsanger - Porsángu - Porsanki,1968,3931
5622,Porsanger - Porsángu - Porsanki,1969,3911
5622,Porsanger - Porsángu - Porsanki,1970,3922
5622,Porsanger - Porsángu - Porsanki,1971,3907
5622,Porsanger - Porsángu - Porsanki,1972,3961
5622,Porsanger - Porsángu - Porsanki,1973,4193
5622,Porsanger - Porsángu - Porsanki,1974,4368
5622,Porsanger - Porsángu - Porsanki,1975,4500
5622,Porsanger - Porsángu - Porsanki,1976,4468
5622,Porsanger - Porsángu - Porsanki,1977,4486
5622,Porsanger - Porsángu - Porsanki,1978,4509
5622,Porsanger - Porsángu - Porsanki,1979,4482
5622,Porsanger - Porsángu - Porsanki,1980,4597
5622,Porsanger - Porsángu - Porsanki,1981,4568
5622,Porsanger - Porsángu - Porsanki,1982,4566
5622,Porsanger - Porsángu - Porsanki,1983,4556
5622,Porsanger - Porsángu - Porsanki,1984,4541
5622,Porsanger - Porsángu - Porsanki,1985,4559
5624,Lebesby,1951,2438
5624,Lebesby,1952,2484
5624,Lebesby,1953,2495
5624,Lebesby,1954,2516
5624,Lebesby,1955,2484
5624,Lebesby,1956,2539
5624,Lebesby,1957,2529
5624,Lebesby,1958,2507
5624,Lebesby,1959,2465
5624,Lebesby,1960,2414
5624,Lebesby,1961,2422
5624,Lebesby,1962,2433
5624,Lebesby,1963,2418
5624,Lebesby,1964,2395
5624,Lebesby,1965,2361
5624,Lebesby,1966,2328
5624,Lebesby,1967,2312
5624,Lebesby,1968,2329
5624,Lebesby,1969,2339
5624,Lebesby,1970,2261
5624,Lebesby,1971,2244
5624,Lebesby,1972,2291
5624,Lebesby,1973,2213
5624,Lebesby,1974,2193
5624,Lebesby,1975,2174
5624,Lebesby,1976,2147
5624,Lebesby,1977,2059
5624,Lebesby,1978,2015
5624,Lebesby,1979,2022
5624,Lebesby,1980,2015
5624,Lebesby,1981,1965
5624,Lebesby,1982,1965
5624,Lebesby,1983,1931
5624,Lebesby,1984,1921
5624,Lebesby,1985,1846
5626,Gamvik,1951,1736
5626,Gamvik,1952,1773
5626,Gamvik,1953,1742
5626,Gamvik,1954,1735
5626,Gamvik,1955,1696
5626,Gamvik,1956,1744
5626,Gamvik,1957,1743
5626,Gamvik,1958,1739
5626,Gamvik,1959,1760
5626,Gamvik,1960,1774
5626,Gamvik,1961,1762
5626,Gamvik,1962,1777
5626,Gamvik,1963,1775
5626,Gamvik,1964,1743
5626,Gamvik,1965,1745
5626,Gamvik,1966,1710
5626,Gamvik,1967,1678
5626,Gamvik,1968,1640
5626,Gamvik,1969,1640
5626,Gamvik,1970,1650
5626,Gamvik,1971,1682
5626,Gamvik,1972,1713
5626,Gamvik,1973,1743
5626,Gamvik,1974,1769
5626,Gamvik,1975,1767
5626,Gamvik,1976,1743
5626,Gamvik,1977,1759
5626,Gamvik,1978,1752
5626,Gamvik,1979,1680
5626,Gamvik,1980,1636
5626,Gamvik,1981,1606
5626,Gamvik,1982,1582
5626,Gamvik,1983,1569
5626,Gamvik,1984,1590
5626,Gamvik,1985,1568
5628,Deatnu - Tana,1951,3041
5628,Deatnu - Tana,1952,3087
5628,Deatnu - Tana,1953,3118
5628,Deatnu - Tana,1954,3120
5628,Deatnu - Tana,1955,3145
5628,Deatnu - Tana,1956,3261
5628,Deatnu - Tana,1957,3305
5628,Deatnu - Tana,1958,3317
5628,Deatnu - Tana,1959,3309
5628,Deatnu - Tana,1960,3310
5628,Deatnu - Tana,1961,3285
5628,Deatnu - Tana,1962,3252
5628,Deatnu - Tana,1963,3258
5628,Deatnu - Tana,1964,3309
5628,Deatnu - Tana,1965,3301
5628,Deatnu - Tana,1966,3237
5628,Deatnu - Tana,1967,3232
5628,Deatnu - Tana,1968,3194
5628,Deatnu - Tana,1969,3176
5628,Deatnu - Tana,1970,3138
5628,Deatnu - Tana,1971,3111
5628,Deatnu - Tana,1972,3092
5628,Deatnu - Tana,1973,3105
5628,Deatnu - Tana,1974,3140
5628,Deatnu - Tana,1975,3133
5628,Deatnu - Tana,1976,3149
5628,Deatnu - Tana,1977,3188
5628,Deatnu - Tana,1978,3241
5628,Deatnu - Tana,1979,3252
5628,Deatnu - Tana,1980,3293
5628,Deatnu - Tana,1981,3331
5628,Deatnu - Tana,1982,3309
5628,Deatnu - Tana,1983,3332
5628,Deatnu - Tana,1984,3347
5628,Deatnu - Tana,1985,3340
5630,Berlevåg,1951,1552
5630,Berlevåg,1952,1563
5630,Berlevåg,1953,1608
5630,Berlevåg,1954,1615
5630,Berlevåg,1955,1622
5630,Berlevåg,1956,1666
5630,Berlevåg,1957,1704
5630,Berlevåg,1958,1727
5630,Berlevåg,1959,1747
5630,Berlevåg,1960,1804
5630,Berlevåg,1961,1799
5630,Berlevåg,1962,1807
5630,Berlevåg,1963,1819
5630,Berlevåg,1964,1839
5630,Berlevåg,1965,1853
5630,Berlevåg,1966,1803
5630,Berlevåg,1967,1853
5630,Berlevåg,1968,1861
5630,Berlevåg,1969,1850
5630,Berlevåg,1970,1820
5630,Berlevåg,1971,1845
5630,Berlevåg,1972,1886
5630,Berlevåg,1973,1837
5630,Berlevåg,1974,1864
5630,Berlevåg,1975,1834
5630,Berlevåg,1976,1810
5630,Berlevåg,1977,1792
5630,Berlevåg,1978,1770
5630,Berlevåg,1979,1733
5630,Berlevåg,1980,1677
5630,Berlevåg,1981,1658
5630,Berlevåg,1982,1590
5630,Berlevåg,1983,1581
5630,Berlevåg,1984,1594
5630,Berlevåg,1985,1531
5632,Båtsfjord,1951,1945
5632,Båtsfjord,1952,1965
5632,Båtsfjord,1953,1982
5632,Båtsfjord,1954,2003
5632,Båtsfjord,1955,2060
5632,Båtsfjord,1956,2128
5632,Båtsfjord,1957,2183
5632,Båtsfjord,1958,2211
5632,Båtsfjord,1959,2220
5632,Båtsfjord,1960,2266
5632,Båtsfjord,1961,2200
5632,Båtsfjord,1962,2241
5632,Båtsfjord,1963,2277
5632,Båtsfjord,1964,2281
5632,Båtsfjord,1965,2283
5632,Båtsfjord,1966,2253
5632,Båtsfjord,1967,2310
5632,Båtsfjord,1968,2429
5632,Båtsfjord,1969,2506
5632,Båtsfjord,1970,2628
5632,Båtsfjord,1971,2805
5632,Båtsfjord,1972,2787
5632,Båtsfjord,1973,2785
5632,Båtsfjord,1974,2894
5632,Båtsfjord,1975,2886
5632,Båtsfjord,1976,2821
5632,Båtsfjord,1977,2861
5632,Båtsfjord,1978,2901
5632,Båtsfjord,1979,2895
5632,Båtsfjord,1980,2785
5632,Båtsfjord,1981,2755
5632,Båtsfjord,1982,2674
5632,Båtsfjord,1983,2694
5632,Båtsfjord,1984,2682
5632,Båtsfjord,1985,2658
5634,Vardø,1951,3812
5634,Vardø,1952,3875
5634,Vardø,1953,3857
5634,Vardø,1954,3903
5634,Vardø,1955,3958
5634,Vardø,1956,4008
5634,Vardø,1957,4082
5634,Vardø,1958,4110
5634,Vardø,1959,4141
5634,Vardø,1960,4144
5634,Vardø,1961,4067
5634,Vardø,1962,4102
5634,Vardø,1963,4075
5634,Vardø,1964,4066
5634,Vardø,1965,4116
5634,Vardø,1966,4162
5634,Vardø,1967,4175
5634,Vardø,1968,4222
5634,Vardø,1969,4216
5634,Vardø,1970,4187
5634,Vardø,1971,4095
5634,Vardø,1972,4048
5634,Vardø,1973,3961
5634,Vardø,1974,3980
5634,Vardø,1975,3918
5634,Vardø,1976,3874
5634,Vardø,1977,3889
5634,Vardø,1978,3829
5634,Vardø,1979,3769
5634,Vardø,1980,3830
5634,Vardø,1981,3646
5634,Vardø,1982,3534
5634,Vardø,1983,3480
5634,Vardø,1984,3459
5634,Vardø,1985,3365
5636,Unjárga - Nesseby,1951,1512
5636,Unjárga - Nesseby,1952,1477
5636,Unjárga - Nesseby,1953,1475
5636,Unjárga - Nesseby,1954,1476
5636,Unjárga - Nesseby,1955,1470
5636,Unjárga - Nesseby,1956,1481
5636,Unjárga - Nesseby,1957,1443
5636,Unjárga - Nesseby,1958,1406
5636,Unjárga - Nesseby,1959,1392
5636,Unjárga - Nesseby,1960,1384
5636,Unjárga - Nesseby,1961,1364
5636,Unjárga - Nesseby,1962,1364
5636,Unjárga - Nesseby,1963,1362
5636,Unjárga - Nesseby,1964,1363
5636,Unjárga - Nesseby,1965,1353
5636,Unjárga - Nesseby,1966,1342
5636,Unjárga - Nesseby,1967,1324
5636,Unjárga - Nesseby,1968,1292
5636,Unjárga - Nesseby,1969,1283
5636,Unjárga - Nesseby,1970,1256
5636,Unjárga - Nesseby,1971,1193
5636,Unjárga - Nesseby,1972,1160
5636,Unjárga - Nesseby,1973,1164
5636,Unjárga - Nesseby,1974,1186
5636,Unjárga - Nesseby,1975,1202
5636,Unjárga - Nesseby,1976,1164
5636,Unjárga - Nesseby,1977,1165
5636,Unjárga - Nesseby,1978,1165
5636,Unjárga - Nesseby,1979,1134
5636,Unjárga - Nesseby,1980,1113
5636,Unjárga - Nesseby,1981,1087
5636,Unjárga - Nesseby,1982,1088
5636,Unjárga - Nesseby,1983,1060
5636,Unjárga - Nesseby,1984,1056
5636,Unjárga - Nesseby,1985,1016
0301,Oslo - Oslove,1986,449395
0301,Oslo - Oslove,1987,451345
0301,Oslo - Oslove,1988,453730
0301,Oslo - Oslove,1989,456124
0301,Oslo - Oslove,1990,458364
0301,Oslo - Oslove,1991,461644
0301,Oslo - Oslove,1992,467441
0301,Oslo - Oslove,1993,473454
0301,Oslo - Oslove,1994,477781
0301,Oslo - Oslove,1995,483401
0301,Oslo - Oslove,1996,488659
0301,Oslo - Oslove,1997,494793
0301,Oslo - Oslove,1998,499693
0301,Oslo - Oslove,1999,502867
0301,Oslo - Oslove,2000,507467
0301,Oslo - Oslove,2001,508726
0301,Oslo - Oslove,2002,512589
0301,Oslo - Oslove,2003,517401
0301,Oslo - Oslove,2004,521886
0301,Oslo - Oslove,2005,529846
0301,Oslo - Oslove,2006,538411
0301,Oslo - Oslove,2007,548617
0301,Oslo - Oslove,2008,560484
0301,Oslo - Oslove,2009,575475
0301,Oslo - Oslove,2010,586860
0301,Oslo - Oslove,2011,599230
0301,Oslo - Oslove,2012,613285
0301,Oslo - Oslove,2013,623966
0301,Oslo - Oslove,2014,634463
0301,Oslo - Oslove,2015,647676
0301,Oslo - Oslove,2016,658390
0301,Oslo - Oslove,2017,666759
0301,Oslo - Oslove,2018,673469
0301,Oslo - Oslove,2019,681071
0301,Oslo - Oslove,2020,693494
0301,Oslo - Oslove,2021,697010
0301,Oslo - Oslove,2022,699827
0301,Oslo - Oslove,2023,709037
0301,Oslo - Oslove,2024,717710
0301,Oslo - Oslove,2025,724290
0301,Oslo - Oslove,2026,728714
1101,Eigersund,1986,12087
1101,Eigersund,1987,12159
1101,Eigersund,1988,12203
1101,Eigersund,1989,12337
1101,Eigersund,1990,12391
1101,Eigersund,1991,12398
1101,Eigersund,1992,12495
1101,Eigersund,1993,12646
1101,Eigersund,1994,12721
1101,Eigersund,1995,12798
1101,Eigersund,1996,12863
1101,Eigersund,1997,12904
1101,Eigersund,1998,13045
1101,Eigersund,1999,13109
1101,Eigersund,2000,13288
1101,Eigersund,2001,13291
1101,Eigersund,2002,13324
1101,Eigersund,2003,13350
1101,Eigersund,2004,13388
1101,Eigersund,2005,13408
1101,Eigersund,2006,13418
1101,Eigersund,2007,13594
1101,Eigersund,2008,13778
1101,Eigersund,2009,13969
1101,Eigersund,2010,14170
1101,Eigersund,2011,14346
1101,Eigersund,2012,14475
1101,Eigersund,2013,14636
1101,Eigersund,2014,14811
1101,Eigersund,2015,14916
1101,Eigersund,2016,14942
1101,Eigersund,2017,14899
1101,Eigersund,2018,14898
1101,Eigersund,2019,14830
1101,Eigersund,2020,14811
1101,Eigersund,2021,14787
1101,Eigersund,2022,14860
1101,Eigersund,2023,15011
1101,Eigersund,2024,15221
1101,Eigersund,2025,15375
1101,Eigersund,2026,15546
1103,Stavanger,1986,100311
1103,Stavanger,1987,100761
1103,Stavanger,1988,101733
1103,Stavanger,1989,102308
1103,Stavanger,1990,102908
1103,Stavanger,1991,103536
1103,Stavanger,1992,105192
1103,Stavanger,1993,106797
1103,Stavanger,1994,108072
1103,Stavanger,1995,109126
1103,Stavanger,1996,109996
1103,Stavanger,1997,111324
1103,Stavanger,1998,112624
1103,Stavanger,1999,113893
1103,Stavanger,2000,114794
1103,Stavanger,2001,114870
1103,Stavanger,2002,115781
1103,Stavanger,2003,117074
1103,Stavanger,2004,118523
1103,Stavanger,2005,120113
1103,Stavanger,2006,121298
1103,Stavanger,2007,123513
1103,Stavanger,2008,126058
1103,Stavanger,2009,128288
1103,Stavanger,2010,130709
1103,Stavanger,2011,133142
1103,Stavanger,2012,134849
1103,Stavanger,2013,136825
1103,Stavanger,2014,138567
1103,Stavanger,2015,140043
1103,Stavanger,2016,140721
1103,Stavanger,2017,140856
1103,Stavanger,2018,141186
1103,Stavanger,2019,142034
1103,Stavanger,2020,143574
1103,Stavanger,2021,144147
1103,Stavanger,2022,144699
1103,Stavanger,2023,146011
1103,Stavanger,2024,149048
1103,Stavanger,2025,150123
1103,Stavanger,2026,151669
1106,Haugesund,1986,26883
1106,Haugesund,1987,26884
1106,Haugesund,1988,26947
1106,Haugesund,1989,27229
1106,Haugesund,1990,27600
1106,Haugesund,1991,27788
1106,Haugesund,1992,28106
1106,Haugesund,1993,28436
1106,Haugesund,1994,28670
1106,Haugesund,1995,29064
1106,Haugesund,1996,29229
1106,Haugesund,1997,29385
1106,Haugesund,1998,29699
1106,Haugesund,1999,29888
1106,Haugesund,2000,30362
1106,Haugesund,2001,30609
1106,Haugesund,2002,30742
1106,Haugesund,2003,31013
1106,Haugesund,2004,31361
1106,Haugesund,2005,31530
1106,Haugesund,2006,31738
1106,Haugesund,2007,32303
1106,Haugesund,2008,32956
1106,Haugesund,2009,33665
1106,Haugesund,2010,34049
1106,Haugesund,2011,34619
1106,Haugesund,2012,35099
1106,Haugesund,2013,35753
1106,Haugesund,2014,36099
1106,Haugesund,2015,36538
1106,Haugesund,2016,36951
1106,Haugesund,2017,37166
1106,Haugesund,2018,37167
1106,Haugesund,2019,37250
1106,Haugesund,2020,37357
1106,Haugesund,2021,37323
1106,Haugesund,2022,37444
1106,Haugesund,2023,37855
1106,Haugesund,2024,38292
1106,Haugesund,2025,38441
1106,Haugesund,2026,38663
1108,Sandnes,1986,41803
1108,Sandnes,1987,42887
1108,Sandnes,1988,43525
1108,Sandnes,1989,44613
1108,Sandnes,1990,45339
1108,Sandnes,1991,45983
1108,Sandnes,1992,46747
1108,Sandnes,1993,47848
1108,Sandnes,1994,48956
1108,Sandnes,1995,49763
1108,Sandnes,1996,50273
1108,Sandnes,1997,50974
1108,Sandnes,1998,51863
1108,Sandnes,1999,53092
1108,Sandnes,2000,54016
1108,Sandnes,2001,54893
1108,Sandnes,2002,55984
1108,Sandnes,2003,56805
1108,Sandnes,2004,57737
1108,Sandnes,2005,58720
1108,Sandnes,2006,60039
1108,Sandnes,2007,61610
1108,Sandnes,2008,63153
1108,Sandnes,2009,64565
1108,Sandnes,2010,65820
1108,Sandnes,2011,67411
1108,Sandnes,2012,69004
1108,Sandnes,2013,71273
1108,Sandnes,2014,73142
1108,Sandnes,2015,74832
1108,Sandnes,2016,76058
1108,Sandnes,2017,76742
1108,Sandnes,2018,77574
1108,Sandnes,2019,78439
1108,Sandnes,2020,79537
1108,Sandnes,2021,80450
1108,Sandnes,2022,81305
1108,Sandnes,2023,82548
1108,Sandnes,2024,83702
1108,Sandnes,2025,84908
1108,Sandnes,2026,85785
1111,Sokndal,1986,3483
1111,Sokndal,1987,3487
1111,Sokndal,1988,3507
1111,Sokndal,1989,3497
1111,Sokndal,1990,3487
1111,Sokndal,1991,3453
1111,Sokndal,1992,3486
1111,Sokndal,1993,3501
1111,Sokndal,1994,3508
1111,Sokndal,1995,3517
1111,Sokndal,1996,3495
1111,Sokndal,1997,3484
1111,Sokndal,1998,3424
1111,Sokndal,1999,3394
1111,Sokndal,2000,3358
1111,Sokndal,2001,3354
1111,Sokndal,2002,3309
1111,Sokndal,2003,3294
1111,Sokndal,2004,3320
1111,Sokndal,2005,3309
1111,Sokndal,2006,3301
1111,Sokndal,2007,3266
1111,Sokndal,2008,3242
1111,Sokndal,2009,3246
1111,Sokndal,2010,3285
1111,Sokndal,2011,3265
1111,Sokndal,2012,3257
1111,Sokndal,2013,3286
1111,Sokndal,2014,3303
1111,Sokndal,2015,3309
1111,Sokndal,2016,3313
1111,Sokndal,2017,3316
1111,Sokndal,2018,3331
1111,Sokndal,2019,3305
1111,Sokndal,2020,3280
1111,Sokndal,2021,3257
1111,Sokndal,2022,3281
1111,Sokndal,2023,3324
1111,Sokndal,2024,3347
1111,Sokndal,2025,3371
1111,Sokndal,2026,3356
1112,Lund,1986,3110
1112,Lund,1987,3109
1112,Lund,1988,3113
1112,Lund,1989,3138
1112,Lund,1990,3101
1112,Lund,1991,3086
1112,Lund,1992,3059
1112,Lund,1993,3083
1112,Lund,1994,3071
1112,Lund,1995,3072
1112,Lund,1996,3063
1112,Lund,1997,3091
1112,Lund,1998,3084
1112,Lund,1999,3092
1112,Lund,2000,3096
1112,Lund,2001,3114
1112,Lund,2002,3130
1112,Lund,2003,3097
1112,Lund,2004,3105
1112,Lund,2005,3129
1112,Lund,2006,3098
1112,Lund,2007,3120
1112,Lund,2008,3112
1112,Lund,2009,3111
1112,Lund,2010,3139
1112,Lund,2011,3186
1112,Lund,2012,3183
1112,Lund,2013,3173
1112,Lund,2014,3225
1112,Lund,2015,3247
1112,Lund,2016,3243
1112,Lund,2017,3259
1112,Lund,2018,3237
1112,Lund,2019,3213
1112,Lund,2020,3202
1112,Lund,2021,3174
1112,Lund,2022,3178
1112,Lund,2023,3206
1112,Lund,2024,3226
1112,Lund,2025,3259
1112,Lund,2026,3229
1114,Bjerkreim,1986,2283
1114,Bjerkreim,1987,2305
1114,Bjerkreim,1988,2320
1114,Bjerkreim,1989,2309
1114,Bjerkreim,1990,2340
1114,Bjerkreim,1991,2373
1114,Bjerkreim,1992,2373
1114,Bjerkreim,1993,2432
1114,Bjerkreim,1994,2437
1114,Bjerkreim,1995,2458
1114,Bjerkreim,1996,2449
1114,Bjerkreim,1997,2449
1114,Bjerkreim,1998,2437
1114,Bjerkreim,1999,2454
1114,Bjerkreim,2000,2456
1114,Bjerkreim,2001,2483
1114,Bjerkreim,2002,2467
1114,Bjerkreim,2003,2480
1114,Bjerkreim,2004,2461
1114,Bjerkreim,2005,2463
1114,Bjerkreim,2006,2475
1114,Bjerkreim,2007,2507
1114,Bjerkreim,2008,2539
1114,Bjerkreim,2009,2580
1114,Bjerkreim,2010,2583
1114,Bjerkreim,2011,2651
1114,Bjerkreim,2012,2739
1114,Bjerkreim,2013,2779
1114,Bjerkreim,2014,2820
1114,Bjerkreim,2015,2861
1114,Bjerkreim,2016,2825
1114,Bjerkreim,2017,2826
1114,Bjerkreim,2018,2826
1114,Bjerkreim,2019,2807
1114,Bjerkreim,2020,2787
1114,Bjerkreim,2021,2791
1114,Bjerkreim,2022,2789
1114,Bjerkreim,2023,2848
1114,Bjerkreim,2024,2892
1114,Bjerkreim,2025,2905
1114,Bjerkreim,2026,2894
1119,Hå,1986,12715
1119,Hå,1987,12802
1119,Hå,1988,12868
1119,Hå,1989,12988
1119,Hå,1990,13034
1119,Hå,1991,13022
1119,Hå,1992,13067
1119,Hå,1993,13041
1119,Hå,1994,13409
1119,Hå,1995,13268
1119,Hå,1996,13280
1119,Hå,1997,13356
1119,Hå,1998,13498
1119,Hå,1999,13723
1119,Hå,2000,13921
1119,Hå,2001,14017
1119,Hå,2002,14203
1119,Hå,2003,14417
1119,Hå,2004,14570
1119,Hå,2005,14784
1119,Hå,2006,14883
1119,Hå,2007,15072
1119,Hå,2008,15438
1119,Hå,2009,15949
1119,Hå,2010,16342
1119,Hå,2011,16822
1119,Hå,2012,17244
1119,Hå,2013,17635
1119,Hå,2014,18115
1119,Hå,2015,18528
1119,Hå,2016,18591
1119,Hå,2017,18800
1119,Hå,2018,18762
1119,Hå,2019,18814
1119,Hå,2020,18991
1119,Hå,2021,19120
1119,Hå,2022,19296
1119,Hå,2023,19649
1119,Hå,2024,19827
1119,Hå,2025,20067
1119,Hå,2026,20087
1120,Klepp,1986,11358
1120,Klepp,1987,11565
1120,Klepp,1988,11688
1120,Klepp,1989,11796
1120,Klepp,1990,11788
1120,Klepp,1991,11871
1120,Klepp,1992,11953
1120,Klepp,1993,12202
1120,Klepp,1994,12381
1120,Klepp,1995,12605
1120,Klepp,1996,12757
1120,Klepp,1997,12950
1120,Klepp,1998,13240
1120,Klepp,1999,13548
1120,Klepp,2000,13789
1120,Klepp,2001,13884
1120,Klepp,2002,14009
1120,Klepp,2003,14135
1120,Klepp,2004,14313
1120,Klepp,2005,14536
1120,Klepp,2006,14832
1120,Klepp,2007,15271
1120,Klepp,2008,15839
1120,Klepp,2009,16350
1120,Klepp,2010,16918
1120,Klepp,2011,17397
1120,Klepp,2012,17746
1120,Klepp,2013,18227
1120,Klepp,2014,18485
1120,Klepp,2015,18741
1120,Klepp,2016,18970
1120,Klepp,2017,19042
1120,Klepp,2018,19217
1120,Klepp,2019,19354
1120,Klepp,2020,19588
1120,Klepp,2021,19848
1120,Klepp,2022,20163
1120,Klepp,2023,20615
1120,Klepp,2024,20900
1120,Klepp,2025,21186
1120,Klepp,2026,21444
1121,Time,1986,11182
1121,Time,1987,11353
1121,Time,1988,11407
1121,Time,1989,11676
1121,Time,1990,11929
1121,Time,1991,12059
1121,Time,1992,12245
1121,Time,1993,12331
1121,Time,1994,12475
1121,Time,1995,12687
1121,Time,1996,12793
1121,Time,1997,12893
1121,Time,1998,12973
1121,Time,1999,13100
1121,Time,2000,13317
1121,Time,2001,13501
1121,Time,2002,13593
1121,Time,2003,13909
1121,Time,2004,14177
1121,Time,2005,14461
1121,Time,2006,14807
1121,Time,2007,15048
1121,Time,2008,15459
1121,Time,2009,15836
1121,Time,2010,16077
1121,Time,2011,16450
1121,Time,2012,16769
1121,Time,2013,17437
1121,Time,2014,17897
1121,Time,2015,18306
1121,Time,2016,18572
1121,Time,2017,18656
1121,Time,2018,18699
1121,Time,2019,18795
1121,Time,2020,18916
1121,Time,2021,19106
1121,Time,2022,19353
1121,Time,2023,19781
1121,Time,2024,19910
1121,Time,2025,20157
1121,Time,2026,20461
1122,Gjesdal,1986,6238
1122,Gjesdal,1987,6608
1122,Gjesdal,1988,6866
1122,Gjesdal,1989,7057
1122,Gjesdal,1990,7263
1122,Gjesdal,1991,7481
1122,Gjesdal,1992,7682
1122,Gjesdal,1993,7855
1122,Gjesdal,1994,7998
1122,Gjesdal,1995,8148
1122,Gjesdal,1996,8241
1122,Gjesdal,1997,8360
1122,Gjesdal,1998,8534
1122,Gjesdal,1999,8747
1122,Gjesdal,2000,8911
1122,Gjesdal,2001,8995
1122,Gjesdal,2002,9104
1122,Gjesdal,2003,9137
1122,Gjesdal,2004,9248
1122,Gjesdal,2005,9273
1122,Gjesdal,2006,9426
1122,Gjesdal,2007,9621
1122,Gjesdal,2008,9729
1122,Gjesdal,2009,9969
1122,Gjesdal,2010,10208
1122,Gjesdal,2011,10508
1122,Gjesdal,2012,10778
1122,Gjesdal,2013,11039
1122,Gjesdal,2014,11317
1122,Gjesdal,2015,11600
1122,Gjesdal,2016,11853
1122,Gjesdal,2017,11902
1122,Gjesdal,2018,11866
1122,Gjesdal,2019,11899
1122,Gjesdal,2020,12002
1122,Gjesdal,2021,12064
1122,Gjesdal,2022,12131
1122,Gjesdal,2023,12302
1122,Gjesdal,2024,12362
1122,Gjesdal,2025,12536
1122,Gjesdal,2026,12715
1124,Sola,1986,14832
1124,Sola,1987,14981
1124,Sola,1988,15240
1124,Sola,1989,15705
1124,Sola,1990,15719
1124,Sola,1991,15982
1124,Sola,1992,16375
1124,Sola,1993,16814
1124,Sola,1994,17381
1124,Sola,1995,17779
1124,Sola,1996,17990
1124,Sola,1997,18182
1124,Sola,1998,18371
1124,Sola,1999,18706
1124,Sola,2000,18915
1124,Sola,2001,19023
1124,Sola,2002,19231
1124,Sola,2003,19538
1124,Sola,2004,19555
1124,Sola,2005,19832
1124,Sola,2006,20138
1124,Sola,2007,20666
1124,Sola,2008,21446
1124,Sola,2009,22076
1124,Sola,2010,22831
1124,Sola,2011,23350
1124,Sola,2012,23877
1124,Sola,2013,24579
1124,Sola,2014,25083
1124,Sola,2015,25708
1124,Sola,2016,26096
1124,Sola,2017,26016
1124,Sola,2018,26265
1124,Sola,2019,26582
1124,Sola,2020,27153
1124,Sola,2021,27457
1124,Sola,2022,27568
1124,Sola,2023,28315
1124,Sola,2024,28685
1124,Sola,2025,29153
1124,Sola,2026,29541
1127,Randaberg,1986,6967
1127,Randaberg,1987,7151
1127,Randaberg,1988,7207
1127,Randaberg,1989,7451
1127,Randaberg,1990,7561
1127,Randaberg,1991,7681
1127,Randaberg,1992,7756
1127,Randaberg,1993,7955
1127,Randaberg,1994,8051
1127,Randaberg,1995,8164
1127,Randaberg,1996,8317
1127,Randaberg,1997,8445
1127,Randaberg,1998,8605
1127,Randaberg,1999,8741
1127,Randaberg,2000,8773
1127,Randaberg,2001,8762
1127,Randaberg,2002,8880
1127,Randaberg,2003,8998
1127,Randaberg,2004,9076
1127,Randaberg,2005,9099
1127,Randaberg,2006,9304
1127,Randaberg,2007,9501
1127,Randaberg,2008,9622
1127,Randaberg,2009,9867
1127,Randaberg,2010,9997
1127,Randaberg,2011,10061
1127,Randaberg,2012,10265
1127,Randaberg,2013,10397
1127,Randaberg,2014,10416
1127,Randaberg,2015,10556
1127,Randaberg,2016,10737
1127,Randaberg,2017,10873
1127,Randaberg,2018,10972
1127,Randaberg,2019,11053
1127,Randaberg,2020,11221
1127,Randaberg,2021,11315
1127,Randaberg,2022,11454
1127,Randaberg,2023,11671
1127,Randaberg,2024,11742
1127,Randaberg,2025,11795
1127,Randaberg,2026,11841
1130,Strand,1986,9059
1130,Strand,1987,9221
1130,Strand,1988,9435
1130,Strand,1989,9525
1130,Strand,1990,9545
1130,Strand,1991,9535
1130,Strand,1992,9538
1130,Strand,1993,9584
1130,Strand,1994,9624
1130,Strand,1995,9728
1130,Strand,1996,9740
1130,Strand,1997,9792
1130,Strand,1998,9837
1130,Strand,1999,9969
1130,Strand,2000,10122
1130,Strand,2001,10182
1130,Strand,2002,10188
1130,Strand,2003,10298
1130,Strand,2004,10328
1130,Strand,2005,10441
1130,Strand,2006,10566
1130,Strand,2007,10654
1130,Strand,2008,10894
1130,Strand,2009,11045
1130,Strand,2010,11206
1130,Strand,2011,11379
1130,Strand,2012,11533
1130,Strand,2013,11882
1130,Strand,2014,12139
1130,Strand,2015,12395
1130,Strand,2016,12464
1130,Strand,2017,12662
1130,Strand,2018,12638
1130,Strand,2019,12720
1130,Strand,2020,12968
1130,Strand,2021,13070
1130,Strand,2022,13268
1130,Strand,2023,13474
1130,Strand,2024,13703
1130,Strand,2025,13813
1130,Strand,2026,13959
1133,Hjelmeland,1986,2860
1133,Hjelmeland,1987,2837
1133,Hjelmeland,1988,2805
1133,Hjelmeland,1989,2833
1133,Hjelmeland,1990,2827
1133,Hjelmeland,1991,2812
1133,Hjelmeland,1992,2822
1133,Hjelmeland,1993,2789
1133,Hjelmeland,1994,2730
1133,Hjelmeland,1995,2743
1133,Hjelmeland,1996,2771
1133,Hjelmeland,1997,2762
1133,Hjelmeland,1998,2748
1133,Hjelmeland,1999,2762
1133,Hjelmeland,2000,2756
1133,Hjelmeland,2001,2745
1133,Hjelmeland,2002,2708
1133,Hjelmeland,2003,2708
1133,Hjelmeland,2004,2747
1133,Hjelmeland,2005,2736
1133,Hjelmeland,2006,2723
1133,Hjelmeland,2007,2707
1133,Hjelmeland,2008,2678
1133,Hjelmeland,2009,2701
1133,Hjelmeland,2010,2744
1133,Hjelmeland,2011,2814
1133,Hjelmeland,2012,2807
1133,Hjelmeland,2013,2799
1133,Hjelmeland,2014,2787
1133,Hjelmeland,2015,2785
1133,Hjelmeland,2016,2737
1133,Hjelmeland,2017,2708
1133,Hjelmeland,2018,2723
1133,Hjelmeland,2019,2684
1133,Hjelmeland,2020,2574
1133,Hjelmeland,2021,2580
1133,Hjelmeland,2022,2534
1133,Hjelmeland,2023,2619
1133,Hjelmeland,2024,2643
1133,Hjelmeland,2025,2681
1133,Hjelmeland,2026,2612
1134,Suldal,1986,4410
1134,Suldal,1987,4281
1134,Suldal,1988,4241
1134,Suldal,1989,4150
1134,Suldal,1990,4119
1134,Suldal,1991,4137
1134,Suldal,1992,4107
1134,Suldal,1993,4114
1134,Suldal,1994,4097
1134,Suldal,1995,4102
1134,Suldal,1996,4113
1134,Suldal,1997,4106
1134,Suldal,1998,4082
1134,Suldal,1999,4063
1134,Suldal,2000,4043
1134,Suldal,2001,4042
1134,Suldal,2002,3984
1134,Suldal,2003,3923
1134,Suldal,2004,3895
1134,Suldal,2005,3901
1134,Suldal,2006,3883
1134,Suldal,2007,3874
1134,Suldal,2008,3823
1134,Suldal,2009,3833
1134,Suldal,2010,3849
1134,Suldal,2011,3850
1134,Suldal,2012,3845
1134,Suldal,2013,3872
1134,Suldal,2014,3881
1134,Suldal,2015,3892
1134,Suldal,2016,3903
1134,Suldal,2017,3853
1134,Suldal,2018,3849
1134,Suldal,2019,3794
1134,Suldal,2020,3804
1134,Suldal,2021,3809
1134,Suldal,2022,3784
1134,Suldal,2023,3815
1134,Suldal,2024,3889
1134,Suldal,2025,3939
1134,Suldal,2026,3891
1135,Sauda,1986,5484
1135,Sauda,1987,5482
1135,Sauda,1988,5416
1135,Sauda,1989,5403
1135,Sauda,1990,5355
1135,Sauda,1991,5286
1135,Sauda,1992,5294
1135,Sauda,1993,5283
1135,Sauda,1994,5199
1135,Sauda,1995,5226
1135,Sauda,1996,5190
1135,Sauda,1997,5166
1135,Sauda,1998,5155
1135,Sauda,1999,5102
1135,Sauda,2000,5081
1135,Sauda,2001,5019
1135,Sauda,2002,4926
1135,Sauda,2003,4915
1135,Sauda,2004,4878
1135,Sauda,2005,4819
1135,Sauda,2006,4769
1135,Sauda,2007,4732
1135,Sauda,2008,4734
1135,Sauda,2009,4730
1135,Sauda,2010,4695
1135,Sauda,2011,4703
1135,Sauda,2012,4754
1135,Sauda,2013,4745
1135,Sauda,2014,4760
1135,Sauda,2015,4756
1135,Sauda,2016,4710
1135,Sauda,2017,4760
1135,Sauda,2018,4663
1135,Sauda,2019,4597
1135,Sauda,2020,4595
1135,Sauda,2021,4561
1135,Sauda,2022,4525
1135,Sauda,2023,4543
1135,Sauda,2024,4572
1135,Sauda,2025,4600
1135,Sauda,2026,4603
1144,Kvitsøy,1986,518
1144,Kvitsøy,1987,506
1144,Kvitsøy,1988,488
1144,Kvitsøy,1989,499
1144,Kvitsøy,1990,492
1144,Kvitsøy,1991,480
1144,Kvitsøy,1992,482
1144,Kvitsøy,1993,482
1144,Kvitsøy,1994,490
1144,Kvitsøy,1995,515
1144,Kvitsøy,1996,532
1144,Kvitsøy,1997,518
1144,Kvitsøy,1998,523
1144,Kvitsøy,1999,510
1144,Kvitsøy,2000,523
1144,Kvitsøy,2001,529
1144,Kvitsøy,2002,520
1144,Kvitsøy,2003,519
1144,Kvitsøy,2004,508
1144,Kvitsøy,2005,511
1144,Kvitsøy,2006,521
1144,Kvitsøy,2007,527
1144,Kvitsøy,2008,538
1144,Kvitsøy,2009,542
1144,Kvitsøy,2010,527
1144,Kvitsøy,2011,528
1144,Kvitsøy,2012,519
1144,Kvitsøy,2013,528
1144,Kvitsøy,2014,531
1144,Kvitsøy,2015,534
1144,Kvitsøy,2016,524
1144,Kvitsøy,2017,534
1144,Kvitsøy,2018,542
1144,Kvitsøy,2019,516
1144,Kvitsøy,2020,517
1144,Kvitsøy,2021,507
1144,Kvitsøy,2022,523
1144,Kvitsøy,2023,535
1144,Kvitsøy,2024,544
1144,Kvitsøy,2025,570
1144,Kvitsøy,2026,579
1145,Bokn,1986,742
1145,Bokn,1987,739
1145,Bokn,1988,736
1145,Bokn,1989,738
1145,Bokn,1990,738
1145,Bokn,1991,736
1145,Bokn,1992,738
1145,Bokn,1993,760
1145,Bokn,1994,775
1145,Bokn,1995,772
1145,Bokn,1996,779
1145,Bokn,1997,771
1145,Bokn,1998,773
1145,Bokn,1999,753
1145,Bokn,2000,786
1145,Bokn,2001,792
1145,Bokn,2002,765
1145,Bokn,2003,765
1145,Bokn,2004,767
1145,Bokn,2005,769
1145,Bokn,2006,770
1145,Bokn,2007,793
1145,Bokn,2008,823
1145,Bokn,2009,811
1145,Bokn,2010,831
1145,Bokn,2011,837
1145,Bokn,2012,851
1145,Bokn,2013,865
1145,Bokn,2014,868
1145,Bokn,2015,865
1145,Bokn,2016,865
1145,Bokn,2017,855
1145,Bokn,2018,844
1145,Bokn,2019,840
1145,Bokn,2020,852
1145,Bokn,2021,859
1145,Bokn,2022,855
1145,Bokn,2023,868
1145,Bokn,2024,883
1145,Bokn,2025,893
1145,Bokn,2026,907
1146,Tysvær,1986,7613
1146,Tysvær,1987,7757
1146,Tysvær,1988,7856
1146,Tysvær,1989,7957
1146,Tysvær,1990,8013
1146,Tysvær,1991,7974
1146,Tysvær,1992,8051
1146,Tysvær,1993,8023
1146,Tysvær,1994,8072
1146,Tysvær,1995,8133
1146,Tysvær,1996,8291
1146,Tysvær,1997,8393
1146,Tysvær,1998,8506
1146,Tysvær,1999,8669
1146,Tysvær,2000,8828
1146,Tysvær,2001,8909
1146,Tysvær,2002,9036
1146,Tysvær,2003,9092
1146,Tysvær,2004,9213
1146,Tysvær,2005,9370
1146,Tysvær,2006,9349
1146,Tysvær,2007,9513
1146,Tysvær,2008,9604
1146,Tysvær,2009,9712
1146,Tysvær,2010,9928
1146,Tysvær,2011,10191
1146,Tysvær,2012,10320
1146,Tysvær,2013,10487
1146,Tysvær,2014,10668
1146,Tysvær,2015,10857
1146,Tysvær,2016,10925
1146,Tysvær,2017,11041
1146,Tysvær,2018,11023
1146,Tysvær,2019,11028
1146,Tysvær,2020,11065
1146,Tysvær,2021,11178
1146,Tysvær,2022,11283
1146,Tysvær,2023,11405
1146,Tysvær,2024,11570
1146,Tysvær,2025,11715
1146,Tysvær,2026,11750
1149,Karmøy,1986,34196
1149,Karmøy,1987,34554
1149,Karmøy,1988,34827
1149,Karmøy,1989,35015
1149,Karmøy,1990,35094
1149,Karmøy,1991,35131
1149,Karmøy,1992,35154
1149,Karmøy,1993,35489
1149,Karmøy,1994,35645
1149,Karmøy,1995,35658
1149,Karmøy,1996,35783
1149,Karmøy,1997,36041
1149,Karmøy,1998,36260
1149,Karmøy,1999,36637
1149,Karmøy,2000,36971
1149,Karmøy,2001,37145
1149,Karmøy,2002,37093
1149,Karmøy,2003,37199
1149,Karmøy,2004,37281
1149,Karmøy,2005,37567
1149,Karmøy,2006,37928
1149,Karmøy,2007,38349
1149,Karmøy,2008,38926
1149,Karmøy,2009,39354
1149,Karmøy,2010,39624
1149,Karmøy,2011,40063
1149,Karmøy,2012,40536
1149,Karmøy,2013,41118
1149,Karmøy,2014,41753
1149,Karmøy,2015,42062
1149,Karmøy,2016,42187
1149,Karmøy,2017,42229
1149,Karmøy,2018,42243
1149,Karmøy,2019,42161
1149,Karmøy,2020,42186
1149,Karmøy,2021,42345
1149,Karmøy,2022,42541
1149,Karmøy,2023,42903
1149,Karmøy,2024,43306
1149,Karmøy,2025,43723
1149,Karmøy,2026,43990
1151,Utsira,1986,252
1151,Utsira,1987,244
1151,Utsira,1988,221
1151,Utsira,1989,218
1151,Utsira,1990,225
1151,Utsira,1991,230
1151,Utsira,1992,225
1151,Utsira,1993,222
1151,Utsira,1994,217
1151,Utsira,1995,212
1151,Utsira,1996,214
1151,Utsira,1997,214
1151,Utsira,1998,228
1151,Utsira,1999,246
1151,Utsira,2000,256
1151,Utsira,2001,232
1151,Utsira,2002,233
1151,Utsira,2003,224
1151,Utsira,2004,215
1151,Utsira,2005,213
1151,Utsira,2006,209
1151,Utsira,2007,214
1151,Utsira,2008,212
1151,Utsira,2009,214
1151,Utsira,2010,218
1151,Utsira,2011,216
1151,Utsira,2012,218
1151,Utsira,2013,209
1151,Utsira,2014,211
1151,Utsira,2015,206
1151,Utsira,2016,200
1151,Utsira,2017,201
1151,Utsira,2018,208
1151,Utsira,2019,196
1151,Utsira,2020,198
1151,Utsira,2021,192
1151,Utsira,2022,188
1151,Utsira,2023,208
1151,Utsira,2024,215
1151,Utsira,2025,217
1151,Utsira,2026,219
1160,Vindafjord,1986,8035
1160,Vindafjord,1987,7973
1160,Vindafjord,1988,7981
1160,Vindafjord,1989,8020
1160,Vindafjord,1990,8020
1160,Vindafjord,1991,8026
1160,Vindafjord,1992,8028
1160,Vindafjord,1993,8100
1160,Vindafjord,1994,8090
1160,Vindafjord,1995,8133
1160,Vindafjord,1996,8122
1160,Vindafjord,1997,8109
1160,Vindafjord,1998,8125
1160,Vindafjord,1999,8163
1160,Vindafjord,2000,8135
1160,Vindafjord,2001,8147
1160,Vindafjord,2002,8165
1160,Vindafjord,2003,8130
1160,Vindafjord,2004,8182
1160,Vindafjord,2005,8120
1160,Vindafjord,2006,8119
1160,Vindafjord,2007,8111
1160,Vindafjord,2008,8084
1160,Vindafjord,2009,8161
1160,Vindafjord,2010,8197
1160,Vindafjord,2011,8298
1160,Vindafjord,2012,8447
1160,Vindafjord,2013,8615
1160,Vindafjord,2014,8747
1160,Vindafjord,2015,8765
1160,Vindafjord,2016,8788
1160,Vindafjord,2017,8828
1160,Vindafjord,2018,8793
1160,Vindafjord,2019,8743
1160,Vindafjord,2020,8714
1160,Vindafjord,2021,8705
1160,Vindafjord,2022,8775
1160,Vindafjord,2023,8844
1160,Vindafjord,2024,8938
1160,Vindafjord,2025,9069
1160,Vindafjord,2026,9181
1505,Kristiansund,1986,22164
1505,Kristiansund,1987,22198
1505,Kristiansund,1988,22256
1505,Kristiansund,1989,22171
1505,Kristiansund,1990,22017
1505,Kristiansund,1991,22073
1505,Kristiansund,1992,22044
1505,Kristiansund,1993,22163
1505,Kristiansund,1994,22055
1505,Kristiansund,1995,22092
1505,Kristiansund,1996,22126
1505,Kristiansund,1997,22076
1505,Kristiansund,1998,22018
1505,Kristiansund,1999,22074
1505,Kristiansund,2000,22124
1505,Kristiansund,2001,22319
1505,Kristiansund,2002,22225
1505,Kristiansund,2003,22368
1505,Kristiansund,2004,22379
1505,Kristiansund,2005,22327
1505,Kristiansund,2006,22447
1505,Kristiansund,2007,22522
1505,Kristiansund,2008,22661
1505,Kristiansund,2009,22937
1505,Kristiansund,2010,23238
1505,Kristiansund,2011,23570
1505,Kristiansund,2012,23813
1505,Kristiansund,2013,24131
1505,Kristiansund,2014,24395
1505,Kristiansund,2015,24507
1505,Kristiansund,2016,24526
1505,Kristiansund,2017,24442
1505,Kristiansund,2018,24300
1505,Kristiansund,2019,24274
1505,Kristiansund,2020,24179
1505,Kristiansund,2021,24099
1505,Kristiansund,2022,24013
1505,Kristiansund,2023,24159
1505,Kristiansund,2024,24404
1505,Kristiansund,2025,24578
1505,Kristiansund,2026,24479
1506,Molde,1986,26928
1506,Molde,1987,27077
1506,Molde,1988,27240
1506,Molde,1989,27452
1506,Molde,1990,27555
1506,Molde,1991,27658
1506,Molde,1992,27746
1506,Molde,1993,27917
1506,Molde,1994,28045
1506,Molde,1995,28214
1506,Molde,1996,28521
1506,Molde,1997,28586
1506,Molde,1998,28657
1506,Molde,1999,28872
1506,Molde,2000,28977
1506,Molde,2001,29008
1506,Molde,2002,29080
1506,Molde,2003,29158
1506,Molde,2004,29167
1506,Molde,2005,29244
1506,Molde,2006,29208
1506,Molde,2007,29252
1506,Molde,2008,29256
1506,Molde,2009,29552
1506,Molde,2010,29821
1506,Molde,2011,30045
1506,Molde,2012,30480
1506,Molde,2013,30941
1506,Molde,2014,31085
1506,Molde,2015,31435
1506,Molde,2016,31790
1506,Molde,2017,31870
1506,Molde,2018,31895
1506,Molde,2019,31976
1506,Molde,2020,31967
1506,Molde,2021,31870
1506,Molde,2022,32002
1506,Molde,2023,32446
1506,Molde,2024,32816
1506,Molde,2025,33163
1506,Molde,2026,33291
1508,Ålesund,1986,41883
1508,Ålesund,1987,42073
1508,Ålesund,1988,42343
1508,Ålesund,1989,42443
1508,Ålesund,1990,42610
1508,Ålesund,1991,42712
1508,Ålesund,1992,42891
1508,Ålesund,1993,42975
1508,Ålesund,1994,43297
1508,Ålesund,1995,43568
1508,Ålesund,1996,44014
1508,Ålesund,1997,44425
1508,Ålesund,1998,44830
1508,Ålesund,1999,45185
1508,Ålesund,2000,45776
1508,Ålesund,2001,46139
1508,Ålesund,2002,46344
1508,Ålesund,2003,46655
1508,Ålesund,2004,46931
1508,Ålesund,2005,47287
1508,Ålesund,2006,47802
1508,Ålesund,2007,48417
1508,Ålesund,2008,48983
1508,Ålesund,2009,49667
1508,Ålesund,2010,50384
1508,Ålesund,2011,51201
1508,Ålesund,2012,52117
1508,Ålesund,2013,52873
1508,Ålesund,2014,53720
1508,Ålesund,2015,54337
1508,Ålesund,2016,54947
1508,Ålesund,2017,55408
1508,Ålesund,2018,55720
1508,Ålesund,2019,56250
1508,Ålesund,2020,57123
1508,Ålesund,2021,57478
1508,Ålesund,2022,57861
1508,Ålesund,2023,58211
1508,Ålesund,2024,58509
1508,Ålesund,2025,59198
1508,Ålesund,2026,59663
1511,Vanylven,1986,3939
1511,Vanylven,1987,3909
1511,Vanylven,1988,3887
1511,Vanylven,1989,3908
1511,Vanylven,1990,3924
1511,Vanylven,1991,3937
1511,Vanylven,1992,3887
1511,Vanylven,1993,3866
1511,Vanylven,1994,3816
1511,Vanylven,1995,3785
1511,Vanylven,1996,3736
1511,Vanylven,1997,3704
1511,Vanylven,1998,3637
1511,Vanylven,1999,3607
1511,Vanylven,2000,3584
1511,Vanylven,2001,3532
1511,Vanylven,2002,3899
1511,Vanylven,2003,3820
1511,Vanylven,2004,3754
1511,Vanylven,2005,3693
1511,Vanylven,2006,3589
1511,Vanylven,2007,3536
1511,Vanylven,2008,3530
1511,Vanylven,2009,3494
1511,Vanylven,2010,3471
1511,Vanylven,2011,3417
1511,Vanylven,2012,3388
1511,Vanylven,2013,3336
1511,Vanylven,2014,3302
1511,Vanylven,2015,3258
1511,Vanylven,2016,3256
1511,Vanylven,2017,3203
1511,Vanylven,2018,3187
1511,Vanylven,2019,3163
1511,Vanylven,2020,3117
1511,Vanylven,2021,3083
1511,Vanylven,2022,3045
1511,Vanylven,2023,3013
1511,Vanylven,2024,3026
1511,Vanylven,2025,3048
1511,Vanylven,2026,3029
1514,Sande,1986,3415
1514,Sande,1987,3437
1514,Sande,1988,3389
1514,Sande,1989,3371
1514,Sande,1990,3337
1514,Sande,1991,3301
1514,Sande,1992,3293
1514,Sande,1993,3267
1514,Sande,1994,3249
1514,Sande,1995,3199
1514,Sande,1996,3190
1514,Sande,1997,3136
1514,Sande,1998,3108
1514,Sande,1999,3092
1514,Sande,2000,3081
1514,Sande,2001,3038
1514,Sande,2002,2633
1514,Sande,2003,2599
1514,Sande,2004,2605
1514,Sande,2005,2576
1514,Sande,2006,2539
1514,Sande,2007,2526
1514,Sande,2008,2502
1514,Sande,2009,2541
1514,Sande,2010,2518
1514,Sande,2011,2625
1514,Sande,2012,2588
1514,Sande,2013,2628
1514,Sande,2014,2636
1514,Sande,2015,2635
1514,Sande,2016,2559
1514,Sande,2017,2540
1514,Sande,2018,2522
1514,Sande,2019,2493
1514,Sande,2020,2461
1514,Sande,2021,2445
1514,Sande,2022,2422
1514,Sande,2023,2442
1514,Sande,2024,2438
1514,Sande,2025,2435
1514,Sande,2026,2437
1515,Herøy (Møre og Romsdal),1986,8069
1515,Herøy (Møre og Romsdal),1987,8035
1515,Herøy (Møre og Romsdal),1988,8099
1515,Herøy (Møre og Romsdal),1989,8097
1515,Herøy (Møre og Romsdal),1990,8143
1515,Herøy (Møre og Romsdal),1991,8142
1515,Herøy (Møre og Romsdal),1992,8149
1515,Herøy (Møre og Romsdal),1993,8223
1515,Herøy (Møre og Romsdal),1994,8290
1515,Herøy (Møre og Romsdal),1995,8242
1515,Herøy (Møre og Romsdal),1996,8296
1515,Herøy (Møre og Romsdal),1997,8330
1515,Herøy (Møre og Romsdal),1998,8315
1515,Herøy (Møre og Romsdal),1999,8359
1515,Herøy (Møre og Romsdal),2000,8390
1515,Herøy (Møre og Romsdal),2001,8359
1515,Herøy (Møre og Romsdal),2002,8374
1515,Herøy (Møre og Romsdal),2003,8355
1515,Herøy (Møre og Romsdal),2004,8355
1515,Herøy (Møre og Romsdal),2005,8386
1515,Herøy (Møre og Romsdal),2006,8373
1515,Herøy (Møre og Romsdal),2007,8321
1515,Herøy (Møre og Romsdal),2008,8353
1515,Herøy (Møre og Romsdal),2009,8349
1515,Herøy (Møre og Romsdal),2010,8383
1515,Herøy (Møre og Romsdal),2011,8533
1515,Herøy (Møre og Romsdal),2012,8727
1515,Herøy (Møre og Romsdal),2013,8847
1515,Herøy (Møre og Romsdal),2014,8847
1515,Herøy (Møre og Romsdal),2015,8934
1515,Herøy (Møre og Romsdal),2016,8972
1515,Herøy (Møre og Romsdal),2017,8957
1515,Herøy (Møre og Romsdal),2018,8965
1515,Herøy (Møre og Romsdal),2019,8927
1515,Herøy (Møre og Romsdal),2020,8900
1515,Herøy (Møre og Romsdal),2021,8858
1515,Herøy (Møre og Romsdal),2022,8765
1515,Herøy (Møre og Romsdal),2023,8842
1515,Herøy (Møre og Romsdal),2024,8968
1515,Herøy (Møre og Romsdal),2025,9031
1515,Herøy (Møre og Romsdal),2026,9003
1516,Ulstein,1986,5525
1516,Ulstein,1987,5559
1516,Ulstein,1988,5537
1516,Ulstein,1989,5605
1516,Ulstein,1990,5662
1516,Ulstein,1991,5751
1516,Ulstein,1992,5841
1516,Ulstein,1993,5980
1516,Ulstein,1994,5991
1516,Ulstein,1995,6133
1516,Ulstein,1996,6201
1516,Ulstein,1997,6295
1516,Ulstein,1998,6385
1516,Ulstein,1999,6537
1516,Ulstein,2000,6541
1516,Ulstein,2001,6615
1516,Ulstein,2002,6664
1516,Ulstein,2003,6721
1516,Ulstein,2004,6761
1516,Ulstein,2005,6795
1516,Ulstein,2006,6813
1516,Ulstein,2007,6841
1516,Ulstein,2008,6946
1516,Ulstein,2009,7052
1516,Ulstein,2010,7461
1516,Ulstein,2011,7751
1516,Ulstein,2012,7828
1516,Ulstein,2013,7927
1516,Ulstein,2014,8092
1516,Ulstein,2015,8292
1516,Ulstein,2016,8430
1516,Ulstein,2017,8457
1516,Ulstein,2018,8555
1516,Ulstein,2019,8609
1516,Ulstein,2020,8571
1516,Ulstein,2021,8575
1516,Ulstein,2022,8557
1516,Ulstein,2023,8797
1516,Ulstein,2024,8861
1516,Ulstein,2025,8862
1516,Ulstein,2026,8958
1517,Hareid,1986,4336
1517,Hareid,1987,4337
1517,Hareid,1988,4418
1517,Hareid,1989,4488
1517,Hareid,1990,4486
1517,Hareid,1991,4502
1517,Hareid,1992,4538
1517,Hareid,1993,4616
1517,Hareid,1994,4633
1517,Hareid,1995,4615
1517,Hareid,1996,4666
1517,Hareid,1997,4709
1517,Hareid,1998,4721
1517,Hareid,1999,4731
1517,Hareid,2000,4748
1517,Hareid,2001,4763
1517,Hareid,2002,4780
1517,Hareid,2003,4730
1517,Hareid,2004,4670
1517,Hareid,2005,4658
1517,Hareid,2006,4637
1517,Hareid,2007,4675
1517,Hareid,2008,4741
1517,Hareid,2009,4817
1517,Hareid,2010,4859
1517,Hareid,2011,4932
1517,Hareid,2012,5000
1517,Hareid,2013,5057
1517,Hareid,2014,5021
1517,Hareid,2015,5065
1517,Hareid,2016,5189
1517,Hareid,2017,5185
1517,Hareid,2018,5150
1517,Hareid,2019,5155
1517,Hareid,2020,5175
1517,Hareid,2021,5140
1517,Hareid,2022,5126
1517,Hareid,2023,5159
1517,Hareid,2024,5322
1517,Hareid,2025,5320
1517,Hareid,2026,5411
1520,Ørsta,1986,10290
1520,Ørsta,1987,10264
1520,Ørsta,1988,10223
1520,Ørsta,1989,10209
1520,Ørsta,1990,10186
1520,Ørsta,1991,10248
1520,Ørsta,1992,10247
1520,Ørsta,1993,10249
1520,Ørsta,1994,10267
1520,Ørsta,1995,10305
1520,Ørsta,1996,10372
1520,Ørsta,1997,10333
1520,Ørsta,1998,10374
1520,Ørsta,1999,10357
1520,Ørsta,2000,10276
1520,Ørsta,2001,10259
1520,Ørsta,2002,10218
1520,Ørsta,2003,10269
1520,Ørsta,2004,10267
1520,Ørsta,2005,10233
1520,Ørsta,2006,10257
1520,Ørsta,2007,10162
1520,Ørsta,2008,10163
1520,Ørsta,2009,10200
1520,Ørsta,2010,10343
1520,Ørsta,2011,10373
1520,Ørsta,2012,10398
1520,Ørsta,2013,10456
1520,Ørsta,2014,10536
1520,Ørsta,2015,10589
1520,Ørsta,2016,10677
1520,Ørsta,2017,10744
1520,Ørsta,2018,10812
1520,Ørsta,2019,10857
1520,Ørsta,2020,10825
1520,Ørsta,2021,10830
1520,Ørsta,2022,10833
1520,Ørsta,2023,10929
1520,Ørsta,2024,10958
1520,Ørsta,2025,11055
1520,Ørsta,2026,11068
1525,Stranda,1986,4745
1525,Stranda,1987,4750
1525,Stranda,1988,4668
1525,Stranda,1989,4655
1525,Stranda,1990,4660
1525,Stranda,1991,4595
1525,Stranda,1992,4550
1525,Stranda,1993,4542
1525,Stranda,1994,4523
1525,Stranda,1995,4543
1525,Stranda,1996,4585
1525,Stranda,1997,4592
1525,Stranda,1998,4640
1525,Stranda,1999,4699
1525,Stranda,2000,4677
1525,Stranda,2001,4656
1525,Stranda,2002,4683
1525,Stranda,2003,4705
1525,Stranda,2004,4663
1525,Stranda,2005,4605
1525,Stranda,2006,4544
1525,Stranda,2007,4500
1525,Stranda,2008,4543
1525,Stranda,2009,4533
1525,Stranda,2010,4531
1525,Stranda,2011,4575
1525,Stranda,2012,4602
1525,Stranda,2013,4610
1525,Stranda,2014,4616
1525,Stranda,2015,4605
1525,Stranda,2016,4598
1525,Stranda,2017,4623
1525,Stranda,2018,4587
1525,Stranda,2019,4565
1525,Stranda,2020,4523
1525,Stranda,2021,4482
1525,Stranda,2022,4467
1525,Stranda,2023,4421
1525,Stranda,2024,4348
1525,Stranda,2025,4380
1525,Stranda,2026,4333
1528,Sykkylven,1986,6753
1528,Sykkylven,1987,6763
1528,Sykkylven,1988,6760
1528,Sykkylven,1989,6792
1528,Sykkylven,1990,6823
1528,Sykkylven,1991,6887
1528,Sykkylven,1992,6942
1528,Sykkylven,1993,7011
1528,Sykkylven,1994,7006
1528,Sykkylven,1995,7029
1528,Sykkylven,1996,7083
1528,Sykkylven,1997,7096
1528,Sykkylven,1998,7160
1528,Sykkylven,1999,7248
1528,Sykkylven,2000,7280
1528,Sykkylven,2001,7383
1528,Sykkylven,2002,7446
1528,Sykkylven,2003,7424
1528,Sykkylven,2004,7444
1528,Sykkylven,2005,7446
1528,Sykkylven,2006,7421
1528,Sykkylven,2007,7467
1528,Sykkylven,2008,7491
1528,Sykkylven,2009,7565
1528,Sykkylven,2010,7589
1528,Sykkylven,2011,7662
1528,Sykkylven,2012,7664
1528,Sykkylven,2013,7673
1528,Sykkylven,2014,7730
1528,Sykkylven,2015,7707
1528,Sykkylven,2016,7675
1528,Sykkylven,2017,7695
1528,Sykkylven,2018,7695
1528,Sykkylven,2019,7657
1528,Sykkylven,2020,7625
1528,Sykkylven,2021,7596
1528,Sykkylven,2022,7558
1528,Sykkylven,2023,7630
1528,Sykkylven,2024,7617
1528,Sykkylven,2025,7626
1528,Sykkylven,2026,7626
1531,Sula,1986,6737
1531,Sula,1987,6787
1531,Sula,1988,6764
1531,Sula,1989,6734
1531,Sula,1990,6691
1531,Sula,1991,6723
1531,Sula,1992,6739
1531,Sula,1993,6777
1531,Sula,1994,6770
1531,Sula,1995,6823
1531,Sula,1996,6802
1531,Sula,1997,6861
1531,Sula,1998,6938
1531,Sula,1999,7005
1531,Sula,2000,7070
1531,Sula,2001,7073
1531,Sula,2002,7230
1531,Sula,2003,7304
1531,Sula,2004,7342
1531,Sula,2005,7453
1531,Sula,2006,7502
1531,Sula,2007,7538
1531,Sula,2008,7626
1531,Sula,2009,7778
1531,Sula,2010,7931
1531,Sula,2011,8096
1531,Sula,2012,8256
1531,Sula,2013,8397
1531,Sula,2014,8651
1531,Sula,2015,8855
1531,Sula,2016,8952
1531,Sula,2017,9007
1531,Sula,2018,9131
1531,Sula,2019,9271
1531,Sula,2020,9310
1531,Sula,2021,9409
1531,Sula,2022,9547
1531,Sula,2023,9636
1531,Sula,2024,9720
1531,Sula,2025,9759
1531,Sula,2026,9798
1532,Giske,1986,6150
1532,Giske,1987,6161
1532,Giske,1988,6175
1532,Giske,1989,6246
1532,Giske,1990,6253
1532,Giske,1991,6203
1532,Giske,1992,6240
1532,Giske,1993,6169
1532,Giske,1994,6177
1532,Giske,1995,6193
1532,Giske,1996,6183
1532,Giske,1997,6198
1532,Giske,1998,6271
1532,Giske,1999,6337
1532,Giske,2000,6344
1532,Giske,2001,6395
1532,Giske,2002,6439
1532,Giske,2003,6495
1532,Giske,2004,6578
1532,Giske,2005,6591
1532,Giske,2006,6630
1532,Giske,2007,6647
1532,Giske,2008,6777
1532,Giske,2009,6873
1532,Giske,2010,7029
1532,Giske,2011,7149
1532,Giske,2012,7312
1532,Giske,2013,7541
1532,Giske,2014,7739
1532,Giske,2015,7924
1532,Giske,2016,8094
1532,Giske,2017,8176
1532,Giske,2018,8292
1532,Giske,2019,8398
1532,Giske,2020,8462
1532,Giske,2021,8506
1532,Giske,2022,8597
1532,Giske,2023,8692
1532,Giske,2024,8691
1532,Giske,2025,8773
1532,Giske,2026,8828
1535,Vestnes,1986,6359
1535,Vestnes,1987,6344
1535,Vestnes,1988,6393
1535,Vestnes,1989,6389
1535,Vestnes,1990,6396
1535,Vestnes,1991,6413
1535,Vestnes,1992,6447
1535,Vestnes,1993,6455
1535,Vestnes,1994,6460
1535,Vestnes,1995,6467
1535,Vestnes,1996,6470
1535,Vestnes,1997,6512
1535,Vestnes,1998,6490
1535,Vestnes,1999,6505
1535,Vestnes,2000,6530
1535,Vestnes,2001,6486
1535,Vestnes,2002,6424
1535,Vestnes,2003,6442
1535,Vestnes,2004,6389
1535,Vestnes,2005,6390
1535,Vestnes,2006,6442
1535,Vestnes,2007,6402
1535,Vestnes,2008,6434
1535,Vestnes,2009,6478
1535,Vestnes,2010,6506
1535,Vestnes,2011,6504
1535,Vestnes,2012,6539
1535,Vestnes,2013,6626
1535,Vestnes,2014,6615
1535,Vestnes,2015,6708
1535,Vestnes,2016,6611
1535,Vestnes,2017,6577
1535,Vestnes,2018,6559
1535,Vestnes,2019,6536
1535,Vestnes,2020,6532
1535,Vestnes,2021,6958
1535,Vestnes,2022,6936
1535,Vestnes,2023,7051
1535,Vestnes,2024,7147
1535,Vestnes,2025,7242
1535,Vestnes,2026,7315
1539,Rauma,1986,7874
1539,Rauma,1987,7810
1539,Rauma,1988,7793
1539,Rauma,1989,7833
1539,Rauma,1990,7819
1539,Rauma,1991,7825
1539,Rauma,1992,7793
1539,Rauma,1993,7785
1539,Rauma,1994,7701
1539,Rauma,1995,7715
1539,Rauma,1996,7719
1539,Rauma,1997,7646
1539,Rauma,1998,7615
1539,Rauma,1999,7504
1539,Rauma,2000,7415
1539,Rauma,2001,7422
1539,Rauma,2002,7381
1539,Rauma,2003,7312
1539,Rauma,2004,7334
1539,Rauma,2005,7336
1539,Rauma,2006,7347
1539,Rauma,2007,7325
1539,Rauma,2008,7379
1539,Rauma,2009,7376
1539,Rauma,2010,7413
1539,Rauma,2011,7400
1539,Rauma,2012,7428
1539,Rauma,2013,7421
1539,Rauma,2014,7453
1539,Rauma,2015,7445
1539,Rauma,2016,7492
1539,Rauma,2017,7503
1539,Rauma,2018,7507
1539,Rauma,2019,7487
1539,Rauma,2020,7468
1539,Rauma,2021,7026
1539,Rauma,2022,7019
1539,Rauma,2023,7046
1539,Rauma,2024,7299
1539,Rauma,2025,7196
1539,Rauma,2026,7195
1547,Aukra,1986,2995
1547,Aukra,1987,3009
1547,Aukra,1988,2969
1547,Aukra,1989,2988
1547,Aukra,1990,2967
1547,Aukra,1991,2979
1547,Aukra,1992,2948
1547,Aukra,1993,2975
1547,Aukra,1994,2946
1547,Aukra,1995,2934
1547,Aukra,1996,2978
1547,Aukra,1997,2988
1547,Aukra,1998,2983
1547,Aukra,1999,2961
1547,Aukra,2000,2978
1547,Aukra,2001,2968
1547,Aukra,2002,3026
1547,Aukra,2003,3038
1547,Aukra,2004,3055
1547,Aukra,2005,3050
1547,Aukra,2006,3099
1547,Aukra,2007,3142
1547,Aukra,2008,3174
1547,Aukra,2009,3183
1547,Aukra,2010,3196
1547,Aukra,2011,3249
1547,Aukra,2012,3289
1547,Aukra,2013,3339
1547,Aukra,2014,3377
1547,Aukra,2015,3466
1547,Aukra,2016,3518
1547,Aukra,2017,3547
1547,Aukra,2018,3557
1547,Aukra,2019,3539
1547,Aukra,2020,3509
1547,Aukra,2021,3522
1547,Aukra,2022,3518
1547,Aukra,2023,3654
1547,Aukra,2024,3678
1547,Aukra,2025,3759
1547,Aukra,2026,3780
1554,Averøy,1986,5601
1554,Averøy,1987,5599
1554,Averøy,1988,5613
1554,Averøy,1989,5601
1554,Averøy,1990,5618
1554,Averøy,1991,5554
1554,Averøy,1992,5586
1554,Averøy,1993,5571
1554,Averøy,1994,5558
1554,Averøy,1995,5590
1554,Averøy,1996,5584
1554,Averøy,1997,5569
1554,Averøy,1998,5520
1554,Averøy,1999,5470
1554,Averøy,2000,5409
1554,Averøy,2001,5428
1554,Averøy,2002,5430
1554,Averøy,2003,5462
1554,Averøy,2004,5472
1554,Averøy,2005,5448
1554,Averøy,2006,5360
1554,Averøy,2007,5367
1554,Averøy,2008,5402
1554,Averøy,2009,5444
1554,Averøy,2010,5477
1554,Averøy,2011,5520
1554,Averøy,2012,5593
1554,Averøy,2013,5651
1554,Averøy,2014,5687
1554,Averøy,2015,5794
1554,Averøy,2016,5826
1554,Averøy,2017,5856
1554,Averøy,2018,5859
1554,Averøy,2019,5849
1554,Averøy,2020,5788
1554,Averøy,2021,5808
1554,Averøy,2022,5828
1554,Averøy,2023,5872
1554,Averøy,2024,5955
1554,Averøy,2025,5992
1554,Averøy,2026,6007
1557,Gjemnes,1986,2964
1557,Gjemnes,1987,2921
1557,Gjemnes,1988,2890
1557,Gjemnes,1989,2905
1557,Gjemnes,1990,2915
1557,Gjemnes,1991,2873
1557,Gjemnes,1992,2849
1557,Gjemnes,1993,2782
1557,Gjemnes,1994,2784
1557,Gjemnes,1995,2812
1557,Gjemnes,1996,2781
1557,Gjemnes,1997,2770
1557,Gjemnes,1998,2732
1557,Gjemnes,1999,2678
1557,Gjemnes,2000,2683
1557,Gjemnes,2001,2656
1557,Gjemnes,2002,2627
1557,Gjemnes,2003,2657
1557,Gjemnes,2004,2650
1557,Gjemnes,2005,2700
1557,Gjemnes,2006,2676
1557,Gjemnes,2007,2647
1557,Gjemnes,2008,2636
1557,Gjemnes,2009,2618
1557,Gjemnes,2010,2599
1557,Gjemnes,2011,2582
1557,Gjemnes,2012,2579
1557,Gjemnes,2013,2557
1557,Gjemnes,2014,2565
1557,Gjemnes,2015,2580
1557,Gjemnes,2016,2593
1557,Gjemnes,2017,2611
1557,Gjemnes,2018,2623
1557,Gjemnes,2019,2641
1557,Gjemnes,2020,2629
1557,Gjemnes,2021,2658
1557,Gjemnes,2022,2669
1557,Gjemnes,2023,2669
1557,Gjemnes,2024,2700
1557,Gjemnes,2025,2708
1557,Gjemnes,2026,2740
1560,Tingvoll,1986,3481
1560,Tingvoll,1987,3437
1560,Tingvoll,1988,3486
1560,Tingvoll,1989,3537
1560,Tingvoll,1990,3463
1560,Tingvoll,1991,3441
1560,Tingvoll,1992,3431
1560,Tingvoll,1993,3381
1560,Tingvoll,1994,3395
1560,Tingvoll,1995,3257
1560,Tingvoll,1996,3181
1560,Tingvoll,1997,3142
1560,Tingvoll,1998,3094
1560,Tingvoll,1999,3097
1560,Tingvoll,2000,3148
1560,Tingvoll,2001,3128
1560,Tingvoll,2002,3146
1560,Tingvoll,2003,3146
1560,Tingvoll,2004,3120
1560,Tingvoll,2005,3105
1560,Tingvoll,2006,3099
1560,Tingvoll,2007,3084
1560,Tingvoll,2008,3082
1560,Tingvoll,2009,3062
1560,Tingvoll,2010,3071
1560,Tingvoll,2011,3065
1560,Tingvoll,2012,3101
1560,Tingvoll,2013,3116
1560,Tingvoll,2014,3064
1560,Tingvoll,2015,3090
1560,Tingvoll,2016,3103
1560,Tingvoll,2017,3109
1560,Tingvoll,2018,3078
1560,Tingvoll,2019,3045
1560,Tingvoll,2020,3025
1560,Tingvoll,2021,2985
1560,Tingvoll,2022,2960
1560,Tingvoll,2023,3031
1560,Tingvoll,2024,3041
1560,Tingvoll,2025,3077
1560,Tingvoll,2026,3066
1563,Sunndal,1986,7498
1563,Sunndal,1987,7459
1563,Sunndal,1988,7382
1563,Sunndal,1989,7554
1563,Sunndal,1990,7553
1563,Sunndal,1991,7521
1563,Sunndal,1992,7639
1563,Sunndal,1993,7620
1563,Sunndal,1994,7656
1563,Sunndal,1995,7513
1563,Sunndal,1996,7419
1563,Sunndal,1997,7419
1563,Sunndal,1998,7378
1563,Sunndal,1999,7431
1563,Sunndal,2000,7368
1563,Sunndal,2001,7426
1563,Sunndal,2002,7354
1563,Sunndal,2003,7405
1563,Sunndal,2004,7409
1563,Sunndal,2005,7370
1563,Sunndal,2006,7323
1563,Sunndal,2007,7333
1563,Sunndal,2008,7357
1563,Sunndal,2009,7347
1563,Sunndal,2010,7289
1563,Sunndal,2011,7267
1563,Sunndal,2012,7196
1563,Sunndal,2013,7205
1563,Sunndal,2014,7171
1563,Sunndal,2015,7155
1563,Sunndal,2016,7160
1563,Sunndal,2017,7126
1563,Sunndal,2018,7119
1563,Sunndal,2019,7106
1563,Sunndal,2020,7036
1563,Sunndal,2021,6956
1563,Sunndal,2022,6932
1563,Sunndal,2023,7110
1563,Sunndal,2024,7227
1563,Sunndal,2025,7193
1563,Sunndal,2026,7094
1566,Surnadal,1986,6485
1566,Surnadal,1987,6497
1566,Surnadal,1988,6514
1566,Surnadal,1989,6499
1566,Surnadal,1990,6466
1566,Surnadal,1991,6391
1566,Surnadal,1992,6390
1566,Surnadal,1993,6446
1566,Surnadal,1994,6512
1566,Surnadal,1995,6429
1566,Surnadal,1996,6392
1566,Surnadal,1997,6372
1566,Surnadal,1998,6319
1566,Surnadal,1999,6246
1566,Surnadal,2000,6252
1566,Surnadal,2001,6248
1566,Surnadal,2002,6234
1566,Surnadal,2003,6208
1566,Surnadal,2004,6209
1566,Surnadal,2005,6160
1566,Surnadal,2006,6107
1566,Surnadal,2007,6049
1566,Surnadal,2008,6039
1566,Surnadal,2009,6000
1566,Surnadal,2010,5956
1566,Surnadal,2011,5949
1566,Surnadal,2012,5952
1566,Surnadal,2013,5927
1566,Surnadal,2014,5954
1566,Surnadal,2015,5976
1566,Surnadal,2016,5969
1566,Surnadal,2017,5986
1566,Surnadal,2018,5978
1566,Surnadal,2019,5928
1566,Surnadal,2020,5920
1566,Surnadal,2021,5872
1566,Surnadal,2022,5849
1566,Surnadal,2023,5912
1566,Surnadal,2024,5953
1566,Surnadal,2025,5950
1566,Surnadal,2026,5982
1573,Smøla,1986,2859
1573,Smøla,1987,2828
1573,Smøla,1988,2780
1573,Smøla,1989,2776
1573,Smøla,1990,2736
1573,Smøla,1991,2697
1573,Smøla,1992,2649
1573,Smøla,1993,2636
1573,Smøla,1994,2613
1573,Smøla,1995,2626
1573,Smøla,1996,2589
1573,Smøla,1997,2526
1573,Smøla,1998,2487
1573,Smøla,1999,2432
1573,Smøla,2000,2432
1573,Smøla,2001,2407
1573,Smøla,2002,2329
1573,Smøla,2003,2266
1573,Smøla,2004,2248
1573,Smøla,2005,2195
1573,Smøla,2006,2192
1573,Smøla,2007,2165
1573,Smøla,2008,2137
1573,Smøla,2009,2119
1573,Smøla,2010,2143
1573,Smøla,2011,2137
1573,Smøla,2012,2182
1573,Smøla,2013,2180
1573,Smøla,2014,2166
1573,Smøla,2015,2146
1573,Smøla,2016,2141
1573,Smøla,2017,2160
1573,Smøla,2018,2172
1573,Smøla,2019,2134
1573,Smøla,2020,2150
1573,Smøla,2021,2128
1573,Smøla,2022,2120
1573,Smøla,2023,2158
1573,Smøla,2024,2159
1573,Smøla,2025,2168
1573,Smøla,2026,2141
1576,Aure,1986,4106
1576,Aure,1987,4062
1576,Aure,1988,4008
1576,Aure,1989,3995
1576,Aure,1990,3976
1576,Aure,1991,3898
1576,Aure,1992,3869
1576,Aure,1993,3847
1576,Aure,1994,3860
1576,Aure,1995,3858
1576,Aure,1996,3904
1576,Aure,1997,3959
1576,Aure,1998,3944
1576,Aure,1999,3876
1576,Aure,2000,3823
1576,Aure,2001,3787
1576,Aure,2002,3747
1576,Aure,2003,3680
1576,Aure,2004,3676
1576,Aure,2005,3626
1576,Aure,2006,3591
1576,Aure,2007,3515
1576,Aure,2008,3530
1576,Aure,2009,3508
1576,Aure,2010,3502
1576,Aure,2011,3523
1576,Aure,2012,3511
1576,Aure,2013,3570
1576,Aure,2014,3577
1576,Aure,2015,3549
1576,Aure,2016,3536
1576,Aure,2017,3590
1576,Aure,2018,3593
1576,Aure,2019,3553
1576,Aure,2020,3507
1576,Aure,2021,3468
1576,Aure,2022,3384
1576,Aure,2023,3381
1576,Aure,2024,3408
1576,Aure,2025,3394
1576,Aure,2026,3371
1577,Volda,1986,9074
1577,Volda,1987,9072
1577,Volda,1988,9109
1577,Volda,1989,9148
1577,Volda,1990,9223
1577,Volda,1991,9237
1577,Volda,1992,9243
1577,Volda,1993,9338
1577,Volda,1994,9372
1577,Volda,1995,9407
1577,Volda,1996,9491
1577,Volda,1997,9474
1577,Volda,1998,9450
1577,Volda,1999,9493
1577,Volda,2000,9549
1577,Volda,2001,9540
1577,Volda,2002,9526
1577,Volda,2003,9530
1577,Volda,2004,9580
1577,Volda,2005,9548
1577,Volda,2006,9528
1577,Volda,2007,9518
1577,Volda,2008,9617
1577,Volda,2009,9732
1577,Volda,2010,9800
1577,Volda,2011,9862
1577,Volda,2012,9913
1577,Volda,2013,10065
1577,Volda,2014,10132
1577,Volda,2015,10198
1577,Volda,2016,10237
1577,Volda,2017,10300
1577,Volda,2018,10363
1577,Volda,2019,10349
1577,Volda,2020,10473
1577,Volda,2021,10781
1577,Volda,2022,10809
1577,Volda,2023,10960
1577,Volda,2024,11093
1577,Volda,2025,11131
1577,Volda,2026,11009
1578,Fjord,1986,3113
1578,Fjord,1987,3101
1578,Fjord,1988,3057
1578,Fjord,1989,3077
1578,Fjord,1990,3071
1578,Fjord,1991,3051
1578,Fjord,1992,3037
1578,Fjord,1993,3048
1578,Fjord,1994,3023
1578,Fjord,1995,3059
1578,Fjord,1996,3092
1578,Fjord,1997,3082
1578,Fjord,1998,3081
1578,Fjord,1999,3033
1578,Fjord,2000,3012
1578,Fjord,2001,3024
1578,Fjord,2002,2929
1578,Fjord,2003,2893
1578,Fjord,2004,2811
1578,Fjord,2005,2824
1578,Fjord,2006,2804
1578,Fjord,2007,2801
1578,Fjord,2008,2740
1578,Fjord,2009,2770
1578,Fjord,2010,2831
1578,Fjord,2011,2783
1578,Fjord,2012,2764
1578,Fjord,2013,2791
1578,Fjord,2014,2720
1578,Fjord,2015,2719
1578,Fjord,2016,2672
1578,Fjord,2017,2668
1578,Fjord,2018,2642
1578,Fjord,2019,2592
1578,Fjord,2020,2549
1578,Fjord,2021,2502
1578,Fjord,2022,2491
1578,Fjord,2023,2494
1578,Fjord,2024,2492
1578,Fjord,2025,2506
1578,Fjord,2026,2547
1579,Hustadvika,1986,11977
1579,Hustadvika,1987,12012
1579,Hustadvika,1988,12006
1579,Hustadvika,1989,11932
1579,Hustadvika,1990,11987
1579,Hustadvika,1991,11959
1579,Hustadvika,1992,12023
1579,Hustadvika,1993,12042
1579,Hustadvika,1994,12076
1579,Hustadvika,1995,12127
1579,Hustadvika,1996,12085
1579,Hustadvika,1997,12184
1579,Hustadvika,1998,12201
1579,Hustadvika,1999,12186
1579,Hustadvika,2000,12198
1579,Hustadvika,2001,12264
1579,Hustadvika,2002,12221
1579,Hustadvika,2003,12172
1579,Hustadvika,2004,12291
1579,Hustadvika,2005,12327
1579,Hustadvika,2006,12430
1579,Hustadvika,2007,12496
1579,Hustadvika,2008,12551
1579,Hustadvika,2009,12573
1579,Hustadvika,2010,12718
1579,Hustadvika,2011,12762
1579,Hustadvika,2012,12926
1579,Hustadvika,2013,13090
1579,Hustadvika,2014,13191
1579,Hustadvika,2015,13250
1579,Hustadvika,2016,13184
1579,Hustadvika,2017,13195
1579,Hustadvika,2018,13215
1579,Hustadvika,2019,13233
1579,Hustadvika,2020,13279
1579,Hustadvika,2021,13317
1579,Hustadvika,2022,13287
1579,Hustadvika,2023,13341
1579,Hustadvika,2024,13437
1579,Hustadvika,2025,13460
1579,Hustadvika,2026,13538
1580,Haram,1986,8716
1580,Haram,1987,8677
1580,Haram,1988,8621
1580,Haram,1989,8624
1580,Haram,1990,8629
1580,Haram,1991,8556
1580,Haram,1992,8606
1580,Haram,1993,8582
1580,Haram,1994,8605
1580,Haram,1995,8630
1580,Haram,1996,8608
1580,Haram,1997,8634
1580,Haram,1998,8734
1580,Haram,1999,8733
1580,Haram,2000,8774
1580,Haram,2001,8792
1580,Haram,2002,8781
1580,Haram,2003,8819
1580,Haram,2004,8781
1580,Haram,2005,8715
1580,Haram,2006,8643
1580,Haram,2007,8606
1580,Haram,2008,8617
1580,Haram,2009,8694
1580,Haram,2010,8739
1580,Haram,2011,8857
1580,Haram,2012,8973
1580,Haram,2013,9020
1580,Haram,2014,9084
1580,Haram,2015,9120
1580,Haram,2016,9200
1580,Haram,2017,9312
1580,Haram,2018,9345
1580,Haram,2019,9383
1580,Haram,2020,9135
1580,Haram,2021,9192
1580,Haram,2022,9253
1580,Haram,2023,9309
1580,Haram,2024,9357
1580,Haram,2025,9409
1580,Haram,2026,9460
1804,Bodø,1986,35792
1804,Bodø,1987,36227
1804,Bodø,1988,36634
1804,Bodø,1989,37108
1804,Bodø,1990,37771
1804,Bodø,1991,38170
1804,Bodø,1992,38605
1804,Bodø,1993,39178
1804,Bodø,1994,39763
1804,Bodø,1995,40419
1804,Bodø,1996,40828
1804,Bodø,1997,41050
1804,Bodø,1998,41513
1804,Bodø,1999,41878
1804,Bodø,2000,42465
1804,Bodø,2001,42624
1804,Bodø,2002,42840
1804,Bodø,2003,43247
1804,Bodø,2004,43775
1804,Bodø,2005,44414
1804,Bodø,2006,44992
1804,Bodø,2007,45575
1804,Bodø,2008,46049
1804,Bodø,2009,46495
1804,Bodø,2010,47282
1804,Bodø,2011,47847
1804,Bodø,2012,48422
1804,Bodø,2013,49203
1804,Bodø,2014,49731
1804,Bodø,2015,50185
1804,Bodø,2016,50488
1804,Bodø,2017,51022
1804,Bodø,2018,51558
1804,Bodø,2019,52024
1804,Bodø,2020,52357
1804,Bodø,2021,52560
1804,Bodø,2022,52803
1804,Bodø,2023,53259
1804,Bodø,2024,53712
1804,Bodø,2025,53725
1804,Bodø,2026,53638
1806,Narvik,1986,23125
1806,Narvik,1987,22973
1806,Narvik,1988,22785
1806,Narvik,1989,22835
1806,Narvik,1990,22759
1806,Narvik,1991,22807
1806,Narvik,1992,22894
1806,Narvik,1993,22962
1806,Narvik,1994,23017
1806,Narvik,1995,22892
1806,Narvik,1996,22686
1806,Narvik,1997,22510
1806,Narvik,1998,22350
1806,Narvik,1999,22332
1806,Narvik,2000,22347
1806,Narvik,2001,22265
1806,Narvik,2002,22138
1806,Narvik,2003,22096
1806,Narvik,2004,22168
1806,Narvik,2005,22156
1806,Narvik,2006,21961
1806,Narvik,2007,21852
1806,Narvik,2008,21892
1806,Narvik,2009,21835
1806,Narvik,2010,21866
1806,Narvik,2011,21846
1806,Narvik,2012,21915
1806,Narvik,2013,21943
1806,Narvik,2014,22141
1806,Narvik,2015,22277
1806,Narvik,2016,22177
1806,Narvik,2017,22138
1806,Narvik,2018,21985
1806,Narvik,2019,21913
1806,Narvik,2020,21845
1806,Narvik,2021,21661
1806,Narvik,2022,21530
1806,Narvik,2023,21515
1806,Narvik,2024,21580
1806,Narvik,2025,21591
1806,Narvik,2026,21647
1811,Bindal,1986,2173
1811,Bindal,1987,2162
1811,Bindal,1988,2141
1811,Bindal,1989,2083
1811,Bindal,1990,2095
1811,Bindal,1991,2097
1811,Bindal,1992,2088
1811,Bindal,1993,2064
1811,Bindal,1994,2052
1811,Bindal,1995,2042
1811,Bindal,1996,2022
1811,Bindal,1997,2008
1811,Bindal,1998,1969
1811,Bindal,1999,1951
1811,Bindal,2000,1921
1811,Bindal,2001,1911
1811,Bindal,2002,1867
1811,Bindal,2003,1822
1811,Bindal,2004,1804
1811,Bindal,2005,1778
1811,Bindal,2006,1741
1811,Bindal,2007,1692
1811,Bindal,2008,1631
1811,Bindal,2009,1616
1811,Bindal,2010,1601
1811,Bindal,2011,1592
1811,Bindal,2012,1562
1811,Bindal,2013,1545
1811,Bindal,2014,1503
1811,Bindal,2015,1482
1811,Bindal,2016,1465
1811,Bindal,2017,1473
1811,Bindal,2018,1486
1811,Bindal,2019,1450
1811,Bindal,2020,1426
1811,Bindal,2021,1397
1811,Bindal,2022,1406
1811,Bindal,2023,1391
1811,Bindal,2024,1399
1811,Bindal,2025,1374
1811,Bindal,2026,1361
1812,Sømna,1986,2176
1812,Sømna,1987,2154
1812,Sømna,1988,2130
1812,Sømna,1989,2112
1812,Sømna,1990,2123
1812,Sømna,1991,2113
1812,Sømna,1992,2111
1812,Sømna,1993,2109
1812,Sømna,1994,2090
1812,Sømna,1995,2138
1812,Sømna,1996,2146
1812,Sømna,1997,2119
1812,Sømna,1998,2128
1812,Sømna,1999,2135
1812,Sømna,2000,2116
1812,Sømna,2001,2099
1812,Sømna,2002,2111
1812,Sømna,2003,2100
1812,Sømna,2004,2077
1812,Sømna,2005,2075
1812,Sømna,2006,2048
1812,Sømna,2007,2047
1812,Sømna,2008,2056
1812,Sømna,2009,2054
1812,Sømna,2010,2041
1812,Sømna,2011,2025
1812,Sømna,2012,2038
1812,Sømna,2013,2033
1812,Sømna,2014,2047
1812,Sømna,2015,2063
1812,Sømna,2016,2031
1812,Sømna,2017,2047
1812,Sømna,2018,2020
1812,Sømna,2019,2014
1812,Sømna,2020,1975
1812,Sømna,2021,1990
1812,Sømna,2022,1981
1812,Sømna,2023,1970
1812,Sømna,2024,1976
1812,Sømna,2025,1979
1812,Sømna,2026,2006
1813,Brønnøy,1986,6832
1813,Brønnøy,1987,6819
1813,Brønnøy,1988,6843
1813,Brønnøy,1989,6879
1813,Brønnøy,1990,6936
1813,Brønnøy,1991,6924
1813,Brønnøy,1992,6941
1813,Brønnøy,1993,6996
1813,Brønnøy,1994,6971
1813,Brønnøy,1995,7025
1813,Brønnøy,1996,7132
1813,Brønnøy,1997,7206
1813,Brønnøy,1998,7266
1813,Brønnøy,1999,7408
1813,Brønnøy,2000,7433
1813,Brønnøy,2001,7469
1813,Brønnøy,2002,7532
1813,Brønnøy,2003,7519
1813,Brønnøy,2004,7565
1813,Brønnøy,2005,7585
1813,Brønnøy,2006,7565
1813,Brønnøy,2007,7548
1813,Brønnøy,2008,7535
1813,Brønnøy,2009,7597
1813,Brønnøy,2010,7660
1813,Brønnøy,2011,7719
1813,Brønnøy,2012,7778
1813,Brønnøy,2013,7859
1813,Brønnøy,2014,7897
1813,Brønnøy,2015,7934
1813,Brønnøy,2016,7962
1813,Brønnøy,2017,7956
1813,Brønnøy,2018,7948
1813,Brønnøy,2019,7916
1813,Brønnøy,2020,7917
1813,Brønnøy,2021,7803
1813,Brønnøy,2022,7777
1813,Brønnøy,2023,7787
1813,Brønnøy,2024,7826
1813,Brønnøy,2025,7838
1813,Brønnøy,2026,7841
1815,Vega,1986,1661
1815,Vega,1987,1609
1815,Vega,1988,1580
1815,Vega,1989,1572
1815,Vega,1990,1549
1815,Vega,1991,1546
1815,Vega,1992,1537
1815,Vega,1993,1525
1815,Vega,1994,1492
1815,Vega,1995,1488
1815,Vega,1996,1449
1815,Vega,1997,1448
1815,Vega,1998,1428
1815,Vega,1999,1403
1815,Vega,2000,1414
1815,Vega,2001,1412
1815,Vega,2002,1392
1815,Vega,2003,1391
1815,Vega,2004,1380
1815,Vega,2005,1356
1815,Vega,2006,1308
1815,Vega,2007,1299
1815,Vega,2008,1295
1815,Vega,2009,1288
1815,Vega,2010,1288
1815,Vega,2011,1270
1815,Vega,2012,1256
1815,Vega,2013,1238
1815,Vega,2014,1223
1815,Vega,2015,1225
1815,Vega,2016,1244
1815,Vega,2017,1234
1815,Vega,2018,1221
1815,Vega,2019,1232
1815,Vega,2020,1200
1815,Vega,2021,1182
1815,Vega,2022,1175
1815,Vega,2023,1219
1815,Vega,2024,1208
1815,Vega,2025,1207
1815,Vega,2026,1202
1816,Vevelstad,1986,749
1816,Vevelstad,1987,729
1816,Vevelstad,1988,706
1816,Vevelstad,1989,684
1816,Vevelstad,1990,671
1816,Vevelstad,1991,659
1816,Vevelstad,1992,670
1816,Vevelstad,1993,679
1816,Vevelstad,1994,655
1816,Vevelstad,1995,667
1816,Vevelstad,1996,644
1816,Vevelstad,1997,624
1816,Vevelstad,1998,618
1816,Vevelstad,1999,601
1816,Vevelstad,2000,592
1816,Vevelstad,2001,576
1816,Vevelstad,2002,557
1816,Vevelstad,2003,538
1816,Vevelstad,2004,525
1816,Vevelstad,2005,524
1816,Vevelstad,2006,516
1816,Vevelstad,2007,504
1816,Vevelstad,2008,485
1816,Vevelstad,2009,501
1816,Vevelstad,2010,510
1816,Vevelstad,2011,520
1816,Vevelstad,2012,511
1816,Vevelstad,2013,500
1816,Vevelstad,2014,495
1816,Vevelstad,2015,510
1816,Vevelstad,2016,507
1816,Vevelstad,2017,528
1816,Vevelstad,2018,506
1816,Vevelstad,2019,497
1816,Vevelstad,2020,462
1816,Vevelstad,2021,465
1816,Vevelstad,2022,462
1816,Vevelstad,2023,454
1816,Vevelstad,2024,480
1816,Vevelstad,2025,470
1816,Vevelstad,2026,477
1818,Herøy (Nordland),1986,2124
1818,Herøy (Nordland),1987,2100
1818,Herøy (Nordland),1988,2077
1818,Herøy (Nordland),1989,2060
1818,Herøy (Nordland),1990,2094
1818,Herøy (Nordland),1991,2058
1818,Herøy (Nordland),1992,1995
1818,Herøy (Nordland),1993,1969
1818,Herøy (Nordland),1994,1963
1818,Herøy (Nordland),1995,1933
1818,Herøy (Nordland),1996,1927
1818,Herøy (Nordland),1997,1934
1818,Herøy (Nordland),1998,1921
1818,Herøy (Nordland),1999,1895
1818,Herøy (Nordland),2000,1881
1818,Herøy (Nordland),2001,1874
1818,Herøy (Nordland),2002,1835
1818,Herøy (Nordland),2003,1793
1818,Herøy (Nordland),2004,1748
1818,Herøy (Nordland),2005,1739
1818,Herøy (Nordland),2006,1725
1818,Herøy (Nordland),2007,1682
1818,Herøy (Nordland),2008,1683
1818,Herøy (Nordland),2009,1652
1818,Herøy (Nordland),2010,1618
1818,Herøy (Nordland),2011,1649
1818,Herøy (Nordland),2012,1711
1818,Herøy (Nordland),2013,1759
1818,Herøy (Nordland),2014,1733
1818,Herøy (Nordland),2015,1737
1818,Herøy (Nordland),2016,1743
1818,Herøy (Nordland),2017,1788
1818,Herøy (Nordland),2018,1790
1818,Herøy (Nordland),2019,1780
1818,Herøy (Nordland),2020,1777
1818,Herøy (Nordland),2021,1793
1818,Herøy (Nordland),2022,1825
1818,Herøy (Nordland),2023,1839
1818,Herøy (Nordland),2024,1842
1818,Herøy (Nordland),2025,1888
1818,Herøy (Nordland),2026,1874
1820,Alstahaug,1986,7612
1820,Alstahaug,1987,7573
1820,Alstahaug,1988,7505
1820,Alstahaug,1989,7464
1820,Alstahaug,1990,7487
1820,Alstahaug,1991,7491
1820,Alstahaug,1992,7566
1820,Alstahaug,1993,7648
1820,Alstahaug,1994,7631
1820,Alstahaug,1995,7523
1820,Alstahaug,1996,7446
1820,Alstahaug,1997,7418
1820,Alstahaug,1998,7448
1820,Alstahaug,1999,7371
1820,Alstahaug,2000,7440
1820,Alstahaug,2001,7404
1820,Alstahaug,2002,7434
1820,Alstahaug,2003,7445
1820,Alstahaug,2004,7378
1820,Alstahaug,2005,7398
1820,Alstahaug,2006,7306
1820,Alstahaug,2007,7225
1820,Alstahaug,2008,7207
1820,Alstahaug,2009,7208
1820,Alstahaug,2010,7196
1820,Alstahaug,2011,7296
1820,Alstahaug,2012,7372
1820,Alstahaug,2013,7361
1820,Alstahaug,2014,7394
1820,Alstahaug,2015,7454
1820,Alstahaug,2016,7437
1820,Alstahaug,2017,7428
1820,Alstahaug,2018,7450
1820,Alstahaug,2019,7415
1820,Alstahaug,2020,7447
1820,Alstahaug,2021,7394
1820,Alstahaug,2022,7333
1820,Alstahaug,2023,7300
1820,Alstahaug,2024,7421
1820,Alstahaug,2025,7465
1820,Alstahaug,2026,7489
1822,Leirfjord,1986,2429
1822,Leirfjord,1987,2357
1822,Leirfjord,1988,2389
1822,Leirfjord,1989,2367
1822,Leirfjord,1990,2364
1822,Leirfjord,1991,2376
1822,Leirfjord,1992,2357
1822,Leirfjord,1993,2332
1822,Leirfjord,1994,2315
1822,Leirfjord,1995,2332
1822,Leirfjord,1996,2372
1822,Leirfjord,1997,2349
1822,Leirfjord,1998,2268
1822,Leirfjord,1999,2243
1822,Leirfjord,2000,2242
1822,Leirfjord,2001,2219
1822,Leirfjord,2002,2200
1822,Leirfjord,2003,2214
1822,Leirfjord,2004,2227
1822,Leirfjord,2005,2156
1822,Leirfjord,2006,2156
1822,Leirfjord,2007,2123
1822,Leirfjord,2008,2090
1822,Leirfjord,2009,2088
1822,Leirfjord,2010,2140
1822,Leirfjord,2011,2160
1822,Leirfjord,2012,2107
1822,Leirfjord,2013,2144
1822,Leirfjord,2014,2188
1822,Leirfjord,2015,2188
1822,Leirfjord,2016,2216
1822,Leirfjord,2017,2278
1822,Leirfjord,2018,2307
1822,Leirfjord,2019,2320
1822,Leirfjord,2020,2294
1822,Leirfjord,2021,2278
1822,Leirfjord,2022,2257
1822,Leirfjord,2023,2270
1822,Leirfjord,2024,2352
1822,Leirfjord,2025,2354
1822,Leirfjord,2026,2392
1824,Vefsn,1986,13189
1824,Vefsn,1987,13147
1824,Vefsn,1988,13196
1824,Vefsn,1989,13225
1824,Vefsn,1990,13286
1824,Vefsn,1991,13417
1824,Vefsn,1992,13427
1824,Vefsn,1993,13464
1824,Vefsn,1994,13565
1824,Vefsn,1995,13599
1824,Vefsn,1996,13699
1824,Vefsn,1997,13635
1824,Vefsn,1998,13585
1824,Vefsn,1999,13549
1824,Vefsn,2000,13553
1824,Vefsn,2001,13501
1824,Vefsn,2002,13484
1824,Vefsn,2003,13456
1824,Vefsn,2004,13473
1824,Vefsn,2005,13486
1824,Vefsn,2006,13440
1824,Vefsn,2007,13571
1824,Vefsn,2008,13424
1824,Vefsn,2009,13342
1824,Vefsn,2010,13388
1824,Vefsn,2011,13307
1824,Vefsn,2012,13258
1824,Vefsn,2013,13252
1824,Vefsn,2014,13286
1824,Vefsn,2015,13352
1824,Vefsn,2016,13427
1824,Vefsn,2017,13465
1824,Vefsn,2018,13448
1824,Vefsn,2019,13403
1824,Vefsn,2020,13278
1824,Vefsn,2021,13268
1824,Vefsn,2022,13233
1824,Vefsn,2023,13342
1824,Vefsn,2024,13469
1824,Vefsn,2025,13475
1824,Vefsn,2026,13481
1825,Grane,1986,1755
1825,Grane,1987,1761
1825,Grane,1988,1757
1825,Grane,1989,1740
1825,Grane,1990,1734
1825,Grane,1991,1714
1825,Grane,1992,1701
1825,Grane,1993,1698
1825,Grane,1994,1684
1825,Grane,1995,1678
1825,Grane,1996,1657
1825,Grane,1997,1654
1825,Grane,1998,1682
1825,Grane,1999,1648
1825,Grane,2000,1652
1825,Grane,2001,1611
1825,Grane,2002,1569
1825,Grane,2003,1542
1825,Grane,2004,1536
1825,Grane,2005,1544
1825,Grane,2006,1543
1825,Grane,2007,1540
1825,Grane,2008,1537
1825,Grane,2009,1500
1825,Grane,2010,1496
1825,Grane,2011,1487
1825,Grane,2012,1455
1825,Grane,2013,1459
1825,Grane,2014,1465
1825,Grane,2015,1458
1825,Grane,2016,1462
1825,Grane,2017,1469
1825,Grane,2018,1463
1825,Grane,2019,1493
1825,Grane,2020,1482
1825,Grane,2021,1453
1825,Grane,2022,1461
1825,Grane,2023,1454
1825,Grane,2024,1447
1825,Grane,2025,1430
1825,Grane,2026,1415
1826,Aarborte - Hattfjelldal,1986,1768
1826,Aarborte - Hattfjelldal,1987,1758
1826,Aarborte - Hattfjelldal,1988,1736
1826,Aarborte - Hattfjelldal,1989,1751
1826,Aarborte - Hattfjelldal,1990,1728
1826,Aarborte - Hattfjelldal,1991,1728
1826,Aarborte - Hattfjelldal,1992,1718
1826,Aarborte - Hattfjelldal,1993,1711
1826,Aarborte - Hattfjelldal,1994,1674
1826,Aarborte - Hattfjelldal,1995,1666
1826,Aarborte - Hattfjelldal,1996,1664
1826,Aarborte - Hattfjelldal,1997,1640
1826,Aarborte - Hattfjelldal,1998,1635
1826,Aarborte - Hattfjelldal,1999,1636
1826,Aarborte - Hattfjelldal,2000,1634
1826,Aarborte - Hattfjelldal,2001,1632
1826,Aarborte - Hattfjelldal,2002,1603
1826,Aarborte - Hattfjelldal,2003,1569
1826,Aarborte - Hattfjelldal,2004,1562
1826,Aarborte - Hattfjelldal,2005,1530
1826,Aarborte - Hattfjelldal,2006,1503
1826,Aarborte - Hattfjelldal,2007,1482
1826,Aarborte - Hattfjelldal,2008,1463
1826,Aarborte - Hattfjelldal,2009,1438
1826,Aarborte - Hattfjelldal,2010,1444
1826,Aarborte - Hattfjelldal,2011,1463
1826,Aarborte - Hattfjelldal,2012,1456
1826,Aarborte - Hattfjelldal,2013,1471
1826,Aarborte - Hattfjelldal,2014,1500
1826,Aarborte - Hattfjelldal,2015,1533
1826,Aarborte - Hattfjelldal,2016,1465
1826,Aarborte - Hattfjelldal,2017,1414
1826,Aarborte - Hattfjelldal,2018,1411
1826,Aarborte - Hattfjelldal,2019,1359
1826,Aarborte - Hattfjelldal,2020,1297
1826,Aarborte - Hattfjelldal,2021,1267
1826,Aarborte - Hattfjelldal,2022,1273
1826,Aarborte - Hattfjelldal,2023,1278
1826,Aarborte - Hattfjelldal,2024,1284
1826,Aarborte - Hattfjelldal,2025,1274
1826,Aarborte - Hattfjelldal,2026,1255
1827,Dønna,1986,1966
1827,Dønna,1987,1936
1827,Dønna,1988,1860
1827,Dønna,1989,1824
1827,Dønna,1990,1787
1827,Dønna,1991,1793
1827,Dønna,1992,1786
1827,Dønna,1993,1753
1827,Dønna,1994,1737
1827,Dønna,1995,1738
1827,Dønna,1996,1693
1827,Dønna,1997,1678
1827,Dønna,1998,1635
1827,Dønna,1999,1595
1827,Dønna,2000,1582
1827,Dønna,2001,1595
1827,Dønna,2002,1556
1827,Dønna,2003,1541
1827,Dønna,2004,1543
1827,Dønna,2005,1528
1827,Dønna,2006,1507
1827,Dønna,2007,1489
1827,Dønna,2008,1463
1827,Dønna,2009,1432
1827,Dønna,2010,1431
1827,Dønna,2011,1449
1827,Dønna,2012,1433
1827,Dønna,2013,1431
1827,Dønna,2014,1420
1827,Dønna,2015,1407
1827,Dønna,2016,1402
1827,Dønna,2017,1410
1827,Dønna,2018,1403
1827,Dønna,2019,1391
1827,Dønna,2020,1371
1827,Dønna,2021,1371
1827,Dønna,2022,1369
1827,Dønna,2023,1391
1827,Dønna,2024,1427
1827,Dønna,2025,1447
1827,Dønna,2026,1445
1828,Nesna,1986,1832
1828,Nesna,1987,1770
1828,Nesna,1988,1751
1828,Nesna,1989,1767
1828,Nesna,1990,1810
1828,Nesna,1991,1765
1828,Nesna,1992,1777
1828,Nesna,1993,1791
1828,Nesna,1994,1783
1828,Nesna,1995,1795
1828,Nesna,1996,1833
1828,Nesna,1997,1836
1828,Nesna,1998,1897
1828,Nesna,1999,1865
1828,Nesna,2000,1882
1828,Nesna,2001,1913
1828,Nesna,2002,1855
1828,Nesna,2003,1838
1828,Nesna,2004,1822
1828,Nesna,2005,1801
1828,Nesna,2006,1769
1828,Nesna,2007,1776
1828,Nesna,2008,1792
1828,Nesna,2009,1786
1828,Nesna,2010,1786
1828,Nesna,2011,1808
1828,Nesna,2012,1813
1828,Nesna,2013,1875
1828,Nesna,2014,1902
1828,Nesna,2015,1871
1828,Nesna,2016,1838
1828,Nesna,2017,1837
1828,Nesna,2018,1805
1828,Nesna,2019,1792
1828,Nesna,2020,1761
1828,Nesna,2021,1701
1828,Nesna,2022,1698
1828,Nesna,2023,1783
1828,Nesna,2024,1808
1828,Nesna,2025,1770
1828,Nesna,2026,1796
1832,Hemnes,1986,4935
1832,Hemnes,1987,4854
1832,Hemnes,1988,4870
1832,Hemnes,1989,4848
1832,Hemnes,1990,4821
1832,Hemnes,1991,4842
1832,Hemnes,1992,4832
1832,Hemnes,1993,4811
1832,Hemnes,1994,4881
1832,Hemnes,1995,4847
1832,Hemnes,1996,4787
1832,Hemnes,1997,4733
1832,Hemnes,1998,4703
1832,Hemnes,1999,4656
1832,Hemnes,2000,4689
1832,Hemnes,2001,4663
1832,Hemnes,2002,4580
1832,Hemnes,2003,4551
1832,Hemnes,2004,4562
1832,Hemnes,2005,4566
1832,Hemnes,2006,4542
1832,Hemnes,2007,4510
1832,Hemnes,2008,4478
1832,Hemnes,2009,4527
1832,Hemnes,2010,4584
1832,Hemnes,2011,4600
1832,Hemnes,2012,4585
1832,Hemnes,2013,4620
1832,Hemnes,2014,4553
1832,Hemnes,2015,4528
1832,Hemnes,2016,4486
1832,Hemnes,2017,4524
1832,Hemnes,2018,4503
1832,Hemnes,2019,4501
1832,Hemnes,2020,4454
1832,Hemnes,2021,4428
1832,Hemnes,2022,4420
1832,Hemnes,2023,4459
1832,Hemnes,2024,4485
1832,Hemnes,2025,4485
1832,Hemnes,2026,4486
1833,Rana - Raane,1986,25219
1833,Rana - Raane,1987,25128
1833,Rana - Raane,1988,24891
1833,Rana - Raane,1989,24720
1833,Rana - Raane,1990,24646
1833,Rana - Raane,1991,24641
1833,Rana - Raane,1992,24850
1833,Rana - Raane,1993,24908
1833,Rana - Raane,1994,25018
1833,Rana - Raane,1995,25150
1833,Rana - Raane,1996,25236
1833,Rana - Raane,1997,25261
1833,Rana - Raane,1998,25193
1833,Rana - Raane,1999,25235
1833,Rana - Raane,2000,25255
1833,Rana - Raane,2001,25278
1833,Rana - Raane,2002,25350
1833,Rana - Raane,2003,25313
1833,Rana - Raane,2004,25309
1833,Rana - Raane,2005,25320
1833,Rana - Raane,2006,25355
1833,Rana - Raane,2007,25190
1833,Rana - Raane,2008,25092
1833,Rana - Raane,2009,25281
1833,Rana - Raane,2010,25282
1833,Rana - Raane,2011,25499
1833,Rana - Raane,2012,25652
1833,Rana - Raane,2013,25752
1833,Rana - Raane,2014,25943
1833,Rana - Raane,2015,26078
1833,Rana - Raane,2016,26039
1833,Rana - Raane,2017,26101
1833,Rana - Raane,2018,26230
1833,Rana - Raane,2019,26315
1833,Rana - Raane,2020,26184
1833,Rana - Raane,2021,26083
1833,Rana - Raane,2022,26092
1833,Rana - Raane,2023,25980
1833,Rana - Raane,2024,25994
1833,Rana - Raane,2025,25927
1833,Rana - Raane,2026,25844
1834,Lurøy,1986,2435
1834,Lurøy,1987,2405
1834,Lurøy,1988,2343
1834,Lurøy,1989,2298
1834,Lurøy,1990,2265
1834,Lurøy,1991,2250
1834,Lurøy,1992,2206
1834,Lurøy,1993,2213
1834,Lurøy,1994,2213
1834,Lurøy,1995,2189
1834,Lurøy,1996,2191
1834,Lurøy,1997,2189
1834,Lurøy,1998,2141
1834,Lurøy,1999,2102
1834,Lurøy,2000,2107
1834,Lurøy,2001,2116
1834,Lurøy,2002,2066
1834,Lurøy,2003,2016
1834,Lurøy,2004,2024
1834,Lurøy,2005,2028
1834,Lurøy,2006,1971
1834,Lurøy,2007,1970
1834,Lurøy,2008,1899
1834,Lurøy,2009,1883
1834,Lurøy,2010,1900
1834,Lurøy,2011,1912
1834,Lurøy,2012,1937
1834,Lurøy,2013,1916
1834,Lurøy,2014,1901
1834,Lurøy,2015,1917
1834,Lurøy,2016,1923
1834,Lurøy,2017,1920
1834,Lurøy,2018,1920
1834,Lurøy,2019,1904
1834,Lurøy,2020,1890
1834,Lurøy,2021,1876
1834,Lurøy,2022,1869
1834,Lurøy,2023,1852
1834,Lurøy,2024,1886
1834,Lurøy,2025,1948
1834,Lurøy,2026,1953
1835,Træna,1986,537
1835,Træna,1987,532
1835,Træna,1988,556
1835,Træna,1989,544
1835,Træna,1990,529
1835,Træna,1991,503
1835,Træna,1992,516
1835,Træna,1993,497
1835,Træna,1994,494
1835,Træna,1995,497
1835,Træna,1996,497
1835,Træna,1997,520
1835,Træna,1998,489
1835,Træna,1999,484
1835,Træna,2000,466
1835,Træna,2001,464
1835,Træna,2002,474
1835,Træna,2003,464
1835,Træna,2004,456
1835,Træna,2005,444
1835,Træna,2006,453
1835,Træna,2007,446
1835,Træna,2008,451
1835,Træna,2009,455
1835,Træna,2010,489
1835,Træna,2011,490
1835,Træna,2012,497
1835,Træna,2013,506
1835,Træna,2014,489
1835,Træna,2015,486
1835,Træna,2016,478
1835,Træna,2017,465
1835,Træna,2018,454
1835,Træna,2019,456
1835,Træna,2020,435
1835,Træna,2021,442
1835,Træna,2022,450
1835,Træna,2023,444
1835,Træna,2024,442
1835,Træna,2025,463
1835,Træna,2026,443
1836,Rødøy,1986,1893
1836,Rødøy,1987,1808
1836,Rødøy,1988,1793
1836,Rødøy,1989,1766
1836,Rødøy,1990,1743
1836,Rødøy,1991,1725
1836,Rødøy,1992,1707
1836,Rødøy,1993,1694
1836,Rødøy,1994,1672
1836,Rødøy,1995,1670
1836,Rødøy,1996,1677
1836,Rødøy,1997,1651
1836,Rødøy,1998,1619
1836,Rødøy,1999,1589
1836,Rødøy,2000,1570
1836,Rødøy,2001,1530
1836,Rødøy,2002,1509
1836,Rødøy,2003,1462
1836,Rødøy,2004,1441
1836,Rødøy,2005,1443
1836,Rødøy,2006,1376
1836,Rødøy,2007,1343
1836,Rødøy,2008,1314
1836,Rødøy,2009,1292
1836,Rødøy,2010,1281
1836,Rødøy,2011,1294
1836,Rødøy,2012,1320
1836,Rødøy,2013,1310
1836,Rødøy,2014,1305
1836,Rødøy,2015,1269
1836,Rødøy,2016,1268
1836,Rødøy,2017,1267
1836,Rødøy,2018,1249
1836,Rødøy,2019,1238
1836,Rødøy,2020,1213
1836,Rødøy,2021,1206
1836,Rødøy,2022,1153
1836,Rødøy,2023,1139
1836,Rødøy,2024,1139
1836,Rødøy,2025,1160
1836,Rødøy,2026,1140
1837,Meløy,1986,7007
1837,Meløy,1987,6959
1837,Meløy,1988,7012
1837,Meløy,1989,7087
1837,Meløy,1990,7111
1837,Meløy,1991,7082
1837,Meløy,1992,7086
1837,Meløy,1993,7108
1837,Meløy,1994,7038
1837,Meløy,1995,7000
1837,Meløy,1996,6934
1837,Meløy,1997,6931
1837,Meløy,1998,6833
1837,Meløy,1999,6763
1837,Meløy,2000,6796
1837,Meløy,2001,6813
1837,Meløy,2002,6830
1837,Meløy,2003,6845
1837,Meløy,2004,6772
1837,Meløy,2005,6759
1837,Meløy,2006,6715
1837,Meløy,2007,6663
1837,Meløy,2008,6622
1837,Meløy,2009,6641
1837,Meløy,2010,6639
1837,Meløy,2011,6650
1837,Meløy,2012,6657
1837,Meløy,2013,6582
1837,Meløy,2014,6491
1837,Meløy,2015,6454
1837,Meløy,2016,6471
1837,Meløy,2017,6435
1837,Meløy,2018,6346
1837,Meløy,2019,6331
1837,Meløy,2020,6288
1837,Meløy,2021,6247
1837,Meløy,2022,6214
1837,Meløy,2023,6212
1837,Meløy,2024,6180
1837,Meløy,2025,6104
1837,Meløy,2026,6074
1838,Gildeskål,1986,2713
1838,Gildeskål,1987,2673
1838,Gildeskål,1988,2639
1838,Gildeskål,1989,2591
1838,Gildeskål,1990,2594
1838,Gildeskål,1991,2571
1838,Gildeskål,1992,2569
1838,Gildeskål,1993,2512
1838,Gildeskål,1994,2505
1838,Gildeskål,1995,2515
1838,Gildeskål,1996,2494
1838,Gildeskål,1997,2458
1838,Gildeskål,1998,2419
1838,Gildeskål,1999,2374
1838,Gildeskål,2000,2351
1838,Gildeskål,2001,2268
1838,Gildeskål,2002,2276
1838,Gildeskål,2003,2220
1838,Gildeskål,2004,2215
1838,Gildeskål,2005,2178
1838,Gildeskål,2006,2107
1838,Gildeskål,2007,2081
1838,Gildeskål,2008,2046
1838,Gildeskål,2009,2053
1838,Gildeskål,2010,1996
1838,Gildeskål,2011,2020
1838,Gildeskål,2012,2000
1838,Gildeskål,2013,2006
1838,Gildeskål,2014,2023
1838,Gildeskål,2015,2014
1838,Gildeskål,2016,2043
1838,Gildeskål,2017,2024
1838,Gildeskål,2018,1998
1838,Gildeskål,2019,1978
1838,Gildeskål,2020,1950
1838,Gildeskål,2021,1920
1838,Gildeskål,2022,1894
1838,Gildeskål,2023,1928
1838,Gildeskål,2024,1958
1838,Gildeskål,2025,2003
1838,Gildeskål,2026,2024
1839,Beiarn,1986,1569
1839,Beiarn,1987,1542
1839,Beiarn,1988,1525
1839,Beiarn,1989,1521
1839,Beiarn,1990,1488
1839,Beiarn,1991,1488
1839,Beiarn,1992,1454
1839,Beiarn,1993,1440
1839,Beiarn,1994,1441
1839,Beiarn,1995,1451
1839,Beiarn,1996,1437
1839,Beiarn,1997,1410
1839,Beiarn,1998,1357
1839,Beiarn,1999,1312
1839,Beiarn,2000,1311
1839,Beiarn,2001,1275
1839,Beiarn,2002,1257
1839,Beiarn,2003,1221
1839,Beiarn,2004,1183
1839,Beiarn,2005,1165
1839,Beiarn,2006,1159
1839,Beiarn,2007,1148
1839,Beiarn,2008,1128
1839,Beiarn,2009,1137
1839,Beiarn,2010,1114
1839,Beiarn,2011,1103
1839,Beiarn,2012,1097
1839,Beiarn,2013,1075
1839,Beiarn,2014,1088
1839,Beiarn,2015,1058
1839,Beiarn,2016,1034
1839,Beiarn,2017,1043
1839,Beiarn,2018,1029
1839,Beiarn,2019,1022
1839,Beiarn,2020,1017
1839,Beiarn,2021,999
1839,Beiarn,2022,1012
1839,Beiarn,2023,1027
1839,Beiarn,2024,1062
1839,Beiarn,2025,1059
1839,Beiarn,2026,1032
1840,Saltdal,1986,5274
1840,Saltdal,1987,5228
1840,Saltdal,1988,5248
1840,Saltdal,1989,5198
1840,Saltdal,1990,5190
1840,Saltdal,1991,5163
1840,Saltdal,1992,5155
1840,Saltdal,1993,5125
1840,Saltdal,1994,5161
1840,Saltdal,1995,5150
1840,Saltdal,1996,5082
1840,Saltdal,1997,5067
1840,Saltdal,1998,5013
1840,Saltdal,1999,4942
1840,Saltdal,2000,4887
1840,Saltdal,2001,4874
1840,Saltdal,2002,4863
1840,Saltdal,2003,4834
1840,Saltdal,2004,4823
1840,Saltdal,2005,4800
1840,Saltdal,2006,4751
1840,Saltdal,2007,4688
1840,Saltdal,2008,4710
1840,Saltdal,2009,4727
1840,Saltdal,2010,4692
1840,Saltdal,2011,4672
1840,Saltdal,2012,4710
1840,Saltdal,2013,4745
1840,Saltdal,2014,4690
1840,Saltdal,2015,4734
1840,Saltdal,2016,4700
1840,Saltdal,2017,4702
1840,Saltdal,2018,4691
1840,Saltdal,2019,4657
1840,Saltdal,2020,4671
1840,Saltdal,2021,4632
1840,Saltdal,2022,4617
1840,Saltdal,2023,4650
1840,Saltdal,2024,4880
1840,Saltdal,2025,4822
1840,Saltdal,2026,4865
1841,Fauske - Fuossko,1986,10054
1841,Fauske - Fuossko,1987,10063
1841,Fauske - Fuossko,1988,10072
1841,Fauske - Fuossko,1989,10108
1841,Fauske - Fuossko,1990,10017
1841,Fauske - Fuossko,1991,10000
1841,Fauske - Fuossko,1992,9996
1841,Fauske - Fuossko,1993,9923
1841,Fauske - Fuossko,1994,9897
1841,Fauske - Fuossko,1995,9962
1841,Fauske - Fuossko,1996,9925
1841,Fauske - Fuossko,1997,9769
1841,Fauske - Fuossko,1998,9729
1841,Fauske - Fuossko,1999,9613
1841,Fauske - Fuossko,2000,9632
1841,Fauske - Fuossko,2001,9657
1841,Fauske - Fuossko,2002,9627
1841,Fauske - Fuossko,2003,9528
1841,Fauske - Fuossko,2004,9627
1841,Fauske - Fuossko,2005,9549
1841,Fauske - Fuossko,2006,9551
1841,Fauske - Fuossko,2007,9465
1841,Fauske - Fuossko,2008,9480
1841,Fauske - Fuossko,2009,9477
1841,Fauske - Fuossko,2010,9552
1841,Fauske - Fuossko,2011,9533
1841,Fauske - Fuossko,2012,9513
1841,Fauske - Fuossko,2013,9513
1841,Fauske - Fuossko,2014,9556
1841,Fauske - Fuossko,2015,9622
1841,Fauske - Fuossko,2016,9604
1841,Fauske - Fuossko,2017,9729
1841,Fauske - Fuossko,2018,9775
1841,Fauske - Fuossko,2019,9760
1841,Fauske - Fuossko,2020,9739
1841,Fauske - Fuossko,2021,9640
1841,Fauske - Fuossko,2022,9603
1841,Fauske - Fuossko,2023,9572
1841,Fauske - Fuossko,2024,9827
1841,Fauske - Fuossko,2025,9805
1841,Fauske - Fuossko,2026,9707
1845,Sørfold - Fuolldá,1986,3017
1845,Sørfold - Fuolldá,1987,2977
1845,Sørfold - Fuolldá,1988,2900
1845,Sørfold - Fuolldá,1989,2872
1845,Sørfold - Fuolldá,1990,2820
1845,Sørfold - Fuolldá,1991,2826
1845,Sørfold - Fuolldá,1992,2781
1845,Sørfold - Fuolldá,1993,2708
1845,Sørfold - Fuolldá,1994,2676
1845,Sørfold - Fuolldá,1995,2630
1845,Sørfold - Fuolldá,1996,2573
1845,Sørfold - Fuolldá,1997,2536
1845,Sørfold - Fuolldá,1998,2485
1845,Sørfold - Fuolldá,1999,2431
1845,Sørfold - Fuolldá,2000,2367
1845,Sørfold - Fuolldá,2001,2352
1845,Sørfold - Fuolldá,2002,2278
1845,Sørfold - Fuolldá,2003,2228
1845,Sørfold - Fuolldá,2004,2184
1845,Sørfold - Fuolldá,2005,2153
1845,Sørfold - Fuolldá,2006,2119
1845,Sørfold - Fuolldá,2007,2084
1845,Sørfold - Fuolldá,2008,2000
1845,Sørfold - Fuolldá,2009,2021
1845,Sørfold - Fuolldá,2010,1984
1845,Sørfold - Fuolldá,2011,1989
1845,Sørfold - Fuolldá,2012,2003
1845,Sørfold - Fuolldá,2013,1981
1845,Sørfold - Fuolldá,2014,1987
1845,Sørfold - Fuolldá,2015,1953
1845,Sørfold - Fuolldá,2016,1963
1845,Sørfold - Fuolldá,2017,1958
1845,Sørfold - Fuolldá,2018,1979
1845,Sørfold - Fuolldá,2019,1975
1845,Sørfold - Fuolldá,2020,1926
1845,Sørfold - Fuolldá,2021,1912
1845,Sørfold - Fuolldá,2022,1869
1845,Sørfold - Fuolldá,2023,1845
1845,Sørfold - Fuolldá,2024,1858
1845,Sørfold - Fuolldá,2025,1851
1845,Sørfold - Fuolldá,2026,1819
1848,Steigen,1986,3525
1848,Steigen,1987,3449
1848,Steigen,1988,3393
1848,Steigen,1989,3351
1848,Steigen,1990,3271
1848,Steigen,1991,3265
1848,Steigen,1992,3257
1848,Steigen,1993,3240
1848,Steigen,1994,3191
1848,Steigen,1995,3154
1848,Steigen,1996,3136
1848,Steigen,1997,3091
1848,Steigen,1998,3075
1848,Steigen,1999,3022
1848,Steigen,2000,2977
1848,Steigen,2001,2936
1848,Steigen,2002,2889
1848,Steigen,2003,2875
1848,Steigen,2004,2863
1848,Steigen,2005,2802
1848,Steigen,2006,2760
1848,Steigen,2007,2680
1848,Steigen,2008,2672
1848,Steigen,2009,2665
1848,Steigen,2010,2619
1848,Steigen,2011,2619
1848,Steigen,2012,2609
1848,Steigen,2013,2552
1848,Steigen,2014,2579
1848,Steigen,2015,2507
1848,Steigen,2016,2543
1848,Steigen,2017,2543
1848,Steigen,2018,2534
1848,Steigen,2019,2576
1848,Steigen,2020,2608
1848,Steigen,2021,2586
1848,Steigen,2022,2591
1848,Steigen,2023,2665
1848,Steigen,2024,2672
1848,Steigen,2025,2662
1848,Steigen,2026,2679
1851,Lødingen,1986,2968
1851,Lødingen,1987,2937
1851,Lødingen,1988,2921
1851,Lødingen,1989,2884
1851,Lødingen,1990,2843
1851,Lødingen,1991,2799
1851,Lødingen,1992,2788
1851,Lødingen,1993,2762
1851,Lødingen,1994,2705
1851,Lødingen,1995,2674
1851,Lødingen,1996,2654
1851,Lødingen,1997,2576
1851,Lødingen,1998,2537
1851,Lødingen,1999,2497
1851,Lødingen,2000,2471
1851,Lødingen,2001,2402
1851,Lødingen,2002,2358
1851,Lødingen,2003,2382
1851,Lødingen,2004,2386
1851,Lødingen,2005,2349
1851,Lødingen,2006,2314
1851,Lødingen,2007,2257
1851,Lødingen,2008,2279
1851,Lødingen,2009,2242
1851,Lødingen,2010,2181
1851,Lødingen,2011,2196
1851,Lødingen,2012,2179
1851,Lødingen,2013,2220
1851,Lødingen,2014,2248
1851,Lødingen,2015,2160
1851,Lødingen,2016,2144
1851,Lødingen,2017,2134
1851,Lødingen,2018,2102
1851,Lødingen,2019,2077
1851,Lødingen,2020,2034
1851,Lødingen,2021,2003
1851,Lødingen,2022,1976
1851,Lødingen,2023,1985
1851,Lødingen,2024,2060
1851,Lødingen,2025,2067
1851,Lødingen,2026,1964
1853,Evenes - Evenássi,1986,1805
1853,Evenes - Evenássi,1987,1792
1853,Evenes - Evenássi,1988,1812
1853,Evenes - Evenássi,1989,1756
1853,Evenes - Evenássi,1990,1730
1853,Evenes - Evenássi,1991,1706
1853,Evenes - Evenássi,1992,1685
1853,Evenes - Evenássi,1993,1694
1853,Evenes - Evenássi,1994,1640
1853,Evenes - Evenássi,1995,1621
1853,Evenes - Evenássi,1996,1583
1853,Evenes - Evenássi,1997,1543
1853,Evenes - Evenássi,1998,1521
1853,Evenes - Evenássi,1999,1527
1853,Evenes - Evenássi,2000,1523
1853,Evenes - Evenássi,2001,1504
1853,Evenes - Evenássi,2002,1508
1853,Evenes - Evenássi,2003,1494
1853,Evenes - Evenássi,2004,1444
1853,Evenes - Evenássi,2005,1417
1853,Evenes - Evenássi,2006,1365
1853,Evenes - Evenássi,2007,1361
1853,Evenes - Evenássi,2008,1358
1853,Evenes - Evenássi,2009,1345
1853,Evenes - Evenássi,2010,1357
1853,Evenes - Evenássi,2011,1342
1853,Evenes - Evenássi,2012,1359
1853,Evenes - Evenássi,2013,1376
1853,Evenes - Evenássi,2014,1391
1853,Evenes - Evenássi,2015,1385
1853,Evenes - Evenássi,2016,1400
1853,Evenes - Evenássi,2017,1402
1853,Evenes - Evenássi,2018,1387
1853,Evenes - Evenássi,2019,1387
1853,Evenes - Evenássi,2020,1348
1853,Evenes - Evenássi,2021,1324
1853,Evenes - Evenássi,2022,1334
1853,Evenes - Evenássi,2023,1310
1853,Evenes - Evenássi,2024,1330
1853,Evenes - Evenássi,2025,1362
1853,Evenes - Evenássi,2026,1397
1856,Røst,1986,726
1856,Røst,1987,700
1856,Røst,1988,663
1856,Røst,1989,646
1856,Røst,1990,631
1856,Røst,1991,621
1856,Røst,1992,653
1856,Røst,1993,670
1856,Røst,1994,688
1856,Røst,1995,693
1856,Røst,1996,699
1856,Røst,1997,695
1856,Røst,1998,667
1856,Røst,1999,654
1856,Røst,2000,666
1856,Røst,2001,652
1856,Røst,2002,649
1856,Røst,2003,641
1856,Røst,2004,617
1856,Røst,2005,602
1856,Røst,2006,598
1856,Røst,2007,591
1856,Røst,2008,622
1856,Røst,2009,606
1856,Røst,2010,612
1856,Røst,2011,605
1856,Røst,2012,595
1856,Røst,2013,565
1856,Røst,2014,566
1856,Røst,2015,545
1856,Røst,2016,551
1856,Røst,2017,535
1856,Røst,2018,517
1856,Røst,2019,508
1856,Røst,2020,498
1856,Røst,2021,488
1856,Røst,2022,469
1856,Røst,2023,469
1856,Røst,2024,460
1856,Røst,2025,458
1856,Røst,2026,471
1857,Værøy,1986,948
1857,Værøy,1987,935
1857,Værøy,1988,898
1857,Værøy,1989,912
1857,Værøy,1990,891
1857,Værøy,1991,873
1857,Værøy,1992,868
1857,Værøy,1993,843
1857,Værøy,1994,822
1857,Værøy,1995,834
1857,Værøy,1996,833
1857,Værøy,1997,837
1857,Værøy,1998,817
1857,Værøy,1999,810
1857,Værøy,2000,775
1857,Værøy,2001,778
1857,Værøy,2002,770
1857,Værøy,2003,769
1857,Værøy,2004,759
1857,Værøy,2005,743
1857,Værøy,2006,748
1857,Værøy,2007,748
1857,Værøy,2008,743
1857,Værøy,2009,738
1857,Værøy,2010,761
1857,Værøy,2011,748
1857,Værøy,2012,751
1857,Værøy,2013,754
1857,Værøy,2014,777
1857,Værøy,2015,780
1857,Værøy,2016,765
1857,Værøy,2017,744
1857,Værøy,2018,746
1857,Værøy,2019,732
1857,Værøy,2020,728
1857,Værøy,2021,698
1857,Værøy,2022,678
1857,Værøy,2023,688
1857,Værøy,2024,683
1857,Værøy,2025,677
1857,Værøy,2026,656
1859,Flakstad,1986,1710
1859,Flakstad,1987,1663
1859,Flakstad,1988,1634
1859,Flakstad,1989,1623
1859,Flakstad,1990,1604
1859,Flakstad,1991,1618
1859,Flakstad,1992,1617
1859,Flakstad,1993,1615
1859,Flakstad,1994,1628
1859,Flakstad,1995,1633
1859,Flakstad,1996,1639
1859,Flakstad,1997,1628
1859,Flakstad,1998,1617
1859,Flakstad,1999,1586
1859,Flakstad,2000,1575
1859,Flakstad,2001,1554
1859,Flakstad,2002,1540
1859,Flakstad,2003,1527
1859,Flakstad,2004,1484
1859,Flakstad,2005,1470
1859,Flakstad,2006,1454
1859,Flakstad,2007,1458
1859,Flakstad,2008,1441
1859,Flakstad,2009,1419
1859,Flakstad,2010,1369
1859,Flakstad,2011,1360
1859,Flakstad,2012,1383
1859,Flakstad,2013,1376
1859,Flakstad,2014,1368
1859,Flakstad,2015,1358
1859,Flakstad,2016,1336
1859,Flakstad,2017,1349
1859,Flakstad,2018,1301
1859,Flakstad,2019,1292
1859,Flakstad,2020,1272
1859,Flakstad,2021,1238
1859,Flakstad,2022,1216
1859,Flakstad,2023,1220
1859,Flakstad,2024,1229
1859,Flakstad,2025,1266
1859,Flakstad,2026,1235
1860,Vestvågøy,1986,10745
1860,Vestvågøy,1987,10690
1860,Vestvågøy,1988,10599
1860,Vestvågøy,1989,10580
1860,Vestvågøy,1990,10547
1860,Vestvågøy,1991,10569
1860,Vestvågøy,1992,10582
1860,Vestvågøy,1993,10632
1860,Vestvågøy,1994,10662
1860,Vestvågøy,1995,10791
1860,Vestvågøy,1996,10801
1860,Vestvågøy,1997,10744
1860,Vestvågøy,1998,10715
1860,Vestvågøy,1999,10695
1860,Vestvågøy,2000,10750
1860,Vestvågøy,2001,10769
1860,Vestvågøy,2002,10668
1860,Vestvågøy,2003,10751
1860,Vestvågøy,2004,10813
1860,Vestvågøy,2005,10764
1860,Vestvågøy,2006,10797
1860,Vestvågøy,2007,10745
1860,Vestvågøy,2008,10710
1860,Vestvågøy,2009,10706
1860,Vestvågøy,2010,10674
1860,Vestvågøy,2011,10780
1860,Vestvågøy,2012,10848
1860,Vestvågøy,2013,10870
1860,Vestvågøy,2014,10997
1860,Vestvågøy,2015,11140
1860,Vestvågøy,2016,11198
1860,Vestvågøy,2017,11294
1860,Vestvågøy,2018,11397
1860,Vestvågøy,2019,11480
1860,Vestvågøy,2020,11433
1860,Vestvågøy,2021,11521
1860,Vestvågøy,2022,11566
1860,Vestvågøy,2023,11551
1860,Vestvågøy,2024,11619
1860,Vestvågøy,2025,11582
1860,Vestvågøy,2026,11606
1865,Vågan,1986,9503
1865,Vågan,1987,9440
1865,Vågan,1988,9325
1865,Vågan,1989,9347
1865,Vågan,1990,9353
1865,Vågan,1991,9342
1865,Vågan,1992,9336
1865,Vågan,1993,9352
1865,Vågan,1994,9337
1865,Vågan,1995,9414
1865,Vågan,1996,9381
1865,Vågan,1997,9362
1865,Vågan,1998,9247
1865,Vågan,1999,9180
1865,Vågan,2000,9229
1865,Vågan,2001,9172
1865,Vågan,2002,9094
1865,Vågan,2003,9036
1865,Vågan,2004,9052
1865,Vågan,2005,9034
1865,Vågan,2006,9021
1865,Vågan,2007,8992
1865,Vågan,2008,8933
1865,Vågan,2009,8976
1865,Vågan,2010,9023
1865,Vågan,2011,9023
1865,Vågan,2012,9086
1865,Vågan,2013,9207
1865,Vågan,2014,9223
1865,Vågan,2015,9285
1865,Vågan,2016,9350
1865,Vågan,2017,9444
1865,Vågan,2018,9611
1865,Vågan,2019,9595
1865,Vågan,2020,9608
1865,Vågan,2021,9670
1865,Vågan,2022,9724
1865,Vågan,2023,9736
1865,Vågan,2024,9793
1865,Vågan,2025,9871
1865,Vågan,2026,9905
1866,Hadsel,1986,8763
1866,Hadsel,1987,8709
1866,Hadsel,1988,8713
1866,Hadsel,1989,8686
1866,Hadsel,1990,8706
1866,Hadsel,1991,8608
1866,Hadsel,1992,8663
1866,Hadsel,1993,8629
1866,Hadsel,1994,8717
1866,Hadsel,1995,8639
1866,Hadsel,1996,8547
1866,Hadsel,1997,8540
1866,Hadsel,1998,8433
1866,Hadsel,1999,8342
1866,Hadsel,2000,8321
1866,Hadsel,2001,8200
1866,Hadsel,2002,8131
1866,Hadsel,2003,8051
1866,Hadsel,2004,8039
1866,Hadsel,2005,8039
1866,Hadsel,2006,8001
1866,Hadsel,2007,7907
1866,Hadsel,2008,7970
1866,Hadsel,2009,7950
1866,Hadsel,2010,7981
1866,Hadsel,2011,7924
1866,Hadsel,2012,7937
1866,Hadsel,2013,8050
1866,Hadsel,2014,8112
1866,Hadsel,2015,8057
1866,Hadsel,2016,8082
1866,Hadsel,2017,8009
1866,Hadsel,2018,8042
1866,Hadsel,2019,8091
1866,Hadsel,2020,8061
1866,Hadsel,2021,8065
1866,Hadsel,2022,8107
1866,Hadsel,2023,8184
1866,Hadsel,2024,8236
1866,Hadsel,2025,8400
1866,Hadsel,2026,8374
1867,Bø,1986,4106
1867,Bø,1987,4042
1867,Bø,1988,4012
1867,Bø,1989,3931
1867,Bø,1990,3814
1867,Bø,1991,3763
1867,Bø,1992,3664
1867,Bø,1993,3642
1867,Bø,1994,3552
1867,Bø,1995,3530
1867,Bø,1996,3491
1867,Bø,1997,3463
1867,Bø,1998,3392
1867,Bø,1999,3332
1867,Bø,2000,3288
1867,Bø,2001,3239
1867,Bø,2002,3159
1867,Bø,2003,3100
1867,Bø,2004,3041
1867,Bø,2005,3003
1867,Bø,2006,2946
1867,Bø,2007,2899
1867,Bø,2008,2867
1867,Bø,2009,2838
1867,Bø,2010,2789
1867,Bø,2011,2790
1867,Bø,2012,2720
1867,Bø,2013,2654
1867,Bø,2014,2642
1867,Bø,2015,2642
1867,Bø,2016,2632
1867,Bø,2017,2624
1867,Bø,2018,2623
1867,Bø,2019,2616
1867,Bø,2020,2569
1867,Bø,2021,2576
1867,Bø,2022,2565
1867,Bø,2023,2584
1867,Bø,2024,2634
1867,Bø,2025,2617
1867,Bø,2026,2609
1868,Øksnes,1986,5082
1868,Øksnes,1987,5012
1868,Øksnes,1988,5027
1868,Øksnes,1989,4935
1868,Øksnes,1990,4866
1868,Øksnes,1991,4818
1868,Øksnes,1992,4781
1868,Øksnes,1993,4778
1868,Øksnes,1994,4764
1868,Øksnes,1995,4790
1868,Øksnes,1996,4796
1868,Øksnes,1997,4796
1868,Øksnes,1998,4824
1868,Øksnes,1999,4755
1868,Øksnes,2000,4758
1868,Øksnes,2001,4692
1868,Øksnes,2002,4687
1868,Øksnes,2003,4665
1868,Øksnes,2004,4633
1868,Øksnes,2005,4550
1868,Øksnes,2006,4567
1868,Øksnes,2007,4486
1868,Øksnes,2008,4424
1868,Øksnes,2009,4418
1868,Øksnes,2010,4438
1868,Øksnes,2011,4432
1868,Øksnes,2012,4467
1868,Øksnes,2013,4472
1868,Øksnes,2014,4562
1868,Øksnes,2015,4563
1868,Øksnes,2016,4529
1868,Øksnes,2017,4580
1868,Øksnes,2018,4541
1868,Øksnes,2019,4449
1868,Øksnes,2020,4410
1868,Øksnes,2021,4416
1868,Øksnes,2022,4458
1868,Øksnes,2023,4533
1868,Øksnes,2024,4569
1868,Øksnes,2025,4628
1868,Øksnes,2026,4613
1870,Sortland - Suortá,1986,8243
1870,Sortland - Suortá,1987,8188
1870,Sortland - Suortá,1988,8214
1870,Sortland - Suortá,1989,8224
1870,Sortland - Suortá,1990,8301
1870,Sortland - Suortá,1991,8335
1870,Sortland - Suortá,1992,8408
1870,Sortland - Suortá,1993,8534
1870,Sortland - Suortá,1994,8656
1870,Sortland - Suortá,1995,8784
1870,Sortland - Suortá,1996,8855
1870,Sortland - Suortá,1997,8862
1870,Sortland - Suortá,1998,8910
1870,Sortland - Suortá,1999,9094
1870,Sortland - Suortá,2000,9230
1870,Sortland - Suortá,2001,9363
1870,Sortland - Suortá,2002,9408
1870,Sortland - Suortá,2003,9476
1870,Sortland - Suortá,2004,9509
1870,Sortland - Suortá,2005,9536
1870,Sortland - Suortá,2006,9639
1870,Sortland - Suortá,2007,9703
1870,Sortland - Suortá,2008,9678
1870,Sortland - Suortá,2009,9732
1870,Sortland - Suortá,2010,9819
1870,Sortland - Suortá,2011,9856
1870,Sortland - Suortá,2012,9983
1870,Sortland - Suortá,2013,10082
1870,Sortland - Suortá,2014,10129
1870,Sortland - Suortá,2015,10166
1870,Sortland - Suortá,2016,10214
1870,Sortland - Suortá,2017,10378
1870,Sortland - Suortá,2018,10401
1870,Sortland - Suortá,2019,10518
1870,Sortland - Suortá,2020,10566
1870,Sortland - Suortá,2021,10514
1870,Sortland - Suortá,2022,10468
1870,Sortland - Suortá,2023,10561
1870,Sortland - Suortá,2024,10618
1870,Sortland - Suortá,2025,10781
1870,Sortland - Suortá,2026,10748
1871,Andøy,1986,6894
1871,Andøy,1987,6754
1871,Andøy,1988,6715
1871,Andøy,1989,6599
1871,Andøy,1990,6574
1871,Andøy,1991,6487
1871,Andøy,1992,6406
1871,Andøy,1993,6324
1871,Andøy,1994,6270
1871,Andøy,1995,6211
1871,Andøy,1996,6088
1871,Andøy,1997,5968
1871,Andøy,1998,5854
1871,Andøy,1999,5765
1871,Andøy,2000,5744
1871,Andøy,2001,5605
1871,Andøy,2002,5549
1871,Andøy,2003,5477
1871,Andøy,2004,5430
1871,Andøy,2005,5341
1871,Andøy,2006,5245
1871,Andøy,2007,5152
1871,Andøy,2008,5078
1871,Andøy,2009,5034
1871,Andøy,2010,5002
1871,Andøy,2011,5033
1871,Andøy,2012,5032
1871,Andøy,2013,5024
1871,Andøy,2014,4993
1871,Andøy,2015,4991
1871,Andøy,2016,4980
1871,Andøy,2017,4908
1871,Andøy,2018,4902
1871,Andøy,2019,4771
1871,Andøy,2020,4663
1871,Andøy,2021,4588
1871,Andøy,2022,4572
1871,Andøy,2023,4577
1871,Andøy,2024,4553
1871,Andøy,2025,4542
1871,Andøy,2026,4525
1874,Moskenes,1986,1534
1874,Moskenes,1987,1512
1874,Moskenes,1988,1498
1874,Moskenes,1989,1459
1874,Moskenes,1990,1445
1874,Moskenes,1991,1444
1874,Moskenes,1992,1434
1874,Moskenes,1993,1412
1874,Moskenes,1994,1434
1874,Moskenes,1995,1419
1874,Moskenes,1996,1410
1874,Moskenes,1997,1398
1874,Moskenes,1998,1353
1874,Moskenes,1999,1355
1874,Moskenes,2000,1352
1874,Moskenes,2001,1304
1874,Moskenes,2002,1282
1874,Moskenes,2003,1248
1874,Moskenes,2004,1212
1874,Moskenes,2005,1201
1874,Moskenes,2006,1183
1874,Moskenes,2007,1156
1874,Moskenes,2008,1128
1874,Moskenes,2009,1116
1874,Moskenes,2010,1130
1874,Moskenes,2011,1120
1874,Moskenes,2012,1116
1874,Moskenes,2013,1118
1874,Moskenes,2014,1108
1874,Moskenes,2015,1070
1874,Moskenes,2016,1062
1874,Moskenes,2017,1073
1874,Moskenes,2018,1068
1874,Moskenes,2019,1039
1874,Moskenes,2020,1015
1874,Moskenes,2021,989
1874,Moskenes,2022,982
1874,Moskenes,2023,979
1874,Moskenes,2024,954
1874,Moskenes,2025,969
1874,Moskenes,2026,976
1875,Hábmer - Hamarøy,1986,3907
1875,Hábmer - Hamarøy,1987,3929
1875,Hábmer - Hamarøy,1988,3889
1875,Hábmer - Hamarøy,1989,3900
1875,Hábmer - Hamarøy,1990,3827
1875,Hábmer - Hamarøy,1991,3746
1875,Hábmer - Hamarøy,1992,3729
1875,Hábmer - Hamarøy,1993,3721
1875,Hábmer - Hamarøy,1994,3661
1875,Hábmer - Hamarøy,1995,3639
1875,Hábmer - Hamarøy,1996,3617
1875,Hábmer - Hamarøy,1997,3544
1875,Hábmer - Hamarøy,1998,3471
1875,Hábmer - Hamarøy,1999,3397
1875,Hábmer - Hamarøy,2000,3338
1875,Hábmer - Hamarøy,2001,3269
1875,Hábmer - Hamarøy,2002,3251
1875,Hábmer - Hamarøy,2003,3221
1875,Hábmer - Hamarøy,2004,3148
1875,Hábmer - Hamarøy,2005,3078
1875,Hábmer - Hamarøy,2006,3044
1875,Hábmer - Hamarøy,2007,2956
1875,Hábmer - Hamarøy,2008,2933
1875,Hábmer - Hamarøy,2009,2936
1875,Hábmer - Hamarøy,2010,2911
1875,Hábmer - Hamarøy,2011,2927
1875,Hábmer - Hamarøy,2012,2913
1875,Hábmer - Hamarøy,2013,2934
1875,Hábmer - Hamarøy,2014,2975
1875,Hábmer - Hamarøy,2015,2964
1875,Hábmer - Hamarøy,2016,2964
1875,Hábmer - Hamarøy,2017,2942
1875,Hábmer - Hamarøy,2018,2929
1875,Hábmer - Hamarøy,2019,2859
1875,Hábmer - Hamarøy,2020,2766
1875,Hábmer - Hamarøy,2021,2701
1875,Hábmer - Hamarøy,2022,2708
1875,Hábmer - Hamarøy,2023,2682
1875,Hábmer - Hamarøy,2024,2729
1875,Hábmer - Hamarøy,2025,2786
1875,Hábmer - Hamarøy,2026,2808
3101,Halden,1986,25844
3101,Halden,1987,25807
3101,Halden,1988,25848
3101,Halden,1989,25841
3101,Halden,1990,25816
3101,Halden,1991,25852
3101,Halden,1992,25831
3101,Halden,1993,25896
3101,Halden,1994,25908
3101,Halden,1995,25953
3101,Halden,1996,26021
3101,Halden,1997,26162
3101,Halden,1998,26417
3101,Halden,1999,26523
3101,Halden,2000,26733
3101,Halden,2001,27133
3101,Halden,2002,27204
3101,Halden,2003,27438
3101,Halden,2004,27464
3101,Halden,2005,27582
3101,Halden,2006,27722
3101,Halden,2007,27835
3101,Halden,2008,28092
3101,Halden,2009,28389
3101,Halden,2010,28776
3101,Halden,2011,29220
3101,Halden,2012,29543
3101,Halden,2013,29880
3101,Halden,2014,30132
3101,Halden,2015,30328
3101,Halden,2016,30544
3101,Halden,2017,30790
3101,Halden,2018,31037
3101,Halden,2019,31177
3101,Halden,2020,31373
3101,Halden,2021,31387
3101,Halden,2022,31444
3101,Halden,2023,31730
3101,Halden,2024,31935
3101,Halden,2025,32038
3101,Halden,2026,32082
3103,Moss,1986,36154
3103,Moss,1987,36260
3103,Moss,1988,36631
3103,Moss,1989,36797
3103,Moss,1990,36648
3103,Moss,1991,36786
3103,Moss,1992,36902
3103,Moss,1993,37155
3103,Moss,1994,37260
3103,Moss,1995,37542
3103,Moss,1996,37851
3103,Moss,1997,38132
3103,Moss,1998,38747
3103,Moss,1999,39352
3103,Moss,2000,39921
3103,Moss,2001,40608
3103,Moss,2002,40877
3103,Moss,2003,41309
3103,Moss,2004,41485
3103,Moss,2005,41752
3103,Moss,2006,42044
3103,Moss,2007,42472
3103,Moss,2008,42987
3103,Moss,2009,43693
3103,Moss,2010,44323
3103,Moss,2011,44691
3103,Moss,2012,45414
3103,Moss,2013,45955
3103,Moss,2014,46409
3103,Moss,2015,47044
3103,Moss,2016,47640
3103,Moss,2017,48154
3103,Moss,2018,48671
3103,Moss,2019,48871
3103,Moss,2020,49273
3103,Moss,2021,49668
3103,Moss,2022,50290
3103,Moss,2023,51240
3103,Moss,2024,52051
3103,Moss,2025,52646
3103,Moss,2026,53207
3105,Sarpsborg,1986,46274
3105,Sarpsborg,1987,46499
3105,Sarpsborg,1988,46651
3105,Sarpsborg,1989,46875
3105,Sarpsborg,1990,46671
3105,Sarpsborg,1991,46608
3105,Sarpsborg,1992,46611
3105,Sarpsborg,1993,46543
3105,Sarpsborg,1994,46381
3105,Sarpsborg,1995,46449
3105,Sarpsborg,1996,46424
3105,Sarpsborg,1997,46440
3105,Sarpsborg,1998,46692
3105,Sarpsborg,1999,47122
3105,Sarpsborg,2000,47447
3105,Sarpsborg,2001,47993
3105,Sarpsborg,2002,48555
3105,Sarpsborg,2003,49044
3105,Sarpsborg,2004,49423
3105,Sarpsborg,2005,49753
3105,Sarpsborg,2006,50115
3105,Sarpsborg,2007,50593
3105,Sarpsborg,2008,51053
3105,Sarpsborg,2009,51723
3105,Sarpsborg,2010,52159
3105,Sarpsborg,2011,52805
3105,Sarpsborg,2012,53333
3105,Sarpsborg,2013,53696
3105,Sarpsborg,2014,54059
3105,Sarpsborg,2015,54192
3105,Sarpsborg,2016,54678
3105,Sarpsborg,2017,55127
3105,Sarpsborg,2018,55543
3105,Sarpsborg,2019,55997
3105,Sarpsborg,2020,56732
3105,Sarpsborg,2021,57372
3105,Sarpsborg,2022,58182
3105,Sarpsborg,2023,59038
3105,Sarpsborg,2024,59771
3105,Sarpsborg,2025,60139
3105,Sarpsborg,2026,60614
3107,Fredrikstad,1986,63962
3107,Fredrikstad,1987,63991
3107,Fredrikstad,1988,64248
3107,Fredrikstad,1989,64392
3107,Fredrikstad,1990,64448
3107,Fredrikstad,1991,64651
3107,Fredrikstad,1992,64706
3107,Fredrikstad,1993,64813
3107,Fredrikstad,1994,64843
3107,Fredrikstad,1995,65214
3107,Fredrikstad,1996,65711
3107,Fredrikstad,1997,66034
3107,Fredrikstad,1998,66746
3107,Fredrikstad,1999,67415
3107,Fredrikstad,2000,67761
3107,Fredrikstad,2001,68143
3107,Fredrikstad,2002,68505
3107,Fredrikstad,2003,69288
3107,Fredrikstad,2004,69867
3107,Fredrikstad,2005,70418
3107,Fredrikstad,2006,70791
3107,Fredrikstad,2007,71297
3107,Fredrikstad,2008,71976
3107,Fredrikstad,2009,72760
3107,Fredrikstad,2010,73638
3107,Fredrikstad,2011,74579
3107,Fredrikstad,2012,75583
3107,Fredrikstad,2013,76807
3107,Fredrikstad,2014,77591
3107,Fredrikstad,2015,78159
3107,Fredrikstad,2016,78967
3107,Fredrikstad,2017,80121
3107,Fredrikstad,2018,80977
3107,Fredrikstad,2019,81772
3107,Fredrikstad,2020,82385
3107,Fredrikstad,2021,83193
3107,Fredrikstad,2022,83892
3107,Fredrikstad,2023,84444
3107,Fredrikstad,2024,85230
3107,Fredrikstad,2025,85862
3107,Fredrikstad,2026,86243
3110,Hvaler,1986,2921
3110,Hvaler,1987,2968
3110,Hvaler,1988,3090
3110,Hvaler,1989,3181
3110,Hvaler,1990,3213
3110,Hvaler,1991,3222
3110,Hvaler,1992,3266
3110,Hvaler,1993,3273
3110,Hvaler,1994,3364
3110,Hvaler,1995,3407
3110,Hvaler,1996,3430
3110,Hvaler,1997,3462
3110,Hvaler,1998,3460
3110,Hvaler,1999,3487
3110,Hvaler,2000,3494
3110,Hvaler,2001,3504
3110,Hvaler,2002,3588
3110,Hvaler,2003,3617
3110,Hvaler,2004,3694
3110,Hvaler,2005,3773
3110,Hvaler,2006,3821
3110,Hvaler,2007,3880
3110,Hvaler,2008,3961
3110,Hvaler,2009,3998
3110,Hvaler,2010,4085
3110,Hvaler,2011,4160
3110,Hvaler,2012,4206
3110,Hvaler,2013,4284
3110,Hvaler,2014,4386
3110,Hvaler,2015,4480
3110,Hvaler,2016,4511
3110,Hvaler,2017,4517
3110,Hvaler,2018,4540
3110,Hvaler,2019,4599
3110,Hvaler,2020,4668
3110,Hvaler,2021,4694
3110,Hvaler,2022,4741
3110,Hvaler,2023,4762
3110,Hvaler,2024,4787
3110,Hvaler,2025,4777
3110,Hvaler,2026,4714
3112,Råde,1986,5819
3112,Råde,1987,5864
3112,Råde,1988,5924
3112,Råde,1989,5930
3112,Råde,1990,5995
3112,Råde,1991,6000
3112,Råde,1992,5960
3112,Råde,1993,6051
3112,Råde,1994,6044
3112,Råde,1995,5993
3112,Råde,1996,6018
3112,Råde,1997,6045
3112,Råde,1998,6073
3112,Råde,1999,6117
3112,Råde,2000,6217
3112,Råde,2001,6275
3112,Råde,2002,6388
3112,Råde,2003,6380
3112,Råde,2004,6380
3112,Råde,2005,6465
3112,Råde,2006,6544
3112,Råde,2007,6654
3112,Råde,2008,6825
3112,Råde,2009,6790
3112,Råde,2010,6882
3112,Råde,2011,6946
3112,Råde,2012,6987
3112,Råde,2013,7053
3112,Råde,2014,7104
3112,Råde,2015,7206
3112,Råde,2016,7357
3112,Råde,2017,7398
3112,Råde,2018,7465
3112,Råde,2019,7542
3112,Råde,2020,7508
3112,Råde,2021,7568
3112,Råde,2022,7633
3112,Råde,2023,8317
3112,Råde,2024,7883
3112,Råde,2025,7850
3112,Råde,2026,7892
3114,Våler (Østfold),1986,3594
3114,Våler (Østfold),1987,3742
3114,Våler (Østfold),1988,3847
3114,Våler (Østfold),1989,3883
3114,Våler (Østfold),1990,4070
3114,Våler (Østfold),1991,4092
3114,Våler (Østfold),1992,4101
3114,Våler (Østfold),1993,4148
3114,Våler (Østfold),1994,4298
3114,Våler (Østfold),1995,4015
3114,Våler (Østfold),1996,3884
3114,Våler (Østfold),1997,3900
3114,Våler (Østfold),1998,3898
3114,Våler (Østfold),1999,3933
3114,Våler (Østfold),2000,4059
3114,Våler (Østfold),2001,4113
3114,Våler (Østfold),2002,4126
3114,Våler (Østfold),2003,4002
3114,Våler (Østfold),2004,4003
3114,Våler (Østfold),2005,4020
3114,Våler (Østfold),2006,4071
3114,Våler (Østfold),2007,4152
3114,Våler (Østfold),2008,4268
3114,Våler (Østfold),2009,4437
3114,Våler (Østfold),2010,4472
3114,Våler (Østfold),2011,4573
3114,Våler (Østfold),2012,4705
3114,Våler (Østfold),2013,4857
3114,Våler (Østfold),2014,4978
3114,Våler (Østfold),2015,5100
3114,Våler (Østfold),2016,5186
3114,Våler (Østfold),2017,5335
3114,Våler (Østfold),2018,5471
3114,Våler (Østfold),2019,5593
3114,Våler (Østfold),2020,5736
3114,Våler (Østfold),2021,5805
3114,Våler (Østfold),2022,5913
3114,Våler (Østfold),2023,6023
3114,Våler (Østfold),2024,6145
3114,Våler (Østfold),2025,6162
3114,Våler (Østfold),2026,6229
3116,Skiptvet,1986,3124
3116,Skiptvet,1987,3140
3116,Skiptvet,1988,3160
3116,Skiptvet,1989,3168
3116,Skiptvet,1990,3156
3116,Skiptvet,1991,3128
3116,Skiptvet,1992,3097
3116,Skiptvet,1993,3127
3116,Skiptvet,1994,3069
3116,Skiptvet,1995,3149
3116,Skiptvet,1996,3150
3116,Skiptvet,1997,3120
3116,Skiptvet,1998,3125
3116,Skiptvet,1999,3141
3116,Skiptvet,2000,3140
3116,Skiptvet,2001,3213
3116,Skiptvet,2002,3258
3116,Skiptvet,2003,3327
3116,Skiptvet,2004,3336
3116,Skiptvet,2005,3355
3116,Skiptvet,2006,3400
3116,Skiptvet,2007,3413
3116,Skiptvet,2008,3525
3116,Skiptvet,2009,3492
3116,Skiptvet,2010,3541
3116,Skiptvet,2011,3576
3116,Skiptvet,2012,3631
3116,Skiptvet,2013,3668
3116,Skiptvet,2014,3727
3116,Skiptvet,2015,3731
3116,Skiptvet,2016,3742
3116,Skiptvet,2017,3783
3116,Skiptvet,2018,3831
3116,Skiptvet,2019,3797
3116,Skiptvet,2020,3805
3116,Skiptvet,2021,3825
3116,Skiptvet,2022,3846
3116,Skiptvet,2023,3886
3116,Skiptvet,2024,3919
3116,Skiptvet,2025,3956
3116,Skiptvet,2026,3940
3118,Indre Østfold,1986,34500
3118,Indre Østfold,1987,34681
3118,Indre Østfold,1988,34880
3118,Indre Østfold,1989,35103
3118,Indre Østfold,1990,35212
3118,Indre Østfold,1991,35266
3118,Indre Østfold,1992,35142
3118,Indre Østfold,1993,35002
3118,Indre Østfold,1994,35030
3118,Indre Østfold,1995,35150
3118,Indre Østfold,1996,35312
3118,Indre Østfold,1997,35455
3118,Indre Østfold,1998,35969
3118,Indre Østfold,1999,36431
3118,Indre Østfold,2000,36944
3118,Indre Østfold,2001,37436
3118,Indre Østfold,2002,37669
3118,Indre Østfold,2003,37976
3118,Indre Østfold,2004,38270
3118,Indre Østfold,2005,38609
3118,Indre Østfold,2006,38884
3118,Indre Østfold,2007,39206
3118,Indre Østfold,2008,39715
3118,Indre Østfold,2009,40260
3118,Indre Østfold,2010,40686
3118,Indre Østfold,2011,41108
3118,Indre Østfold,2012,41623
3118,Indre Østfold,2013,42237
3118,Indre Østfold,2014,42926
3118,Indre Østfold,2015,43247
3118,Indre Østfold,2016,43472
3118,Indre Østfold,2017,43815
3118,Indre Østfold,2018,44035
3118,Indre Østfold,2019,44320
3118,Indre Østfold,2020,44792
3118,Indre Østfold,2021,45201
3118,Indre Østfold,2022,45608
3118,Indre Østfold,2023,46382
3118,Indre Østfold,2024,47006
3118,Indre Østfold,2025,47449
3118,Indre Østfold,2026,47943
3120,Rakkestad,1986,7159
3120,Rakkestad,1987,7139
3120,Rakkestad,1988,7125
3120,Rakkestad,1989,7238
3120,Rakkestad,1990,7182
3120,Rakkestad,1991,7161
3120,Rakkestad,1992,7126
3120,Rakkestad,1993,7127
3120,Rakkestad,1994,7078
3120,Rakkestad,1995,7048
3120,Rakkestad,1996,7020
3120,Rakkestad,1997,7034
3120,Rakkestad,1998,7049
3120,Rakkestad,1999,7080
3120,Rakkestad,2000,7076
3120,Rakkestad,2001,7158
3120,Rakkestad,2002,7159
3120,Rakkestad,2003,7217
3120,Rakkestad,2004,7232
3120,Rakkestad,2005,7284
3120,Rakkestad,2006,7366
3120,Rakkestad,2007,7428
3120,Rakkestad,2008,7515
3120,Rakkestad,2009,7496
3120,Rakkestad,2010,7517
3120,Rakkestad,2011,7601
3120,Rakkestad,2012,7698
3120,Rakkestad,2013,7860
3120,Rakkestad,2014,7974
3120,Rakkestad,2015,8020
3120,Rakkestad,2016,8084
3120,Rakkestad,2017,8173
3120,Rakkestad,2018,8202
3120,Rakkestad,2019,8230
3120,Rakkestad,2020,8255
3120,Rakkestad,2021,8222
3120,Rakkestad,2022,8312
3120,Rakkestad,2023,8371
3120,Rakkestad,2024,8420
3120,Rakkestad,2025,8527
3120,Rakkestad,2026,8583
3122,Marker,1986,3430
3122,Marker,1987,3435
3122,Marker,1988,3474
3122,Marker,1989,3425
3122,Marker,1990,3424
3122,Marker,1991,3435
3122,Marker,1992,3427
3122,Marker,1993,3390
3122,Marker,1994,3342
3122,Marker,1995,3344
3122,Marker,1996,3301
3122,Marker,1997,3244
3122,Marker,1998,3279
3122,Marker,1999,3290
3122,Marker,2000,3300
3122,Marker,2001,3356
3122,Marker,2002,3319
3122,Marker,2003,3408
3122,Marker,2004,3409
3122,Marker,2005,3439
3122,Marker,2006,3505
3122,Marker,2007,3517
3122,Marker,2008,3463
3122,Marker,2009,3455
3122,Marker,2010,3471
3122,Marker,2011,3476
3122,Marker,2012,3518
3122,Marker,2013,3587
3122,Marker,2014,3596
3122,Marker,2015,3613
3122,Marker,2016,3610
3122,Marker,2017,3597
3122,Marker,2018,3567
3122,Marker,2019,3592
3122,Marker,2020,3595
3122,Marker,2021,3601
3122,Marker,2022,3578
3122,Marker,2023,3639
3122,Marker,2024,3658
3122,Marker,2025,3655
3122,Marker,2026,3647
3124,Aremark,1986,1506
3124,Aremark,1987,1509
3124,Aremark,1988,1491
3124,Aremark,1989,1493
3124,Aremark,1990,1493
3124,Aremark,1991,1488
3124,Aremark,1992,1489
3124,Aremark,1993,1474
3124,Aremark,1994,1456
3124,Aremark,1995,1466
3124,Aremark,1996,1470
3124,Aremark,1997,1465
3124,Aremark,1998,1461
3124,Aremark,1999,1458
3124,Aremark,2000,1451
3124,Aremark,2001,1419
3124,Aremark,2002,1441
3124,Aremark,2003,1458
3124,Aremark,2004,1437
3124,Aremark,2005,1425
3124,Aremark,2006,1456
3124,Aremark,2007,1417
3124,Aremark,2008,1429
3124,Aremark,2009,1420
3124,Aremark,2010,1424
3124,Aremark,2011,1414
3124,Aremark,2012,1423
3124,Aremark,2013,1425
3124,Aremark,2014,1408
3124,Aremark,2015,1406
3124,Aremark,2016,1404
3124,Aremark,2017,1398
3124,Aremark,2018,1399
3124,Aremark,2019,1357
3124,Aremark,2020,1325
3124,Aremark,2021,1325
3124,Aremark,2022,1315
3124,Aremark,2023,1329
3124,Aremark,2024,1347
3124,Aremark,2025,1346
3124,Aremark,2026,1354
3201,Bærum,1986,84724
3201,Bærum,1987,86541
3201,Bærum,1988,87773
3201,Bærum,1989,88594
3201,Bærum,1990,89221
3201,Bærum,1991,90579
3201,Bærum,1992,91692
3201,Bærum,1993,92748
3201,Bærum,1994,94098
3201,Bærum,1995,95548
3201,Bærum,1996,97034
3201,Bærum,1997,98298
3201,Bærum,1998,99590
3201,Bærum,1999,100773
3201,Bærum,2000,101494
3201,Bærum,2001,101340
3201,Bærum,2002,101497
3201,Bærum,2003,102529
3201,Bærum,2004,103313
3201,Bærum,2005,104690
3201,Bærum,2006,105928
3201,Bærum,2007,106932
3201,Bærum,2008,108144
3201,Bærum,2009,109700
3201,Bærum,2010,111213
3201,Bærum,2011,112789
3201,Bærum,2012,114489
3201,Bærum,2013,116677
3201,Bærum,2014,118588
3201,Bærum,2015,120685
3201,Bærum,2016,122348
3201,Bærum,2017,124008
3201,Bærum,2018,125454
3201,Bærum,2019,126841
3201,Bærum,2020,127731
3201,Bærum,2021,128233
3201,Bærum,2022,128982
3201,Bærum,2023,129874
3201,Bærum,2024,130921
3201,Bærum,2025,132358
3201,Bærum,2026,133228
3203,Asker,1986,60394
3203,Asker,1987,61322
3203,Asker,1988,62250
3203,Asker,1989,63007
3203,Asker,1990,63577
3203,Asker,1991,64329
3203,Asker,1992,65066
3203,Asker,1993,65643
3203,Asker,1994,66502
3203,Asker,1995,67309
3203,Asker,1996,68387
3203,Asker,1997,69751
3203,Asker,1998,71561
3203,Asker,1999,72718
3203,Asker,2000,73892
3203,Asker,2001,74695
3203,Asker,2002,75338
3203,Asker,2003,75946
3203,Asker,2004,76514
3203,Asker,2005,76937
3203,Asker,2006,77991
3203,Asker,2007,78964
3203,Asker,2008,80176
3203,Asker,2009,81505
3203,Asker,2010,82562
3203,Asker,2011,83703
3203,Asker,2012,85226
3203,Asker,2013,86817
3203,Asker,2014,88289
3203,Asker,2015,89974
3203,Asker,2016,91011
3203,Asker,2017,92174
3203,Asker,2018,92828
3203,Asker,2019,93679
3203,Asker,2020,94441
3203,Asker,2021,94915
3203,Asker,2022,96088
3203,Asker,2023,97784
3203,Asker,2024,98815
3203,Asker,2025,100492
3203,Asker,2026,101509
3205,Lillestrøm,1986,50810
3205,Lillestrøm,1987,51589
3205,Lillestrøm,1988,52472
3205,Lillestrøm,1989,53029
3205,Lillestrøm,1990,53536
3205,Lillestrøm,1991,54055
3205,Lillestrøm,1992,54341
3205,Lillestrøm,1993,54576
3205,Lillestrøm,1994,55047
3205,Lillestrøm,1995,55807
3205,Lillestrøm,1996,56258
3205,Lillestrøm,1997,56846
3205,Lillestrøm,1998,57876
3205,Lillestrøm,1999,59196
3205,Lillestrøm,2000,60105
3205,Lillestrøm,2001,60788
3205,Lillestrøm,2002,61747
3205,Lillestrøm,2003,62608
3205,Lillestrøm,2004,63612
3205,Lillestrøm,2005,64586
3205,Lillestrøm,2006,66302
3205,Lillestrøm,2007,68183
3205,Lillestrøm,2008,70388
3205,Lillestrøm,2009,71749
3205,Lillestrøm,2010,73330
3205,Lillestrøm,2011,74869
3205,Lillestrøm,2012,76415
3205,Lillestrøm,2013,77705
3205,Lillestrøm,2014,79154
3205,Lillestrøm,2015,80013
3205,Lillestrøm,2016,81339
3205,Lillestrøm,2017,82496
3205,Lillestrøm,2018,83821
3205,Lillestrøm,2019,85757
3205,Lillestrøm,2020,85983
3205,Lillestrøm,2021,86953
3205,Lillestrøm,2022,89095
3205,Lillestrøm,2023,91515
3205,Lillestrøm,2024,94201
3205,Lillestrøm,2025,95762
3205,Lillestrøm,2026,96771
3207,Nordre Follo,1986,40570
3207,Nordre Follo,1987,41089
3207,Nordre Follo,1988,41704
3207,Nordre Follo,1989,42145
3207,Nordre Follo,1990,42613
3207,Nordre Follo,1991,43050
3207,Nordre Follo,1992,43531
3207,Nordre Follo,1993,44300
3207,Nordre Follo,1994,45013
3207,Nordre Follo,1995,45421
3207,Nordre Follo,1996,46065
3207,Nordre Follo,1997,46810
3207,Nordre Follo,1998,47377
3207,Nordre Follo,1999,48022
3207,Nordre Follo,2000,48347
3207,Nordre Follo,2001,48542
3207,Nordre Follo,2002,48915
3207,Nordre Follo,2003,49398
3207,Nordre Follo,2004,49931
3207,Nordre Follo,2005,50386
3207,Nordre Follo,2006,50907
3207,Nordre Follo,2007,51240
3207,Nordre Follo,2008,51680
3207,Nordre Follo,2009,52311
3207,Nordre Follo,2010,52905
3207,Nordre Follo,2011,53659
3207,Nordre Follo,2012,54490
3207,Nordre Follo,2013,55270
3207,Nordre Follo,2014,55797
3207,Nordre Follo,2015,56355
3207,Nordre Follo,2016,57053
3207,Nordre Follo,2017,57686
3207,Nordre Follo,2018,58058
3207,Nordre Follo,2019,58237
3207,Nordre Follo,2020,59288
3207,Nordre Follo,2021,60034
3207,Nordre Follo,2022,61032
3207,Nordre Follo,2023,62245
3207,Nordre Follo,2024,63560
3207,Nordre Follo,2025,64668
3207,Nordre Follo,2026,65381
3209,Ullensaker,1986,17529
3209,Ullensaker,1987,17671
3209,Ullensaker,1988,17934
3209,Ullensaker,1989,17998
3209,Ullensaker,1990,18121
3209,Ullensaker,1991,18116
3209,Ullensaker,1992,18179
3209,Ullensaker,1993,18363
3209,Ullensaker,1994,18548
3209,Ullensaker,1995,18605
3209,Ullensaker,1996,18621
3209,Ullensaker,1997,18779
3209,Ullensaker,1998,19120
3209,Ullensaker,1999,19603
3209,Ullensaker,2000,20160
3209,Ullensaker,2001,20987
3209,Ullensaker,2002,21942
3209,Ullensaker,2003,22931
3209,Ullensaker,2004,23784
3209,Ullensaker,2005,24556
3209,Ullensaker,2006,25269
3209,Ullensaker,2007,25966
3209,Ullensaker,2008,26934
3209,Ullensaker,2009,28138
3209,Ullensaker,2010,29088
3209,Ullensaker,2011,30081
3209,Ullensaker,2012,31044
3209,Ullensaker,2013,31743
3209,Ullensaker,2014,32438
3209,Ullensaker,2015,33310
3209,Ullensaker,2016,34189
3209,Ullensaker,2017,35102
3209,Ullensaker,2018,36576
3209,Ullensaker,2019,38234
3209,Ullensaker,2020,39625
3209,Ullensaker,2021,40459
3209,Ullensaker,2022,41565
3209,Ullensaker,2023,42866
3209,Ullensaker,2024,43814
3209,Ullensaker,2025,45066
3209,Ullensaker,2026,45982
3212,Nesodden,1986,11567
3212,Nesodden,1987,11998
3212,Nesodden,1988,12458
3212,Nesodden,1989,12866
3212,Nesodden,1990,13063
3212,Nesodden,1991,13222
3212,Nesodden,1992,13300
3212,Nesodden,1993,13508
3212,Nesodden,1994,13845
3212,Nesodden,1995,13987
3212,Nesodden,1996,14184
3212,Nesodden,1997,14350
3212,Nesodden,1998,14691
3212,Nesodden,1999,15097
3212,Nesodden,2000,15448
3212,Nesodden,2001,15534
3212,Nesodden,2002,15777
3212,Nesodden,2003,15943
3212,Nesodden,2004,16074
3212,Nesodden,2005,16231
3212,Nesodden,2006,16541
3212,Nesodden,2007,16791
3212,Nesodden,2008,16868
3212,Nesodden,2009,17129
3212,Nesodden,2010,17348
3212,Nesodden,2011,17515
3212,Nesodden,2012,17809
3212,Nesodden,2013,17998
3212,Nesodden,2014,18297
3212,Nesodden,2015,18372
3212,Nesodden,2016,18623
3212,Nesodden,2017,18869
3212,Nesodden,2018,19287
3212,Nesodden,2019,19488
3212,Nesodden,2020,19616
3212,Nesodden,2021,19805
3212,Nesodden,2022,19939
3212,Nesodden,2023,20322
3212,Nesodden,2024,20521
3212,Nesodden,2025,20698
3212,Nesodden,2026,21005
3214,Frogn,1986,9502
3214,Frogn,1987,9740
3214,Frogn,1988,9888
3214,Frogn,1989,9959
3214,Frogn,1990,10113
3214,Frogn,1991,10297
3214,Frogn,1992,10465
3214,Frogn,1993,10673
3214,Frogn,1994,10863
3214,Frogn,1995,11347
3214,Frogn,1996,11804
3214,Frogn,1997,12165
3214,Frogn,1998,12517
3214,Frogn,1999,12748
3214,Frogn,2000,12972
3214,Frogn,2001,13020
3214,Frogn,2002,12962
3214,Frogn,2003,13116
3214,Frogn,2004,13153
3214,Frogn,2005,13358
3214,Frogn,2006,13585
3214,Frogn,2007,13890
3214,Frogn,2008,14245
3214,Frogn,2009,14435
3214,Frogn,2010,14622
3214,Frogn,2011,14814
3214,Frogn,2012,15154
3214,Frogn,2013,15469
3214,Frogn,2014,15671
3214,Frogn,2015,15656
3214,Frogn,2016,15695
3214,Frogn,2017,15743
3214,Frogn,2018,15735
3214,Frogn,2019,15761
3214,Frogn,2020,15877
3214,Frogn,2021,15953
3214,Frogn,2022,16084
3214,Frogn,2023,16106
3214,Frogn,2024,16244
3214,Frogn,2025,16337
3214,Frogn,2026,16429
3216,Vestby,1986,10952
3216,Vestby,1987,11220
3216,Vestby,1988,11226
3216,Vestby,1989,11318
3216,Vestby,1990,11286
3216,Vestby,1991,11217
3216,Vestby,1992,11273
3216,Vestby,1993,11223
3216,Vestby,1994,11272
3216,Vestby,1995,11341
3216,Vestby,1996,11362
3216,Vestby,1997,11431
3216,Vestby,1998,11549
3216,Vestby,1999,11597
3216,Vestby,2000,11815
3216,Vestby,2001,12241
3216,Vestby,2002,12515
3216,Vestby,2003,12724
3216,Vestby,2004,12834
3216,Vestby,2005,12990
3216,Vestby,2006,13159
3216,Vestby,2007,13414
3216,Vestby,2008,13825
3216,Vestby,2009,14095
3216,Vestby,2010,14373
3216,Vestby,2011,14708
3216,Vestby,2012,15143
3216,Vestby,2013,15605
3216,Vestby,2014,15944
3216,Vestby,2015,16310
3216,Vestby,2016,16732
3216,Vestby,2017,17188
3216,Vestby,2018,17486
3216,Vestby,2019,17824
3216,Vestby,2020,18042
3216,Vestby,2021,18290
3216,Vestby,2022,18699
3216,Vestby,2023,19089
3216,Vestby,2024,19493
3216,Vestby,2025,19855
3216,Vestby,2026,20167
3218,Ås,1986,11351
3218,Ås,1987,11403
3218,Ås,1988,11597
3218,Ås,1989,11765
3218,Ås,1990,11917
3218,Ås,1991,11935
3218,Ås,1992,11909
3218,Ås,1993,12086
3218,Ås,1994,12206
3218,Ås,1995,12354
3218,Ås,1996,12516
3218,Ås,1997,12734
3218,Ås,1998,13090
3218,Ås,1999,13260
3218,Ås,2000,13568
3218,Ås,2001,13838
3218,Ås,2002,14037
3218,Ås,2003,14227
3218,Ås,2004,14323
3218,Ås,2005,14472
3218,Ås,2006,14530
3218,Ås,2007,14873
3218,Ås,2008,15324
3218,Ås,2009,15863
3218,Ås,2010,16386
3218,Ås,2011,16733
3218,Ås,2012,17284
3218,Ås,2013,17568
3218,Ås,2014,17969
3218,Ås,2015,18503
3218,Ås,2016,18992
3218,Ås,2017,19288
3218,Ås,2018,20084
3218,Ås,2019,20335
3218,Ås,2020,20439
3218,Ås,2021,20439
3218,Ås,2022,20780
3218,Ås,2023,21350
3218,Ås,2024,22005
3218,Ås,2025,22344
3218,Ås,2026,22725
3220,Enebakk,1986,7592
3220,Enebakk,1987,7729
3220,Enebakk,1988,7888
3220,Enebakk,1989,7999
3220,Enebakk,1990,8060
3220,Enebakk,1991,8050
3220,Enebakk,1992,8035
3220,Enebakk,1993,8085
3220,Enebakk,1994,8065
3220,Enebakk,1995,8111
3220,Enebakk,1996,8165
3220,Enebakk,1997,8291
3220,Enebakk,1998,8393
3220,Enebakk,1999,8505
3220,Enebakk,2000,8680
3220,Enebakk,2001,8931
3220,Enebakk,2002,8965
3220,Enebakk,2003,9111
3220,Enebakk,2004,9233
3220,Enebakk,2005,9297
3220,Enebakk,2006,9442
3220,Enebakk,2007,9660
3220,Enebakk,2008,9893
3220,Enebakk,2009,10153
3220,Enebakk,2010,10176
3220,Enebakk,2011,10262
3220,Enebakk,2012,10487
3220,Enebakk,2013,10560
3220,Enebakk,2014,10626
3220,Enebakk,2015,10760
3220,Enebakk,2016,10870
3220,Enebakk,2017,10927
3220,Enebakk,2018,10945
3220,Enebakk,2019,11026
3220,Enebakk,2020,11110
3220,Enebakk,2021,11065
3220,Enebakk,2022,11249
3220,Enebakk,2023,11392
3220,Enebakk,2024,11482
3220,Enebakk,2025,11549
3220,Enebakk,2026,11697
3222,Lørenskog,1986,24125
3222,Lørenskog,1987,24364
3222,Lørenskog,1988,24874
3222,Lørenskog,1989,25723
3222,Lørenskog,1990,26066
3222,Lørenskog,1991,26560
3222,Lørenskog,1992,26974
3222,Lørenskog,1993,27114
3222,Lørenskog,1994,27356
3222,Lørenskog,1995,27545
3222,Lørenskog,1996,28152
3222,Lørenskog,1997,28799
3222,Lørenskog,1998,28905
3222,Lørenskog,1999,29207
3222,Lørenskog,2000,29505
3222,Lørenskog,2001,29656
3222,Lørenskog,2002,29834
3222,Lørenskog,2003,30220
3222,Lørenskog,2004,30496
3222,Lørenskog,2005,30675
3222,Lørenskog,2006,30929
3222,Lørenskog,2007,31365
3222,Lørenskog,2008,31853
3222,Lørenskog,2009,32300
3222,Lørenskog,2010,32730
3222,Lørenskog,2011,33308
3222,Lørenskog,2012,33709
3222,Lørenskog,2013,34320
3222,Lørenskog,2014,34697
3222,Lørenskog,2015,35139
3222,Lørenskog,2016,36368
3222,Lørenskog,2017,37406
3222,Lørenskog,2018,38670
3222,Lørenskog,2019,40106
3222,Lørenskog,2020,41460
3222,Lørenskog,2021,42740
3222,Lørenskog,2022,44693
3222,Lørenskog,2023,46797
3222,Lørenskog,2024,48188
3222,Lørenskog,2025,50013
3222,Lørenskog,2026,51511
3224,Rælingen,1986,13510
3224,Rælingen,1987,13514
3224,Rælingen,1988,13695
3224,Rælingen,1989,13591
3224,Rælingen,1990,13696
3224,Rælingen,1991,13836
3224,Rælingen,1992,13856
3224,Rælingen,1993,13917
3224,Rælingen,1994,13972
3224,Rælingen,1995,13994
3224,Rælingen,1996,14019
3224,Rælingen,1997,14196
3224,Rælingen,1998,14296
3224,Rælingen,1999,14373
3224,Rælingen,2000,14493
3224,Rælingen,2001,14659
3224,Rælingen,2002,14631
3224,Rælingen,2003,14679
3224,Rælingen,2004,14720
3224,Rælingen,2005,14797
3224,Rælingen,2006,14857
3224,Rælingen,2007,15062
3224,Rælingen,2008,15112
3224,Rælingen,2009,15345
3224,Rælingen,2010,15591
3224,Rælingen,2011,15920
3224,Rælingen,2012,16170
3224,Rælingen,2013,16420
3224,Rælingen,2014,16806
3224,Rælingen,2015,17185
3224,Rælingen,2016,17426
3224,Rælingen,2017,17730
3224,Rælingen,2018,17874
3224,Rælingen,2019,18161
3224,Rælingen,2020,18530
3224,Rælingen,2021,18730
3224,Rælingen,2022,19024
3224,Rælingen,2023,19618
3224,Rælingen,2024,20099
3224,Rælingen,2025,20509
3224,Rælingen,2026,20904
3226,Aurskog-Høland,1986,13167
3226,Aurskog-Høland,1987,13230
3226,Aurskog-Høland,1988,13228
3226,Aurskog-Høland,1989,13248
3226,Aurskog-Høland,1990,13249
3226,Aurskog-Høland,1991,13218
3226,Aurskog-Høland,1992,13150
3226,Aurskog-Høland,1993,13072
3226,Aurskog-Høland,1994,12940
3226,Aurskog-Høland,1995,12944
3226,Aurskog-Høland,1996,12996
3226,Aurskog-Høland,1997,13006
3226,Aurskog-Høland,1998,13053
3226,Aurskog-Høland,1999,13111
3226,Aurskog-Høland,2000,13235
3226,Aurskog-Høland,2001,13382
3226,Aurskog-Høland,2002,13654
3226,Aurskog-Høland,2003,13725
3226,Aurskog-Høland,2004,13867
3226,Aurskog-Høland,2005,13942
3226,Aurskog-Høland,2006,14049
3226,Aurskog-Høland,2007,14246
3226,Aurskog-Høland,2008,14644
3226,Aurskog-Høland,2009,14829
3226,Aurskog-Høland,2010,14982
3226,Aurskog-Høland,2011,15310
3226,Aurskog-Høland,2012,15593
3226,Aurskog-Høland,2013,15951
3226,Aurskog-Høland,2014,16172
3226,Aurskog-Høland,2015,16398
3226,Aurskog-Høland,2016,16586
3226,Aurskog-Høland,2017,16847
3226,Aurskog-Høland,2018,17072
3226,Aurskog-Høland,2019,17173
3226,Aurskog-Høland,2020,17390
3226,Aurskog-Høland,2021,17591
3226,Aurskog-Høland,2022,17754
3226,Aurskog-Høland,2023,17945
3226,Aurskog-Høland,2024,18058
3226,Aurskog-Høland,2025,18314
3226,Aurskog-Høland,2026,18458
3228,Nes,1986,14917
3228,Nes,1987,15132
3228,Nes,1988,15441
3228,Nes,1989,15649
3228,Nes,1990,15729
3228,Nes,1991,15686
3228,Nes,1992,15712
3228,Nes,1993,15626
3228,Nes,1994,15654
3228,Nes,1995,15641
3228,Nes,1996,15687
3228,Nes,1997,15771
3228,Nes,1998,15873
3228,Nes,1999,16146
3228,Nes,2000,16288
3228,Nes,2001,16938
3228,Nes,2002,17458
3228,Nes,2003,17765
3228,Nes,2004,17931
3228,Nes,2005,18025
3228,Nes,2006,18022
3228,Nes,2007,18219
3228,Nes,2008,18510
3228,Nes,2009,18629
3228,Nes,2010,18827
3228,Nes,2011,19049
3228,Nes,2012,19462
3228,Nes,2013,19819
3228,Nes,2014,20164
3228,Nes,2015,20410
3228,Nes,2016,20783
3228,Nes,2017,21241
3228,Nes,2018,21681
3228,Nes,2019,21885
3228,Nes,2020,23092
3228,Nes,2021,23422
3228,Nes,2022,23898
3228,Nes,2023,24283
3228,Nes,2024,24645
3228,Nes,2025,24897
3228,Nes,2026,24948
3230,Gjerdrum,1986,3501
3230,Gjerdrum,1987,3578
3230,Gjerdrum,1988,3644
3230,Gjerdrum,1989,3712
3230,Gjerdrum,1990,3778
3230,Gjerdrum,1991,3760
3230,Gjerdrum,1992,3753
3230,Gjerdrum,1993,3745
3230,Gjerdrum,1994,3771
3230,Gjerdrum,1995,3906
3230,Gjerdrum,1996,3954
3230,Gjerdrum,1997,4144
3230,Gjerdrum,1998,4304
3230,Gjerdrum,1999,4452
3230,Gjerdrum,2000,4554
3230,Gjerdrum,2001,4656
3230,Gjerdrum,2002,4778
3230,Gjerdrum,2003,4877
3230,Gjerdrum,2004,4964
3230,Gjerdrum,2005,5064
3230,Gjerdrum,2006,5214
3230,Gjerdrum,2007,5353
3230,Gjerdrum,2008,5464
3230,Gjerdrum,2009,5567
3230,Gjerdrum,2010,5821
3230,Gjerdrum,2011,5990
3230,Gjerdrum,2012,6152
3230,Gjerdrum,2013,6264
3230,Gjerdrum,2014,6292
3230,Gjerdrum,2015,6326
3230,Gjerdrum,2016,6323
3230,Gjerdrum,2017,6546
3230,Gjerdrum,2018,6704
3230,Gjerdrum,2019,6823
3230,Gjerdrum,2020,6890
3230,Gjerdrum,2021,7043
3230,Gjerdrum,2022,6989
3230,Gjerdrum,2023,7285
3230,Gjerdrum,2024,7398
3230,Gjerdrum,2025,7453
3230,Gjerdrum,2026,7478
3232,Nittedal,1986,15187
3232,Nittedal,1987,15411
3232,Nittedal,1988,15742
3232,Nittedal,1989,16002
3232,Nittedal,1990,16114
3232,Nittedal,1991,16165
3232,Nittedal,1992,16220
3232,Nittedal,1993,16350
3232,Nittedal,1994,16468
3232,Nittedal,1995,16639
3232,Nittedal,1996,16902
3232,Nittedal,1997,17378
3232,Nittedal,1998,17892
3232,Nittedal,1999,18254
3232,Nittedal,2000,18639
3232,Nittedal,2001,18942
3232,Nittedal,2002,19185
3232,Nittedal,2003,19300
3232,Nittedal,2004,19440
3232,Nittedal,2005,19578
3232,Nittedal,2006,19722
3232,Nittedal,2007,19968
3232,Nittedal,2008,20256
3232,Nittedal,2009,20555
3232,Nittedal,2010,20939
3232,Nittedal,2011,21165
3232,Nittedal,2012,21454
3232,Nittedal,2013,21971
3232,Nittedal,2014,22385
3232,Nittedal,2015,22706
3232,Nittedal,2016,22857
3232,Nittedal,2017,23213
3232,Nittedal,2018,23545
3232,Nittedal,2019,24089
3232,Nittedal,2020,24249
3232,Nittedal,2021,24454
3232,Nittedal,2022,24947
3232,Nittedal,2023,25440
3232,Nittedal,2024,25882
3232,Nittedal,2025,26023
3232,Nittedal,2026,26032
3234,Lunner,1986,7616
3234,Lunner,1987,7676
3234,Lunner,1988,7741
3234,Lunner,1989,7845
3234,Lunner,1990,7869
3234,Lunner,1991,7976
3234,Lunner,1992,7968
3234,Lunner,1993,7984
3234,Lunner,1994,8088
3234,Lunner,1995,8049
3234,Lunner,1996,8062
3234,Lunner,1997,8087
3234,Lunner,1998,8148
3234,Lunner,1999,8220
3234,Lunner,2000,8264
3234,Lunner,2001,8429
3234,Lunner,2002,8455
3234,Lunner,2003,8461
3234,Lunner,2004,8463
3234,Lunner,2005,8505
3234,Lunner,2006,8518
3234,Lunner,2007,8522
3234,Lunner,2008,8598
3234,Lunner,2009,8552
3234,Lunner,2010,8600
3234,Lunner,2011,8654
3234,Lunner,2012,8776
3234,Lunner,2013,8880
3234,Lunner,2014,8952
3234,Lunner,2015,9003
3234,Lunner,2016,9044
3234,Lunner,2017,9080
3234,Lunner,2018,9065
3234,Lunner,2019,9051
3234,Lunner,2020,9048
3234,Lunner,2021,9062
3234,Lunner,2022,9144
3234,Lunner,2023,9307
3234,Lunner,2024,9357
3234,Lunner,2025,9420
3234,Lunner,2026,9463
3236,Jevnaker,1986,5704
3236,Jevnaker,1987,5735
3236,Jevnaker,1988,5757
3236,Jevnaker,1989,5811
3236,Jevnaker,1990,5835
3236,Jevnaker,1991,5836
3236,Jevnaker,1992,5829
3236,Jevnaker,1993,5856
3236,Jevnaker,1994,5864
3236,Jevnaker,1995,5905
3236,Jevnaker,1996,5901
3236,Jevnaker,1997,5907
3236,Jevnaker,1998,5983
3236,Jevnaker,1999,6003
3236,Jevnaker,2000,5995
3236,Jevnaker,2001,6065
3236,Jevnaker,2002,6227
3236,Jevnaker,2003,6299
3236,Jevnaker,2004,6334
3236,Jevnaker,2005,6335
3236,Jevnaker,2006,6312
3236,Jevnaker,2007,6238
3236,Jevnaker,2008,6256
3236,Jevnaker,2009,6251
3236,Jevnaker,2010,6268
3236,Jevnaker,2011,6359
3236,Jevnaker,2012,6483
3236,Jevnaker,2013,6444
3236,Jevnaker,2014,6516
3236,Jevnaker,2015,6599
3236,Jevnaker,2016,6629
3236,Jevnaker,2017,6696
3236,Jevnaker,2018,6777
3236,Jevnaker,2019,6846
3236,Jevnaker,2020,6852
3236,Jevnaker,2021,6867
3236,Jevnaker,2022,6908
3236,Jevnaker,2023,6990
3236,Jevnaker,2024,7037
3236,Jevnaker,2025,7043
3236,Jevnaker,2026,7040
3238,Nannestad,1986,7812
3238,Nannestad,1987,7858
3238,Nannestad,1988,7955
3238,Nannestad,1989,7984
3238,Nannestad,1990,7992
3238,Nannestad,1991,7933
3238,Nannestad,1992,8062
3238,Nannestad,1993,8001
3238,Nannestad,1994,8084
3238,Nannestad,1995,8173
3238,Nannestad,1996,8147
3238,Nannestad,1997,8283
3238,Nannestad,1998,8451
3238,Nannestad,1999,8653
3238,Nannestad,2000,8967
3238,Nannestad,2001,9191
3238,Nannestad,2002,9436
3238,Nannestad,2003,9751
3238,Nannestad,2004,9943
3238,Nannestad,2005,10141
3238,Nannestad,2006,10321
3238,Nannestad,2007,10536
3238,Nannestad,2008,10657
3238,Nannestad,2009,10800
3238,Nannestad,2010,10927
3238,Nannestad,2011,11128
3238,Nannestad,2012,11362
3238,Nannestad,2013,11505
3238,Nannestad,2014,11707
3238,Nannestad,2015,11882
3238,Nannestad,2016,12267
3238,Nannestad,2017,12657
3238,Nannestad,2018,13240
3238,Nannestad,2019,13682
3238,Nannestad,2020,14139
3238,Nannestad,2021,14637
3238,Nannestad,2022,15074
3238,Nannestad,2023,15530
3238,Nannestad,2024,16126
3238,Nannestad,2025,16505
3238,Nannestad,2026,16662
3240,Eidsvoll,1986,15719
3240,Eidsvoll,1987,15967
3240,Eidsvoll,1988,16242
3240,Eidsvoll,1989,16461
3240,Eidsvoll,1990,16627
3240,Eidsvoll,1991,16648
3240,Eidsvoll,1992,16681
3240,Eidsvoll,1993,16837
3240,Eidsvoll,1994,16765
3240,Eidsvoll,1995,16796
3240,Eidsvoll,1996,16797
3240,Eidsvoll,1997,16873
3240,Eidsvoll,1998,16979
3240,Eidsvoll,1999,17203
3240,Eidsvoll,2000,17524
3240,Eidsvoll,2001,17721
3240,Eidsvoll,2002,18035
3240,Eidsvoll,2003,18083
3240,Eidsvoll,2004,18338
3240,Eidsvoll,2005,18637
3240,Eidsvoll,2006,18923
3240,Eidsvoll,2007,19334
3240,Eidsvoll,2008,19916
3240,Eidsvoll,2009,20321
3240,Eidsvoll,2010,20689
3240,Eidsvoll,2011,21128
3240,Eidsvoll,2012,21621
3240,Eidsvoll,2013,22142
3240,Eidsvoll,2014,22689
3240,Eidsvoll,2015,23238
3240,Eidsvoll,2016,23811
3240,Eidsvoll,2017,24415
3240,Eidsvoll,2018,24647
3240,Eidsvoll,2019,24919
3240,Eidsvoll,2020,25436
3240,Eidsvoll,2021,26031
3240,Eidsvoll,2022,26716
3240,Eidsvoll,2023,27338
3240,Eidsvoll,2024,27916
3240,Eidsvoll,2025,28352
3240,Eidsvoll,2026,28739
3242,Hurdal,1986,2495
3242,Hurdal,1987,2503
3242,Hurdal,1988,2541
3242,Hurdal,1989,2568
3242,Hurdal,1990,2545
3242,Hurdal,1991,2540
3242,Hurdal,1992,2565
3242,Hurdal,1993,2534
3242,Hurdal,1994,2542
3242,Hurdal,1995,2548
3242,Hurdal,1996,2569
3242,Hurdal,1997,2598
3242,Hurdal,1998,2611
3242,Hurdal,1999,2636
3242,Hurdal,2000,2648
3242,Hurdal,2001,2642
3242,Hurdal,2002,2624
3242,Hurdal,2003,2664
3242,Hurdal,2004,2679
3242,Hurdal,2005,2602
3242,Hurdal,2006,2611
3242,Hurdal,2007,2594
3242,Hurdal,2008,2581
3242,Hurdal,2009,2621
3242,Hurdal,2010,2617
3242,Hurdal,2011,2619
3242,Hurdal,2012,2657
3242,Hurdal,2013,2685
3242,Hurdal,2014,2695
3242,Hurdal,2015,2752
3242,Hurdal,2016,2837
3242,Hurdal,2017,2910
3242,Hurdal,2018,2903
3242,Hurdal,2019,2864
3242,Hurdal,2020,2854
3242,Hurdal,2021,2838
3242,Hurdal,2022,2905
3242,Hurdal,2023,2944
3242,Hurdal,2024,3041
3242,Hurdal,2025,3022
3242,Hurdal,2026,3078
3301,Drammen,1986,74534
3301,Drammen,1987,75325
3301,Drammen,1988,76148
3301,Drammen,1989,76589
3301,Drammen,1990,76705
3301,Drammen,1991,76712
3301,Drammen,1992,76924
3301,Drammen,1993,77216
3301,Drammen,1994,77539
3301,Drammen,1995,78091
3301,Drammen,1996,78366
3301,Drammen,1997,78851
3301,Drammen,1998,79777
3301,Drammen,1999,80762
3301,Drammen,2000,81602
3301,Drammen,2001,82373
3301,Drammen,2002,83238
3301,Drammen,2003,83924
3301,Drammen,2004,84510
3301,Drammen,2005,85111
3301,Drammen,2006,85877
3301,Drammen,2007,87073
3301,Drammen,2008,88700
3301,Drammen,2009,90196
3301,Drammen,2010,91719
3301,Drammen,2011,92993
3301,Drammen,2012,94440
3301,Drammen,2013,95683
3301,Drammen,2014,96605
3301,Drammen,2015,97771
3301,Drammen,2016,98930
3301,Drammen,2017,99734
3301,Drammen,2018,100302
3301,Drammen,2019,100581
3301,Drammen,2020,101386
3301,Drammen,2021,101859
3301,Drammen,2022,102273
3301,Drammen,2023,103291
3301,Drammen,2024,104487
3301,Drammen,2025,105452
3301,Drammen,2026,106013
3303,Kongsberg,1986,21060
3303,Kongsberg,1987,21205
3303,Kongsberg,1988,21262
3303,Kongsberg,1989,21217
3303,Kongsberg,1990,21179
3303,Kongsberg,1991,21169
3303,Kongsberg,1992,21147
3303,Kongsberg,1993,21258
3303,Kongsberg,1994,21258
3303,Kongsberg,1995,21522
3303,Kongsberg,1996,21704
3303,Kongsberg,1997,21757
3303,Kongsberg,1998,21884
3303,Kongsberg,1999,22104
3303,Kongsberg,2000,22293
3303,Kongsberg,2001,22484
3303,Kongsberg,2002,22657
3303,Kongsberg,2003,22908
3303,Kongsberg,2004,23154
3303,Kongsberg,2005,23244
3303,Kongsberg,2006,23315
3303,Kongsberg,2007,23644
3303,Kongsberg,2008,23997
3303,Kongsberg,2009,24381
3303,Kongsberg,2010,24714
3303,Kongsberg,2011,25090
3303,Kongsberg,2012,25479
3303,Kongsberg,2013,25887
3303,Kongsberg,2014,26406
3303,Kongsberg,2015,26711
3303,Kongsberg,2016,27013
3303,Kongsberg,2017,27216
3303,Kongsberg,2018,27410
3303,Kongsberg,2019,27481
3303,Kongsberg,2020,27723
3303,Kongsberg,2021,27694
3303,Kongsberg,2022,27879
3303,Kongsberg,2023,28793
3303,Kongsberg,2024,28848
3303,Kongsberg,2025,29011
3303,Kongsberg,2026,29169
3305,Ringerike,1986,26797
3305,Ringerike,1987,26784
3305,Ringerike,1988,26974
3305,Ringerike,1989,27108
3305,Ringerike,1990,27275
3305,Ringerike,1991,27366
3305,Ringerike,1992,27396
3305,Ringerike,1993,27374
3305,Ringerike,1994,27401
3305,Ringerike,1995,27407
3305,Ringerike,1996,27436
3305,Ringerike,1997,27453
3305,Ringerike,1998,27664
3305,Ringerike,1999,27800
3305,Ringerike,2000,27917
3305,Ringerike,2001,28030
3305,Ringerike,2002,27912
3305,Ringerike,2003,28055
3305,Ringerike,2004,28060
3305,Ringerike,2005,28079
3305,Ringerike,2006,28197
3305,Ringerike,2007,28385
3305,Ringerike,2008,28523
3305,Ringerike,2009,28645
3305,Ringerike,2010,28806
3305,Ringerike,2011,28946
3305,Ringerike,2012,29236
3305,Ringerike,2013,29400
3305,Ringerike,2014,29624
3305,Ringerike,2015,29712
3305,Ringerike,2016,29801
3305,Ringerike,2017,30034
3305,Ringerike,2018,30283
3305,Ringerike,2019,30442
3305,Ringerike,2020,30641
3305,Ringerike,2021,30835
3305,Ringerike,2022,31011
3305,Ringerike,2023,31444
3305,Ringerike,2024,31581
3305,Ringerike,2025,31793
3305,Ringerike,2026,31942
3310,Hole,1986,4236
3310,Hole,1987,4270
3310,Hole,1988,4342
3310,Hole,1989,4422
3310,Hole,1990,4485
3310,Hole,1991,4531
3310,Hole,1992,4526
3310,Hole,1993,4573
3310,Hole,1994,4576
3310,Hole,1995,4630
3310,Hole,1996,4710
3310,Hole,1997,4736
3310,Hole,1998,4787
3310,Hole,1999,4901
3310,Hole,2000,4977
3310,Hole,2001,5024
3310,Hole,2002,5117
3310,Hole,2003,5100
3310,Hole,2004,5199
3310,Hole,2005,5229
3310,Hole,2006,5307
3310,Hole,2007,5436
3310,Hole,2008,5622
3310,Hole,2009,5861
3310,Hole,2010,5976
3310,Hole,2011,6140
3310,Hole,2012,6322
3310,Hole,2013,6463
3310,Hole,2014,6595
3310,Hole,2015,6698
3310,Hole,2016,6767
3310,Hole,2017,6772
3310,Hole,2018,6833
3310,Hole,2019,6845
3310,Hole,2020,6799
3310,Hole,2021,6811
3310,Hole,2022,6859
3310,Hole,2023,6888
3310,Hole,2024,6989
3310,Hole,2025,7065
3310,Hole,2026,7205
3312,Lier,1986,18348
3312,Lier,1987,18449
3312,Lier,1988,18483
3312,Lier,1989,18671
3312,Lier,1990,18771
3312,Lier,1991,18980
3312,Lier,1992,19065
3312,Lier,1993,19264
3312,Lier,1994,19650
3312,Lier,1995,20131
3312,Lier,1996,20406
3312,Lier,1997,20889
3312,Lier,1998,21176
3312,Lier,1999,21197
3312,Lier,2000,21308
3312,Lier,2001,21540
3312,Lier,2002,21536
3312,Lier,2003,21638
3312,Lier,2004,21594
3312,Lier,2005,21725
3312,Lier,2006,21874
3312,Lier,2007,22257
3312,Lier,2008,22700
3312,Lier,2009,22873
3312,Lier,2010,23267
3312,Lier,2011,23580
3312,Lier,2012,24177
3312,Lier,2013,24763
3312,Lier,2014,25175
3312,Lier,2015,25378
3312,Lier,2016,25731
3312,Lier,2017,25740
3312,Lier,2018,25980
3312,Lier,2019,26373
3312,Lier,2020,26811
3312,Lier,2021,27118
3312,Lier,2022,27584
3312,Lier,2023,28167
3312,Lier,2024,28470
3312,Lier,2025,28642
3312,Lier,2026,28797
3314,Øvre Eiker,1986,14112
3314,Øvre Eiker,1987,14291
3314,Øvre Eiker,1988,14449
3314,Øvre Eiker,1989,14647
3314,Øvre Eiker,1990,14695
3314,Øvre Eiker,1991,14779
3314,Øvre Eiker,1992,14663
3314,Øvre Eiker,1993,14754
3314,Øvre Eiker,1994,14780
3314,Øvre Eiker,1995,14704
3314,Øvre Eiker,1996,14723
3314,Øvre Eiker,1997,14708
3314,Øvre Eiker,1998,14918
3314,Øvre Eiker,1999,14978
3314,Øvre Eiker,2000,15058
3314,Øvre Eiker,2001,15197
3314,Øvre Eiker,2002,15161
3314,Øvre Eiker,2003,15337
3314,Øvre Eiker,2004,15412
3314,Øvre Eiker,2005,15633
3314,Øvre Eiker,2006,15825
3314,Øvre Eiker,2007,15956
3314,Øvre Eiker,2008,16132
3314,Øvre Eiker,2009,16350
3314,Øvre Eiker,2010,16616
3314,Øvre Eiker,2011,16987
3314,Øvre Eiker,2012,17421
3314,Øvre Eiker,2013,17752
3314,Øvre Eiker,2014,17919
3314,Øvre Eiker,2015,18039
3314,Øvre Eiker,2016,18205
3314,Øvre Eiker,2017,18562
3314,Øvre Eiker,2018,18926
3314,Øvre Eiker,2019,19117
3314,Øvre Eiker,2020,19423
3314,Øvre Eiker,2021,19709
3314,Øvre Eiker,2022,20044
3314,Øvre Eiker,2023,20495
3314,Øvre Eiker,2024,20779
3314,Øvre Eiker,2025,20861
3314,Øvre Eiker,2026,20965
3316,Modum,1986,12184
3316,Modum,1987,12184
3316,Modum,1988,12268
3316,Modum,1989,12310
3316,Modum,1990,12262
3316,Modum,1991,12262
3316,Modum,1992,12255
3316,Modum,1993,12246
3316,Modum,1994,12203
3316,Modum,1995,12196
3316,Modum,1996,12234
3316,Modum,1997,12213
3316,Modum,1998,12262
3316,Modum,1999,12335
3316,Modum,2000,12366
3316,Modum,2001,12494
3316,Modum,2002,12541
3316,Modum,2003,12611
3316,Modum,2004,12594
3316,Modum,2005,12541
3316,Modum,2006,12585
3316,Modum,2007,12589
3316,Modum,2008,12695
3316,Modum,2009,12872
3316,Modum,2010,12911
3316,Modum,2011,12940
3316,Modum,2012,13116
3316,Modum,2013,13337
3316,Modum,2014,13581
3316,Modum,2015,13685
3316,Modum,2016,13794
3316,Modum,2017,13786
3316,Modum,2018,13880
3316,Modum,2019,13980
3316,Modum,2020,14115
3316,Modum,2021,14166
3316,Modum,2022,14273
3316,Modum,2023,14527
3316,Modum,2024,14665
3316,Modum,2025,14664
3316,Modum,2026,14776
3318,Krødsherad,1986,2342
3318,Krødsherad,1987,2348
3318,Krødsherad,1988,2395
3318,Krødsherad,1989,2400
3318,Krødsherad,1990,2387
3318,Krødsherad,1991,2376
3318,Krødsherad,1992,2344
3318,Krødsherad,1993,2321
3318,Krødsherad,1994,2308
3318,Krødsherad,1995,2279
3318,Krødsherad,1996,2266
3318,Krødsherad,1997,2253
3318,Krødsherad,1998,2240
3318,Krødsherad,1999,2269
3318,Krødsherad,2000,2254
3318,Krødsherad,2001,2255
3318,Krødsherad,2002,2233
3318,Krødsherad,2003,2213
3318,Krødsherad,2004,2201
3318,Krødsherad,2005,2151
3318,Krødsherad,2006,2127
3318,Krødsherad,2007,2120
3318,Krødsherad,2008,2098
3318,Krødsherad,2009,2114
3318,Krødsherad,2010,2117
3318,Krødsherad,2011,2164
3318,Krødsherad,2012,2186
3318,Krødsherad,2013,2223
3318,Krødsherad,2014,2265
3318,Krødsherad,2015,2268
3318,Krødsherad,2016,2275
3318,Krødsherad,2017,2257
3318,Krødsherad,2018,2277
3318,Krødsherad,2019,2239
3318,Krødsherad,2020,2212
3318,Krødsherad,2021,2219
3318,Krødsherad,2022,2189
3318,Krødsherad,2023,2211
3318,Krødsherad,2024,2241
3318,Krødsherad,2025,2235
3318,Krødsherad,2026,2276
3320,Flå,1986,1267
3320,Flå,1987,1252
3320,Flå,1988,1219
3320,Flå,1989,1207
3320,Flå,1990,1198
3320,Flå,1991,1188
3320,Flå,1992,1187
3320,Flå,1993,1171
3320,Flå,1994,1183
3320,Flå,1995,1168
3320,Flå,1996,1156
3320,Flå,1997,1126
3320,Flå,1998,1116
3320,Flå,1999,1114
3320,Flå,2000,1102
3320,Flå,2001,1066
3320,Flå,2002,1065
3320,Flå,2003,1049
3320,Flå,2004,1030
3320,Flå,2005,1014
3320,Flå,2006,998
3320,Flå,2007,989
3320,Flå,2008,974
3320,Flå,2009,1011
3320,Flå,2010,998
3320,Flå,2011,1000
3320,Flå,2012,1034
3320,Flå,2013,1050
3320,Flå,2014,1033
3320,Flå,2015,1033
3320,Flå,2016,1074
3320,Flå,2017,1081
3320,Flå,2018,1069
3320,Flå,2019,1052
3320,Flå,2020,1050
3320,Flå,2021,1049
3320,Flå,2022,1057
3320,Flå,2023,1097
3320,Flå,2024,1115
3320,Flå,2025,1117
3320,Flå,2026,1122
3322,Nesbyen,1986,3388
3322,Nesbyen,1987,3376
3322,Nesbyen,1988,3381
3322,Nesbyen,1989,3398
3322,Nesbyen,1990,3410
3322,Nesbyen,1991,3422
3322,Nesbyen,1992,3423
3322,Nesbyen,1993,3409
3322,Nesbyen,1994,3413
3322,Nesbyen,1995,3442
3322,Nesbyen,1996,3496
3322,Nesbyen,1997,3520
3322,Nesbyen,1998,3479
3322,Nesbyen,1999,3492
3322,Nesbyen,2000,3528
3322,Nesbyen,2001,3574
3322,Nesbyen,2002,3479
3322,Nesbyen,2003,3499
3322,Nesbyen,2004,3467
3322,Nesbyen,2005,3485
3322,Nesbyen,2006,3524
3322,Nesbyen,2007,3456
3322,Nesbyen,2008,3459
3322,Nesbyen,2009,3461
3322,Nesbyen,2010,3420
3322,Nesbyen,2011,3445
3322,Nesbyen,2012,3452
3322,Nesbyen,2013,3435
3322,Nesbyen,2014,3445
3322,Nesbyen,2015,3414
3322,Nesbyen,2016,3422
3322,Nesbyen,2017,3357
3322,Nesbyen,2018,3341
3322,Nesbyen,2019,3315
3322,Nesbyen,2020,3273
3322,Nesbyen,2021,3262
3322,Nesbyen,2022,3273
3322,Nesbyen,2023,3299
3322,Nesbyen,2024,3301
3322,Nesbyen,2025,3266
3322,Nesbyen,2026,3234
3324,Gol,1986,4064
3324,Gol,1987,4095
3324,Gol,1988,4204
3324,Gol,1989,4231
3324,Gol,1990,4232
3324,Gol,1991,4255
3324,Gol,1992,4285
3324,Gol,1993,4307
3324,Gol,1994,4311
3324,Gol,1995,4316
3324,Gol,1996,4322
3324,Gol,1997,4321
3324,Gol,1998,4353
3324,Gol,1999,4356
3324,Gol,2000,4390
3324,Gol,2001,4392
3324,Gol,2002,4415
3324,Gol,2003,4379
3324,Gol,2004,4372
3324,Gol,2005,4375
3324,Gol,2006,4404
3324,Gol,2007,4435
3324,Gol,2008,4439
3324,Gol,2009,4516
3324,Gol,2010,4479
3324,Gol,2011,4572
3324,Gol,2012,4581
3324,Gol,2013,4667
3324,Gol,2014,4631
3324,Gol,2015,4588
3324,Gol,2016,4578
3324,Gol,2017,4612
3324,Gol,2018,4566
3324,Gol,2019,4576
3324,Gol,2020,4608
3324,Gol,2021,4636
3324,Gol,2022,4667
3324,Gol,2023,4767
3324,Gol,2024,4986
3324,Gol,2025,4888
3324,Gol,2026,4902
3326,Hemsedal,1986,1626
3326,Hemsedal,1987,1624
3326,Hemsedal,1988,1612
3326,Hemsedal,1989,1615
3326,Hemsedal,1990,1609
3326,Hemsedal,1991,1607
3326,Hemsedal,1992,1612
3326,Hemsedal,1993,1637
3326,Hemsedal,1994,1657
3326,Hemsedal,1995,1743
3326,Hemsedal,1996,1767
3326,Hemsedal,1997,1795
3326,Hemsedal,1998,1824
3326,Hemsedal,1999,1830
3326,Hemsedal,2000,1958
3326,Hemsedal,2001,2015
3326,Hemsedal,2002,1921
3326,Hemsedal,2003,1873
3326,Hemsedal,2004,1876
3326,Hemsedal,2005,1909
3326,Hemsedal,2006,1947
3326,Hemsedal,2007,1963
3326,Hemsedal,2008,1968
3326,Hemsedal,2009,1995
3326,Hemsedal,2010,2087
3326,Hemsedal,2011,2140
3326,Hemsedal,2012,2228
3326,Hemsedal,2013,2224
3326,Hemsedal,2014,2295
3326,Hemsedal,2015,2344
3326,Hemsedal,2016,2422
3326,Hemsedal,2017,2442
3326,Hemsedal,2018,2457
3326,Hemsedal,2019,2481
3326,Hemsedal,2020,2486
3326,Hemsedal,2021,2546
3326,Hemsedal,2022,2611
3326,Hemsedal,2023,2645
3326,Hemsedal,2024,2666
3326,Hemsedal,2025,2685
3326,Hemsedal,2026,2707
3328,Ål,1986,4669
3328,Ål,1987,4694
3328,Ål,1988,4921
3328,Ål,1989,5040
3328,Ål,1990,4898
3328,Ål,1991,4789
3328,Ål,1992,4760
3328,Ål,1993,4882
3328,Ål,1994,4832
3328,Ål,1995,4801
3328,Ål,1996,4729
3328,Ål,1997,4738
3328,Ål,1998,4679
3328,Ål,1999,4704
3328,Ål,2000,4789
3328,Ål,2001,4762
3328,Ål,2002,4730
3328,Ål,2003,4708
3328,Ål,2004,4656
3328,Ål,2005,4670
3328,Ål,2006,4662
3328,Ål,2007,4642
3328,Ål,2008,4686
3328,Ål,2009,4640
3328,Ål,2010,4672
3328,Ål,2011,4713
3328,Ål,2012,4741
3328,Ål,2013,4761
3328,Ål,2014,4713
3328,Ål,2015,4716
3328,Ål,2016,4711
3328,Ål,2017,4719
3328,Ål,2018,4626
3328,Ål,2019,4671
3328,Ål,2020,4674
3328,Ål,2021,4648
3328,Ål,2022,4650
3328,Ål,2023,4862
3328,Ål,2024,5007
3328,Ål,2025,4835
3328,Ål,2026,5106
3330,Hol,1986,4656
3330,Hol,1987,4663
3330,Hol,1988,4770
3330,Hol,1989,4860
3330,Hol,1990,4726
3330,Hol,1991,4710
3330,Hol,1992,4682
3330,Hol,1993,4618
3330,Hol,1994,4626
3330,Hol,1995,4637
3330,Hol,1996,4632
3330,Hol,1997,4602
3330,Hol,1998,4622
3330,Hol,1999,4637
3330,Hol,2000,4642
3330,Hol,2001,4665
3330,Hol,2002,4578
3330,Hol,2003,4582
3330,Hol,2004,4556
3330,Hol,2005,4557
3330,Hol,2006,4500
3330,Hol,2007,4475
3330,Hol,2008,4438
3330,Hol,2009,4430
3330,Hol,2010,4422
3330,Hol,2011,4453
3330,Hol,2012,4457
3330,Hol,2013,4448
3330,Hol,2014,4452
3330,Hol,2015,4471
3330,Hol,2016,4497
3330,Hol,2017,4535
3330,Hol,2018,4520
3330,Hol,2019,4473
3330,Hol,2020,4441
3330,Hol,2021,4434
3330,Hol,2022,4504
3330,Hol,2023,4506
3330,Hol,2024,4496
3330,Hol,2025,4527
3330,Hol,2026,4552
3332,Sigdal,1986,3800
3332,Sigdal,1987,3764
3332,Sigdal,1988,3768
3332,Sigdal,1989,3733
3332,Sigdal,1990,3742
3332,Sigdal,1991,3700
3332,Sigdal,1992,3740
3332,Sigdal,1993,3695
3332,Sigdal,1994,3674
3332,Sigdal,1995,3637
3332,Sigdal,1996,3618
3332,Sigdal,1997,3596
3332,Sigdal,1998,3581
3332,Sigdal,1999,3611
3332,Sigdal,2000,3556
3332,Sigdal,2001,3564
3332,Sigdal,2002,3544
3332,Sigdal,2003,3569
3332,Sigdal,2004,3530
3332,Sigdal,2005,3537
3332,Sigdal,2006,3501
3332,Sigdal,2007,3496
3332,Sigdal,2008,3524
3332,Sigdal,2009,3534
3332,Sigdal,2010,3514
3332,Sigdal,2011,3524
3332,Sigdal,2012,3535
3332,Sigdal,2013,3538
3332,Sigdal,2014,3509
3332,Sigdal,2015,3520
3332,Sigdal,2016,3512
3332,Sigdal,2017,3502
3332,Sigdal,2018,3488
3332,Sigdal,2019,3490
3332,Sigdal,2020,3467
3332,Sigdal,2021,3465
3332,Sigdal,2022,3492
3332,Sigdal,2023,3479
3332,Sigdal,2024,3526
3332,Sigdal,2025,3530
3332,Sigdal,2026,3514
3334,Flesberg,1986,2531
3334,Flesberg,1987,2543
3334,Flesberg,1988,2524
3334,Flesberg,1989,2547
3334,Flesberg,1990,2552
3334,Flesberg,1991,2560
3334,Flesberg,1992,2547
3334,Flesberg,1993,2532
3334,Flesberg,1994,2506
3334,Flesberg,1995,2533
3334,Flesberg,1996,2506
3334,Flesberg,1997,2485
3334,Flesberg,1998,2501
3334,Flesberg,1999,2500
3334,Flesberg,2000,2491
3334,Flesberg,2001,2535
3334,Flesberg,2002,2532
3334,Flesberg,2003,2523
3334,Flesberg,2004,2512
3334,Flesberg,2005,2517
3334,Flesberg,2006,2529
3334,Flesberg,2007,2523
3334,Flesberg,2008,2521
3334,Flesberg,2009,2544
3334,Flesberg,2010,2578
3334,Flesberg,2011,2592
3334,Flesberg,2012,2638
3334,Flesberg,2013,2657
3334,Flesberg,2014,2683
3334,Flesberg,2015,2671
3334,Flesberg,2016,2699
3334,Flesberg,2017,2696
3334,Flesberg,2018,2688
3334,Flesberg,2019,2694
3334,Flesberg,2020,2688
3334,Flesberg,2021,2713
3334,Flesberg,2022,2720
3334,Flesberg,2023,2737
3334,Flesberg,2024,2781
3334,Flesberg,2025,2797
3334,Flesberg,2026,2790
3336,Rollag,1986,1440
3336,Rollag,1987,1449
3336,Rollag,1988,1450
3336,Rollag,1989,1455
3336,Rollag,1990,1455
3336,Rollag,1991,1473
3336,Rollag,1992,1482
3336,Rollag,1993,1476
3336,Rollag,1994,1474
3336,Rollag,1995,1479
3336,Rollag,1996,1487
3336,Rollag,1997,1463
3336,Rollag,1998,1468
3336,Rollag,1999,1491
3336,Rollag,2000,1492
3336,Rollag,2001,1490
3336,Rollag,2002,1477
3336,Rollag,2003,1480
3336,Rollag,2004,1495
3336,Rollag,2005,1441
3336,Rollag,2006,1414
3336,Rollag,2007,1402
3336,Rollag,2008,1419
3336,Rollag,2009,1418
3336,Rollag,2010,1390
3336,Rollag,2011,1382
3336,Rollag,2012,1383
3336,Rollag,2013,1355
3336,Rollag,2014,1369
3336,Rollag,2015,1375
3336,Rollag,2016,1404
3336,Rollag,2017,1399
3336,Rollag,2018,1411
3336,Rollag,2019,1419
3336,Rollag,2020,1390
3336,Rollag,2021,1386
3336,Rollag,2022,1370
3336,Rollag,2023,1366
3336,Rollag,2024,1395
3336,Rollag,2025,1414
3336,Rollag,2026,1452
3338,Nore og Uvdal,1986,2984
3338,Nore og Uvdal,1987,2953
3338,Nore og Uvdal,1988,2940
3338,Nore og Uvdal,1989,2907
3338,Nore og Uvdal,1990,2903
3338,Nore og Uvdal,1991,2890
3338,Nore og Uvdal,1992,2892
3338,Nore og Uvdal,1993,2898
3338,Nore og Uvdal,1994,2895
3338,Nore og Uvdal,1995,2857
3338,Nore og Uvdal,1996,2828
3338,Nore og Uvdal,1997,2836
3338,Nore og Uvdal,1998,2819
3338,Nore og Uvdal,1999,2808
3338,Nore og Uvdal,2000,2764
3338,Nore og Uvdal,2001,2755
3338,Nore og Uvdal,2002,2754
3338,Nore og Uvdal,2003,2703
3338,Nore og Uvdal,2004,2695
3338,Nore og Uvdal,2005,2635
3338,Nore og Uvdal,2006,2597
3338,Nore og Uvdal,2007,2526
3338,Nore og Uvdal,2008,2534
3338,Nore og Uvdal,2009,2503
3338,Nore og Uvdal,2010,2514
3338,Nore og Uvdal,2011,2524
3338,Nore og Uvdal,2012,2540
3338,Nore og Uvdal,2013,2531
3338,Nore og Uvdal,2014,2557
3338,Nore og Uvdal,2015,2541
3338,Nore og Uvdal,2016,2548
3338,Nore og Uvdal,2017,2530
3338,Nore og Uvdal,2018,2482
3338,Nore og Uvdal,2019,2448
3338,Nore og Uvdal,2020,2439
3338,Nore og Uvdal,2021,2412
3338,Nore og Uvdal,2022,2455
3338,Nore og Uvdal,2023,2486
3338,Nore og Uvdal,2024,2486
3338,Nore og Uvdal,2025,2466
3338,Nore og Uvdal,2026,2459
3401,Kongsvinger,1986,17492
3401,Kongsvinger,1987,17522
3401,Kongsvinger,1988,17425
3401,Kongsvinger,1989,17526
3401,Kongsvinger,1990,17480
3401,Kongsvinger,1991,17464
3401,Kongsvinger,1992,17478
3401,Kongsvinger,1993,17401
3401,Kongsvinger,1994,17272
3401,Kongsvinger,1995,17274
3401,Kongsvinger,1996,17270
3401,Kongsvinger,1997,17233
3401,Kongsvinger,1998,17232
3401,Kongsvinger,1999,17254
3401,Kongsvinger,2000,17349
3401,Kongsvinger,2001,17401
3401,Kongsvinger,2002,17366
3401,Kongsvinger,2003,17348
3401,Kongsvinger,2004,17380
3401,Kongsvinger,2005,17279
3401,Kongsvinger,2006,17224
3401,Kongsvinger,2007,17236
3401,Kongsvinger,2008,17361
3401,Kongsvinger,2009,17326
3401,Kongsvinger,2010,17377
3401,Kongsvinger,2011,17436
3401,Kongsvinger,2012,17522
3401,Kongsvinger,2013,17638
3401,Kongsvinger,2014,17825
3401,Kongsvinger,2015,17881
3401,Kongsvinger,2016,17835
3401,Kongsvinger,2017,17857
3401,Kongsvinger,2018,17934
3401,Kongsvinger,2019,17823
3401,Kongsvinger,2020,17829
3401,Kongsvinger,2021,17851
3401,Kongsvinger,2022,17949
3401,Kongsvinger,2023,17966
3401,Kongsvinger,2024,18058
3401,Kongsvinger,2025,18109
3401,Kongsvinger,2026,18191
3403,Hamar,1986,24484
3403,Hamar,1987,24568
3403,Hamar,1988,24694
3403,Hamar,1989,24890
3403,Hamar,1990,25132
3403,Hamar,1991,25454
3403,Hamar,1992,26000
3403,Hamar,1993,25999
3403,Hamar,1994,26123
3403,Hamar,1995,26284
3403,Hamar,1996,26330
3403,Hamar,1997,26262
3403,Hamar,1998,26311
3403,Hamar,1999,26424
3403,Hamar,2000,26545
3403,Hamar,2001,26835
3403,Hamar,2002,26952
3403,Hamar,2003,27120
3403,Hamar,2004,27245
3403,Hamar,2005,27439
3403,Hamar,2006,27593
3403,Hamar,2007,27909
3403,Hamar,2008,27976
3403,Hamar,2009,28211
3403,Hamar,2010,28344
3403,Hamar,2011,28662
3403,Hamar,2012,29045
3403,Hamar,2013,29353
3403,Hamar,2014,29520
3403,Hamar,2015,29847
3403,Hamar,2016,30120
3403,Hamar,2017,30598
3403,Hamar,2018,30930
3403,Hamar,2019,31144
3403,Hamar,2020,31369
3403,Hamar,2021,31509
3403,Hamar,2022,31999
3403,Hamar,2023,32382
3403,Hamar,2024,32879
3403,Hamar,2025,33441
3403,Hamar,2026,33817
3405,Lillehammer,1986,22128
3405,Lillehammer,1987,22193
3405,Lillehammer,1988,22310
3405,Lillehammer,1989,22564
3405,Lillehammer,1990,22782
3405,Lillehammer,1991,22889
3405,Lillehammer,1992,23120
3405,Lillehammer,1993,23545
3405,Lillehammer,1994,23870
3405,Lillehammer,1995,24170
3405,Lillehammer,1996,24407
3405,Lillehammer,1997,24489
3405,Lillehammer,1998,24400
3405,Lillehammer,1999,24533
3405,Lillehammer,2000,24724
3405,Lillehammer,2001,24873
3405,Lillehammer,2002,24796
3405,Lillehammer,2003,24946
3405,Lillehammer,2004,25070
3405,Lillehammer,2005,25075
3405,Lillehammer,2006,25314
3405,Lillehammer,2007,25537
3405,Lillehammer,2008,25776
3405,Lillehammer,2009,26104
3405,Lillehammer,2010,26381
3405,Lillehammer,2011,26571
3405,Lillehammer,2012,26765
3405,Lillehammer,2013,26850
3405,Lillehammer,2014,27028
3405,Lillehammer,2015,27300
3405,Lillehammer,2016,27476
3405,Lillehammer,2017,27781
3405,Lillehammer,2018,27938
3405,Lillehammer,2019,28023
3405,Lillehammer,2020,28345
3405,Lillehammer,2021,28493
3405,Lillehammer,2022,28425
3405,Lillehammer,2023,28560
3405,Lillehammer,2024,28768
3405,Lillehammer,2025,29011
3405,Lillehammer,2026,29669
3407,Gjøvik,1986,25908
3407,Gjøvik,1987,25937
3407,Gjøvik,1988,25972
3407,Gjøvik,1989,26136
3407,Gjøvik,1990,26083
3407,Gjøvik,1991,26250
3407,Gjøvik,1992,26415
3407,Gjøvik,1993,26669
3407,Gjøvik,1994,26772
3407,Gjøvik,1995,26844
3407,Gjøvik,1996,26855
3407,Gjøvik,1997,26852
3407,Gjøvik,1998,26863
3407,Gjøvik,1999,26968
3407,Gjøvik,2000,27013
3407,Gjøvik,2001,27179
3407,Gjøvik,2002,27093
3407,Gjøvik,2003,27349
3407,Gjøvik,2004,27526
3407,Gjøvik,2005,27648
3407,Gjøvik,2006,27819
3407,Gjøvik,2007,27931
3407,Gjøvik,2008,28301
3407,Gjøvik,2009,28611
3407,Gjøvik,2010,28807
3407,Gjøvik,2011,28974
3407,Gjøvik,2012,29202
3407,Gjøvik,2013,29407
3407,Gjøvik,2014,29668
3407,Gjøvik,2015,30063
3407,Gjøvik,2016,30137
3407,Gjøvik,2017,30319
3407,Gjøvik,2018,30642
3407,Gjøvik,2019,30676
3407,Gjøvik,2020,30560
3407,Gjøvik,2021,30395
3407,Gjøvik,2022,30267
3407,Gjøvik,2023,30563
3407,Gjøvik,2024,30903
3407,Gjøvik,2025,31175
3407,Gjøvik,2026,31350
3411,Ringsaker,1986,30521
3411,Ringsaker,1987,30606
3411,Ringsaker,1988,30854
3411,Ringsaker,1989,30999
3411,Ringsaker,1990,31180
3411,Ringsaker,1991,31399
3411,Ringsaker,1992,31197
3411,Ringsaker,1993,31304
3411,Ringsaker,1994,31346
3411,Ringsaker,1995,31215
3411,Ringsaker,1996,31229
3411,Ringsaker,1997,31300
3411,Ringsaker,1998,31419
3411,Ringsaker,1999,31516
3411,Ringsaker,2000,31622
3411,Ringsaker,2001,31720
3411,Ringsaker,2002,31701
3411,Ringsaker,2003,31830
3411,Ringsaker,2004,31732
3411,Ringsaker,2005,31824
3411,Ringsaker,2006,31923
3411,Ringsaker,2007,31974
3411,Ringsaker,2008,32144
3411,Ringsaker,2009,32402
3411,Ringsaker,2010,32524
3411,Ringsaker,2011,32842
3411,Ringsaker,2012,33191
3411,Ringsaker,2013,33406
3411,Ringsaker,2014,33463
3411,Ringsaker,2015,33603
3411,Ringsaker,2016,33597
3411,Ringsaker,2017,33842
3411,Ringsaker,2018,34151
3411,Ringsaker,2019,34488
3411,Ringsaker,2020,34768
3411,Ringsaker,2021,34897
3411,Ringsaker,2022,35073
3411,Ringsaker,2023,35475
3411,Ringsaker,2024,35612
3411,Ringsaker,2025,35911
3411,Ringsaker,2026,36199
3412,Løten,1986,7038
3412,Løten,1987,6977
3412,Løten,1988,7009
3412,Løten,1989,7086
3412,Løten,1990,7067
3412,Løten,1991,7045
3412,Løten,1992,7046
3412,Løten,1993,7059
3412,Løten,1994,7043
3412,Løten,1995,7088
3412,Løten,1996,7105
3412,Løten,1997,7088
3412,Løten,1998,7118
3412,Løten,1999,7176
3412,Løten,2000,7188
3412,Løten,2001,7244
3412,Løten,2002,7292
3412,Løten,2003,7317
3412,Løten,2004,7282
3412,Løten,2005,7271
3412,Løten,2006,7290
3412,Løten,2007,7292
3412,Løten,2008,7251
3412,Løten,2009,7255
3412,Løten,2010,7272
3412,Løten,2011,7353
3412,Løten,2012,7477
3412,Løten,2013,7479
3412,Løten,2014,7546
3412,Løten,2015,7552
3412,Løten,2016,7588
3412,Løten,2017,7633
3412,Løten,2018,7615
3412,Løten,2019,7663
3412,Løten,2020,7674
3412,Løten,2021,7625
3412,Løten,2022,7715
3412,Løten,2023,7836
3412,Løten,2024,7929
3412,Løten,2025,7931
3412,Løten,2026,7951
3413,Stange,1986,17645
3413,Stange,1987,17670
3413,Stange,1988,17722
3413,Stange,1989,17624
3413,Stange,1990,17611
3413,Stange,1991,17645
3413,Stange,1992,17610
3413,Stange,1993,17586
3413,Stange,1994,17956
3413,Stange,1995,17636
3413,Stange,1996,17627
3413,Stange,1997,17655
3413,Stange,1998,17685
3413,Stange,1999,17763
3413,Stange,2000,17928
3413,Stange,2001,18113
3413,Stange,2002,18030
3413,Stange,2003,18137
3413,Stange,2004,18288
3413,Stange,2005,18427
3413,Stange,2006,18591
3413,Stange,2007,18642
3413,Stange,2008,18821
3413,Stange,2009,18982
3413,Stange,2010,19104
3413,Stange,2011,19154
3413,Stange,2012,19190
3413,Stange,2013,19407
3413,Stange,2014,19737
3413,Stange,2015,20013
3413,Stange,2016,20119
3413,Stange,2017,20317
3413,Stange,2018,20646
3413,Stange,2019,20916
3413,Stange,2020,21064
3413,Stange,2021,21072
3413,Stange,2022,21156
3413,Stange,2023,21356
3413,Stange,2024,21605
3413,Stange,2025,21691
3413,Stange,2026,21839
3414,Nord-Odal,1986,5347
3414,Nord-Odal,1987,5320
3414,Nord-Odal,1988,5330
3414,Nord-Odal,1989,5335
3414,Nord-Odal,1990,5335
3414,Nord-Odal,1991,5326
3414,Nord-Odal,1992,5307
3414,Nord-Odal,1993,5210
3414,Nord-Odal,1994,5159
3414,Nord-Odal,1995,5106
3414,Nord-Odal,1996,5092
3414,Nord-Odal,1997,5115
3414,Nord-Odal,1998,5090
3414,Nord-Odal,1999,5054
3414,Nord-Odal,2000,5089
3414,Nord-Odal,2001,5097
3414,Nord-Odal,2002,5065
3414,Nord-Odal,2003,5050
3414,Nord-Odal,2004,5064
3414,Nord-Odal,2005,5073
3414,Nord-Odal,2006,5051
3414,Nord-Odal,2007,5055
3414,Nord-Odal,2008,5091
3414,Nord-Odal,2009,5098
3414,Nord-Odal,2010,5118
3414,Nord-Odal,2011,5113
3414,Nord-Odal,2012,5141
3414,Nord-Odal,2013,5190
3414,Nord-Odal,2014,5118
3414,Nord-Odal,2015,5128
3414,Nord-Odal,2016,5131
3414,Nord-Odal,2017,5100
3414,Nord-Odal,2018,5097
3414,Nord-Odal,2019,5024
3414,Nord-Odal,2020,5016
3414,Nord-Odal,2021,5038
3414,Nord-Odal,2022,5016
3414,Nord-Odal,2023,5010
3414,Nord-Odal,2024,4992
3414,Nord-Odal,2025,5006
3414,Nord-Odal,2026,4978
3415,Sør-Odal,1986,7439
3415,Sør-Odal,1987,7459
3415,Sør-Odal,1988,7446
3415,Sør-Odal,1989,7461
3415,Sør-Odal,1990,7378
3415,Sør-Odal,1991,7428
3415,Sør-Odal,1992,7360
3415,Sør-Odal,1993,7365
3415,Sør-Odal,1994,7341
3415,Sør-Odal,1995,7299
3415,Sør-Odal,1996,7284
3415,Sør-Odal,1997,7289
3415,Sør-Odal,1998,7264
3415,Sør-Odal,1999,7302
3415,Sør-Odal,2000,7349
3415,Sør-Odal,2001,7405
3415,Sør-Odal,2002,7501
3415,Sør-Odal,2003,7538
3415,Sør-Odal,2004,7589
3415,Sør-Odal,2005,7623
3415,Sør-Odal,2006,7675
3415,Sør-Odal,2007,7754
3415,Sør-Odal,2008,7787
3415,Sør-Odal,2009,7795
3415,Sør-Odal,2010,7791
3415,Sør-Odal,2011,7831
3415,Sør-Odal,2012,7859
3415,Sør-Odal,2013,7806
3415,Sør-Odal,2014,7847
3415,Sør-Odal,2015,7800
3415,Sør-Odal,2016,7901
3415,Sør-Odal,2017,7866
3415,Sør-Odal,2018,7884
3415,Sør-Odal,2019,7879
3415,Sør-Odal,2020,7905
3415,Sør-Odal,2021,7914
3415,Sør-Odal,2022,7978
3415,Sør-Odal,2023,8069
3415,Sør-Odal,2024,8112
3415,Sør-Odal,2025,8150
3415,Sør-Odal,2026,8165
3416,Eidskog,1986,6333
3416,Eidskog,1987,6394
3416,Eidskog,1988,6436
3416,Eidskog,1989,6501
3416,Eidskog,1990,6470
3416,Eidskog,1991,6451
3416,Eidskog,1992,6471
3416,Eidskog,1993,6455
3416,Eidskog,1994,6440
3416,Eidskog,1995,6403
3416,Eidskog,1996,6389
3416,Eidskog,1997,6352
3416,Eidskog,1998,6328
3416,Eidskog,1999,6351
3416,Eidskog,2000,6409
3416,Eidskog,2001,6419
3416,Eidskog,2002,6429
3416,Eidskog,2003,6421
3416,Eidskog,2004,6431
3416,Eidskog,2005,6499
3416,Eidskog,2006,6453
3416,Eidskog,2007,6385
3416,Eidskog,2008,6397
3416,Eidskog,2009,6394
3416,Eidskog,2010,6327
3416,Eidskog,2011,6299
3416,Eidskog,2012,6288
3416,Eidskog,2013,6282
3416,Eidskog,2014,6253
3416,Eidskog,2015,6219
3416,Eidskog,2016,6142
3416,Eidskog,2017,6127
3416,Eidskog,2018,6142
3416,Eidskog,2019,6114
3416,Eidskog,2020,6106
3416,Eidskog,2021,6099
3416,Eidskog,2022,6032
3416,Eidskog,2023,6028
3416,Eidskog,2024,6040
3416,Eidskog,2025,6059
3416,Eidskog,2026,6103
3417,Grue,1986,6037
3417,Grue,1987,6020
3417,Grue,1988,5966
3417,Grue,1989,5908
3417,Grue,1990,5881
3417,Grue,1991,5774
3417,Grue,1992,5702
3417,Grue,1993,5648
3417,Grue,1994,5711
3417,Grue,1995,5602
3417,Grue,1996,5562
3417,Grue,1997,5508
3417,Grue,1998,5432
3417,Grue,1999,5450
3417,Grue,2000,5442
3417,Grue,2001,5526
3417,Grue,2002,5412
3417,Grue,2003,5395
3417,Grue,2004,5312
3417,Grue,2005,5275
3417,Grue,2006,5218
3417,Grue,2007,5152
3417,Grue,2008,5078
3417,Grue,2009,5080
3417,Grue,2010,5078
3417,Grue,2011,5024
3417,Grue,2012,5003
3417,Grue,2013,4997
3417,Grue,2014,4948
3417,Grue,2015,4853
3417,Grue,2016,4763
3417,Grue,2017,4777
3417,Grue,2018,4740
3417,Grue,2019,4646
3417,Grue,2020,4612
3417,Grue,2021,4545
3417,Grue,2022,4548
3417,Grue,2023,4572
3417,Grue,2024,4532
3417,Grue,2025,4513
3417,Grue,2026,4463
3418,Åsnes,1986,8769
3418,Åsnes,1987,8642
3418,Åsnes,1988,8610
3418,Åsnes,1989,8586
3418,Åsnes,1990,8528
3418,Åsnes,1991,8540
3418,Åsnes,1992,8522
3418,Åsnes,1993,8516
3418,Åsnes,1994,8392
3418,Åsnes,1995,8281
3418,Åsnes,1996,8241
3418,Åsnes,1997,8175
3418,Åsnes,1998,8151
3418,Åsnes,1999,8135
3418,Åsnes,2000,8112
3418,Åsnes,2001,8061
3418,Åsnes,2002,8024
3418,Åsnes,2003,7977
3418,Åsnes,2004,7924
3418,Åsnes,2005,7779
3418,Åsnes,2006,7714
3418,Åsnes,2007,7604
3418,Åsnes,2008,7581
3418,Åsnes,2009,7610
3418,Åsnes,2010,7607
3418,Åsnes,2011,7597
3418,Åsnes,2012,7606
3418,Åsnes,2013,7600
3418,Åsnes,2014,7544
3418,Åsnes,2015,7561
3418,Åsnes,2016,7456
3418,Åsnes,2017,7329
3418,Åsnes,2018,7279
3418,Åsnes,2019,7214
3418,Åsnes,2020,7203
3418,Åsnes,2021,7227
3418,Åsnes,2022,7211
3418,Åsnes,2023,7267
3418,Åsnes,2024,7339
3418,Åsnes,2025,7247
3418,Åsnes,2026,7216
3419,Våler (Innlandet),1986,4580
3419,Våler (Innlandet),1987,4568
3419,Våler (Innlandet),1988,4508
3419,Våler (Innlandet),1989,4446
3419,Våler (Innlandet),1990,4372
3419,Våler (Innlandet),1991,4408
3419,Våler (Innlandet),1992,4352
3419,Våler (Innlandet),1993,4350
3419,Våler (Innlandet),1994,4286
3419,Våler (Innlandet),1995,4259
3419,Våler (Innlandet),1996,4197
3419,Våler (Innlandet),1997,4157
3419,Våler (Innlandet),1998,4146
3419,Våler (Innlandet),1999,4121
3419,Våler (Innlandet),2000,4063
3419,Våler (Innlandet),2001,4026
3419,Våler (Innlandet),2002,4020
3419,Våler (Innlandet),2003,3964
3419,Våler (Innlandet),2004,3906
3419,Våler (Innlandet),2005,3924
3419,Våler (Innlandet),2006,3906
3419,Våler (Innlandet),2007,3877
3419,Våler (Innlandet),2008,3869
3419,Våler (Innlandet),2009,3869
3419,Våler (Innlandet),2010,3870
3419,Våler (Innlandet),2011,3882
3419,Våler (Innlandet),2012,3844
3419,Våler (Innlandet),2013,3826
3419,Våler (Innlandet),2014,3783
3419,Våler (Innlandet),2015,3790
3419,Våler (Innlandet),2016,3760
3419,Våler (Innlandet),2017,3743
3419,Våler (Innlandet),2018,3680
3419,Våler (Innlandet),2019,3705
3419,Våler (Innlandet),2020,3662
3419,Våler (Innlandet),2021,3587
3419,Våler (Innlandet),2022,3597
3419,Våler (Innlandet),2023,3625
3419,Våler (Innlandet),2024,3615
3419,Våler (Innlandet),2025,3559
3419,Våler (Innlandet),2026,3614
3420,Elverum,1986,16948
3420,Elverum,1987,16934
3420,Elverum,1988,17224
3420,Elverum,1989,17296
3420,Elverum,1990,17332
3420,Elverum,1991,17406
3420,Elverum,1992,17514
3420,Elverum,1993,17595
3420,Elverum,1994,17563
3420,Elverum,1995,17599
3420,Elverum,1996,17710
3420,Elverum,1997,17802
3420,Elverum,1998,17879
3420,Elverum,1999,17929
3420,Elverum,2000,18046
3420,Elverum,2001,18271
3420,Elverum,2002,18527
3420,Elverum,2003,18638
3420,Elverum,2004,18805
3420,Elverum,2005,18844
3420,Elverum,2006,18992
3420,Elverum,2007,19260
3420,Elverum,2008,19465
3420,Elverum,2009,19687
3420,Elverum,2010,19834
3420,Elverum,2011,19979
3420,Elverum,2012,20152
3420,Elverum,2013,20343
3420,Elverum,2014,20563
3420,Elverum,2015,20794
3420,Elverum,2016,21030
3420,Elverum,2017,21086
3420,Elverum,2018,21123
3420,Elverum,2019,21191
3420,Elverum,2020,21254
3420,Elverum,2021,21292
3420,Elverum,2022,21435
3420,Elverum,2023,21568
3420,Elverum,2024,21761
3420,Elverum,2025,21899
3420,Elverum,2026,21937
3421,Trysil,1986,7386
3421,Trysil,1987,7344
3421,Trysil,1988,7293
3421,Trysil,1989,7342
3421,Trysil,1990,7330
3421,Trysil,1991,7316
3421,Trysil,1992,7304
3421,Trysil,1993,7324
3421,Trysil,1994,7294
3421,Trysil,1995,7306
3421,Trysil,1996,7213
3421,Trysil,1997,7154
3421,Trysil,1998,7105
3421,Trysil,1999,7044
3421,Trysil,2000,7069
3421,Trysil,2001,7034
3421,Trysil,2002,7049
3421,Trysil,2003,7025
3421,Trysil,2004,6955
3421,Trysil,2005,6882
3421,Trysil,2006,6845
3421,Trysil,2007,6782
3421,Trysil,2008,6741
3421,Trysil,2009,6749
3421,Trysil,2010,6763
3421,Trysil,2011,6754
3421,Trysil,2012,6752
3421,Trysil,2013,6689
3421,Trysil,2014,6621
3421,Trysil,2015,6569
3421,Trysil,2016,6525
3421,Trysil,2017,6550
3421,Trysil,2018,6567
3421,Trysil,2019,6607
3421,Trysil,2020,6627
3421,Trysil,2021,6580
3421,Trysil,2022,6603
3421,Trysil,2023,6582
3421,Trysil,2024,6566
3421,Trysil,2025,6542
3421,Trysil,2026,6474
3422,Åmot,1986,4574
3422,Åmot,1987,4564
3422,Åmot,1988,4498
3422,Åmot,1989,4463
3422,Åmot,1990,4458
3422,Åmot,1991,4422
3422,Åmot,1992,4412
3422,Åmot,1993,4370
3422,Åmot,1994,4349
3422,Åmot,1995,4328
3422,Åmot,1996,4314
3422,Åmot,1997,4281
3422,Åmot,1998,4449
3422,Åmot,1999,4450
3422,Åmot,2000,4379
3422,Åmot,2001,4396
3422,Åmot,2002,4398
3422,Åmot,2003,4389
3422,Åmot,2004,4425
3422,Åmot,2005,4398
3422,Åmot,2006,4348
3422,Åmot,2007,4284
3422,Åmot,2008,4329
3422,Åmot,2009,4280
3422,Åmot,2010,4285
3422,Åmot,2011,4317
3422,Åmot,2012,4337
3422,Åmot,2013,4387
3422,Åmot,2014,4455
3422,Åmot,2015,4456
3422,Åmot,2016,4429
3422,Åmot,2017,4518
3422,Åmot,2018,4480
3422,Åmot,2019,4407
3422,Åmot,2020,4356
3422,Åmot,2021,4338
3422,Åmot,2022,4195
3422,Åmot,2023,4213
3422,Åmot,2024,4289
3422,Åmot,2025,4205
3422,Åmot,2026,4191
3423,Stor-Elvdal,1986,3496
3423,Stor-Elvdal,1987,3442
3423,Stor-Elvdal,1988,3440
3423,Stor-Elvdal,1989,3368
3423,Stor-Elvdal,1990,3371
3423,Stor-Elvdal,1991,3337
3423,Stor-Elvdal,1992,3278
3423,Stor-Elvdal,1993,3269
3423,Stor-Elvdal,1994,3228
3423,Stor-Elvdal,1995,3203
3423,Stor-Elvdal,1996,3127
3423,Stor-Elvdal,1997,3099
3423,Stor-Elvdal,1998,3006
3423,Stor-Elvdal,1999,2978
3423,Stor-Elvdal,2000,3012
3423,Stor-Elvdal,2001,2947
3423,Stor-Elvdal,2002,2921
3423,Stor-Elvdal,2003,2888
3423,Stor-Elvdal,2004,2819
3423,Stor-Elvdal,2005,2832
3423,Stor-Elvdal,2006,2797
3423,Stor-Elvdal,2007,2705
3423,Stor-Elvdal,2008,2680
3423,Stor-Elvdal,2009,2689
3423,Stor-Elvdal,2010,2679
3423,Stor-Elvdal,2011,2665
3423,Stor-Elvdal,2012,2678
3423,Stor-Elvdal,2013,2641
3423,Stor-Elvdal,2014,2699
3423,Stor-Elvdal,2015,2619
3423,Stor-Elvdal,2016,2600
3423,Stor-Elvdal,2017,2530
3423,Stor-Elvdal,2018,2490
3423,Stor-Elvdal,2019,2459
3423,Stor-Elvdal,2020,2419
3423,Stor-Elvdal,2021,2378
3423,Stor-Elvdal,2022,2318
3423,Stor-Elvdal,2023,2281
3423,Stor-Elvdal,2024,2276
3423,Stor-Elvdal,2025,2250
3423,Stor-Elvdal,2026,2239
3424,Rendalen,1986,2642
3424,Rendalen,1987,2634
3424,Rendalen,1988,2538
3424,Rendalen,1989,2506
3424,Rendalen,1990,2499
3424,Rendalen,1991,2496
3424,Rendalen,1992,2460
3424,Rendalen,1993,2450
3424,Rendalen,1994,2434
3424,Rendalen,1995,2412
3424,Rendalen,1996,2347
3424,Rendalen,1997,2335
3424,Rendalen,1998,2312
3424,Rendalen,1999,2253
3424,Rendalen,2000,2257
3424,Rendalen,2001,2284
3424,Rendalen,2002,2217
3424,Rendalen,2003,2193
3424,Rendalen,2004,2146
3424,Rendalen,2005,2105
3424,Rendalen,2006,2082
3424,Rendalen,2007,2055
3424,Rendalen,2008,2029
3424,Rendalen,2009,2014
3424,Rendalen,2010,1998
3424,Rendalen,2011,1974
3424,Rendalen,2012,1959
3424,Rendalen,2013,1910
3424,Rendalen,2014,1883
3424,Rendalen,2015,1885
3424,Rendalen,2016,1881
3424,Rendalen,2017,1858
3424,Rendalen,2018,1827
3424,Rendalen,2019,1791
3424,Rendalen,2020,1780
3424,Rendalen,2021,1741
3424,Rendalen,2022,1722
3424,Rendalen,2023,1769
3424,Rendalen,2024,1837
3424,Rendalen,2025,1846
3424,Rendalen,2026,1836
3425,Engerdal,1986,1741
3425,Engerdal,1987,1721
3425,Engerdal,1988,1739
3425,Engerdal,1989,1741
3425,Engerdal,1990,1721
3425,Engerdal,1991,1677
3425,Engerdal,1992,1707
3425,Engerdal,1993,1754
3425,Engerdal,1994,1814
3425,Engerdal,1995,1698
3425,Engerdal,1996,1627
3425,Engerdal,1997,1569
3425,Engerdal,1998,1590
3425,Engerdal,1999,1566
3425,Engerdal,2000,1580
3425,Engerdal,2001,1546
3425,Engerdal,2002,1516
3425,Engerdal,2003,1512
3425,Engerdal,2004,1503
3425,Engerdal,2005,1499
3425,Engerdal,2006,1497
3425,Engerdal,2007,1460
3425,Engerdal,2008,1458
3425,Engerdal,2009,1436
3425,Engerdal,2010,1434
3425,Engerdal,2011,1409
3425,Engerdal,2012,1390
3425,Engerdal,2013,1376
3425,Engerdal,2014,1345
3425,Engerdal,2015,1359
3425,Engerdal,2016,1305
3425,Engerdal,2017,1274
3425,Engerdal,2018,1294
3425,Engerdal,2019,1286
3425,Engerdal,2020,1268
3425,Engerdal,2021,1250
3425,Engerdal,2022,1253
3425,Engerdal,2023,1328
3425,Engerdal,2024,1361
3425,Engerdal,2025,1326
3425,Engerdal,2026,1287
3426,Tolga,1986,1857
3426,Tolga,1987,1857
3426,Tolga,1988,1840
3426,Tolga,1989,1864
3426,Tolga,1990,1898
3426,Tolga,1991,1877
3426,Tolga,1992,1868
3426,Tolga,1993,1874
3426,Tolga,1994,1854
3426,Tolga,1995,1832
3426,Tolga,1996,1820
3426,Tolga,1997,1850
3426,Tolga,1998,1857
3426,Tolga,1999,1841
3426,Tolga,2000,1812
3426,Tolga,2001,1823
3426,Tolga,2002,1808
3426,Tolga,2003,1796
3426,Tolga,2004,1781
3426,Tolga,2005,1778
3426,Tolga,2006,1755
3426,Tolga,2007,1707
3426,Tolga,2008,1697
3426,Tolga,2009,1678
3426,Tolga,2010,1671
3426,Tolga,2011,1684
3426,Tolga,2012,1681
3426,Tolga,2013,1681
3426,Tolga,2014,1658
3426,Tolga,2015,1656
3426,Tolga,2016,1620
3426,Tolga,2017,1620
3426,Tolga,2018,1553
3426,Tolga,2019,1551
3426,Tolga,2020,1562
3426,Tolga,2021,1563
3426,Tolga,2022,1551
3426,Tolga,2023,1555
3426,Tolga,2024,1604
3426,Tolga,2025,1606
3426,Tolga,2026,1609
3427,Tynset,1986,5392
3427,Tynset,1987,5391
3427,Tynset,1988,5386
3427,Tynset,1989,5378
3427,Tynset,1990,5356
3427,Tynset,1991,5398
3427,Tynset,1992,5416
3427,Tynset,1993,5392
3427,Tynset,1994,5402
3427,Tynset,1995,5382
3427,Tynset,1996,5409
3427,Tynset,1997,5421
3427,Tynset,1998,5400
3427,Tynset,1999,5392
3427,Tynset,2000,5473
3427,Tynset,2001,5452
3427,Tynset,2002,5428
3427,Tynset,2003,5423
3427,Tynset,2004,5463
3427,Tynset,2005,5405
3427,Tynset,2006,5368
3427,Tynset,2007,5371
3427,Tynset,2008,5400
3427,Tynset,2009,5400
3427,Tynset,2010,5490
3427,Tynset,2011,5495
3427,Tynset,2012,5564
3427,Tynset,2013,5570
3427,Tynset,2014,5549
3427,Tynset,2015,5562
3427,Tynset,2016,5580
3427,Tynset,2017,5584
3427,Tynset,2018,5605
3427,Tynset,2019,5591
3427,Tynset,2020,5578
3427,Tynset,2021,5537
3427,Tynset,2022,5581
3427,Tynset,2023,5628
3427,Tynset,2024,5692
3427,Tynset,2025,5722
3427,Tynset,2026,5762
3428,Alvdal,1986,2464
3428,Alvdal,1987,2458
3428,Alvdal,1988,2443
3428,Alvdal,1989,2437
3428,Alvdal,1990,2434
3428,Alvdal,1991,2430
3428,Alvdal,1992,2435
3428,Alvdal,1993,2441
3428,Alvdal,1994,2426
3428,Alvdal,1995,2433
3428,Alvdal,1996,2429
3428,Alvdal,1997,2421
3428,Alvdal,1998,2417
3428,Alvdal,1999,2415
3428,Alvdal,2000,2417
3428,Alvdal,2001,2415
3428,Alvdal,2002,2409
3428,Alvdal,2003,2422
3428,Alvdal,2004,2406
3428,Alvdal,2005,2416
3428,Alvdal,2006,2392
3428,Alvdal,2007,2430
3428,Alvdal,2008,2413
3428,Alvdal,2009,2399
3428,Alvdal,2010,2441
3428,Alvdal,2011,2447
3428,Alvdal,2012,2431
3428,Alvdal,2013,2449
3428,Alvdal,2014,2432
3428,Alvdal,2015,2418
3428,Alvdal,2016,2426
3428,Alvdal,2017,2441
3428,Alvdal,2018,2424
3428,Alvdal,2019,2418
3428,Alvdal,2020,2432
3428,Alvdal,2021,2405
3428,Alvdal,2022,2445
3428,Alvdal,2023,2493
3428,Alvdal,2024,2526
3428,Alvdal,2025,2509
3428,Alvdal,2026,2492
3429,Folldal,1986,2110
3429,Folldal,1987,2036
3429,Folldal,1988,2000
3429,Folldal,1989,2015
3429,Folldal,1990,2022
3429,Folldal,1991,1989
3429,Folldal,1992,1946
3429,Folldal,1993,1923
3429,Folldal,1994,1918
3429,Folldal,1995,1918
3429,Folldal,1996,1894
3429,Folldal,1997,1878
3429,Folldal,1998,1854
3429,Folldal,1999,1826
3429,Folldal,2000,1814
3429,Folldal,2001,1812
3429,Folldal,2002,1753
3429,Folldal,2003,1764
3429,Folldal,2004,1739
3429,Folldal,2005,1717
3429,Folldal,2006,1722
3429,Folldal,2007,1695
3429,Folldal,2008,1674
3429,Folldal,2009,1671
3429,Folldal,2010,1669
3429,Folldal,2011,1660
3429,Folldal,2012,1641
3429,Folldal,2013,1654
3429,Folldal,2014,1631
3429,Folldal,2015,1597
3429,Folldal,2016,1592
3429,Folldal,2017,1577
3429,Folldal,2018,1569
3429,Folldal,2019,1577
3429,Folldal,2020,1545
3429,Folldal,2021,1518
3429,Folldal,2022,1530
3429,Folldal,2023,1519
3429,Folldal,2024,1532
3429,Folldal,2025,1540
3429,Folldal,2026,1525
3430,Os,1986,2071
3430,Os,1987,2027
3430,Os,1988,2017
3430,Os,1989,2034
3430,Os,1990,2029
3430,Os,1991,2032
3430,Os,1992,2054
3430,Os,1993,2036
3430,Os,1994,2045
3430,Os,1995,2035
3430,Os,1996,2031
3430,Os,1997,2059
3430,Os,1998,2073
3430,Os,1999,2081
3430,Os,2000,2148
3430,Os,2001,2172
3430,Os,2002,2147
3430,Os,2003,2134
3430,Os,2004,2131
3430,Os,2005,2087
3430,Os,2006,2075
3430,Os,2007,2063
3430,Os,2008,2047
3430,Os,2009,2046
3430,Os,2010,2033
3430,Os,2011,2045
3430,Os,2012,2040
3430,Os,2013,2035
3430,Os,2014,2013
3430,Os,2015,1991
3430,Os,2016,1956
3430,Os,2017,1963
3430,Os,2018,1936
3430,Os,2019,1912
3430,Os,2020,1891
3430,Os,2021,1870
3430,Os,2022,1855
3430,Os,2023,1844
3430,Os,2024,1891
3430,Os,2025,1895
3430,Os,2026,1871
3431,Dovre,1986,3177
3431,Dovre,1987,3134
3431,Dovre,1988,3119
3431,Dovre,1989,3066
3431,Dovre,1990,3037
3431,Dovre,1991,3071
3431,Dovre,1992,3069
3431,Dovre,1993,3041
3431,Dovre,1994,3064
3431,Dovre,1995,3074
3431,Dovre,1996,2998
3431,Dovre,1997,2939
3431,Dovre,1998,2929
3431,Dovre,1999,2909
3431,Dovre,2000,2851
3431,Dovre,2001,2875
3431,Dovre,2002,2897
3431,Dovre,2003,2883
3431,Dovre,2004,2883
3431,Dovre,2005,2875
3431,Dovre,2006,2826
3431,Dovre,2007,2812
3431,Dovre,2008,2778
3431,Dovre,2009,2772
3431,Dovre,2010,2776
3431,Dovre,2011,2748
3431,Dovre,2012,2742
3431,Dovre,2013,2727
3431,Dovre,2014,2704
3431,Dovre,2015,2745
3431,Dovre,2016,2701
3431,Dovre,2017,2675
3431,Dovre,2018,2642
3431,Dovre,2019,2615
3431,Dovre,2020,2553
3431,Dovre,2021,2512
3431,Dovre,2022,2498
3431,Dovre,2023,2466
3431,Dovre,2024,2503
3431,Dovre,2025,2516
3431,Dovre,2026,2523
3432,Lesja,1986,2481
3432,Lesja,1987,2467
3432,Lesja,1988,2561
3432,Lesja,1989,2474
3432,Lesja,1990,2476
3432,Lesja,1991,2454
3432,Lesja,1992,2392
3432,Lesja,1993,2377
3432,Lesja,1994,2502
3432,Lesja,1995,2365
3432,Lesja,1996,2322
3432,Lesja,1997,2303
3432,Lesja,1998,2287
3432,Lesja,1999,2273
3432,Lesja,2000,2303
3432,Lesja,2001,2229
3432,Lesja,2002,2213
3432,Lesja,2003,2219
3432,Lesja,2004,2209
3432,Lesja,2005,2184
3432,Lesja,2006,2172
3432,Lesja,2007,2150
3432,Lesja,2008,2168
3432,Lesja,2009,2170
3432,Lesja,2010,2174
3432,Lesja,2011,2197
3432,Lesja,2012,2195
3432,Lesja,2013,2145
3432,Lesja,2014,2076
3432,Lesja,2015,2059
3432,Lesja,2016,2055
3432,Lesja,2017,2048
3432,Lesja,2018,2038
3432,Lesja,2019,2009
3432,Lesja,2020,1975
3432,Lesja,2021,1980
3432,Lesja,2022,1986
3432,Lesja,2023,1966
3432,Lesja,2024,1983
3432,Lesja,2025,2006
3432,Lesja,2026,1966
3433,Skjåk,1986,2688
3433,Skjåk,1987,2673
3433,Skjåk,1988,2643
3433,Skjåk,1989,2626
3433,Skjåk,1990,2612
3433,Skjåk,1991,2574
3433,Skjåk,1992,2544
3433,Skjåk,1993,2523
3433,Skjåk,1994,2526
3433,Skjåk,1995,2494
3433,Skjåk,1996,2489
3433,Skjåk,1997,2453
3433,Skjåk,1998,2410
3433,Skjåk,1999,2393
3433,Skjåk,2000,2386
3433,Skjåk,2001,2389
3433,Skjåk,2002,2389
3433,Skjåk,2003,2399
3433,Skjåk,2004,2393
3433,Skjåk,2005,2394
3433,Skjåk,2006,2376
3433,Skjåk,2007,2329
3433,Skjåk,2008,2331
3433,Skjåk,2009,2307
3433,Skjåk,2010,2265
3433,Skjåk,2011,2299
3433,Skjåk,2012,2307
3433,Skjåk,2013,2279
3433,Skjåk,2014,2264
3433,Skjåk,2015,2245
3433,Skjåk,2016,2204
3433,Skjåk,2017,2202
3433,Skjåk,2018,2179
3433,Skjåk,2019,2204
3433,Skjåk,2020,2197
3433,Skjåk,2021,2183
3433,Skjåk,2022,2151
3433,Skjåk,2023,2147
3433,Skjåk,2024,2141
3433,Skjåk,2025,2179
3433,Skjåk,2026,2185
3434,Lom,1986,2704
3434,Lom,1987,2709
3434,Lom,1988,2668
3434,Lom,1989,2661
3434,Lom,1990,2656
3434,Lom,1991,2651
3434,Lom,1992,2629
3434,Lom,1993,2621
3434,Lom,1994,2628
3434,Lom,1995,2628
3434,Lom,1996,2633
3434,Lom,1997,2634
3434,Lom,1998,2577
3434,Lom,1999,2543
3434,Lom,2000,2567
3434,Lom,2001,2579
3434,Lom,2002,2519
3434,Lom,2003,2481
3434,Lom,2004,2496
3434,Lom,2005,2467
3434,Lom,2006,2455
3434,Lom,2007,2436
3434,Lom,2008,2407
3434,Lom,2009,2406
3434,Lom,2010,2410
3434,Lom,2011,2401
3434,Lom,2012,2382
3434,Lom,2013,2364
3434,Lom,2014,2361
3434,Lom,2015,2356
3434,Lom,2016,2347
3434,Lom,2017,2360
3434,Lom,2018,2331
3434,Lom,2019,2293
3434,Lom,2020,2228
3434,Lom,2021,2204
3434,Lom,2022,2211
3434,Lom,2023,2212
3434,Lom,2024,2212
3434,Lom,2025,2215
3434,Lom,2026,2239
3435,Vågå,1986,4101
3435,Vågå,1987,4048
3435,Vågå,1988,4047
3435,Vågå,1989,4009
3435,Vågå,1990,3974
3435,Vågå,1991,3945
3435,Vågå,1992,3915
3435,Vågå,1993,3936
3435,Vågå,1994,3924
3435,Vågå,1995,3907
3435,Vågå,1996,3918
3435,Vågå,1997,3888
3435,Vågå,1998,3868
3435,Vågå,1999,3836
3435,Vågå,2000,3818
3435,Vågå,2001,3833
3435,Vågå,2002,3813
3435,Vågå,2003,3801
3435,Vågå,2004,3800
3435,Vågå,2005,3773
3435,Vågå,2006,3766
3435,Vågå,2007,3724
3435,Vågå,2008,3717
3435,Vågå,2009,3707
3435,Vågå,2010,3722
3435,Vågå,2011,3718
3435,Vågå,2012,3739
3435,Vågå,2013,3716
3435,Vågå,2014,3686
3435,Vågå,2015,3675
3435,Vågå,2016,3664
3435,Vågå,2017,3640
3435,Vågå,2018,3638
3435,Vågå,2019,3589
3435,Vågå,2020,3570
3435,Vågå,2021,3564
3435,Vågå,2022,3591
3435,Vågå,2023,3532
3435,Vågå,2024,3531
3435,Vågå,2025,3529
3435,Vågå,2026,3553
3436,Nord-Fron,1986,6271
3436,Nord-Fron,1987,6233
3436,Nord-Fron,1988,6229
3436,Nord-Fron,1989,6274
3436,Nord-Fron,1990,6192
3436,Nord-Fron,1991,6167
3436,Nord-Fron,1992,6173
3436,Nord-Fron,1993,6109
3436,Nord-Fron,1994,6094
3436,Nord-Fron,1995,6102
3436,Nord-Fron,1996,6039
3436,Nord-Fron,1997,6002
3436,Nord-Fron,1998,6003
3436,Nord-Fron,1999,5978
3436,Nord-Fron,2000,5953
3436,Nord-Fron,2001,5948
3436,Nord-Fron,2002,5886
3436,Nord-Fron,2003,5890
3436,Nord-Fron,2004,5926
3436,Nord-Fron,2005,5896
3436,Nord-Fron,2006,5843
3436,Nord-Fron,2007,5790
3436,Nord-Fron,2008,5793
3436,Nord-Fron,2009,5800
3436,Nord-Fron,2010,5800
3436,Nord-Fron,2011,5834
3436,Nord-Fron,2012,5830
3436,Nord-Fron,2013,5827
3436,Nord-Fron,2014,5765
3436,Nord-Fron,2015,5754
3436,Nord-Fron,2016,5741
3436,Nord-Fron,2017,5723
3436,Nord-Fron,2018,5728
3436,Nord-Fron,2019,5742
3436,Nord-Fron,2020,5723
3436,Nord-Fron,2021,5705
3436,Nord-Fron,2022,5628
3436,Nord-Fron,2023,5589
3436,Nord-Fron,2024,5586
3436,Nord-Fron,2025,5553
3436,Nord-Fron,2026,5493
3437,Sel,1986,6578
3437,Sel,1987,6535
3437,Sel,1988,6502
3437,Sel,1989,6445
3437,Sel,1990,6391
3437,Sel,1991,6381
3437,Sel,1992,6352
3437,Sel,1993,6341
3437,Sel,1994,6366
3437,Sel,1995,6338
3437,Sel,1996,6322
3437,Sel,1997,6299
3437,Sel,1998,6284
3437,Sel,1999,6231
3437,Sel,2000,6273
3437,Sel,2001,6228
3437,Sel,2002,6162
3437,Sel,2003,6102
3437,Sel,2004,6088
3437,Sel,2005,6059
3437,Sel,2006,6083
3437,Sel,2007,6099
3437,Sel,2008,6005
3437,Sel,2009,6015
3437,Sel,2010,5999
3437,Sel,2011,6004
3437,Sel,2012,5992
3437,Sel,2013,5952
3437,Sel,2014,5974
3437,Sel,2015,5965
3437,Sel,2016,5935
3437,Sel,2017,5916
3437,Sel,2018,5872
3437,Sel,2019,5789
3437,Sel,2020,5739
3437,Sel,2021,5592
3437,Sel,2022,5531
3437,Sel,2023,5567
3437,Sel,2024,5756
3437,Sel,2025,5623
3437,Sel,2026,5469
3438,Sør-Fron,1986,3531
3438,Sør-Fron,1987,3526
3438,Sør-Fron,1988,3488
3438,Sør-Fron,1989,3490
3438,Sør-Fron,1990,3486
3438,Sør-Fron,1991,3493
3438,Sør-Fron,1992,3486
3438,Sør-Fron,1993,3462
3438,Sør-Fron,1994,3464
3438,Sør-Fron,1995,3430
3438,Sør-Fron,1996,3404
3438,Sør-Fron,1997,3382
3438,Sør-Fron,1998,3355
3438,Sør-Fron,1999,3364
3438,Sør-Fron,2000,3322
3438,Sør-Fron,2001,3337
3438,Sør-Fron,2002,3323
3438,Sør-Fron,2003,3335
3438,Sør-Fron,2004,3292
3438,Sør-Fron,2005,3271
3438,Sør-Fron,2006,3231
3438,Sør-Fron,2007,3199
3438,Sør-Fron,2008,3170
3438,Sør-Fron,2009,3183
3438,Sør-Fron,2010,3175
3438,Sør-Fron,2011,3212
3438,Sør-Fron,2012,3208
3438,Sør-Fron,2013,3193
3438,Sør-Fron,2014,3191
3438,Sør-Fron,2015,3204
3438,Sør-Fron,2016,3154
3438,Sør-Fron,2017,3163
3438,Sør-Fron,2018,3146
3438,Sør-Fron,2019,3127
3438,Sør-Fron,2020,3119
3438,Sør-Fron,2021,3064
3438,Sør-Fron,2022,3064
3438,Sør-Fron,2023,3240
3438,Sør-Fron,2024,3119
3438,Sør-Fron,2025,3128
3438,Sør-Fron,2026,3108
3439,Ringebu,1986,5235
3439,Ringebu,1987,5200
3439,Ringebu,1988,5212
3439,Ringebu,1989,5203
3439,Ringebu,1990,5200
3439,Ringebu,1991,5182
3439,Ringebu,1992,5160
3439,Ringebu,1993,5050
3439,Ringebu,1994,5021
3439,Ringebu,1995,4960
3439,Ringebu,1996,4889
3439,Ringebu,1997,4863
3439,Ringebu,1998,4840
3439,Ringebu,1999,4799
3439,Ringebu,2000,4752
3439,Ringebu,2001,4736
3439,Ringebu,2002,4692
3439,Ringebu,2003,4644
3439,Ringebu,2004,4611
3439,Ringebu,2005,4586
3439,Ringebu,2006,4566
3439,Ringebu,2007,4557
3439,Ringebu,2008,4532
3439,Ringebu,2009,4537
3439,Ringebu,2010,4540
3439,Ringebu,2011,4556
3439,Ringebu,2012,4561
3439,Ringebu,2013,4496
3439,Ringebu,2014,4495
3439,Ringebu,2015,4459
3439,Ringebu,2016,4462
3439,Ringebu,2017,4502
3439,Ringebu,2018,4454
3439,Ringebu,2019,4425
3439,Ringebu,2020,4392
3439,Ringebu,2021,4408
3439,Ringebu,2022,4385
3439,Ringebu,2023,4416
3439,Ringebu,2024,4413
3439,Ringebu,2025,4447
3439,Ringebu,2026,4497
3440,Øyer,1986,4507
3440,Øyer,1987,4470
3440,Øyer,1988,4548
3440,Øyer,1989,4430
3440,Øyer,1990,4521
3440,Øyer,1991,4586
3440,Øyer,1992,4601
3440,Øyer,1993,4630
3440,Øyer,1994,4688
3440,Øyer,1995,4706
3440,Øyer,1996,4715
3440,Øyer,1997,4752
3440,Øyer,1998,4866
3440,Øyer,1999,4842
3440,Øyer,2000,4859
3440,Øyer,2001,4843
3440,Øyer,2002,4924
3440,Øyer,2003,4891
3440,Øyer,2004,4870
3440,Øyer,2005,4840
3440,Øyer,2006,4854
3440,Øyer,2007,4893
3440,Øyer,2008,4929
3440,Øyer,2009,4917
3440,Øyer,2010,5002
3440,Øyer,2011,5092
3440,Øyer,2012,5095
3440,Øyer,2013,5102
3440,Øyer,2014,5090
3440,Øyer,2015,5065
3440,Øyer,2016,5072
3440,Øyer,2017,5082
3440,Øyer,2018,5130
3440,Øyer,2019,5119
3440,Øyer,2020,5100
3440,Øyer,2021,5093
3440,Øyer,2022,5082
3440,Øyer,2023,5161
3440,Øyer,2024,5124
3440,Øyer,2025,5134
3440,Øyer,2026,5130
3441,Gausdal,1986,6511
3441,Gausdal,1987,6483
3441,Gausdal,1988,6467
3441,Gausdal,1989,6493
3441,Gausdal,1990,6492
3441,Gausdal,1991,6448
3441,Gausdal,1992,6391
3441,Gausdal,1993,6337
3441,Gausdal,1994,6317
3441,Gausdal,1995,6341
3441,Gausdal,1996,6262
3441,Gausdal,1997,6237
3441,Gausdal,1998,6223
3441,Gausdal,1999,6227
3441,Gausdal,2000,6186
3441,Gausdal,2001,6200
3441,Gausdal,2002,6192
3441,Gausdal,2003,6189
3441,Gausdal,2004,6186
3441,Gausdal,2005,6175
3441,Gausdal,2006,6202
3441,Gausdal,2007,6114
3441,Gausdal,2008,6129
3441,Gausdal,2009,6091
3441,Gausdal,2010,6142
3441,Gausdal,2011,6141
3441,Gausdal,2012,6160
3441,Gausdal,2013,6141
3441,Gausdal,2014,6237
3441,Gausdal,2015,6210
3441,Gausdal,2016,6227
3441,Gausdal,2017,6204
3441,Gausdal,2018,6148
3441,Gausdal,2019,6112
3441,Gausdal,2020,6106
3441,Gausdal,2021,6023
3441,Gausdal,2022,6079
3441,Gausdal,2023,6129
3441,Gausdal,2024,6177
3441,Gausdal,2025,6174
3441,Gausdal,2026,6147
3442,Østre Toten,1986,14114
3442,Østre Toten,1987,14119
3442,Østre Toten,1988,14179
3442,Østre Toten,1989,14288
3442,Østre Toten,1990,14303
3442,Østre Toten,1991,14314
3442,Østre Toten,1992,14216
3442,Østre Toten,1993,14199
3442,Østre Toten,1994,14187
3442,Østre Toten,1995,14258
3442,Østre Toten,1996,14172
3442,Østre Toten,1997,14076
3442,Østre Toten,1998,14040
3442,Østre Toten,1999,14021
3442,Østre Toten,2000,14103
3442,Østre Toten,2001,14148
3442,Østre Toten,2002,14167
3442,Østre Toten,2003,14649
3442,Østre Toten,2004,14657
3442,Østre Toten,2005,14604
3442,Østre Toten,2006,14453
3442,Østre Toten,2007,14389
3442,Østre Toten,2008,14459
3442,Østre Toten,2009,14464
3442,Østre Toten,2010,14518
3442,Østre Toten,2011,14604
3442,Østre Toten,2012,14747
3442,Østre Toten,2013,14766
3442,Østre Toten,2014,14777
3442,Østre Toten,2015,14796
3442,Østre Toten,2016,14906
3442,Østre Toten,2017,14887
3442,Østre Toten,2018,14888
3442,Østre Toten,2019,14948
3442,Østre Toten,2020,14973
3442,Østre Toten,2021,14871
3442,Østre Toten,2022,14827
3442,Østre Toten,2023,14896
3442,Østre Toten,2024,14840
3442,Østre Toten,2025,14827
3442,Østre Toten,2026,14925
3443,Vestre Toten,1986,13563
3443,Vestre Toten,1987,13511
3443,Vestre Toten,1988,13504
3443,Vestre Toten,1989,13404
3443,Vestre Toten,1990,13325
3443,Vestre Toten,1991,13358
3443,Vestre Toten,1992,13302
3443,Vestre Toten,1993,13156
3443,Vestre Toten,1994,13115
3443,Vestre Toten,1995,13067
3443,Vestre Toten,1996,13029
3443,Vestre Toten,1997,13036
3443,Vestre Toten,1998,13040
3443,Vestre Toten,1999,13068
3443,Vestre Toten,2000,13065
3443,Vestre Toten,2001,13135
3443,Vestre Toten,2002,13169
3443,Vestre Toten,2003,12627
3443,Vestre Toten,2004,12597
3443,Vestre Toten,2005,12546
3443,Vestre Toten,2006,12599
3443,Vestre Toten,2007,12610
3443,Vestre Toten,2008,12635
3443,Vestre Toten,2009,12714
3443,Vestre Toten,2010,12770
3443,Vestre Toten,2011,12803
3443,Vestre Toten,2012,12928
3443,Vestre Toten,2013,12999
3443,Vestre Toten,2014,13075
3443,Vestre Toten,2015,13152
3443,Vestre Toten,2016,13180
3443,Vestre Toten,2017,13179
3443,Vestre Toten,2018,13314
3443,Vestre Toten,2019,13384
3443,Vestre Toten,2020,13427
3443,Vestre Toten,2021,13459
3443,Vestre Toten,2022,13572
3443,Vestre Toten,2023,13635
3443,Vestre Toten,2024,13691
3443,Vestre Toten,2025,13649
3443,Vestre Toten,2026,13612
3446,Gran,1986,12469
3446,Gran,1987,12486
3446,Gran,1988,12583
3446,Gran,1989,12599
3446,Gran,1990,12561
3446,Gran,1991,12626
3446,Gran,1992,12631
3446,Gran,1993,12575
3446,Gran,1994,12569
3446,Gran,1995,12533
3446,Gran,1996,12541
3446,Gran,1997,12570
3446,Gran,1998,12635
3446,Gran,1999,12724
3446,Gran,2000,12877
3446,Gran,2001,13011
3446,Gran,2002,13038
3446,Gran,2003,13085
3446,Gran,2004,13095
3446,Gran,2005,13010
3446,Gran,2006,13066
3446,Gran,2007,13110
3446,Gran,2008,13189
3446,Gran,2009,13217
3446,Gran,2010,13363
3446,Gran,2011,13434
3446,Gran,2012,13493
3446,Gran,2013,13550
3446,Gran,2014,13607
3446,Gran,2015,13685
3446,Gran,2016,13695
3446,Gran,2017,13707
3446,Gran,2018,13770
3446,Gran,2019,13642
3446,Gran,2020,13630
3446,Gran,2021,13611
3446,Gran,2022,13633
3446,Gran,2023,13568
3446,Gran,2024,13593
3446,Gran,2025,13660
3446,Gran,2026,13689
3447,Søndre Land,1986,6282
3447,Søndre Land,1987,6305
3447,Søndre Land,1988,6341
3447,Søndre Land,1989,6337
3447,Søndre Land,1990,6344
3447,Søndre Land,1991,6305
3447,Søndre Land,1992,6300
3447,Søndre Land,1993,6284
3447,Søndre Land,1994,6271
3447,Søndre Land,1995,6231
3447,Søndre Land,1996,6200
3447,Søndre Land,1997,6151
3447,Søndre Land,1998,6069
3447,Søndre Land,1999,6048
3447,Søndre Land,2000,6073
3447,Søndre Land,2001,6100
3447,Søndre Land,2002,6096
3447,Søndre Land,2003,6127
3447,Søndre Land,2004,6042
3447,Søndre Land,2005,6008
3447,Søndre Land,2006,5977
3447,Søndre Land,2007,5932
3447,Søndre Land,2008,5853
3447,Søndre Land,2009,5797
3447,Søndre Land,2010,5811
3447,Søndre Land,2011,5837
3447,Søndre Land,2012,5761
3447,Søndre Land,2013,5703
3447,Søndre Land,2014,5701
3447,Søndre Land,2015,5772
3447,Søndre Land,2016,5758
3447,Søndre Land,2017,5717
3447,Søndre Land,2018,5650
3447,Søndre Land,2019,5623
3447,Søndre Land,2020,5617
3447,Søndre Land,2021,5579
3447,Søndre Land,2022,5535
3447,Søndre Land,2023,5564
3447,Søndre Land,2024,5587
3447,Søndre Land,2025,5597
3447,Søndre Land,2026,5603
3448,Nordre Land,1986,7019
3448,Nordre Land,1987,7022
3448,Nordre Land,1988,7027
3448,Nordre Land,1989,7009
3448,Nordre Land,1990,7028
3448,Nordre Land,1991,7038
3448,Nordre Land,1992,7016
3448,Nordre Land,1993,6981
3448,Nordre Land,1994,6962
3448,Nordre Land,1995,7032
3448,Nordre Land,1996,7038
3448,Nordre Land,1997,7010
3448,Nordre Land,1998,6952
3448,Nordre Land,1999,6967
3448,Nordre Land,2000,6950
3448,Nordre Land,2001,6909
3448,Nordre Land,2002,6892
3448,Nordre Land,2003,6878
3448,Nordre Land,2004,6916
3448,Nordre Land,2005,6847
3448,Nordre Land,2006,6737
3448,Nordre Land,2007,6720
3448,Nordre Land,2008,6636
3448,Nordre Land,2009,6680
3448,Nordre Land,2010,6672
3448,Nordre Land,2011,6716
3448,Nordre Land,2012,6768
3448,Nordre Land,2013,6758
3448,Nordre Land,2014,6700
3448,Nordre Land,2015,6740
3448,Nordre Land,2016,6751
3448,Nordre Land,2017,6773
3448,Nordre Land,2018,6750
3448,Nordre Land,2019,6671
3448,Nordre Land,2020,6633
3448,Nordre Land,2021,6581
3448,Nordre Land,2022,6577
3448,Nordre Land,2023,6527
3448,Nordre Land,2024,6510
3448,Nordre Land,2025,6544
3448,Nordre Land,2026,6510
3449,Sør-Aurdal,1986,3663
3449,Sør-Aurdal,1987,3618
3449,Sør-Aurdal,1988,3613
3449,Sør-Aurdal,1989,3599
3449,Sør-Aurdal,1990,3568
3449,Sør-Aurdal,1991,3549
3449,Sør-Aurdal,1992,3551
3449,Sør-Aurdal,1993,3530
3449,Sør-Aurdal,1994,3550
3449,Sør-Aurdal,1995,3557
3449,Sør-Aurdal,1996,3486
3449,Sør-Aurdal,1997,3455
3449,Sør-Aurdal,1998,3443
3449,Sør-Aurdal,1999,3410
3449,Sør-Aurdal,2000,3389
3449,Sør-Aurdal,2001,3367
3449,Sør-Aurdal,2002,3352
3449,Sør-Aurdal,2003,3326
3449,Sør-Aurdal,2004,3251
3449,Sør-Aurdal,2005,3265
3449,Sør-Aurdal,2006,3243
3449,Sør-Aurdal,2007,3194
3449,Sør-Aurdal,2008,3176
3449,Sør-Aurdal,2009,3204
3449,Sør-Aurdal,2010,3186
3449,Sør-Aurdal,2011,3164
3449,Sør-Aurdal,2012,3154
3449,Sør-Aurdal,2013,3147
3449,Sør-Aurdal,2014,3133
3449,Sør-Aurdal,2015,3094
3449,Sør-Aurdal,2016,3058
3449,Sør-Aurdal,2017,3026
3449,Sør-Aurdal,2018,3014
3449,Sør-Aurdal,2019,2981
3449,Sør-Aurdal,2020,2954
3449,Sør-Aurdal,2021,2904
3449,Sør-Aurdal,2022,2889
3449,Sør-Aurdal,2023,2866
3449,Sør-Aurdal,2024,2836
3449,Sør-Aurdal,2025,2822
3449,Sør-Aurdal,2026,2841
3450,Etnedal,1986,1690
3450,Etnedal,1987,1657
3450,Etnedal,1988,1616
3450,Etnedal,1989,1602
3450,Etnedal,1990,1580
3450,Etnedal,1991,1565
3450,Etnedal,1992,1536
3450,Etnedal,1993,1509
3450,Etnedal,1994,1512
3450,Etnedal,1995,1501
3450,Etnedal,1996,1461
3450,Etnedal,1997,1431
3450,Etnedal,1998,1410
3450,Etnedal,1999,1403
3450,Etnedal,2000,1401
3450,Etnedal,2001,1418
3450,Etnedal,2002,1431
3450,Etnedal,2003,1427
3450,Etnedal,2004,1410
3450,Etnedal,2005,1397
3450,Etnedal,2006,1389
3450,Etnedal,2007,1394
3450,Etnedal,2008,1388
3450,Etnedal,2009,1380
3450,Etnedal,2010,1389
3450,Etnedal,2011,1388
3450,Etnedal,2012,1408
3450,Etnedal,2013,1399
3450,Etnedal,2014,1408
3450,Etnedal,2015,1402
3450,Etnedal,2016,1321
3450,Etnedal,2017,1351
3450,Etnedal,2018,1352
3450,Etnedal,2019,1305
3450,Etnedal,2020,1279
3450,Etnedal,2021,1257
3450,Etnedal,2022,1256
3450,Etnedal,2023,1239
3450,Etnedal,2024,1366
3450,Etnedal,2025,1254
3450,Etnedal,2026,1593
3451,Nord-Aurdal,1986,6560
3451,Nord-Aurdal,1987,6541
3451,Nord-Aurdal,1988,6627
3451,Nord-Aurdal,1989,6632
3451,Nord-Aurdal,1990,6573
3451,Nord-Aurdal,1991,6515
3451,Nord-Aurdal,1992,6520
3451,Nord-Aurdal,1993,6526
3451,Nord-Aurdal,1994,6601
3451,Nord-Aurdal,1995,6552
3451,Nord-Aurdal,1996,6570
3451,Nord-Aurdal,1997,6514
3451,Nord-Aurdal,1998,6504
3451,Nord-Aurdal,1999,6527
3451,Nord-Aurdal,2000,6560
3451,Nord-Aurdal,2001,6541
3451,Nord-Aurdal,2002,6538
3451,Nord-Aurdal,2003,6567
3451,Nord-Aurdal,2004,6539
3451,Nord-Aurdal,2005,6442
3451,Nord-Aurdal,2006,6425
3451,Nord-Aurdal,2007,6388
3451,Nord-Aurdal,2008,6436
3451,Nord-Aurdal,2009,6451
3451,Nord-Aurdal,2010,6415
3451,Nord-Aurdal,2011,6402
3451,Nord-Aurdal,2012,6428
3451,Nord-Aurdal,2013,6396
3451,Nord-Aurdal,2014,6417
3451,Nord-Aurdal,2015,6466
3451,Nord-Aurdal,2016,6458
3451,Nord-Aurdal,2017,6490
3451,Nord-Aurdal,2018,6443
3451,Nord-Aurdal,2019,6418
3451,Nord-Aurdal,2020,6413
3451,Nord-Aurdal,2021,6360
3451,Nord-Aurdal,2022,6354
3451,Nord-Aurdal,2023,6401
3451,Nord-Aurdal,2024,6562
3451,Nord-Aurdal,2025,6455
3451,Nord-Aurdal,2026,6424
3452,Vestre Slidre,1986,2470
3452,Vestre Slidre,1987,2404
3452,Vestre Slidre,1988,2548
3452,Vestre Slidre,1989,2516
3452,Vestre Slidre,1990,2525
3452,Vestre Slidre,1991,2529
3452,Vestre Slidre,1992,2576
3452,Vestre Slidre,1993,2523
3452,Vestre Slidre,1994,2551
3452,Vestre Slidre,1995,2458
3452,Vestre Slidre,1996,2387
3452,Vestre Slidre,1997,2343
3452,Vestre Slidre,1998,2314
3452,Vestre Slidre,1999,2272
3452,Vestre Slidre,2000,2282
3452,Vestre Slidre,2001,2295
3452,Vestre Slidre,2002,2269
3452,Vestre Slidre,2003,2282
3452,Vestre Slidre,2004,2304
3452,Vestre Slidre,2005,2245
3452,Vestre Slidre,2006,2217
3452,Vestre Slidre,2007,2212
3452,Vestre Slidre,2008,2217
3452,Vestre Slidre,2009,2194
3452,Vestre Slidre,2010,2225
3452,Vestre Slidre,2011,2217
3452,Vestre Slidre,2012,2232
3452,Vestre Slidre,2013,2219
3452,Vestre Slidre,2014,2187
3452,Vestre Slidre,2015,2180
3452,Vestre Slidre,2016,2168
3452,Vestre Slidre,2017,2114
3452,Vestre Slidre,2018,2139
3452,Vestre Slidre,2019,2135
3452,Vestre Slidre,2020,2125
3452,Vestre Slidre,2021,2120
3452,Vestre Slidre,2022,2111
3452,Vestre Slidre,2023,2091
3452,Vestre Slidre,2024,2112
3452,Vestre Slidre,2025,2142
3452,Vestre Slidre,2026,2190
3453,Øystre Slidre,1986,3074
3453,Øystre Slidre,1987,3082
3453,Øystre Slidre,1988,3092
3453,Øystre Slidre,1989,3100
3453,Øystre Slidre,1990,3120
3453,Øystre Slidre,1991,3107
3453,Øystre Slidre,1992,3117
3453,Øystre Slidre,1993,3125
3453,Øystre Slidre,1994,3100
3453,Øystre Slidre,1995,3088
3453,Øystre Slidre,1996,3094
3453,Øystre Slidre,1997,3089
3453,Øystre Slidre,1998,3073
3453,Øystre Slidre,1999,3047
3453,Øystre Slidre,2000,3060
3453,Øystre Slidre,2001,3075
3453,Øystre Slidre,2002,3061
3453,Øystre Slidre,2003,3089
3453,Øystre Slidre,2004,3116
3453,Øystre Slidre,2005,3114
3453,Øystre Slidre,2006,3137
3453,Øystre Slidre,2007,3166
3453,Øystre Slidre,2008,3176
3453,Øystre Slidre,2009,3181
3453,Øystre Slidre,2010,3216
3453,Øystre Slidre,2011,3171
3453,Øystre Slidre,2012,3174
3453,Øystre Slidre,2013,3197
3453,Øystre Slidre,2014,3206
3453,Øystre Slidre,2015,3199
3453,Øystre Slidre,2016,3220
3453,Øystre Slidre,2017,3248
3453,Øystre Slidre,2018,3221
3453,Øystre Slidre,2019,3208
3453,Øystre Slidre,2020,3229
3453,Øystre Slidre,2021,3236
3453,Øystre Slidre,2022,3252
3453,Øystre Slidre,2023,3291
3453,Øystre Slidre,2024,3298
3453,Øystre Slidre,2025,3311
3453,Øystre Slidre,2026,3347
3454,Vang,1986,1752
3454,Vang,1987,1748
3454,Vang,1988,1947
3454,Vang,1989,1897
3454,Vang,1990,1817
3454,Vang,1991,1784
3454,Vang,1992,1737
3454,Vang,1993,1728
3454,Vang,1994,1745
3454,Vang,1995,1711
3454,Vang,1996,1689
3454,Vang,1997,1671
3454,Vang,1998,1646
3454,Vang,1999,1633
3454,Vang,2000,1675
3454,Vang,2001,1677
3454,Vang,2002,1641
3454,Vang,2003,1636
3454,Vang,2004,1616
3454,Vang,2005,1613
3454,Vang,2006,1624
3454,Vang,2007,1591
3454,Vang,2008,1582
3454,Vang,2009,1583
3454,Vang,2010,1590
3454,Vang,2011,1591
3454,Vang,2012,1617
3454,Vang,2013,1597
3454,Vang,2014,1602
3454,Vang,2015,1619
3454,Vang,2016,1590
3454,Vang,2017,1596
3454,Vang,2018,1601
3454,Vang,2019,1610
3454,Vang,2020,1578
3454,Vang,2021,1573
3454,Vang,2022,1587
3454,Vang,2023,1636
3454,Vang,2024,1645
3454,Vang,2025,1648
3454,Vang,2026,1666
3901,Horten,1986,21984
3901,Horten,1987,22092
3901,Horten,1988,22228
3901,Horten,1989,22353
3901,Horten,1990,22507
3901,Horten,1991,22550
3901,Horten,1992,22685
3901,Horten,1993,22795
3901,Horten,1994,22805
3901,Horten,1995,22945
3901,Horten,1996,23156
3901,Horten,1997,23228
3901,Horten,1998,23479
3901,Horten,1999,23582
3901,Horten,2000,23764
3901,Horten,2001,24049
3901,Horten,2002,24302
3901,Horten,2003,24557
3901,Horten,2004,24671
3901,Horten,2005,24768
3901,Horten,2006,24871
3901,Horten,2007,25011
3901,Horten,2008,25098
3901,Horten,2009,25471
3901,Horten,2010,25678
3901,Horten,2011,26036
3901,Horten,2012,26307
3901,Horten,2013,26595
3901,Horten,2014,26751
3901,Horten,2015,26903
3901,Horten,2016,27178
3901,Horten,2017,27202
3901,Horten,2018,27317
3901,Horten,2019,27334
3901,Horten,2020,27351
3901,Horten,2021,27510
3901,Horten,2022,27502
3901,Horten,2023,27682
3901,Horten,2024,27939
3901,Horten,2025,28039
3901,Horten,2026,28173
3903,Holmestrand,1986,18412
3903,Holmestrand,1987,18420
3903,Holmestrand,1988,18569
3903,Holmestrand,1989,18714
3903,Holmestrand,1990,18789
3903,Holmestrand,1991,18853
3903,Holmestrand,1992,18816
3903,Holmestrand,1993,18841
3903,Holmestrand,1994,18894
3903,Holmestrand,1995,18935
3903,Holmestrand,1996,18942
3903,Holmestrand,1997,19077
3903,Holmestrand,1998,19237
3903,Holmestrand,1999,19427
3903,Holmestrand,2000,19652
3903,Holmestrand,2001,19832
3903,Holmestrand,2002,19983
3903,Holmestrand,2003,20080
3903,Holmestrand,2004,20137
3903,Holmestrand,2005,20342
3903,Holmestrand,2006,20473
3903,Holmestrand,2007,20652
3903,Holmestrand,2008,20925
3903,Holmestrand,2009,21236
3903,Holmestrand,2010,21432
3903,Holmestrand,2011,21754
3903,Holmestrand,2012,21979
3903,Holmestrand,2013,22245
3903,Holmestrand,2014,22583
3903,Holmestrand,2015,22924
3903,Holmestrand,2016,23201
3903,Holmestrand,2017,23533
3903,Holmestrand,2018,23938
3903,Holmestrand,2019,24275
3903,Holmestrand,2020,24699
3903,Holmestrand,2021,25011
3903,Holmestrand,2022,25681
3903,Holmestrand,2023,26206
3903,Holmestrand,2024,26872
3903,Holmestrand,2025,27005
3903,Holmestrand,2026,27086
3905,Tønsberg,1986,37761
3905,Tønsberg,1987,37948
3905,Tønsberg,1988,38077
3905,Tønsberg,1989,38268
3905,Tønsberg,1990,38610
3905,Tønsberg,1991,38938
3905,Tønsberg,1992,39219
3905,Tønsberg,1993,39812
3905,Tønsberg,1994,40180
3905,Tønsberg,1995,40444
3905,Tønsberg,1996,40756
3905,Tønsberg,1997,41265
3905,Tønsberg,1998,41813
3905,Tønsberg,1999,42433
3905,Tønsberg,2000,42652
3905,Tønsberg,2001,43183
3905,Tønsberg,2002,43498
3905,Tønsberg,2003,43767
3905,Tønsberg,2004,44240
3905,Tønsberg,2005,44634
3905,Tønsberg,2006,45162
3905,Tønsberg,2007,45814
3905,Tønsberg,2008,46836
3905,Tønsberg,2009,47441
3905,Tønsberg,2010,48077
3905,Tønsberg,2011,48579
3905,Tønsberg,2012,49613
3905,Tønsberg,2013,50233
3905,Tønsberg,2014,50694
3905,Tønsberg,2015,51173
3905,Tønsberg,2016,51637
3905,Tønsberg,2017,54408
3905,Tønsberg,2018,54981
3905,Tønsberg,2019,55706
3905,Tønsberg,2020,56293
3905,Tønsberg,2021,57026
3905,Tønsberg,2022,57794
3905,Tønsberg,2023,58561
3905,Tønsberg,2024,59174
3905,Tønsberg,2025,59830
3905,Tønsberg,2026,60246
3907,Sandefjord,1986,47936
3907,Sandefjord,1987,48376
3907,Sandefjord,1988,48619
3907,Sandefjord,1989,49060
3907,Sandefjord,1990,49082
3907,Sandefjord,1991,49518
3907,Sandefjord,1992,49827
3907,Sandefjord,1993,50122
3907,Sandefjord,1994,50389
3907,Sandefjord,1995,50751
3907,Sandefjord,1996,51152
3907,Sandefjord,1997,51534
3907,Sandefjord,1998,52260
3907,Sandefjord,1999,52824
3907,Sandefjord,2000,53552
3907,Sandefjord,2001,54176
3907,Sandefjord,2002,54717
3907,Sandefjord,2003,55580
3907,Sandefjord,2004,56008
3907,Sandefjord,2005,56386
3907,Sandefjord,2006,56829
3907,Sandefjord,2007,57279
3907,Sandefjord,2008,58050
3907,Sandefjord,2009,58761
3907,Sandefjord,2010,59414
3907,Sandefjord,2011,60149
3907,Sandefjord,2012,60776
3907,Sandefjord,2013,61573
3907,Sandefjord,2014,62204
3907,Sandefjord,2015,62647
3907,Sandefjord,2016,63414
3907,Sandefjord,2017,62019
3907,Sandefjord,2018,62615
3907,Sandefjord,2019,63271
3907,Sandefjord,2020,63764
3907,Sandefjord,2021,64345
3907,Sandefjord,2022,64943
3907,Sandefjord,2023,65574
3907,Sandefjord,2024,66231
3907,Sandefjord,2025,66758
3907,Sandefjord,2026,67062
3909,Larvik,1986,39109
3909,Larvik,1987,39398
3909,Larvik,1988,39883
3909,Larvik,1989,40177
3909,Larvik,1990,40425
3909,Larvik,1991,40627
3909,Larvik,1992,40953
3909,Larvik,1993,41089
3909,Larvik,1994,41205
3909,Larvik,1995,41361
3909,Larvik,1996,41426
3909,Larvik,1997,41700
3909,Larvik,1998,42078
3909,Larvik,1999,42416
3909,Larvik,2000,42765
3909,Larvik,2001,43092
3909,Larvik,2002,43181
3909,Larvik,2003,43283
3909,Larvik,2004,43376
3909,Larvik,2005,43561
3909,Larvik,2006,43656
3909,Larvik,2007,43784
3909,Larvik,2008,44106
3909,Larvik,2009,44503
3909,Larvik,2010,44821
3909,Larvik,2011,45058
3909,Larvik,2012,45360
3909,Larvik,2013,45567
3909,Larvik,2014,45718
3909,Larvik,2015,45969
3909,Larvik,2016,46341
3909,Larvik,2017,46557
3909,Larvik,2018,46801
3909,Larvik,2019,47107
3909,Larvik,2020,47204
3909,Larvik,2021,47499
3909,Larvik,2022,47777
3909,Larvik,2023,48246
3909,Larvik,2024,48715
3909,Larvik,2025,48870
3909,Larvik,2026,49022
3911,Færder,1986,20840
3911,Færder,1987,21036
3911,Færder,1988,21372
3911,Færder,1989,21682
3911,Færder,1990,21864
3911,Færder,1991,21934
3911,Færder,1992,22102
3911,Færder,1993,22263
3911,Færder,1994,22491
3911,Færder,1995,22816
3911,Færder,1996,22956
3911,Færder,1997,23229
3911,Færder,1998,23668
3911,Færder,1999,23833
3911,Færder,2000,24106
3911,Færder,2001,24282
3911,Færder,2002,24330
3911,Færder,2003,24468
3911,Færder,2004,24603
3911,Færder,2005,24604
3911,Færder,2006,24648
3911,Færder,2007,24798
3911,Færder,2008,24955
3911,Færder,2009,25263
3911,Færder,2010,25398
3911,Færder,2011,25635
3911,Færder,2012,25808
3911,Færder,2013,25965
3911,Færder,2014,26330
3911,Færder,2015,26445
3911,Færder,2016,26592
3911,Færder,2017,26676
3911,Færder,2018,26734
3911,Færder,2019,26700
3911,Færder,2020,26730
3911,Færder,2021,26957
3911,Færder,2022,27165
3911,Færder,2023,27286
3911,Færder,2024,27501
3911,Færder,2025,27569
3911,Færder,2026,27743
4001,Porsgrunn,1986,31317
4001,Porsgrunn,1987,31294
4001,Porsgrunn,1988,31249
4001,Porsgrunn,1989,31238
4001,Porsgrunn,1990,31209
4001,Porsgrunn,1991,31260
4001,Porsgrunn,1992,31151
4001,Porsgrunn,1993,31214
4001,Porsgrunn,1994,31324
4001,Porsgrunn,1995,31651
4001,Porsgrunn,1996,31802
4001,Porsgrunn,1997,31959
4001,Porsgrunn,1998,32371
4001,Porsgrunn,1999,32563
4001,Porsgrunn,2000,32892
4001,Porsgrunn,2001,33146
4001,Porsgrunn,2002,33122
4001,Porsgrunn,2003,33204
4001,Porsgrunn,2004,33323
4001,Porsgrunn,2005,33407
4001,Porsgrunn,2006,33550
4001,Porsgrunn,2007,33977
4001,Porsgrunn,2008,34186
4001,Porsgrunn,2009,34377
4001,Porsgrunn,2010,34623
4001,Porsgrunn,2011,35043
4001,Porsgrunn,2012,35219
4001,Porsgrunn,2013,35392
4001,Porsgrunn,2014,35516
4001,Porsgrunn,2015,35755
4001,Porsgrunn,2016,35955
4001,Porsgrunn,2017,36198
4001,Porsgrunn,2018,36091
4001,Porsgrunn,2019,36224
4001,Porsgrunn,2020,36397
4001,Porsgrunn,2021,36526
4001,Porsgrunn,2022,36624
4001,Porsgrunn,2023,37056
4001,Porsgrunn,2024,37193
4001,Porsgrunn,2025,37289
4001,Porsgrunn,2026,37435
4003,Skien,1986,47020
4003,Skien,1987,47258
4003,Skien,1988,47531
4003,Skien,1989,47553
4003,Skien,1990,47679
4003,Skien,1991,47868
4003,Skien,1992,48192
4003,Skien,1993,48384
4003,Skien,1994,48287
4003,Skien,1995,48319
4003,Skien,1996,48495
4003,Skien,1997,48847
4003,Skien,1998,49035
4003,Skien,1999,49498
4003,Skien,2000,49592
4003,Skien,2001,49740
4003,Skien,2002,49936
4003,Skien,2003,50272
4003,Skien,2004,50507
4003,Skien,2005,50676
4003,Skien,2006,50761
4003,Skien,2007,50696
4003,Skien,2008,50864
4003,Skien,2009,51359
4003,Skien,2010,51668
4003,Skien,2011,52077
4003,Skien,2012,52509
4003,Skien,2013,53015
4003,Skien,2014,53439
4003,Skien,2015,53745
4003,Skien,2016,53952
4003,Skien,2017,54316
4003,Skien,2018,54510
4003,Skien,2019,54645
4003,Skien,2020,54942
4003,Skien,2021,55144
4003,Skien,2022,55513
4003,Skien,2023,55924
4003,Skien,2024,56619
4003,Skien,2025,56866
4003,Skien,2026,56906
4005,Notodden,1986,12625
4005,Notodden,1987,12491
4005,Notodden,1988,12494
4005,Notodden,1989,12514
4005,Notodden,1990,12483
4005,Notodden,1991,12426
4005,Notodden,1992,12381
4005,Notodden,1993,12322
4005,Notodden,1994,12263
4005,Notodden,1995,12184
4005,Notodden,1996,12186
4005,Notodden,1997,12171
4005,Notodden,1998,12149
4005,Notodden,1999,12203
4005,Notodden,2000,12272
4005,Notodden,2001,12256
4005,Notodden,2002,12340
4005,Notodden,2003,12402
4005,Notodden,2004,12322
4005,Notodden,2005,12359
4005,Notodden,2006,12314
4005,Notodden,2007,12221
4005,Notodden,2008,12232
4005,Notodden,2009,12313
4005,Notodden,2010,12390
4005,Notodden,2011,12396
4005,Notodden,2012,12469
4005,Notodden,2013,12497
4005,Notodden,2014,12609
4005,Notodden,2015,12599
4005,Notodden,2016,12717
4005,Notodden,2017,12757
4005,Notodden,2018,12664
4005,Notodden,2019,12682
4005,Notodden,2020,13049
4005,Notodden,2021,12994
4005,Notodden,2022,13029
4005,Notodden,2023,13025
4005,Notodden,2024,13266
4005,Notodden,2025,13333
4005,Notodden,2026,13389
4010,Siljan,1986,2124
4010,Siljan,1987,2133
4010,Siljan,1988,2180
4010,Siljan,1989,2200
4010,Siljan,1990,2187
4010,Siljan,1991,2217
4010,Siljan,1992,2242
4010,Siljan,1993,2277
4010,Siljan,1994,2278
4010,Siljan,1995,2278
4010,Siljan,1996,2254
4010,Siljan,1997,2274
4010,Siljan,1998,2270
4010,Siljan,1999,2266
4010,Siljan,2000,2269
4010,Siljan,2001,2318
4010,Siljan,2002,2328
4010,Siljan,2003,2343
4010,Siljan,2004,2349
4010,Siljan,2005,2372
4010,Siljan,2006,2362
4010,Siljan,2007,2362
4010,Siljan,2008,2380
4010,Siljan,2009,2404
4010,Siljan,2010,2412
4010,Siljan,2011,2419
4010,Siljan,2012,2432
4010,Siljan,2013,2426
4010,Siljan,2014,2404
4010,Siljan,2015,2361
4010,Siljan,2016,2335
4010,Siljan,2017,2357
4010,Siljan,2018,2351
4010,Siljan,2019,2329
4010,Siljan,2020,2340
4010,Siljan,2021,2347
4010,Siljan,2022,2349
4010,Siljan,2023,2375
4010,Siljan,2024,2382
4010,Siljan,2025,2389
4010,Siljan,2026,2377
4012,Bamble,1986,13331
4012,Bamble,1987,13384
4012,Bamble,1988,13661
4012,Bamble,1989,13793
4012,Bamble,1990,13797
4012,Bamble,1991,13792
4012,Bamble,1992,13961
4012,Bamble,1993,14040
4012,Bamble,1994,14083
4012,Bamble,1995,14026
4012,Bamble,1996,14003
4012,Bamble,1997,14035
4012,Bamble,1998,14070
4012,Bamble,1999,14111
4012,Bamble,2000,14142
4012,Bamble,2001,14224
4012,Bamble,2002,14159
4012,Bamble,2003,14170
4012,Bamble,2004,14163
4012,Bamble,2005,14154
4012,Bamble,2006,14104
4012,Bamble,2007,14061
4012,Bamble,2008,14109
4012,Bamble,2009,14097
4012,Bamble,2010,14107
4012,Bamble,2011,14030
4012,Bamble,2012,14106
4012,Bamble,2013,14129
4012,Bamble,2014,14193
4012,Bamble,2015,14140
4012,Bamble,2016,14088
4012,Bamble,2017,14138
4012,Bamble,2018,14183
4012,Bamble,2019,14089
4012,Bamble,2020,14061
4012,Bamble,2021,14014
4012,Bamble,2022,14056
4012,Bamble,2023,14172
4012,Bamble,2024,14269
4012,Bamble,2025,14310
4012,Bamble,2026,14267
4014,Kragerø,1986,10855
4014,Kragerø,1987,10855
4014,Kragerø,1988,10870
4014,Kragerø,1989,10791
4014,Kragerø,1990,10780
4014,Kragerø,1991,10812
4014,Kragerø,1992,10769
4014,Kragerø,1993,11011
4014,Kragerø,1994,10930
4014,Kragerø,1995,10855
4014,Kragerø,1996,10806
4014,Kragerø,1997,10742
4014,Kragerø,1998,10738
4014,Kragerø,1999,10630
4014,Kragerø,2000,10656
4014,Kragerø,2001,10620
4014,Kragerø,2002,10610
4014,Kragerø,2003,10559
4014,Kragerø,2004,10584
4014,Kragerø,2005,10529
4014,Kragerø,2006,10477
4014,Kragerø,2007,10481
4014,Kragerø,2008,10614
4014,Kragerø,2009,10620
4014,Kragerø,2010,10620
4014,Kragerø,2011,10695
4014,Kragerø,2012,10710
4014,Kragerø,2013,10700
4014,Kragerø,2014,10621
4014,Kragerø,2015,10636
4014,Kragerø,2016,10607
4014,Kragerø,2017,10586
4014,Kragerø,2018,10506
4014,Kragerø,2019,10406
4014,Kragerø,2020,10380
4014,Kragerø,2021,10416
4014,Kragerø,2022,10351
4014,Kragerø,2023,10413
4014,Kragerø,2024,10445
4014,Kragerø,2025,10446
4014,Kragerø,2026,10378
4016,Drangedal,1986,4521
4016,Drangedal,1987,4504
4016,Drangedal,1988,4476
4016,Drangedal,1989,4453
4016,Drangedal,1990,4463
4016,Drangedal,1991,4400
4016,Drangedal,1992,4389
4016,Drangedal,1993,4371
4016,Drangedal,1994,4289
4016,Drangedal,1995,4271
4016,Drangedal,1996,4226
4016,Drangedal,1997,4201
4016,Drangedal,1998,4149
4016,Drangedal,1999,4159
4016,Drangedal,2000,4175
4016,Drangedal,2001,4200
4016,Drangedal,2002,4196
4016,Drangedal,2003,4184
4016,Drangedal,2004,4175
4016,Drangedal,2005,4143
4016,Drangedal,2006,4163
4016,Drangedal,2007,4136
4016,Drangedal,2008,4111
4016,Drangedal,2009,4138
4016,Drangedal,2010,4159
4016,Drangedal,2011,4124
4016,Drangedal,2012,4126
4016,Drangedal,2013,4139
4016,Drangedal,2014,4135
4016,Drangedal,2015,4111
4016,Drangedal,2016,4136
4016,Drangedal,2017,4148
4016,Drangedal,2018,4105
4016,Drangedal,2019,4080
4016,Drangedal,2020,4060
4016,Drangedal,2021,4071
4016,Drangedal,2022,4093
4016,Drangedal,2023,4091
4016,Drangedal,2024,4086
4016,Drangedal,2025,4067
4016,Drangedal,2026,4056
4018,Nome,1986,7104
4018,Nome,1987,7093
4018,Nome,1988,7029
4018,Nome,1989,6986
4018,Nome,1990,6954
4018,Nome,1991,6838
4018,Nome,1992,6743
4018,Nome,1993,6667
4018,Nome,1994,6711
4018,Nome,1995,6661
4018,Nome,1996,6587
4018,Nome,1997,6573
4018,Nome,1998,6561
4018,Nome,1999,6631
4018,Nome,2000,6648
4018,Nome,2001,6652
4018,Nome,2002,6646
4018,Nome,2003,6579
4018,Nome,2004,6606
4018,Nome,2005,6565
4018,Nome,2006,6571
4018,Nome,2007,6576
4018,Nome,2008,6601
4018,Nome,2009,6557
4018,Nome,2010,6527
4018,Nome,2011,6561
4018,Nome,2012,6579
4018,Nome,2013,6625
4018,Nome,2014,6643
4018,Nome,2015,6630
4018,Nome,2016,6534
4018,Nome,2017,6585
4018,Nome,2018,6609
4018,Nome,2019,6538
4018,Nome,2020,6515
4018,Nome,2021,6488
4018,Nome,2022,6494
4018,Nome,2023,6559
4018,Nome,2024,6539
4018,Nome,2025,6558
4018,Nome,2026,6529
4020,Midt-Telemark,1986,8845
4020,Midt-Telemark,1987,8921
4020,Midt-Telemark,1988,9035
4020,Midt-Telemark,1989,9113
4020,Midt-Telemark,1990,9089
4020,Midt-Telemark,1991,9097
4020,Midt-Telemark,1992,9132
4020,Midt-Telemark,1993,9139
4020,Midt-Telemark,1994,9136
4020,Midt-Telemark,1995,9182
4020,Midt-Telemark,1996,9211
4020,Midt-Telemark,1997,9201
4020,Midt-Telemark,1998,9246
4020,Midt-Telemark,1999,9367
4020,Midt-Telemark,2000,9375
4020,Midt-Telemark,2001,9467
4020,Midt-Telemark,2002,9519
4020,Midt-Telemark,2003,9583
4020,Midt-Telemark,2004,9524
4020,Midt-Telemark,2005,9572
4020,Midt-Telemark,2006,9598
4020,Midt-Telemark,2007,9610
4020,Midt-Telemark,2008,9702
4020,Midt-Telemark,2009,9792
4020,Midt-Telemark,2010,9865
4020,Midt-Telemark,2011,10017
4020,Midt-Telemark,2012,10080
4020,Midt-Telemark,2013,10160
4020,Midt-Telemark,2014,10159
4020,Midt-Telemark,2015,10323
4020,Midt-Telemark,2016,10439
4020,Midt-Telemark,2017,10565
4020,Midt-Telemark,2018,10819
4020,Midt-Telemark,2019,10923
4020,Midt-Telemark,2020,10444
4020,Midt-Telemark,2021,10461
4020,Midt-Telemark,2022,10539
4020,Midt-Telemark,2023,10735
4020,Midt-Telemark,2024,10904
4020,Midt-Telemark,2025,11135
4020,Midt-Telemark,2026,11157
4022,Seljord,1986,3176
4022,Seljord,1987,3173
4022,Seljord,1988,3193
4022,Seljord,1989,3153
4022,Seljord,1990,3135
4022,Seljord,1991,3105
4022,Seljord,1992,3090
4022,Seljord,1993,3100
4022,Seljord,1994,3088
4022,Seljord,1995,3093
4022,Seljord,1996,3117
4022,Seljord,1997,3086
4022,Seljord,1998,3037
4022,Seljord,1999,2975
4022,Seljord,2000,2928
4022,Seljord,2001,2935
4022,Seljord,2002,2935
4022,Seljord,2003,2921
4022,Seljord,2004,2899
4022,Seljord,2005,2919
4022,Seljord,2006,2912
4022,Seljord,2007,2933
4022,Seljord,2008,2930
4022,Seljord,2009,2925
4022,Seljord,2010,2966
4022,Seljord,2011,2955
4022,Seljord,2012,2959
4022,Seljord,2013,2945
4022,Seljord,2014,2989
4022,Seljord,2015,3002
4022,Seljord,2016,2991
4022,Seljord,2017,2979
4022,Seljord,2018,2959
4022,Seljord,2019,2934
4022,Seljord,2020,2888
4022,Seljord,2021,2900
4022,Seljord,2022,2889
4022,Seljord,2023,2939
4022,Seljord,2024,2979
4022,Seljord,2025,2981
4022,Seljord,2026,2959
4024,Hjartdal,1986,1724
4024,Hjartdal,1987,1723
4024,Hjartdal,1988,1774
4024,Hjartdal,1989,1756
4024,Hjartdal,1990,1758
4024,Hjartdal,1991,1732
4024,Hjartdal,1992,1703
4024,Hjartdal,1993,1694
4024,Hjartdal,1994,1680
4024,Hjartdal,1995,1680
4024,Hjartdal,1996,1661
4024,Hjartdal,1997,1650
4024,Hjartdal,1998,1686
4024,Hjartdal,1999,1691
4024,Hjartdal,2000,1687
4024,Hjartdal,2001,1677
4024,Hjartdal,2002,1636
4024,Hjartdal,2003,1616
4024,Hjartdal,2004,1633
4024,Hjartdal,2005,1633
4024,Hjartdal,2006,1619
4024,Hjartdal,2007,1619
4024,Hjartdal,2008,1619
4024,Hjartdal,2009,1613
4024,Hjartdal,2010,1587
4024,Hjartdal,2011,1597
4024,Hjartdal,2012,1602
4024,Hjartdal,2013,1609
4024,Hjartdal,2014,1602
4024,Hjartdal,2015,1594
4024,Hjartdal,2016,1613
4024,Hjartdal,2017,1593
4024,Hjartdal,2018,1587
4024,Hjartdal,2019,1572
4024,Hjartdal,2020,1573
4024,Hjartdal,2021,1561
4024,Hjartdal,2022,1562
4024,Hjartdal,2023,1588
4024,Hjartdal,2024,1630
4024,Hjartdal,2025,1646
4024,Hjartdal,2026,1638
4026,Tinn,1986,7201
4026,Tinn,1987,7106
4026,Tinn,1988,7089
4026,Tinn,1989,6961
4026,Tinn,1990,6876
4026,Tinn,1991,6863
4026,Tinn,1992,6876
4026,Tinn,1993,6818
4026,Tinn,1994,6804
4026,Tinn,1995,6781
4026,Tinn,1996,6774
4026,Tinn,1997,6655
4026,Tinn,1998,6565
4026,Tinn,1999,6538
4026,Tinn,2000,6560
4026,Tinn,2001,6560
4026,Tinn,2002,6490
4026,Tinn,2003,6354
4026,Tinn,2004,6420
4026,Tinn,2005,6380
4026,Tinn,2006,6247
4026,Tinn,2007,6120
4026,Tinn,2008,6066
4026,Tinn,2009,6010
4026,Tinn,2010,6022
4026,Tinn,2011,6037
4026,Tinn,2012,5982
4026,Tinn,2013,5973
4026,Tinn,2014,5957
4026,Tinn,2015,5913
4026,Tinn,2016,5940
4026,Tinn,2017,5894
4026,Tinn,2018,5856
4026,Tinn,2019,5780
4026,Tinn,2020,5691
4026,Tinn,2021,5604
4026,Tinn,2022,5512
4026,Tinn,2023,5546
4026,Tinn,2024,5533
4026,Tinn,2025,5529
4026,Tinn,2026,5515
4028,Kviteseid,1986,2956
4028,Kviteseid,1987,2933
4028,Kviteseid,1988,3016
4028,Kviteseid,1989,3038
4028,Kviteseid,1990,2976
4028,Kviteseid,1991,2892
4028,Kviteseid,1992,2871
4028,Kviteseid,1993,2833
4028,Kviteseid,1994,2817
4028,Kviteseid,1995,2740
4028,Kviteseid,1996,2690
4028,Kviteseid,1997,2658
4028,Kviteseid,1998,2664
4028,Kviteseid,1999,2656
4028,Kviteseid,2000,2667
4028,Kviteseid,2001,2670
4028,Kviteseid,2002,2672
4028,Kviteseid,2003,2647
4028,Kviteseid,2004,2622
4028,Kviteseid,2005,2598
4028,Kviteseid,2006,2575
4028,Kviteseid,2007,2542
4028,Kviteseid,2008,2563
4028,Kviteseid,2009,2546
4028,Kviteseid,2010,2522
4028,Kviteseid,2011,2501
4028,Kviteseid,2012,2498
4028,Kviteseid,2013,2507
4028,Kviteseid,2014,2468
4028,Kviteseid,2015,2466
4028,Kviteseid,2016,2448
4028,Kviteseid,2017,2442
4028,Kviteseid,2018,2397
4028,Kviteseid,2019,2403
4028,Kviteseid,2020,2403
4028,Kviteseid,2021,2430
4028,Kviteseid,2022,2452
4028,Kviteseid,2023,2427
4028,Kviteseid,2024,2458
4028,Kviteseid,2025,2473
4028,Kviteseid,2026,2463
4030,Nissedal,1986,1532
4030,Nissedal,1987,1510
4030,Nissedal,1988,1530
4030,Nissedal,1989,1537
4030,Nissedal,1990,1502
4030,Nissedal,1991,1498
4030,Nissedal,1992,1498
4030,Nissedal,1993,1511
4030,Nissedal,1994,1477
4030,Nissedal,1995,1488
4030,Nissedal,1996,1481
4030,Nissedal,1997,1486
4030,Nissedal,1998,1463
4030,Nissedal,1999,1465
4030,Nissedal,2000,1447
4030,Nissedal,2001,1463
4030,Nissedal,2002,1441
4030,Nissedal,2003,1445
4030,Nissedal,2004,1429
4030,Nissedal,2005,1408
4030,Nissedal,2006,1407
4030,Nissedal,2007,1375
4030,Nissedal,2008,1378
4030,Nissedal,2009,1393
4030,Nissedal,2010,1404
4030,Nissedal,2011,1405
4030,Nissedal,2012,1430
4030,Nissedal,2013,1430
4030,Nissedal,2014,1451
4030,Nissedal,2015,1439
4030,Nissedal,2016,1443
4030,Nissedal,2017,1476
4030,Nissedal,2018,1489
4030,Nissedal,2019,1476
4030,Nissedal,2020,1448
4030,Nissedal,2021,1430
4030,Nissedal,2022,1414
4030,Nissedal,2023,1442
4030,Nissedal,2024,1471
4030,Nissedal,2025,1486
4030,Nissedal,2026,1509
4032,Fyresdal,1986,1454
4032,Fyresdal,1987,1441
4032,Fyresdal,1988,1446
4032,Fyresdal,1989,1433
4032,Fyresdal,1990,1430
4032,Fyresdal,1991,1417
4032,Fyresdal,1992,1377
4032,Fyresdal,1993,1366
4032,Fyresdal,1994,1374
4032,Fyresdal,1995,1358
4032,Fyresdal,1996,1357
4032,Fyresdal,1997,1356
4032,Fyresdal,1998,1347
4032,Fyresdal,1999,1337
4032,Fyresdal,2000,1353
4032,Fyresdal,2001,1348
4032,Fyresdal,2002,1333
4032,Fyresdal,2003,1310
4032,Fyresdal,2004,1347
4032,Fyresdal,2005,1353
4032,Fyresdal,2006,1369
4032,Fyresdal,2007,1363
4032,Fyresdal,2008,1375
4032,Fyresdal,2009,1379
4032,Fyresdal,2010,1381
4032,Fyresdal,2011,1351
4032,Fyresdal,2012,1335
4032,Fyresdal,2013,1350
4032,Fyresdal,2014,1303
4032,Fyresdal,2015,1298
4032,Fyresdal,2016,1323
4032,Fyresdal,2017,1319
4032,Fyresdal,2018,1320
4032,Fyresdal,2019,1286
4032,Fyresdal,2020,1287
4032,Fyresdal,2021,1228
4032,Fyresdal,2022,1198
4032,Fyresdal,2023,1224
4032,Fyresdal,2024,1256
4032,Fyresdal,2025,1256
4032,Fyresdal,2026,1274
4034,Tokke,1986,2750
4034,Tokke,1987,2749
4034,Tokke,1988,2748
4034,Tokke,1989,2727
4034,Tokke,1990,2746
4034,Tokke,1991,2693
4034,Tokke,1992,2624
4034,Tokke,1993,2597
4034,Tokke,1994,2578
4034,Tokke,1995,2566
4034,Tokke,1996,2553
4034,Tokke,1997,2567
4034,Tokke,1998,2574
4034,Tokke,1999,2539
4034,Tokke,2000,2506
4034,Tokke,2001,2487
4034,Tokke,2002,2497
4034,Tokke,2003,2454
4034,Tokke,2004,2465
4034,Tokke,2005,2463
4034,Tokke,2006,2417
4034,Tokke,2007,2414
4034,Tokke,2008,2366
4034,Tokke,2009,2363
4034,Tokke,2010,2337
4034,Tokke,2011,2316
4034,Tokke,2012,2287
4034,Tokke,2013,2284
4034,Tokke,2014,2257
4034,Tokke,2015,2252
4034,Tokke,2016,2246
4034,Tokke,2017,2228
4034,Tokke,2018,2236
4034,Tokke,2019,2228
4034,Tokke,2020,2201
4034,Tokke,2021,2164
4034,Tokke,2022,2140
4034,Tokke,2023,2198
4034,Tokke,2024,2212
4034,Tokke,2025,2238
4034,Tokke,2026,2242
4036,Vinje,1986,3994
4036,Vinje,1987,3950
4036,Vinje,1988,3919
4036,Vinje,1989,3959
4036,Vinje,1990,3917
4036,Vinje,1991,3959
4036,Vinje,1992,3956
4036,Vinje,1993,4006
4036,Vinje,1994,4032
4036,Vinje,1995,4008
4036,Vinje,1996,4010
4036,Vinje,1997,3988
4036,Vinje,1998,3932
4036,Vinje,1999,3894
4036,Vinje,2000,3869
4036,Vinje,2001,3832
4036,Vinje,2002,3850
4036,Vinje,2003,3812
4036,Vinje,2004,3756
4036,Vinje,2005,3758
4036,Vinje,2006,3694
4036,Vinje,2007,3684
4036,Vinje,2008,3635
4036,Vinje,2009,3662
4036,Vinje,2010,3641
4036,Vinje,2011,3661
4036,Vinje,2012,3700
4036,Vinje,2013,3721
4036,Vinje,2014,3723
4036,Vinje,2015,3689
4036,Vinje,2016,3727
4036,Vinje,2017,3726
4036,Vinje,2018,3709
4036,Vinje,2019,3723
4036,Vinje,2020,3676
4036,Vinje,2021,3756
4036,Vinje,2022,3755
4036,Vinje,2023,3832
4036,Vinje,2024,3851
4036,Vinje,2025,3861
4036,Vinje,2026,3829
4201,Risør,1986,6953
4201,Risør,1987,6979
4201,Risør,1988,7013
4201,Risør,1989,7023
4201,Risør,1990,6995
4201,Risør,1991,6962
4201,Risør,1992,6972
4201,Risør,1993,6987
4201,Risør,1994,7053
4201,Risør,1995,7022
4201,Risør,1996,7006
4201,Risør,1997,6924
4201,Risør,1998,6940
4201,Risør,1999,6976
4201,Risør,2000,7000
4201,Risør,2001,7041
4201,Risør,2002,7027
4201,Risør,2003,6988
4201,Risør,2004,6938
4201,Risør,2005,6909
4201,Risør,2006,6863
4201,Risør,2007,6873
4201,Risør,2008,6888
4201,Risør,2009,6889
4201,Risør,2010,6894
4201,Risør,2011,6871
4201,Risør,2012,6899
4201,Risør,2013,6848
4201,Risør,2014,6899
4201,Risør,2015,6909
4201,Risør,2016,6920
4201,Risør,2017,6936
4201,Risør,2018,6882
4201,Risør,2019,6848
4201,Risør,2020,6809
4201,Risør,2021,6762
4201,Risør,2022,6735
4201,Risør,2023,6806
4201,Risør,2024,6825
4201,Risør,2025,6687
4201,Risør,2026,6683
4202,Grimstad,1986,14768
4202,Grimstad,1987,14959
4202,Grimstad,1988,15119
4202,Grimstad,1989,15343
4202,Grimstad,1990,15522
4202,Grimstad,1991,15662
4202,Grimstad,1992,15881
4202,Grimstad,1993,16155
4202,Grimstad,1994,16375
4202,Grimstad,1995,16662
4202,Grimstad,1996,16874
4202,Grimstad,1997,17003
4202,Grimstad,1998,17359
4202,Grimstad,1999,17608
4202,Grimstad,2000,17821
4202,Grimstad,2001,18052
4202,Grimstad,2002,18307
4202,Grimstad,2003,18549
4202,Grimstad,2004,18740
4202,Grimstad,2005,18885
4202,Grimstad,2006,19224
4202,Grimstad,2007,19536
4202,Grimstad,2008,19809
4202,Grimstad,2009,20111
4202,Grimstad,2010,20497
4202,Grimstad,2011,20823
4202,Grimstad,2012,21301
4202,Grimstad,2013,21594
4202,Grimstad,2014,21783
4202,Grimstad,2015,22098
4202,Grimstad,2016,22550
4202,Grimstad,2017,22692
4202,Grimstad,2018,23017
4202,Grimstad,2019,23246
4202,Grimstad,2020,23544
4202,Grimstad,2021,23891
4202,Grimstad,2022,24017
4202,Grimstad,2023,24587
4202,Grimstad,2024,24969
4202,Grimstad,2025,25419
4202,Grimstad,2026,25569
4203,Arendal,1986,36911
4203,Arendal,1987,37202
4203,Arendal,1988,37446
4203,Arendal,1989,37637
4203,Arendal,1990,37791
4203,Arendal,1991,38042
4203,Arendal,1992,38181
4203,Arendal,1993,38438
4203,Arendal,1994,38715
4203,Arendal,1995,38742
4203,Arendal,1996,38958
4203,Arendal,1997,39051
4203,Arendal,1998,39144
4203,Arendal,1999,39247
4203,Arendal,2000,39446
4203,Arendal,2001,39547
4203,Arendal,2002,39554
4203,Arendal,2003,39502
4203,Arendal,2004,39495
4203,Arendal,2005,39676
4203,Arendal,2006,39826
4203,Arendal,2007,40057
4203,Arendal,2008,40701
4203,Arendal,2009,41241
4203,Arendal,2010,41655
4203,Arendal,2011,42229
4203,Arendal,2012,42801
4203,Arendal,2013,43336
4203,Arendal,2014,43841
4203,Arendal,2015,44219
4203,Arendal,2016,44313
4203,Arendal,2017,44576
4203,Arendal,2018,44645
4203,Arendal,2019,44785
4203,Arendal,2020,44999
4203,Arendal,2021,45065
4203,Arendal,2022,45509
4203,Arendal,2023,45891
4203,Arendal,2024,46355
4203,Arendal,2025,46568
4203,Arendal,2026,46603
4204,Kristiansand,1986,74340
4204,Kristiansand,1987,75221
4204,Kristiansand,1988,75687
4204,Kristiansand,1989,76820
4204,Kristiansand,1990,77489
4204,Kristiansand,1991,78448
4204,Kristiansand,1992,79166
4204,Kristiansand,1993,80142
4204,Kristiansand,1994,81057
4204,Kristiansand,1995,81937
4204,Kristiansand,1996,82704
4204,Kristiansand,1997,83646
4204,Kristiansand,1998,84443
4204,Kristiansand,1999,85549
4204,Kristiansand,2000,86779
4204,Kristiansand,2001,87711
4204,Kristiansand,2002,88708
4204,Kristiansand,2003,89474
4204,Kristiansand,2004,90189
4204,Kristiansand,2005,91169
4204,Kristiansand,2006,92147
4204,Kristiansand,2007,93247
4204,Kristiansand,2008,94697
4204,Kristiansand,2009,96330
4204,Kristiansand,2010,97744
4204,Kristiansand,2011,99102
4204,Kristiansand,2012,100263
4204,Kristiansand,2013,101721
4204,Kristiansand,2014,103291
4204,Kristiansand,2015,105017
4204,Kristiansand,2016,106126
4204,Kristiansand,2017,107157
4204,Kristiansand,2018,109438
4204,Kristiansand,2019,110391
4204,Kristiansand,2020,111633
4204,Kristiansand,2021,112588
4204,Kristiansand,2022,113737
4204,Kristiansand,2023,115569
4204,Kristiansand,2024,116986
4204,Kristiansand,2025,118221
4204,Kristiansand,2026,119287
4205,Lindesnes,1986,18619
4205,Lindesnes,1987,18611
4205,Lindesnes,1988,18782
4205,Lindesnes,1989,18848
4205,Lindesnes,1990,18855
4205,Lindesnes,1991,18935
4205,Lindesnes,1992,19076
4205,Lindesnes,1993,19097
4205,Lindesnes,1994,19355
4205,Lindesnes,1995,19448
4205,Lindesnes,1996,19599
4205,Lindesnes,1997,19616
4205,Lindesnes,1998,19745
4205,Lindesnes,1999,19856
4205,Lindesnes,2000,19909
4205,Lindesnes,2001,19962
4205,Lindesnes,2002,20014
4205,Lindesnes,2003,20333
4205,Lindesnes,2004,20540
4205,Lindesnes,2005,20661
4205,Lindesnes,2006,20726
4205,Lindesnes,2007,20867
4205,Lindesnes,2008,21135
4205,Lindesnes,2009,21386
4205,Lindesnes,2010,21588
4205,Lindesnes,2011,21911
4205,Lindesnes,2012,22188
4205,Lindesnes,2013,22325
4205,Lindesnes,2014,22492
4205,Lindesnes,2015,22611
4205,Lindesnes,2016,22762
4205,Lindesnes,2017,22859
4205,Lindesnes,2018,22905
4205,Lindesnes,2019,22909
4205,Lindesnes,2020,23046
4205,Lindesnes,2021,23055
4205,Lindesnes,2022,23147
4205,Lindesnes,2023,23479
4205,Lindesnes,2024,23690
4205,Lindesnes,2025,23768
4205,Lindesnes,2026,23702
4206,Farsund,1986,9504
4206,Farsund,1987,9506
4206,Farsund,1988,9431
4206,Farsund,1989,9378
4206,Farsund,1990,9349
4206,Farsund,1991,9324
4206,Farsund,1992,9287
4206,Farsund,1993,9275
4206,Farsund,1994,9363
4206,Farsund,1995,9238
4206,Farsund,1996,9202
4206,Farsund,1997,9286
4206,Farsund,1998,9321
4206,Farsund,1999,9451
4206,Farsund,2000,9630
4206,Farsund,2001,9625
4206,Farsund,2002,9497
4206,Farsund,2003,9578
4206,Farsund,2004,9497
4206,Farsund,2005,9479
4206,Farsund,2006,9446
4206,Farsund,2007,9386
4206,Farsund,2008,9392
4206,Farsund,2009,9427
4206,Farsund,2010,9410
4206,Farsund,2011,9415
4206,Farsund,2012,9433
4206,Farsund,2013,9441
4206,Farsund,2014,9516
4206,Farsund,2015,9596
4206,Farsund,2016,9705
4206,Farsund,2017,9769
4206,Farsund,2018,9726
4206,Farsund,2019,9695
4206,Farsund,2020,9691
4206,Farsund,2021,9645
4206,Farsund,2022,9622
4206,Farsund,2023,9860
4206,Farsund,2024,9876
4206,Farsund,2025,9880
4206,Farsund,2026,9949
4207,Flekkefjord,1986,8825
4207,Flekkefjord,1987,8774
4207,Flekkefjord,1988,8798
4207,Flekkefjord,1989,8796
4207,Flekkefjord,1990,8785
4207,Flekkefjord,1991,8785
4207,Flekkefjord,1992,8743
4207,Flekkefjord,1993,8781
4207,Flekkefjord,1994,8708
4207,Flekkefjord,1995,8821
4207,Flekkefjord,1996,8786
4207,Flekkefjord,1997,8824
4207,Flekkefjord,1998,8813
4207,Flekkefjord,1999,8826
4207,Flekkefjord,2000,8851
4207,Flekkefjord,2001,8866
4207,Flekkefjord,2002,8839
4207,Flekkefjord,2003,8871
4207,Flekkefjord,2004,8918
4207,Flekkefjord,2005,8878
4207,Flekkefjord,2006,8852
4207,Flekkefjord,2007,8860
4207,Flekkefjord,2008,8910
4207,Flekkefjord,2009,8975
4207,Flekkefjord,2010,9003
4207,Flekkefjord,2011,9013
4207,Flekkefjord,2012,9046
4207,Flekkefjord,2013,9060
4207,Flekkefjord,2014,9013
4207,Flekkefjord,2015,9069
4207,Flekkefjord,2016,9096
4207,Flekkefjord,2017,9090
4207,Flekkefjord,2018,9066
4207,Flekkefjord,2019,9066
4207,Flekkefjord,2020,9028
4207,Flekkefjord,2021,9027
4207,Flekkefjord,2022,9048
4207,Flekkefjord,2023,9216
4207,Flekkefjord,2024,9279
4207,Flekkefjord,2025,9329
4207,Flekkefjord,2026,9373
4211,Gjerstad,1986,2687
4211,Gjerstad,1987,2664
4211,Gjerstad,1988,2653
4211,Gjerstad,1989,2628
4211,Gjerstad,1990,2604
4211,Gjerstad,1991,2584
4211,Gjerstad,1992,2584
4211,Gjerstad,1993,2569
4211,Gjerstad,1994,2557
4211,Gjerstad,1995,2549
4211,Gjerstad,1996,2533
4211,Gjerstad,1997,2555
4211,Gjerstad,1998,2561
4211,Gjerstad,1999,2532
4211,Gjerstad,2000,2509
4211,Gjerstad,2001,2493
4211,Gjerstad,2002,2486
4211,Gjerstad,2003,2511
4211,Gjerstad,2004,2541
4211,Gjerstad,2005,2500
4211,Gjerstad,2006,2506
4211,Gjerstad,2007,2513
4211,Gjerstad,2008,2519
4211,Gjerstad,2009,2496
4211,Gjerstad,2010,2478
4211,Gjerstad,2011,2497
4211,Gjerstad,2012,2478
4211,Gjerstad,2013,2484
4211,Gjerstad,2014,2489
4211,Gjerstad,2015,2481
4211,Gjerstad,2016,2473
4211,Gjerstad,2017,2511
4211,Gjerstad,2018,2467
4211,Gjerstad,2019,2454
4211,Gjerstad,2020,2428
4211,Gjerstad,2021,2430
4211,Gjerstad,2022,2427
4211,Gjerstad,2023,2421
4211,Gjerstad,2024,2444
4211,Gjerstad,2025,2492
4211,Gjerstad,2026,2502
4212,Vegårshei,1986,1825
4212,Vegårshei,1987,1845
4212,Vegårshei,1988,1832
4212,Vegårshei,1989,1834
4212,Vegårshei,1990,1839
4212,Vegårshei,1991,1853
4212,Vegårshei,1992,1853
4212,Vegårshei,1993,1847
4212,Vegårshei,1994,1829
4212,Vegårshei,1995,1862
4212,Vegårshei,1996,1857
4212,Vegårshei,1997,1860
4212,Vegårshei,1998,1851
4212,Vegårshei,1999,1828
4212,Vegårshei,2000,1838
4212,Vegårshei,2001,1838
4212,Vegårshei,2002,1831
4212,Vegårshei,2003,1840
4212,Vegårshei,2004,1856
4212,Vegårshei,2005,1854
4212,Vegårshei,2006,1849
4212,Vegårshei,2007,1864
4212,Vegårshei,2008,1884
4212,Vegårshei,2009,1881
4212,Vegårshei,2010,1886
4212,Vegårshei,2011,1922
4212,Vegårshei,2012,1933
4212,Vegårshei,2013,1986
4212,Vegårshei,2014,2000
4212,Vegårshei,2015,2018
4212,Vegårshei,2016,2036
4212,Vegårshei,2017,2104
4212,Vegårshei,2018,2087
4212,Vegårshei,2019,2093
4212,Vegårshei,2020,2097
4212,Vegårshei,2021,2128
4212,Vegårshei,2022,2131
4212,Vegårshei,2023,2143
4212,Vegårshei,2024,2268
4212,Vegårshei,2025,2285
4212,Vegårshei,2026,2253
4213,Tvedestrand,1986,5772
4213,Tvedestrand,1987,5830
4213,Tvedestrand,1988,5862
4213,Tvedestrand,1989,5869
4213,Tvedestrand,1990,5885
4213,Tvedestrand,1991,5846
4213,Tvedestrand,1992,5856
4213,Tvedestrand,1993,5843
4213,Tvedestrand,1994,5837
4213,Tvedestrand,1995,5879
4213,Tvedestrand,1996,5870
4213,Tvedestrand,1997,5881
4213,Tvedestrand,1998,5929
4213,Tvedestrand,1999,5914
4213,Tvedestrand,2000,5967
4213,Tvedestrand,2001,5935
4213,Tvedestrand,2002,5957
4213,Tvedestrand,2003,5918
4213,Tvedestrand,2004,5887
4213,Tvedestrand,2005,5889
4213,Tvedestrand,2006,5838
4213,Tvedestrand,2007,5822
4213,Tvedestrand,2008,5874
4213,Tvedestrand,2009,5939
4213,Tvedestrand,2010,5939
4213,Tvedestrand,2011,5969
4213,Tvedestrand,2012,6019
4213,Tvedestrand,2013,6064
4213,Tvedestrand,2014,6059
4213,Tvedestrand,2015,6048
4213,Tvedestrand,2016,6014
4213,Tvedestrand,2017,6051
4213,Tvedestrand,2018,6086
4213,Tvedestrand,2019,6069
4213,Tvedestrand,2020,6053
4213,Tvedestrand,2021,6067
4213,Tvedestrand,2022,6115
4213,Tvedestrand,2023,6184
4213,Tvedestrand,2024,6323
4213,Tvedestrand,2025,6464
4213,Tvedestrand,2026,6430
4214,Froland,1986,3849
4214,Froland,1987,3910
4214,Froland,1988,3927
4214,Froland,1989,4004
4214,Froland,1990,4060
4214,Froland,1991,4185
4214,Froland,1992,4217
4214,Froland,1993,4263
4214,Froland,1994,4298
4214,Froland,1995,4322
4214,Froland,1996,4374
4214,Froland,1997,4373
4214,Froland,1998,4473
4214,Froland,1999,4504
4214,Froland,2000,4497
4214,Froland,2001,4546
4214,Froland,2002,4630
4214,Froland,2003,4708
4214,Froland,2004,4698
4214,Froland,2005,4672
4214,Froland,2006,4764
4214,Froland,2007,4759
4214,Froland,2008,4853
4214,Froland,2009,4896
4214,Froland,2010,5002
4214,Froland,2011,5127
4214,Froland,2012,5257
4214,Froland,2013,5425
4214,Froland,2014,5486
4214,Froland,2015,5532
4214,Froland,2016,5618
4214,Froland,2017,5713
4214,Froland,2018,5790
4214,Froland,2019,5845
4214,Froland,2020,5951
4214,Froland,2021,6004
4214,Froland,2022,6098
4214,Froland,2023,6174
4214,Froland,2024,6236
4214,Froland,2025,6260
4214,Froland,2026,6299
4215,Lillesand,1986,7564
4215,Lillesand,1987,7728
4215,Lillesand,1988,7892
4215,Lillesand,1989,7990
4215,Lillesand,1990,8036
4215,Lillesand,1991,8167
4215,Lillesand,1992,8264
4215,Lillesand,1993,8301
4215,Lillesand,1994,8375
4215,Lillesand,1995,8458
4215,Lillesand,1996,8599
4215,Lillesand,1997,8683
4215,Lillesand,1998,8729
4215,Lillesand,1999,8763
4215,Lillesand,2000,8816
4215,Lillesand,2001,8888
4215,Lillesand,2002,8930
4215,Lillesand,2003,8982
4215,Lillesand,2004,8952
4215,Lillesand,2005,9043
4215,Lillesand,2006,9030
4215,Lillesand,2007,9109
4215,Lillesand,2008,9238
4215,Lillesand,2009,9329
4215,Lillesand,2010,9465
4215,Lillesand,2011,9713
4215,Lillesand,2012,9878
4215,Lillesand,2013,10032
4215,Lillesand,2014,10106
4215,Lillesand,2015,10340
4215,Lillesand,2016,10577
4215,Lillesand,2017,10702
4215,Lillesand,2018,10871
4215,Lillesand,2019,10990
4215,Lillesand,2020,11074
4215,Lillesand,2021,11180
4215,Lillesand,2022,11279
4215,Lillesand,2023,11419
4215,Lillesand,2024,11523
4215,Lillesand,2025,11734
4215,Lillesand,2026,11822
4216,Birkenes,1986,3995
4216,Birkenes,1987,4038
4216,Birkenes,1988,4037
4216,Birkenes,1989,4046
4216,Birkenes,1990,4062
4216,Birkenes,1991,4016
4216,Birkenes,1992,4034
4216,Birkenes,1993,4024
4216,Birkenes,1994,4056
4216,Birkenes,1995,4104
4216,Birkenes,1996,4163
4216,Birkenes,1997,4192
4216,Birkenes,1998,4200
4216,Birkenes,1999,4191
4216,Birkenes,2000,4290
4216,Birkenes,2001,4346
4216,Birkenes,2002,4315
4216,Birkenes,2003,4343
4216,Birkenes,2004,4339
4216,Birkenes,2005,4340
4216,Birkenes,2006,4387
4216,Birkenes,2007,4411
4216,Birkenes,2008,4503
4216,Birkenes,2009,4608
4216,Birkenes,2010,4689
4216,Birkenes,2011,4776
4216,Birkenes,2012,4828
4216,Birkenes,2013,4936
4216,Birkenes,2014,4993
4216,Birkenes,2015,5035
4216,Birkenes,2016,5147
4216,Birkenes,2017,5178
4216,Birkenes,2018,5187
4216,Birkenes,2019,5212
4216,Birkenes,2020,5226
4216,Birkenes,2021,5274
4216,Birkenes,2022,5342
4216,Birkenes,2023,5390
4216,Birkenes,2024,5480
4216,Birkenes,2025,5413
4216,Birkenes,2026,5447
4217,Åmli,1986,2107
4217,Åmli,1987,2090
4217,Åmli,1988,2073
4217,Åmli,1989,2008
4217,Åmli,1990,1999
4217,Åmli,1991,1977
4217,Åmli,1992,1939
4217,Åmli,1993,1892
4217,Åmli,1994,1935
4217,Åmli,1995,1912
4217,Åmli,1996,1891
4217,Åmli,1997,1900
4217,Åmli,1998,1876
4217,Åmli,1999,1866
4217,Åmli,2000,1862
4217,Åmli,2001,1854
4217,Åmli,2002,1853
4217,Åmli,2003,1830
4217,Åmli,2004,1859
4217,Åmli,2005,1801
4217,Åmli,2006,1785
4217,Åmli,2007,1815
4217,Åmli,2008,1836
4217,Åmli,2009,1855
4217,Åmli,2010,1861
4217,Åmli,2011,1829
4217,Åmli,2012,1825
4217,Åmli,2013,1815
4217,Åmli,2014,1810
4217,Åmli,2015,1832
4217,Åmli,2016,1847
4217,Åmli,2017,1856
4217,Åmli,2018,1845
4217,Åmli,2019,1848
4217,Åmli,2020,1836
4217,Åmli,2021,1822
4217,Åmli,2022,1801
4217,Åmli,2023,1786
4217,Åmli,2024,1802
4217,Åmli,2025,1778
4217,Åmli,2026,1805
4218,Iveland,1986,1144
4218,Iveland,1987,1151
4218,Iveland,1988,1159
4218,Iveland,1989,1170
4218,Iveland,1990,1155
4218,Iveland,1991,1139
4218,Iveland,1992,1130
4218,Iveland,1993,1106
4218,Iveland,1994,1105
4218,Iveland,1995,1115
4218,Iveland,1996,1104
4218,Iveland,1997,1140
4218,Iveland,1998,1115
4218,Iveland,1999,1099
4218,Iveland,2000,1128
4218,Iveland,2001,1134
4218,Iveland,2002,1113
4218,Iveland,2003,1131
4218,Iveland,2004,1151
4218,Iveland,2005,1154
4218,Iveland,2006,1170
4218,Iveland,2007,1191
4218,Iveland,2008,1211
4218,Iveland,2009,1224
4218,Iveland,2010,1254
4218,Iveland,2011,1305
4218,Iveland,2012,1298
4218,Iveland,2013,1283
4218,Iveland,2014,1314
4218,Iveland,2015,1315
4218,Iveland,2016,1317
4218,Iveland,2017,1342
4218,Iveland,2018,1330
4218,Iveland,2019,1326
4218,Iveland,2020,1331
4218,Iveland,2021,1335
4218,Iveland,2022,1323
4218,Iveland,2023,1344
4218,Iveland,2024,1380
4218,Iveland,2025,1399
4218,Iveland,2026,1386
4219,Evje og Hornnes,1986,3420
4219,Evje og Hornnes,1987,3398
4219,Evje og Hornnes,1988,3375
4219,Evje og Hornnes,1989,3365
4219,Evje og Hornnes,1990,3378
4219,Evje og Hornnes,1991,3336
4219,Evje og Hornnes,1992,3319
4219,Evje og Hornnes,1993,3334
4219,Evje og Hornnes,1994,3330
4219,Evje og Hornnes,1995,3355
4219,Evje og Hornnes,1996,3337
4219,Evje og Hornnes,1997,3354
4219,Evje og Hornnes,1998,3327
4219,Evje og Hornnes,1999,3360
4219,Evje og Hornnes,2000,3346
4219,Evje og Hornnes,2001,3359
4219,Evje og Hornnes,2002,3337
4219,Evje og Hornnes,2003,3327
4219,Evje og Hornnes,2004,3322
4219,Evje og Hornnes,2005,3305
4219,Evje og Hornnes,2006,3324
4219,Evje og Hornnes,2007,3315
4219,Evje og Hornnes,2008,3327
4219,Evje og Hornnes,2009,3408
4219,Evje og Hornnes,2010,3397
4219,Evje og Hornnes,2011,3475
4219,Evje og Hornnes,2012,3496
4219,Evje og Hornnes,2013,3556
4219,Evje og Hornnes,2014,3549
4219,Evje og Hornnes,2015,3567
4219,Evje og Hornnes,2016,3582
4219,Evje og Hornnes,2017,3614
4219,Evje og Hornnes,2018,3625
4219,Evje og Hornnes,2019,3638
4219,Evje og Hornnes,2020,3634
4219,Evje og Hornnes,2021,3619
4219,Evje og Hornnes,2022,3653
4219,Evje og Hornnes,2023,3904
4219,Evje og Hornnes,2024,3967
4219,Evje og Hornnes,2025,3828
4219,Evje og Hornnes,2026,3842
4220,Bygland,1986,1499
4220,Bygland,1987,1454
4220,Bygland,1988,1444
4220,Bygland,1989,1473
4220,Bygland,1990,1396
4220,Bygland,1991,1382
4220,Bygland,1992,1343
4220,Bygland,1993,1422
4220,Bygland,1994,1416
4220,Bygland,1995,1364
4220,Bygland,1996,1340
4220,Bygland,1997,1346
4220,Bygland,1998,1328
4220,Bygland,1999,1314
4220,Bygland,2000,1351
4220,Bygland,2001,1341
4220,Bygland,2002,1314
4220,Bygland,2003,1296
4220,Bygland,2004,1318
4220,Bygland,2005,1327
4220,Bygland,2006,1296
4220,Bygland,2007,1272
4220,Bygland,2008,1242
4220,Bygland,2009,1225
4220,Bygland,2010,1223
4220,Bygland,2011,1239
4220,Bygland,2012,1219
4220,Bygland,2013,1207
4220,Bygland,2014,1200
4220,Bygland,2015,1189
4220,Bygland,2016,1204
4220,Bygland,2017,1200
4220,Bygland,2018,1207
4220,Bygland,2019,1192
4220,Bygland,2020,1162
4220,Bygland,2021,1142
4220,Bygland,2022,1134
4220,Bygland,2023,1136
4220,Bygland,2024,1180
4220,Bygland,2025,1162
4220,Bygland,2026,1167
4221,Valle,1986,1481
4221,Valle,1987,1460
4221,Valle,1988,1457
4221,Valle,1989,1448
4221,Valle,1990,1430
4221,Valle,1991,1407
4221,Valle,1992,1409
4221,Valle,1993,1414
4221,Valle,1994,1460
4221,Valle,1995,1447
4221,Valle,1996,1459
4221,Valle,1997,1458
4221,Valle,1998,1453
4221,Valle,1999,1421
4221,Valle,2000,1439
4221,Valle,2001,1456
4221,Valle,2002,1439
4221,Valle,2003,1422
4221,Valle,2004,1403
4221,Valle,2005,1384
4221,Valle,2006,1348
4221,Valle,2007,1320
4221,Valle,2008,1326
4221,Valle,2009,1292
4221,Valle,2010,1289
4221,Valle,2011,1284
4221,Valle,2012,1293
4221,Valle,2013,1277
4221,Valle,2014,1270
4221,Valle,2015,1251
4221,Valle,2016,1242
4221,Valle,2017,1246
4221,Valle,2018,1225
4221,Valle,2019,1156
4221,Valle,2020,1164
4221,Valle,2021,1169
4221,Valle,2022,1169
4221,Valle,2023,1180
4221,Valle,2024,1205
4221,Valle,2025,1205
4221,Valle,2026,1209
4222,Bykle,1986,694
4222,Bykle,1987,706
4222,Bykle,1988,722
4222,Bykle,1989,729
4222,Bykle,1990,728
4222,Bykle,1991,756
4222,Bykle,1992,768
4222,Bykle,1993,799
4222,Bykle,1994,794
4222,Bykle,1995,822
4222,Bykle,1996,846
4222,Bykle,1997,862
4222,Bykle,1998,867
4222,Bykle,1999,864
4222,Bykle,2000,868
4222,Bykle,2001,884
4222,Bykle,2002,852
4222,Bykle,2003,848
4222,Bykle,2004,875
4222,Bykle,2005,857
4222,Bykle,2006,874
4222,Bykle,2007,902
4222,Bykle,2008,919
4222,Bykle,2009,965
4222,Bykle,2010,970
4222,Bykle,2011,989
4222,Bykle,2012,970
4222,Bykle,2013,929
4222,Bykle,2014,948
4222,Bykle,2015,933
4222,Bykle,2016,945
4222,Bykle,2017,952
4222,Bykle,2018,958
4222,Bykle,2019,953
4222,Bykle,2020,965
4222,Bykle,2021,930
4222,Bykle,2022,935
4222,Bykle,2023,995
4222,Bykle,2024,1011
4222,Bykle,2025,1039
4222,Bykle,2026,1057
4223,Vennesla,1986,11084
4223,Vennesla,1987,11151
4223,Vennesla,1988,11334
4223,Vennesla,1989,11436
4223,Vennesla,1990,11517
4223,Vennesla,1991,11552
4223,Vennesla,1992,11587
4223,Vennesla,1993,11645
4223,Vennesla,1994,11752
4223,Vennesla,1995,11706
4223,Vennesla,1996,11798
4223,Vennesla,1997,11835
4223,Vennesla,1998,11951
4223,Vennesla,1999,11993
4223,Vennesla,2000,12141
4223,Vennesla,2001,12220
4223,Vennesla,2002,12255
4223,Vennesla,2003,12346
4223,Vennesla,2004,12356
4223,Vennesla,2005,12427
4223,Vennesla,2006,12513
4223,Vennesla,2007,12555
4223,Vennesla,2008,12776
4223,Vennesla,2009,12886
4223,Vennesla,2010,13116
4223,Vennesla,2011,13334
4223,Vennesla,2012,13583
4223,Vennesla,2013,13756
4223,Vennesla,2014,13986
4223,Vennesla,2015,14095
4223,Vennesla,2016,14308
4223,Vennesla,2017,14425
4223,Vennesla,2018,14532
4223,Vennesla,2019,14630
4223,Vennesla,2020,14774
4223,Vennesla,2021,14935
4223,Vennesla,2022,15123
4223,Vennesla,2023,15294
4223,Vennesla,2024,15452
4223,Vennesla,2025,15622
4223,Vennesla,2026,15772
4224,Åseral,1986,817
4224,Åseral,1987,804
4224,Åseral,1988,811
4224,Åseral,1989,807
4224,Åseral,1990,808
4224,Åseral,1991,812
4224,Åseral,1992,819
4224,Åseral,1993,829
4224,Åseral,1994,831
4224,Åseral,1995,834
4224,Åseral,1996,846
4224,Åseral,1997,849
4224,Åseral,1998,864
4224,Åseral,1999,888
4224,Åseral,2000,878
4224,Åseral,2001,867
4224,Åseral,2002,902
4224,Åseral,2003,906
4224,Åseral,2004,914
4224,Åseral,2005,907
4224,Åseral,2006,894
4224,Åseral,2007,893
4224,Åseral,2008,905
4224,Åseral,2009,914
4224,Åseral,2010,917
4224,Åseral,2011,912
4224,Åseral,2012,912
4224,Åseral,2013,912
4224,Åseral,2014,923
4224,Åseral,2015,925
4224,Åseral,2016,942
4224,Åseral,2017,937
4224,Åseral,2018,943
4224,Åseral,2019,939
4224,Åseral,2020,932
4224,Åseral,2021,927
4224,Åseral,2022,912
4224,Åseral,2023,911
4224,Åseral,2024,923
4224,Åseral,2025,915
4224,Åseral,2026,904
4225,Lyngdal,1986,8118
4225,Lyngdal,1987,8201
4225,Lyngdal,1988,8252
4225,Lyngdal,1989,8361
4225,Lyngdal,1990,8290
4225,Lyngdal,1991,8332
4225,Lyngdal,1992,8292
4225,Lyngdal,1993,8365
4225,Lyngdal,1994,8444
4225,Lyngdal,1995,8438
4225,Lyngdal,1996,8463
4225,Lyngdal,1997,8546
4225,Lyngdal,1998,8494
4225,Lyngdal,1999,8558
4225,Lyngdal,2000,8594
4225,Lyngdal,2001,8700
4225,Lyngdal,2002,8746
4225,Lyngdal,2003,8725
4225,Lyngdal,2004,8784
4225,Lyngdal,2005,8819
4225,Lyngdal,2006,8852
4225,Lyngdal,2007,8963
4225,Lyngdal,2008,9146
4225,Lyngdal,2009,9266
4225,Lyngdal,2010,9409
4225,Lyngdal,2011,9475
4225,Lyngdal,2012,9584
4225,Lyngdal,2013,9739
4225,Lyngdal,2014,9845
4225,Lyngdal,2015,10085
4225,Lyngdal,2016,10247
4225,Lyngdal,2017,10353
4225,Lyngdal,2018,10357
4225,Lyngdal,2019,10389
4225,Lyngdal,2020,10365
4225,Lyngdal,2021,10464
4225,Lyngdal,2022,10480
4225,Lyngdal,2023,10751
4225,Lyngdal,2024,10835
4225,Lyngdal,2025,10869
4225,Lyngdal,2026,10922
4226,Hægebostad,1986,1604
4226,Hægebostad,1987,1606
4226,Hægebostad,1988,1592
4226,Hægebostad,1989,1557
4226,Hægebostad,1990,1541
4226,Hægebostad,1991,1535
4226,Hægebostad,1992,1559
4226,Hægebostad,1993,1540
4226,Hægebostad,1994,1625
4226,Hægebostad,1995,1578
4226,Hægebostad,1996,1584
4226,Hægebostad,1997,1568
4226,Hægebostad,1998,1572
4226,Hægebostad,1999,1577
4226,Hægebostad,2000,1621
4226,Hægebostad,2001,1643
4226,Hægebostad,2002,1602
4226,Hægebostad,2003,1622
4226,Hægebostad,2004,1616
4226,Hægebostad,2005,1594
4226,Hægebostad,2006,1583
4226,Hægebostad,2007,1599
4226,Hægebostad,2008,1597
4226,Hægebostad,2009,1620
4226,Hægebostad,2010,1624
4226,Hægebostad,2011,1639
4226,Hægebostad,2012,1665
4226,Hægebostad,2013,1669
4226,Hægebostad,2014,1690
4226,Hægebostad,2015,1693
4226,Hægebostad,2016,1702
4226,Hægebostad,2017,1702
4226,Hægebostad,2018,1699
4226,Hægebostad,2019,1683
4226,Hægebostad,2020,1680
4226,Hægebostad,2021,1690
4226,Hægebostad,2022,1704
4226,Hægebostad,2023,1750
4226,Hægebostad,2024,1776
4226,Hægebostad,2025,1786
4226,Hægebostad,2026,1794
4227,Kvinesdal,1986,5677
4227,Kvinesdal,1987,5671
4227,Kvinesdal,1988,5633
4227,Kvinesdal,1989,5652
4227,Kvinesdal,1990,5666
4227,Kvinesdal,1991,5664
4227,Kvinesdal,1992,5694
4227,Kvinesdal,1993,5744
4227,Kvinesdal,1994,5726
4227,Kvinesdal,1995,5768
4227,Kvinesdal,1996,5713
4227,Kvinesdal,1997,5657
4227,Kvinesdal,1998,5613
4227,Kvinesdal,1999,5562
4227,Kvinesdal,2000,5554
4227,Kvinesdal,2001,5547
4227,Kvinesdal,2002,5530
4227,Kvinesdal,2003,5578
4227,Kvinesdal,2004,5547
4227,Kvinesdal,2005,5582
4227,Kvinesdal,2006,5564
4227,Kvinesdal,2007,5595
4227,Kvinesdal,2008,5629
4227,Kvinesdal,2009,5690
4227,Kvinesdal,2010,5776
4227,Kvinesdal,2011,5816
4227,Kvinesdal,2012,5834
4227,Kvinesdal,2013,5899
4227,Kvinesdal,2014,5891
4227,Kvinesdal,2015,5948
4227,Kvinesdal,2016,5981
4227,Kvinesdal,2017,5988
4227,Kvinesdal,2018,6024
4227,Kvinesdal,2019,6048
4227,Kvinesdal,2020,5987
4227,Kvinesdal,2021,5922
4227,Kvinesdal,2022,5883
4227,Kvinesdal,2023,6024
4227,Kvinesdal,2024,6192
4227,Kvinesdal,2025,6163
4227,Kvinesdal,2026,6242
4228,Sirdal,1986,1624
4228,Sirdal,1987,1678
4228,Sirdal,1988,1695
4228,Sirdal,1989,1695
4228,Sirdal,1990,1726
4228,Sirdal,1991,1704
4228,Sirdal,1992,1728
4228,Sirdal,1993,1725
4228,Sirdal,1994,1729
4228,Sirdal,1995,1732
4228,Sirdal,1996,1731
4228,Sirdal,1997,1753
4228,Sirdal,1998,1737
4228,Sirdal,1999,1738
4228,Sirdal,2000,1734
4228,Sirdal,2001,1737
4228,Sirdal,2002,1758
4228,Sirdal,2003,1786
4228,Sirdal,2004,1766
4228,Sirdal,2005,1760
4228,Sirdal,2006,1740
4228,Sirdal,2007,1737
4228,Sirdal,2008,1757
4228,Sirdal,2009,1739
4228,Sirdal,2010,1790
4228,Sirdal,2011,1791
4228,Sirdal,2012,1816
4228,Sirdal,2013,1831
4228,Sirdal,2014,1831
4228,Sirdal,2015,1838
4228,Sirdal,2016,1832
4228,Sirdal,2017,1836
4228,Sirdal,2018,1842
4228,Sirdal,2019,1839
4228,Sirdal,2020,1822
4228,Sirdal,2021,1772
4228,Sirdal,2022,1810
4228,Sirdal,2023,1837
4228,Sirdal,2024,1873
4228,Sirdal,2025,1902
4228,Sirdal,2026,1911
4601,Bergen,1986,207922
4601,Bergen,1987,208886
4601,Bergen,1988,209831
4601,Bergen,1989,211095
4601,Bergen,1990,211826
4601,Bergen,1991,213344
4601,Bergen,1992,216066
4601,Bergen,1993,218144
4601,Bergen,1994,219884
4601,Bergen,1995,221717
4601,Bergen,1996,223238
4601,Bergen,1997,224308
4601,Bergen,1998,225439
4601,Bergen,1999,227276
4601,Bergen,2000,229496
4601,Bergen,2001,230948
4601,Bergen,2002,233291
4601,Bergen,2003,235423
4601,Bergen,2004,237430
4601,Bergen,2005,239209
4601,Bergen,2006,242158
4601,Bergen,2007,244620
4601,Bergen,2008,247746
4601,Bergen,2009,252051
4601,Bergen,2010,256600
4601,Bergen,2011,260392
4601,Bergen,2012,263762
4601,Bergen,2013,267950
4601,Bergen,2014,271949
4601,Bergen,2015,275112
4601,Bergen,2016,277391
4601,Bergen,2017,278556
4601,Bergen,2018,279792
4601,Bergen,2019,281190
4601,Bergen,2020,283929
4601,Bergen,2021,285601
4601,Bergen,2022,286930
4601,Bergen,2023,289330
4601,Bergen,2024,291940
4601,Bergen,2025,293709
4601,Bergen,2026,294860
4602,Kinn,1986,15883
4602,Kinn,1987,15970
4602,Kinn,1988,16020
4602,Kinn,1989,16180
4602,Kinn,1990,16229
4602,Kinn,1991,16441
4602,Kinn,1992,16685
4602,Kinn,1993,16821
4602,Kinn,1994,16990
4602,Kinn,1995,17298
4602,Kinn,1996,17344
4602,Kinn,1997,17424
4602,Kinn,1998,17526
4602,Kinn,1999,17654
4602,Kinn,2000,17705
4602,Kinn,2001,17715
4602,Kinn,2002,17708
4602,Kinn,2003,17741
4602,Kinn,2004,17619
4602,Kinn,2005,17582
4602,Kinn,2006,17533
4602,Kinn,2007,17405
4602,Kinn,2008,17406
4602,Kinn,2009,17437
4602,Kinn,2010,17582
4602,Kinn,2011,17618
4602,Kinn,2012,17783
4602,Kinn,2013,17816
4602,Kinn,2014,17870
4602,Kinn,2015,17944
4602,Kinn,2016,17969
4602,Kinn,2017,18030
4602,Kinn,2018,17989
4602,Kinn,2019,17822
4602,Kinn,2020,17207
4602,Kinn,2021,17160
4602,Kinn,2022,17131
4602,Kinn,2023,17179
4602,Kinn,2024,17349
4602,Kinn,2025,17419
4602,Kinn,2026,17356
4611,Etne,1986,4086
4611,Etne,1987,4070
4611,Etne,1988,4119
4611,Etne,1989,4059
4611,Etne,1990,4037
4611,Etne,1991,4011
4611,Etne,1992,3990
4611,Etne,1993,3932
4611,Etne,1994,3914
4611,Etne,1995,3941
4611,Etne,1996,3986
4611,Etne,1997,3959
4611,Etne,1998,3938
4611,Etne,1999,3948
4611,Etne,2000,3917
4611,Etne,2001,3945
4611,Etne,2002,3966
4611,Etne,2003,3960
4611,Etne,2004,3916
4611,Etne,2005,3904
4611,Etne,2006,3872
4611,Etne,2007,3858
4611,Etne,2008,3852
4611,Etne,2009,3854
4611,Etne,2010,3882
4611,Etne,2011,3909
4611,Etne,2012,3963
4611,Etne,2013,4040
4611,Etne,2014,4057
4611,Etne,2015,4103
4611,Etne,2016,4106
4611,Etne,2017,4135
4611,Etne,2018,4083
4611,Etne,2019,4077
4611,Etne,2020,4062
4611,Etne,2021,4053
4611,Etne,2022,4043
4611,Etne,2023,4073
4611,Etne,2024,4072
4611,Etne,2025,4093
4611,Etne,2026,4115
4612,Sveio,1986,4544
4612,Sveio,1987,4567
4612,Sveio,1988,4594
4612,Sveio,1989,4587
4612,Sveio,1990,4582
4612,Sveio,1991,4582
4612,Sveio,1992,4561
4612,Sveio,1993,4632
4612,Sveio,1994,4637
4612,Sveio,1995,4594
4612,Sveio,1996,4597
4612,Sveio,1997,4580
4612,Sveio,1998,4557
4612,Sveio,1999,4581
4612,Sveio,2000,4623
4612,Sveio,2001,4669
4612,Sveio,2002,4683
4612,Sveio,2003,4666
4612,Sveio,2004,4687
4612,Sveio,2005,4672
4612,Sveio,2006,4747
4612,Sveio,2007,4764
4612,Sveio,2008,4825
4612,Sveio,2009,4906
4612,Sveio,2010,4999
4612,Sveio,2011,5138
4612,Sveio,2012,5228
4612,Sveio,2013,5400
4612,Sveio,2014,5463
4612,Sveio,2015,5509
4612,Sveio,2016,5593
4612,Sveio,2017,5656
4612,Sveio,2018,5721
4612,Sveio,2019,5721
4612,Sveio,2020,5766
4612,Sveio,2021,5798
4612,Sveio,2022,5775
4612,Sveio,2023,5732
4612,Sveio,2024,5742
4612,Sveio,2025,5752
4612,Sveio,2026,5766
4613,Bømlo,1986,9502
4613,Bømlo,1987,9525
4613,Bømlo,1988,9569
4613,Bømlo,1989,9653
4613,Bømlo,1990,9675
4613,Bømlo,1991,9727
4613,Bømlo,1992,9781
4613,Bømlo,1993,9855
4613,Bømlo,1994,10006
4613,Bømlo,1995,10300
4613,Bømlo,1996,10337
4613,Bømlo,1997,10477
4613,Bømlo,1998,10553
4613,Bømlo,1999,10694
4613,Bømlo,2000,10739
4613,Bømlo,2001,10839
4613,Bømlo,2002,10892
4613,Bømlo,2003,10867
4613,Bømlo,2004,10815
4613,Bømlo,2005,10830
4613,Bømlo,2006,10808
4613,Bømlo,2007,10892
4613,Bømlo,2008,10998
4613,Bømlo,2009,11085
4613,Bømlo,2010,11275
4613,Bømlo,2011,11421
4613,Bømlo,2012,11503
4613,Bømlo,2013,11638
4613,Bømlo,2014,11749
4613,Bømlo,2015,11761
4613,Bømlo,2016,11778
4613,Bømlo,2017,11806
4613,Bømlo,2018,11902
4613,Bømlo,2019,11960
4613,Bømlo,2020,11957
4613,Bømlo,2021,11953
4613,Bømlo,2022,12061
4613,Bømlo,2023,12132
4613,Bømlo,2024,12268
4613,Bømlo,2025,12365
4613,Bømlo,2026,12531
4614,Stord,1986,13865
4614,Stord,1987,14012
4614,Stord,1988,14197
4614,Stord,1989,14383
4614,Stord,1990,14483
4614,Stord,1991,14684
4614,Stord,1992,14870
4614,Stord,1993,15293
4614,Stord,1994,15540
4614,Stord,1995,15547
4614,Stord,1996,15741
4614,Stord,1997,15781
4614,Stord,1998,15827
4614,Stord,1999,16071
4614,Stord,2000,16144
4614,Stord,2001,16241
4614,Stord,2002,16219
4614,Stord,2003,16310
4614,Stord,2004,16405
4614,Stord,2005,16516
4614,Stord,2006,16682
4614,Stord,2007,16850
4614,Stord,2008,17092
4614,Stord,2009,17289
4614,Stord,2010,17565
4614,Stord,2011,17804
4614,Stord,2012,17957
4614,Stord,2013,18161
4614,Stord,2014,18425
4614,Stord,2015,18685
4614,Stord,2016,18775
4614,Stord,2017,18821
4614,Stord,2018,18780
4614,Stord,2019,18699
4614,Stord,2020,18759
4614,Stord,2021,18861
4614,Stord,2022,18919
4614,Stord,2023,19098
4614,Stord,2024,19287
4614,Stord,2025,19350
4614,Stord,2026,19276
4615,Fitjar,1986,2998
4615,Fitjar,1987,3014
4615,Fitjar,1988,3038
4615,Fitjar,1989,3089
4615,Fitjar,1990,3072
4615,Fitjar,1991,3086
4615,Fitjar,1992,3122
4615,Fitjar,1993,3128
4615,Fitjar,1994,3142
4615,Fitjar,1995,2934
4615,Fitjar,1996,2932
4615,Fitjar,1997,2935
4615,Fitjar,1998,2952
4615,Fitjar,1999,2962
4615,Fitjar,2000,2992
4615,Fitjar,2001,2978
4615,Fitjar,2002,2921
4615,Fitjar,2003,2892
4615,Fitjar,2004,2911
4615,Fitjar,2005,2895
4615,Fitjar,2006,2901
4615,Fitjar,2007,2897
4615,Fitjar,2008,2912
4615,Fitjar,2009,2908
4615,Fitjar,2010,2931
4615,Fitjar,2011,2929
4615,Fitjar,2012,2944
4615,Fitjar,2013,2980
4615,Fitjar,2014,3009
4615,Fitjar,2015,3093
4615,Fitjar,2016,3140
4615,Fitjar,2017,3189
4615,Fitjar,2018,3194
4615,Fitjar,2019,3201
4615,Fitjar,2020,3189
4615,Fitjar,2021,3147
4615,Fitjar,2022,3117
4615,Fitjar,2023,3181
4615,Fitjar,2024,3203
4615,Fitjar,2025,3208
4615,Fitjar,2026,3237
4616,Tysnes,1986,2893
4616,Tysnes,1987,2903
4616,Tysnes,1988,2879
4616,Tysnes,1989,2902
4616,Tysnes,1990,2915
4616,Tysnes,1991,2895
4616,Tysnes,1992,2888
4616,Tysnes,1993,2874
4616,Tysnes,1994,2869
4616,Tysnes,1995,2852
4616,Tysnes,1996,2800
4616,Tysnes,1997,2791
4616,Tysnes,1998,2821
4616,Tysnes,1999,2805
4616,Tysnes,2000,2843
4616,Tysnes,2001,2938
4616,Tysnes,2002,2843
4616,Tysnes,2003,2821
4616,Tysnes,2004,2812
4616,Tysnes,2005,2825
4616,Tysnes,2006,2795
4616,Tysnes,2007,2753
4616,Tysnes,2008,2773
4616,Tysnes,2009,2792
4616,Tysnes,2010,2779
4616,Tysnes,2011,2756
4616,Tysnes,2012,2766
4616,Tysnes,2013,2736
4616,Tysnes,2014,2745
4616,Tysnes,2015,2782
4616,Tysnes,2016,2797
4616,Tysnes,2017,2847
4616,Tysnes,2018,2857
4616,Tysnes,2019,2846
4616,Tysnes,2020,2869
4616,Tysnes,2021,2924
4616,Tysnes,2022,2883
4616,Tysnes,2023,2910
4616,Tysnes,2024,2922
4616,Tysnes,2025,2986
4616,Tysnes,2026,3053
4617,Kvinnherad,1986,13187
4617,Kvinnherad,1987,13140
4617,Kvinnherad,1988,13206
4617,Kvinnherad,1989,13232
4617,Kvinnherad,1990,13121
4617,Kvinnherad,1991,13090
4617,Kvinnherad,1992,13061
4617,Kvinnherad,1993,13100
4617,Kvinnherad,1994,13121
4617,Kvinnherad,1995,13181
4617,Kvinnherad,1996,13129
4617,Kvinnherad,1997,13111
4617,Kvinnherad,1998,13155
4617,Kvinnherad,1999,13206
4617,Kvinnherad,2000,13196
4617,Kvinnherad,2001,13212
4617,Kvinnherad,2002,13140
4617,Kvinnherad,2003,13157
4617,Kvinnherad,2004,13158
4617,Kvinnherad,2005,13122
4617,Kvinnherad,2006,13071
4617,Kvinnherad,2007,13032
4617,Kvinnherad,2008,13063
4617,Kvinnherad,2009,13112
4617,Kvinnherad,2010,13187
4617,Kvinnherad,2011,13243
4617,Kvinnherad,2012,13318
4617,Kvinnherad,2013,13305
4617,Kvinnherad,2014,13232
4617,Kvinnherad,2015,13234
4617,Kvinnherad,2016,13271
4617,Kvinnherad,2017,13241
4617,Kvinnherad,2018,13180
4617,Kvinnherad,2019,13137
4617,Kvinnherad,2020,13071
4617,Kvinnherad,2021,13039
4617,Kvinnherad,2022,13017
4617,Kvinnherad,2023,13058
4617,Kvinnherad,2024,13089
4617,Kvinnherad,2025,13175
4617,Kvinnherad,2026,13236
4618,Ullensvang,1986,14012
4618,Ullensvang,1987,13758
4618,Ullensvang,1988,13666
4618,Ullensvang,1989,13561
4618,Ullensvang,1990,13543
4618,Ullensvang,1991,13481
4618,Ullensvang,1992,13430
4618,Ullensvang,1993,13288
4618,Ullensvang,1994,13228
4618,Ullensvang,1995,13086
4618,Ullensvang,1996,12917
4618,Ullensvang,1997,12828
4618,Ullensvang,1998,12751
4618,Ullensvang,1999,12501
4618,Ullensvang,2000,12440
4618,Ullensvang,2001,12382
4618,Ullensvang,2002,12247
4618,Ullensvang,2003,12123
4618,Ullensvang,2004,12054
4618,Ullensvang,2005,11973
4618,Ullensvang,2006,11779
4618,Ullensvang,2007,11626
4618,Ullensvang,2008,11569
4618,Ullensvang,2009,11427
4618,Ullensvang,2010,11465
4618,Ullensvang,2011,11431
4618,Ullensvang,2012,11413
4618,Ullensvang,2013,11437
4618,Ullensvang,2014,11469
4618,Ullensvang,2015,11463
4618,Ullensvang,2016,11435
4618,Ullensvang,2017,11510
4618,Ullensvang,2018,11294
4618,Ullensvang,2019,11152
4618,Ullensvang,2020,11048
4618,Ullensvang,2021,11002
4618,Ullensvang,2022,10881
4618,Ullensvang,2023,11148
4618,Ullensvang,2024,11017
4618,Ullensvang,2025,10981
4618,Ullensvang,2026,10929
4619,Eidfjord,1986,1031
4619,Eidfjord,1987,1040
4619,Eidfjord,1988,1043
4619,Eidfjord,1989,1052
4619,Eidfjord,1990,1070
4619,Eidfjord,1991,1081
4619,Eidfjord,1992,1080
4619,Eidfjord,1993,1084
4619,Eidfjord,1994,1085
4619,Eidfjord,1995,1077
4619,Eidfjord,1996,1079
4619,Eidfjord,1997,1070
4619,Eidfjord,1998,1041
4619,Eidfjord,1999,1016
4619,Eidfjord,2000,1037
4619,Eidfjord,2001,1001
4619,Eidfjord,2002,959
4619,Eidfjord,2003,915
4619,Eidfjord,2004,916
4619,Eidfjord,2005,914
4619,Eidfjord,2006,899
4619,Eidfjord,2007,915
4619,Eidfjord,2008,933
4619,Eidfjord,2009,945
4619,Eidfjord,2010,958
4619,Eidfjord,2011,959
4619,Eidfjord,2012,957
4619,Eidfjord,2013,952
4619,Eidfjord,2014,950
4619,Eidfjord,2015,950
4619,Eidfjord,2016,925
4619,Eidfjord,2017,921
4619,Eidfjord,2018,931
4619,Eidfjord,2019,906
4619,Eidfjord,2020,906
4619,Eidfjord,2021,903
4619,Eidfjord,2022,937
4619,Eidfjord,2023,962
4619,Eidfjord,2024,968
4619,Eidfjord,2025,967
4619,Eidfjord,2026,985
4620,Ulvik,1986,1281
4620,Ulvik,1987,1250
4620,Ulvik,1988,1218
4620,Ulvik,1989,1244
4620,Ulvik,1990,1239
4620,Ulvik,1991,1239
4620,Ulvik,1992,1251
4620,Ulvik,1993,1251
4620,Ulvik,1994,1245
4620,Ulvik,1995,1257
4620,Ulvik,1996,1275
4620,Ulvik,1997,1264
4620,Ulvik,1998,1232
4620,Ulvik,1999,1231
4620,Ulvik,2000,1222
4620,Ulvik,2001,1210
4620,Ulvik,2002,1201
4620,Ulvik,2003,1171
4620,Ulvik,2004,1175
4620,Ulvik,2005,1163
4620,Ulvik,2006,1142
4620,Ulvik,2007,1137
4620,Ulvik,2008,1107
4620,Ulvik,2009,1095
4620,Ulvik,2010,1129
4620,Ulvik,2011,1118
4620,Ulvik,2012,1112
4620,Ulvik,2013,1113
4620,Ulvik,2014,1094
4620,Ulvik,2015,1107
4620,Ulvik,2016,1116
4620,Ulvik,2017,1131
4620,Ulvik,2018,1117
4620,Ulvik,2019,1093
4620,Ulvik,2020,1080
4620,Ulvik,2021,1061
4620,Ulvik,2022,1051
4620,Ulvik,2023,1056
4620,Ulvik,2024,1089
4620,Ulvik,2025,1100
4620,Ulvik,2026,1114
4621,Voss,1986,15122
4621,Voss,1987,15108
4621,Voss,1988,15155
4621,Voss,1989,15106
4621,Voss,1990,15071
4621,Voss,1991,15126
4621,Voss,1992,15000
4621,Voss,1993,14923
4621,Voss,1994,14993
4621,Voss,1995,14941
4621,Voss,1996,14893
4621,Voss,1997,14830
4621,Voss,1998,14776
4621,Voss,1999,14726
4621,Voss,2000,14770
4621,Voss,2001,14833
4621,Voss,2002,14802
4621,Voss,2003,14858
4621,Voss,2004,14792
4621,Voss,2005,14858
4621,Voss,2006,14816
4621,Voss,2007,14763
4621,Voss,2008,14732
4621,Voss,2009,14818
4621,Voss,2010,14849
4621,Voss,2011,14904
4621,Voss,2012,14901
4621,Voss,2013,14965
4621,Voss,2014,15079
4621,Voss,2015,15268
4621,Voss,2016,15345
4621,Voss,2017,15447
4621,Voss,2018,15508
4621,Voss,2019,15543
4621,Voss,2020,15740
4621,Voss,2021,15787
4621,Voss,2022,15875
4621,Voss,2023,16144
4621,Voss,2024,16471
4621,Voss,2025,16436
4621,Voss,2026,16438
4622,Kvam,1986,8754
4622,Kvam,1987,8693
4622,Kvam,1988,8768
4622,Kvam,1989,8773
4622,Kvam,1990,8773
4622,Kvam,1991,8690
4622,Kvam,1992,8596
4622,Kvam,1993,8579
4622,Kvam,1994,8614
4622,Kvam,1995,8597
4622,Kvam,1996,8608
4622,Kvam,1997,8555
4622,Kvam,1998,8556
4622,Kvam,1999,8565
4622,Kvam,2000,8592
4622,Kvam,2001,8599
4622,Kvam,2002,8516
4622,Kvam,2003,8467
4622,Kvam,2004,8389
4622,Kvam,2005,8334
4622,Kvam,2006,8306
4622,Kvam,2007,8230
4622,Kvam,2008,8210
4622,Kvam,2009,8338
4622,Kvam,2010,8360
4622,Kvam,2011,8442
4622,Kvam,2012,8522
4622,Kvam,2013,8584
4622,Kvam,2014,8584
4622,Kvam,2015,8539
4622,Kvam,2016,8475
4622,Kvam,2017,8423
4622,Kvam,2018,8455
4622,Kvam,2019,8441
4622,Kvam,2020,8457
4622,Kvam,2021,8461
4622,Kvam,2022,8497
4622,Kvam,2023,8531
4622,Kvam,2024,8496
4622,Kvam,2025,8517
4622,Kvam,2026,8490
4623,Samnanger,1986,2383
4623,Samnanger,1987,2404
4623,Samnanger,1988,2384
4623,Samnanger,1989,2383
4623,Samnanger,1990,2412
4623,Samnanger,1991,2382
4623,Samnanger,1992,2411
4623,Samnanger,1993,2406
4623,Samnanger,1994,2399
4623,Samnanger,1995,2386
4623,Samnanger,1996,2354
4623,Samnanger,1997,2371
4623,Samnanger,1998,2318
4623,Samnanger,1999,2322
4623,Samnanger,2000,2282
4623,Samnanger,2001,2303
4623,Samnanger,2002,2343
4623,Samnanger,2003,2340
4623,Samnanger,2004,2331
4623,Samnanger,2005,2322
4623,Samnanger,2006,2341
4623,Samnanger,2007,2353
4623,Samnanger,2008,2396
4623,Samnanger,2009,2379
4623,Samnanger,2010,2375
4623,Samnanger,2011,2394
4623,Samnanger,2012,2417
4623,Samnanger,2013,2434
4623,Samnanger,2014,2436
4623,Samnanger,2015,2443
4623,Samnanger,2016,2443
4623,Samnanger,2017,2488
4623,Samnanger,2018,2463
4623,Samnanger,2019,2465
4623,Samnanger,2020,2485
4623,Samnanger,2021,2504
4623,Samnanger,2022,2501
4623,Samnanger,2023,2495
4623,Samnanger,2024,2502
4623,Samnanger,2025,2491
4623,Samnanger,2026,2489
4624,Bjørnafjorden,1986,15583
4624,Bjørnafjorden,1987,15814
4624,Bjørnafjorden,1988,15956
4624,Bjørnafjorden,1989,16203
4624,Bjørnafjorden,1990,16335
4624,Bjørnafjorden,1991,16502
4624,Bjørnafjorden,1992,16635
4624,Bjørnafjorden,1993,16663
4624,Bjørnafjorden,1994,16689
4624,Bjørnafjorden,1995,16770
4624,Bjørnafjorden,1996,16913
4624,Bjørnafjorden,1997,16969
4624,Bjørnafjorden,1998,17181
4624,Bjørnafjorden,1999,17397
4624,Bjørnafjorden,2000,17580
4624,Bjørnafjorden,2001,17707
4624,Bjørnafjorden,2002,17826
4624,Bjørnafjorden,2003,18079
4624,Bjørnafjorden,2004,18339
4624,Bjørnafjorden,2005,18617
4624,Bjørnafjorden,2006,18991
4624,Bjørnafjorden,2007,19344
4624,Bjørnafjorden,2008,19814
4624,Bjørnafjorden,2009,20228
4624,Bjørnafjorden,2010,20507
4624,Bjørnafjorden,2011,21061
4624,Bjørnafjorden,2012,21537
4624,Bjørnafjorden,2013,21960
4624,Bjørnafjorden,2014,22507
4624,Bjørnafjorden,2015,22935
4624,Bjørnafjorden,2016,23618
4624,Bjørnafjorden,2017,24047
4624,Bjørnafjorden,2018,24493
4624,Bjørnafjorden,2019,24665
4624,Bjørnafjorden,2020,24908
4624,Bjørnafjorden,2021,25049
4624,Bjørnafjorden,2022,25213
4624,Bjørnafjorden,2023,25596
4624,Bjørnafjorden,2024,26080
4624,Bjørnafjorden,2025,26342
4624,Bjørnafjorden,2026,26753
4625,Austevoll,1986,4178
4625,Austevoll,1987,4173
4625,Austevoll,1988,4148
4625,Austevoll,1989,4157
4625,Austevoll,1990,4200
4625,Austevoll,1991,4148
4625,Austevoll,1992,4199
4625,Austevoll,1993,4195
4625,Austevoll,1994,4209
4625,Austevoll,1995,4257
4625,Austevoll,1996,4289
4625,Austevoll,1997,4274
4625,Austevoll,1998,4305
4625,Austevoll,1999,4378
4625,Austevoll,2000,4406
4625,Austevoll,2001,4446
4625,Austevoll,2002,4460
4625,Austevoll,2003,4439
4625,Austevoll,2004,4487
4625,Austevoll,2005,4451
4625,Austevoll,2006,4391
4625,Austevoll,2007,4389
4625,Austevoll,2008,4390
4625,Austevoll,2009,4417
4625,Austevoll,2010,4571
4625,Austevoll,2011,4680
4625,Austevoll,2012,4792
4625,Austevoll,2013,4838
4625,Austevoll,2014,4924
4625,Austevoll,2015,5012
4625,Austevoll,2016,5118
4625,Austevoll,2017,5156
4625,Austevoll,2018,5189
4625,Austevoll,2019,5212
4625,Austevoll,2020,5236
4625,Austevoll,2021,5276
4625,Austevoll,2022,5283
4625,Austevoll,2023,5297
4625,Austevoll,2024,5300
4625,Austevoll,2025,5437
4625,Austevoll,2026,5515
4626,Øygarden,1986,20087
4626,Øygarden,1987,20955
4626,Øygarden,1988,21721
4626,Øygarden,1989,22393
4626,Øygarden,1990,22869
4626,Øygarden,1991,23047
4626,Øygarden,1992,23332
4626,Øygarden,1993,23651
4626,Øygarden,1994,24313
4626,Øygarden,1995,24860
4626,Øygarden,1996,25384
4626,Øygarden,1997,25836
4626,Øygarden,1998,26140
4626,Øygarden,1999,26510
4626,Øygarden,2000,26961
4626,Øygarden,2001,27432
4626,Øygarden,2002,27963
4626,Øygarden,2003,28514
4626,Øygarden,2004,28979
4626,Øygarden,2005,29555
4626,Øygarden,2006,30053
4626,Øygarden,2007,30595
4626,Øygarden,2008,31170
4626,Øygarden,2009,31629
4626,Øygarden,2010,32169
4626,Øygarden,2011,32785
4626,Øygarden,2012,33548
4626,Øygarden,2013,34354
4626,Øygarden,2014,35191
4626,Øygarden,2015,35912
4626,Øygarden,2016,36697
4626,Øygarden,2017,37175
4626,Øygarden,2018,37687
4626,Øygarden,2019,38117
4626,Øygarden,2020,38316
4626,Øygarden,2021,38664
4626,Øygarden,2022,39032
4626,Øygarden,2023,39368
4626,Øygarden,2024,39768
4626,Øygarden,2025,40105
4626,Øygarden,2026,40641
4627,Askøy,1986,18163
4627,Askøy,1987,18399
4627,Askøy,1988,18504
4627,Askøy,1989,18682
4627,Askøy,1990,18631
4627,Askøy,1991,18580
4627,Askøy,1992,18510
4627,Askøy,1993,18490
4627,Askøy,1994,18529
4627,Askøy,1995,18638
4627,Askøy,1996,18860
4627,Askøy,1997,19064
4627,Askøy,1998,19215
4627,Askøy,1999,19465
4627,Askøy,2000,19727
4627,Askøy,2001,20096
4627,Askøy,2002,20575
4627,Askøy,2003,21018
4627,Askøy,2004,21522
4627,Askøy,2005,22020
4627,Askøy,2006,22496
4627,Askøy,2007,23018
4627,Askøy,2008,23705
4627,Askøy,2009,24432
4627,Askøy,2010,24993
4627,Askøy,2011,25602
4627,Askøy,2012,26210
4627,Askøy,2013,26831
4627,Askøy,2014,27346
4627,Askøy,2015,27858
4627,Askøy,2016,28380
4627,Askøy,2017,28821
4627,Askøy,2018,29071
4627,Askøy,2019,29275
4627,Askøy,2020,29553
4627,Askøy,2021,29594
4627,Askøy,2022,29816
4627,Askøy,2023,29989
4627,Askøy,2024,30145
4627,Askøy,2025,30377
4627,Askøy,2026,30600
4628,Vaksdal,1986,4650
4628,Vaksdal,1987,4626
4628,Vaksdal,1988,4577
4628,Vaksdal,1989,4566
4628,Vaksdal,1990,4519
4628,Vaksdal,1991,4480
4628,Vaksdal,1992,4439
4628,Vaksdal,1993,4380
4628,Vaksdal,1994,4406
4628,Vaksdal,1995,4378
4628,Vaksdal,1996,4306
4628,Vaksdal,1997,4286
4628,Vaksdal,1998,4262
4628,Vaksdal,1999,4208
4628,Vaksdal,2000,4192
4628,Vaksdal,2001,4203
4628,Vaksdal,2002,4187
4628,Vaksdal,2003,4151
4628,Vaksdal,2004,4173
4628,Vaksdal,2005,4154
4628,Vaksdal,2006,4118
4628,Vaksdal,2007,4094
4628,Vaksdal,2008,4106
4628,Vaksdal,2009,4110
4628,Vaksdal,2010,4107
4628,Vaksdal,2011,4153
4628,Vaksdal,2012,4138
4628,Vaksdal,2013,4132
4628,Vaksdal,2014,4140
4628,Vaksdal,2015,4096
4628,Vaksdal,2016,4125
4628,Vaksdal,2017,4123
4628,Vaksdal,2018,4127
4628,Vaksdal,2019,4045
4628,Vaksdal,2020,3977
4628,Vaksdal,2021,3918
4628,Vaksdal,2022,3867
4628,Vaksdal,2023,3875
4628,Vaksdal,2024,3852
4628,Vaksdal,2025,3875
4628,Vaksdal,2026,3899
4629,Modalen,1986,378
4629,Modalen,1987,382
4629,Modalen,1988,355
4629,Modalen,1989,348
4629,Modalen,1990,340
4629,Modalen,1991,328
4629,Modalen,1992,331
4629,Modalen,1993,344
4629,Modalen,1994,343
4629,Modalen,1995,336
4629,Modalen,1996,343
4629,Modalen,1997,345
4629,Modalen,1998,342
4629,Modalen,1999,346
4629,Modalen,2000,354
4629,Modalen,2001,355
4629,Modalen,2002,345
4629,Modalen,2003,346
4629,Modalen,2004,366
4629,Modalen,2005,361
4629,Modalen,2006,354
4629,Modalen,2007,356
4629,Modalen,2008,360
4629,Modalen,2009,351
4629,Modalen,2010,344
4629,Modalen,2011,370
4629,Modalen,2012,370
4629,Modalen,2013,383
4629,Modalen,2014,372
4629,Modalen,2015,378
4629,Modalen,2016,381
4629,Modalen,2017,383
4629,Modalen,2018,380
4629,Modalen,2019,380
4629,Modalen,2020,388
4629,Modalen,2021,376
4629,Modalen,2022,378
4629,Modalen,2023,380
4629,Modalen,2024,384
4629,Modalen,2025,392
4629,Modalen,2026,397
4630,Osterøy,1986,6897
4630,Osterøy,1987,6908
4630,Osterøy,1988,6950
4630,Osterøy,1989,6969
4630,Osterøy,1990,7016
4630,Osterøy,1991,7031
4630,Osterøy,1992,7040
4630,Osterøy,1993,6973
4630,Osterøy,1994,6976
4630,Osterøy,1995,6985
4630,Osterøy,1996,7018
4630,Osterøy,1997,7009
4630,Osterøy,1998,7021
4630,Osterøy,1999,7048
4630,Osterøy,2000,7006
4630,Osterøy,2001,7063
4630,Osterøy,2002,7104
4630,Osterøy,2003,7140
4630,Osterøy,2004,7174
4630,Osterøy,2005,7207
4630,Osterøy,2006,7224
4630,Osterøy,2007,7186
4630,Osterøy,2008,7305
4630,Osterøy,2009,7352
4630,Osterøy,2010,7421
4630,Osterøy,2011,7465
4630,Osterøy,2012,7521
4630,Osterøy,2013,7674
4630,Osterøy,2014,7786
4630,Osterøy,2015,7842
4630,Osterøy,2016,7957
4630,Osterøy,2017,8026
4630,Osterøy,2018,8125
4630,Osterøy,2019,8120
4630,Osterøy,2020,8098
4630,Osterøy,2021,8080
4630,Osterøy,2022,8131
4630,Osterøy,2023,8152
4630,Osterøy,2024,8200
4630,Osterøy,2025,8172
4630,Osterøy,2026,8231
4631,Alver,1986,19729
4631,Alver,1987,20194
4631,Alver,1988,20697
4631,Alver,1989,21000
4631,Alver,1990,20955
4631,Alver,1991,21069
4631,Alver,1992,21093
4631,Alver,1993,21196
4631,Alver,1994,21422
4631,Alver,1995,21586
4631,Alver,1996,21889
4631,Alver,1997,22001
4631,Alver,1998,22149
4631,Alver,1999,22331
4631,Alver,2000,22430
4631,Alver,2001,22628
4631,Alver,2002,22807
4631,Alver,2003,23074
4631,Alver,2004,23324
4631,Alver,2005,23560
4631,Alver,2006,23851
4631,Alver,2007,24268
4631,Alver,2008,24805
4631,Alver,2009,25339
4631,Alver,2010,25742
4631,Alver,2011,26236
4631,Alver,2012,26656
4631,Alver,2013,27170
4631,Alver,2014,27652
4631,Alver,2015,28152
4631,Alver,2016,28496
4631,Alver,2017,28880
4631,Alver,2018,28997
4631,Alver,2019,29090
4631,Alver,2020,29224
4631,Alver,2021,29337
4631,Alver,2022,29593
4631,Alver,2023,29920
4631,Alver,2024,29986
4631,Alver,2025,30169
4631,Alver,2026,30285
4632,Austrheim,1986,2585
4632,Austrheim,1987,2622
4632,Austrheim,1988,2722
4632,Austrheim,1989,2732
4632,Austrheim,1990,2684
4632,Austrheim,1991,2671
4632,Austrheim,1992,2658
4632,Austrheim,1993,2573
4632,Austrheim,1994,2576
4632,Austrheim,1995,2567
4632,Austrheim,1996,2588
4632,Austrheim,1997,2602
4632,Austrheim,1998,2542
4632,Austrheim,1999,2547
4632,Austrheim,2000,2527
4632,Austrheim,2001,2522
4632,Austrheim,2002,2515
4632,Austrheim,2003,2519
4632,Austrheim,2004,2533
4632,Austrheim,2005,2527
4632,Austrheim,2006,2485
4632,Austrheim,2007,2520
4632,Austrheim,2008,2569
4632,Austrheim,2009,2576
4632,Austrheim,2010,2738
4632,Austrheim,2011,2789
4632,Austrheim,2012,2776
4632,Austrheim,2013,2833
4632,Austrheim,2014,2833
4632,Austrheim,2015,2856
4632,Austrheim,2016,2858
4632,Austrheim,2017,2884
4632,Austrheim,2018,2902
4632,Austrheim,2019,2887
4632,Austrheim,2020,2870
4632,Austrheim,2021,2860
4632,Austrheim,2022,2889
4632,Austrheim,2023,2856
4632,Austrheim,2024,2881
4632,Austrheim,2025,2915
4632,Austrheim,2026,2947
4633,Fedje,1986,795
4633,Fedje,1987,775
4633,Fedje,1988,761
4633,Fedje,1989,746
4633,Fedje,1990,730
4633,Fedje,1991,721
4633,Fedje,1992,705
4633,Fedje,1993,709
4633,Fedje,1994,711
4633,Fedje,1995,698
4633,Fedje,1996,689
4633,Fedje,1997,670
4633,Fedje,1998,672
4633,Fedje,1999,665
4633,Fedje,2000,682
4633,Fedje,2001,688
4633,Fedje,2002,685
4633,Fedje,2003,672
4633,Fedje,2004,659
4633,Fedje,2005,661
4633,Fedje,2006,638
4633,Fedje,2007,620
4633,Fedje,2008,596
4633,Fedje,2009,596
4633,Fedje,2010,594
4633,Fedje,2011,587
4633,Fedje,2012,576
4633,Fedje,2013,569
4633,Fedje,2014,561
4633,Fedje,2015,563
4633,Fedje,2016,576
4633,Fedje,2017,587
4633,Fedje,2018,561
4633,Fedje,2019,562
4633,Fedje,2020,548
4633,Fedje,2021,525
4633,Fedje,2022,502
4633,Fedje,2023,513
4633,Fedje,2024,519
4633,Fedje,2025,521
4633,Fedje,2026,529
4634,Masfjorden,1986,1926
4634,Masfjorden,1987,1927
4634,Masfjorden,1988,1917
4634,Masfjorden,1989,1900
4634,Masfjorden,1990,1891
4634,Masfjorden,1991,1873
4634,Masfjorden,1992,1858
4634,Masfjorden,1993,1863
4634,Masfjorden,1994,1841
4634,Masfjorden,1995,1845
4634,Masfjorden,1996,1828
4634,Masfjorden,1997,1821
4634,Masfjorden,1998,1785
4634,Masfjorden,1999,1781
4634,Masfjorden,2000,1774
4634,Masfjorden,2001,1761
4634,Masfjorden,2002,1763
4634,Masfjorden,2003,1738
4634,Masfjorden,2004,1712
4634,Masfjorden,2005,1693
4634,Masfjorden,2006,1693
4634,Masfjorden,2007,1631
4634,Masfjorden,2008,1646
4634,Masfjorden,2009,1652
4634,Masfjorden,2010,1635
4634,Masfjorden,2011,1672
4634,Masfjorden,2012,1683
4634,Masfjorden,2013,1696
4634,Masfjorden,2014,1693
4634,Masfjorden,2015,1704
4634,Masfjorden,2016,1701
4634,Masfjorden,2017,1710
4634,Masfjorden,2018,1730
4634,Masfjorden,2019,1711
4634,Masfjorden,2020,1691
4634,Masfjorden,2021,1660
4634,Masfjorden,2022,1629
4634,Masfjorden,2023,1654
4634,Masfjorden,2024,1694
4634,Masfjorden,2025,1687
4634,Masfjorden,2026,1672
4635,Gulen,1986,2664
4635,Gulen,1987,2650
4635,Gulen,1988,2635
4635,Gulen,1989,2609
4635,Gulen,1990,2606
4635,Gulen,1991,2585
4635,Gulen,1992,2531
4635,Gulen,1993,2527
4635,Gulen,1994,2502
4635,Gulen,1995,2489
4635,Gulen,1996,2503
4635,Gulen,1997,2475
4635,Gulen,1998,2501
4635,Gulen,1999,2503
4635,Gulen,2000,2489
4635,Gulen,2001,2473
4635,Gulen,2002,2473
4635,Gulen,2003,2450
4635,Gulen,2004,2462
4635,Gulen,2005,2459
4635,Gulen,2006,2417
4635,Gulen,2007,2406
4635,Gulen,2008,2356
4635,Gulen,2009,2283
4635,Gulen,2010,2302
4635,Gulen,2011,2299
4635,Gulen,2012,2310
4635,Gulen,2013,2305
4635,Gulen,2014,2315
4635,Gulen,2015,2335
4635,Gulen,2016,2370
4635,Gulen,2017,2371
4635,Gulen,2018,2345
4635,Gulen,2019,2322
4635,Gulen,2020,2297
4635,Gulen,2021,2272
4635,Gulen,2022,2230
4635,Gulen,2023,2228
4635,Gulen,2024,2234
4635,Gulen,2025,2260
4635,Gulen,2026,2301
4636,Solund,1986,1170
4636,Solund,1987,1154
4636,Solund,1988,1144
4636,Solund,1989,1158
4636,Solund,1990,1144
4636,Solund,1991,1133
4636,Solund,1992,1135
4636,Solund,1993,1124
4636,Solund,1994,1117
4636,Solund,1995,1103
4636,Solund,1996,1060
4636,Solund,1997,1039
4636,Solund,1998,1024
4636,Solund,1999,985
4636,Solund,2000,959
4636,Solund,2001,937
4636,Solund,2002,921
4636,Solund,2003,904
4636,Solund,2004,899
4636,Solund,2005,875
4636,Solund,2006,877
4636,Solund,2007,871
4636,Solund,2008,874
4636,Solund,2009,876
4636,Solund,2010,867
4636,Solund,2011,862
4636,Solund,2012,851
4636,Solund,2013,842
4636,Solund,2014,815
4636,Solund,2015,800
4636,Solund,2016,785
4636,Solund,2017,794
4636,Solund,2018,807
4636,Solund,2019,820
4636,Solund,2020,802
4636,Solund,2021,786
4636,Solund,2022,768
4636,Solund,2023,756
4636,Solund,2024,750
4636,Solund,2025,740
4636,Solund,2026,742
4637,Hyllestad,1986,1786
4637,Hyllestad,1987,1771
4637,Hyllestad,1988,1768
4637,Hyllestad,1989,1738
4637,Hyllestad,1990,1751
4637,Hyllestad,1991,1722
4637,Hyllestad,1992,1707
4637,Hyllestad,1993,1717
4637,Hyllestad,1994,1696
4637,Hyllestad,1995,1707
4637,Hyllestad,1996,1677
4637,Hyllestad,1997,1663
4637,Hyllestad,1998,1631
4637,Hyllestad,1999,1586
4637,Hyllestad,2000,1554
4637,Hyllestad,2001,1558
4637,Hyllestad,2002,1528
4637,Hyllestad,2003,1537
4637,Hyllestad,2004,1557
4637,Hyllestad,2005,1526
4637,Hyllestad,2006,1502
4637,Hyllestad,2007,1492
4637,Hyllestad,2008,1505
4637,Hyllestad,2009,1474
4637,Hyllestad,2010,1502
4637,Hyllestad,2011,1483
4637,Hyllestad,2012,1461
4637,Hyllestad,2013,1428
4637,Hyllestad,2014,1391
4637,Hyllestad,2015,1405
4637,Hyllestad,2016,1395
4637,Hyllestad,2017,1438
4637,Hyllestad,2018,1378
4637,Hyllestad,2019,1366
4637,Hyllestad,2020,1328
4637,Hyllestad,2021,1294
4637,Hyllestad,2022,1290
4637,Hyllestad,2023,1268
4637,Hyllestad,2024,1268
4637,Hyllestad,2025,1281
4637,Hyllestad,2026,1275
4638,Høyanger,1986,4909
4638,Høyanger,1987,4866
4638,Høyanger,1988,4816
4638,Høyanger,1989,4823
4638,Høyanger,1990,4864
4638,Høyanger,1991,4835
4638,Høyanger,1992,4854
4638,Høyanger,1993,4845
4638,Høyanger,1994,4810
4638,Høyanger,1995,4818
4638,Høyanger,1996,4822
4638,Høyanger,1997,4799
4638,Høyanger,1998,4778
4638,Høyanger,1999,4693
4638,Høyanger,2000,4677
4638,Høyanger,2001,4653
4638,Høyanger,2002,4632
4638,Høyanger,2003,4579
4638,Høyanger,2004,4550
4638,Høyanger,2005,4502
4638,Høyanger,2006,4448
4638,Høyanger,2007,4420
4638,Høyanger,2008,4374
4638,Høyanger,2009,4327
4638,Høyanger,2010,4256
4638,Høyanger,2011,4280
4638,Høyanger,2012,4216
4638,Høyanger,2013,4222
4638,Høyanger,2014,4183
4638,Høyanger,2015,4169
4638,Høyanger,2016,4161
4638,Høyanger,2017,4190
4638,Høyanger,2018,4154
4638,Høyanger,2019,4091
4638,Høyanger,2020,4101
4638,Høyanger,2021,4049
4638,Høyanger,2022,3965
4638,Høyanger,2023,3949
4638,Høyanger,2024,3879
4638,Høyanger,2025,3894
4638,Høyanger,2026,3883
4639,Vik,1986,2528
4639,Vik,1987,2541
4639,Vik,1988,2515
4639,Vik,1989,2512
4639,Vik,1990,2507
4639,Vik,1991,2521
4639,Vik,1992,3084
4639,Vik,1993,3094
4639,Vik,1994,3102
4639,Vik,1995,3073
4639,Vik,1996,3072
4639,Vik,1997,3073
4639,Vik,1998,3023
4639,Vik,1999,2983
4639,Vik,2000,2965
4639,Vik,2001,2943
4639,Vik,2002,2915
4639,Vik,2003,2901
4639,Vik,2004,2899
4639,Vik,2005,2881
4639,Vik,2006,2847
4639,Vik,2007,2835
4639,Vik,2008,2809
4639,Vik,2009,2780
4639,Vik,2010,2768
4639,Vik,2011,2758
4639,Vik,2012,2748
4639,Vik,2013,2731
4639,Vik,2014,2688
4639,Vik,2015,2678
4639,Vik,2016,2689
4639,Vik,2017,2722
4639,Vik,2018,2674
4639,Vik,2019,2672
4639,Vik,2020,2635
4639,Vik,2021,2611
4639,Vik,2022,2560
4639,Vik,2023,2561
4639,Vik,2024,2551
4639,Vik,2025,2550
4639,Vik,2026,2532
4640,Sogndal,1986,10462
4640,Sogndal,1987,10441
4640,Sogndal,1988,10527
4640,Sogndal,1989,10536
4640,Sogndal,1990,10689
4640,Sogndal,1991,10673
4640,Sogndal,1992,10054
4640,Sogndal,1993,10177
4640,Sogndal,1994,10265
4640,Sogndal,1995,10320
4640,Sogndal,1996,10350
4640,Sogndal,1997,10379
4640,Sogndal,1998,10345
4640,Sogndal,1999,10291
4640,Sogndal,2000,10362
4640,Sogndal,2001,10365
4640,Sogndal,2002,10309
4640,Sogndal,2003,10378
4640,Sogndal,2004,10354
4640,Sogndal,2005,10434
4640,Sogndal,2006,10441
4640,Sogndal,2007,10420
4640,Sogndal,2008,10443
4640,Sogndal,2009,10472
4640,Sogndal,2010,10561
4640,Sogndal,2011,10728
4640,Sogndal,2012,10922
4640,Sogndal,2013,11069
4640,Sogndal,2014,11197
4640,Sogndal,2015,11257
4640,Sogndal,2016,11431
4640,Sogndal,2017,11561
4640,Sogndal,2018,11666
4640,Sogndal,2019,11801
4640,Sogndal,2020,11847
4640,Sogndal,2021,11938
4640,Sogndal,2022,12097
4640,Sogndal,2023,12198
4640,Sogndal,2024,12319
4640,Sogndal,2025,12496
4640,Sogndal,2026,12552
4641,Aurland,1986,1933
4641,Aurland,1987,1896
4641,Aurland,1988,1880
4641,Aurland,1989,1873
4641,Aurland,1990,1834
4641,Aurland,1991,1862
4641,Aurland,1992,1876
4641,Aurland,1993,1892
4641,Aurland,1994,1901
4641,Aurland,1995,1896
4641,Aurland,1996,1901
4641,Aurland,1997,1885
4641,Aurland,1998,1822
4641,Aurland,1999,1819
4641,Aurland,2000,1833
4641,Aurland,2001,1827
4641,Aurland,2002,1807
4641,Aurland,2003,1781
4641,Aurland,2004,1803
4641,Aurland,2005,1783
4641,Aurland,2006,1733
4641,Aurland,2007,1715
4641,Aurland,2008,1695
4641,Aurland,2009,1687
4641,Aurland,2010,1682
4641,Aurland,2011,1689
4641,Aurland,2012,1712
4641,Aurland,2013,1714
4641,Aurland,2014,1715
4641,Aurland,2015,1738
4641,Aurland,2016,1764
4641,Aurland,2017,1787
4641,Aurland,2018,1778
4641,Aurland,2019,1764
4641,Aurland,2020,1781
4641,Aurland,2021,1777
4641,Aurland,2022,1766
4641,Aurland,2023,1775
4641,Aurland,2024,1800
4641,Aurland,2025,1836
4641,Aurland,2026,1866
4642,Lærdal,1986,2263
4642,Lærdal,1987,2249
4642,Lærdal,1988,2208
4642,Lærdal,1989,2268
4642,Lærdal,1990,2172
4642,Lærdal,1991,2205
4642,Lærdal,1992,2222
4642,Lærdal,1993,2232
4642,Lærdal,1994,2251
4642,Lærdal,1995,2251
4642,Lærdal,1996,2261
4642,Lærdal,1997,2250
4642,Lærdal,1998,2224
4642,Lærdal,1999,2218
4642,Lærdal,2000,2202
4642,Lærdal,2001,2201
4642,Lærdal,2002,2178
4642,Lærdal,2003,2180
4642,Lærdal,2004,2169
4642,Lærdal,2005,2158
4642,Lærdal,2006,2155
4642,Lærdal,2007,2153
4642,Lærdal,2008,2169
4642,Lærdal,2009,2199
4642,Lærdal,2010,2199
4642,Lærdal,2011,2224
4642,Lærdal,2012,2205
4642,Lærdal,2013,2176
4642,Lærdal,2014,2174
4642,Lærdal,2015,2146
4642,Lærdal,2016,2172
4642,Lærdal,2017,2159
4642,Lærdal,2018,2153
4642,Lærdal,2019,2151
4642,Lærdal,2020,2126
4642,Lærdal,2021,2129
4642,Lærdal,2022,2117
4642,Lærdal,2023,2129
4642,Lærdal,2024,2160
4642,Lærdal,2025,2188
4642,Lærdal,2026,2223
4643,Årdal,1986,6305
4643,Årdal,1987,6246
4643,Årdal,1988,6311
4643,Årdal,1989,6280
4643,Årdal,1990,6257
4643,Årdal,1991,6222
4643,Årdal,1992,6153
4643,Årdal,1993,6070
4643,Årdal,1994,5994
4643,Årdal,1995,5936
4643,Årdal,1996,5870
4643,Årdal,1997,5884
4643,Årdal,1998,5815
4643,Årdal,1999,5802
4643,Årdal,2000,5797
4643,Årdal,2001,5760
4643,Årdal,2002,5709
4643,Årdal,2003,5661
4643,Årdal,2004,5631
4643,Årdal,2005,5631
4643,Årdal,2006,5549
4643,Årdal,2007,5491
4643,Årdal,2008,5562
4643,Årdal,2009,5600
4643,Årdal,2010,5634
4643,Årdal,2011,5601
4643,Årdal,2012,5572
4643,Årdal,2013,5521
4643,Årdal,2014,5496
4643,Årdal,2015,5429
4643,Årdal,2016,5359
4643,Årdal,2017,5363
4643,Årdal,2018,5277
4643,Årdal,2019,5245
4643,Årdal,2020,5193
4643,Årdal,2021,5170
4643,Årdal,2022,5204
4643,Årdal,2023,5172
4643,Årdal,2024,5239
4643,Årdal,2025,5213
4643,Årdal,2026,5178
4644,Luster,1986,5130
4644,Luster,1987,5167
4644,Luster,1988,5159
4644,Luster,1989,5185
4644,Luster,1990,5172
4644,Luster,1991,5118
4644,Luster,1992,5090
4644,Luster,1993,5166
4644,Luster,1994,5363
4644,Luster,1995,5087
4644,Luster,1996,5104
4644,Luster,1997,5115
4644,Luster,1998,5095
4644,Luster,1999,5035
4644,Luster,2000,5003
4644,Luster,2001,4954
4644,Luster,2002,4968
4644,Luster,2003,4926
4644,Luster,2004,4926
4644,Luster,2005,4927
4644,Luster,2006,4889
4644,Luster,2007,4884
4644,Luster,2008,4870
4644,Luster,2009,4879
4644,Luster,2010,4945
4644,Luster,2011,5023
4644,Luster,2012,5026
4644,Luster,2013,5041
4644,Luster,2014,5089
4644,Luster,2015,5118
4644,Luster,2016,5093
4644,Luster,2017,5151
4644,Luster,2018,5223
4644,Luster,2019,5195
4644,Luster,2020,5174
4644,Luster,2021,5189
4644,Luster,2022,5246
4644,Luster,2023,5302
4644,Luster,2024,5371
4644,Luster,2025,5432
4644,Luster,2026,5478
4645,Askvoll,1986,3412
4645,Askvoll,1987,3403
4645,Askvoll,1988,3363
4645,Askvoll,1989,3341
4645,Askvoll,1990,3289
4645,Askvoll,1991,3533
4645,Askvoll,1992,3551
4645,Askvoll,1993,3485
4645,Askvoll,1994,3481
4645,Askvoll,1995,3471
4645,Askvoll,1996,3465
4645,Askvoll,1997,3442
4645,Askvoll,1998,3424
4645,Askvoll,1999,3393
4645,Askvoll,2000,3349
4645,Askvoll,2001,3379
4645,Askvoll,2002,3344
4645,Askvoll,2003,3314
4645,Askvoll,2004,3260
4645,Askvoll,2005,3229
4645,Askvoll,2006,3182
4645,Askvoll,2007,3143
4645,Askvoll,2008,3065
4645,Askvoll,2009,3031
4645,Askvoll,2010,2999
4645,Askvoll,2011,3000
4645,Askvoll,2012,3010
4645,Askvoll,2013,3018
4645,Askvoll,2014,3011
4645,Askvoll,2015,3008
4645,Askvoll,2016,3023
4645,Askvoll,2017,3065
4645,Askvoll,2018,3052
4645,Askvoll,2019,3038
4645,Askvoll,2020,3011
4645,Askvoll,2021,2991
4645,Askvoll,2022,2951
4645,Askvoll,2023,2949
4645,Askvoll,2024,2986
4645,Askvoll,2025,2930
4645,Askvoll,2026,2924
4646,Fjaler,1986,3390
4646,Fjaler,1987,3352
4646,Fjaler,1988,3368
4646,Fjaler,1989,3321
4646,Fjaler,1990,3267
4646,Fjaler,1991,2895
4646,Fjaler,1992,2887
4646,Fjaler,1993,2883
4646,Fjaler,1994,2906
4646,Fjaler,1995,2915
4646,Fjaler,1996,3006
4646,Fjaler,1997,3047
4646,Fjaler,1998,3032
4646,Fjaler,1999,2993
4646,Fjaler,2000,2964
4646,Fjaler,2001,2936
4646,Fjaler,2002,2935
4646,Fjaler,2003,2927
4646,Fjaler,2004,2910
4646,Fjaler,2005,2916
4646,Fjaler,2006,2881
4646,Fjaler,2007,2870
4646,Fjaler,2008,2849
4646,Fjaler,2009,2838
4646,Fjaler,2010,2846
4646,Fjaler,2011,2909
4646,Fjaler,2012,2832
4646,Fjaler,2013,2871
4646,Fjaler,2014,2853
4646,Fjaler,2015,2823
4646,Fjaler,2016,2830
4646,Fjaler,2017,2862
4646,Fjaler,2018,2846
4646,Fjaler,2019,2770
4646,Fjaler,2020,2802
4646,Fjaler,2021,2885
4646,Fjaler,2022,2901
4646,Fjaler,2023,2913
4646,Fjaler,2024,2869
4646,Fjaler,2025,2924
4646,Fjaler,2026,2948
4647,Sunnfjord,1986,16588
4647,Sunnfjord,1987,16600
4647,Sunnfjord,1988,16730
4647,Sunnfjord,1989,16886
4647,Sunnfjord,1990,17099
4647,Sunnfjord,1991,17363
4647,Sunnfjord,1992,17640
4647,Sunnfjord,1993,17868
4647,Sunnfjord,1994,17978
4647,Sunnfjord,1995,18114
4647,Sunnfjord,1996,18291
4647,Sunnfjord,1997,18481
4647,Sunnfjord,1998,18668
4647,Sunnfjord,1999,18909
4647,Sunnfjord,2000,19052
4647,Sunnfjord,2001,19200
4647,Sunnfjord,2002,19318
4647,Sunnfjord,2003,19408
4647,Sunnfjord,2004,19490
4647,Sunnfjord,2005,19500
4647,Sunnfjord,2006,19715
4647,Sunnfjord,2007,19770
4647,Sunnfjord,2008,19995
4647,Sunnfjord,2009,20200
4647,Sunnfjord,2010,20469
4647,Sunnfjord,2011,20713
4647,Sunnfjord,2012,20917
4647,Sunnfjord,2013,21273
4647,Sunnfjord,2014,21459
4647,Sunnfjord,2015,21564
4647,Sunnfjord,2016,21702
4647,Sunnfjord,2017,21872
4647,Sunnfjord,2018,21963
4647,Sunnfjord,2019,21959
4647,Sunnfjord,2020,22030
4647,Sunnfjord,2021,22020
4647,Sunnfjord,2022,22116
4647,Sunnfjord,2023,22215
4647,Sunnfjord,2024,22450
4647,Sunnfjord,2025,22662
4647,Sunnfjord,2026,22804
4648,Bremanger,1986,4802
4648,Bremanger,1987,4744
4648,Bremanger,1988,4674
4648,Bremanger,1989,4605
4648,Bremanger,1990,4568
4648,Bremanger,1991,4541
4648,Bremanger,1992,4440
4648,Bremanger,1993,4402
4648,Bremanger,1994,4372
4648,Bremanger,1995,4326
4648,Bremanger,1996,4264
4648,Bremanger,1997,4246
4648,Bremanger,1998,4192
4648,Bremanger,1999,4173
4648,Bremanger,2000,4170
4648,Bremanger,2001,4139
4648,Bremanger,2002,4093
4648,Bremanger,2003,4077
4648,Bremanger,2004,4065
4648,Bremanger,2005,4031
4648,Bremanger,2006,3968
4648,Bremanger,2007,3930
4648,Bremanger,2008,3894
4648,Bremanger,2009,3899
4648,Bremanger,2010,3908
4648,Bremanger,2011,3910
4648,Bremanger,2012,3891
4648,Bremanger,2013,3945
4648,Bremanger,2014,3950
4648,Bremanger,2015,3890
4648,Bremanger,2016,3846
4648,Bremanger,2017,3847
4648,Bremanger,2018,3767
4648,Bremanger,2019,3705
4648,Bremanger,2020,3629
4648,Bremanger,2021,3597
4648,Bremanger,2022,3521
4648,Bremanger,2023,3482
4648,Bremanger,2024,3392
4648,Bremanger,2025,3361
4648,Bremanger,2026,3381
4649,Stad,1986,8699
4649,Stad,1987,8728
4649,Stad,1988,8726
4649,Stad,1989,8756
4649,Stad,1990,8822
4649,Stad,1991,8747
4649,Stad,1992,8958
4649,Stad,1993,9009
4649,Stad,1994,8991
4649,Stad,1995,8980
4649,Stad,1996,8996
4649,Stad,1997,8995
4649,Stad,1998,8973
4649,Stad,1999,8914
4649,Stad,2000,8846
4649,Stad,2001,8864
4649,Stad,2002,8795
4649,Stad,2003,8808
4649,Stad,2004,8829
4649,Stad,2005,8765
4649,Stad,2006,8759
4649,Stad,2007,8759
4649,Stad,2008,8726
4649,Stad,2009,8735
4649,Stad,2010,8670
4649,Stad,2011,8715
4649,Stad,2012,8781
4649,Stad,2013,8709
4649,Stad,2014,8708
4649,Stad,2015,8739
4649,Stad,2016,8789
4649,Stad,2017,8855
4649,Stad,2018,8914
4649,Stad,2019,8898
4649,Stad,2020,9457
4649,Stad,2021,9517
4649,Stad,2022,9527
4649,Stad,2023,9543
4649,Stad,2024,9610
4649,Stad,2025,9655
4649,Stad,2026,9616
4650,Gloppen,1986,6298
4650,Gloppen,1987,6273
4650,Gloppen,1988,6368
4650,Gloppen,1989,6332
4650,Gloppen,1990,6299
4650,Gloppen,1991,6233
4650,Gloppen,1992,6021
4650,Gloppen,1993,6002
4650,Gloppen,1994,5967
4650,Gloppen,1995,5938
4650,Gloppen,1996,5906
4650,Gloppen,1997,5893
4650,Gloppen,1998,5826
4650,Gloppen,1999,5774
4650,Gloppen,2000,5769
4650,Gloppen,2001,5694
4650,Gloppen,2002,5716
4650,Gloppen,2003,5739
4650,Gloppen,2004,5741
4650,Gloppen,2005,5793
4650,Gloppen,2006,5769
4650,Gloppen,2007,5723
4650,Gloppen,2008,5687
4650,Gloppen,2009,5673
4650,Gloppen,2010,5696
4650,Gloppen,2011,5705
4650,Gloppen,2012,5679
4650,Gloppen,2013,5676
4650,Gloppen,2014,5694
4650,Gloppen,2015,5751
4650,Gloppen,2016,5784
4650,Gloppen,2017,5783
4650,Gloppen,2018,5874
4650,Gloppen,2019,5836
4650,Gloppen,2020,5854
4650,Gloppen,2021,5885
4650,Gloppen,2022,5875
4650,Gloppen,2023,5892
4650,Gloppen,2024,5926
4650,Gloppen,2025,5936
4650,Gloppen,2026,5976
4651,Stryn,1986,6629
4651,Stryn,1987,6612
4651,Stryn,1988,6621
4651,Stryn,1989,6748
4651,Stryn,1990,6754
4651,Stryn,1991,6759
4651,Stryn,1992,6687
4651,Stryn,1993,6656
4651,Stryn,1994,6663
4651,Stryn,1995,6666
4651,Stryn,1996,6627
4651,Stryn,1997,6682
4651,Stryn,1998,6685
4651,Stryn,1999,6710
4651,Stryn,2000,6666
4651,Stryn,2001,6774
4651,Stryn,2002,6734
4651,Stryn,2003,6768
4651,Stryn,2004,6855
4651,Stryn,2005,6843
4651,Stryn,2006,6779
4651,Stryn,2007,6706
4651,Stryn,2008,6769
4651,Stryn,2009,6844
4651,Stryn,2010,6967
4651,Stryn,2011,7018
4651,Stryn,2012,7065
4651,Stryn,2013,7105
4651,Stryn,2014,7134
4651,Stryn,2015,7155
4651,Stryn,2016,7168
4651,Stryn,2017,7218
4651,Stryn,2018,7195
4651,Stryn,2019,7167
4651,Stryn,2020,7130
4651,Stryn,2021,7118
4651,Stryn,2022,7207
4651,Stryn,2023,7244
4651,Stryn,2024,7271
4651,Stryn,2025,7311
4651,Stryn,2026,7319
5001,Trondheim - Tråante,1986,138260
5001,Trondheim - Tråante,1987,138577
5001,Trondheim - Tråante,1988,139609
5001,Trondheim - Tråante,1989,140841
5001,Trondheim - Tråante,1990,141652
5001,Trondheim - Tråante,1991,142383
5001,Trondheim - Tråante,1992,143998
5001,Trondheim - Tråante,1993,145036
5001,Trondheim - Tråante,1994,146594
5001,Trondheim - Tråante,1995,147433
5001,Trondheim - Tråante,1996,148491
5001,Trondheim - Tråante,1997,149391
5001,Trondheim - Tråante,1998,150578
5001,Trondheim - Tråante,1999,152032
5001,Trondheim - Tråante,2000,153734
5001,Trondheim - Tråante,2001,155162
5001,Trondheim - Tråante,2002,156455
5001,Trondheim - Tråante,2003,157887
5001,Trondheim - Tråante,2004,159612
5001,Trondheim - Tråante,2005,161440
5001,Trondheim - Tråante,2006,163966
5001,Trondheim - Tråante,2007,167204
5001,Trondheim - Tråante,2008,170749
5001,Trondheim - Tråante,2009,173891
5001,Trondheim - Tråante,2010,176737
5001,Trondheim - Tråante,2011,179380
5001,Trondheim - Tråante,2012,182278
5001,Trondheim - Tråante,2013,185631
5001,Trondheim - Tråante,2014,188005
5001,Trondheim - Tråante,2015,190955
5001,Trondheim - Tråante,2016,193420
5001,Trondheim - Tråante,2017,196514
5001,Trondheim - Tråante,2018,199595
5001,Trondheim - Tråante,2019,202235
5001,Trondheim - Tråante,2020,205163
5001,Trondheim - Tråante,2021,207595
5001,Trondheim - Tråante,2022,210496
5001,Trondheim - Tråante,2023,212660
5001,Trondheim - Tråante,2024,214565
5001,Trondheim - Tråante,2025,216518
5001,Trondheim - Tråante,2026,218460
5006,Steinkjer - Stïentje,1986,23826
5006,Steinkjer - Stïentje,1987,23659
5006,Steinkjer - Stïentje,1988,23625
5006,Steinkjer - Stïentje,1989,23648
5006,Steinkjer - Stïentje,1990,23716
5006,Steinkjer - Stïentje,1991,23823
5006,Steinkjer - Stïentje,1992,23813
5006,Steinkjer - Stïentje,1993,23726
5006,Steinkjer - Stïentje,1994,23708
5006,Steinkjer - Stïentje,1995,23621
5006,Steinkjer - Stïentje,1996,23467
5006,Steinkjer - Stïentje,1997,23461
5006,Steinkjer - Stïentje,1998,23207
5006,Steinkjer - Stïentje,1999,23136
5006,Steinkjer - Stïentje,2000,23192
5006,Steinkjer - Stïentje,2001,23262
5006,Steinkjer - Stïentje,2002,23146
5006,Steinkjer - Stïentje,2003,23096
5006,Steinkjer - Stïentje,2004,23135
5006,Steinkjer - Stïentje,2005,23197
5006,Steinkjer - Stïentje,2006,23121
5006,Steinkjer - Stïentje,2007,23247
5006,Steinkjer - Stïentje,2008,23620
5006,Steinkjer - Stïentje,2009,23792
5006,Steinkjer - Stïentje,2010,23994
5006,Steinkjer - Stïentje,2011,23760
5006,Steinkjer - Stïentje,2012,24008
5006,Steinkjer - Stïentje,2013,24226
5006,Steinkjer - Stïentje,2014,24117
5006,Steinkjer - Stïentje,2015,24197
5006,Steinkjer - Stïentje,2016,24308
5006,Steinkjer - Stïentje,2017,24487
5006,Steinkjer - Stïentje,2018,24569
5006,Steinkjer - Stïentje,2019,24539
5006,Steinkjer - Stïentje,2020,24357
5006,Steinkjer - Stïentje,2021,24152
5006,Steinkjer - Stïentje,2022,24004
5006,Steinkjer - Stïentje,2023,23955
5006,Steinkjer - Stïentje,2024,24032
5006,Steinkjer - Stïentje,2025,24064
5006,Steinkjer - Stïentje,2026,24007
5007,Namsos - Nåavmesjenjaelmie,1986,14763
5007,Namsos - Nåavmesjenjaelmie,1987,14710
5007,Namsos - Nåavmesjenjaelmie,1988,14693
5007,Namsos - Nåavmesjenjaelmie,1989,14677
5007,Namsos - Nåavmesjenjaelmie,1990,14709
5007,Namsos - Nåavmesjenjaelmie,1991,14800
5007,Namsos - Nåavmesjenjaelmie,1992,14908
5007,Namsos - Nåavmesjenjaelmie,1993,14931
5007,Namsos - Nåavmesjenjaelmie,1994,15149
5007,Namsos - Nåavmesjenjaelmie,1995,15101
5007,Namsos - Nåavmesjenjaelmie,1996,14950
5007,Namsos - Nåavmesjenjaelmie,1997,14927
5007,Namsos - Nåavmesjenjaelmie,1998,14866
5007,Namsos - Nåavmesjenjaelmie,1999,14892
5007,Namsos - Nåavmesjenjaelmie,2000,14950
5007,Namsos - Nåavmesjenjaelmie,2001,15003
5007,Namsos - Nåavmesjenjaelmie,2002,14932
5007,Namsos - Nåavmesjenjaelmie,2003,14941
5007,Namsos - Nåavmesjenjaelmie,2004,14953
5007,Namsos - Nåavmesjenjaelmie,2005,14996
5007,Namsos - Nåavmesjenjaelmie,2006,15037
5007,Namsos - Nåavmesjenjaelmie,2007,15026
5007,Namsos - Nåavmesjenjaelmie,2008,15011
5007,Namsos - Nåavmesjenjaelmie,2009,15123
5007,Namsos - Nåavmesjenjaelmie,2010,15162
5007,Namsos - Nåavmesjenjaelmie,2011,15266
5007,Namsos - Nåavmesjenjaelmie,2012,15315
5007,Namsos - Nåavmesjenjaelmie,2013,15356
5007,Namsos - Nåavmesjenjaelmie,2014,15401
5007,Namsos - Nåavmesjenjaelmie,2015,15300
5007,Namsos - Nåavmesjenjaelmie,2016,15265
5007,Namsos - Nåavmesjenjaelmie,2017,15272
5007,Namsos - Nåavmesjenjaelmie,2018,15281
5007,Namsos - Nåavmesjenjaelmie,2019,15294
5007,Namsos - Nåavmesjenjaelmie,2020,15230
5007,Namsos - Nåavmesjenjaelmie,2021,15096
5007,Namsos - Nåavmesjenjaelmie,2022,15001
5007,Namsos - Nåavmesjenjaelmie,2023,14923
5007,Namsos - Nåavmesjenjaelmie,2024,15083
5007,Namsos - Nåavmesjenjaelmie,2025,15154
5007,Namsos - Nåavmesjenjaelmie,2026,15112
5014,Frøya,1986,4445
5014,Frøya,1987,4365
5014,Frøya,1988,4286
5014,Frøya,1989,4261
5014,Frøya,1990,4293
5014,Frøya,1991,4242
5014,Frøya,1992,4153
5014,Frøya,1993,4151
5014,Frøya,1994,4087
5014,Frøya,1995,4057
5014,Frøya,1996,4069
5014,Frøya,1997,4104
5014,Frøya,1998,4090
5014,Frøya,1999,4119
5014,Frøya,2000,4115
5014,Frøya,2001,4113
5014,Frøya,2002,4107
5014,Frøya,2003,4146
5014,Frøya,2004,4107
5014,Frøya,2005,4114
5014,Frøya,2006,4059
5014,Frøya,2007,4052
5014,Frøya,2008,4144
5014,Frøya,2009,4215
5014,Frøya,2010,4314
5014,Frøya,2011,4326
5014,Frøya,2012,4369
5014,Frøya,2013,4506
5014,Frøya,2014,4547
5014,Frøya,2015,4634
5014,Frøya,2016,4799
5014,Frøya,2017,4937
5014,Frøya,2018,4962
5014,Frøya,2019,5068
5014,Frøya,2020,5151
5014,Frøya,2021,5204
5014,Frøya,2022,5265
5014,Frøya,2023,5391
5014,Frøya,2024,5453
5014,Frøya,2025,5655
5014,Frøya,2026,5794
5020,Osen,1986,1359
5020,Osen,1987,1340
5020,Osen,1988,1332
5020,Osen,1989,1328
5020,Osen,1990,1316
5020,Osen,1991,1288
5020,Osen,1992,1269
5020,Osen,1993,1260
5020,Osen,1994,1241
5020,Osen,1995,1211
5020,Osen,1996,1224
5020,Osen,1997,1203
5020,Osen,1998,1184
5020,Osen,1999,1206
5020,Osen,2000,1194
5020,Osen,2001,1176
5020,Osen,2002,1152
5020,Osen,2003,1097
5020,Osen,2004,1055
5020,Osen,2005,1052
5020,Osen,2006,1059
5020,Osen,2007,1051
5020,Osen,2008,1041
5020,Osen,2009,1028
5020,Osen,2010,1033
5020,Osen,2011,1025
5020,Osen,2012,1020
5020,Osen,2013,1010
5020,Osen,2014,997
5020,Osen,2015,1010
5020,Osen,2016,976
5020,Osen,2017,978
5020,Osen,2018,967
5020,Osen,2019,947
5020,Osen,2020,948
5020,Osen,2021,925
5020,Osen,2022,904
5020,Osen,2023,904
5020,Osen,2024,898
5020,Osen,2025,891
5020,Osen,2026,911
5021,Oppdal,1986,6088
5021,Oppdal,1987,6103
5021,Oppdal,1988,6166
5021,Oppdal,1989,6181
5021,Oppdal,1990,6157
5021,Oppdal,1991,6213
5021,Oppdal,1992,6200
5021,Oppdal,1993,6207
5021,Oppdal,1994,6313
5021,Oppdal,1995,6283
5021,Oppdal,1996,6299
5021,Oppdal,1997,6279
5021,Oppdal,1998,6244
5021,Oppdal,1999,6248
5021,Oppdal,2000,6288
5021,Oppdal,2001,6327
5021,Oppdal,2002,6379
5021,Oppdal,2003,6441
5021,Oppdal,2004,6456
5021,Oppdal,2005,6473
5021,Oppdal,2006,6499
5021,Oppdal,2007,6531
5021,Oppdal,2008,6564
5021,Oppdal,2009,6629
5021,Oppdal,2010,6603
5021,Oppdal,2011,6691
5021,Oppdal,2012,6755
5021,Oppdal,2013,6794
5021,Oppdal,2014,6814
5021,Oppdal,2015,6852
5021,Oppdal,2016,6886
5021,Oppdal,2017,6973
5021,Oppdal,2018,6970
5021,Oppdal,2019,6975
5021,Oppdal,2020,7001
5021,Oppdal,2021,6981
5021,Oppdal,2022,7066
5021,Oppdal,2023,7256
5021,Oppdal,2024,7389
5021,Oppdal,2025,7408
5021,Oppdal,2026,7421
5022,Rennebu,1986,3043
5022,Rennebu,1987,2993
5022,Rennebu,1988,2979
5022,Rennebu,1989,2953
5022,Rennebu,1990,2945
5022,Rennebu,1991,2936
5022,Rennebu,1992,2919
5022,Rennebu,1993,2883
5022,Rennebu,1994,2871
5022,Rennebu,1995,2875
5022,Rennebu,1996,2815
5022,Rennebu,1997,2774
5022,Rennebu,1998,2753
5022,Rennebu,1999,2736
5022,Rennebu,2000,2700
5022,Rennebu,2001,2702
5022,Rennebu,2002,2675
5022,Rennebu,2003,2660
5022,Rennebu,2004,2654
5022,Rennebu,2005,2660
5022,Rennebu,2006,2653
5022,Rennebu,2007,2635
5022,Rennebu,2008,2594
5022,Rennebu,2009,2621
5022,Rennebu,2010,2622
5022,Rennebu,2011,2629
5022,Rennebu,2012,2569
5022,Rennebu,2013,2534
5022,Rennebu,2014,2556
5022,Rennebu,2015,2567
5022,Rennebu,2016,2562
5022,Rennebu,2017,2556
5022,Rennebu,2018,2541
5022,Rennebu,2019,2501
5022,Rennebu,2020,2486
5022,Rennebu,2021,2454
5022,Rennebu,2022,2443
5022,Rennebu,2023,2481
5022,Rennebu,2024,2484
5022,Rennebu,2025,2513
5022,Rennebu,2026,2514
5025,Røros - Rosse,1986,5408
5025,Røros - Rosse,1987,5349
5025,Røros - Rosse,1988,5325
5025,Røros - Rosse,1989,5333
5025,Røros - Rosse,1990,5353
5025,Røros - Rosse,1991,5379
5025,Røros - Rosse,1992,5367
5025,Røros - Rosse,1993,5355
5025,Røros - Rosse,1994,5386
5025,Røros - Rosse,1995,5397
5025,Røros - Rosse,1996,5385
5025,Røros - Rosse,1997,5476
5025,Røros - Rosse,1998,5470
5025,Røros - Rosse,1999,5524
5025,Røros - Rosse,2000,5545
5025,Røros - Rosse,2001,5594
5025,Røros - Rosse,2002,5597
5025,Røros - Rosse,2003,5599
5025,Røros - Rosse,2004,5632
5025,Røros - Rosse,2005,5636
5025,Røros - Rosse,2006,5639
5025,Røros - Rosse,2007,5671
5025,Røros - Rosse,2008,5620
5025,Røros - Rosse,2009,5563
5025,Røros - Rosse,2010,5576
5025,Røros - Rosse,2011,5581
5025,Røros - Rosse,2012,5604
5025,Røros - Rosse,2013,5589
5025,Røros - Rosse,2014,5583
5025,Røros - Rosse,2015,5593
5025,Røros - Rosse,2016,5635
5025,Røros - Rosse,2017,5623
5025,Røros - Rosse,2018,5663
5025,Røros - Rosse,2019,5610
5025,Røros - Rosse,2020,5581
5025,Røros - Rosse,2021,5550
5025,Røros - Rosse,2022,5572
5025,Røros - Rosse,2023,5598
5025,Røros - Rosse,2024,5685
5025,Røros - Rosse,2025,5681
5025,Røros - Rosse,2026,5638
5026,Holtålen,1986,2648
5026,Holtålen,1987,2594
5026,Holtålen,1988,2582
5026,Holtålen,1989,2552
5026,Holtålen,1990,2512
5026,Holtålen,1991,2472
5026,Holtålen,1992,2432
5026,Holtålen,1993,2404
5026,Holtålen,1994,2398
5026,Holtålen,1995,2358
5026,Holtålen,1996,2329
5026,Holtålen,1997,2288
5026,Holtålen,1998,2256
5026,Holtålen,1999,2263
5026,Holtålen,2000,2239
5026,Holtålen,2001,2198
5026,Holtålen,2002,2193
5026,Holtålen,2003,2177
5026,Holtålen,2004,2172
5026,Holtålen,2005,2132
5026,Holtålen,2006,2087
5026,Holtålen,2007,2076
5026,Holtålen,2008,2069
5026,Holtålen,2009,2064
5026,Holtålen,2010,2064
5026,Holtålen,2011,2048
5026,Holtålen,2012,2013
5026,Holtålen,2013,2030
5026,Holtålen,2014,2024
5026,Holtålen,2015,2014
5026,Holtålen,2016,2031
5026,Holtålen,2017,2046
5026,Holtålen,2018,2028
5026,Holtålen,2019,2025
5026,Holtålen,2020,1981
5026,Holtålen,2021,1968
5026,Holtålen,2022,1953
5026,Holtålen,2023,1997
5026,Holtålen,2024,2035
5026,Holtålen,2025,2048
5026,Holtålen,2026,2037
5027,Midtre Gauldal,1986,6161
5027,Midtre Gauldal,1987,6158
5027,Midtre Gauldal,1988,6080
5027,Midtre Gauldal,1989,6082
5027,Midtre Gauldal,1990,6033
5027,Midtre Gauldal,1991,6038
5027,Midtre Gauldal,1992,6048
5027,Midtre Gauldal,1993,5994
5027,Midtre Gauldal,1994,5974
5027,Midtre Gauldal,1995,5932
5027,Midtre Gauldal,1996,5913
5027,Midtre Gauldal,1997,5820
5027,Midtre Gauldal,1998,5761
5027,Midtre Gauldal,1999,5776
5027,Midtre Gauldal,2000,5779
5027,Midtre Gauldal,2001,5783
5027,Midtre Gauldal,2002,5819
5027,Midtre Gauldal,2003,5824
5027,Midtre Gauldal,2004,5806
5027,Midtre Gauldal,2005,5797
5027,Midtre Gauldal,2006,5873
5027,Midtre Gauldal,2007,5889
5027,Midtre Gauldal,2008,5910
5027,Midtre Gauldal,2009,5950
5027,Midtre Gauldal,2010,6012
5027,Midtre Gauldal,2011,6015
5027,Midtre Gauldal,2012,6153
5027,Midtre Gauldal,2013,6266
5027,Midtre Gauldal,2014,6361
5027,Midtre Gauldal,2015,6336
5027,Midtre Gauldal,2016,6298
5027,Midtre Gauldal,2017,6319
5027,Midtre Gauldal,2018,6225
5027,Midtre Gauldal,2019,6246
5027,Midtre Gauldal,2020,6238
5027,Midtre Gauldal,2021,6243
5027,Midtre Gauldal,2022,6120
5027,Midtre Gauldal,2023,6133
5027,Midtre Gauldal,2024,6140
5027,Midtre Gauldal,2025,6141
5027,Midtre Gauldal,2026,6088
5028,Melhus,1986,11934
5028,Melhus,1987,12177
5028,Melhus,1988,12196
5028,Melhus,1989,12366
5028,Melhus,1990,12432
5028,Melhus,1991,12498
5028,Melhus,1992,12660
5028,Melhus,1993,12737
5028,Melhus,1994,12706
5028,Melhus,1995,12823
5028,Melhus,1996,12810
5028,Melhus,1997,12932
5028,Melhus,1998,13045
5028,Melhus,1999,13047
5028,Melhus,2000,13169
5028,Melhus,2001,13302
5028,Melhus,2002,13425
5028,Melhus,2003,13579
5028,Melhus,2004,13782
5028,Melhus,2005,13977
5028,Melhus,2006,14176
5028,Melhus,2007,14304
5028,Melhus,2008,14457
5028,Melhus,2009,14655
5028,Melhus,2010,14841
5028,Melhus,2011,15028
5028,Melhus,2012,15392
5028,Melhus,2013,15679
5028,Melhus,2014,15844
5028,Melhus,2015,15916
5028,Melhus,2016,16096
5028,Melhus,2017,16213
5028,Melhus,2018,16424
5028,Melhus,2019,16562
5028,Melhus,2020,16733
5028,Melhus,2021,16949
5028,Melhus,2022,17123
5028,Melhus,2023,17340
5028,Melhus,2024,17560
5028,Melhus,2025,17812
5028,Melhus,2026,17828
5029,Skaun,1986,5310
5029,Skaun,1987,5414
5029,Skaun,1988,5475
5029,Skaun,1989,5549
5029,Skaun,1990,5536
5029,Skaun,1991,5574
5029,Skaun,1992,5613
5029,Skaun,1993,5636
5029,Skaun,1994,5697
5029,Skaun,1995,5765
5029,Skaun,1996,5777
5029,Skaun,1997,5783
5029,Skaun,1998,5793
5029,Skaun,1999,5822
5029,Skaun,2000,5843
5029,Skaun,2001,5864
5029,Skaun,2002,5922
5029,Skaun,2003,6003
5029,Skaun,2004,5989
5029,Skaun,2005,6063
5029,Skaun,2006,6146
5029,Skaun,2007,6211
5029,Skaun,2008,6326
5029,Skaun,2009,6437
5029,Skaun,2010,6626
5029,Skaun,2011,6756
5029,Skaun,2012,6941
5029,Skaun,2013,7143
5029,Skaun,2014,7392
5029,Skaun,2015,7668
5029,Skaun,2016,7755
5029,Skaun,2017,8000
5029,Skaun,2018,8142
5029,Skaun,2019,8231
5029,Skaun,2020,8325
5029,Skaun,2021,8367
5029,Skaun,2022,8360
5029,Skaun,2023,8441
5029,Skaun,2024,8484
5029,Skaun,2025,8521
5029,Skaun,2026,8574
5031,Malvik,1986,8926
5031,Malvik,1987,9139
5031,Malvik,1988,9332
5031,Malvik,1989,9448
5031,Malvik,1990,9564
5031,Malvik,1991,9749
5031,Malvik,1992,9912
5031,Malvik,1993,10055
5031,Malvik,1994,10329
5031,Malvik,1995,10358
5031,Malvik,1996,10513
5031,Malvik,1997,10685
5031,Malvik,1998,10766
5031,Malvik,1999,10937
5031,Malvik,2000,11132
5031,Malvik,2001,11304
5031,Malvik,2002,11472
5031,Malvik,2003,11735
5031,Malvik,2004,11884
5031,Malvik,2005,12095
5031,Malvik,2006,12213
5031,Malvik,2007,12322
5031,Malvik,2008,12388
5031,Malvik,2009,12457
5031,Malvik,2010,12550
5031,Malvik,2011,12677
5031,Malvik,2012,12785
5031,Malvik,2013,13085
5031,Malvik,2014,13371
5031,Malvik,2015,13498
5031,Malvik,2016,13738
5031,Malvik,2017,13820
5031,Malvik,2018,13958
5031,Malvik,2019,14040
5031,Malvik,2020,14148
5031,Malvik,2021,14334
5031,Malvik,2022,14425
5031,Malvik,2023,14662
5031,Malvik,2024,14783
5031,Malvik,2025,15023
5031,Malvik,2026,14961
5032,Selbu,1986,4123
5032,Selbu,1987,4115
5032,Selbu,1988,4110
5032,Selbu,1989,4137
5032,Selbu,1990,4097
5032,Selbu,1991,4077
5032,Selbu,1992,4106
5032,Selbu,1993,4103
5032,Selbu,1994,4070
5032,Selbu,1995,4073
5032,Selbu,1996,4060
5032,Selbu,1997,4041
5032,Selbu,1998,3977
5032,Selbu,1999,3965
5032,Selbu,2000,3926
5032,Selbu,2001,3987
5032,Selbu,2002,3961
5032,Selbu,2003,3973
5032,Selbu,2004,3944
5032,Selbu,2005,3988
5032,Selbu,2006,3940
5032,Selbu,2007,3942
5032,Selbu,2008,4006
5032,Selbu,2009,4004
5032,Selbu,2010,4004
5032,Selbu,2011,3996
5032,Selbu,2012,4042
5032,Selbu,2013,4030
5032,Selbu,2014,4030
5032,Selbu,2015,4078
5032,Selbu,2016,4132
5032,Selbu,2017,4098
5032,Selbu,2018,4093
5032,Selbu,2019,4088
5032,Selbu,2020,4062
5032,Selbu,2021,4069
5032,Selbu,2022,4090
5032,Selbu,2023,4144
5032,Selbu,2024,4216
5032,Selbu,2025,4233
5032,Selbu,2026,4258
5033,Tydal,1986,993
5033,Tydal,1987,995
5033,Tydal,1988,999
5033,Tydal,1989,1008
5033,Tydal,1990,1008
5033,Tydal,1991,1007
5033,Tydal,1992,1008
5033,Tydal,1993,975
5033,Tydal,1994,982
5033,Tydal,1995,970
5033,Tydal,1996,973
5033,Tydal,1997,982
5033,Tydal,1998,972
5033,Tydal,1999,972
5033,Tydal,2000,949
5033,Tydal,2001,935
5033,Tydal,2002,914
5033,Tydal,2003,907
5033,Tydal,2004,901
5033,Tydal,2005,902
5033,Tydal,2006,874
5033,Tydal,2007,859
5033,Tydal,2008,856
5033,Tydal,2009,857
5033,Tydal,2010,859
5033,Tydal,2011,868
5033,Tydal,2012,870
5033,Tydal,2013,865
5033,Tydal,2014,864
5033,Tydal,2015,863
5033,Tydal,2016,851
5033,Tydal,2017,861
5033,Tydal,2018,834
5033,Tydal,2019,794
5033,Tydal,2020,769
5033,Tydal,2021,759
5033,Tydal,2022,750
5033,Tydal,2023,753
5033,Tydal,2024,773
5033,Tydal,2025,786
5033,Tydal,2026,773
5034,Meråker,1986,2868
5034,Meråker,1987,2876
5034,Meråker,1988,2848
5034,Meråker,1989,2779
5034,Meråker,1990,2750
5034,Meråker,1991,2752
5034,Meråker,1992,2703
5034,Meråker,1993,2677
5034,Meråker,1994,2771
5034,Meråker,1995,2735
5034,Meråker,1996,2663
5034,Meråker,1997,2643
5034,Meråker,1998,2563
5034,Meråker,1999,2595
5034,Meråker,2000,2637
5034,Meråker,2001,2593
5034,Meråker,2002,2559
5034,Meråker,2003,2556
5034,Meråker,2004,2539
5034,Meråker,2005,2560
5034,Meråker,2006,2531
5034,Meråker,2007,2507
5034,Meråker,2008,2506
5034,Meråker,2009,2476
5034,Meråker,2010,2471
5034,Meråker,2011,2503
5034,Meråker,2012,2513
5034,Meråker,2013,2510
5034,Meråker,2014,2553
5034,Meråker,2015,2558
5034,Meråker,2016,2523
5034,Meråker,2017,2508
5034,Meråker,2018,2469
5034,Meråker,2019,2432
5034,Meråker,2020,2422
5034,Meråker,2021,2413
5034,Meråker,2022,2399
5034,Meråker,2023,2426
5034,Meråker,2024,2454
5034,Meråker,2025,2472
5034,Meråker,2026,2460
5035,Stjørdal,1986,16748
5035,Stjørdal,1987,16899
5035,Stjørdal,1988,17042
5035,Stjørdal,1989,17202
5035,Stjørdal,1990,17276
5035,Stjørdal,1991,17340
5035,Stjørdal,1992,17379
5035,Stjørdal,1993,17402
5035,Stjørdal,1994,17350
5035,Stjørdal,1995,17546
5035,Stjørdal,1996,17631
5035,Stjørdal,1997,17728
5035,Stjørdal,1998,17928
5035,Stjørdal,1999,18107
5035,Stjørdal,2000,18238
5035,Stjørdal,2001,18468
5035,Stjørdal,2002,18724
5035,Stjørdal,2003,18940
5035,Stjørdal,2004,19199
5035,Stjørdal,2005,19562
5035,Stjørdal,2006,19892
5035,Stjørdal,2007,20273
5035,Stjørdal,2008,20616
5035,Stjørdal,2009,20960
5035,Stjørdal,2010,21375
5035,Stjørdal,2011,21659
5035,Stjørdal,2012,22058
5035,Stjørdal,2013,22379
5035,Stjørdal,2014,22683
5035,Stjørdal,2015,22957
5035,Stjørdal,2016,23308
5035,Stjørdal,2017,23625
5035,Stjørdal,2018,23964
5035,Stjørdal,2019,24028
5035,Stjørdal,2020,24145
5035,Stjørdal,2021,24283
5035,Stjørdal,2022,24287
5035,Stjørdal,2023,24541
5035,Stjørdal,2024,24717
5035,Stjørdal,2025,24927
5035,Stjørdal,2026,25108
5036,Frosta,1986,2471
5036,Frosta,1987,2459
5036,Frosta,1988,2502
5036,Frosta,1989,2481
5036,Frosta,1990,2503
5036,Frosta,1991,2470
5036,Frosta,1992,2456
5036,Frosta,1993,2461
5036,Frosta,1994,2465
5036,Frosta,1995,2456
5036,Frosta,1996,2457
5036,Frosta,1997,2459
5036,Frosta,1998,2425
5036,Frosta,1999,2395
5036,Frosta,2000,2430
5036,Frosta,2001,2433
5036,Frosta,2002,2445
5036,Frosta,2003,2474
5036,Frosta,2004,2454
5036,Frosta,2005,2493
5036,Frosta,2006,2467
5036,Frosta,2007,2461
5036,Frosta,2008,2466
5036,Frosta,2009,2487
5036,Frosta,2010,2495
5036,Frosta,2011,2538
5036,Frosta,2012,2618
5036,Frosta,2013,2627
5036,Frosta,2014,2653
5036,Frosta,2015,2624
5036,Frosta,2016,2631
5036,Frosta,2017,2630
5036,Frosta,2018,2616
5036,Frosta,2019,2632
5036,Frosta,2020,2627
5036,Frosta,2021,2609
5036,Frosta,2022,2608
5036,Frosta,2023,2645
5036,Frosta,2024,2645
5036,Frosta,2025,2661
5036,Frosta,2026,2667
5037,Levanger - Levangke,1986,16337
5037,Levanger - Levangke,1987,16483
5037,Levanger - Levangke,1988,16644
5037,Levanger - Levangke,1989,16702
5037,Levanger - Levangke,1990,16704
5037,Levanger - Levangke,1991,16878
5037,Levanger - Levangke,1992,17023
5037,Levanger - Levangke,1993,17133
5037,Levanger - Levangke,1994,17190
5037,Levanger - Levangke,1995,17186
5037,Levanger - Levangke,1996,17310
5037,Levanger - Levangke,1997,17369
5037,Levanger - Levangke,1998,17446
5037,Levanger - Levangke,1999,17504
5037,Levanger - Levangke,2000,17501
5037,Levanger - Levangke,2001,17457
5037,Levanger - Levangke,2002,17572
5037,Levanger - Levangke,2003,17700
5037,Levanger - Levangke,2004,17875
5037,Levanger - Levangke,2005,18001
5037,Levanger - Levangke,2006,18080
5037,Levanger - Levangke,2007,18173
5037,Levanger - Levangke,2008,18355
5037,Levanger - Levangke,2009,18464
5037,Levanger - Levangke,2010,18580
5037,Levanger - Levangke,2011,18741
5037,Levanger - Levangke,2012,18922
5037,Levanger - Levangke,2013,19078
5037,Levanger - Levangke,2014,19212
5037,Levanger - Levangke,2015,19474
5037,Levanger - Levangke,2016,19610
5037,Levanger - Levangke,2017,19892
5037,Levanger - Levangke,2018,20115
5037,Levanger - Levangke,2019,20254
5037,Levanger - Levangke,2020,20164
5037,Levanger - Levangke,2021,20170
5037,Levanger - Levangke,2022,20171
5037,Levanger - Levangke,2023,20344
5037,Levanger - Levangke,2024,20574
5037,Levanger - Levangke,2025,20732
5037,Levanger - Levangke,2026,20807
5038,Verdal,1986,13197
5038,Verdal,1987,13240
5038,Verdal,1988,13398
5038,Verdal,1989,13370
5038,Verdal,1990,13391
5038,Verdal,1991,13521
5038,Verdal,1992,13677
5038,Verdal,1993,13713
5038,Verdal,1994,13781
5038,Verdal,1995,13722
5038,Verdal,1996,13747
5038,Verdal,1997,13720
5038,Verdal,1998,13723
5038,Verdal,1999,13663
5038,Verdal,2000,13644
5038,Verdal,2001,13637
5038,Verdal,2002,13665
5038,Verdal,2003,13697
5038,Verdal,2004,13827
5038,Verdal,2005,13815
5038,Verdal,2006,13900
5038,Verdal,2007,13962
5038,Verdal,2008,14094
5038,Verdal,2009,14157
5038,Verdal,2010,14222
5038,Verdal,2011,14334
5038,Verdal,2012,14387
5038,Verdal,2013,14539
5038,Verdal,2014,14788
5038,Verdal,2015,14809
5038,Verdal,2016,14885
5038,Verdal,2017,14849
5038,Verdal,2018,14943
5038,Verdal,2019,14933
5038,Verdal,2020,14948
5038,Verdal,2021,14986
5038,Verdal,2022,14955
5038,Verdal,2023,15002
5038,Verdal,2024,15193
5038,Verdal,2025,15412
5038,Verdal,2026,15435
5041,Snåase - Snåsa,1986,2601
5041,Snåase - Snåsa,1987,2562
5041,Snåase - Snåsa,1988,2549
5041,Snåase - Snåsa,1989,2520
5041,Snåase - Snåsa,1990,2526
5041,Snåase - Snåsa,1991,2519
5041,Snåase - Snåsa,1992,2535
5041,Snåase - Snåsa,1993,2508
5041,Snåase - Snåsa,1994,2468
5041,Snåase - Snåsa,1995,2464
5041,Snåase - Snåsa,1996,2453
5041,Snåase - Snåsa,1997,2417
5041,Snåase - Snåsa,1998,2411
5041,Snåase - Snåsa,1999,2403
5041,Snåase - Snåsa,2000,2397
5041,Snåase - Snåsa,2001,2358
5041,Snåase - Snåsa,2002,2335
5041,Snåase - Snåsa,2003,2312
5041,Snåase - Snåsa,2004,2296
5041,Snåase - Snåsa,2005,2260
5041,Snåase - Snåsa,2006,2251
5041,Snåase - Snåsa,2007,2197
5041,Snåase - Snåsa,2008,2176
5041,Snåase - Snåsa,2009,2176
5041,Snåase - Snåsa,2010,2164
5041,Snåase - Snåsa,2011,2172
5041,Snåase - Snåsa,2012,2164
5041,Snåase - Snåsa,2013,2154
5041,Snåase - Snåsa,2014,2156
5041,Snåase - Snåsa,2015,2153
5041,Snåase - Snåsa,2016,2139
5041,Snåase - Snåsa,2017,2159
5041,Snåase - Snåsa,2018,2094
5041,Snåase - Snåsa,2019,2100
5041,Snåase - Snåsa,2020,2063
5041,Snåase - Snåsa,2021,2054
5041,Snåase - Snåsa,2022,2033
5041,Snåase - Snåsa,2023,2021
5041,Snåase - Snåsa,2024,2114
5041,Snåase - Snåsa,2025,2138
5041,Snåase - Snåsa,2026,2141
5042,Lierne,1986,1782
5042,Lierne,1987,1771
5042,Lierne,1988,1728
5042,Lierne,1989,1715
5042,Lierne,1990,1694
5042,Lierne,1991,1672
5042,Lierne,1992,1669
5042,Lierne,1993,1647
5042,Lierne,1994,1640
5042,Lierne,1995,1638
5042,Lierne,1996,1610
5042,Lierne,1997,1599
5042,Lierne,1998,1583
5042,Lierne,1999,1566
5042,Lierne,2000,1565
5042,Lierne,2001,1564
5042,Lierne,2002,1558
5042,Lierne,2003,1552
5042,Lierne,2004,1535
5042,Lierne,2005,1509
5042,Lierne,2006,1503
5042,Lierne,2007,1485
5042,Lierne,2008,1480
5042,Lierne,2009,1461
5042,Lierne,2010,1435
5042,Lierne,2011,1406
5042,Lierne,2012,1410
5042,Lierne,2013,1401
5042,Lierne,2014,1385
5042,Lierne,2015,1394
5042,Lierne,2016,1375
5042,Lierne,2017,1389
5042,Lierne,2018,1379
5042,Lierne,2019,1386
5042,Lierne,2020,1355
5042,Lierne,2021,1328
5042,Lierne,2022,1309
5042,Lierne,2023,1295
5042,Lierne,2024,1301
5042,Lierne,2025,1316
5042,Lierne,2026,1302
5043,Raarvihke - Røyrvik,1986,713
5043,Raarvihke - Røyrvik,1987,696
5043,Raarvihke - Røyrvik,1988,718
5043,Raarvihke - Røyrvik,1989,727
5043,Raarvihke - Røyrvik,1990,742
5043,Raarvihke - Røyrvik,1991,734
5043,Raarvihke - Røyrvik,1992,737
5043,Raarvihke - Røyrvik,1993,747
5043,Raarvihke - Røyrvik,1994,751
5043,Raarvihke - Røyrvik,1995,737
5043,Raarvihke - Røyrvik,1996,715
5043,Raarvihke - Røyrvik,1997,678
5043,Raarvihke - Røyrvik,1998,656
5043,Raarvihke - Røyrvik,1999,603
5043,Raarvihke - Røyrvik,2000,595
5043,Raarvihke - Røyrvik,2001,586
5043,Raarvihke - Røyrvik,2002,563
5043,Raarvihke - Røyrvik,2003,547
5043,Raarvihke - Røyrvik,2004,539
5043,Raarvihke - Røyrvik,2005,542
5043,Raarvihke - Røyrvik,2006,544
5043,Raarvihke - Røyrvik,2007,526
5043,Raarvihke - Røyrvik,2008,499
5043,Raarvihke - Røyrvik,2009,499
5043,Raarvihke - Røyrvik,2010,495
5043,Raarvihke - Røyrvik,2011,499
5043,Raarvihke - Røyrvik,2012,494
5043,Raarvihke - Røyrvik,2013,503
5043,Raarvihke - Røyrvik,2014,498
5043,Raarvihke - Røyrvik,2015,475
5043,Raarvihke - Røyrvik,2016,469
5043,Raarvihke - Røyrvik,2017,469
5043,Raarvihke - Røyrvik,2018,474
5043,Raarvihke - Røyrvik,2019,482
5043,Raarvihke - Røyrvik,2020,461
5043,Raarvihke - Røyrvik,2021,459
5043,Raarvihke - Røyrvik,2022,441
5043,Raarvihke - Røyrvik,2023,429
5043,Raarvihke - Røyrvik,2024,423
5043,Raarvihke - Røyrvik,2025,443
5043,Raarvihke - Røyrvik,2026,439
5044,Namsskogan,1986,1270
5044,Namsskogan,1987,1250
5044,Namsskogan,1988,1215
5044,Namsskogan,1989,1213
5044,Namsskogan,1990,1188
5044,Namsskogan,1991,1138
5044,Namsskogan,1992,1094
5044,Namsskogan,1993,1079
5044,Namsskogan,1994,1085
5044,Namsskogan,1995,1074
5044,Namsskogan,1996,1062
5044,Namsskogan,1997,1046
5044,Namsskogan,1998,989
5044,Namsskogan,1999,982
5044,Namsskogan,2000,989
5044,Namsskogan,2001,955
5044,Namsskogan,2002,969
5044,Namsskogan,2003,966
5044,Namsskogan,2004,958
5044,Namsskogan,2005,941
5044,Namsskogan,2006,919
5044,Namsskogan,2007,933
5044,Namsskogan,2008,916
5044,Namsskogan,2009,924
5044,Namsskogan,2010,928
5044,Namsskogan,2011,928
5044,Namsskogan,2012,916
5044,Namsskogan,2013,902
5044,Namsskogan,2014,922
5044,Namsskogan,2015,892
5044,Namsskogan,2016,867
5044,Namsskogan,2017,872
5044,Namsskogan,2018,902
5044,Namsskogan,2019,871
5044,Namsskogan,2020,843
5044,Namsskogan,2021,846
5044,Namsskogan,2022,818
5044,Namsskogan,2023,814
5044,Namsskogan,2024,810
5044,Namsskogan,2025,811
5044,Namsskogan,2026,803
5045,Grong,1986,2616
5045,Grong,1987,2593
5045,Grong,1988,2554
5045,Grong,1989,2513
5045,Grong,1990,2488
5045,Grong,1991,2490
5045,Grong,1992,2540
5045,Grong,1993,2544
5045,Grong,1994,2536
5045,Grong,1995,2532
5045,Grong,1996,2567
5045,Grong,1997,2562
5045,Grong,1998,2523
5045,Grong,1999,2497
5045,Grong,2000,2565
5045,Grong,2001,2572
5045,Grong,2002,2588
5045,Grong,2003,2530
5045,Grong,2004,2530
5045,Grong,2005,2481
5045,Grong,2006,2416
5045,Grong,2007,2387
5045,Grong,2008,2377
5045,Grong,2009,2350
5045,Grong,2010,2361
5045,Grong,2011,2357
5045,Grong,2012,2409
5045,Grong,2013,2465
5045,Grong,2014,2449
5045,Grong,2015,2489
5045,Grong,2016,2466
5045,Grong,2017,2467
5045,Grong,2018,2400
5045,Grong,2019,2374
5045,Grong,2020,2359
5045,Grong,2021,2347
5045,Grong,2022,2287
5045,Grong,2023,2296
5045,Grong,2024,2322
5045,Grong,2025,2314
5045,Grong,2026,2292
5046,Høylandet,1986,1470
5046,Høylandet,1987,1461
5046,Høylandet,1988,1469
5046,Høylandet,1989,1433
5046,Høylandet,1990,1409
5046,Høylandet,1991,1408
5046,Høylandet,1992,1378
5046,Høylandet,1993,1391
5046,Høylandet,1994,1393
5046,Høylandet,1995,1367
5046,Høylandet,1996,1363
5046,Høylandet,1997,1365
5046,Høylandet,1998,1356
5046,Høylandet,1999,1351
5046,Høylandet,2000,1335
5046,Høylandet,2001,1332
5046,Høylandet,2002,1308
5046,Høylandet,2003,1275
5046,Høylandet,2004,1258
5046,Høylandet,2005,1247
5046,Høylandet,2006,1279
5046,Høylandet,2007,1266
5046,Høylandet,2008,1273
5046,Høylandet,2009,1274
5046,Høylandet,2010,1270
5046,Høylandet,2011,1270
5046,Høylandet,2012,1264
5046,Høylandet,2013,1263
5046,Høylandet,2014,1257
5046,Høylandet,2015,1252
5046,Høylandet,2016,1250
5046,Høylandet,2017,1264
5046,Høylandet,2018,1268
5046,Høylandet,2019,1254
5046,Høylandet,2020,1231
5046,Høylandet,2021,1215
5046,Høylandet,2022,1193
5046,Høylandet,2023,1216
5046,Høylandet,2024,1222
5046,Høylandet,2025,1235
5046,Høylandet,2026,1230
5047,Overhalla,1986,3681
5047,Overhalla,1987,3706
5047,Overhalla,1988,3676
5047,Overhalla,1989,3715
5047,Overhalla,1990,3777
5047,Overhalla,1991,3792
5047,Overhalla,1992,3804
5047,Overhalla,1993,3793
5047,Overhalla,1994,3758
5047,Overhalla,1995,3756
5047,Overhalla,1996,3759
5047,Overhalla,1997,3713
5047,Overhalla,1998,3653
5047,Overhalla,1999,3672
5047,Overhalla,2000,3659
5047,Overhalla,2001,3626
5047,Overhalla,2002,3600
5047,Overhalla,2003,3606
5047,Overhalla,2004,3540
5047,Overhalla,2005,3476
5047,Overhalla,2006,3493
5047,Overhalla,2007,3505
5047,Overhalla,2008,3507
5047,Overhalla,2009,3562
5047,Overhalla,2010,3577
5047,Overhalla,2011,3636
5047,Overhalla,2012,3679
5047,Overhalla,2013,3688
5047,Overhalla,2014,3732
5047,Overhalla,2015,3751
5047,Overhalla,2016,3825
5047,Overhalla,2017,3840
5047,Overhalla,2018,3845
5047,Overhalla,2019,3879
5047,Overhalla,2020,3884
5047,Overhalla,2021,3865
5047,Overhalla,2022,3817
5047,Overhalla,2023,3873
5047,Overhalla,2024,3924
5047,Overhalla,2025,3946
5047,Overhalla,2026,3944
5049,Flatanger,1986,1547
5049,Flatanger,1987,1507
5049,Flatanger,1988,1473
5049,Flatanger,1989,1454
5049,Flatanger,1990,1436
5049,Flatanger,1991,1416
5049,Flatanger,1992,1376
5049,Flatanger,1993,1380
5049,Flatanger,1994,1355
5049,Flatanger,1995,1368
5049,Flatanger,1996,1331
5049,Flatanger,1997,1330
5049,Flatanger,1998,1298
5049,Flatanger,1999,1286
5049,Flatanger,2000,1238
5049,Flatanger,2001,1242
5049,Flatanger,2002,1254
5049,Flatanger,2003,1244
5049,Flatanger,2004,1221
5049,Flatanger,2005,1205
5049,Flatanger,2006,1174
5049,Flatanger,2007,1168
5049,Flatanger,2008,1138
5049,Flatanger,2009,1134
5049,Flatanger,2010,1104
5049,Flatanger,2011,1109
5049,Flatanger,2012,1141
5049,Flatanger,2013,1158
5049,Flatanger,2014,1120
5049,Flatanger,2015,1119
5049,Flatanger,2016,1103
5049,Flatanger,2017,1090
5049,Flatanger,2018,1105
5049,Flatanger,2019,1103
5049,Flatanger,2020,1103
5049,Flatanger,2021,1100
5049,Flatanger,2022,1101
5049,Flatanger,2023,1108
5049,Flatanger,2024,1116
5049,Flatanger,2025,1121
5049,Flatanger,2026,1110
5052,Leka,1986,943
5052,Leka,1987,923
5052,Leka,1988,883
5052,Leka,1989,874
5052,Leka,1990,852
5052,Leka,1991,849
5052,Leka,1992,827
5052,Leka,1993,821
5052,Leka,1994,816
5052,Leka,1995,800
5052,Leka,1996,790
5052,Leka,1997,782
5052,Leka,1998,741
5052,Leka,1999,718
5052,Leka,2000,714
5052,Leka,2001,684
5052,Leka,2002,684
5052,Leka,2003,672
5052,Leka,2004,636
5052,Leka,2005,609
5052,Leka,2006,595
5052,Leka,2007,583
5052,Leka,2008,589
5052,Leka,2009,582
5052,Leka,2010,593
5052,Leka,2011,589
5052,Leka,2012,573
5052,Leka,2013,574
5052,Leka,2014,556
5052,Leka,2015,574
5052,Leka,2016,562
5052,Leka,2017,584
5052,Leka,2018,582
5052,Leka,2019,567
5052,Leka,2020,557
5052,Leka,2021,563
5052,Leka,2022,570
5052,Leka,2023,582
5052,Leka,2024,604
5052,Leka,2025,593
5052,Leka,2026,596
5053,Inderøy,1986,6647
5053,Inderøy,1987,6671
5053,Inderøy,1988,6702
5053,Inderøy,1989,6729
5053,Inderøy,1990,6780
5053,Inderøy,1991,6778
5053,Inderøy,1992,6743
5053,Inderøy,1993,6728
5053,Inderøy,1994,6752
5053,Inderøy,1995,6712
5053,Inderøy,1996,6716
5053,Inderøy,1997,6725
5053,Inderøy,1998,6708
5053,Inderøy,1999,6692
5053,Inderøy,2000,6727
5053,Inderøy,2001,6728
5053,Inderøy,2002,6776
5053,Inderøy,2003,6765
5053,Inderøy,2004,6706
5053,Inderøy,2005,6796
5053,Inderøy,2006,6831
5053,Inderøy,2007,6794
5053,Inderøy,2008,6700
5053,Inderøy,2009,6682
5053,Inderøy,2010,6689
5053,Inderøy,2011,6717
5053,Inderøy,2012,6682
5053,Inderøy,2013,6692
5053,Inderøy,2014,6720
5053,Inderøy,2015,6770
5053,Inderøy,2016,6769
5053,Inderøy,2017,6800
5053,Inderøy,2018,6785
5053,Inderøy,2019,6804
5053,Inderøy,2020,6816
5053,Inderøy,2021,6764
5053,Inderøy,2022,6794
5053,Inderøy,2023,6841
5053,Inderøy,2024,6938
5053,Inderøy,2025,7031
5053,Inderøy,2026,7066
5054,Indre Fosen,1986,10455
5054,Indre Fosen,1987,10418
5054,Indre Fosen,1988,10303
5054,Indre Fosen,1989,10235
5054,Indre Fosen,1990,10121
5054,Indre Fosen,1991,10000
5054,Indre Fosen,1992,9934
5054,Indre Fosen,1993,9917
5054,Indre Fosen,1994,9892
5054,Indre Fosen,1995,9913
5054,Indre Fosen,1996,9930
5054,Indre Fosen,1997,9899
5054,Indre Fosen,1998,9953
5054,Indre Fosen,1999,9955
5054,Indre Fosen,2000,10015
5054,Indre Fosen,2001,10019
5054,Indre Fosen,2002,9981
5054,Indre Fosen,2003,9892
5054,Indre Fosen,2004,9895
5054,Indre Fosen,2005,9941
5054,Indre Fosen,2006,9913
5054,Indre Fosen,2007,9850
5054,Indre Fosen,2008,9850
5054,Indre Fosen,2009,9906
5054,Indre Fosen,2010,9970
5054,Indre Fosen,2011,10065
5054,Indre Fosen,2012,10070
5054,Indre Fosen,2013,10183
5054,Indre Fosen,2014,10201
5054,Indre Fosen,2015,10182
5054,Indre Fosen,2016,10175
5054,Indre Fosen,2017,10108
5054,Indre Fosen,2018,10090
5054,Indre Fosen,2019,9988
5054,Indre Fosen,2020,10084
5054,Indre Fosen,2021,9948
5054,Indre Fosen,2022,9899
5054,Indre Fosen,2023,9977
5054,Indre Fosen,2024,10023
5054,Indre Fosen,2025,10042
5054,Indre Fosen,2026,10006
5055,Heim,1986,6708
5055,Heim,1987,6684
5055,Heim,1988,6712
5055,Heim,1989,6672
5055,Heim,1990,6612
5055,Heim,1991,6584
5055,Heim,1992,6510
5055,Heim,1993,6468
5055,Heim,1994,6475
5055,Heim,1995,6514
5055,Heim,1996,6461
5055,Heim,1997,6441
5055,Heim,1998,6398
5055,Heim,1999,6348
5055,Heim,2000,6300
5055,Heim,2001,6318
5055,Heim,2002,6190
5055,Heim,2003,6226
5055,Heim,2004,6166
5055,Heim,2005,6131
5055,Heim,2006,6146
5055,Heim,2007,6075
5055,Heim,2008,6062
5055,Heim,2009,6023
5055,Heim,2010,6010
5055,Heim,2011,6045
5055,Heim,2012,6012
5055,Heim,2013,5985
5055,Heim,2014,5955
5055,Heim,2015,5968
5055,Heim,2016,5957
5055,Heim,2017,6009
5055,Heim,2018,5947
5055,Heim,2019,5955
5055,Heim,2020,5963
5055,Heim,2021,5941
5055,Heim,2022,5884
5055,Heim,2023,5880
5055,Heim,2024,6093
5055,Heim,2025,6134
5055,Heim,2026,6075
5056,Hitra,1986,4830
5056,Hitra,1987,4803
5056,Hitra,1988,4732
5056,Hitra,1989,4706
5056,Hitra,1990,4704
5056,Hitra,1991,4691
5056,Hitra,1992,4668
5056,Hitra,1993,4593
5056,Hitra,1994,4562
5056,Hitra,1995,4536
5056,Hitra,1996,4501
5056,Hitra,1997,4485
5056,Hitra,1998,4446
5056,Hitra,1999,4446
5056,Hitra,2000,4409
5056,Hitra,2001,4464
5056,Hitra,2002,4409
5056,Hitra,2003,4397
5056,Hitra,2004,4440
5056,Hitra,2005,4373
5056,Hitra,2006,4376
5056,Hitra,2007,4374
5056,Hitra,2008,4479
5056,Hitra,2009,4480
5056,Hitra,2010,4594
5056,Hitra,2011,4676
5056,Hitra,2012,4732
5056,Hitra,2013,4811
5056,Hitra,2014,4854
5056,Hitra,2015,4902
5056,Hitra,2016,4954
5056,Hitra,2017,4992
5056,Hitra,2018,4983
5056,Hitra,2019,5033
5056,Hitra,2020,5050
5056,Hitra,2021,5140
5056,Hitra,2022,5156
5056,Hitra,2023,5281
5056,Hitra,2024,5323
5056,Hitra,2025,5414
5056,Hitra,2026,5568
5057,Ørland,1986,9779
5057,Ørland,1987,9775
5057,Ørland,1988,9722
5057,Ørland,1989,9781
5057,Ørland,1990,9806
5057,Ørland,1991,9877
5057,Ørland,1992,9925
5057,Ørland,1993,9926
5057,Ørland,1994,9983
5057,Ørland,1995,9926
5057,Ørland,1996,9865
5057,Ørland,1997,9879
5057,Ørland,1998,9783
5057,Ørland,1999,9735
5057,Ørland,2000,9733
5057,Ørland,2001,9714
5057,Ørland,2002,9762
5057,Ørland,2003,9774
5057,Ørland,2004,9886
5057,Ørland,2005,9821
5057,Ørland,2006,9747
5057,Ørland,2007,9652
5057,Ørland,2008,9629
5057,Ørland,2009,9573
5057,Ørland,2010,9669
5057,Ørland,2011,9703
5057,Ørland,2012,9703
5057,Ørland,2013,9820
5057,Ørland,2014,9875
5057,Ørland,2015,9898
5057,Ørland,2016,9988
5057,Ørland,2017,10113
5057,Ørland,2018,10215
5057,Ørland,2019,10238
5057,Ørland,2020,10323
5057,Ørland,2021,10306
5057,Ørland,2022,10371
5057,Ørland,2023,10472
5057,Ørland,2024,10522
5057,Ørland,2025,10627
5057,Ørland,2026,10706
5058,Åfjord,1986,4973
5058,Åfjord,1987,4914
5058,Åfjord,1988,4870
5058,Åfjord,1989,4854
5058,Åfjord,1990,4824
5058,Åfjord,1991,4763
5058,Åfjord,1992,4749
5058,Åfjord,1993,4733
5058,Åfjord,1994,4724
5058,Åfjord,1995,4690
5058,Åfjord,1996,4671
5058,Åfjord,1997,4665
5058,Åfjord,1998,4613
5058,Åfjord,1999,4559
5058,Åfjord,2000,4524
5058,Åfjord,2001,4528
5058,Åfjord,2002,4473
5058,Åfjord,2003,4425
5058,Åfjord,2004,4395
5058,Åfjord,2005,4411
5058,Åfjord,2006,4381
5058,Åfjord,2007,4288
5058,Åfjord,2008,4239
5058,Åfjord,2009,4247
5058,Åfjord,2010,4219
5058,Åfjord,2011,4223
5058,Åfjord,2012,4244
5058,Åfjord,2013,4233
5058,Åfjord,2014,4228
5058,Åfjord,2015,4225
5058,Åfjord,2016,4233
5058,Åfjord,2017,4222
5058,Åfjord,2018,4230
5058,Åfjord,2019,4297
5058,Åfjord,2020,4288
5058,Åfjord,2021,4271
5058,Åfjord,2022,4252
5058,Åfjord,2023,4252
5058,Åfjord,2024,4339
5058,Åfjord,2025,4342
5058,Åfjord,2026,4340
5059,Orkland,1986,17115
5059,Orkland,1987,17088
5059,Orkland,1988,17053
5059,Orkland,1989,17111
5059,Orkland,1990,17102
5059,Orkland,1991,16981
5059,Orkland,1992,16911
5059,Orkland,1993,16804
5059,Orkland,1994,16684
5059,Orkland,1995,16699
5059,Orkland,1996,16602
5059,Orkland,1997,16594
5059,Orkland,1998,16519
5059,Orkland,1999,16520
5059,Orkland,2000,16579
5059,Orkland,2001,16687
5059,Orkland,2002,16719
5059,Orkland,2003,16712
5059,Orkland,2004,16714
5059,Orkland,2005,16766
5059,Orkland,2006,16845
5059,Orkland,2007,17005
5059,Orkland,2008,17166
5059,Orkland,2009,17293
5059,Orkland,2010,17422
5059,Orkland,2011,17517
5059,Orkland,2012,17566
5059,Orkland,2013,17698
5059,Orkland,2014,17831
5059,Orkland,2015,17957
5059,Orkland,2016,17962
5059,Orkland,2017,18060
5059,Orkland,2018,18048
5059,Orkland,2019,18191
5059,Orkland,2020,18217
5059,Orkland,2021,18300
5059,Orkland,2022,18502
5059,Orkland,2023,18690
5059,Orkland,2024,18793
5059,Orkland,2025,18798
5059,Orkland,2026,18840
5060,Nærøysund,1986,9584
5060,Nærøysund,1987,9482
5060,Nærøysund,1988,9397
5060,Nærøysund,1989,9372
5060,Nærøysund,1990,9328
5060,Nærøysund,1991,9305
5060,Nærøysund,1992,9287
5060,Nærøysund,1993,9229
5060,Nærøysund,1994,9238
5060,Nærøysund,1995,9235
5060,Nærøysund,1996,9231
5060,Nærøysund,1997,9214
5060,Nærøysund,1998,9187
5060,Nærøysund,1999,9227
5060,Nærøysund,2000,9220
5060,Nærøysund,2001,9243
5060,Nærøysund,2002,9247
5060,Nærøysund,2003,9227
5060,Nærøysund,2004,9261
5060,Nærøysund,2005,9246
5060,Nærøysund,2006,9165
5060,Nærøysund,2007,9092
5060,Nærøysund,2008,9049
5060,Nærøysund,2009,9088
5060,Nærøysund,2010,9112
5060,Nærøysund,2011,9134
5060,Nærøysund,2012,9310
5060,Nærøysund,2013,9397
5060,Nærøysund,2014,9385
5060,Nærøysund,2015,9444
5060,Nærøysund,2016,9513
5060,Nærøysund,2017,9556
5060,Nærøysund,2018,9609
5060,Nærøysund,2019,9650
5060,Nærøysund,2020,9623
5060,Nærøysund,2021,9581
5060,Nærøysund,2022,9732
5060,Nærøysund,2023,9890
5060,Nærøysund,2024,9968
5060,Nærøysund,2025,9921
5060,Nærøysund,2026,9920
5061,Rindal,1986,2338
5061,Rindal,1987,2317
5061,Rindal,1988,2319
5061,Rindal,1989,2297
5061,Rindal,1990,2263
5061,Rindal,1991,2242
5061,Rindal,1992,2213
5061,Rindal,1993,2217
5061,Rindal,1994,2215
5061,Rindal,1995,2179
5061,Rindal,1996,2194
5061,Rindal,1997,2176
5061,Rindal,1998,2193
5061,Rindal,1999,2156
5061,Rindal,2000,2138
5061,Rindal,2001,2119
5061,Rindal,2002,2132
5061,Rindal,2003,2115
5061,Rindal,2004,2118
5061,Rindal,2005,2101
5061,Rindal,2006,2088
5061,Rindal,2007,2061
5061,Rindal,2008,2045
5061,Rindal,2009,2041
5061,Rindal,2010,2041
5061,Rindal,2011,2061
5061,Rindal,2012,2088
5061,Rindal,2013,2061
5061,Rindal,2014,2046
5061,Rindal,2015,2038
5061,Rindal,2016,2036
5061,Rindal,2017,2026
5061,Rindal,2018,2039
5061,Rindal,2019,2028
5061,Rindal,2020,2003
5061,Rindal,2021,1989
5061,Rindal,2022,1980
5061,Rindal,2023,1957
5061,Rindal,2024,1958
5061,Rindal,2025,1937
5061,Rindal,2026,1935
5501,Tromsø,1986,48091
5501,Tromsø,1987,48838
5501,Tromsø,1988,49459
5501,Tromsø,1989,50228
5501,Tromsø,1990,50548
5501,Tromsø,1991,51328
5501,Tromsø,1992,52504
5501,Tromsø,1993,53456
5501,Tromsø,1994,54614
5501,Tromsø,1995,55676
5501,Tromsø,1996,56646
5501,Tromsø,1997,57384
5501,Tromsø,1998,57485
5501,Tromsø,1999,58121
5501,Tromsø,2000,59145
5501,Tromsø,2001,60086
5501,Tromsø,2002,60524
5501,Tromsø,2003,61182
5501,Tromsø,2004,61897
5501,Tromsø,2005,62558
5501,Tromsø,2006,63596
5501,Tromsø,2007,64492
5501,Tromsø,2008,65286
5501,Tromsø,2009,66513
5501,Tromsø,2010,67305
5501,Tromsø,2011,68239
5501,Tromsø,2012,69116
5501,Tromsø,2013,70358
5501,Tromsø,2014,71590
5501,Tromsø,2015,72681
5501,Tromsø,2016,73480
5501,Tromsø,2017,74541
5501,Tromsø,2018,75638
5501,Tromsø,2019,76649
5501,Tromsø,2020,76974
5501,Tromsø,2021,77095
5501,Tromsø,2022,77544
5501,Tromsø,2023,77992
5501,Tromsø,2024,78745
5501,Tromsø,2025,79421
5501,Tromsø,2026,79943
5503,Harstad - Hárstták,1986,22753
5503,Harstad - Hárstták,1987,22891
5503,Harstad - Hárstták,1988,23038
5503,Harstad - Hárstták,1989,23088
5503,Harstad - Hárstták,1990,23107
5503,Harstad - Hárstták,1991,23074
5503,Harstad - Hárstták,1992,23288
5503,Harstad - Hárstták,1993,23340
5503,Harstad - Hárstták,1994,23417
5503,Harstad - Hárstták,1995,23607
5503,Harstad - Hárstták,1996,23629
5503,Harstad - Hárstták,1997,23618
5503,Harstad - Hárstták,1998,23571
5503,Harstad - Hárstták,1999,23641
5503,Harstad - Hárstták,2000,23627
5503,Harstad - Hárstták,2001,23624
5503,Harstad - Hárstták,2002,23646
5503,Harstad - Hárstták,2003,23694
5503,Harstad - Hárstták,2004,23692
5503,Harstad - Hárstták,2005,23643
5503,Harstad - Hárstták,2006,23765
5503,Harstad - Hárstták,2007,23784
5503,Harstad - Hárstták,2008,23617
5503,Harstad - Hárstták,2009,23629
5503,Harstad - Hárstták,2010,23739
5503,Harstad - Hárstták,2011,23899
5503,Harstad - Hárstták,2012,24095
5503,Harstad - Hárstták,2013,24291
5503,Harstad - Hárstták,2014,24441
5503,Harstad - Hárstták,2015,24676
5503,Harstad - Hárstták,2016,24695
5503,Harstad - Hárstták,2017,24845
5503,Harstad - Hárstták,2018,24820
5503,Harstad - Hárstták,2019,24827
5503,Harstad - Hárstták,2020,24703
5503,Harstad - Hárstták,2021,24738
5503,Harstad - Hárstták,2022,24804
5503,Harstad - Hárstták,2023,24903
5503,Harstad - Hárstták,2024,25056
5503,Harstad - Hárstták,2025,25167
5503,Harstad - Hárstták,2026,25204
5510,Kvæfjord,1986,3723
5510,Kvæfjord,1987,3691
5510,Kvæfjord,1988,3630
5510,Kvæfjord,1989,3601
5510,Kvæfjord,1990,3527
5510,Kvæfjord,1991,3500
5510,Kvæfjord,1992,3477
5510,Kvæfjord,1993,3424
5510,Kvæfjord,1994,3506
5510,Kvæfjord,1995,3416
5510,Kvæfjord,1996,3381
5510,Kvæfjord,1997,3377
5510,Kvæfjord,1998,3352
5510,Kvæfjord,1999,3314
5510,Kvæfjord,2000,3287
5510,Kvæfjord,2001,3225
5510,Kvæfjord,2002,3151
5510,Kvæfjord,2003,3102
5510,Kvæfjord,2004,3072
5510,Kvæfjord,2005,3072
5510,Kvæfjord,2006,3067
5510,Kvæfjord,2007,3048
5510,Kvæfjord,2008,3036
5510,Kvæfjord,2009,3032
5510,Kvæfjord,2010,3049
5510,Kvæfjord,2011,3050
5510,Kvæfjord,2012,3025
5510,Kvæfjord,2013,3082
5510,Kvæfjord,2014,3107
5510,Kvæfjord,2015,3076
5510,Kvæfjord,2016,3029
5510,Kvæfjord,2017,2986
5510,Kvæfjord,2018,2928
5510,Kvæfjord,2019,2858
5510,Kvæfjord,2020,2839
5510,Kvæfjord,2021,2822
5510,Kvæfjord,2022,2789
5510,Kvæfjord,2023,2866
5510,Kvæfjord,2024,2845
5510,Kvæfjord,2025,2852
5510,Kvæfjord,2026,2901
5512,Dielddanuorri - Tjeldsund,1986,5455
5512,Dielddanuorri - Tjeldsund,1987,5376
5512,Dielddanuorri - Tjeldsund,1988,5347
5512,Dielddanuorri - Tjeldsund,1989,5185
5512,Dielddanuorri - Tjeldsund,1990,5120
5512,Dielddanuorri - Tjeldsund,1991,5039
5512,Dielddanuorri - Tjeldsund,1992,4978
5512,Dielddanuorri - Tjeldsund,1993,4944
5512,Dielddanuorri - Tjeldsund,1994,4974
5512,Dielddanuorri - Tjeldsund,1995,4907
5512,Dielddanuorri - Tjeldsund,1996,4845
5512,Dielddanuorri - Tjeldsund,1997,4780
5512,Dielddanuorri - Tjeldsund,1998,4659
5512,Dielddanuorri - Tjeldsund,1999,4665
5512,Dielddanuorri - Tjeldsund,2000,4636
5512,Dielddanuorri - Tjeldsund,2001,4557
5512,Dielddanuorri - Tjeldsund,2002,4541
5512,Dielddanuorri - Tjeldsund,2003,4484
5512,Dielddanuorri - Tjeldsund,2004,4453
5512,Dielddanuorri - Tjeldsund,2005,4375
5512,Dielddanuorri - Tjeldsund,2006,4314
5512,Dielddanuorri - Tjeldsund,2007,4235
5512,Dielddanuorri - Tjeldsund,2008,4200
5512,Dielddanuorri - Tjeldsund,2009,4174
5512,Dielddanuorri - Tjeldsund,2010,4200
5512,Dielddanuorri - Tjeldsund,2011,4221
5512,Dielddanuorri - Tjeldsund,2012,4256
5512,Dielddanuorri - Tjeldsund,2013,4218
5512,Dielddanuorri - Tjeldsund,2014,4207
5512,Dielddanuorri - Tjeldsund,2015,4268
5512,Dielddanuorri - Tjeldsund,2016,4324
5512,Dielddanuorri - Tjeldsund,2017,4300
5512,Dielddanuorri - Tjeldsund,2018,4253
5512,Dielddanuorri - Tjeldsund,2019,4268
5512,Dielddanuorri - Tjeldsund,2020,4216
5512,Dielddanuorri - Tjeldsund,2021,4209
5512,Dielddanuorri - Tjeldsund,2022,4201
5512,Dielddanuorri - Tjeldsund,2023,4206
5512,Dielddanuorri - Tjeldsund,2024,4281
5512,Dielddanuorri - Tjeldsund,2025,4209
5512,Dielddanuorri - Tjeldsund,2026,4144
5514,Ibestad,1986,2445
5514,Ibestad,1987,2384
5514,Ibestad,1988,2328
5514,Ibestad,1989,2270
5514,Ibestad,1990,2229
5514,Ibestad,1991,2196
5514,Ibestad,1992,2146
5514,Ibestad,1993,2144
5514,Ibestad,1994,2106
5514,Ibestad,1995,2056
5514,Ibestad,1996,2039
5514,Ibestad,1997,1956
5514,Ibestad,1998,1899
5514,Ibestad,1999,1808
5514,Ibestad,2000,1763
5514,Ibestad,2001,1724
5514,Ibestad,2002,1715
5514,Ibestad,2003,1689
5514,Ibestad,2004,1696
5514,Ibestad,2005,1649
5514,Ibestad,2006,1630
5514,Ibestad,2007,1574
5514,Ibestad,2008,1511
5514,Ibestad,2009,1440
5514,Ibestad,2010,1408
5514,Ibestad,2011,1419
5514,Ibestad,2012,1410
5514,Ibestad,2013,1421
5514,Ibestad,2014,1436
5514,Ibestad,2015,1410
5514,Ibestad,2016,1403
5514,Ibestad,2017,1394
5514,Ibestad,2018,1380
5514,Ibestad,2019,1375
5514,Ibestad,2020,1361
5514,Ibestad,2021,1320
5514,Ibestad,2022,1289
5514,Ibestad,2023,1279
5514,Ibestad,2024,1311
5514,Ibestad,2025,1301
5514,Ibestad,2026,1287
5516,Gratangen - Rivtták,1986,1612
5516,Gratangen - Rivtták,1987,1549
5516,Gratangen - Rivtták,1988,1540
5516,Gratangen - Rivtták,1989,1491
5516,Gratangen - Rivtták,1990,1483
5516,Gratangen - Rivtták,1991,1470
5516,Gratangen - Rivtták,1992,1468
5516,Gratangen - Rivtták,1993,1448
5516,Gratangen - Rivtták,1994,1477
5516,Gratangen - Rivtták,1995,1416
5516,Gratangen - Rivtták,1996,1403
5516,Gratangen - Rivtták,1997,1380
5516,Gratangen - Rivtták,1998,1340
5516,Gratangen - Rivtták,1999,1329
5516,Gratangen - Rivtták,2000,1345
5516,Gratangen - Rivtták,2001,1307
5516,Gratangen - Rivtták,2002,1316
5516,Gratangen - Rivtták,2003,1302
5516,Gratangen - Rivtták,2004,1282
5516,Gratangen - Rivtták,2005,1268
5516,Gratangen - Rivtták,2006,1245
5516,Gratangen - Rivtták,2007,1226
5516,Gratangen - Rivtták,2008,1168
5516,Gratangen - Rivtták,2009,1151
5516,Gratangen - Rivtták,2010,1150
5516,Gratangen - Rivtták,2011,1115
5516,Gratangen - Rivtták,2012,1136
5516,Gratangen - Rivtták,2013,1119
5516,Gratangen - Rivtták,2014,1135
5516,Gratangen - Rivtták,2015,1137
5516,Gratangen - Rivtták,2016,1137
5516,Gratangen - Rivtták,2017,1121
5516,Gratangen - Rivtták,2018,1117
5516,Gratangen - Rivtták,2019,1105
5516,Gratangen - Rivtták,2020,1091
5516,Gratangen - Rivtták,2021,1092
5516,Gratangen - Rivtták,2022,1070
5516,Gratangen - Rivtták,2023,1079
5516,Gratangen - Rivtták,2024,1070
5516,Gratangen - Rivtták,2025,1062
5516,Gratangen - Rivtták,2026,1062
5518,Loabák - Lavangen,1986,1192
5518,Loabák - Lavangen,1987,1161
5518,Loabák - Lavangen,1988,1173
5518,Loabák - Lavangen,1989,1151
5518,Loabák - Lavangen,1990,1149
5518,Loabák - Lavangen,1991,1145
5518,Loabák - Lavangen,1992,1132
5518,Loabák - Lavangen,1993,1133
5518,Loabák - Lavangen,1994,1123
5518,Loabák - Lavangen,1995,1117
5518,Loabák - Lavangen,1996,1123
5518,Loabák - Lavangen,1997,1090
5518,Loabák - Lavangen,1998,1060
5518,Loabák - Lavangen,1999,1070
5518,Loabák - Lavangen,2000,1052
5518,Loabák - Lavangen,2001,1031
5518,Loabák - Lavangen,2002,1050
5518,Loabák - Lavangen,2003,1069
5518,Loabák - Lavangen,2004,1063
5518,Loabák - Lavangen,2005,1029
5518,Loabák - Lavangen,2006,1035
5518,Loabák - Lavangen,2007,1011
5518,Loabák - Lavangen,2008,1010
5518,Loabák - Lavangen,2009,1023
5518,Loabák - Lavangen,2010,1012
5518,Loabák - Lavangen,2011,1003
5518,Loabák - Lavangen,2012,1016
5518,Loabák - Lavangen,2013,1012
5518,Loabák - Lavangen,2014,1014
5518,Loabák - Lavangen,2015,1008
5518,Loabák - Lavangen,2016,1051
5518,Loabák - Lavangen,2017,1076
5518,Loabák - Lavangen,2018,1061
5518,Loabák - Lavangen,2019,1042
5518,Loabák - Lavangen,2020,1034
5518,Loabák - Lavangen,2021,1020
5518,Loabák - Lavangen,2022,970
5518,Loabák - Lavangen,2023,983
5518,Loabák - Lavangen,2024,986
5518,Loabák - Lavangen,2025,985
5518,Loabák - Lavangen,2026,1002
5520,Bardu,1986,4048
5520,Bardu,1987,3969
5520,Bardu,1988,3894
5520,Bardu,1989,3854
5520,Bardu,1990,3890
5520,Bardu,1991,3828
5520,Bardu,1992,3860
5520,Bardu,1993,3842
5520,Bardu,1994,3804
5520,Bardu,1995,3832
5520,Bardu,1996,3890
5520,Bardu,1997,3879
5520,Bardu,1998,3770
5520,Bardu,1999,3794
5520,Bardu,2000,3889
5520,Bardu,2001,3845
5520,Bardu,2002,3799
5520,Bardu,2003,3841
5520,Bardu,2004,3855
5520,Bardu,2005,3874
5520,Bardu,2006,3799
5520,Bardu,2007,3920
5520,Bardu,2008,3994
5520,Bardu,2009,3981
5520,Bardu,2010,3949
5520,Bardu,2011,3942
5520,Bardu,2012,3875
5520,Bardu,2013,3933
5520,Bardu,2014,3985
5520,Bardu,2015,4078
5520,Bardu,2016,4019
5520,Bardu,2017,3994
5520,Bardu,2018,3979
5520,Bardu,2019,4030
5520,Bardu,2020,4005
5520,Bardu,2021,3959
5520,Bardu,2022,3993
5520,Bardu,2023,3949
5520,Bardu,2024,3986
5520,Bardu,2025,3961
5520,Bardu,2026,4004
5522,Salangen,1986,2526
5522,Salangen,1987,2524
5522,Salangen,1988,2542
5522,Salangen,1989,2502
5522,Salangen,1990,2586
5522,Salangen,1991,2549
5522,Salangen,1992,2631
5522,Salangen,1993,2536
5522,Salangen,1994,2575
5522,Salangen,1995,2505
5522,Salangen,1996,2461
5522,Salangen,1997,2450
5522,Salangen,1998,2385
5522,Salangen,1999,2384
5522,Salangen,2000,2346
5522,Salangen,2001,2358
5522,Salangen,2002,2303
5522,Salangen,2003,2260
5522,Salangen,2004,2265
5522,Salangen,2005,2244
5522,Salangen,2006,2263
5522,Salangen,2007,2232
5522,Salangen,2008,2169
5522,Salangen,2009,2203
5522,Salangen,2010,2211
5522,Salangen,2011,2179
5522,Salangen,2012,2214
5522,Salangen,2013,2220
5522,Salangen,2014,2223
5522,Salangen,2015,2219
5522,Salangen,2016,2230
5522,Salangen,2017,2220
5522,Salangen,2018,2226
5522,Salangen,2019,2183
5522,Salangen,2020,2146
5522,Salangen,2021,2089
5522,Salangen,2022,2087
5522,Salangen,2023,2048
5522,Salangen,2024,2069
5522,Salangen,2025,2116
5522,Salangen,2026,2132
5524,Målselv,1986,7499
5524,Målselv,1987,7394
5524,Målselv,1988,7413
5524,Målselv,1989,7428
5524,Målselv,1990,7420
5524,Målselv,1991,7379
5524,Målselv,1992,7407
5524,Målselv,1993,7342
5524,Målselv,1994,7214
5524,Målselv,1995,7202
5524,Målselv,1996,7173
5524,Målselv,1997,7170
5524,Målselv,1998,7073
5524,Målselv,1999,7037
5524,Målselv,2000,7054
5524,Målselv,2001,7011
5524,Målselv,2002,6856
5524,Målselv,2003,6845
5524,Målselv,2004,6739
5524,Målselv,2005,6658
5524,Målselv,2006,6578
5524,Målselv,2007,6590
5524,Målselv,2008,6603
5524,Målselv,2009,6490
5524,Målselv,2010,6510
5524,Målselv,2011,6563
5524,Målselv,2012,6599
5524,Målselv,2013,6630
5524,Målselv,2014,6634
5524,Målselv,2015,6693
5524,Målselv,2016,6741
5524,Målselv,2017,6781
5524,Målselv,2018,6798
5524,Målselv,2019,6805
5524,Målselv,2020,6640
5524,Målselv,2021,6609
5524,Målselv,2022,6599
5524,Målselv,2023,6782
5524,Målselv,2024,6714
5524,Målselv,2025,6794
5524,Målselv,2026,6819
5526,Sørreisa,1986,3472
5526,Sørreisa,1987,3414
5526,Sørreisa,1988,3411
5526,Sørreisa,1989,3447
5526,Sørreisa,1990,3438
5526,Sørreisa,1991,3384
5526,Sørreisa,1992,3394
5526,Sørreisa,1993,3442
5526,Sørreisa,1994,3478
5526,Sørreisa,1995,3473
5526,Sørreisa,1996,3438
5526,Sørreisa,1997,3391
5526,Sørreisa,1998,3353
5526,Sørreisa,1999,3301
5526,Sørreisa,2000,3294
5526,Sørreisa,2001,3277
5526,Sørreisa,2002,3298
5526,Sørreisa,2003,3312
5526,Sørreisa,2004,3326
5526,Sørreisa,2005,3330
5526,Sørreisa,2006,3322
5526,Sørreisa,2007,3315
5526,Sørreisa,2008,3312
5526,Sørreisa,2009,3360
5526,Sørreisa,2010,3366
5526,Sørreisa,2011,3371
5526,Sørreisa,2012,3381
5526,Sørreisa,2013,3407
5526,Sørreisa,2014,3450
5526,Sørreisa,2015,3451
5526,Sørreisa,2016,3452
5526,Sørreisa,2017,3496
5526,Sørreisa,2018,3494
5526,Sørreisa,2019,3489
5526,Sørreisa,2020,3464
5526,Sørreisa,2021,3465
5526,Sørreisa,2022,3414
5526,Sørreisa,2023,3428
5526,Sørreisa,2024,3485
5526,Sørreisa,2025,3533
5526,Sørreisa,2026,3528
5528,Dyrøy,1986,1706
5528,Dyrøy,1987,1686
5528,Dyrøy,1988,1656
5528,Dyrøy,1989,1616
5528,Dyrøy,1990,1587
5528,Dyrøy,1991,1581
5528,Dyrøy,1992,1536
5528,Dyrøy,1993,1512
5528,Dyrøy,1994,1494
5528,Dyrøy,1995,1468
5528,Dyrøy,1996,1437
5528,Dyrøy,1997,1427
5528,Dyrøy,1998,1401
5528,Dyrøy,1999,1365
5528,Dyrøy,2000,1337
5528,Dyrøy,2001,1318
5528,Dyrøy,2002,1309
5528,Dyrøy,2003,1317
5528,Dyrøy,2004,1303
5528,Dyrøy,2005,1288
5528,Dyrøy,2006,1295
5528,Dyrøy,2007,1265
5528,Dyrøy,2008,1232
5528,Dyrøy,2009,1216
5528,Dyrøy,2010,1233
5528,Dyrøy,2011,1205
5528,Dyrøy,2012,1188
5528,Dyrøy,2013,1190
5528,Dyrøy,2014,1171
5528,Dyrøy,2015,1154
5528,Dyrøy,2016,1158
5528,Dyrøy,2017,1138
5528,Dyrøy,2018,1165
5528,Dyrøy,2019,1129
5528,Dyrøy,2020,1083
5528,Dyrøy,2021,1063
5528,Dyrøy,2022,1068
5528,Dyrøy,2023,1056
5528,Dyrøy,2024,1073
5528,Dyrøy,2025,1069
5528,Dyrøy,2026,1077
5530,Senja,1986,16068
5530,Senja,1987,15920
5530,Senja,1988,15734
5530,Senja,1989,15608
5530,Senja,1990,15425
5530,Senja,1991,15295
5530,Senja,1992,15184
5530,Senja,1993,15224
5530,Senja,1994,15182
5530,Senja,1995,15186
5530,Senja,1996,15148
5530,Senja,1997,15173
5530,Senja,1998,15087
5530,Senja,1999,14946
5530,Senja,2000,15011
5530,Senja,2001,15069
5530,Senja,2002,14954
5530,Senja,2003,14914
5530,Senja,2004,14899
5530,Senja,2005,14714
5530,Senja,2006,14650
5530,Senja,2007,14537
5530,Senja,2008,14613
5530,Senja,2009,14602
5530,Senja,2010,14620
5530,Senja,2011,14650
5530,Senja,2012,14648
5530,Senja,2013,14773
5530,Senja,2014,14863
5530,Senja,2015,14868
5530,Senja,2016,14989
5530,Senja,2017,15072
5530,Senja,2018,15025
5530,Senja,2019,15011
5530,Senja,2020,14851
5530,Senja,2021,14725
5530,Senja,2022,14738
5530,Senja,2023,14851
5530,Senja,2024,14894
5530,Senja,2025,14948
5530,Senja,2026,14946
5532,Balsfjord,1986,6717
5532,Balsfjord,1987,6657
5532,Balsfjord,1988,6532
5532,Balsfjord,1989,6450
5532,Balsfjord,1990,6378
5532,Balsfjord,1991,6319
5532,Balsfjord,1992,6248
5532,Balsfjord,1993,6181
5532,Balsfjord,1994,6118
5532,Balsfjord,1995,6085
5532,Balsfjord,1996,5976
5532,Balsfjord,1997,5910
5532,Balsfjord,1998,5848
5532,Balsfjord,1999,5814
5532,Balsfjord,2000,5749
5532,Balsfjord,2001,5742
5532,Balsfjord,2002,5642
5532,Balsfjord,2003,5638
5532,Balsfjord,2004,5611
5532,Balsfjord,2005,5560
5532,Balsfjord,2006,5569
5532,Balsfjord,2007,5569
5532,Balsfjord,2008,5529
5532,Balsfjord,2009,5497
5532,Balsfjord,2010,5515
5532,Balsfjord,2011,5517
5532,Balsfjord,2012,5502
5532,Balsfjord,2013,5562
5532,Balsfjord,2014,5593
5532,Balsfjord,2015,5720
5532,Balsfjord,2016,5701
5532,Balsfjord,2017,5685
5532,Balsfjord,2018,5653
5532,Balsfjord,2019,5625
5532,Balsfjord,2020,5559
5532,Balsfjord,2021,5559
5532,Balsfjord,2022,5576
5532,Balsfjord,2023,5517
5532,Balsfjord,2024,5571
5532,Balsfjord,2025,5595
5532,Balsfjord,2026,5625
5534,Karlsøy,1986,2965
5534,Karlsøy,1987,2881
5534,Karlsøy,1988,2836
5534,Karlsøy,1989,2820
5534,Karlsøy,1990,2774
5534,Karlsøy,1991,2717
5534,Karlsøy,1992,2694
5534,Karlsøy,1993,2701
5534,Karlsøy,1994,2601
5534,Karlsøy,1995,2611
5534,Karlsøy,1996,2599
5534,Karlsøy,1997,2553
5534,Karlsøy,1998,2531
5534,Karlsøy,1999,2462
5534,Karlsøy,2000,2496
5534,Karlsøy,2001,2465
5534,Karlsøy,2002,2464
5534,Karlsøy,2003,2463
5534,Karlsøy,2004,2406
5534,Karlsøy,2005,2372
5534,Karlsøy,2006,2369
5534,Karlsøy,2007,2344
5534,Karlsøy,2008,2404
5534,Karlsøy,2009,2383
5534,Karlsøy,2010,2371
5534,Karlsøy,2011,2357
5534,Karlsøy,2012,2355
5534,Karlsøy,2013,2317
5534,Karlsøy,2014,2334
5534,Karlsøy,2015,2289
5534,Karlsøy,2016,2282
5534,Karlsøy,2017,2273
5534,Karlsøy,2018,2263
5534,Karlsøy,2019,2252
5534,Karlsøy,2020,2200
5534,Karlsøy,2021,2172
5534,Karlsøy,2022,2179
5534,Karlsøy,2023,2171
5534,Karlsøy,2024,2237
5534,Karlsøy,2025,2223
5534,Karlsøy,2026,2235
5536,Lyngen - Ivgu - Yykeä,1986,3735
5536,Lyngen - Ivgu - Yykeä,1987,3675
5536,Lyngen - Ivgu - Yykeä,1988,3600
5536,Lyngen - Ivgu - Yykeä,1989,3573
5536,Lyngen - Ivgu - Yykeä,1990,3595
5536,Lyngen - Ivgu - Yykeä,1991,3602
5536,Lyngen - Ivgu - Yykeä,1992,3527
5536,Lyngen - Ivgu - Yykeä,1993,3505
5536,Lyngen - Ivgu - Yykeä,1994,3499
5536,Lyngen - Ivgu - Yykeä,1995,3479
5536,Lyngen - Ivgu - Yykeä,1996,3435
5536,Lyngen - Ivgu - Yykeä,1997,3395
5536,Lyngen - Ivgu - Yykeä,1998,3342
5536,Lyngen - Ivgu - Yykeä,1999,3245
5536,Lyngen - Ivgu - Yykeä,2000,3225
5536,Lyngen - Ivgu - Yykeä,2001,3193
5536,Lyngen - Ivgu - Yykeä,2002,3183
5536,Lyngen - Ivgu - Yykeä,2003,3176
5536,Lyngen - Ivgu - Yykeä,2004,3167
5536,Lyngen - Ivgu - Yykeä,2005,3158
5536,Lyngen - Ivgu - Yykeä,2006,3161
5536,Lyngen - Ivgu - Yykeä,2007,3199
5536,Lyngen - Ivgu - Yykeä,2008,3208
5536,Lyngen - Ivgu - Yykeä,2009,3166
5536,Lyngen - Ivgu - Yykeä,2010,3152
5536,Lyngen - Ivgu - Yykeä,2011,3086
5536,Lyngen - Ivgu - Yykeä,2012,3028
5536,Lyngen - Ivgu - Yykeä,2013,3013
5536,Lyngen - Ivgu - Yykeä,2014,2992
5536,Lyngen - Ivgu - Yykeä,2015,2922
5536,Lyngen - Ivgu - Yykeä,2016,2861
5536,Lyngen - Ivgu - Yykeä,2017,2876
5536,Lyngen - Ivgu - Yykeä,2018,2877
5536,Lyngen - Ivgu - Yykeä,2019,2847
5536,Lyngen - Ivgu - Yykeä,2020,2794
5536,Lyngen - Ivgu - Yykeä,2021,2773
5536,Lyngen - Ivgu - Yykeä,2022,2729
5536,Lyngen - Ivgu - Yykeä,2023,2714
5536,Lyngen - Ivgu - Yykeä,2024,2743
5536,Lyngen - Ivgu - Yykeä,2025,2734
5536,Lyngen - Ivgu - Yykeä,2026,2732
5538,Storfjord - Omasvuotna - Omasvuono,1986,1917
5538,Storfjord - Omasvuotna - Omasvuono,1987,1850
5538,Storfjord - Omasvuotna - Omasvuono,1988,1855
5538,Storfjord - Omasvuotna - Omasvuono,1989,1850
5538,Storfjord - Omasvuotna - Omasvuono,1990,1836
5538,Storfjord - Omasvuotna - Omasvuono,1991,1889
5538,Storfjord - Omasvuotna - Omasvuono,1992,1879
5538,Storfjord - Omasvuotna - Omasvuono,1993,1905
5538,Storfjord - Omasvuotna - Omasvuono,1994,1918
5538,Storfjord - Omasvuotna - Omasvuono,1995,1939
5538,Storfjord - Omasvuotna - Omasvuono,1996,1918
5538,Storfjord - Omasvuotna - Omasvuono,1997,1912
5538,Storfjord - Omasvuotna - Omasvuono,1998,1866
5538,Storfjord - Omasvuotna - Omasvuono,1999,1863
5538,Storfjord - Omasvuotna - Omasvuono,2000,1872
5538,Storfjord - Omasvuotna - Omasvuono,2001,1856
5538,Storfjord - Omasvuotna - Omasvuono,2002,1860
5538,Storfjord - Omasvuotna - Omasvuono,2003,1879
5538,Storfjord - Omasvuotna - Omasvuono,2004,1912
5538,Storfjord - Omasvuotna - Omasvuono,2005,1934
5538,Storfjord - Omasvuotna - Omasvuono,2006,1932
5538,Storfjord - Omasvuotna - Omasvuono,2007,1911
5538,Storfjord - Omasvuotna - Omasvuono,2008,1893
5538,Storfjord - Omasvuotna - Omasvuono,2009,1869
5538,Storfjord - Omasvuotna - Omasvuono,2010,1888
5538,Storfjord - Omasvuotna - Omasvuono,2011,1894
5538,Storfjord - Omasvuotna - Omasvuono,2012,1909
5538,Storfjord - Omasvuotna - Omasvuono,2013,1942
5538,Storfjord - Omasvuotna - Omasvuono,2014,1941
5538,Storfjord - Omasvuotna - Omasvuono,2015,1898
5538,Storfjord - Omasvuotna - Omasvuono,2016,1865
5538,Storfjord - Omasvuotna - Omasvuono,2017,1890
5538,Storfjord - Omasvuotna - Omasvuono,2018,1856
5538,Storfjord - Omasvuotna - Omasvuono,2019,1841
5538,Storfjord - Omasvuotna - Omasvuono,2020,1829
5538,Storfjord - Omasvuotna - Omasvuono,2021,1831
5538,Storfjord - Omasvuotna - Omasvuono,2022,1836
5538,Storfjord - Omasvuotna - Omasvuono,2023,1836
5538,Storfjord - Omasvuotna - Omasvuono,2024,1825
5538,Storfjord - Omasvuotna - Omasvuono,2025,1829
5538,Storfjord - Omasvuotna - Omasvuono,2026,1848
5540,Gáivuotna - Kåfjord - Kaivuono,1986,2944
5540,Gáivuotna - Kåfjord - Kaivuono,1987,2904
5540,Gáivuotna - Kåfjord - Kaivuono,1988,2867
5540,Gáivuotna - Kåfjord - Kaivuono,1989,2832
5540,Gáivuotna - Kåfjord - Kaivuono,1990,2819
5540,Gáivuotna - Kåfjord - Kaivuono,1991,2759
5540,Gáivuotna - Kåfjord - Kaivuono,1992,2773
5540,Gáivuotna - Kåfjord - Kaivuono,1993,2746
5540,Gáivuotna - Kåfjord - Kaivuono,1994,2708
5540,Gáivuotna - Kåfjord - Kaivuono,1995,2677
5540,Gáivuotna - Kåfjord - Kaivuono,1996,2623
5540,Gáivuotna - Kåfjord - Kaivuono,1997,2536
5540,Gáivuotna - Kåfjord - Kaivuono,1998,2484
5540,Gáivuotna - Kåfjord - Kaivuono,1999,2429
5540,Gáivuotna - Kåfjord - Kaivuono,2000,2369
5540,Gáivuotna - Kåfjord - Kaivuono,2001,2311
5540,Gáivuotna - Kåfjord - Kaivuono,2002,2344
5540,Gáivuotna - Kåfjord - Kaivuono,2003,2359
5540,Gáivuotna - Kåfjord - Kaivuono,2004,2332
5540,Gáivuotna - Kåfjord - Kaivuono,2005,2288
5540,Gáivuotna - Kåfjord - Kaivuono,2006,2261
5540,Gáivuotna - Kåfjord - Kaivuono,2007,2220
5540,Gáivuotna - Kåfjord - Kaivuono,2008,2248
5540,Gáivuotna - Kåfjord - Kaivuono,2009,2236
5540,Gáivuotna - Kåfjord - Kaivuono,2010,2207
5540,Gáivuotna - Kåfjord - Kaivuono,2011,2185
5540,Gáivuotna - Kåfjord - Kaivuono,2012,2210
5540,Gáivuotna - Kåfjord - Kaivuono,2013,2208
5540,Gáivuotna - Kåfjord - Kaivuono,2014,2221
5540,Gáivuotna - Kåfjord - Kaivuono,2015,2182
5540,Gáivuotna - Kåfjord - Kaivuono,2016,2150
5540,Gáivuotna - Kåfjord - Kaivuono,2017,2132
5540,Gáivuotna - Kåfjord - Kaivuono,2018,2132
5540,Gáivuotna - Kåfjord - Kaivuono,2019,2097
5540,Gáivuotna - Kåfjord - Kaivuono,2020,2071
5540,Gáivuotna - Kåfjord - Kaivuono,2021,2072
5540,Gáivuotna - Kåfjord - Kaivuono,2022,2012
5540,Gáivuotna - Kåfjord - Kaivuono,2023,2000
5540,Gáivuotna - Kåfjord - Kaivuono,2024,1974
5540,Gáivuotna - Kåfjord - Kaivuono,2025,1955
5540,Gáivuotna - Kåfjord - Kaivuono,2026,1939
5542,Skjervøy,1986,3320
5542,Skjervøy,1987,3197
5542,Skjervøy,1988,3134
5542,Skjervøy,1989,3116
5542,Skjervøy,1990,3082
5542,Skjervøy,1991,3031
5542,Skjervøy,1992,3055
5542,Skjervøy,1993,3087
5542,Skjervøy,1994,3046
5542,Skjervøy,1995,3081
5542,Skjervøy,1996,3079
5542,Skjervøy,1997,3030
5542,Skjervøy,1998,2973
5542,Skjervøy,1999,2914
5542,Skjervøy,2000,2934
5542,Skjervøy,2001,2996
5542,Skjervøy,2002,3014
5542,Skjervøy,2003,3021
5542,Skjervøy,2004,3002
5542,Skjervøy,2005,3003
5542,Skjervøy,2006,2971
5542,Skjervøy,2007,2966
5542,Skjervøy,2008,2934
5542,Skjervøy,2009,2897
5542,Skjervøy,2010,2881
5542,Skjervøy,2011,2885
5542,Skjervøy,2012,2880
5542,Skjervøy,2013,2905
5542,Skjervøy,2014,2881
5542,Skjervøy,2015,2895
5542,Skjervøy,2016,2920
5542,Skjervøy,2017,2912
5542,Skjervøy,2018,2925
5542,Skjervøy,2019,2917
5542,Skjervøy,2020,2927
5542,Skjervøy,2021,2893
5542,Skjervøy,2022,2804
5542,Skjervøy,2023,2790
5542,Skjervøy,2024,2794
5542,Skjervøy,2025,2784
5542,Skjervøy,2026,2802
5544,Nordreisa - Ráisa - Raisi,1986,4768
5544,Nordreisa - Ráisa - Raisi,1987,4703
5544,Nordreisa - Ráisa - Raisi,1988,4698
5544,Nordreisa - Ráisa - Raisi,1989,4682
5544,Nordreisa - Ráisa - Raisi,1990,4697
5544,Nordreisa - Ráisa - Raisi,1991,4753
5544,Nordreisa - Ráisa - Raisi,1992,4788
5544,Nordreisa - Ráisa - Raisi,1993,4833
5544,Nordreisa - Ráisa - Raisi,1994,4864
5544,Nordreisa - Ráisa - Raisi,1995,4905
5544,Nordreisa - Ráisa - Raisi,1996,4914
5544,Nordreisa - Ráisa - Raisi,1997,4855
5544,Nordreisa - Ráisa - Raisi,1998,4816
5544,Nordreisa - Ráisa - Raisi,1999,4765
5544,Nordreisa - Ráisa - Raisi,2000,4821
5544,Nordreisa - Ráisa - Raisi,2001,4816
5544,Nordreisa - Ráisa - Raisi,2002,4739
5544,Nordreisa - Ráisa - Raisi,2003,4726
5544,Nordreisa - Ráisa - Raisi,2004,4710
5544,Nordreisa - Ráisa - Raisi,2005,4744
5544,Nordreisa - Ráisa - Raisi,2006,4772
5544,Nordreisa - Ráisa - Raisi,2007,4699
5544,Nordreisa - Ráisa - Raisi,2008,4665
5544,Nordreisa - Ráisa - Raisi,2009,4694
5544,Nordreisa - Ráisa - Raisi,2010,4757
5544,Nordreisa - Ráisa - Raisi,2011,4805
5544,Nordreisa - Ráisa - Raisi,2012,4807
5544,Nordreisa - Ráisa - Raisi,2013,4850
5544,Nordreisa - Ráisa - Raisi,2014,4854
5544,Nordreisa - Ráisa - Raisi,2015,4882
5544,Nordreisa - Ráisa - Raisi,2016,4895
5544,Nordreisa - Ráisa - Raisi,2017,4919
5544,Nordreisa - Ráisa - Raisi,2018,4944
5544,Nordreisa - Ráisa - Raisi,2019,4909
5544,Nordreisa - Ráisa - Raisi,2020,4861
5544,Nordreisa - Ráisa - Raisi,2021,4812
5544,Nordreisa - Ráisa - Raisi,2022,4746
5544,Nordreisa - Ráisa - Raisi,2023,4772
5544,Nordreisa - Ráisa - Raisi,2024,4794
5544,Nordreisa - Ráisa - Raisi,2025,4810
5544,Nordreisa - Ráisa - Raisi,2026,4863
5546,Kvænangen,1986,1691
5546,Kvænangen,1987,1697
5546,Kvænangen,1988,1628
5546,Kvænangen,1989,1610
5546,Kvænangen,1990,1615
5546,Kvænangen,1991,1638
5546,Kvænangen,1992,1640
5546,Kvænangen,1993,1638
5546,Kvænangen,1994,1606
5546,Kvænangen,1995,1602
5546,Kvænangen,1996,1589
5546,Kvænangen,1997,1550
5546,Kvænangen,1998,1516
5546,Kvænangen,1999,1458
5546,Kvænangen,2000,1435
5546,Kvænangen,2001,1427
5546,Kvænangen,2002,1442
5546,Kvænangen,2003,1418
5546,Kvænangen,2004,1394
5546,Kvænangen,2005,1401
5546,Kvænangen,2006,1387
5546,Kvænangen,2007,1351
5546,Kvænangen,2008,1348
5546,Kvænangen,2009,1330
5546,Kvænangen,2010,1316
5546,Kvænangen,2011,1294
5546,Kvænangen,2012,1284
5546,Kvænangen,2013,1245
5546,Kvænangen,2014,1234
5546,Kvænangen,2015,1226
5546,Kvænangen,2016,1231
5546,Kvænangen,2017,1233
5546,Kvænangen,2018,1224
5546,Kvænangen,2019,1202
5546,Kvænangen,2020,1191
5546,Kvænangen,2021,1166
5546,Kvænangen,2022,1159
5546,Kvænangen,2023,1118
5546,Kvænangen,2024,1157
5546,Kvænangen,2025,1131
5546,Kvænangen,2026,1125
5601,Alta,1986,14000
5601,Alta,1987,14122
5601,Alta,1988,14367
5601,Alta,1989,14589
5601,Alta,1990,14857
5601,Alta,1991,15223
5601,Alta,1992,15492
5601,Alta,1993,15838
5601,Alta,1994,16085
5601,Alta,1995,16338
5601,Alta,1996,16426
5601,Alta,1997,16417
5601,Alta,1998,16537
5601,Alta,1999,16526
5601,Alta,2000,16837
5601,Alta,2001,17079
5601,Alta,2002,17159
5601,Alta,2003,17359
5601,Alta,2004,17440
5601,Alta,2005,17628
5601,Alta,2006,17889
5601,Alta,2007,18090
5601,Alta,2008,18272
5601,Alta,2009,18488
5601,Alta,2010,18680
5601,Alta,2011,19071
5601,Alta,2012,19282
5601,Alta,2013,19646
5601,Alta,2014,19822
5601,Alta,2015,19898
5601,Alta,2016,20097
5601,Alta,2017,20446
5601,Alta,2018,20635
5601,Alta,2019,20665
5601,Alta,2020,20789
5601,Alta,2021,20847
5601,Alta,2022,21144
5601,Alta,2023,21317
5601,Alta,2024,21708
5601,Alta,2025,21877
5601,Alta,2026,22074
5603,Hammerfest - Hámmerfeasta,1986,10911
5603,Hammerfest - Hámmerfeasta,1987,10781
5603,Hammerfest - Hámmerfeasta,1988,10657
5603,Hammerfest - Hámmerfeasta,1989,10646
5603,Hammerfest - Hámmerfeasta,1990,10634
5603,Hammerfest - Hámmerfeasta,1991,10610
5603,Hammerfest - Hámmerfeasta,1992,10724
5603,Hammerfest - Hámmerfeasta,1993,10747
5603,Hammerfest - Hámmerfeasta,1994,10822
5603,Hammerfest - Hámmerfeasta,1995,10819
5603,Hammerfest - Hámmerfeasta,1996,10742
5603,Hammerfest - Hámmerfeasta,1997,10552
5603,Hammerfest - Hámmerfeasta,1998,10364
5603,Hammerfest - Hámmerfeasta,1999,10239
5603,Hammerfest - Hámmerfeasta,2000,10319
5603,Hammerfest - Hámmerfeasta,2001,10276
5603,Hammerfest - Hámmerfeasta,2002,10111
5603,Hammerfest - Hámmerfeasta,2003,10173
5603,Hammerfest - Hámmerfeasta,2004,10250
5603,Hammerfest - Hámmerfeasta,2005,10341
5603,Hammerfest - Hámmerfeasta,2006,10431
5603,Hammerfest - Hámmerfeasta,2007,10483
5603,Hammerfest - Hámmerfeasta,2008,10508
5603,Hammerfest - Hámmerfeasta,2009,10537
5603,Hammerfest - Hámmerfeasta,2010,10750
5603,Hammerfest - Hámmerfeasta,2011,10910
5603,Hammerfest - Hámmerfeasta,2012,10944
5603,Hammerfest - Hámmerfeasta,2013,11108
5603,Hammerfest - Hámmerfeasta,2014,11338
5603,Hammerfest - Hámmerfeasta,2015,11466
5603,Hammerfest - Hámmerfeasta,2016,11490
5603,Hammerfest - Hámmerfeasta,2017,11554
5603,Hammerfest - Hámmerfeasta,2018,11560
5603,Hammerfest - Hámmerfeasta,2019,11524
5603,Hammerfest - Hámmerfeasta,2020,11448
5603,Hammerfest - Hámmerfeasta,2021,11331
5603,Hammerfest - Hámmerfeasta,2022,11274
5603,Hammerfest - Hámmerfeasta,2023,11310
5603,Hammerfest - Hámmerfeasta,2024,11338
5603,Hammerfest - Hámmerfeasta,2025,11324
5603,Hammerfest - Hámmerfeasta,2026,11391
5605,Sør-Varanger,1986,9853
5605,Sør-Varanger,1987,9745
5605,Sør-Varanger,1988,9564
5605,Sør-Varanger,1989,9579
5605,Sør-Varanger,1990,9641
5605,Sør-Varanger,1991,9693
5605,Sør-Varanger,1992,9758
5605,Sør-Varanger,1993,9819
5605,Sør-Varanger,1994,9930
5605,Sør-Varanger,1995,9913
5605,Sør-Varanger,1996,10010
5605,Sør-Varanger,1997,9843
5605,Sør-Varanger,1998,9790
5605,Sør-Varanger,1999,9646
5605,Sør-Varanger,2000,9532
5605,Sør-Varanger,2001,9498
5605,Sør-Varanger,2002,9608
5605,Sør-Varanger,2003,9547
5605,Sør-Varanger,2004,9500
5605,Sør-Varanger,2005,9463
5605,Sør-Varanger,2006,9464
5605,Sør-Varanger,2007,9490
5605,Sør-Varanger,2008,9518
5605,Sør-Varanger,2009,9623
5605,Sør-Varanger,2010,9738
5605,Sør-Varanger,2011,9826
5605,Sør-Varanger,2012,9860
5605,Sør-Varanger,2013,9968
5605,Sør-Varanger,2014,10090
5605,Sør-Varanger,2015,10221
5605,Sør-Varanger,2016,10227
5605,Sør-Varanger,2017,10199
5605,Sør-Varanger,2018,10171
5605,Sør-Varanger,2019,10156
5605,Sør-Varanger,2020,10158
5605,Sør-Varanger,2021,10103
5605,Sør-Varanger,2022,9925
5605,Sør-Varanger,2023,9850
5605,Sør-Varanger,2024,10063
5605,Sør-Varanger,2025,9963
5605,Sør-Varanger,2026,9947
5607,Vadsø,1986,5958
5607,Vadsø,1987,5852
5607,Vadsø,1988,5894
5607,Vadsø,1989,5947
5607,Vadsø,1990,5967
5607,Vadsø,1991,6006
5607,Vadsø,1992,6055
5607,Vadsø,1993,6282
5607,Vadsø,1994,6391
5607,Vadsø,1995,6415
5607,Vadsø,1996,6330
5607,Vadsø,1997,6234
5607,Vadsø,1998,6164
5607,Vadsø,1999,6182
5607,Vadsø,2000,6130
5607,Vadsø,2001,6167
5607,Vadsø,2002,6120
5607,Vadsø,2003,6122
5607,Vadsø,2004,6186
5607,Vadsø,2005,6181
5607,Vadsø,2006,6114
5607,Vadsø,2007,6124
5607,Vadsø,2008,6062
5607,Vadsø,2009,6076
5607,Vadsø,2010,6101
5607,Vadsø,2011,6095
5607,Vadsø,2012,6125
5607,Vadsø,2013,6163
5607,Vadsø,2014,6223
5607,Vadsø,2015,6239
5607,Vadsø,2016,6160
5607,Vadsø,2017,6154
5607,Vadsø,2018,6033
5607,Vadsø,2019,5894
5607,Vadsø,2020,5788
5607,Vadsø,2021,5642
5607,Vadsø,2022,5568
5607,Vadsø,2023,5593
5607,Vadsø,2024,5807
5607,Vadsø,2025,5777
5607,Vadsø,2026,5808
5610,Kárásjohka - Karasjok,1986,2694
5610,Kárásjohka - Karasjok,1987,2654
5610,Kárásjohka - Karasjok,1988,2670
5610,Kárásjohka - Karasjok,1989,2658
5610,Kárásjohka - Karasjok,1990,2652
5610,Kárásjohka - Karasjok,1991,2690
5610,Kárásjohka - Karasjok,1992,2726
5610,Kárásjohka - Karasjok,1993,2757
5610,Kárásjohka - Karasjok,1994,2786
5610,Kárásjohka - Karasjok,1995,2788
5610,Kárásjohka - Karasjok,1996,2789
5610,Kárásjohka - Karasjok,1997,2867
5610,Kárásjohka - Karasjok,1998,2857
5610,Kárásjohka - Karasjok,1999,2871
5610,Kárásjohka - Karasjok,2000,2901
5610,Kárásjohka - Karasjok,2001,2877
5610,Kárásjohka - Karasjok,2002,2852
5610,Kárásjohka - Karasjok,2003,2844
5610,Kárásjohka - Karasjok,2004,2865
5610,Kárásjohka - Karasjok,2005,2876
5610,Kárásjohka - Karasjok,2006,2889
5610,Kárásjohka - Karasjok,2007,2873
5610,Kárásjohka - Karasjok,2008,2866
5610,Kárásjohka - Karasjok,2009,2786
5610,Kárásjohka - Karasjok,2010,2789
5610,Kárásjohka - Karasjok,2011,2768
5610,Kárásjohka - Karasjok,2012,2763
5610,Kárásjohka - Karasjok,2013,2721
5610,Kárásjohka - Karasjok,2014,2698
5610,Kárásjohka - Karasjok,2015,2708
5610,Kárásjohka - Karasjok,2016,2668
5610,Kárásjohka - Karasjok,2017,2696
5610,Kárásjohka - Karasjok,2018,2701
5610,Kárásjohka - Karasjok,2019,2673
5610,Kárásjohka - Karasjok,2020,2628
5610,Kárásjohka - Karasjok,2021,2641
5610,Kárásjohka - Karasjok,2022,2584
5610,Kárásjohka - Karasjok,2023,2543
5610,Kárásjohka - Karasjok,2024,2565
5610,Kárásjohka - Karasjok,2025,2524
5610,Kárásjohka - Karasjok,2026,2524
5612,Guovdageaidnu - Kautokeino,1986,2925
5612,Guovdageaidnu - Kautokeino,1987,2893
5612,Guovdageaidnu - Kautokeino,1988,2907
5612,Guovdageaidnu - Kautokeino,1989,2930
5612,Guovdageaidnu - Kautokeino,1990,2953
5612,Guovdageaidnu - Kautokeino,1991,2963
5612,Guovdageaidnu - Kautokeino,1992,3011
5612,Guovdageaidnu - Kautokeino,1993,3080
5612,Guovdageaidnu - Kautokeino,1994,3110
5612,Guovdageaidnu - Kautokeino,1995,3141
5612,Guovdageaidnu - Kautokeino,1996,3162
5612,Guovdageaidnu - Kautokeino,1997,3176
5612,Guovdageaidnu - Kautokeino,1998,3140
5612,Guovdageaidnu - Kautokeino,1999,3121
5612,Guovdageaidnu - Kautokeino,2000,3068
5612,Guovdageaidnu - Kautokeino,2001,3076
5612,Guovdageaidnu - Kautokeino,2002,3052
5612,Guovdageaidnu - Kautokeino,2003,3022
5612,Guovdageaidnu - Kautokeino,2004,3002
5612,Guovdageaidnu - Kautokeino,2005,2997
5612,Guovdageaidnu - Kautokeino,2006,2998
5612,Guovdageaidnu - Kautokeino,2007,2965
5612,Guovdageaidnu - Kautokeino,2008,2947
5612,Guovdageaidnu - Kautokeino,2009,2971
5612,Guovdageaidnu - Kautokeino,2010,2949
5612,Guovdageaidnu - Kautokeino,2011,2935
5612,Guovdageaidnu - Kautokeino,2012,2927
5612,Guovdageaidnu - Kautokeino,2013,2923
5612,Guovdageaidnu - Kautokeino,2014,2931
5612,Guovdageaidnu - Kautokeino,2015,2914
5612,Guovdageaidnu - Kautokeino,2016,2956
5612,Guovdageaidnu - Kautokeino,2017,2938
5612,Guovdageaidnu - Kautokeino,2018,2946
5612,Guovdageaidnu - Kautokeino,2019,2924
5612,Guovdageaidnu - Kautokeino,2020,2910
5612,Guovdageaidnu - Kautokeino,2021,2920
5612,Guovdageaidnu - Kautokeino,2022,2877
5612,Guovdageaidnu - Kautokeino,2023,2847
5612,Guovdageaidnu - Kautokeino,2024,2848
5612,Guovdageaidnu - Kautokeino,2025,2852
5612,Guovdageaidnu - Kautokeino,2026,2886
5614,Loppa,1986,1922
5614,Loppa,1987,1866
5614,Loppa,1988,1769
5614,Loppa,1989,1703
5614,Loppa,1990,1687
5614,Loppa,1991,1655
5614,Loppa,1992,1629
5614,Loppa,1993,1599
5614,Loppa,1994,1549
5614,Loppa,1995,1552
5614,Loppa,1996,1517
5614,Loppa,1997,1486
5614,Loppa,1998,1448
5614,Loppa,1999,1443
5614,Loppa,2000,1426
5614,Loppa,2001,1421
5614,Loppa,2002,1398
5614,Loppa,2003,1329
5614,Loppa,2004,1294
5614,Loppa,2005,1266
5614,Loppa,2006,1213
5614,Loppa,2007,1150
5614,Loppa,2008,1106
5614,Loppa,2009,1087
5614,Loppa,2010,1087
5614,Loppa,2011,1078
5614,Loppa,2012,1087
5614,Loppa,2013,1070
5614,Loppa,2014,1027
5614,Loppa,2015,989
5614,Loppa,2016,951
5614,Loppa,2017,968
5614,Loppa,2018,941
5614,Loppa,2019,917
5614,Loppa,2020,888
5614,Loppa,2021,860
5614,Loppa,2022,859
5614,Loppa,2023,862
5614,Loppa,2024,864
5614,Loppa,2025,864
5614,Loppa,2026,846
5616,Hasvik,1986,1537
5616,Hasvik,1987,1459
5616,Hasvik,1988,1412
5616,Hasvik,1989,1375
5616,Hasvik,1990,1337
5616,Hasvik,1991,1361
5616,Hasvik,1992,1426
5616,Hasvik,1993,1403
5616,Hasvik,1994,1351
5616,Hasvik,1995,1334
5616,Hasvik,1996,1316
5616,Hasvik,1997,1265
5616,Hasvik,1998,1245
5616,Hasvik,1999,1237
5616,Hasvik,2000,1200
5616,Hasvik,2001,1204
5616,Hasvik,2002,1184
5616,Hasvik,2003,1107
5616,Hasvik,2004,1095
5616,Hasvik,2005,1049
5616,Hasvik,2006,1033
5616,Hasvik,2007,1005
5616,Hasvik,2008,998
5616,Hasvik,2009,970
5616,Hasvik,2010,934
5616,Hasvik,2011,972
5616,Hasvik,2012,995
5616,Hasvik,2013,1023
5616,Hasvik,2014,1037
5616,Hasvik,2015,1041
5616,Hasvik,2016,1054
5616,Hasvik,2017,1037
5616,Hasvik,2018,1022
5616,Hasvik,2019,1045
5616,Hasvik,2020,1005
5616,Hasvik,2021,983
5616,Hasvik,2022,964
5616,Hasvik,2023,970
5616,Hasvik,2024,979
5616,Hasvik,2025,977
5616,Hasvik,2026,987
5618,Måsøy,1986,2018
5618,Måsøy,1987,1968
5618,Måsøy,1988,1897
5618,Måsøy,1989,1859
5618,Måsøy,1990,1839
5618,Måsøy,1991,1819
5618,Måsøy,1992,1816
5618,Måsøy,1993,1806
5618,Måsøy,1994,1778
5618,Måsøy,1995,1720
5618,Måsøy,1996,1661
5618,Måsøy,1997,1611
5618,Måsøy,1998,1541
5618,Måsøy,1999,1497
5618,Måsøy,2000,1477
5618,Måsøy,2001,1469
5618,Måsøy,2002,1433
5618,Måsøy,2003,1425
5618,Måsøy,2004,1399
5618,Måsøy,2005,1393
5618,Måsøy,2006,1376
5618,Måsøy,2007,1319
5618,Måsøy,2008,1333
5618,Måsøy,2009,1309
5618,Måsøy,2010,1267
5618,Måsøy,2011,1228
5618,Måsøy,2012,1243
5618,Måsøy,2013,1240
5618,Måsøy,2014,1241
5618,Måsøy,2015,1241
5618,Måsøy,2016,1215
5618,Måsøy,2017,1204
5618,Måsøy,2018,1231
5618,Måsøy,2019,1235
5618,Måsøy,2020,1225
5618,Måsøy,2021,1197
5618,Måsøy,2022,1162
5618,Måsøy,2023,1119
5618,Måsøy,2024,1113
5618,Måsøy,2025,1098
5618,Måsøy,2026,1089
5620,Nordkapp,1986,4393
5620,Nordkapp,1987,4214
5620,Nordkapp,1988,4127
5620,Nordkapp,1989,4061
5620,Nordkapp,1990,3975
5620,Nordkapp,1991,3986
5620,Nordkapp,1992,3994
5620,Nordkapp,1993,3962
5620,Nordkapp,1994,3970
5620,Nordkapp,1995,3914
5620,Nordkapp,1996,3852
5620,Nordkapp,1997,3771
5620,Nordkapp,1998,3606
5620,Nordkapp,1999,3554
5620,Nordkapp,2000,3517
5620,Nordkapp,2001,3505
5620,Nordkapp,2002,3513
5620,Nordkapp,2003,3497
5620,Nordkapp,2004,3468
5620,Nordkapp,2005,3415
5620,Nordkapp,2006,3330
5620,Nordkapp,2007,3274
5620,Nordkapp,2008,3219
5620,Nordkapp,2009,3180
5620,Nordkapp,2010,3185
5620,Nordkapp,2011,3224
5620,Nordkapp,2012,3228
5620,Nordkapp,2013,3205
5620,Nordkapp,2014,3213
5620,Nordkapp,2015,3278
5620,Nordkapp,2016,3276
5620,Nordkapp,2017,3291
5620,Nordkapp,2018,3239
5620,Nordkapp,2019,3218
5620,Nordkapp,2020,3162
5620,Nordkapp,2021,3075
5620,Nordkapp,2022,2947
5620,Nordkapp,2023,2932
5620,Nordkapp,2024,2951
5620,Nordkapp,2025,2956
5620,Nordkapp,2026,2945
5622,Porsanger - Porsángu - Porsanki,1986,4389
5622,Porsanger - Porsángu - Porsanki,1987,4404
5622,Porsanger - Porsángu - Porsanki,1988,4386
5622,Porsanger - Porsángu - Porsanki,1989,4443
5622,Porsanger - Porsángu - Porsanki,1990,4475
5622,Porsanger - Porsángu - Porsanki,1991,4514
5622,Porsanger - Porsángu - Porsanki,1992,4511
5622,Porsanger - Porsángu - Porsanki,1993,4535
5622,Porsanger - Porsángu - Porsanki,1994,4493
5622,Porsanger - Porsángu - Porsanki,1995,4461
5622,Porsanger - Porsángu - Porsanki,1996,4461
5622,Porsanger - Porsángu - Porsanki,1997,4471
5622,Porsanger - Porsángu - Porsanki,1998,4422
5622,Porsanger - Porsángu - Porsanki,1999,4397
5622,Porsanger - Porsángu - Porsanki,2000,4451
5622,Porsanger - Porsángu - Porsanki,2001,4358
5622,Porsanger - Porsángu - Porsanki,2002,4349
5622,Porsanger - Porsángu - Porsanki,2003,4294
5622,Porsanger - Porsángu - Porsanki,2004,4329
5622,Porsanger - Porsángu - Porsanki,2005,4299
5622,Porsanger - Porsángu - Porsanki,2006,4222
5622,Porsanger - Porsángu - Porsanki,2007,4141
5622,Porsanger - Porsángu - Porsanki,2008,4059
5622,Porsanger - Porsángu - Porsanki,2009,4000
5622,Porsanger - Porsángu - Porsanki,2010,3991
5622,Porsanger - Porsángu - Porsanki,2011,3980
5622,Porsanger - Porsángu - Porsanki,2012,3946
5622,Porsanger - Porsángu - Porsanki,2013,3968
5622,Porsanger - Porsángu - Porsanki,2014,3963
5622,Porsanger - Porsángu - Porsanki,2015,3925
5622,Porsanger - Porsángu - Porsanki,2016,3978
5622,Porsanger - Porsángu - Porsanki,2017,3971
5622,Porsanger - Porsángu - Porsanki,2018,3964
5622,Porsanger - Porsángu - Porsanki,2019,3944
5622,Porsanger - Porsángu - Porsanki,2020,3998
5622,Porsanger - Porsángu - Porsanki,2021,3921
5622,Porsanger - Porsángu - Porsanki,2022,3904
5622,Porsanger - Porsángu - Porsanki,2023,3863
5622,Porsanger - Porsángu - Porsanki,2024,3889
5622,Porsanger - Porsángu - Porsanki,2025,3896
5622,Porsanger - Porsángu - Porsanki,2026,3906
5624,Lebesby,1986,1811
5624,Lebesby,1987,1794
5624,Lebesby,1988,1736
5624,Lebesby,1989,1761
5624,Lebesby,1990,1754
5624,Lebesby,1991,1695
5624,Lebesby,1992,1652
5624,Lebesby,1993,1630
5624,Lebesby,1994,1598
5624,Lebesby,1995,1578
5624,Lebesby,1996,1568
5624,Lebesby,1997,1576
5624,Lebesby,1998,1538
5624,Lebesby,1999,1483
5624,Lebesby,2000,1463
5624,Lebesby,2001,1524
5624,Lebesby,2002,1511
5624,Lebesby,2003,1500
5624,Lebesby,2004,1473
5624,Lebesby,2005,1430
5624,Lebesby,2006,1391
5624,Lebesby,2007,1357
5624,Lebesby,2008,1304
5624,Lebesby,2009,1332
5624,Lebesby,2010,1342
5624,Lebesby,2011,1336
5624,Lebesby,2012,1356
5624,Lebesby,2013,1339
5624,Lebesby,2014,1341
5624,Lebesby,2015,1343
5624,Lebesby,2016,1318
5624,Lebesby,2017,1330
5624,Lebesby,2018,1349
5624,Lebesby,2019,1328
5624,Lebesby,2020,1290
5624,Lebesby,2021,1271
5624,Lebesby,2022,1221
5624,Lebesby,2023,1226
5624,Lebesby,2024,1215
5624,Lebesby,2025,1238
5624,Lebesby,2026,1249
5626,Gamvik,1986,1523
5626,Gamvik,1987,1479
5626,Gamvik,1988,1458
5626,Gamvik,1989,1450
5626,Gamvik,1990,1424
5626,Gamvik,1991,1398
5626,Gamvik,1992,1388
5626,Gamvik,1993,1423
5626,Gamvik,1994,1461
5626,Gamvik,1995,1455
5626,Gamvik,1996,1410
5626,Gamvik,1997,1326
5626,Gamvik,1998,1337
5626,Gamvik,1999,1283
5626,Gamvik,2000,1288
5626,Gamvik,2001,1269
5626,Gamvik,2002,1234
5626,Gamvik,2003,1205
5626,Gamvik,2004,1134
5626,Gamvik,2005,1114
5626,Gamvik,2006,1076
5626,Gamvik,2007,1046
5626,Gamvik,2008,1040
5626,Gamvik,2009,1025
5626,Gamvik,2010,1009
5626,Gamvik,2011,991
5626,Gamvik,2012,1008
5626,Gamvik,2013,1063
5626,Gamvik,2014,1098
5626,Gamvik,2015,1116
5626,Gamvik,2016,1139
5626,Gamvik,2017,1137
5626,Gamvik,2018,1153
5626,Gamvik,2019,1169
5626,Gamvik,2020,1132
5626,Gamvik,2021,1097
5626,Gamvik,2022,1057
5626,Gamvik,2023,1054
5626,Gamvik,2024,1070
5626,Gamvik,2025,1051
5626,Gamvik,2026,1019
5628,Deatnu - Tana,1986,3309
5628,Deatnu - Tana,1987,3289
5628,Deatnu - Tana,1988,3215
5628,Deatnu - Tana,1989,3201
5628,Deatnu - Tana,1990,3195
5628,Deatnu - Tana,1991,3232
5628,Deatnu - Tana,1992,3268
5628,Deatnu - Tana,1993,3299
5628,Deatnu - Tana,1994,3274
5628,Deatnu - Tana,1995,3272
5628,Deatnu - Tana,1996,3198
5628,Deatnu - Tana,1997,3142
5628,Deatnu - Tana,1998,3137
5628,Deatnu - Tana,1999,3056
5628,Deatnu - Tana,2000,3074
5628,Deatnu - Tana,2001,3044
5628,Deatnu - Tana,2002,3039
5628,Deatnu - Tana,2003,3068
5628,Deatnu - Tana,2004,3004
5628,Deatnu - Tana,2005,3037
5628,Deatnu - Tana,2006,3006
5628,Deatnu - Tana,2007,2979
5628,Deatnu - Tana,2008,2954
5628,Deatnu - Tana,2009,2951
5628,Deatnu - Tana,2010,2912
5628,Deatnu - Tana,2011,2897
5628,Deatnu - Tana,2012,2896
5628,Deatnu - Tana,2013,2900
5628,Deatnu - Tana,2014,2883
5628,Deatnu - Tana,2015,2909
5628,Deatnu - Tana,2016,2922
5628,Deatnu - Tana,2017,2911
5628,Deatnu - Tana,2018,2922
5628,Deatnu - Tana,2019,2900
5628,Deatnu - Tana,2020,2918
5628,Deatnu - Tana,2021,2829
5628,Deatnu - Tana,2022,2821
5628,Deatnu - Tana,2023,2804
5628,Deatnu - Tana,2024,2807
5628,Deatnu - Tana,2025,2798
5628,Deatnu - Tana,2026,2806
5630,Berlevåg,1986,1533
5630,Berlevåg,1987,1469
5630,Berlevåg,1988,1412
5630,Berlevåg,1989,1374
5630,Berlevåg,1990,1367
5630,Berlevåg,1991,1340
5630,Berlevåg,1992,1344
5630,Berlevåg,1993,1320
5630,Berlevåg,1994,1292
5630,Berlevåg,1995,1324
5630,Berlevåg,1996,1332
5630,Berlevåg,1997,1264
5630,Berlevåg,1998,1261
5630,Berlevåg,1999,1252
5630,Berlevåg,2000,1236
5630,Berlevåg,2001,1212
5630,Berlevåg,2002,1210
5630,Berlevåg,2003,1193
5630,Berlevåg,2004,1158
5630,Berlevåg,2005,1133
5630,Berlevåg,2006,1104
5630,Berlevåg,2007,1086
5630,Berlevåg,2008,1077
5630,Berlevåg,2009,1061
5630,Berlevåg,2010,1044
5630,Berlevåg,2011,1031
5630,Berlevåg,2012,1015
5630,Berlevåg,2013,1025
5630,Berlevåg,2014,1057
5630,Berlevåg,2015,1020
5630,Berlevåg,2016,1000
5630,Berlevåg,2017,991
5630,Berlevåg,2018,983
5630,Berlevåg,2019,981
5630,Berlevåg,2020,957
5630,Berlevåg,2021,928
5630,Berlevåg,2022,906
5630,Berlevåg,2023,908
5630,Berlevåg,2024,892
5630,Berlevåg,2025,890
5630,Berlevåg,2026,864
5632,Båtsfjord,1986,2643
5632,Båtsfjord,1987,2550
5632,Båtsfjord,1988,2461
5632,Båtsfjord,1989,2401
5632,Båtsfjord,1990,2346
5632,Båtsfjord,1991,2341
5632,Båtsfjord,1992,2321
5632,Båtsfjord,1993,2370
5632,Båtsfjord,1994,2474
5632,Båtsfjord,1995,2547
5632,Båtsfjord,1996,2622
5632,Båtsfjord,1997,2550
5632,Båtsfjord,1998,2544
5632,Båtsfjord,1999,2454
5632,Båtsfjord,2000,2470
5632,Båtsfjord,2001,2451
5632,Båtsfjord,2002,2407
5632,Båtsfjord,2003,2404
5632,Båtsfjord,2004,2290
5632,Båtsfjord,2005,2185
5632,Båtsfjord,2006,2171
5632,Båtsfjord,2007,2113
5632,Båtsfjord,2008,2090
5632,Båtsfjord,2009,2074
5632,Båtsfjord,2010,2070
5632,Båtsfjord,2011,2071
5632,Båtsfjord,2012,2089
5632,Båtsfjord,2013,2162
5632,Båtsfjord,2014,2207
5632,Båtsfjord,2015,2235
5632,Båtsfjord,2016,2211
5632,Båtsfjord,2017,2267
5632,Båtsfjord,2018,2263
5632,Båtsfjord,2019,2270
5632,Båtsfjord,2020,2221
5632,Båtsfjord,2021,2200
5632,Båtsfjord,2022,2165
5632,Båtsfjord,2023,2117
5632,Båtsfjord,2024,2113
5632,Båtsfjord,2025,2107
5632,Båtsfjord,2026,2104
5634,Vardø,1986,3243
5634,Vardø,1987,3129
5634,Vardø,1988,3133
5634,Vardø,1989,3027
5634,Vardø,1990,3008
5634,Vardø,1991,3008
5634,Vardø,1992,3004
5634,Vardø,1993,3046
5634,Vardø,1994,3023
5634,Vardø,1995,3010
5634,Vardø,1996,3007
5634,Vardø,1997,2983
5634,Vardø,1998,2913
5634,Vardø,1999,2799
5634,Vardø,2000,2705
5634,Vardø,2001,2694
5634,Vardø,2002,2586
5634,Vardø,2003,2496
5634,Vardø,2004,2396
5634,Vardø,2005,2366
5634,Vardø,2006,2338
5634,Vardø,2007,2286
5634,Vardø,2008,2190
5634,Vardø,2009,2144
5634,Vardø,2010,2124
5634,Vardø,2011,2111
5634,Vardø,2012,2122
5634,Vardø,2013,2128
5634,Vardø,2014,2119
5634,Vardø,2015,2128
5634,Vardø,2016,2137
5634,Vardø,2017,2104
5634,Vardø,2018,2110
5634,Vardø,2019,2081
5634,Vardø,2020,2029
5634,Vardø,2021,1959
5634,Vardø,2022,1897
5634,Vardø,2023,1933
5634,Vardø,2024,1972
5634,Vardø,2025,1982
5634,Vardø,2026,1969
5636,Unjárga - Nesseby,1986,1006
5636,Unjárga - Nesseby,1987,999
5636,Unjárga - Nesseby,1988,1008
5636,Unjárga - Nesseby,1989,1030
5636,Unjárga - Nesseby,1990,1037
5636,Unjárga - Nesseby,1991,1056
5636,Unjárga - Nesseby,1992,1056
5636,Unjárga - Nesseby,1993,1059
5636,Unjárga - Nesseby,1994,1072
5636,Unjárga - Nesseby,1995,1048
5636,Unjárga - Nesseby,1996,1058
5636,Unjárga - Nesseby,1997,1041
5636,Unjárga - Nesseby,1998,1035
5636,Unjárga - Nesseby,1999,1021
5636,Unjárga - Nesseby,2000,965
5636,Unjárga - Nesseby,2001,963
5636,Unjárga - Nesseby,2002,966
5636,Unjárga - Nesseby,2003,929
5636,Unjárga - Nesseby,2004,927
5636,Unjárga - Nesseby,2005,901
5636,Unjárga - Nesseby,2006,892
5636,Unjárga - Nesseby,2007,884
5636,Unjárga - Nesseby,2008,856
5636,Unjárga - Nesseby,2009,878
5636,Unjárga - Nesseby,2010,884
5636,Unjárga - Nesseby,2011,893
5636,Unjárga - Nesseby,2012,901
5636,Unjárga - Nesseby,2013,882
5636,Unjárga - Nesseby,2014,919
5636,Unjárga - Nesseby,2015,934
5636,Unjárga - Nesseby,2016,959
5636,Unjárga - Nesseby,2017,951
5636,Unjárga - Nesseby,2018,944
5636,Unjárga - Nesseby,2019,941
5636,Unjárga - Nesseby,2020,926
5636,Unjárga - Nesseby,2021,880
5636,Unjárga - Nesseby,2022,854
5636,Unjárga - Nesseby,2023,864
5636,Unjárga - Nesseby,2024,859
5636,Unjárga - Nesseby,2025,868
5636,Unjárga - Nesseby,2026,874
