kode,aar,kom2024,andel,befolkning,metode
0101,1986,3101,1.0,25844,arvet
0102,1986,3105,1.0,11878,arvet
0103,1986,3107,1.0,26838,arvet
0104,1986,3103,1.0,24548,arvet
0111,1986,3110,1.0,2921,arvet
0113,1986,3107,1.0,11466,arvet
0114,1986,3105,1.0,2182,arvet
0115,1986,3105,1.0,13671,arvet
0118,1986,3124,1.0,1506,arvet
0119,1986,3122,1.0,3430,arvet
0121,1986,3226,1.0,702,arvet
0122,1986,3118,1.0,4742,arvet
0123,1986,3118,1.0,4188,arvet
0124,1986,3118,1.0,12605,arvet
0125,1986,3118,1.0,9184,arvet
0127,1986,3116,1.0,3124,arvet
0128,1986,3120,1.0,7159,arvet
0130,1986,3105,1.0,18543,arvet
0131,1986,3107,1.0,5706,arvet
0133,1986,3107,1.0,7433,arvet
0134,1986,3107,1.0,12519,arvet
0135,1986,3112,1.0,5819,arvet
0136,1986,3103,1.0,11606,arvet
0137,1986,3114,1.0,3594,arvet
0138,1986,3118,1.0,3781,arvet
0211,1986,3216,1.0,10952,arvet
0213,1986,3207,1.0,21551,arvet
0214,1986,3218,1.0,11351,arvet
0215,1986,3214,1.0,9502,arvet
0216,1986,3212,1.0,11567,arvet
0217,1986,3207,1.0,19019,arvet
0219,1986,3201,1.0,84724,arvet
0220,1986,3203,1.0,38911,arvet
0221,1986,3226,1.0,12465,arvet
0226,1986,3205,1.0,10234,arvet
0227,1986,3205,1.0,8059,arvet
0228,1986,3224,1.0,13510,arvet
0229,1986,3220,1.0,7592,arvet
0230,1986,3222,1.0,24125,arvet
0231,1986,3205,1.0,32517,arvet
0233,1986,3232,1.0,15187,arvet
0234,1986,3230,1.0,3501,arvet
0235,1986,3209,1.0,17529,arvet
0236,1986,3228,1.0,14917,arvet
0237,1986,3240,1.0,15719,arvet
0238,1986,3238,1.0,7812,arvet
0239,1986,3242,1.0,2495,arvet
0301,1986,0301,1.0,449395,arvet
0401,1986,3403,1.0,15672,arvet
0402,1986,3401,1.0,17492,arvet
0412,1986,3411,1.0,30521,arvet
0414,1986,3403,1.0,8812,arvet
0415,1986,3412,1.0,7038,arvet
0417,1986,3413,1.0,17645,arvet
0418,1986,3414,1.0,5347,arvet
0419,1986,3415,1.0,7439,arvet
0420,1986,3416,1.0,6333,arvet
0423,1986,3417,1.0,6037,arvet
0425,1986,3418,1.0,8769,arvet
0426,1986,3419,1.0,4580,arvet
0427,1986,3420,1.0,16948,arvet
0428,1986,3421,1.0,7386,arvet
0429,1986,3422,1.0,4574,arvet
0430,1986,3423,1.0,3496,arvet
0432,1986,3424,1.0,2642,arvet
0434,1986,3425,1.0,1741,arvet
0436,1986,3426,1.0,1857,arvet
0437,1986,3427,1.0,5392,arvet
0438,1986,3428,1.0,2464,arvet
0439,1986,3429,1.0,2110,arvet
0441,1986,3430,1.0,2071,arvet
0501,1986,3405,1.0,22128,arvet
0502,1986,3407,1.0,25908,arvet
0511,1986,3431,1.0,3177,arvet
0512,1986,3432,1.0,2481,arvet
0513,1986,3433,1.0,2688,arvet
0514,1986,3434,1.0,2704,arvet
0515,1986,3435,1.0,4101,arvet
0516,1986,3436,1.0,6271,arvet
0517,1986,3437,1.0,6578,arvet
0519,1986,3438,1.0,3531,arvet
0520,1986,3439,1.0,5235,arvet
0521,1986,3440,1.0,4507,arvet
0522,1986,3441,1.0,6511,arvet
0528,1986,3442,1.0,14114,arvet
0529,1986,3443,1.0,13563,arvet
0532,1986,3236,1.0,5704,arvet
0533,1986,3234,1.0,7616,arvet
0534,1986,3446,1.0,12469,arvet
0536,1986,3447,1.0,6282,arvet
0538,1986,3448,1.0,7019,arvet
0540,1986,3449,1.0,3663,arvet
0541,1986,3450,1.0,1690,arvet
0542,1986,3451,1.0,6560,arvet
0543,1986,3452,1.0,2470,arvet
0544,1986,3453,1.0,3074,arvet
0545,1986,3454,1.0,1752,arvet
0602,1986,3301,1.0,50874,arvet
0604,1986,3303,1.0,21060,arvet
0605,1986,3305,1.0,26797,arvet
0612,1986,3310,1.0,4236,arvet
0615,1986,3320,1.0,1267,arvet
0616,1986,3322,1.0,3388,arvet
0617,1986,3324,1.0,4064,arvet
0618,1986,3326,1.0,1626,arvet
0619,1986,3328,1.0,4669,arvet
0620,1986,3330,1.0,4656,arvet
0621,1986,3332,1.0,3800,arvet
0622,1986,3318,1.0,2342,arvet
0623,1986,3316,1.0,12184,arvet
0624,1986,3314,1.0,14112,arvet
0625,1986,3301,1.0,18132,arvet
0626,1986,3312,1.0,18348,arvet
0627,1986,3203,1.0,13746,arvet
0628,1986,3203,1.0,7737,arvet
0631,1986,3334,1.0,2531,arvet
0632,1986,3336,1.0,1440,arvet
0633,1986,3338,1.0,2984,arvet
0702,1986,3903,1.0,9072,arvet
0703,1986,3901,1.0,13031,arvet
0705,1986,3905,1.0,8964,arvet
0706,1986,3907,1.0,35124,arvet
0707,1986,3909,1.0,8035,arvet
0708,1986,3909,1.0,2529,arvet
0711,1986,3301,1.0,5528,arvet
0713,1986,3903,1.0,6633,arvet
0714,1986,3903,1.0,2707,arvet
0716,1986,3905,1.0,3708,arvet
0717,1986,3901,1.0,8953,arvet
0718,1986,3905,1.0,3358,arvet
0719,1986,3907,1.0,4332,arvet
0720,1986,3907,1.0,8480,arvet
0721,1986,3905,1.0,21731,arvet
0722,1986,3911,1.0,17215,arvet
0723,1986,3911,1.0,3625,arvet
0725,1986,3909,1.0,7767,arvet
0726,1986,3909,1.0,7980,arvet
0727,1986,3909,1.0,10422,arvet
0728,1986,3909,1.0,2376,arvet
0805,1986,4001,1.0,31317,arvet
0806,1986,4003,1.0,47020,arvet
0807,1986,4005,1.0,12625,arvet
0811,1986,4010,1.0,2124,arvet
0814,1986,4012,1.0,13331,arvet
0815,1986,4014,1.0,10855,arvet
0817,1986,4016,1.0,4521,arvet
0819,1986,4018,1.0,7104,arvet
0821,1986,4020,1.0,4527,arvet
0822,1986,4020,1.0,4318,arvet
0826,1986,4026,1.0,7201,arvet
0827,1986,4024,1.0,1724,arvet
0828,1986,4022,1.0,3176,arvet
0829,1986,4028,1.0,2956,arvet
0830,1986,4030,1.0,1532,arvet
0831,1986,4032,1.0,1454,arvet
0833,1986,4034,1.0,2750,arvet
0834,1986,4036,1.0,3994,arvet
0901,1986,4201,1.0,6953,arvet
0903,1986,4203,1.0,12160,arvet
0904,1986,4202,1.0,14768,arvet
0911,1986,4211,1.0,2687,arvet
0912,1986,4212,1.0,1825,arvet
0914,1986,4213,1.0,5772,arvet
0918,1986,4203,1.0,7849,arvet
0919,1986,4214,1.0,3849,arvet
0920,1986,4203,1.0,8429,arvet
0921,1986,4203,1.0,4529,arvet
0922,1986,4203,1.0,3944,arvet
0926,1986,4215,1.0,7564,arvet
0928,1986,4216,1.0,3995,arvet
0929,1986,4217,1.0,2107,arvet
0935,1986,4218,1.0,1144,arvet
0937,1986,4219,1.0,3420,arvet
0938,1986,4220,1.0,1499,arvet
0940,1986,4221,1.0,1481,arvet
0941,1986,4222,1.0,694,arvet
1001,1986,4204,1.0,62646,arvet
1002,1986,4205,1.0,12231,arvet
1003,1986,4206,1.0,9504,arvet
1004,1986,4207,1.0,8825,arvet
1014,1986,4223,1.0,11084,arvet
1017,1986,4204,1.0,4794,arvet
1018,1986,4204,1.0,6900,arvet
1021,1986,4205,1.0,2269,arvet
1026,1986,4224,1.0,817,arvet
1027,1986,4225,1.0,1615,arvet
1029,1986,4205,1.0,4119,arvet
1032,1986,4225,1.0,6503,arvet
1034,1986,4226,1.0,1604,arvet
1037,1986,4227,1.0,5677,arvet
1046,1986,4228,1.0,1624,arvet
1101,1986,1101,1.0,12087,arvet
1102,1986,1108,1.0,40856,arvet
1103,1986,1103,1.0,95084,arvet
1106,1986,1106,1.0,26883,arvet
1111,1986,1111,1.0,3483,arvet
1112,1986,1112,1.0,3110,arvet
1114,1986,1114,1.0,2283,arvet
1119,1986,1119,1.0,12715,arvet
1120,1986,1120,1.0,11358,arvet
1121,1986,1121,1.0,11182,arvet
1122,1986,1122,1.0,6238,arvet
1124,1986,1124,1.0,14832,arvet
1127,1986,1127,1.0,6967,arvet
1129,1986,1108,1.0,947,arvet
1130,1986,1130,1.0,9059,arvet
1133,1986,1133,1.0,2860,arvet
1134,1986,1134,1.0,4410,arvet
1135,1986,1135,1.0,5484,arvet
1141,1986,1103,1.0,2750,arvet
1142,1986,1103,1.0,2477,arvet
1144,1986,1144,1.0,518,arvet
1145,1986,1145,1.0,742,arvet
1146,1986,1146,1.0,7613,arvet
1149,1986,1149,1.0,34196,arvet
1151,1986,1151,1.0,252,arvet
1154,1986,1160,1.0,4924,arvet
1201,1986,4601,1.0,207922,arvet
1211,1986,4611,1.0,4086,arvet
1214,1986,1160,1.0,3111,arvet
1216,1986,4612,1.0,4544,arvet
1219,1986,4613,1.0,9502,arvet
1221,1986,4614,1.0,13865,arvet
1222,1986,4615,1.0,2998,arvet
1223,1986,4616,1.0,2893,arvet
1224,1986,4617,1.0,13187,arvet
1227,1986,4618,1.0,1306,arvet
1228,1986,4618,1.0,8659,arvet
1231,1986,4618,1.0,4047,arvet
1232,1986,4619,1.0,1031,arvet
1233,1986,4620,1.0,1281,arvet
1234,1986,4621,1.0,1097,arvet
1235,1986,4621,1.0,14025,arvet
1238,1986,4622,1.0,8754,arvet
1241,1986,4624,1.0,3820,arvet
1242,1986,4623,1.0,2383,arvet
1243,1986,4624,1.0,11763,arvet
1244,1986,4625,1.0,4178,arvet
1245,1986,4626,1.0,4585,arvet
1246,1986,4626,1.0,12793,arvet
1247,1986,4627,1.0,18163,arvet
1251,1986,4628,1.0,4650,arvet
1252,1986,4629,1.0,378,arvet
1253,1986,4630,1.0,6897,arvet
1256,1986,4631,1.0,4151,arvet
1259,1986,4626,1.0,2709,arvet
1260,1986,4631,1.0,4487,arvet
1263,1986,4631,1.0,11091,arvet
1264,1986,4632,1.0,2585,arvet
1265,1986,4633,1.0,795,arvet
1266,1986,4634,1.0,1926,arvet
1401,1986,4602,1.0,9438,arvet
1411,1986,4635,1.0,2664,arvet
1412,1986,4636,1.0,1170,arvet
1413,1986,4637,1.0,1786,arvet
1416,1986,4638,1.0,4909,arvet
1417,1986,4639,1.0,2528,arvet
1418,1986,4640,1.0,1894,arvet
1419,1986,4640,1.0,2839,arvet
1420,1986,4640,1.0,5729,arvet
1421,1986,4641,1.0,1933,arvet
1422,1986,4642,1.0,2263,arvet
1424,1986,4643,1.0,6305,arvet
1426,1986,4644,1.0,5130,arvet
1428,1986,4645,1.0,3412,arvet
1429,1986,4646,1.0,3390,arvet
1430,1986,4647,1.0,2849,arvet
1431,1986,4647,1.0,3023,arvet
1432,1986,4647,1.0,7954,arvet
1433,1986,4647,1.0,2762,arvet
1438,1986,4648,1.0,4802,arvet
1439,1986,4602,1.0,6445,arvet
1441,1986,4649,1.0,3395,arvet
1443,1986,4649,1.0,5304,arvet
1444,1986,1577,1.0,1255,arvet
1445,1986,4650,1.0,6298,arvet
1449,1986,4651,1.0,6629,arvet
1502,1986,1506,1.0,21439,arvet
1503,1986,1505,1.0,17766,arvet
1504,1986,1508,1.0,35157,arvet
1511,1986,1511,1.0,3939,arvet
1514,1986,1514,1.0,3415,arvet
1515,1986,1515,1.0,8069,arvet
1516,1986,1516,1.0,5525,arvet
1517,1986,1517,1.0,4336,arvet
1519,1986,1577,1.0,7819,arvet
1520,1986,1520,1.0,10290,arvet
1523,1986,1508,1.0,1965,arvet
1524,1986,1578,1.0,2086,arvet
1525,1986,1525,1.0,4745,arvet
1526,1986,1578,1.0,1027,arvet
1528,1986,1528,1.0,6753,arvet
1529,1986,1508,1.0,3151,arvet
1531,1986,1531,1.0,6737,arvet
1532,1986,1532,1.0,6150,arvet
1534,1986,1580,1.0,8716,arvet
1535,1986,1535,1.0,6359,arvet
1539,1986,1539,1.0,7874,arvet
1543,1986,1506,1.0,3363,arvet
1545,1986,1506,1.0,2126,arvet
1546,1986,1508,1.0,1610,arvet
1547,1986,1547,1.0,2995,arvet
1548,1986,1579,1.0,8893,arvet
1551,1986,1579,1.0,3084,arvet
1554,1986,1554,1.0,5601,arvet
1556,1986,1505,1.0,4398,arvet
1557,1986,1557,1.0,2964,arvet
1560,1986,1560,1.0,3481,arvet
1563,1986,1563,1.0,7498,arvet
1566,1986,1566,1.0,6485,arvet
1567,1986,5061,1.0,2338,arvet
1569,1986,1576,1.0,2957,arvet
1571,1986,5055,1.0,2111,arvet
1572,1986,1576,1.0,1149,arvet
1573,1986,1573,1.0,2859,arvet
1601,1986,5001,1.0,134362,arvet
1612,1986,5055,1.0,4410,arvet
1613,1986,5055,0.153333,1221,"delt, anslått fra befolkningsendring 2019→2020"
1613,1986,5056,0.339048,1221,"delt, anslått fra befolkningsendring 2019→2020"
1613,1986,5059,0.507619,1221,"delt, anslått fra befolkningsendring 2019→2020"
1617,1986,5056,1.0,4416,arvet
1620,1986,5014,1.0,4445,arvet
1621,1986,5057,1.0,4828,arvet
1622,1986,5059,1.0,2011,arvet
1624,1986,5054,1.0,6808,arvet
1627,1986,5057,1.0,4951,arvet
1630,1986,5058,1.0,3687,arvet
1632,1986,5058,1.0,1286,arvet
1633,1986,5020,1.0,1359,arvet
1634,1986,5021,1.0,6088,arvet
1635,1986,5022,1.0,3043,arvet
1636,1986,5059,1.0,4521,arvet
1638,1986,5059,1.0,9963,arvet
1640,1986,5025,1.0,5408,arvet
1644,1986,5026,1.0,2648,arvet
1648,1986,5027,1.0,6161,arvet
1653,1986,5028,1.0,11934,arvet
1657,1986,5029,1.0,5310,arvet
1662,1986,5001,1.0,3898,arvet
1663,1986,5031,1.0,8926,arvet
1664,1986,5032,1.0,4123,arvet
1665,1986,5033,1.0,993,arvet
1702,1986,5006,1.0,20476,arvet
1703,1986,5007,1.0,11858,arvet
1711,1986,5034,1.0,2868,arvet
1714,1986,5035,1.0,16748,arvet
1717,1986,5036,1.0,2471,arvet
1718,1986,5054,1.0,3647,arvet
1719,1986,5037,1.0,16337,arvet
1721,1986,5038,1.0,13197,arvet
1723,1986,5053,1.0,990,arvet
1724,1986,5006,1.0,3350,arvet
1725,1986,5007,1.0,2052,arvet
1729,1986,5053,1.0,5657,arvet
1736,1986,5041,1.0,2601,arvet
1738,1986,5042,1.0,1782,arvet
1739,1986,5043,1.0,713,arvet
1740,1986,5044,1.0,1270,arvet
1742,1986,5045,1.0,2616,arvet
1743,1986,5046,1.0,1470,arvet
1744,1986,5047,1.0,3681,arvet
1748,1986,5007,1.0,853,arvet
1749,1986,5049,1.0,1547,arvet
1750,1986,5060,1.0,3763,arvet
1751,1986,5060,1.0,5821,arvet
1755,1986,5052,1.0,943,arvet
1804,1986,1804,1.0,34485,arvet
1805,1986,1806,1.0,18750,arvet
1811,1986,1811,1.0,2173,arvet
1812,1986,1812,1.0,2176,arvet
1813,1986,1813,1.0,6832,arvet
1815,1986,1815,1.0,1661,arvet
1816,1986,1816,1.0,749,arvet
1818,1986,1818,1.0,2124,arvet
1820,1986,1820,1.0,7612,arvet
1822,1986,1822,1.0,2429,arvet
1824,1986,1824,1.0,13189,arvet
1825,1986,1825,1.0,1755,arvet
1826,1986,1826,1.0,1768,arvet
1827,1986,1827,1.0,1966,arvet
1828,1986,1828,1.0,1832,arvet
1832,1986,1832,1.0,4935,arvet
1833,1986,1833,1.0,25219,arvet
1834,1986,1834,1.0,2435,arvet
1835,1986,1835,1.0,537,arvet
1836,1986,1836,1.0,1893,arvet
1837,1986,1837,1.0,7007,arvet
1838,1986,1838,1.0,2713,arvet
1839,1986,1839,1.0,1569,arvet
1840,1986,1840,1.0,5274,arvet
1841,1986,1841,1.0,10054,arvet
1842,1986,1804,1.0,1307,arvet
1845,1986,1845,1.0,3017,arvet
1848,1986,1848,1.0,3525,arvet
1849,1986,1875,1.0,2325,arvet
1850,1986,1806,0.422336,2738,"delt, anslått fra befolkningsendring 2019→2020"
1850,1986,1875,0.577664,2738,"delt, anslått fra befolkningsendring 2019→2020"
1851,1986,1851,1.0,2968,arvet
1852,1986,5512,1.0,1945,arvet
1853,1986,1853,1.0,1805,arvet
1854,1986,1806,1.0,3219,arvet
1856,1986,1856,1.0,726,arvet
1857,1986,1857,1.0,948,arvet
1859,1986,1859,1.0,1710,arvet
1860,1986,1860,1.0,10745,arvet
1865,1986,1865,1.0,9503,arvet
1866,1986,1866,1.0,8763,arvet
1867,1986,1867,1.0,4106,arvet
1868,1986,1868,1.0,5082,arvet
1870,1986,1870,1.0,8243,arvet
1871,1986,1871,1.0,6894,arvet
1874,1986,1874,1.0,1534,arvet
1901,1986,5503,1.0,21947,arvet
1902,1986,5501,1.0,48091,arvet
1911,1986,5510,1.0,3723,arvet
1913,1986,5512,1.0,3510,arvet
1915,1986,5503,1.0,806,arvet
1917,1986,5514,1.0,2445,arvet
1919,1986,5516,1.0,1612,arvet
1920,1986,5518,1.0,1192,arvet
1922,1986,5520,1.0,4048,arvet
1923,1986,5522,1.0,2526,arvet
1924,1986,5524,1.0,7499,arvet
1925,1986,5526,1.0,3472,arvet
1926,1986,5528,1.0,1706,arvet
1927,1986,5530,1.0,2137,arvet
1928,1986,5530,1.0,1438,arvet
1929,1986,5530,1.0,1317,arvet
1931,1986,5530,1.0,11176,arvet
1933,1986,5532,1.0,6717,arvet
1936,1986,5534,1.0,2965,arvet
1938,1986,5536,1.0,3735,arvet
1939,1986,5538,1.0,1917,arvet
1940,1986,5540,1.0,2944,arvet
1941,1986,5542,1.0,3320,arvet
1942,1986,5544,1.0,4768,arvet
1943,1986,5546,1.0,1691,arvet
2001,1986,5603,1.0,7087,arvet
2002,1986,5634,1.0,3243,arvet
2003,1986,5607,1.0,5958,arvet
2011,1986,5612,1.0,2925,arvet
2012,1986,5601,1.0,14000,arvet
2014,1986,5614,1.0,1922,arvet
2015,1986,5616,1.0,1537,arvet
2016,1986,5603,1.0,2319,arvet
2017,1986,5603,1.0,1505,arvet
2018,1986,5618,1.0,2018,arvet
2019,1986,5620,1.0,4393,arvet
2020,1986,5622,1.0,4389,arvet
2021,1986,5610,1.0,2694,arvet
2022,1986,5624,1.0,1811,arvet
2023,1986,5626,1.0,1523,arvet
2024,1986,5630,1.0,1533,arvet
2025,1986,5628,1.0,3309,arvet
2027,1986,5636,1.0,1006,arvet
2028,1986,5632,1.0,2643,arvet
2030,1986,5605,1.0,9853,arvet
0101,1987,3101,1.0,25807,arvet
0102,1987,3105,1.0,11859,arvet
0103,1987,3107,1.0,26664,arvet
0104,1987,3103,1.0,24668,arvet
0111,1987,3110,1.0,2968,arvet
0113,1987,3107,1.0,11708,arvet
0114,1987,3105,1.0,2184,arvet
0115,1987,3105,1.0,13899,arvet
0118,1987,3124,1.0,1509,arvet
0119,1987,3122,1.0,3435,arvet
0121,1987,3226,1.0,696,arvet
0122,1987,3118,1.0,4725,arvet
0123,1987,3118,1.0,4250,arvet
0124,1987,3118,1.0,12766,arvet
0125,1987,3118,1.0,9157,arvet
0127,1987,3116,1.0,3140,arvet
0128,1987,3120,1.0,7139,arvet
0130,1987,3105,1.0,18557,arvet
0131,1987,3107,1.0,5713,arvet
0133,1987,3107,1.0,7407,arvet
0134,1987,3107,1.0,12499,arvet
0135,1987,3112,1.0,5864,arvet
0136,1987,3103,1.0,11592,arvet
0137,1987,3114,1.0,3742,arvet
0138,1987,3118,1.0,3783,arvet
0211,1987,3216,1.0,11220,arvet
0213,1987,3207,1.0,21720,arvet
0214,1987,3218,1.0,11403,arvet
0215,1987,3214,1.0,9740,arvet
0216,1987,3212,1.0,11998,arvet
0217,1987,3207,1.0,19369,arvet
0219,1987,3201,1.0,86541,arvet
0220,1987,3203,1.0,39704,arvet
0221,1987,3226,1.0,12534,arvet
0226,1987,3205,1.0,10596,arvet
0227,1987,3205,1.0,8199,arvet
0228,1987,3224,1.0,13514,arvet
0229,1987,3220,1.0,7729,arvet
0230,1987,3222,1.0,24364,arvet
0231,1987,3205,1.0,32794,arvet
0233,1987,3232,1.0,15411,arvet
0234,1987,3230,1.0,3578,arvet
0235,1987,3209,1.0,17671,arvet
0236,1987,3228,1.0,15132,arvet
0237,1987,3240,1.0,15967,arvet
0238,1987,3238,1.0,7858,arvet
0239,1987,3242,1.0,2503,arvet
0301,1987,0301,1.0,451345,arvet
0401,1987,3403,1.0,15718,arvet
0402,1987,3401,1.0,17522,arvet
0412,1987,3411,1.0,30606,arvet
0414,1987,3403,1.0,8850,arvet
0415,1987,3412,1.0,6977,arvet
0417,1987,3413,1.0,17670,arvet
0418,1987,3414,1.0,5320,arvet
0419,1987,3415,1.0,7459,arvet
0420,1987,3416,1.0,6394,arvet
0423,1987,3417,1.0,6020,arvet
0425,1987,3418,1.0,8642,arvet
0426,1987,3419,1.0,4568,arvet
0427,1987,3420,1.0,16934,arvet
0428,1987,3421,1.0,7344,arvet
0429,1987,3422,1.0,4564,arvet
0430,1987,3423,1.0,3442,arvet
0432,1987,3424,1.0,2634,arvet
0434,1987,3425,1.0,1721,arvet
0436,1987,3426,1.0,1857,arvet
0437,1987,3427,1.0,5391,arvet
0438,1987,3428,1.0,2458,arvet
0439,1987,3429,1.0,2036,arvet
0441,1987,3430,1.0,2027,arvet
0501,1987,3405,1.0,22193,arvet
0502,1987,3407,1.0,25937,arvet
0511,1987,3431,1.0,3134,arvet
0512,1987,3432,1.0,2467,arvet
0513,1987,3433,1.0,2673,arvet
0514,1987,3434,1.0,2709,arvet
0515,1987,3435,1.0,4048,arvet
0516,1987,3436,1.0,6233,arvet
0517,1987,3437,1.0,6535,arvet
0519,1987,3438,1.0,3526,arvet
0520,1987,3439,1.0,5200,arvet
0521,1987,3440,1.0,4470,arvet
0522,1987,3441,1.0,6483,arvet
0528,1987,3442,1.0,14119,arvet
0529,1987,3443,1.0,13511,arvet
0532,1987,3236,1.0,5735,arvet
0533,1987,3234,1.0,7676,arvet
0534,1987,3446,1.0,12486,arvet
0536,1987,3447,1.0,6305,arvet
0538,1987,3448,1.0,7022,arvet
0540,1987,3449,1.0,3618,arvet
0541,1987,3450,1.0,1657,arvet
0542,1987,3451,1.0,6541,arvet
0543,1987,3452,1.0,2404,arvet
0544,1987,3453,1.0,3082,arvet
0545,1987,3454,1.0,1748,arvet
0602,1987,3301,1.0,51350,arvet
0604,1987,3303,1.0,21205,arvet
0605,1987,3305,1.0,26784,arvet
0612,1987,3310,1.0,4270,arvet
0615,1987,3320,1.0,1252,arvet
0616,1987,3322,1.0,3376,arvet
0617,1987,3324,1.0,4095,arvet
0618,1987,3326,1.0,1624,arvet
0619,1987,3328,1.0,4694,arvet
0620,1987,3330,1.0,4663,arvet
0621,1987,3332,1.0,3764,arvet
0622,1987,3318,1.0,2348,arvet
0623,1987,3316,1.0,12184,arvet
0624,1987,3314,1.0,14291,arvet
0625,1987,3301,1.0,18363,arvet
0626,1987,3312,1.0,18449,arvet
0627,1987,3203,1.0,13764,arvet
0628,1987,3203,1.0,7854,arvet
0631,1987,3334,1.0,2543,arvet
0632,1987,3336,1.0,1449,arvet
0633,1987,3338,1.0,2953,arvet
0702,1987,3903,1.0,9007,arvet
0703,1987,3901,1.0,12994,eksakt-sum
0705,1987,3905,1.0,8896,eksakt-sum
0706,1987,3907,1.0,35453,arvet
0707,1987,3909,1.0,8045,eksakt-sum
0708,1987,3909,1.0,2538,eksakt-sum
0711,1987,3301,1.0,5612,arvet
0713,1987,3903,1.0,6688,arvet
0714,1987,3903,1.0,2725,arvet
0716,1987,3905,1.0,3740,arvet
0717,1987,3901,1.0,9098,eksakt-sum
0718,1987,3905,1.0,3364,arvet
0719,1987,3907,1.0,4349,arvet
0720,1987,3907,1.0,8574,arvet
0721,1987,3905,1.0,21948,eksakt-sum
0722,1987,3911,1.0,17384,arvet
0723,1987,3911,1.0,3652,arvet
0725,1987,3909,1.0,7878,eksakt-sum
0726,1987,3909,1.0,8138,eksakt-sum
0727,1987,3909,1.0,10449,eksakt-sum
0728,1987,3909,1.0,2350,arvet
0805,1987,4001,1.0,31294,arvet
0806,1987,4003,1.0,47258,arvet
0807,1987,4005,1.0,12491,arvet
0811,1987,4010,1.0,2133,arvet
0814,1987,4012,1.0,13384,arvet
0815,1987,4014,1.0,10855,arvet
0817,1987,4016,1.0,4504,arvet
0819,1987,4018,1.0,7093,arvet
0821,1987,4020,1.0,4575,arvet
0822,1987,4020,1.0,4346,arvet
0826,1987,4026,1.0,7106,arvet
0827,1987,4024,1.0,1723,arvet
0828,1987,4022,1.0,3173,arvet
0829,1987,4028,1.0,2933,arvet
0830,1987,4030,1.0,1510,arvet
0831,1987,4032,1.0,1441,arvet
0833,1987,4034,1.0,2749,arvet
0834,1987,4036,1.0,3950,arvet
0901,1987,4201,1.0,6979,arvet
0903,1987,4203,1.0,12230,arvet
0904,1987,4202,1.0,14959,arvet
0911,1987,4211,1.0,2664,arvet
0912,1987,4212,1.0,1845,arvet
0914,1987,4213,1.0,5830,arvet
0918,1987,4203,1.0,7925,arvet
0919,1987,4214,1.0,3910,arvet
0920,1987,4203,1.0,8562,arvet
0921,1987,4203,1.0,4530,arvet
0922,1987,4203,1.0,3955,arvet
0926,1987,4215,1.0,7728,arvet
0928,1987,4216,1.0,4038,arvet
0929,1987,4217,1.0,2090,arvet
0935,1987,4218,1.0,1151,arvet
0937,1987,4219,1.0,3398,arvet
0938,1987,4220,1.0,1454,arvet
0940,1987,4221,1.0,1460,arvet
0941,1987,4222,1.0,706,arvet
1001,1987,4204,1.0,63314,arvet
1002,1987,4205,1.0,12267,arvet
1003,1987,4206,1.0,9506,arvet
1004,1987,4207,1.0,8774,arvet
1014,1987,4223,1.0,11151,arvet
1017,1987,4204,1.0,4879,arvet
1018,1987,4204,1.0,7028,arvet
1021,1987,4205,1.0,2259,arvet
1026,1987,4224,1.0,804,arvet
1027,1987,4225,1.0,1624,arvet
1029,1987,4205,1.0,4085,arvet
1032,1987,4225,1.0,6577,arvet
1034,1987,4226,1.0,1606,arvet
1037,1987,4227,1.0,5671,arvet
1046,1987,4228,1.0,1678,arvet
1101,1987,1101,1.0,12159,arvet
1102,1987,1108,1.0,41945,arvet
1103,1987,1103,1.0,95463,arvet
1106,1987,1106,1.0,26884,arvet
1111,1987,1111,1.0,3487,arvet
1112,1987,1112,1.0,3109,arvet
1114,1987,1114,1.0,2305,arvet
1119,1987,1119,1.0,12802,arvet
1120,1987,1120,1.0,11565,arvet
1121,1987,1121,1.0,11353,arvet
1122,1987,1122,1.0,6608,arvet
1124,1987,1124,1.0,14981,arvet
1127,1987,1127,1.0,7151,arvet
1129,1987,1108,1.0,942,arvet
1130,1987,1130,1.0,9221,arvet
1133,1987,1133,1.0,2837,arvet
1134,1987,1134,1.0,4281,arvet
1135,1987,1135,1.0,5482,arvet
1141,1987,1103,1.0,2794,arvet
1142,1987,1103,1.0,2504,arvet
1144,1987,1144,1.0,506,arvet
1145,1987,1145,1.0,739,arvet
1146,1987,1146,1.0,7757,arvet
1149,1987,1149,1.0,34554,arvet
1151,1987,1151,1.0,244,arvet
1154,1987,1160,1.0,4887,arvet
1201,1987,4601,1.0,208886,arvet
1211,1987,4611,1.0,4070,arvet
1214,1987,1160,1.0,3086,arvet
1216,1987,4612,1.0,4567,arvet
1219,1987,4613,1.0,9525,arvet
1221,1987,4614,1.0,14012,arvet
1222,1987,4615,1.0,3014,arvet
1223,1987,4616,1.0,2903,arvet
1224,1987,4617,1.0,13140,arvet
1227,1987,4618,1.0,1285,arvet
1228,1987,4618,1.0,8459,arvet
1231,1987,4618,1.0,4014,arvet
1232,1987,4619,1.0,1040,arvet
1233,1987,4620,1.0,1250,arvet
1234,1987,4621,1.0,1078,arvet
1235,1987,4621,1.0,14030,arvet
1238,1987,4622,1.0,8693,arvet
1241,1987,4624,1.0,3798,arvet
1242,1987,4623,1.0,2404,arvet
1243,1987,4624,1.0,12016,arvet
1244,1987,4625,1.0,4173,arvet
1245,1987,4626,1.0,4763,arvet
1246,1987,4626,1.0,13300,arvet
1247,1987,4627,1.0,18399,arvet
1251,1987,4628,1.0,4626,arvet
1252,1987,4629,1.0,382,arvet
1253,1987,4630,1.0,6908,arvet
1256,1987,4631,1.0,4275,arvet
1259,1987,4626,1.0,2892,arvet
1260,1987,4631,1.0,4570,arvet
1263,1987,4631,1.0,11349,arvet
1264,1987,4632,1.0,2622,arvet
1265,1987,4633,1.0,775,arvet
1266,1987,4634,1.0,1927,arvet
1401,1987,4602,1.0,9528,arvet
1411,1987,4635,1.0,2650,arvet
1412,1987,4636,1.0,1154,arvet
1413,1987,4637,1.0,1771,arvet
1416,1987,4638,1.0,4866,arvet
1417,1987,4639,1.0,2541,arvet
1418,1987,4640,1.0,1882,arvet
1419,1987,4640,1.0,2824,arvet
1420,1987,4640,1.0,5735,arvet
1421,1987,4641,1.0,1896,arvet
1422,1987,4642,1.0,2249,arvet
1424,1987,4643,1.0,6246,arvet
1426,1987,4644,1.0,5167,arvet
1428,1987,4645,1.0,3403,arvet
1429,1987,4646,1.0,3352,arvet
1430,1987,4647,1.0,2843,arvet
1431,1987,4647,1.0,3016,arvet
1432,1987,4647,1.0,8044,arvet
1433,1987,4647,1.0,2697,arvet
1438,1987,4648,1.0,4744,arvet
1439,1987,4602,1.0,6442,arvet
1441,1987,4649,1.0,3399,arvet
1443,1987,4649,1.0,5329,arvet
1444,1987,1577,1.0,1248,arvet
1445,1987,4650,1.0,6273,arvet
1449,1987,4651,1.0,6612,arvet
1502,1987,1506,1.0,21632,arvet
1503,1987,1505,1.0,17582,arvet
1504,1987,1508,1.0,35319,arvet
1511,1987,1511,1.0,3909,arvet
1514,1987,1514,1.0,3437,arvet
1515,1987,1515,1.0,8035,arvet
1516,1987,1516,1.0,5559,arvet
1517,1987,1517,1.0,4337,arvet
1519,1987,1577,1.0,7824,arvet
1520,1987,1520,1.0,10264,arvet
1523,1987,1508,1.0,1982,arvet
1524,1987,1578,1.0,2084,arvet
1525,1987,1525,1.0,4750,arvet
1526,1987,1578,1.0,1017,arvet
1528,1987,1528,1.0,6763,arvet
1529,1987,1508,1.0,3196,arvet
1531,1987,1531,1.0,6787,arvet
1532,1987,1532,1.0,6161,arvet
1534,1987,1580,1.0,8677,arvet
1535,1987,1535,1.0,6344,arvet
1539,1987,1539,1.0,7810,arvet
1543,1987,1506,1.0,3343,arvet
1545,1987,1506,1.0,2102,arvet
1546,1987,1508,1.0,1576,arvet
1547,1987,1547,1.0,3009,arvet
1548,1987,1579,1.0,8910,arvet
1551,1987,1579,1.0,3102,arvet
1554,1987,1554,1.0,5599,arvet
1556,1987,1505,1.0,4616,arvet
1557,1987,1557,1.0,2921,arvet
1560,1987,1560,1.0,3437,arvet
1563,1987,1563,1.0,7459,arvet
1566,1987,1566,1.0,6497,arvet
1567,1987,5061,1.0,2317,arvet
1569,1987,1576,1.0,2927,arvet
1571,1987,5055,1.0,2122,arvet
1572,1987,1576,1.0,1135,arvet
1573,1987,1573,1.0,2828,arvet
1601,1987,5001,1.0,134537,arvet
1612,1987,5055,1.0,4374,arvet
1613,1987,5055,0.153333,1224,"delt, anslått fra befolkningsendring 2019→2020"
1613,1987,5056,0.339048,1224,"delt, anslått fra befolkningsendring 2019→2020"
1613,1987,5059,0.507619,1224,"delt, anslått fra befolkningsendring 2019→2020"
1617,1987,5056,1.0,4388,arvet
1620,1987,5014,1.0,4365,arvet
1621,1987,5057,1.0,4843,arvet
1622,1987,5059,1.0,1998,arvet
1624,1987,5054,1.0,6776,arvet
1627,1987,5057,1.0,4932,arvet
1630,1987,5058,1.0,3627,arvet
1632,1987,5058,1.0,1287,arvet
1633,1987,5020,1.0,1340,arvet
1634,1987,5021,1.0,6103,arvet
1635,1987,5022,1.0,2993,arvet
1636,1987,5059,1.0,4449,arvet
1638,1987,5059,1.0,10020,arvet
1640,1987,5025,1.0,5349,arvet
1644,1987,5026,1.0,2594,arvet
1648,1987,5027,1.0,6158,arvet
1653,1987,5028,1.0,12177,arvet
1657,1987,5029,1.0,5414,arvet
1662,1987,5001,1.0,4040,arvet
1663,1987,5031,1.0,9139,arvet
1664,1987,5032,1.0,4115,arvet
1665,1987,5033,1.0,995,arvet
1702,1987,5006,1.0,20397,arvet
1703,1987,5007,1.0,11806,arvet
1711,1987,5034,1.0,2876,arvet
1714,1987,5035,1.0,16899,arvet
1717,1987,5036,1.0,2459,arvet
1718,1987,5054,1.0,3642,arvet
1719,1987,5037,1.0,16483,arvet
1721,1987,5038,1.0,13240,arvet
1723,1987,5053,1.0,985,arvet
1724,1987,5006,1.0,3262,arvet
1725,1987,5007,1.0,2058,arvet
1729,1987,5053,1.0,5686,arvet
1736,1987,5041,1.0,2562,arvet
1738,1987,5042,1.0,1771,arvet
1739,1987,5043,1.0,696,arvet
1740,1987,5044,1.0,1250,arvet
1742,1987,5045,1.0,2593,arvet
1743,1987,5046,1.0,1461,arvet
1744,1987,5047,1.0,3706,arvet
1748,1987,5007,1.0,846,arvet
1749,1987,5049,1.0,1507,arvet
1750,1987,5060,1.0,3735,arvet
1751,1987,5060,1.0,5747,arvet
1755,1987,5052,1.0,923,arvet
1804,1987,1804,1.0,34964,arvet
1805,1987,1806,1.0,18643,arvet
1811,1987,1811,1.0,2162,arvet
1812,1987,1812,1.0,2154,arvet
1813,1987,1813,1.0,6819,arvet
1815,1987,1815,1.0,1609,arvet
1816,1987,1816,1.0,729,arvet
1818,1987,1818,1.0,2100,arvet
1820,1987,1820,1.0,7573,arvet
1822,1987,1822,1.0,2357,arvet
1824,1987,1824,1.0,13147,arvet
1825,1987,1825,1.0,1761,arvet
1826,1987,1826,1.0,1758,arvet
1827,1987,1827,1.0,1936,arvet
1828,1987,1828,1.0,1770,arvet
1832,1987,1832,1.0,4854,arvet
1833,1987,1833,1.0,25128,arvet
1834,1987,1834,1.0,2405,arvet
1835,1987,1835,1.0,532,arvet
1836,1987,1836,1.0,1808,arvet
1837,1987,1837,1.0,6959,arvet
1838,1987,1838,1.0,2673,arvet
1839,1987,1839,1.0,1542,arvet
1840,1987,1840,1.0,5228,arvet
1841,1987,1841,1.0,10063,arvet
1842,1987,1804,1.0,1263,arvet
1845,1987,1845,1.0,2977,arvet
1848,1987,1848,1.0,3449,arvet
1849,1987,1875,1.0,2373,arvet
1850,1987,1806,0.422336,2693,"delt, anslått fra befolkningsendring 2019→2020"
1850,1987,1875,0.577664,2693,"delt, anslått fra befolkningsendring 2019→2020"
1851,1987,1851,1.0,2937,arvet
1852,1987,5512,1.0,1842,arvet
1853,1987,1853,1.0,1792,arvet
1854,1987,1806,1.0,3193,arvet
1856,1987,1856,1.0,700,arvet
1857,1987,1857,1.0,935,arvet
1859,1987,1859,1.0,1663,arvet
1860,1987,1860,1.0,10690,arvet
1865,1987,1865,1.0,9440,arvet
1866,1987,1866,1.0,8709,arvet
1867,1987,1867,1.0,4042,arvet
1868,1987,1868,1.0,5012,arvet
1870,1987,1870,1.0,8188,arvet
1871,1987,1871,1.0,6754,arvet
1874,1987,1874,1.0,1512,arvet
1901,1987,5503,1.0,22102,arvet
1902,1987,5501,1.0,48838,arvet
1911,1987,5510,1.0,3691,arvet
1913,1987,5512,1.0,3534,arvet
1915,1987,5503,1.0,789,arvet
1917,1987,5514,1.0,2384,arvet
1919,1987,5516,1.0,1549,arvet
1920,1987,5518,1.0,1161,arvet
1922,1987,5520,1.0,3969,arvet
1923,1987,5522,1.0,2524,arvet
1924,1987,5524,1.0,7394,arvet
1925,1987,5526,1.0,3414,arvet
1926,1987,5528,1.0,1686,arvet
1927,1987,5530,1.0,2111,arvet
1928,1987,5530,1.0,1412,arvet
1929,1987,5530,1.0,1284,arvet
1931,1987,5530,1.0,11113,arvet
1933,1987,5532,1.0,6657,arvet
1936,1987,5534,1.0,2881,arvet
1938,1987,5536,1.0,3675,arvet
1939,1987,5538,1.0,1850,arvet
1940,1987,5540,1.0,2904,arvet
1941,1987,5542,1.0,3197,arvet
1942,1987,5544,1.0,4703,arvet
1943,1987,5546,1.0,1697,arvet
2001,1987,5603,1.0,6949,arvet
2002,1987,5634,1.0,3129,arvet
2003,1987,5607,1.0,5852,arvet
2011,1987,5612,1.0,2893,arvet
2012,1987,5601,1.0,14122,arvet
2014,1987,5614,1.0,1866,arvet
2015,1987,5616,1.0,1459,arvet
2016,1987,5603,1.0,2341,arvet
2017,1987,5603,1.0,1491,arvet
2018,1987,5618,1.0,1968,arvet
2019,1987,5620,1.0,4214,arvet
2020,1987,5622,1.0,4404,arvet
2021,1987,5610,1.0,2654,arvet
2022,1987,5624,1.0,1794,arvet
2023,1987,5626,1.0,1479,arvet
2024,1987,5630,1.0,1469,arvet
2025,1987,5628,1.0,3289,arvet
2027,1987,5636,1.0,999,arvet
2028,1987,5632,1.0,2550,arvet
2030,1987,5605,1.0,9745,arvet
0101,1988,3101,1.0,25848,arvet
0102,1988,3105,1.0,11757,arvet
0103,1988,3107,1.0,26479,arvet
0104,1988,3103,1.0,24747,arvet
0111,1988,3110,1.0,3090,arvet
0113,1988,3107,1.0,11907,arvet
0114,1988,3105,1.0,2181,arvet
0115,1988,3105,1.0,14098,arvet
0118,1988,3124,1.0,1491,arvet
0119,1988,3122,1.0,3474,arvet
0121,1988,3226,1.0,676,arvet
0122,1988,3118,1.0,4755,arvet
0123,1988,3118,1.0,4274,arvet
0124,1988,3118,1.0,12854,arvet
0125,1988,3118,1.0,9188,arvet
0127,1988,3116,1.0,3160,arvet
0128,1988,3120,1.0,7125,arvet
0130,1988,3105,1.0,18615,arvet
0131,1988,3107,1.0,5716,arvet
0133,1988,3107,1.0,7423,arvet
0134,1988,3107,1.0,12723,arvet
0135,1988,3112,1.0,5924,arvet
0136,1988,3103,1.0,11884,arvet
0137,1988,3114,1.0,3847,arvet
0138,1988,3118,1.0,3809,arvet
0211,1988,3216,1.0,11226,arvet
0213,1988,3207,1.0,21979,arvet
0214,1988,3218,1.0,11597,arvet
0215,1988,3214,1.0,9888,arvet
0216,1988,3212,1.0,12458,arvet
0217,1988,3207,1.0,19725,arvet
0219,1988,3201,1.0,87773,arvet
0220,1988,3203,1.0,40365,arvet
0221,1988,3226,1.0,12552,arvet
0226,1988,3205,1.0,10946,arvet
0227,1988,3205,1.0,8394,arvet
0228,1988,3224,1.0,13695,arvet
0229,1988,3220,1.0,7888,arvet
0230,1988,3222,1.0,24874,arvet
0231,1988,3205,1.0,33132,arvet
0233,1988,3232,1.0,15742,arvet
0234,1988,3230,1.0,3644,arvet
0235,1988,3209,1.0,17934,arvet
0236,1988,3228,1.0,15441,arvet
0237,1988,3240,1.0,16242,arvet
0238,1988,3238,1.0,7955,arvet
0239,1988,3242,1.0,2541,arvet
0301,1988,0301,1.0,453730,arvet
0401,1988,3403,1.0,15775,arvet
0402,1988,3401,1.0,17425,arvet
0412,1988,3411,1.0,30854,arvet
0414,1988,3403,1.0,8919,arvet
0415,1988,3412,1.0,7009,arvet
0417,1988,3413,1.0,17722,arvet
0418,1988,3414,1.0,5330,arvet
0419,1988,3415,1.0,7446,arvet
0420,1988,3416,1.0,6436,arvet
0423,1988,3417,1.0,5966,arvet
0425,1988,3418,1.0,8610,arvet
0426,1988,3419,1.0,4508,arvet
0427,1988,3420,1.0,17224,arvet
0428,1988,3421,1.0,7293,arvet
0429,1988,3422,1.0,4498,arvet
0430,1988,3423,1.0,3440,arvet
0432,1988,3424,1.0,2538,arvet
0434,1988,3425,1.0,1739,arvet
0436,1988,3426,1.0,1840,arvet
0437,1988,3427,1.0,5386,arvet
0438,1988,3428,1.0,2443,arvet
0439,1988,3429,1.0,2000,arvet
0441,1988,3430,1.0,2017,arvet
0501,1988,3405,1.0,22310,arvet
0502,1988,3407,1.0,25972,arvet
0511,1988,3431,1.0,3119,arvet
0512,1988,3432,1.0,2561,arvet
0513,1988,3433,1.0,2643,arvet
0514,1988,3434,1.0,2668,arvet
0515,1988,3435,1.0,4047,arvet
0516,1988,3436,1.0,6229,arvet
0517,1988,3437,1.0,6502,arvet
0519,1988,3438,1.0,3488,arvet
0520,1988,3439,1.0,5212,arvet
0521,1988,3440,1.0,4548,arvet
0522,1988,3441,1.0,6467,arvet
0528,1988,3442,1.0,14179,arvet
0529,1988,3443,1.0,13504,arvet
0532,1988,3236,1.0,5757,arvet
0533,1988,3234,1.0,7741,arvet
0534,1988,3446,1.0,12583,arvet
0536,1988,3447,1.0,6341,arvet
0538,1988,3448,1.0,7027,arvet
0540,1988,3449,1.0,3613,arvet
0541,1988,3450,1.0,1616,arvet
0542,1988,3451,1.0,6627,arvet
0543,1988,3452,1.0,2548,arvet
0544,1988,3453,1.0,3092,arvet
0545,1988,3454,1.0,1947,arvet
0602,1988,3301,1.0,51843,arvet
0604,1988,3303,1.0,21262,arvet
0605,1988,3305,1.0,26974,arvet
0612,1988,3310,1.0,4342,arvet
0615,1988,3320,1.0,1219,arvet
0616,1988,3322,1.0,3381,arvet
0617,1988,3324,1.0,4204,arvet
0618,1988,3326,1.0,1612,arvet
0619,1988,3328,1.0,4921,arvet
0620,1988,3330,1.0,4770,arvet
0621,1988,3332,1.0,3768,arvet
0622,1988,3318,1.0,2395,arvet
0623,1988,3316,1.0,12268,arvet
0624,1988,3314,1.0,14449,arvet
0625,1988,3301,1.0,18576,arvet
0626,1988,3312,1.0,18483,arvet
0627,1988,3203,1.0,13902,arvet
0628,1988,3203,1.0,7983,arvet
0631,1988,3334,1.0,2524,arvet
0632,1988,3336,1.0,1450,arvet
0633,1988,3338,1.0,2940,arvet
0701,1988,3901,1.0,22228,arvet
0702,1988,3903,1.0,9057,arvet
0704,1988,3905,1.0,30908,arvet
0706,1988,3907,1.0,35549,arvet
0709,1988,3909,1.0,37520,arvet
0711,1988,3301,1.0,5729,arvet
0713,1988,3903,1.0,6786,arvet
0714,1988,3903,1.0,2726,arvet
0716,1988,3905,1.0,3767,arvet
0718,1988,3905,1.0,3402,arvet
0719,1988,3907,1.0,4358,arvet
0720,1988,3907,1.0,8712,arvet
0722,1988,3911,1.0,17629,arvet
0723,1988,3911,1.0,3743,arvet
0728,1988,3909,1.0,2363,arvet
0805,1988,4001,1.0,31249,arvet
0806,1988,4003,1.0,47531,arvet
0807,1988,4005,1.0,12494,arvet
0811,1988,4010,1.0,2180,arvet
0814,1988,4012,1.0,13661,arvet
0815,1988,4014,1.0,10870,arvet
0817,1988,4016,1.0,4476,arvet
0819,1988,4018,1.0,7029,arvet
0821,1988,4020,1.0,4658,arvet
0822,1988,4020,1.0,4377,arvet
0826,1988,4026,1.0,7089,arvet
0827,1988,4024,1.0,1774,arvet
0828,1988,4022,1.0,3193,arvet
0829,1988,4028,1.0,3016,arvet
0830,1988,4030,1.0,1530,arvet
0831,1988,4032,1.0,1446,arvet
0833,1988,4034,1.0,2748,arvet
0834,1988,4036,1.0,3919,arvet
0901,1988,4201,1.0,7013,arvet
0903,1988,4203,1.0,12240,arvet
0904,1988,4202,1.0,15119,arvet
0911,1988,4211,1.0,2653,arvet
0912,1988,4212,1.0,1832,arvet
0914,1988,4213,1.0,5862,arvet
0918,1988,4203,1.0,7959,arvet
0919,1988,4214,1.0,3927,arvet
0920,1988,4203,1.0,8663,arvet
0921,1988,4203,1.0,4552,arvet
0922,1988,4203,1.0,4032,arvet
0926,1988,4215,1.0,7892,arvet
0928,1988,4216,1.0,4037,arvet
0929,1988,4217,1.0,2073,arvet
0935,1988,4218,1.0,1159,arvet
0937,1988,4219,1.0,3375,arvet
0938,1988,4220,1.0,1444,arvet
0940,1988,4221,1.0,1457,arvet
0941,1988,4222,1.0,722,arvet
1001,1988,4204,1.0,63491,arvet
1002,1988,4205,1.0,12384,arvet
1003,1988,4206,1.0,9431,arvet
1004,1988,4207,1.0,8798,arvet
1014,1988,4223,1.0,11334,arvet
1017,1988,4204,1.0,4965,arvet
1018,1988,4204,1.0,7231,arvet
1021,1988,4205,1.0,2256,arvet
1026,1988,4224,1.0,811,arvet
1027,1988,4225,1.0,1636,arvet
1029,1988,4205,1.0,4142,arvet
1032,1988,4225,1.0,6616,arvet
1034,1988,4226,1.0,1592,arvet
1037,1988,4227,1.0,5633,arvet
1046,1988,4228,1.0,1695,arvet
1101,1988,1101,1.0,12203,arvet
1102,1988,1108,1.0,42584,arvet
1103,1988,1103,1.0,96439,arvet
1106,1988,1106,1.0,26947,arvet
1111,1988,1111,1.0,3507,arvet
1112,1988,1112,1.0,3113,arvet
1114,1988,1114,1.0,2320,arvet
1119,1988,1119,1.0,12868,arvet
1120,1988,1120,1.0,11688,arvet
1121,1988,1121,1.0,11407,arvet
1122,1988,1122,1.0,6866,arvet
1124,1988,1124,1.0,15240,arvet
1127,1988,1127,1.0,7207,arvet
1129,1988,1108,1.0,941,arvet
1130,1988,1130,1.0,9435,arvet
1133,1988,1133,1.0,2805,arvet
1134,1988,1134,1.0,4241,arvet
1135,1988,1135,1.0,5416,arvet
1141,1988,1103,1.0,2750,arvet
1142,1988,1103,1.0,2544,arvet
1144,1988,1144,1.0,488,arvet
1145,1988,1145,1.0,736,arvet
1146,1988,1146,1.0,7856,arvet
1149,1988,1149,1.0,34827,arvet
1151,1988,1151,1.0,221,arvet
1154,1988,1160,1.0,4893,arvet
1201,1988,4601,1.0,209831,arvet
1211,1988,4611,1.0,4119,arvet
1214,1988,1160,1.0,3088,arvet
1216,1988,4612,1.0,4594,arvet
1219,1988,4613,1.0,9569,arvet
1221,1988,4614,1.0,14197,arvet
1222,1988,4615,1.0,3038,arvet
1223,1988,4616,1.0,2879,arvet
1224,1988,4617,1.0,13206,arvet
1227,1988,4618,1.0,1280,arvet
1228,1988,4618,1.0,8432,arvet
1231,1988,4618,1.0,3954,arvet
1232,1988,4619,1.0,1043,arvet
1233,1988,4620,1.0,1218,arvet
1234,1988,4621,1.0,1070,arvet
1235,1988,4621,1.0,14085,arvet
1238,1988,4622,1.0,8768,arvet
1241,1988,4624,1.0,3766,arvet
1242,1988,4623,1.0,2384,arvet
1243,1988,4624,1.0,12190,arvet
1244,1988,4625,1.0,4148,arvet
1245,1988,4626,1.0,4878,arvet
1246,1988,4626,1.0,13816,arvet
1247,1988,4627,1.0,18504,arvet
1251,1988,4628,1.0,4577,arvet
1252,1988,4629,1.0,355,arvet
1253,1988,4630,1.0,6950,arvet
1256,1988,4631,1.0,4406,arvet
1259,1988,4626,1.0,3027,arvet
1260,1988,4631,1.0,4569,arvet
1263,1988,4631,1.0,11722,arvet
1264,1988,4632,1.0,2722,arvet
1265,1988,4633,1.0,761,arvet
1266,1988,4634,1.0,1917,arvet
1401,1988,4602,1.0,9592,arvet
1411,1988,4635,1.0,2635,arvet
1412,1988,4636,1.0,1144,arvet
1413,1988,4637,1.0,1768,arvet
1416,1988,4638,1.0,4816,arvet
1417,1988,4639,1.0,2515,arvet
1418,1988,4640,1.0,1898,arvet
1419,1988,4640,1.0,2858,arvet
1420,1988,4640,1.0,5771,arvet
1421,1988,4641,1.0,1880,arvet
1422,1988,4642,1.0,2208,arvet
1424,1988,4643,1.0,6311,arvet
1426,1988,4644,1.0,5159,arvet
1428,1988,4645,1.0,3363,arvet
1429,1988,4646,1.0,3368,arvet
1430,1988,4647,1.0,2842,arvet
1431,1988,4647,1.0,3011,arvet
1432,1988,4647,1.0,8143,arvet
1433,1988,4647,1.0,2734,arvet
1438,1988,4648,1.0,4674,arvet
1439,1988,4602,1.0,6428,arvet
1441,1988,4649,1.0,3333,arvet
1443,1988,4649,1.0,5393,arvet
1444,1988,1577,1.0,1233,arvet
1445,1988,4650,1.0,6368,arvet
1449,1988,4651,1.0,6621,arvet
1502,1988,1506,1.0,21784,arvet
1503,1988,1505,1.0,17516,arvet
1504,1988,1508,1.0,35563,arvet
1511,1988,1511,1.0,3887,arvet
1514,1988,1514,1.0,3389,arvet
1515,1988,1515,1.0,8099,arvet
1516,1988,1516,1.0,5537,arvet
1517,1988,1517,1.0,4418,arvet
1519,1988,1577,1.0,7876,arvet
1520,1988,1520,1.0,10223,arvet
1523,1988,1508,1.0,1976,arvet
1524,1988,1578,1.0,2021,arvet
1525,1988,1525,1.0,4668,arvet
1526,1988,1578,1.0,1036,arvet
1528,1988,1528,1.0,6760,arvet
1529,1988,1508,1.0,3252,arvet
1531,1988,1531,1.0,6764,arvet
1532,1988,1532,1.0,6175,arvet
1534,1988,1580,1.0,8621,arvet
1535,1988,1535,1.0,6393,arvet
1539,1988,1539,1.0,7793,arvet
1543,1988,1506,1.0,3361,arvet
1545,1988,1506,1.0,2095,arvet
1546,1988,1508,1.0,1552,arvet
1547,1988,1547,1.0,2969,arvet
1548,1988,1579,1.0,8921,arvet
1551,1988,1579,1.0,3085,arvet
1554,1988,1554,1.0,5613,arvet
1556,1988,1505,1.0,4740,arvet
1557,1988,1557,1.0,2890,arvet
1560,1988,1560,1.0,3486,arvet
1563,1988,1563,1.0,7382,arvet
1566,1988,1566,1.0,6514,arvet
1567,1988,5061,1.0,2319,arvet
1569,1988,1576,1.0,2880,arvet
1571,1988,5055,1.0,2133,arvet
1572,1988,1576,1.0,1128,arvet
1573,1988,1573,1.0,2780,arvet
1601,1988,5001,1.0,135524,arvet
1612,1988,5055,1.0,4392,arvet
1613,1988,5055,0.153333,1217,"delt, anslått fra befolkningsendring 2019→2020"
1613,1988,5056,0.339048,1217,"delt, anslått fra befolkningsendring 2019→2020"
1613,1988,5059,0.507619,1217,"delt, anslått fra befolkningsendring 2019→2020"
1617,1988,5056,1.0,4319,arvet
1620,1988,5014,1.0,4286,arvet
1621,1988,5057,1.0,4790,arvet
1622,1988,5059,1.0,1941,arvet
1624,1988,5054,1.0,6650,arvet
1627,1988,5057,1.0,4932,arvet
1630,1988,5058,1.0,3618,arvet
1632,1988,5058,1.0,1252,arvet
1633,1988,5020,1.0,1332,arvet
1634,1988,5021,1.0,6166,arvet
1635,1988,5022,1.0,2979,arvet
1636,1988,5059,1.0,4436,arvet
1638,1988,5059,1.0,10058,arvet
1640,1988,5025,1.0,5325,arvet
1644,1988,5026,1.0,2582,arvet
1648,1988,5027,1.0,6080,arvet
1653,1988,5028,1.0,12196,arvet
1657,1988,5029,1.0,5475,arvet
1662,1988,5001,1.0,4085,arvet
1663,1988,5031,1.0,9332,arvet
1664,1988,5032,1.0,4110,arvet
1665,1988,5033,1.0,999,arvet
1702,1988,5006,1.0,20403,arvet
1703,1988,5007,1.0,11805,arvet
1711,1988,5034,1.0,2848,arvet
1714,1988,5035,1.0,17042,arvet
1717,1988,5036,1.0,2502,arvet
1718,1988,5054,1.0,3653,arvet
1719,1988,5037,1.0,16644,arvet
1721,1988,5038,1.0,13398,arvet
1723,1988,5053,1.0,984,arvet
1724,1988,5006,1.0,3222,arvet
1725,1988,5007,1.0,2033,arvet
1729,1988,5053,1.0,5718,arvet
1736,1988,5041,1.0,2549,arvet
1738,1988,5042,1.0,1728,arvet
1739,1988,5043,1.0,718,arvet
1740,1988,5044,1.0,1215,arvet
1742,1988,5045,1.0,2554,arvet
1743,1988,5046,1.0,1469,arvet
1744,1988,5047,1.0,3676,arvet
1748,1988,5007,1.0,855,arvet
1749,1988,5049,1.0,1473,arvet
1750,1988,5060,1.0,3734,arvet
1751,1988,5060,1.0,5663,arvet
1755,1988,5052,1.0,883,arvet
1804,1988,1804,1.0,35377,arvet
1805,1988,1806,1.0,18470,arvet
1811,1988,1811,1.0,2141,arvet
1812,1988,1812,1.0,2130,arvet
1813,1988,1813,1.0,6843,arvet
1815,1988,1815,1.0,1580,arvet
1816,1988,1816,1.0,706,arvet
1818,1988,1818,1.0,2077,arvet
1820,1988,1820,1.0,7505,arvet
1822,1988,1822,1.0,2389,arvet
1824,1988,1824,1.0,13196,arvet
1825,1988,1825,1.0,1757,arvet
1826,1988,1826,1.0,1736,arvet
1827,1988,1827,1.0,1860,arvet
1828,1988,1828,1.0,1751,arvet
1832,1988,1832,1.0,4870,arvet
1833,1988,1833,1.0,24891,arvet
1834,1988,1834,1.0,2343,arvet
1835,1988,1835,1.0,556,arvet
1836,1988,1836,1.0,1793,arvet
1837,1988,1837,1.0,7012,arvet
1838,1988,1838,1.0,2639,arvet
1839,1988,1839,1.0,1525,arvet
1840,1988,1840,1.0,5248,arvet
1841,1988,1841,1.0,10072,arvet
1842,1988,1804,1.0,1257,arvet
1845,1988,1845,1.0,2900,arvet
1848,1988,1848,1.0,3393,arvet
1849,1988,1875,1.0,2363,arvet
1850,1988,1806,0.422336,2641,"delt, anslått fra befolkningsendring 2019→2020"
1850,1988,1875,0.577664,2641,"delt, anslått fra befolkningsendring 2019→2020"
1851,1988,1851,1.0,2921,arvet
1852,1988,5512,1.0,1826,arvet
1853,1988,1853,1.0,1812,arvet
1854,1988,1806,1.0,3200,arvet
1856,1988,1856,1.0,663,arvet
1857,1988,1857,1.0,898,arvet
1859,1988,1859,1.0,1634,arvet
1860,1988,1860,1.0,10599,arvet
1865,1988,1865,1.0,9325,arvet
1866,1988,1866,1.0,8713,arvet
1867,1988,1867,1.0,4012,arvet
1868,1988,1868,1.0,5027,arvet
1870,1988,1870,1.0,8214,arvet
1871,1988,1871,1.0,6715,arvet
1874,1988,1874,1.0,1498,arvet
1901,1988,5503,1.0,22277,arvet
1902,1988,5501,1.0,49459,arvet
1911,1988,5510,1.0,3630,arvet
1913,1988,5512,1.0,3521,arvet
1915,1988,5503,1.0,761,arvet
1917,1988,5514,1.0,2328,arvet
1919,1988,5516,1.0,1540,arvet
1920,1988,5518,1.0,1173,arvet
1922,1988,5520,1.0,3894,arvet
1923,1988,5522,1.0,2542,arvet
1924,1988,5524,1.0,7413,arvet
1925,1988,5526,1.0,3411,arvet
1926,1988,5528,1.0,1656,arvet
1927,1988,5530,1.0,2077,arvet
1928,1988,5530,1.0,1381,arvet
1929,1988,5530,1.0,1255,arvet
1931,1988,5530,1.0,11021,arvet
1933,1988,5532,1.0,6532,arvet
1936,1988,5534,1.0,2836,arvet
1938,1988,5536,1.0,3600,arvet
1939,1988,5538,1.0,1855,arvet
1940,1988,5540,1.0,2867,arvet
1941,1988,5542,1.0,3134,arvet
1942,1988,5544,1.0,4698,arvet
1943,1988,5546,1.0,1628,arvet
2001,1988,5603,1.0,6816,arvet
2002,1988,5634,1.0,3133,arvet
2003,1988,5607,1.0,5894,arvet
2011,1988,5612,1.0,2907,arvet
2012,1988,5601,1.0,14367,arvet
2014,1988,5614,1.0,1769,arvet
2015,1988,5616,1.0,1412,arvet
2016,1988,5603,1.0,2402,arvet
2017,1988,5603,1.0,1439,arvet
2018,1988,5618,1.0,1897,arvet
2019,1988,5620,1.0,4127,arvet
2020,1988,5622,1.0,4386,arvet
2021,1988,5610,1.0,2670,arvet
2022,1988,5624,1.0,1736,arvet
2023,1988,5626,1.0,1458,arvet
2024,1988,5630,1.0,1412,arvet
2025,1988,5628,1.0,3215,arvet
2027,1988,5636,1.0,1008,arvet
2028,1988,5632,1.0,2461,arvet
2030,1988,5605,1.0,9564,arvet
0101,1989,3101,1.0,25841,arvet
0102,1989,3105,1.0,11886,arvet
0103,1989,3107,1.0,26525,arvet
0104,1989,3103,1.0,24720,arvet
0111,1989,3110,1.0,3181,arvet
0113,1989,3107,1.0,11961,arvet
0114,1989,3105,1.0,2185,arvet
0115,1989,3105,1.0,14278,arvet
0118,1989,3124,1.0,1493,arvet
0119,1989,3122,1.0,3425,arvet
0121,1989,3226,1.0,671,arvet
0122,1989,3118,1.0,4761,arvet
0123,1989,3118,1.0,4282,arvet
0124,1989,3118,1.0,12903,arvet
0125,1989,3118,1.0,9276,arvet
0127,1989,3116,1.0,3168,arvet
0128,1989,3120,1.0,7238,arvet
0130,1989,3105,1.0,18526,arvet
0131,1989,3107,1.0,5681,arvet
0133,1989,3107,1.0,7451,arvet
0134,1989,3107,1.0,12774,arvet
0135,1989,3112,1.0,5930,arvet
0136,1989,3103,1.0,12077,arvet
0137,1989,3114,1.0,3883,arvet
0138,1989,3118,1.0,3881,arvet
0211,1989,3216,1.0,11318,arvet
0213,1989,3207,1.0,22167,arvet
0214,1989,3218,1.0,11765,arvet
0215,1989,3214,1.0,9959,arvet
0216,1989,3212,1.0,12866,arvet
0217,1989,3207,1.0,19978,arvet
0219,1989,3201,1.0,88594,arvet
0220,1989,3203,1.0,40941,arvet
0221,1989,3226,1.0,12577,arvet
0226,1989,3205,1.0,11120,arvet
0227,1989,3205,1.0,8489,arvet
0228,1989,3224,1.0,13591,arvet
0229,1989,3220,1.0,7999,arvet
0230,1989,3222,1.0,25723,arvet
0231,1989,3205,1.0,33420,arvet
0233,1989,3232,1.0,16002,arvet
0234,1989,3230,1.0,3712,arvet
0235,1989,3209,1.0,17998,arvet
0236,1989,3228,1.0,15649,arvet
0237,1989,3240,1.0,16461,arvet
0238,1989,3238,1.0,7984,arvet
0239,1989,3242,1.0,2568,arvet
0301,1989,0301,1.0,456124,arvet
0401,1989,3403,1.0,15968,arvet
0402,1989,3401,1.0,17526,arvet
0412,1989,3411,1.0,30999,arvet
0414,1989,3403,1.0,8922,arvet
0415,1989,3412,1.0,7086,arvet
0417,1989,3413,1.0,17624,arvet
0418,1989,3414,1.0,5335,arvet
0419,1989,3415,1.0,7461,arvet
0420,1989,3416,1.0,6501,arvet
0423,1989,3417,1.0,5908,arvet
0425,1989,3418,1.0,8586,arvet
0426,1989,3419,1.0,4446,arvet
0427,1989,3420,1.0,17296,arvet
0428,1989,3421,1.0,7342,arvet
0429,1989,3422,1.0,4463,arvet
0430,1989,3423,1.0,3368,arvet
0432,1989,3424,1.0,2506,arvet
0434,1989,3425,1.0,1741,arvet
0436,1989,3426,1.0,1864,arvet
0437,1989,3427,1.0,5378,arvet
0438,1989,3428,1.0,2437,arvet
0439,1989,3429,1.0,2015,arvet
0441,1989,3430,1.0,2034,arvet
0501,1989,3405,1.0,22564,arvet
0502,1989,3407,1.0,26136,arvet
0511,1989,3431,1.0,3066,arvet
0512,1989,3432,1.0,2474,arvet
0513,1989,3433,1.0,2626,arvet
0514,1989,3434,1.0,2661,arvet
0515,1989,3435,1.0,4009,arvet
0516,1989,3436,1.0,6274,arvet
0517,1989,3437,1.0,6445,arvet
0519,1989,3438,1.0,3490,arvet
0520,1989,3439,1.0,5203,arvet
0521,1989,3440,1.0,4430,arvet
0522,1989,3441,1.0,6493,arvet
0528,1989,3442,1.0,14288,arvet
0529,1989,3443,1.0,13404,arvet
0532,1989,3236,1.0,5811,arvet
0533,1989,3234,1.0,7845,arvet
0534,1989,3446,1.0,12599,arvet
0536,1989,3447,1.0,6337,arvet
0538,1989,3448,1.0,7009,arvet
0540,1989,3449,1.0,3599,arvet
0541,1989,3450,1.0,1602,arvet
0542,1989,3451,1.0,6632,arvet
0543,1989,3452,1.0,2516,arvet
0544,1989,3453,1.0,3100,arvet
0545,1989,3454,1.0,1897,arvet
0602,1989,3301,1.0,51957,arvet
0604,1989,3303,1.0,21217,arvet
0605,1989,3305,1.0,27108,arvet
0612,1989,3310,1.0,4422,arvet
0615,1989,3320,1.0,1207,arvet
0616,1989,3322,1.0,3398,arvet
0617,1989,3324,1.0,4231,arvet
0618,1989,3326,1.0,1615,arvet
0619,1989,3328,1.0,5040,arvet
0620,1989,3330,1.0,4860,arvet
0621,1989,3332,1.0,3733,arvet
0622,1989,3318,1.0,2400,arvet
0623,1989,3316,1.0,12310,arvet
0624,1989,3314,1.0,14647,arvet
0625,1989,3301,1.0,18787,arvet
0626,1989,3312,1.0,18671,arvet
0627,1989,3203,1.0,14023,arvet
0628,1989,3203,1.0,8043,arvet
0631,1989,3334,1.0,2547,arvet
0632,1989,3336,1.0,1455,arvet
0633,1989,3338,1.0,2907,arvet
0701,1989,3901,1.0,22353,arvet
0702,1989,3903,1.0,9146,arvet
0704,1989,3905,1.0,30984,arvet
0706,1989,3907,1.0,35853,arvet
0709,1989,3909,1.0,37797,arvet
0711,1989,3301,1.0,5845,arvet
0713,1989,3903,1.0,6847,arvet
0714,1989,3903,1.0,2721,arvet
0716,1989,3905,1.0,3858,arvet
0718,1989,3905,1.0,3426,arvet
0719,1989,3907,1.0,4368,arvet
0720,1989,3907,1.0,8839,arvet
0722,1989,3911,1.0,17822,arvet
0723,1989,3911,1.0,3860,arvet
0728,1989,3909,1.0,2380,arvet
0805,1989,4001,1.0,31238,arvet
0806,1989,4003,1.0,47553,arvet
0807,1989,4005,1.0,12514,arvet
0811,1989,4010,1.0,2200,arvet
0814,1989,4012,1.0,13793,arvet
0815,1989,4014,1.0,10791,arvet
0817,1989,4016,1.0,4453,arvet
0819,1989,4018,1.0,6986,arvet
0821,1989,4020,1.0,4715,arvet
0822,1989,4020,1.0,4398,arvet
0826,1989,4026,1.0,6961,arvet
0827,1989,4024,1.0,1756,arvet
0828,1989,4022,1.0,3153,arvet
0829,1989,4028,1.0,3038,arvet
0830,1989,4030,1.0,1537,arvet
0831,1989,4032,1.0,1433,arvet
0833,1989,4034,1.0,2727,arvet
0834,1989,4036,1.0,3959,arvet
0901,1989,4201,1.0,7023,arvet
0903,1989,4203,1.0,12244,arvet
0904,1989,4202,1.0,15343,arvet
0911,1989,4211,1.0,2628,arvet
0912,1989,4212,1.0,1834,arvet
0914,1989,4213,1.0,5869,arvet
0918,1989,4203,1.0,7998,arvet
0919,1989,4214,1.0,4004,arvet
0920,1989,4203,1.0,8700,arvet
0921,1989,4203,1.0,4594,arvet
0922,1989,4203,1.0,4101,arvet
0926,1989,4215,1.0,7990,arvet
0928,1989,4216,1.0,4046,arvet
0929,1989,4217,1.0,2008,arvet
0935,1989,4218,1.0,1170,arvet
0937,1989,4219,1.0,3365,arvet
0938,1989,4220,1.0,1473,arvet
0940,1989,4221,1.0,1448,arvet
0941,1989,4222,1.0,729,arvet
1001,1989,4204,1.0,64395,arvet
1002,1989,4205,1.0,12450,arvet
1003,1989,4206,1.0,9378,arvet
1004,1989,4207,1.0,8796,arvet
1014,1989,4223,1.0,11436,arvet
1017,1989,4204,1.0,5072,arvet
1018,1989,4204,1.0,7353,arvet
1021,1989,4205,1.0,2240,arvet
1026,1989,4224,1.0,807,arvet
1027,1989,4225,1.0,1633,arvet
1029,1989,4205,1.0,4158,arvet
1032,1989,4225,1.0,6728,arvet
1034,1989,4226,1.0,1557,arvet
1037,1989,4227,1.0,5652,arvet
1046,1989,4228,1.0,1695,arvet
1101,1989,1101,1.0,12337,arvet
1102,1989,1108,1.0,43636,arvet
1103,1989,1103,1.0,96948,arvet
1106,1989,1106,1.0,27229,arvet
1111,1989,1111,1.0,3497,arvet
1112,1989,1112,1.0,3138,arvet
1114,1989,1114,1.0,2309,arvet
1119,1989,1119,1.0,12988,arvet
1120,1989,1120,1.0,11796,arvet
1121,1989,1121,1.0,11676,arvet
1122,1989,1122,1.0,7057,arvet
1124,1989,1124,1.0,15705,arvet
1127,1989,1127,1.0,7451,arvet
1129,1989,1108,1.0,977,arvet
1130,1989,1130,1.0,9525,arvet
1133,1989,1133,1.0,2833,arvet
1134,1989,1134,1.0,4150,arvet
1135,1989,1135,1.0,5403,arvet
1141,1989,1103,1.0,2780,arvet
1142,1989,1103,1.0,2580,arvet
1144,1989,1144,1.0,499,arvet
1145,1989,1145,1.0,738,arvet
1146,1989,1146,1.0,7957,arvet
1149,1989,1149,1.0,35015,arvet
1151,1989,1151,1.0,218,arvet
1154,1989,1160,1.0,4909,arvet
1201,1989,4601,1.0,211095,arvet
1211,1989,4611,1.0,4059,arvet
1214,1989,1160,1.0,3111,arvet
1216,1989,4612,1.0,4587,arvet
1219,1989,4613,1.0,9653,arvet
1221,1989,4614,1.0,14383,arvet
1222,1989,4615,1.0,3089,arvet
1223,1989,4616,1.0,2902,arvet
1224,1989,4617,1.0,13232,arvet
1227,1989,4618,1.0,1262,arvet
1228,1989,4618,1.0,8388,arvet
1231,1989,4618,1.0,3911,arvet
1232,1989,4619,1.0,1052,arvet
1233,1989,4620,1.0,1244,arvet
1234,1989,4621,1.0,1040,arvet
1235,1989,4621,1.0,14066,arvet
1238,1989,4622,1.0,8773,arvet
1241,1989,4624,1.0,3776,arvet
1242,1989,4623,1.0,2383,arvet
1243,1989,4624,1.0,12427,arvet
1244,1989,4625,1.0,4157,arvet
1245,1989,4626,1.0,4961,arvet
1246,1989,4626,1.0,14337,arvet
1247,1989,4627,1.0,18682,arvet
1251,1989,4628,1.0,4566,arvet
1252,1989,4629,1.0,348,arvet
1253,1989,4630,1.0,6969,arvet
1256,1989,4631,1.0,4508,arvet
1259,1989,4626,1.0,3095,arvet
1260,1989,4631,1.0,4584,arvet
1263,1989,4631,1.0,11908,arvet
1264,1989,4632,1.0,2732,arvet
1265,1989,4633,1.0,746,arvet
1266,1989,4634,1.0,1900,arvet
1401,1989,4602,1.0,9747,arvet
1411,1989,4635,1.0,2609,arvet
1412,1989,4636,1.0,1158,arvet
1413,1989,4637,1.0,1738,arvet
1416,1989,4638,1.0,4823,arvet
1417,1989,4639,1.0,2512,arvet
1418,1989,4640,1.0,1867,arvet
1419,1989,4640,1.0,2822,arvet
1420,1989,4640,1.0,5847,arvet
1421,1989,4641,1.0,1873,arvet
1422,1989,4642,1.0,2268,arvet
1424,1989,4643,1.0,6280,arvet
1426,1989,4644,1.0,5185,arvet
1428,1989,4645,1.0,3341,arvet
1429,1989,4646,1.0,3321,arvet
1430,1989,4647,1.0,2861,arvet
1431,1989,4647,1.0,2987,arvet
1432,1989,4647,1.0,8314,arvet
1433,1989,4647,1.0,2724,arvet
1438,1989,4648,1.0,4605,arvet
1439,1989,4602,1.0,6433,arvet
1441,1989,4649,1.0,3309,arvet
1443,1989,4649,1.0,5447,arvet
1444,1989,1577,1.0,1187,arvet
1445,1989,4650,1.0,6332,arvet
1449,1989,4651,1.0,6748,arvet
1502,1989,1506,1.0,22012,arvet
1503,1989,1505,1.0,17393,arvet
1504,1989,1508,1.0,35633,arvet
1511,1989,1511,1.0,3908,arvet
1514,1989,1514,1.0,3371,arvet
1515,1989,1515,1.0,8097,arvet
1516,1989,1516,1.0,5605,arvet
1517,1989,1517,1.0,4488,arvet
1519,1989,1577,1.0,7961,arvet
1520,1989,1520,1.0,10209,arvet
1523,1989,1508,1.0,1970,arvet
1524,1989,1578,1.0,2039,arvet
1525,1989,1525,1.0,4655,arvet
1526,1989,1578,1.0,1038,arvet
1528,1989,1528,1.0,6792,arvet
1529,1989,1508,1.0,3298,arvet
1531,1989,1531,1.0,6734,arvet
1532,1989,1532,1.0,6246,arvet
1534,1989,1580,1.0,8624,arvet
1535,1989,1535,1.0,6389,arvet
1539,1989,1539,1.0,7833,arvet
1543,1989,1506,1.0,3346,arvet
1545,1989,1506,1.0,2094,arvet
1546,1989,1508,1.0,1542,arvet
1547,1989,1547,1.0,2988,arvet
1548,1989,1579,1.0,8869,arvet
1551,1989,1579,1.0,3063,arvet
1554,1989,1554,1.0,5601,arvet
1556,1989,1505,1.0,4778,arvet
1557,1989,1557,1.0,2905,arvet
1560,1989,1560,1.0,3537,arvet
1563,1989,1563,1.0,7554,arvet
1566,1989,1566,1.0,6499,arvet
1567,1989,5061,1.0,2297,arvet
1569,1989,1576,1.0,2860,arvet
1571,1989,5055,1.0,2148,arvet
1572,1989,1576,1.0,1135,arvet
1573,1989,1573,1.0,2776,arvet
1601,1989,5001,1.0,136601,arvet
1612,1989,5055,1.0,4340,arvet
1613,1989,5055,0.153333,1202,"delt, anslått fra befolkningsendring 2019→2020"
1613,1989,5056,0.339048,1202,"delt, anslått fra befolkningsendring 2019→2020"
1613,1989,5059,0.507619,1202,"delt, anslått fra befolkningsendring 2019→2020"
1617,1989,5056,1.0,4298,arvet
1620,1989,5014,1.0,4261,arvet
1621,1989,5057,1.0,4870,arvet
1622,1989,5059,1.0,1915,arvet
1624,1989,5054,1.0,6609,arvet
1627,1989,5057,1.0,4911,arvet
1630,1989,5058,1.0,3620,arvet
1632,1989,5058,1.0,1234,arvet
1633,1989,5020,1.0,1328,arvet
1634,1989,5021,1.0,6181,arvet
1635,1989,5022,1.0,2953,arvet
1636,1989,5059,1.0,4436,arvet
1638,1989,5059,1.0,10150,arvet
1640,1989,5025,1.0,5333,arvet
1644,1989,5026,1.0,2552,arvet
1648,1989,5027,1.0,6082,arvet
1653,1989,5028,1.0,12366,arvet
1657,1989,5029,1.0,5549,arvet
1662,1989,5001,1.0,4240,arvet
1663,1989,5031,1.0,9448,arvet
1664,1989,5032,1.0,4137,arvet
1665,1989,5033,1.0,1008,arvet
1702,1989,5006,1.0,20439,arvet
1703,1989,5007,1.0,11811,arvet
1711,1989,5034,1.0,2779,arvet
1714,1989,5035,1.0,17202,arvet
1717,1989,5036,1.0,2481,arvet
1718,1989,5054,1.0,3626,arvet
1719,1989,5037,1.0,16702,arvet
1721,1989,5038,1.0,13370,arvet
1723,1989,5053,1.0,963,arvet
1724,1989,5006,1.0,3209,arvet
1725,1989,5007,1.0,1999,arvet
1729,1989,5053,1.0,5766,arvet
1736,1989,5041,1.0,2520,arvet
1738,1989,5042,1.0,1715,arvet
1739,1989,5043,1.0,727,arvet
1740,1989,5044,1.0,1213,arvet
1742,1989,5045,1.0,2513,arvet
1743,1989,5046,1.0,1433,arvet
1744,1989,5047,1.0,3715,arvet
1748,1989,5007,1.0,867,arvet
1749,1989,5049,1.0,1454,arvet
1750,1989,5060,1.0,3739,arvet
1751,1989,5060,1.0,5633,arvet
1755,1989,5052,1.0,874,arvet
1804,1989,1804,1.0,35851,arvet
1805,1989,1806,1.0,18594,arvet
1811,1989,1811,1.0,2083,arvet
1812,1989,1812,1.0,2112,arvet
1813,1989,1813,1.0,6879,arvet
1815,1989,1815,1.0,1572,arvet
1816,1989,1816,1.0,684,arvet
1818,1989,1818,1.0,2060,arvet
1820,1989,1820,1.0,7464,arvet
1822,1989,1822,1.0,2367,arvet
1824,1989,1824,1.0,13225,arvet
1825,1989,1825,1.0,1740,arvet
1826,1989,1826,1.0,1751,arvet
1827,1989,1827,1.0,1824,arvet
1828,1989,1828,1.0,1767,arvet
1832,1989,1832,1.0,4848,arvet
1833,1989,1833,1.0,24720,arvet
1834,1989,1834,1.0,2298,arvet
1835,1989,1835,1.0,544,arvet
1836,1989,1836,1.0,1766,arvet
1837,1989,1837,1.0,7087,arvet
1838,1989,1838,1.0,2591,arvet
1839,1989,1839,1.0,1521,arvet
1840,1989,1840,1.0,5198,arvet
1841,1989,1841,1.0,10108,arvet
1842,1989,1804,1.0,1257,arvet
1845,1989,1845,1.0,2872,arvet
1848,1989,1848,1.0,3351,arvet
1849,1989,1875,1.0,2375,arvet
1850,1989,1806,0.422336,2640,"delt, anslått fra befolkningsendring 2019→2020"
1850,1989,1875,0.577664,2640,"delt, anslått fra befolkningsendring 2019→2020"
1851,1989,1851,1.0,2884,arvet
1852,1989,5512,1.0,1754,arvet
1853,1989,1853,1.0,1756,arvet
1854,1989,1806,1.0,3126,arvet
1856,1989,1856,1.0,646,arvet
1857,1989,1857,1.0,912,arvet
1859,1989,1859,1.0,1623,arvet
1860,1989,1860,1.0,10580,arvet
1865,1989,1865,1.0,9347,arvet
1866,1989,1866,1.0,8686,arvet
1867,1989,1867,1.0,3931,arvet
1868,1989,1868,1.0,4935,arvet
1870,1989,1870,1.0,8224,arvet
1871,1989,1871,1.0,6599,arvet
1874,1989,1874,1.0,1459,arvet
1901,1989,5503,1.0,22340,arvet
1902,1989,5501,1.0,50228,arvet
1911,1989,5510,1.0,3601,arvet
1913,1989,5512,1.0,3431,arvet
1915,1989,5503,1.0,748,arvet
1917,1989,5514,1.0,2270,arvet
1919,1989,5516,1.0,1491,arvet
1920,1989,5518,1.0,1151,arvet
1922,1989,5520,1.0,3854,arvet
1923,1989,5522,1.0,2502,arvet
1924,1989,5524,1.0,7428,arvet
1925,1989,5526,1.0,3447,arvet
1926,1989,5528,1.0,1616,arvet
1927,1989,5530,1.0,2044,arvet
1928,1989,5530,1.0,1357,arvet
1929,1989,5530,1.0,1235,arvet
1931,1989,5530,1.0,10972,arvet
1933,1989,5532,1.0,6450,arvet
1936,1989,5534,1.0,2820,arvet
1938,1989,5536,1.0,3573,arvet
1939,1989,5538,1.0,1850,arvet
1940,1989,5540,1.0,2832,arvet
1941,1989,5542,1.0,3116,arvet
1942,1989,5544,1.0,4682,arvet
1943,1989,5546,1.0,1610,arvet
2001,1989,5603,1.0,6887,arvet
2002,1989,5634,1.0,3027,arvet
2003,1989,5607,1.0,5947,arvet
2011,1989,5612,1.0,2930,arvet
2012,1989,5601,1.0,14589,arvet
2014,1989,5614,1.0,1703,arvet
2015,1989,5616,1.0,1375,arvet
2016,1989,5603,1.0,2362,arvet
2017,1989,5603,1.0,1397,arvet
2018,1989,5618,1.0,1859,arvet
2019,1989,5620,1.0,4061,arvet
2020,1989,5622,1.0,4443,arvet
2021,1989,5610,1.0,2658,arvet
2022,1989,5624,1.0,1761,arvet
2023,1989,5626,1.0,1450,arvet
2024,1989,5630,1.0,1374,arvet
2025,1989,5628,1.0,3201,arvet
2027,1989,5636,1.0,1030,arvet
2028,1989,5632,1.0,2401,arvet
2030,1989,5605,1.0,9579,arvet
0101,1990,3101,1.0,25816,arvet
0102,1990,3105,1.0,11782,arvet
0103,1990,3107,1.0,26527,arvet
0104,1990,3103,1.0,24657,arvet
0111,1990,3110,1.0,3213,arvet
0113,1990,3107,1.0,11923,arvet
0114,1990,3105,1.0,2211,arvet
0115,1990,3105,1.0,14246,arvet
0118,1990,3124,1.0,1493,arvet
0119,1990,3122,1.0,3424,arvet
0121,1990,3226,1.0,653,arvet
0122,1990,3118,1.0,4799,arvet
0123,1990,3118,1.0,4284,arvet
0124,1990,3118,1.0,12869,arvet
0125,1990,3118,1.0,9280,arvet
0127,1990,3116,1.0,3156,arvet
0128,1990,3120,1.0,7182,arvet
0130,1990,3105,1.0,18432,arvet
0131,1990,3107,1.0,5669,arvet
0133,1990,3107,1.0,7460,arvet
0134,1990,3107,1.0,12869,arvet
0135,1990,3112,1.0,5995,arvet
0136,1990,3103,1.0,11991,arvet
0137,1990,3114,1.0,4070,arvet
0138,1990,3118,1.0,3980,arvet
0211,1990,3216,1.0,11286,arvet
0213,1990,3207,1.0,22300,arvet
0214,1990,3218,1.0,11917,arvet
0215,1990,3214,1.0,10113,arvet
0216,1990,3212,1.0,13063,arvet
0217,1990,3207,1.0,20313,arvet
0219,1990,3201,1.0,89221,arvet
0220,1990,3203,1.0,41430,arvet
0221,1990,3226,1.0,12596,arvet
0226,1990,3205,1.0,11245,arvet
0227,1990,3205,1.0,8612,arvet
0228,1990,3224,1.0,13696,arvet
0229,1990,3220,1.0,8060,arvet
0230,1990,3222,1.0,26066,arvet
0231,1990,3205,1.0,33679,arvet
0233,1990,3232,1.0,16114,arvet
0234,1990,3230,1.0,3778,arvet
0235,1990,3209,1.0,18121,arvet
0236,1990,3228,1.0,15729,arvet
0237,1990,3240,1.0,16627,arvet
0238,1990,3238,1.0,7992,arvet
0239,1990,3242,1.0,2545,arvet
0301,1990,0301,1.0,458364,arvet
0401,1990,3403,1.0,16129,arvet
0402,1990,3401,1.0,17480,arvet
0412,1990,3411,1.0,31180,arvet
0414,1990,3403,1.0,9003,arvet
0415,1990,3412,1.0,7067,arvet
0417,1990,3413,1.0,17611,arvet
0418,1990,3414,1.0,5335,arvet
0419,1990,3415,1.0,7378,arvet
0420,1990,3416,1.0,6470,arvet
0423,1990,3417,1.0,5881,arvet
0425,1990,3418,1.0,8528,arvet
0426,1990,3419,1.0,4372,arvet
0427,1990,3420,1.0,17332,arvet
0428,1990,3421,1.0,7330,arvet
0429,1990,3422,1.0,4458,arvet
0430,1990,3423,1.0,3371,arvet
0432,1990,3424,1.0,2499,arvet
0434,1990,3425,1.0,1721,arvet
0436,1990,3426,1.0,1898,arvet
0437,1990,3427,1.0,5356,arvet
0438,1990,3428,1.0,2434,arvet
0439,1990,3429,1.0,2022,arvet
0441,1990,3430,1.0,2029,arvet
0501,1990,3405,1.0,22782,arvet
0502,1990,3407,1.0,26083,arvet
0511,1990,3431,1.0,3037,arvet
0512,1990,3432,1.0,2476,arvet
0513,1990,3433,1.0,2612,arvet
0514,1990,3434,1.0,2656,arvet
0515,1990,3435,1.0,3974,arvet
0516,1990,3436,1.0,6192,arvet
0517,1990,3437,1.0,6391,arvet
0519,1990,3438,1.0,3486,arvet
0520,1990,3439,1.0,5200,arvet
0521,1990,3440,1.0,4521,arvet
0522,1990,3441,1.0,6492,arvet
0528,1990,3442,1.0,14303,arvet
0529,1990,3443,1.0,13325,arvet
0532,1990,3236,1.0,5835,arvet
0533,1990,3234,1.0,7869,arvet
0534,1990,3446,1.0,12561,arvet
0536,1990,3447,1.0,6344,arvet
0538,1990,3448,1.0,7028,arvet
0540,1990,3449,1.0,3568,arvet
0541,1990,3450,1.0,1580,arvet
0542,1990,3451,1.0,6573,arvet
0543,1990,3452,1.0,2525,arvet
0544,1990,3453,1.0,3120,arvet
0545,1990,3454,1.0,1817,arvet
0602,1990,3301,1.0,51978,arvet
0604,1990,3303,1.0,21179,arvet
0605,1990,3305,1.0,27275,arvet
0612,1990,3310,1.0,4485,arvet
0615,1990,3320,1.0,1198,arvet
0616,1990,3322,1.0,3410,arvet
0617,1990,3324,1.0,4232,arvet
0618,1990,3326,1.0,1609,arvet
0619,1990,3328,1.0,4898,arvet
0620,1990,3330,1.0,4726,arvet
0621,1990,3332,1.0,3742,arvet
0622,1990,3318,1.0,2387,arvet
0623,1990,3316,1.0,12262,arvet
0624,1990,3314,1.0,14695,arvet
0625,1990,3301,1.0,18797,arvet
0626,1990,3312,1.0,18771,arvet
0627,1990,3203,1.0,14185,arvet
0628,1990,3203,1.0,7962,arvet
0631,1990,3334,1.0,2552,arvet
0632,1990,3336,1.0,1455,arvet
0633,1990,3338,1.0,2903,arvet
0701,1990,3901,1.0,22507,arvet
0702,1990,3903,1.0,9144,arvet
0704,1990,3905,1.0,31275,arvet
0706,1990,3907,1.0,35888,arvet
0709,1990,3909,1.0,38019,arvet
0711,1990,3301,1.0,5930,arvet
0713,1990,3903,1.0,6934,arvet
0714,1990,3903,1.0,2711,arvet
0716,1990,3905,1.0,3885,arvet
0718,1990,3905,1.0,3450,arvet
0719,1990,3907,1.0,4380,arvet
0720,1990,3907,1.0,8814,arvet
0722,1990,3911,1.0,18009,arvet
0723,1990,3911,1.0,3855,arvet
0728,1990,3909,1.0,2406,arvet
0805,1990,4001,1.0,31209,arvet
0806,1990,4003,1.0,47679,arvet
0807,1990,4005,1.0,12483,arvet
0811,1990,4010,1.0,2187,arvet
0814,1990,4012,1.0,13797,arvet
0815,1990,4014,1.0,10780,arvet
0817,1990,4016,1.0,4463,arvet
0819,1990,4018,1.0,6954,arvet
0821,1990,4020,1.0,4668,arvet
0822,1990,4020,1.0,4421,arvet
0826,1990,4026,1.0,6876,arvet
0827,1990,4024,1.0,1758,arvet
0828,1990,4022,1.0,3135,arvet
0829,1990,4028,1.0,2976,arvet
0830,1990,4030,1.0,1502,arvet
0831,1990,4032,1.0,1430,arvet
0833,1990,4034,1.0,2746,arvet
0834,1990,4036,1.0,3917,arvet
0901,1990,4201,1.0,6995,arvet
0903,1990,4203,1.0,12305,arvet
0904,1990,4202,1.0,15522,arvet
0911,1990,4211,1.0,2604,arvet
0912,1990,4212,1.0,1839,arvet
0914,1990,4213,1.0,5885,arvet
0918,1990,4203,1.0,8046,arvet
0919,1990,4214,1.0,4060,arvet
0920,1990,4203,1.0,8644,arvet
0921,1990,4203,1.0,4761,arvet
0922,1990,4203,1.0,4035,arvet
0926,1990,4215,1.0,8036,arvet
0928,1990,4216,1.0,4062,arvet
0929,1990,4217,1.0,1999,arvet
0935,1990,4218,1.0,1155,arvet
0937,1990,4219,1.0,3378,arvet
0938,1990,4220,1.0,1396,arvet
0940,1990,4221,1.0,1430,arvet
0941,1990,4222,1.0,728,arvet
1001,1990,4204,1.0,64888,arvet
1002,1990,4205,1.0,12465,arvet
1003,1990,4206,1.0,9349,arvet
1004,1990,4207,1.0,8785,arvet
1014,1990,4223,1.0,11517,arvet
1017,1990,4204,1.0,5115,arvet
1018,1990,4204,1.0,7486,arvet
1021,1990,4205,1.0,2207,arvet
1026,1990,4224,1.0,808,arvet
1027,1990,4225,1.0,1598,arvet
1029,1990,4205,1.0,4183,arvet
1032,1990,4225,1.0,6692,arvet
1034,1990,4226,1.0,1541,arvet
1037,1990,4227,1.0,5666,arvet
1046,1990,4228,1.0,1726,arvet
1101,1990,1101,1.0,12391,arvet
1102,1990,1108,1.0,44340,arvet
1103,1990,1103,1.0,97570,arvet
1106,1990,1106,1.0,27600,arvet
1111,1990,1111,1.0,3487,arvet
1112,1990,1112,1.0,3101,arvet
1114,1990,1114,1.0,2340,arvet
1119,1990,1119,1.0,13034,arvet
1120,1990,1120,1.0,11788,arvet
1121,1990,1121,1.0,11929,arvet
1122,1990,1122,1.0,7263,arvet
1124,1990,1124,1.0,15719,arvet
1127,1990,1127,1.0,7561,arvet
1129,1990,1108,1.0,999,arvet
1130,1990,1130,1.0,9545,arvet
1133,1990,1133,1.0,2827,arvet
1134,1990,1134,1.0,4119,arvet
1135,1990,1135,1.0,5355,arvet
1141,1990,1103,1.0,2777,arvet
1142,1990,1103,1.0,2561,arvet
1144,1990,1144,1.0,492,arvet
1145,1990,1145,1.0,738,arvet
1146,1990,1146,1.0,8013,arvet
1149,1990,1149,1.0,35094,arvet
1151,1990,1151,1.0,225,arvet
1154,1990,1160,1.0,4885,arvet
1201,1990,4601,1.0,211826,arvet
1211,1990,4611,1.0,4037,arvet
1214,1990,1160,1.0,3135,arvet
1216,1990,4612,1.0,4582,arvet
1219,1990,4613,1.0,9675,arvet
1221,1990,4614,1.0,14483,arvet
1222,1990,4615,1.0,3072,arvet
1223,1990,4616,1.0,2915,arvet
1224,1990,4617,1.0,13121,arvet
1227,1990,4618,1.0,1266,arvet
1228,1990,4618,1.0,8289,arvet
1231,1990,4618,1.0,3988,arvet
1232,1990,4619,1.0,1070,arvet
1233,1990,4620,1.0,1239,arvet
1234,1990,4621,1.0,1036,arvet
1235,1990,4621,1.0,14035,arvet
1238,1990,4622,1.0,8773,arvet
1241,1990,4624,1.0,3727,arvet
1242,1990,4623,1.0,2412,arvet
1243,1990,4624,1.0,12608,arvet
1244,1990,4625,1.0,4200,arvet
1245,1990,4626,1.0,4976,arvet
1246,1990,4626,1.0,14735,arvet
1247,1990,4627,1.0,18631,arvet
1251,1990,4628,1.0,4519,arvet
1252,1990,4629,1.0,340,arvet
1253,1990,4630,1.0,7016,arvet
1256,1990,4631,1.0,4534,arvet
1259,1990,4626,1.0,3158,arvet
1260,1990,4631,1.0,4560,arvet
1263,1990,4631,1.0,11861,arvet
1264,1990,4632,1.0,2684,arvet
1265,1990,4633,1.0,730,arvet
1266,1990,4634,1.0,1891,arvet
1401,1990,4602,1.0,9856,arvet
1411,1990,4635,1.0,2606,arvet
1412,1990,4636,1.0,1144,arvet
1413,1990,4637,1.0,1751,arvet
1416,1990,4638,1.0,4864,arvet
1417,1990,4639,1.0,2507,arvet
1418,1990,4640,1.0,1915,arvet
1419,1990,4640,1.0,2834,arvet
1420,1990,4640,1.0,5940,arvet
1421,1990,4641,1.0,1834,arvet
1422,1990,4642,1.0,2172,arvet
1424,1990,4643,1.0,6257,arvet
1426,1990,4644,1.0,5172,arvet
1428,1990,4645,1.0,3289,arvet
1429,1990,4646,1.0,3267,arvet
1430,1990,4647,1.0,2849,arvet
1431,1990,4647,1.0,3026,arvet
1432,1990,4647,1.0,8505,arvet
1433,1990,4647,1.0,2719,arvet
1438,1990,4648,1.0,4568,arvet
1439,1990,4602,1.0,6373,arvet
1441,1990,4649,1.0,3299,arvet
1443,1990,4649,1.0,5523,arvet
1444,1990,1577,1.0,1217,arvet
1445,1990,4650,1.0,6299,arvet
1449,1990,4651,1.0,6754,arvet
1502,1990,1506,1.0,22125,arvet
1503,1990,1505,1.0,17150,arvet
1504,1990,1508,1.0,35751,arvet
1511,1990,1511,1.0,3924,arvet
1514,1990,1514,1.0,3337,arvet
1515,1990,1515,1.0,8143,arvet
1516,1990,1516,1.0,5662,arvet
1517,1990,1517,1.0,4486,arvet
1519,1990,1577,1.0,8006,arvet
1520,1990,1520,1.0,10186,arvet
1523,1990,1508,1.0,1976,arvet
1524,1990,1578,1.0,2043,arvet
1525,1990,1525,1.0,4660,arvet
1526,1990,1578,1.0,1028,arvet
1528,1990,1528,1.0,6823,arvet
1529,1990,1508,1.0,3355,arvet
1531,1990,1531,1.0,6691,arvet
1532,1990,1532,1.0,6253,arvet
1534,1990,1580,1.0,8629,arvet
1535,1990,1535,1.0,6396,arvet
1539,1990,1539,1.0,7819,arvet
1543,1990,1506,1.0,3353,arvet
1545,1990,1506,1.0,2077,arvet
1546,1990,1508,1.0,1528,arvet
1547,1990,1547,1.0,2967,arvet
1548,1990,1579,1.0,8916,arvet
1551,1990,1579,1.0,3071,arvet
1554,1990,1554,1.0,5618,arvet
1556,1990,1505,1.0,4867,arvet
1557,1990,1557,1.0,2915,arvet
1560,1990,1560,1.0,3463,arvet
1563,1990,1563,1.0,7553,arvet
1566,1990,1566,1.0,6466,arvet
1567,1990,5061,1.0,2263,arvet
1569,1990,1576,1.0,2848,arvet
1571,1990,5055,1.0,2134,arvet
1572,1990,1576,1.0,1128,arvet
1573,1990,1573,1.0,2736,arvet
1601,1990,5001,1.0,137346,arvet
1612,1990,5055,1.0,4295,arvet
1613,1990,5055,0.153333,1196,"delt, anslått fra befolkningsendring 2019→2020"
1613,1990,5056,0.339048,1196,"delt, anslått fra befolkningsendring 2019→2020"
1613,1990,5059,0.507619,1196,"delt, anslått fra befolkningsendring 2019→2020"
1617,1990,5056,1.0,4298,arvet
1620,1990,5014,1.0,4293,arvet
1621,1990,5057,1.0,4905,arvet
1622,1990,5059,1.0,1918,arvet
1624,1990,5054,1.0,6532,arvet
1627,1990,5057,1.0,4901,arvet
1630,1990,5058,1.0,3592,arvet
1632,1990,5058,1.0,1232,arvet
1633,1990,5020,1.0,1316,arvet
1634,1990,5021,1.0,6157,arvet
1635,1990,5022,1.0,2945,arvet
1636,1990,5059,1.0,4393,arvet
1638,1990,5059,1.0,10184,arvet
1640,1990,5025,1.0,5353,arvet
1644,1990,5026,1.0,2512,arvet
1648,1990,5027,1.0,6033,arvet
1653,1990,5028,1.0,12432,arvet
1657,1990,5029,1.0,5536,arvet
1662,1990,5001,1.0,4306,arvet
1663,1990,5031,1.0,9564,arvet
1664,1990,5032,1.0,4097,arvet
1665,1990,5033,1.0,1008,arvet
1702,1990,5006,1.0,20577,arvet
1703,1990,5007,1.0,11840,arvet
1711,1990,5034,1.0,2750,arvet
1714,1990,5035,1.0,17276,arvet
1717,1990,5036,1.0,2503,arvet
1718,1990,5054,1.0,3589,arvet
1719,1990,5037,1.0,16704,arvet
1721,1990,5038,1.0,13391,arvet
1723,1990,5053,1.0,964,arvet
1724,1990,5006,1.0,3139,arvet
1725,1990,5007,1.0,2011,arvet
1729,1990,5053,1.0,5816,arvet
1736,1990,5041,1.0,2526,arvet
1738,1990,5042,1.0,1694,arvet
1739,1990,5043,1.0,742,arvet
1740,1990,5044,1.0,1188,arvet
1742,1990,5045,1.0,2488,arvet
1743,1990,5046,1.0,1409,arvet
1744,1990,5047,1.0,3777,arvet
1748,1990,5007,1.0,858,arvet
1749,1990,5049,1.0,1436,arvet
1750,1990,5060,1.0,3747,arvet
1751,1990,5060,1.0,5581,arvet
1755,1990,5052,1.0,852,arvet
1804,1990,1804,1.0,36536,arvet
1805,1990,1806,1.0,18597,arvet
1811,1990,1811,1.0,2095,arvet
1812,1990,1812,1.0,2123,arvet
1813,1990,1813,1.0,6936,arvet
1815,1990,1815,1.0,1549,arvet
1816,1990,1816,1.0,671,arvet
1818,1990,1818,1.0,2094,arvet
1820,1990,1820,1.0,7487,arvet
1822,1990,1822,1.0,2364,arvet
1824,1990,1824,1.0,13286,arvet
1825,1990,1825,1.0,1734,arvet
1826,1990,1826,1.0,1728,arvet
1827,1990,1827,1.0,1787,arvet
1828,1990,1828,1.0,1810,arvet
1832,1990,1832,1.0,4821,arvet
1833,1990,1833,1.0,24646,arvet
1834,1990,1834,1.0,2265,arvet
1835,1990,1835,1.0,529,arvet
1836,1990,1836,1.0,1743,arvet
1837,1990,1837,1.0,7111,arvet
1838,1990,1838,1.0,2594,arvet
1839,1990,1839,1.0,1488,arvet
1840,1990,1840,1.0,5190,arvet
1841,1990,1841,1.0,10017,arvet
1842,1990,1804,1.0,1235,arvet
1845,1990,1845,1.0,2820,arvet
1848,1990,1848,1.0,3271,arvet
1849,1990,1875,1.0,2312,arvet
1850,1990,1806,0.422336,2622,"delt, anslått fra befolkningsendring 2019→2020"
1850,1990,1875,0.577664,2622,"delt, anslått fra befolkningsendring 2019→2020"
1851,1990,1851,1.0,2843,arvet
1852,1990,5512,1.0,1711,arvet
1853,1990,1853,1.0,1730,arvet
1854,1990,1806,1.0,3055,arvet
1856,1990,1856,1.0,631,arvet
1857,1990,1857,1.0,891,arvet
1859,1990,1859,1.0,1604,arvet
1860,1990,1860,1.0,10547,arvet
1865,1990,1865,1.0,9353,arvet
1866,1990,1866,1.0,8706,arvet
1867,1990,1867,1.0,3814,arvet
1868,1990,1868,1.0,4866,arvet
1870,1990,1870,1.0,8301,arvet
1871,1990,1871,1.0,6574,arvet
1874,1990,1874,1.0,1445,arvet
1901,1990,5503,1.0,22384,arvet
1902,1990,5501,1.0,50548,arvet
1911,1990,5510,1.0,3527,arvet
1913,1990,5512,1.0,3409,arvet
1915,1990,5503,1.0,723,arvet
1917,1990,5514,1.0,2229,arvet
1919,1990,5516,1.0,1483,arvet
1920,1990,5518,1.0,1149,arvet
1922,1990,5520,1.0,3890,arvet
1923,1990,5522,1.0,2586,arvet
1924,1990,5524,1.0,7420,arvet
1925,1990,5526,1.0,3438,arvet
1926,1990,5528,1.0,1587,arvet
1927,1990,5530,1.0,1992,arvet
1928,1990,5530,1.0,1310,arvet
1929,1990,5530,1.0,1224,arvet
1931,1990,5530,1.0,10899,arvet
1933,1990,5532,1.0,6378,arvet
1936,1990,5534,1.0,2774,arvet
1938,1990,5536,1.0,3595,arvet
1939,1990,5538,1.0,1836,arvet
1940,1990,5540,1.0,2819,arvet
1941,1990,5542,1.0,3082,arvet
1942,1990,5544,1.0,4697,arvet
1943,1990,5546,1.0,1615,arvet
2001,1990,5603,1.0,6891,arvet
2002,1990,5634,1.0,3008,arvet
2003,1990,5607,1.0,5967,arvet
2011,1990,5612,1.0,2953,arvet
2012,1990,5601,1.0,14857,arvet
2014,1990,5614,1.0,1687,arvet
2015,1990,5616,1.0,1337,arvet
2016,1990,5603,1.0,2349,arvet
2017,1990,5603,1.0,1394,arvet
2018,1990,5618,1.0,1839,arvet
2019,1990,5620,1.0,3975,arvet
2020,1990,5622,1.0,4475,arvet
2021,1990,5610,1.0,2652,arvet
2022,1990,5624,1.0,1754,arvet
2023,1990,5626,1.0,1424,arvet
2024,1990,5630,1.0,1367,arvet
2025,1990,5628,1.0,3195,arvet
2027,1990,5636,1.0,1037,arvet
2028,1990,5632,1.0,2346,arvet
2030,1990,5605,1.0,9641,arvet
0101,1991,3101,1.0,25852,arvet
0102,1991,3105,1.0,11826,eksakt-sum
0103,1991,3107,1.0,26513,arvet
0104,1991,3103,1.0,24725,arvet
0111,1991,3110,1.0,3222,arvet
0113,1991,3107,1.0,11961,arvet
0114,1991,3105,1.0,2199,eksakt-sum
0115,1991,3105,1.0,14295,eksakt-sum
0118,1991,3124,1.0,1488,arvet
0119,1991,3122,1.0,3435,arvet
0121,1991,3226,1.0,656,arvet
0122,1991,3118,1.0,4829,arvet
0123,1991,3118,1.0,4270,arvet
0124,1991,3118,1.0,12857,arvet
0125,1991,3118,1.0,9320,arvet
0127,1991,3116,1.0,3128,arvet
0128,1991,3120,1.0,7161,arvet
0130,1991,3105,1.0,18288,eksakt-sum
0131,1991,3107,1.0,5790,arvet
0133,1991,3107,1.0,7438,arvet
0134,1991,3107,1.0,12949,arvet
0135,1991,3112,1.0,6000,arvet
0136,1991,3103,1.0,12061,arvet
0137,1991,3114,1.0,4092,arvet
0138,1991,3118,1.0,3990,arvet
0211,1991,3216,1.0,11217,arvet
0213,1991,3207,1.0,22367,arvet
0214,1991,3218,1.0,11935,arvet
0215,1991,3214,1.0,10297,arvet
0216,1991,3212,1.0,13222,arvet
0217,1991,3207,1.0,20683,arvet
0219,1991,3201,1.0,90579,arvet
0220,1991,3203,1.0,41903,arvet
0221,1991,3226,1.0,12562,arvet
0226,1991,3205,1.0,11287,arvet
0227,1991,3205,1.0,8587,arvet
0228,1991,3224,1.0,13836,arvet
0229,1991,3220,1.0,8050,arvet
0230,1991,3222,1.0,26560,arvet
0231,1991,3205,1.0,34181,arvet
0233,1991,3232,1.0,16165,arvet
0234,1991,3230,1.0,3760,arvet
0235,1991,3209,1.0,18116,arvet
0236,1991,3228,1.0,15686,arvet
0237,1991,3240,1.0,16648,arvet
0238,1991,3238,1.0,7933,arvet
0239,1991,3242,1.0,2540,arvet
0301,1991,0301,1.0,461644,arvet
0401,1991,3403,1.0,16351,eksakt-sum
0402,1991,3401,1.0,17464,arvet
0412,1991,3411,1.0,31399,arvet
0414,1991,3403,1.0,9103,eksakt-sum
0415,1991,3412,1.0,7045,arvet
0417,1991,3413,1.0,17645,arvet
0418,1991,3414,1.0,5326,arvet
0419,1991,3415,1.0,7428,arvet
0420,1991,3416,1.0,6451,arvet
0423,1991,3417,1.0,5774,arvet
0425,1991,3418,1.0,8540,arvet
0426,1991,3419,1.0,4408,arvet
0427,1991,3420,1.0,17406,arvet
0428,1991,3421,1.0,7316,arvet
0429,1991,3422,1.0,4422,arvet
0430,1991,3423,1.0,3337,arvet
0432,1991,3424,1.0,2496,arvet
0434,1991,3425,1.0,1677,arvet
0436,1991,3426,1.0,1877,arvet
0437,1991,3427,1.0,5398,arvet
0438,1991,3428,1.0,2430,arvet
0439,1991,3429,1.0,1989,arvet
0441,1991,3430,1.0,2032,arvet
0501,1991,3405,1.0,22889,arvet
0502,1991,3407,1.0,26250,arvet
0511,1991,3431,1.0,3071,arvet
0512,1991,3432,1.0,2454,arvet
0513,1991,3433,1.0,2574,arvet
0514,1991,3434,1.0,2651,arvet
0515,1991,3435,1.0,3945,arvet
0516,1991,3436,1.0,6167,arvet
0517,1991,3437,1.0,6381,arvet
0519,1991,3438,1.0,3493,arvet
0520,1991,3439,1.0,5182,arvet
0521,1991,3440,1.0,4586,arvet
0522,1991,3441,1.0,6448,arvet
0528,1991,3442,1.0,14314,arvet
0529,1991,3443,1.0,13358,arvet
0532,1991,3236,1.0,5836,arvet
0533,1991,3234,1.0,7976,arvet
0534,1991,3446,1.0,12626,arvet
0536,1991,3447,1.0,6305,arvet
0538,1991,3448,1.0,7038,arvet
0540,1991,3449,1.0,3549,arvet
0541,1991,3450,1.0,1565,arvet
0542,1991,3451,1.0,6515,arvet
0543,1991,3452,1.0,2529,arvet
0544,1991,3453,1.0,3107,arvet
0545,1991,3454,1.0,1784,arvet
0602,1991,3301,1.0,51876,arvet
0604,1991,3303,1.0,21169,arvet
0605,1991,3305,1.0,27366,arvet
0612,1991,3310,1.0,4531,arvet
0615,1991,3320,1.0,1188,arvet
0616,1991,3322,1.0,3422,arvet
0617,1991,3324,1.0,4255,arvet
0618,1991,3326,1.0,1607,arvet
0619,1991,3328,1.0,4789,arvet
0620,1991,3330,1.0,4710,arvet
0621,1991,3332,1.0,3700,arvet
0622,1991,3318,1.0,2376,arvet
0623,1991,3316,1.0,12262,arvet
0624,1991,3314,1.0,14779,arvet
0625,1991,3301,1.0,18902,arvet
0626,1991,3312,1.0,18980,arvet
0627,1991,3203,1.0,14493,arvet
0628,1991,3203,1.0,7933,arvet
0631,1991,3334,1.0,2560,arvet
0632,1991,3336,1.0,1473,arvet
0633,1991,3338,1.0,2890,arvet
0701,1991,3901,1.0,22550,arvet
0702,1991,3903,1.0,9157,arvet
0704,1991,3905,1.0,31538,arvet
0706,1991,3907,1.0,36079,arvet
0709,1991,3909,1.0,38229,arvet
0711,1991,3301,1.0,5934,arvet
0713,1991,3903,1.0,6955,arvet
0714,1991,3903,1.0,2741,arvet
0716,1991,3905,1.0,3886,arvet
0718,1991,3905,1.0,3514,arvet
0719,1991,3907,1.0,4484,arvet
0720,1991,3907,1.0,8955,arvet
0722,1991,3911,1.0,18047,arvet
0723,1991,3911,1.0,3887,arvet
0728,1991,3909,1.0,2398,arvet
0805,1991,4001,1.0,31260,arvet
0806,1991,4003,1.0,47868,arvet
0807,1991,4005,1.0,12426,arvet
0811,1991,4010,1.0,2217,arvet
0814,1991,4012,1.0,13792,arvet
0815,1991,4014,1.0,10812,arvet
0817,1991,4016,1.0,4400,arvet
0819,1991,4018,1.0,6838,arvet
0821,1991,4020,1.0,4690,arvet
0822,1991,4020,1.0,4407,arvet
0826,1991,4026,1.0,6863,arvet
0827,1991,4024,1.0,1732,arvet
0828,1991,4022,1.0,3105,arvet
0829,1991,4028,1.0,2892,arvet
0830,1991,4030,1.0,1498,arvet
0831,1991,4032,1.0,1417,arvet
0833,1991,4034,1.0,2693,arvet
0834,1991,4036,1.0,3959,arvet
0901,1991,4201,1.0,6962,arvet
0903,1991,4203,1.0,12478,eksakt-sum
0904,1991,4202,1.0,15662,arvet
0911,1991,4211,1.0,2584,arvet
0912,1991,4212,1.0,1853,arvet
0914,1991,4213,1.0,5846,arvet
0918,1991,4203,1.0,8148,eksakt-sum
0919,1991,4214,1.0,4185,arvet
0920,1991,4203,1.0,8679,eksakt-sum
0921,1991,4203,1.0,4711,eksakt-sum
0922,1991,4203,1.0,4026,eksakt-sum
0926,1991,4215,1.0,8167,arvet
0928,1991,4216,1.0,4016,arvet
0929,1991,4217,1.0,1977,arvet
0935,1991,4218,1.0,1139,arvet
0937,1991,4219,1.0,3336,arvet
0938,1991,4220,1.0,1382,arvet
0940,1991,4221,1.0,1407,arvet
0941,1991,4222,1.0,756,arvet
1001,1991,4204,1.0,65690,arvet
1002,1991,4205,1.0,12478,arvet
1003,1991,4206,1.0,9324,arvet
1004,1991,4207,1.0,8785,arvet
1014,1991,4223,1.0,11552,arvet
1017,1991,4204,1.0,5173,arvet
1018,1991,4204,1.0,7585,arvet
1021,1991,4205,1.0,2222,arvet
1026,1991,4224,1.0,812,arvet
1027,1991,4225,1.0,1591,arvet
1029,1991,4205,1.0,4235,arvet
1032,1991,4225,1.0,6741,arvet
1034,1991,4226,1.0,1535,arvet
1037,1991,4227,1.0,5664,arvet
1046,1991,4228,1.0,1704,arvet
1101,1991,1101,1.0,12398,arvet
1102,1991,1108,1.0,44967,arvet
1103,1991,1103,1.0,98180,arvet
1106,1991,1106,1.0,27788,arvet
1111,1991,1111,1.0,3453,arvet
1112,1991,1112,1.0,3086,arvet
1114,1991,1114,1.0,2373,arvet
1119,1991,1119,1.0,13022,arvet
1120,1991,1120,1.0,11871,arvet
1121,1991,1121,1.0,12059,arvet
1122,1991,1122,1.0,7481,arvet
1124,1991,1124,1.0,15982,arvet
1127,1991,1127,1.0,7681,arvet
1129,1991,1108,1.0,1016,arvet
1130,1991,1130,1.0,9535,arvet
1133,1991,1133,1.0,2812,arvet
1134,1991,1134,1.0,4137,arvet
1135,1991,1135,1.0,5286,arvet
1141,1991,1103,1.0,2778,arvet
1142,1991,1103,1.0,2578,arvet
1144,1991,1144,1.0,480,arvet
1145,1991,1145,1.0,736,arvet
1146,1991,1146,1.0,7974,arvet
1149,1991,1149,1.0,35131,arvet
1151,1991,1151,1.0,230,arvet
1154,1991,1160,1.0,4872,arvet
1201,1991,4601,1.0,213344,arvet
1211,1991,4611,1.0,4011,arvet
1214,1991,1160,1.0,3154,arvet
1216,1991,4612,1.0,4582,arvet
1219,1991,4613,1.0,9727,arvet
1221,1991,4614,1.0,14684,arvet
1222,1991,4615,1.0,3086,arvet
1223,1991,4616,1.0,2895,arvet
1224,1991,4617,1.0,13090,arvet
1227,1991,4618,1.0,1254,arvet
1228,1991,4618,1.0,8283,arvet
1231,1991,4618,1.0,3944,arvet
1232,1991,4619,1.0,1081,arvet
1233,1991,4620,1.0,1239,arvet
1234,1991,4621,1.0,1050,arvet
1235,1991,4621,1.0,14076,arvet
1238,1991,4622,1.0,8690,arvet
1241,1991,4624,1.0,3721,arvet
1242,1991,4623,1.0,2382,arvet
1243,1991,4624,1.0,12781,arvet
1244,1991,4625,1.0,4148,arvet
1245,1991,4626,1.0,4962,arvet
1246,1991,4626,1.0,14956,arvet
1247,1991,4627,1.0,18580,arvet
1251,1991,4628,1.0,4480,arvet
1252,1991,4629,1.0,328,arvet
1253,1991,4630,1.0,7031,arvet
1256,1991,4631,1.0,4637,arvet
1259,1991,4626,1.0,3129,arvet
1260,1991,4631,1.0,4554,arvet
1263,1991,4631,1.0,11878,arvet
1264,1991,4632,1.0,2671,arvet
1265,1991,4633,1.0,721,arvet
1266,1991,4634,1.0,1873,arvet
1401,1991,4602,1.0,10064,arvet
1411,1991,4635,1.0,2585,arvet
1412,1991,4636,1.0,1133,arvet
1413,1991,4637,1.0,1722,arvet
1416,1991,4638,1.0,4835,arvet
1417,1991,4639,1.0,2521,arvet
1418,1991,4640,1.0,1850,arvet
1419,1991,4640,1.0,2853,arvet
1420,1991,4640,1.0,5970,arvet
1421,1991,4641,1.0,1862,arvet
1422,1991,4642,1.0,2205,arvet
1424,1991,4643,1.0,6222,arvet
1426,1991,4644,1.0,5118,arvet
1428,1991,4645,1.0,3533,arvet
1429,1991,4646,1.0,2895,arvet
1430,1991,4647,1.0,2924,arvet
1431,1991,4647,1.0,2990,arvet
1432,1991,4647,1.0,8744,arvet
1433,1991,4647,1.0,2705,arvet
1438,1991,4648,1.0,4541,arvet
1439,1991,4602,1.0,6377,arvet
1441,1991,4649,1.0,3255,arvet
1443,1991,4649,1.0,5492,arvet
1444,1991,1577,1.0,1226,arvet
1445,1991,4650,1.0,6233,arvet
1449,1991,4651,1.0,6759,arvet
1502,1991,1506,1.0,22252,arvet
1503,1991,1505,1.0,17180,arvet
1504,1991,1508,1.0,35896,arvet
1511,1991,1511,1.0,3937,arvet
1514,1991,1514,1.0,3301,arvet
1515,1991,1515,1.0,8142,arvet
1516,1991,1516,1.0,5751,arvet
1517,1991,1517,1.0,4502,arvet
1519,1991,1577,1.0,8011,arvet
1520,1991,1520,1.0,10248,arvet
1523,1991,1508,1.0,1985,arvet
1524,1991,1578,1.0,2026,arvet
1525,1991,1525,1.0,4595,arvet
1526,1991,1578,1.0,1025,arvet
1528,1991,1528,1.0,6887,arvet
1529,1991,1508,1.0,3340,arvet
1531,1991,1531,1.0,6723,arvet
1532,1991,1532,1.0,6203,arvet
1534,1991,1580,1.0,8556,arvet
1535,1991,1535,1.0,6413,arvet
1539,1991,1539,1.0,7825,arvet
1543,1991,1506,1.0,3351,arvet
1545,1991,1506,1.0,2055,arvet
1546,1991,1508,1.0,1491,arvet
1547,1991,1547,1.0,2979,arvet
1548,1991,1579,1.0,8886,arvet
1551,1991,1579,1.0,3073,arvet
1554,1991,1554,1.0,5554,arvet
1556,1991,1505,1.0,4893,arvet
1557,1991,1557,1.0,2873,arvet
1560,1991,1560,1.0,3441,arvet
1563,1991,1563,1.0,7521,arvet
1566,1991,1566,1.0,6391,arvet
1567,1991,5061,1.0,2242,arvet
1569,1991,1576,1.0,2780,arvet
1571,1991,5055,1.0,2135,arvet
1572,1991,1576,1.0,1118,arvet
1573,1991,1573,1.0,2697,arvet
1601,1991,5001,1.0,138058,arvet
1612,1991,5055,1.0,4268,arvet
1613,1991,5055,0.153333,1178,"delt, anslått fra befolkningsendring 2019→2020"
1613,1991,5056,0.339048,1178,"delt, anslått fra befolkningsendring 2019→2020"
1613,1991,5059,0.507619,1178,"delt, anslått fra befolkningsendring 2019→2020"
1617,1991,5056,1.0,4292,arvet
1620,1991,5014,1.0,4242,arvet
1621,1991,5057,1.0,4935,arvet
1622,1991,5059,1.0,1907,arvet
1624,1991,5054,1.0,6459,arvet
1627,1991,5057,1.0,4942,arvet
1630,1991,5058,1.0,3556,arvet
1632,1991,5058,1.0,1207,arvet
1633,1991,5020,1.0,1288,arvet
1634,1991,5021,1.0,6213,arvet
1635,1991,5022,1.0,2936,arvet
1636,1991,5059,1.0,4346,arvet
1638,1991,5059,1.0,10130,arvet
1640,1991,5025,1.0,5379,arvet
1644,1991,5026,1.0,2472,arvet
1648,1991,5027,1.0,6038,arvet
1653,1991,5028,1.0,12498,arvet
1657,1991,5029,1.0,5574,arvet
1662,1991,5001,1.0,4325,arvet
1663,1991,5031,1.0,9749,arvet
1664,1991,5032,1.0,4077,arvet
1665,1991,5033,1.0,1007,arvet
1702,1991,5006,1.0,20682,arvet
1703,1991,5007,1.0,11913,arvet
1711,1991,5034,1.0,2752,arvet
1714,1991,5035,1.0,17340,arvet
1717,1991,5036,1.0,2470,arvet
1718,1991,5054,1.0,3541,arvet
1719,1991,5037,1.0,16878,arvet
1721,1991,5038,1.0,13521,arvet
1723,1991,5053,1.0,951,arvet
1724,1991,5006,1.0,3141,arvet
1725,1991,5007,1.0,2037,arvet
1729,1991,5053,1.0,5827,arvet
1736,1991,5041,1.0,2519,arvet
1738,1991,5042,1.0,1672,arvet
1739,1991,5043,1.0,734,arvet
1740,1991,5044,1.0,1138,arvet
1742,1991,5045,1.0,2490,arvet
1743,1991,5046,1.0,1408,arvet
1744,1991,5047,1.0,3792,arvet
1748,1991,5007,1.0,850,arvet
1749,1991,5049,1.0,1416,arvet
1750,1991,5060,1.0,3752,arvet
1751,1991,5060,1.0,5553,arvet
1755,1991,5052,1.0,849,arvet
1804,1991,1804,1.0,36949,arvet
1805,1991,1806,1.0,18639,arvet
1811,1991,1811,1.0,2097,arvet
1812,1991,1812,1.0,2113,arvet
1813,1991,1813,1.0,6924,arvet
1815,1991,1815,1.0,1546,arvet
1816,1991,1816,1.0,659,arvet
1818,1991,1818,1.0,2058,arvet
1820,1991,1820,1.0,7491,arvet
1822,1991,1822,1.0,2376,arvet
1824,1991,1824,1.0,13417,arvet
1825,1991,1825,1.0,1714,arvet
1826,1991,1826,1.0,1728,arvet
1827,1991,1827,1.0,1793,arvet
1828,1991,1828,1.0,1765,arvet
1832,1991,1832,1.0,4842,arvet
1833,1991,1833,1.0,24641,arvet
1834,1991,1834,1.0,2250,arvet
1835,1991,1835,1.0,503,arvet
1836,1991,1836,1.0,1725,arvet
1837,1991,1837,1.0,7082,arvet
1838,1991,1838,1.0,2571,arvet
1839,1991,1839,1.0,1488,arvet
1840,1991,1840,1.0,5163,arvet
1841,1991,1841,1.0,10000,arvet
1842,1991,1804,1.0,1221,arvet
1845,1991,1845,1.0,2826,arvet
1848,1991,1848,1.0,3265,arvet
1849,1991,1875,1.0,2271,arvet
1850,1991,1806,0.422336,2553,"delt, anslått fra befolkningsendring 2019→2020"
1850,1991,1875,0.577664,2553,"delt, anslått fra befolkningsendring 2019→2020"
1851,1991,1851,1.0,2799,arvet
1852,1991,5512,1.0,1660,arvet
1853,1991,1853,1.0,1706,arvet
1854,1991,1806,1.0,3090,arvet
1856,1991,1856,1.0,621,arvet
1857,1991,1857,1.0,873,arvet
1859,1991,1859,1.0,1618,arvet
1860,1991,1860,1.0,10569,arvet
1865,1991,1865,1.0,9342,arvet
1866,1991,1866,1.0,8608,arvet
1867,1991,1867,1.0,3763,arvet
1868,1991,1868,1.0,4818,arvet
1870,1991,1870,1.0,8335,arvet
1871,1991,1871,1.0,6487,arvet
1874,1991,1874,1.0,1444,arvet
1901,1991,5503,1.0,22369,arvet
1902,1991,5501,1.0,51328,arvet
1911,1991,5510,1.0,3500,arvet
1913,1991,5512,1.0,3379,arvet
1915,1991,5503,1.0,705,arvet
1917,1991,5514,1.0,2196,arvet
1919,1991,5516,1.0,1470,arvet
1920,1991,5518,1.0,1145,arvet
1922,1991,5520,1.0,3828,arvet
1923,1991,5522,1.0,2549,arvet
1924,1991,5524,1.0,7379,arvet
1925,1991,5526,1.0,3384,arvet
1926,1991,5528,1.0,1581,arvet
1927,1991,5530,1.0,1931,arvet
1928,1991,5530,1.0,1280,arvet
1929,1991,5530,1.0,1241,arvet
1931,1991,5530,1.0,10843,arvet
1933,1991,5532,1.0,6319,arvet
1936,1991,5534,1.0,2717,arvet
1938,1991,5536,1.0,3602,arvet
1939,1991,5538,1.0,1889,arvet
1940,1991,5540,1.0,2759,arvet
1941,1991,5542,1.0,3031,arvet
1942,1991,5544,1.0,4753,arvet
1943,1991,5546,1.0,1638,arvet
2001,1991,5603,1.0,6909,eksakt-sum
2002,1991,5634,1.0,3008,arvet
2003,1991,5607,1.0,6006,arvet
2011,1991,5612,1.0,2963,arvet
2012,1991,5601,1.0,15223,arvet
2014,1991,5614,1.0,1655,arvet
2015,1991,5616,1.0,1361,arvet
2016,1991,5603,1.0,2341,eksakt-sum
2017,1991,5603,1.0,1360,arvet
2018,1991,5618,1.0,1819,arvet
2019,1991,5620,1.0,3986,arvet
2020,1991,5622,1.0,4514,arvet
2021,1991,5610,1.0,2690,arvet
2022,1991,5624,1.0,1695,arvet
2023,1991,5626,1.0,1398,arvet
2024,1991,5630,1.0,1340,arvet
2025,1991,5628,1.0,3232,arvet
2027,1991,5636,1.0,1056,arvet
2028,1991,5632,1.0,2341,arvet
2030,1991,5605,1.0,9693,arvet
0101,1992,3101,1.0,25831,arvet
0103,1992,3107,1.0,26436,arvet
0104,1992,3103,1.0,24805,arvet
0105,1992,3105,1.0,46611,arvet
0111,1992,3110,1.0,3266,arvet
0113,1992,3107,1.0,11887,arvet
0118,1992,3124,1.0,1489,arvet
0119,1992,3122,1.0,3427,arvet
0121,1992,3226,1.0,653,arvet
0122,1992,3118,1.0,4785,arvet
0123,1992,3118,1.0,4296,arvet
0124,1992,3118,1.0,12829,arvet
0125,1992,3118,1.0,9270,arvet
0127,1992,3116,1.0,3097,arvet
0128,1992,3120,1.0,7126,arvet
0131,1992,3107,1.0,5931,arvet
0133,1992,3107,1.0,7468,arvet
0134,1992,3107,1.0,12984,arvet
0135,1992,3112,1.0,5960,arvet
0136,1992,3103,1.0,12097,arvet
0137,1992,3114,1.0,4101,arvet
0138,1992,3118,1.0,3962,arvet
0211,1992,3216,1.0,11273,arvet
0213,1992,3207,1.0,22530,arvet
0214,1992,3218,1.0,11909,arvet
0215,1992,3214,1.0,10465,arvet
0216,1992,3212,1.0,13300,arvet
0217,1992,3207,1.0,21001,arvet
0219,1992,3201,1.0,91692,arvet
0220,1992,3203,1.0,42395,arvet
0221,1992,3226,1.0,12497,arvet
0226,1992,3205,1.0,11307,arvet
0227,1992,3205,1.0,8550,arvet
0228,1992,3224,1.0,13856,arvet
0229,1992,3220,1.0,8035,arvet
0230,1992,3222,1.0,26974,arvet
0231,1992,3205,1.0,34484,arvet
0233,1992,3232,1.0,16220,arvet
0234,1992,3230,1.0,3753,arvet
0235,1992,3209,1.0,18179,arvet
0236,1992,3228,1.0,15712,arvet
0237,1992,3240,1.0,16681,arvet
0238,1992,3238,1.0,8062,arvet
0239,1992,3242,1.0,2565,arvet
0301,1992,0301,1.0,467441,arvet
0402,1992,3401,1.0,17478,arvet
0403,1992,3403,1.0,26000,arvet
0412,1992,3411,1.0,31197,arvet
0415,1992,3412,1.0,7046,arvet
0417,1992,3413,1.0,17610,arvet
0418,1992,3414,1.0,5307,arvet
0419,1992,3415,1.0,7360,arvet
0420,1992,3416,1.0,6471,arvet
0423,1992,3417,1.0,5702,arvet
0425,1992,3418,1.0,8522,arvet
0426,1992,3419,1.0,4352,arvet
0427,1992,3420,1.0,17514,arvet
0428,1992,3421,1.0,7304,arvet
0429,1992,3422,1.0,4412,arvet
0430,1992,3423,1.0,3278,arvet
0432,1992,3424,1.0,2460,arvet
0434,1992,3425,1.0,1707,arvet
0436,1992,3426,1.0,1868,arvet
0437,1992,3427,1.0,5416,arvet
0438,1992,3428,1.0,2435,arvet
0439,1992,3429,1.0,1946,arvet
0441,1992,3430,1.0,2054,arvet
0501,1992,3405,1.0,23120,arvet
0502,1992,3407,1.0,26415,arvet
0511,1992,3431,1.0,3069,arvet
0512,1992,3432,1.0,2392,arvet
0513,1992,3433,1.0,2544,arvet
0514,1992,3434,1.0,2629,arvet
0515,1992,3435,1.0,3915,arvet
0516,1992,3436,1.0,6173,arvet
0517,1992,3437,1.0,6352,arvet
0519,1992,3438,1.0,3486,arvet
0520,1992,3439,1.0,5160,arvet
0521,1992,3440,1.0,4601,arvet
0522,1992,3441,1.0,6391,arvet
0528,1992,3442,1.0,14216,arvet
0529,1992,3443,1.0,13302,arvet
0532,1992,3236,1.0,5829,arvet
0533,1992,3234,1.0,7968,arvet
0534,1992,3446,1.0,12631,arvet
0536,1992,3447,1.0,6300,arvet
0538,1992,3448,1.0,7016,arvet
0540,1992,3449,1.0,3551,arvet
0541,1992,3450,1.0,1536,arvet
0542,1992,3451,1.0,6520,arvet
0543,1992,3452,1.0,2576,arvet
0544,1992,3453,1.0,3117,arvet
0545,1992,3454,1.0,1737,arvet
0602,1992,3301,1.0,52028,arvet
0604,1992,3303,1.0,21147,arvet
0605,1992,3305,1.0,27396,arvet
0612,1992,3310,1.0,4526,arvet
0615,1992,3320,1.0,1187,arvet
0616,1992,3322,1.0,3423,arvet
0617,1992,3324,1.0,4285,arvet
0618,1992,3326,1.0,1612,arvet
0619,1992,3328,1.0,4760,arvet
0620,1992,3330,1.0,4682,arvet
0621,1992,3332,1.0,3740,arvet
0622,1992,3318,1.0,2344,arvet
0623,1992,3316,1.0,12255,arvet
0624,1992,3314,1.0,14663,arvet
0625,1992,3301,1.0,18951,arvet
0626,1992,3312,1.0,19065,arvet
0627,1992,3203,1.0,14756,arvet
0628,1992,3203,1.0,7915,arvet
0631,1992,3334,1.0,2547,arvet
0632,1992,3336,1.0,1482,arvet
0633,1992,3338,1.0,2892,arvet
0701,1992,3901,1.0,22685,arvet
0702,1992,3903,1.0,9156,arvet
0704,1992,3905,1.0,31815,arvet
0706,1992,3907,1.0,36339,arvet
0709,1992,3909,1.0,38541,arvet
0711,1992,3301,1.0,5945,arvet
0713,1992,3903,1.0,6948,arvet
0714,1992,3903,1.0,2712,arvet
0716,1992,3905,1.0,3887,arvet
0718,1992,3905,1.0,3517,arvet
0719,1992,3907,1.0,4479,arvet
0720,1992,3907,1.0,9009,arvet
0722,1992,3911,1.0,18164,arvet
0723,1992,3911,1.0,3938,arvet
0728,1992,3909,1.0,2412,arvet
0805,1992,4001,1.0,31151,arvet
0806,1992,4003,1.0,48192,arvet
0807,1992,4005,1.0,12381,arvet
0811,1992,4010,1.0,2242,arvet
0814,1992,4012,1.0,13961,arvet
0815,1992,4014,1.0,10769,arvet
0817,1992,4016,1.0,4389,arvet
0819,1992,4018,1.0,6743,arvet
0821,1992,4020,1.0,4725,arvet
0822,1992,4020,1.0,4407,arvet
0826,1992,4026,1.0,6876,arvet
0827,1992,4024,1.0,1703,arvet
0828,1992,4022,1.0,3090,arvet
0829,1992,4028,1.0,2871,arvet
0830,1992,4030,1.0,1498,arvet
0831,1992,4032,1.0,1377,arvet
0833,1992,4034,1.0,2624,arvet
0834,1992,4036,1.0,3956,arvet
0901,1992,4201,1.0,6972,arvet
0904,1992,4202,1.0,15881,arvet
0906,1992,4203,1.0,38181,arvet
0911,1992,4211,1.0,2584,arvet
0912,1992,4212,1.0,1853,arvet
0914,1992,4213,1.0,5856,arvet
0919,1992,4214,1.0,4217,arvet
0926,1992,4215,1.0,8264,arvet
0928,1992,4216,1.0,4034,arvet
0929,1992,4217,1.0,1939,arvet
0935,1992,4218,1.0,1130,arvet
0937,1992,4219,1.0,3319,arvet
0938,1992,4220,1.0,1343,arvet
0940,1992,4221,1.0,1409,arvet
0941,1992,4222,1.0,768,arvet
1001,1992,4204,1.0,66347,arvet
1002,1992,4205,1.0,12585,arvet
1003,1992,4206,1.0,9287,arvet
1004,1992,4207,1.0,8743,arvet
1014,1992,4223,1.0,11587,arvet
1017,1992,4204,1.0,5190,arvet
1018,1992,4204,1.0,7629,arvet
1021,1992,4205,1.0,2208,arvet
1026,1992,4224,1.0,819,arvet
1027,1992,4225,1.0,1573,arvet
1029,1992,4205,1.0,4283,arvet
1032,1992,4225,1.0,6719,arvet
1034,1992,4226,1.0,1559,arvet
1037,1992,4227,1.0,5694,arvet
1046,1992,4228,1.0,1728,arvet
1101,1992,1101,1.0,12495,arvet
1102,1992,1108,1.0,45703,arvet
1103,1992,1103,1.0,99808,arvet
1106,1992,1106,1.0,28106,arvet
1111,1992,1111,1.0,3486,arvet
1112,1992,1112,1.0,3059,arvet
1114,1992,1114,1.0,2373,arvet
1119,1992,1119,1.0,13067,arvet
1120,1992,1120,1.0,11953,arvet
1121,1992,1121,1.0,12245,arvet
1122,1992,1122,1.0,7682,arvet
1124,1992,1124,1.0,16375,arvet
1127,1992,1127,1.0,7756,arvet
1129,1992,1108,1.0,1044,arvet
1130,1992,1130,1.0,9538,arvet
1133,1992,1133,1.0,2822,arvet
1134,1992,1134,1.0,4107,arvet
1135,1992,1135,1.0,5294,arvet
1141,1992,1103,1.0,2818,arvet
1142,1992,1103,1.0,2566,arvet
1144,1992,1144,1.0,482,arvet
1145,1992,1145,1.0,738,arvet
1146,1992,1146,1.0,8051,arvet
1149,1992,1149,1.0,35154,arvet
1151,1992,1151,1.0,225,arvet
1154,1992,1160,1.0,4877,arvet
1201,1992,4601,1.0,216066,arvet
1211,1992,4611,1.0,3990,arvet
1214,1992,1160,1.0,3151,arvet
1216,1992,4612,1.0,4561,arvet
1219,1992,4613,1.0,9781,arvet
1221,1992,4614,1.0,14870,arvet
1222,1992,4615,1.0,3122,arvet
1223,1992,4616,1.0,2888,arvet
1224,1992,4617,1.0,13061,arvet
1227,1992,4618,1.0,1253,arvet
1228,1992,4618,1.0,8230,arvet
1231,1992,4618,1.0,3947,arvet
1232,1992,4619,1.0,1080,arvet
1233,1992,4620,1.0,1251,arvet
1234,1992,4621,1.0,1031,arvet
1235,1992,4621,1.0,13969,arvet
1238,1992,4622,1.0,8596,arvet
1241,1992,4624,1.0,3698,arvet
1242,1992,4623,1.0,2411,arvet
1243,1992,4624,1.0,12937,arvet
1244,1992,4625,1.0,4199,arvet
1245,1992,4626,1.0,4943,arvet
1246,1992,4626,1.0,15227,arvet
1247,1992,4627,1.0,18510,arvet
1251,1992,4628,1.0,4439,arvet
1252,1992,4629,1.0,331,arvet
1253,1992,4630,1.0,7040,arvet
1256,1992,4631,1.0,4653,arvet
1259,1992,4626,1.0,3162,arvet
1260,1992,4631,1.0,4517,arvet
1263,1992,4631,1.0,11923,arvet
1264,1992,4632,1.0,2658,arvet
1265,1992,4633,1.0,705,arvet
1266,1992,4634,1.0,1858,arvet
1401,1992,4602,1.0,10300,arvet
1411,1992,4635,1.0,2531,arvet
1412,1992,4636,1.0,1135,arvet
1413,1992,4637,1.0,1707,arvet
1416,1992,4638,1.0,4854,arvet
1417,1992,4639,1.0,3084,arvet
1418,1992,4640,1.0,1819,arvet
1419,1992,4640,1.0,2225,arvet
1420,1992,4640,1.0,6010,arvet
1421,1992,4641,1.0,1876,arvet
1422,1992,4642,1.0,2222,arvet
1424,1992,4643,1.0,6153,arvet
1426,1992,4644,1.0,5090,arvet
1428,1992,4645,1.0,3551,arvet
1429,1992,4646,1.0,2887,arvet
1430,1992,4647,1.0,2943,arvet
1431,1992,4647,1.0,2989,arvet
1432,1992,4647,1.0,8983,arvet
1433,1992,4647,1.0,2725,arvet
1438,1992,4648,1.0,4440,arvet
1439,1992,4602,1.0,6385,arvet
1441,1992,4649,1.0,3231,arvet
1443,1992,4649,1.0,5727,arvet
1444,1992,1577,1.0,1238,arvet
1445,1992,4650,1.0,6021,arvet
1449,1992,4651,1.0,6687,arvet
1502,1992,1506,1.0,22378,arvet
1503,1992,1505,1.0,17091,arvet
1504,1992,1508,1.0,36092,arvet
1511,1992,1511,1.0,3887,arvet
1514,1992,1514,1.0,3293,arvet
1515,1992,1515,1.0,8149,arvet
1516,1992,1516,1.0,5841,arvet
1517,1992,1517,1.0,4538,arvet
1519,1992,1577,1.0,8005,arvet
1520,1992,1520,1.0,10247,arvet
1523,1992,1508,1.0,1988,arvet
1524,1992,1578,1.0,2010,arvet
1525,1992,1525,1.0,4550,arvet
1526,1992,1578,1.0,1027,arvet
1528,1992,1528,1.0,6942,arvet
1529,1992,1508,1.0,3338,arvet
1531,1992,1531,1.0,6739,arvet
1532,1992,1532,1.0,6240,arvet
1534,1992,1580,1.0,8606,arvet
1535,1992,1535,1.0,6447,arvet
1539,1992,1539,1.0,7793,arvet
1543,1992,1506,1.0,3331,arvet
1545,1992,1506,1.0,2037,arvet
1546,1992,1508,1.0,1473,arvet
1547,1992,1547,1.0,2948,arvet
1548,1992,1579,1.0,8973,arvet
1551,1992,1579,1.0,3050,arvet
1554,1992,1554,1.0,5586,arvet
1556,1992,1505,1.0,4953,arvet
1557,1992,1557,1.0,2849,arvet
1560,1992,1560,1.0,3431,arvet
1563,1992,1563,1.0,7639,arvet
1566,1992,1566,1.0,6390,arvet
1567,1992,5061,1.0,2213,arvet
1569,1992,1576,1.0,2750,arvet
1571,1992,5055,1.0,2086,arvet
1572,1992,1576,1.0,1119,arvet
1573,1992,1573,1.0,2649,arvet
1601,1992,5001,1.0,139630,arvet
1612,1992,5055,1.0,4246,arvet
1613,1992,5055,0.153333,1160,"delt, anslått fra befolkningsendring 2019→2020"
1613,1992,5056,0.339048,1160,"delt, anslått fra befolkningsendring 2019→2020"
1613,1992,5059,0.507619,1160,"delt, anslått fra befolkningsendring 2019→2020"
1617,1992,5056,1.0,4275,arvet
1620,1992,5014,1.0,4153,arvet
1621,1992,5057,1.0,4912,arvet
1622,1992,5059,1.0,1866,arvet
1624,1992,5054,1.0,6419,arvet
1627,1992,5057,1.0,5013,arvet
1630,1992,5058,1.0,3566,arvet
1632,1992,5058,1.0,1183,arvet
1633,1992,5020,1.0,1269,arvet
1634,1992,5021,1.0,6200,arvet
1635,1992,5022,1.0,2919,arvet
1636,1992,5059,1.0,4278,arvet
1638,1992,5059,1.0,10178,arvet
1640,1992,5025,1.0,5367,arvet
1644,1992,5026,1.0,2432,arvet
1648,1992,5027,1.0,6048,arvet
1653,1992,5028,1.0,12660,arvet
1657,1992,5029,1.0,5613,arvet
1662,1992,5001,1.0,4368,arvet
1663,1992,5031,1.0,9912,arvet
1664,1992,5032,1.0,4106,arvet
1665,1992,5033,1.0,1008,arvet
1702,1992,5006,1.0,20725,arvet
1703,1992,5007,1.0,12078,arvet
1711,1992,5034,1.0,2703,arvet
1714,1992,5035,1.0,17379,arvet
1717,1992,5036,1.0,2456,arvet
1718,1992,5054,1.0,3515,arvet
1719,1992,5037,1.0,17023,arvet
1721,1992,5038,1.0,13677,arvet
1723,1992,5053,1.0,931,arvet
1724,1992,5006,1.0,3088,arvet
1725,1992,5007,1.0,1989,arvet
1729,1992,5053,1.0,5812,arvet
1736,1992,5041,1.0,2535,arvet
1738,1992,5042,1.0,1669,arvet
1739,1992,5043,1.0,737,arvet
1740,1992,5044,1.0,1094,arvet
1742,1992,5045,1.0,2540,arvet
1743,1992,5046,1.0,1378,arvet
1744,1992,5047,1.0,3804,arvet
1748,1992,5007,1.0,841,arvet
1749,1992,5049,1.0,1376,arvet
1750,1992,5060,1.0,3789,arvet
1751,1992,5060,1.0,5498,arvet
1755,1992,5052,1.0,827,arvet
1804,1992,1804,1.0,37363,arvet
1805,1992,1806,1.0,18733,arvet
1811,1992,1811,1.0,2088,arvet
1812,1992,1812,1.0,2111,arvet
1813,1992,1813,1.0,6941,arvet
1815,1992,1815,1.0,1537,arvet
1816,1992,1816,1.0,670,arvet
1818,1992,1818,1.0,1995,arvet
1820,1992,1820,1.0,7566,arvet
1822,1992,1822,1.0,2357,arvet
1824,1992,1824,1.0,13427,arvet
1825,1992,1825,1.0,1701,arvet
1826,1992,1826,1.0,1718,arvet
1827,1992,1827,1.0,1786,arvet
1828,1992,1828,1.0,1777,arvet
1832,1992,1832,1.0,4832,arvet
1833,1992,1833,1.0,24850,arvet
1834,1992,1834,1.0,2206,arvet
1835,1992,1835,1.0,516,arvet
1836,1992,1836,1.0,1707,arvet
1837,1992,1837,1.0,7086,arvet
1838,1992,1838,1.0,2569,arvet
1839,1992,1839,1.0,1454,arvet
1840,1992,1840,1.0,5155,arvet
1841,1992,1841,1.0,9996,arvet
1842,1992,1804,1.0,1242,arvet
1845,1992,1845,1.0,2781,arvet
1848,1992,1848,1.0,3257,arvet
1849,1992,1875,1.0,2254,arvet
1850,1992,1806,0.422336,2554,"delt, anslått fra befolkningsendring 2019→2020"
1850,1992,1875,0.577664,2554,"delt, anslått fra befolkningsendring 2019→2020"
1851,1992,1851,1.0,2788,arvet
1852,1992,5512,1.0,1641,arvet
1853,1992,1853,1.0,1685,arvet
1854,1992,1806,1.0,3082,arvet
1856,1992,1856,1.0,653,arvet
1857,1992,1857,1.0,868,arvet
1859,1992,1859,1.0,1617,arvet
1860,1992,1860,1.0,10582,arvet
1865,1992,1865,1.0,9336,arvet
1866,1992,1866,1.0,8663,arvet
1867,1992,1867,1.0,3664,arvet
1868,1992,1868,1.0,4781,arvet
1870,1992,1870,1.0,8408,arvet
1871,1992,1871,1.0,6406,arvet
1874,1992,1874,1.0,1434,arvet
1901,1992,5503,1.0,22599,arvet
1902,1992,5501,1.0,52504,arvet
1911,1992,5510,1.0,3477,arvet
1913,1992,5512,1.0,3337,arvet
1915,1992,5503,1.0,689,arvet
1917,1992,5514,1.0,2146,arvet
1919,1992,5516,1.0,1468,arvet
1920,1992,5518,1.0,1132,arvet
1922,1992,5520,1.0,3860,arvet
1923,1992,5522,1.0,2631,arvet
1924,1992,5524,1.0,7407,arvet
1925,1992,5526,1.0,3394,arvet
1926,1992,5528,1.0,1536,arvet
1927,1992,5530,1.0,1903,arvet
1928,1992,5530,1.0,1260,arvet
1929,1992,5530,1.0,1216,arvet
1931,1992,5530,1.0,10805,arvet
1933,1992,5532,1.0,6248,arvet
1936,1992,5534,1.0,2694,arvet
1938,1992,5536,1.0,3527,arvet
1939,1992,5538,1.0,1879,arvet
1940,1992,5540,1.0,2773,arvet
1941,1992,5542,1.0,3055,arvet
1942,1992,5544,1.0,4788,arvet
1943,1992,5546,1.0,1640,arvet
2002,1992,5634,1.0,3004,arvet
2003,1992,5607,1.0,6055,arvet
2004,1992,5603,1.0,9397,arvet
2011,1992,5612,1.0,3011,arvet
2012,1992,5601,1.0,15492,arvet
2014,1992,5614,1.0,1629,arvet
2015,1992,5616,1.0,1426,arvet
2017,1992,5603,1.0,1327,arvet
2018,1992,5618,1.0,1816,arvet
2019,1992,5620,1.0,3994,arvet
2020,1992,5622,1.0,4511,arvet
2021,1992,5610,1.0,2726,arvet
2022,1992,5624,1.0,1652,arvet
2023,1992,5626,1.0,1388,arvet
2024,1992,5630,1.0,1344,arvet
2025,1992,5628,1.0,3268,arvet
2027,1992,5636,1.0,1056,arvet
2028,1992,5632,1.0,2321,arvet
2030,1992,5605,1.0,9758,arvet
0101,1993,3101,1.0,25896,arvet
0103,1993,3107,1.0,26539,eksakt-sum
0104,1993,3103,1.0,25013,arvet
0105,1993,3105,1.0,46543,arvet
0111,1993,3110,1.0,3273,arvet
0113,1993,3107,1.0,11959,eksakt-sum
0118,1993,3124,1.0,1474,arvet
0119,1993,3122,1.0,3390,arvet
0121,1993,3226,1.0,649,arvet
0122,1993,3118,1.0,4757,arvet
0123,1993,3118,1.0,4279,arvet
0124,1993,3118,1.0,12837,arvet
0125,1993,3118,1.0,9197,arvet
0127,1993,3116,1.0,3127,arvet
0128,1993,3120,1.0,7127,arvet
0131,1993,3107,1.0,5947,eksakt-sum
0133,1993,3107,1.0,7445,eksakt-sum
0134,1993,3107,1.0,12923,eksakt-sum
0135,1993,3112,1.0,6051,arvet
0136,1993,3103,1.0,12142,arvet
0137,1993,3114,1.0,4148,arvet
0138,1993,3118,1.0,3932,arvet
0211,1993,3216,1.0,11223,arvet
0213,1993,3207,1.0,23015,arvet
0214,1993,3218,1.0,12086,arvet
0215,1993,3214,1.0,10673,arvet
0216,1993,3212,1.0,13508,arvet
0217,1993,3207,1.0,21285,arvet
0219,1993,3201,1.0,92748,arvet
0220,1993,3203,1.0,42826,arvet
0221,1993,3226,1.0,12423,arvet
0226,1993,3205,1.0,11311,arvet
0227,1993,3205,1.0,8533,arvet
0228,1993,3224,1.0,13917,arvet
0229,1993,3220,1.0,8085,arvet
0230,1993,3222,1.0,27114,arvet
0231,1993,3205,1.0,34732,arvet
0233,1993,3232,1.0,16350,arvet
0234,1993,3230,1.0,3745,arvet
0235,1993,3209,1.0,18363,arvet
0236,1993,3228,1.0,15626,arvet
0237,1993,3240,1.0,16837,arvet
0238,1993,3238,1.0,8001,arvet
0239,1993,3242,1.0,2534,arvet
0301,1993,0301,1.0,473454,arvet
0402,1993,3401,1.0,17401,arvet
0403,1993,3403,1.0,25999,arvet
0412,1993,3411,1.0,31304,arvet
0415,1993,3412,1.0,7059,arvet
0417,1993,3413,1.0,17586,arvet
0418,1993,3414,1.0,5210,arvet
0419,1993,3415,1.0,7365,arvet
0420,1993,3416,1.0,6455,arvet
0423,1993,3417,1.0,5648,arvet
0425,1993,3418,1.0,8516,arvet
0426,1993,3419,1.0,4350,arvet
0427,1993,3420,1.0,17595,arvet
0428,1993,3421,1.0,7324,arvet
0429,1993,3422,1.0,4370,arvet
0430,1993,3423,1.0,3269,arvet
0432,1993,3424,1.0,2450,arvet
0434,1993,3425,1.0,1754,arvet
0436,1993,3426,1.0,1874,arvet
0437,1993,3427,1.0,5392,arvet
0438,1993,3428,1.0,2441,arvet
0439,1993,3429,1.0,1923,arvet
0441,1993,3430,1.0,2036,arvet
0501,1993,3405,1.0,23545,arvet
0502,1993,3407,1.0,26669,arvet
0511,1993,3431,1.0,3041,arvet
0512,1993,3432,1.0,2377,arvet
0513,1993,3433,1.0,2523,arvet
0514,1993,3434,1.0,2621,arvet
0515,1993,3435,1.0,3936,arvet
0516,1993,3436,1.0,6109,arvet
0517,1993,3437,1.0,6341,arvet
0519,1993,3438,1.0,3462,arvet
0520,1993,3439,1.0,5050,arvet
0521,1993,3440,1.0,4630,arvet
0522,1993,3441,1.0,6337,arvet
0528,1993,3442,1.0,14199,arvet
0529,1993,3443,1.0,13156,arvet
0532,1993,3236,1.0,5856,arvet
0533,1993,3234,1.0,7984,arvet
0534,1993,3446,1.0,12575,arvet
0536,1993,3447,1.0,6284,arvet
0538,1993,3448,1.0,6981,arvet
0540,1993,3449,1.0,3530,arvet
0541,1993,3450,1.0,1509,arvet
0542,1993,3451,1.0,6526,arvet
0543,1993,3452,1.0,2523,arvet
0544,1993,3453,1.0,3125,arvet
0545,1993,3454,1.0,1728,arvet
0602,1993,3301,1.0,52098,arvet
0604,1993,3303,1.0,21258,arvet
0605,1993,3305,1.0,27374,arvet
0612,1993,3310,1.0,4573,arvet
0615,1993,3320,1.0,1171,arvet
0616,1993,3322,1.0,3409,arvet
0617,1993,3324,1.0,4307,arvet
0618,1993,3326,1.0,1637,arvet
0619,1993,3328,1.0,4882,arvet
0620,1993,3330,1.0,4618,arvet
0621,1993,3332,1.0,3695,arvet
0622,1993,3318,1.0,2321,arvet
0623,1993,3316,1.0,12246,arvet
0624,1993,3314,1.0,14754,arvet
0625,1993,3301,1.0,19123,arvet
0626,1993,3312,1.0,19264,arvet
0627,1993,3203,1.0,14867,arvet
0628,1993,3203,1.0,7950,arvet
0631,1993,3334,1.0,2532,arvet
0632,1993,3336,1.0,1476,arvet
0633,1993,3338,1.0,2898,arvet
0701,1993,3901,1.0,22795,arvet
0702,1993,3903,1.0,9149,arvet
0704,1993,3905,1.0,32387,arvet
0706,1993,3907,1.0,36604,arvet
0709,1993,3909,1.0,38689,arvet
0711,1993,3301,1.0,5995,arvet
0713,1993,3903,1.0,6969,arvet
0714,1993,3903,1.0,2723,arvet
0716,1993,3905,1.0,3878,arvet
0718,1993,3905,1.0,3547,arvet
0719,1993,3907,1.0,4451,arvet
0720,1993,3907,1.0,9067,arvet
0722,1993,3911,1.0,18269,arvet
0723,1993,3911,1.0,3994,arvet
0728,1993,3909,1.0,2400,arvet
0805,1993,4001,1.0,31214,arvet
0806,1993,4003,1.0,48384,arvet
0807,1993,4005,1.0,12322,arvet
0811,1993,4010,1.0,2277,arvet
0814,1993,4012,1.0,14040,arvet
0815,1993,4014,1.0,11011,arvet
0817,1993,4016,1.0,4371,arvet
0819,1993,4018,1.0,6667,arvet
0821,1993,4020,1.0,4780,arvet
0822,1993,4020,1.0,4359,arvet
0826,1993,4026,1.0,6818,arvet
0827,1993,4024,1.0,1694,arvet
0828,1993,4022,1.0,3100,arvet
0829,1993,4028,1.0,2833,arvet
0830,1993,4030,1.0,1511,arvet
0831,1993,4032,1.0,1366,arvet
0833,1993,4034,1.0,2597,arvet
0834,1993,4036,1.0,4006,arvet
0901,1993,4201,1.0,6987,arvet
0904,1993,4202,1.0,16155,arvet
0906,1993,4203,1.0,38438,arvet
0911,1993,4211,1.0,2569,arvet
0912,1993,4212,1.0,1847,arvet
0914,1993,4213,1.0,5843,arvet
0919,1993,4214,1.0,4263,arvet
0926,1993,4215,1.0,8301,arvet
0928,1993,4216,1.0,4024,arvet
0929,1993,4217,1.0,1892,arvet
0935,1993,4218,1.0,1106,arvet
0937,1993,4219,1.0,3334,arvet
0938,1993,4220,1.0,1422,arvet
0940,1993,4221,1.0,1414,arvet
0941,1993,4222,1.0,799,arvet
1001,1993,4204,1.0,67100,arvet
1002,1993,4205,1.0,12650,arvet
1003,1993,4206,1.0,9275,arvet
1004,1993,4207,1.0,8781,arvet
1014,1993,4223,1.0,11645,arvet
1017,1993,4204,1.0,5197,arvet
1018,1993,4204,1.0,7845,arvet
1021,1993,4205,1.0,2208,arvet
1026,1993,4224,1.0,829,arvet
1027,1993,4225,1.0,1579,arvet
1029,1993,4205,1.0,4239,arvet
1032,1993,4225,1.0,6786,arvet
1034,1993,4226,1.0,1540,arvet
1037,1993,4227,1.0,5744,arvet
1046,1993,4228,1.0,1725,arvet
1101,1993,1101,1.0,12646,arvet
1102,1993,1108,1.0,46825,arvet
1103,1993,1103,1.0,101403,arvet
1106,1993,1106,1.0,28436,arvet
1111,1993,1111,1.0,3501,arvet
1112,1993,1112,1.0,3083,arvet
1114,1993,1114,1.0,2432,arvet
1119,1993,1119,1.0,13041,arvet
1120,1993,1120,1.0,12202,arvet
1121,1993,1121,1.0,12331,arvet
1122,1993,1122,1.0,7855,arvet
1124,1993,1124,1.0,16814,arvet
1127,1993,1127,1.0,7955,arvet
1129,1993,1108,1.0,1023,arvet
1130,1993,1130,1.0,9584,arvet
1133,1993,1133,1.0,2789,arvet
1134,1993,1134,1.0,4114,arvet
1135,1993,1135,1.0,5283,arvet
1141,1993,1103,1.0,2801,arvet
1142,1993,1103,1.0,2593,arvet
1144,1993,1144,1.0,482,arvet
1145,1993,1145,1.0,760,arvet
1146,1993,1146,1.0,8023,arvet
1149,1993,1149,1.0,35489,arvet
1151,1993,1151,1.0,222,arvet
1154,1993,1160,1.0,4898,arvet
1201,1993,4601,1.0,218144,arvet
1211,1993,4611,1.0,3932,arvet
1214,1993,1160,1.0,3202,arvet
1216,1993,4612,1.0,4632,arvet
1219,1993,4613,1.0,9855,arvet
1221,1993,4614,1.0,15293,arvet
1222,1993,4615,1.0,3128,arvet
1223,1993,4616,1.0,2874,arvet
1224,1993,4617,1.0,13100,arvet
1227,1993,4618,1.0,1247,arvet
1228,1993,4618,1.0,8140,arvet
1231,1993,4618,1.0,3901,arvet
1232,1993,4619,1.0,1084,arvet
1233,1993,4620,1.0,1251,arvet
1234,1993,4621,1.0,1045,arvet
1235,1993,4621,1.0,13878,arvet
1238,1993,4622,1.0,8579,arvet
1241,1993,4624,1.0,3664,arvet
1242,1993,4623,1.0,2406,arvet
1243,1993,4624,1.0,12999,arvet
1244,1993,4625,1.0,4195,arvet
1245,1993,4626,1.0,4996,arvet
1246,1993,4626,1.0,15403,arvet
1247,1993,4627,1.0,18490,arvet
1251,1993,4628,1.0,4380,arvet
1252,1993,4629,1.0,344,arvet
1253,1993,4630,1.0,6973,arvet
1256,1993,4631,1.0,4694,arvet
1259,1993,4626,1.0,3252,arvet
1260,1993,4631,1.0,4484,arvet
1263,1993,4631,1.0,12018,arvet
1264,1993,4632,1.0,2573,arvet
1265,1993,4633,1.0,709,arvet
1266,1993,4634,1.0,1863,arvet
1401,1993,4602,1.0,10399,arvet
1411,1993,4635,1.0,2527,arvet
1412,1993,4636,1.0,1124,arvet
1413,1993,4637,1.0,1717,arvet
1416,1993,4638,1.0,4845,arvet
1417,1993,4639,1.0,3094,arvet
1418,1993,4640,1.0,1870,arvet
1419,1993,4640,1.0,2246,arvet
1420,1993,4640,1.0,6061,arvet
1421,1993,4641,1.0,1892,arvet
1422,1993,4642,1.0,2232,arvet
1424,1993,4643,1.0,6070,arvet
1426,1993,4644,1.0,5166,arvet
1428,1993,4645,1.0,3485,arvet
1429,1993,4646,1.0,2883,arvet
1430,1993,4647,1.0,2985,arvet
1431,1993,4647,1.0,3007,arvet
1432,1993,4647,1.0,9168,arvet
1433,1993,4647,1.0,2708,arvet
1438,1993,4648,1.0,4402,arvet
1439,1993,4602,1.0,6422,arvet
1441,1993,4649,1.0,3244,arvet
1443,1993,4649,1.0,5765,arvet
1444,1993,1577,1.0,1231,arvet
1445,1993,4650,1.0,6002,arvet
1449,1993,4651,1.0,6656,arvet
1502,1993,1506,1.0,22555,arvet
1503,1993,1505,1.0,17153,arvet
1504,1993,1508,1.0,36234,arvet
1511,1993,1511,1.0,3866,arvet
1514,1993,1514,1.0,3267,arvet
1515,1993,1515,1.0,8223,arvet
1516,1993,1516,1.0,5980,arvet
1517,1993,1517,1.0,4616,arvet
1519,1993,1577,1.0,8107,arvet
1520,1993,1520,1.0,10249,arvet
1523,1993,1508,1.0,1963,arvet
1524,1993,1578,1.0,2019,arvet
1525,1993,1525,1.0,4542,arvet
1526,1993,1578,1.0,1029,arvet
1528,1993,1528,1.0,7011,arvet
1529,1993,1508,1.0,3335,arvet
1531,1993,1531,1.0,6777,arvet
1532,1993,1532,1.0,6169,arvet
1534,1993,1580,1.0,8582,arvet
1535,1993,1535,1.0,6455,arvet
1539,1993,1539,1.0,7785,arvet
1543,1993,1506,1.0,3321,arvet
1545,1993,1506,1.0,2041,arvet
1546,1993,1508,1.0,1443,arvet
1547,1993,1547,1.0,2975,arvet
1548,1993,1579,1.0,8999,arvet
1551,1993,1579,1.0,3043,arvet
1554,1993,1554,1.0,5571,arvet
1556,1993,1505,1.0,5010,arvet
1557,1993,1557,1.0,2782,arvet
1560,1993,1560,1.0,3381,arvet
1563,1993,1563,1.0,7620,arvet
1566,1993,1566,1.0,6446,arvet
1567,1993,5061,1.0,2217,arvet
1569,1993,1576,1.0,2727,arvet
1571,1993,5055,1.0,2046,arvet
1572,1993,1576,1.0,1120,arvet
1573,1993,1573,1.0,2636,arvet
1601,1993,5001,1.0,140656,arvet
1612,1993,5055,1.0,4246,arvet
1613,1993,5055,0.153333,1151,"delt, anslått fra befolkningsendring 2019→2020"
1613,1993,5056,0.339048,1151,"delt, anslått fra befolkningsendring 2019→2020"
1613,1993,5059,0.507619,1151,"delt, anslått fra befolkningsendring 2019→2020"
1617,1993,5056,1.0,4203,arvet
1620,1993,5014,1.0,4151,arvet
1621,1993,5057,1.0,4918,arvet
1622,1993,5059,1.0,1863,arvet
1624,1993,5054,1.0,6413,arvet
1627,1993,5057,1.0,5008,arvet
1630,1993,5058,1.0,3563,arvet
1632,1993,5058,1.0,1170,arvet
1633,1993,5020,1.0,1260,arvet
1634,1993,5021,1.0,6207,arvet
1635,1993,5022,1.0,2883,arvet
1636,1993,5059,1.0,4230,arvet
1638,1993,5059,1.0,10127,arvet
1640,1993,5025,1.0,5355,arvet
1644,1993,5026,1.0,2404,arvet
1648,1993,5027,1.0,5994,arvet
1653,1993,5028,1.0,12737,arvet
1657,1993,5029,1.0,5636,arvet
1662,1993,5001,1.0,4380,arvet
1663,1993,5031,1.0,10055,arvet
1664,1993,5032,1.0,4103,arvet
1665,1993,5033,1.0,975,arvet
1702,1993,5006,1.0,20701,arvet
1703,1993,5007,1.0,12147,arvet
1711,1993,5034,1.0,2677,arvet
1714,1993,5035,1.0,17402,arvet
1717,1993,5036,1.0,2461,arvet
1718,1993,5054,1.0,3504,arvet
1719,1993,5037,1.0,17133,arvet
1721,1993,5038,1.0,13713,arvet
1723,1993,5053,1.0,927,arvet
1724,1993,5006,1.0,3025,arvet
1725,1993,5007,1.0,1956,arvet
1729,1993,5053,1.0,5801,arvet
1736,1993,5041,1.0,2508,arvet
1738,1993,5042,1.0,1647,arvet
1739,1993,5043,1.0,747,arvet
1740,1993,5044,1.0,1079,arvet
1742,1993,5045,1.0,2544,arvet
1743,1993,5046,1.0,1391,arvet
1744,1993,5047,1.0,3793,arvet
1748,1993,5007,1.0,828,arvet
1749,1993,5049,1.0,1380,arvet
1750,1993,5060,1.0,3742,arvet
1751,1993,5060,1.0,5487,arvet
1755,1993,5052,1.0,821,arvet
1804,1993,1804,1.0,37937,arvet
1805,1993,1806,1.0,18884,arvet
1811,1993,1811,1.0,2064,arvet
1812,1993,1812,1.0,2109,arvet
1813,1993,1813,1.0,6996,arvet
1815,1993,1815,1.0,1525,arvet
1816,1993,1816,1.0,679,arvet
1818,1993,1818,1.0,1969,arvet
1820,1993,1820,1.0,7648,arvet
1822,1993,1822,1.0,2332,arvet
1824,1993,1824,1.0,13464,arvet
1825,1993,1825,1.0,1698,arvet
1826,1993,1826,1.0,1711,arvet
1827,1993,1827,1.0,1753,arvet
1828,1993,1828,1.0,1791,arvet
1832,1993,1832,1.0,4811,arvet
1833,1993,1833,1.0,24908,arvet
1834,1993,1834,1.0,2213,arvet
1835,1993,1835,1.0,497,arvet
1836,1993,1836,1.0,1694,arvet
1837,1993,1837,1.0,7108,arvet
1838,1993,1838,1.0,2512,arvet
1839,1993,1839,1.0,1440,arvet
1840,1993,1840,1.0,5125,arvet
1841,1993,1841,1.0,9923,arvet
1842,1993,1804,1.0,1241,arvet
1845,1993,1845,1.0,2708,arvet
1848,1993,1848,1.0,3240,arvet
1849,1993,1875,1.0,2254,arvet
1850,1993,1806,0.422336,2539,"delt, anslått fra befolkningsendring 2019→2020"
1850,1993,1875,0.577664,2539,"delt, anslått fra befolkningsendring 2019→2020"
1851,1993,1851,1.0,2762,arvet
1852,1993,5512,1.0,1634,arvet
1853,1993,1853,1.0,1694,arvet
1854,1993,1806,1.0,3006,arvet
1856,1993,1856,1.0,670,arvet
1857,1993,1857,1.0,843,arvet
1859,1993,1859,1.0,1615,arvet
1860,1993,1860,1.0,10632,arvet
1865,1993,1865,1.0,9352,arvet
1866,1993,1866,1.0,8629,arvet
1867,1993,1867,1.0,3642,arvet
1868,1993,1868,1.0,4778,arvet
1870,1993,1870,1.0,8534,arvet
1871,1993,1871,1.0,6324,arvet
1874,1993,1874,1.0,1412,arvet
1901,1993,5503,1.0,22678,arvet
1902,1993,5501,1.0,53456,arvet
1911,1993,5510,1.0,3424,arvet
1913,1993,5512,1.0,3310,arvet
1915,1993,5503,1.0,662,arvet
1917,1993,5514,1.0,2144,arvet
1919,1993,5516,1.0,1448,arvet
1920,1993,5518,1.0,1133,arvet
1922,1993,5520,1.0,3842,arvet
1923,1993,5522,1.0,2536,arvet
1924,1993,5524,1.0,7342,arvet
1925,1993,5526,1.0,3442,arvet
1926,1993,5528,1.0,1512,arvet
1927,1993,5530,1.0,1885,arvet
1928,1993,5530,1.0,1254,arvet
1929,1993,5530,1.0,1234,arvet
1931,1993,5530,1.0,10851,arvet
1933,1993,5532,1.0,6181,arvet
1936,1993,5534,1.0,2701,arvet
1938,1993,5536,1.0,3505,arvet
1939,1993,5538,1.0,1905,arvet
1940,1993,5540,1.0,2746,arvet
1941,1993,5542,1.0,3087,arvet
1942,1993,5544,1.0,4833,arvet
1943,1993,5546,1.0,1638,arvet
2002,1993,5634,1.0,3046,arvet
2003,1993,5607,1.0,6282,arvet
2004,1993,5603,1.0,9460,arvet
2011,1993,5612,1.0,3080,arvet
2012,1993,5601,1.0,15838,arvet
2014,1993,5614,1.0,1599,arvet
2015,1993,5616,1.0,1403,arvet
2017,1993,5603,1.0,1287,arvet
2018,1993,5618,1.0,1806,arvet
2019,1993,5620,1.0,3962,arvet
2020,1993,5622,1.0,4535,arvet
2021,1993,5610,1.0,2757,arvet
2022,1993,5624,1.0,1630,arvet
2023,1993,5626,1.0,1423,arvet
2024,1993,5630,1.0,1320,arvet
2025,1993,5628,1.0,3299,arvet
2027,1993,5636,1.0,1059,arvet
2028,1993,5632,1.0,2370,arvet
2030,1993,5605,1.0,9819,arvet
0101,1994,3101,1.0,25908,arvet
0104,1994,3103,1.0,25071,arvet
0105,1994,3105,1.0,46381,arvet
0106,1994,3107,1.0,64843,arvet
0111,1994,3110,1.0,3364,arvet
0118,1994,3124,1.0,1456,arvet
0119,1994,3122,1.0,3342,arvet
0121,1994,3226,1.0,639,arvet
0122,1994,3118,1.0,4786,arvet
0123,1994,3118,1.0,4291,arvet
0124,1994,3118,1.0,12826,arvet
0125,1994,3118,1.0,9156,arvet
0127,1994,3116,1.0,3069,arvet
0128,1994,3120,1.0,7078,arvet
0135,1994,3112,1.0,6044,arvet
0136,1994,3103,1.0,12189,arvet
0137,1994,3114,1.0,4298,arvet
0138,1994,3118,1.0,3971,arvet
0211,1994,3216,1.0,11272,arvet
0213,1994,3207,1.0,23391,arvet
0214,1994,3218,1.0,12206,arvet
0215,1994,3214,1.0,10863,arvet
0216,1994,3212,1.0,13845,arvet
0217,1994,3207,1.0,21622,arvet
0219,1994,3201,1.0,94098,arvet
0220,1994,3203,1.0,43725,arvet
0221,1994,3226,1.0,12301,arvet
0226,1994,3205,1.0,11334,arvet
0227,1994,3205,1.0,8580,arvet
0228,1994,3224,1.0,13972,arvet
0229,1994,3220,1.0,8065,arvet
0230,1994,3222,1.0,27356,arvet
0231,1994,3205,1.0,35133,arvet
0233,1994,3232,1.0,16468,arvet
0234,1994,3230,1.0,3771,arvet
0235,1994,3209,1.0,18548,arvet
0236,1994,3228,1.0,15654,arvet
0237,1994,3240,1.0,16765,arvet
0238,1994,3238,1.0,8084,arvet
0239,1994,3242,1.0,2542,arvet
0301,1994,0301,1.0,477781,arvet
0402,1994,3401,1.0,17272,arvet
0403,1994,3403,1.0,26123,arvet
0412,1994,3411,1.0,31346,arvet
0415,1994,3412,1.0,7043,arvet
0417,1994,3413,1.0,17956,arvet
0418,1994,3414,1.0,5159,arvet
0419,1994,3415,1.0,7341,arvet
0420,1994,3416,1.0,6440,arvet
0423,1994,3417,1.0,5711,arvet
0425,1994,3418,1.0,8392,arvet
0426,1994,3419,1.0,4286,arvet
0427,1994,3420,1.0,17563,arvet
0428,1994,3421,1.0,7294,arvet
0429,1994,3422,1.0,4349,arvet
0430,1994,3423,1.0,3228,arvet
0432,1994,3424,1.0,2434,arvet
0434,1994,3425,1.0,1814,arvet
0436,1994,3426,1.0,1854,arvet
0437,1994,3427,1.0,5402,arvet
0438,1994,3428,1.0,2426,arvet
0439,1994,3429,1.0,1918,arvet
0441,1994,3430,1.0,2045,arvet
0501,1994,3405,1.0,23870,arvet
0502,1994,3407,1.0,26772,arvet
0511,1994,3431,1.0,3064,arvet
0512,1994,3432,1.0,2502,arvet
0513,1994,3433,1.0,2526,arvet
0514,1994,3434,1.0,2628,arvet
0515,1994,3435,1.0,3924,arvet
0516,1994,3436,1.0,6094,arvet
0517,1994,3437,1.0,6366,arvet
0519,1994,3438,1.0,3464,arvet
0520,1994,3439,1.0,5021,arvet
0521,1994,3440,1.0,4688,arvet
0522,1994,3441,1.0,6317,arvet
0528,1994,3442,1.0,14187,arvet
0529,1994,3443,1.0,13115,arvet
0532,1994,3236,1.0,5864,arvet
0533,1994,3234,1.0,8088,arvet
0534,1994,3446,1.0,12569,arvet
0536,1994,3447,1.0,6271,arvet
0538,1994,3448,1.0,6962,arvet
0540,1994,3449,1.0,3550,arvet
0541,1994,3450,1.0,1512,arvet
0542,1994,3451,1.0,6601,arvet
0543,1994,3452,1.0,2551,arvet
0544,1994,3453,1.0,3100,arvet
0545,1994,3454,1.0,1745,arvet
0602,1994,3301,1.0,52401,arvet
0604,1994,3303,1.0,21258,arvet
0605,1994,3305,1.0,27401,arvet
0612,1994,3310,1.0,4576,arvet
0615,1994,3320,1.0,1183,arvet
0616,1994,3322,1.0,3413,arvet
0617,1994,3324,1.0,4311,arvet
0618,1994,3326,1.0,1657,arvet
0619,1994,3328,1.0,4832,arvet
0620,1994,3330,1.0,4626,arvet
0621,1994,3332,1.0,3674,arvet
0622,1994,3318,1.0,2308,arvet
0623,1994,3316,1.0,12203,arvet
0624,1994,3314,1.0,14780,arvet
0625,1994,3301,1.0,19177,arvet
0626,1994,3312,1.0,19650,arvet
0627,1994,3203,1.0,14903,arvet
0628,1994,3203,1.0,7874,arvet
0631,1994,3334,1.0,2506,arvet
0632,1994,3336,1.0,1474,arvet
0633,1994,3338,1.0,2895,arvet
0701,1994,3901,1.0,22805,arvet
0702,1994,3903,1.0,9227,arvet
0704,1994,3905,1.0,32739,arvet
0706,1994,3907,1.0,36757,arvet
0709,1994,3909,1.0,38857,arvet
0711,1994,3301,1.0,5961,arvet
0713,1994,3903,1.0,6942,arvet
0714,1994,3903,1.0,2725,arvet
0716,1994,3905,1.0,3874,arvet
0718,1994,3905,1.0,3567,arvet
0719,1994,3907,1.0,4457,arvet
0720,1994,3907,1.0,9175,arvet
0722,1994,3911,1.0,18465,arvet
0723,1994,3911,1.0,4026,arvet
0728,1994,3909,1.0,2348,arvet
0805,1994,4001,1.0,31324,arvet
0806,1994,4003,1.0,48287,arvet
0807,1994,4005,1.0,12263,arvet
0811,1994,4010,1.0,2278,arvet
0814,1994,4012,1.0,14083,arvet
0815,1994,4014,1.0,10930,arvet
0817,1994,4016,1.0,4289,arvet
0819,1994,4018,1.0,6711,arvet
0821,1994,4020,1.0,4766,arvet
0822,1994,4020,1.0,4370,arvet
0826,1994,4026,1.0,6804,arvet
0827,1994,4024,1.0,1680,arvet
0828,1994,4022,1.0,3088,arvet
0829,1994,4028,1.0,2817,arvet
0830,1994,4030,1.0,1477,arvet
0831,1994,4032,1.0,1374,arvet
0833,1994,4034,1.0,2578,arvet
0834,1994,4036,1.0,4032,arvet
0901,1994,4201,1.0,7053,arvet
0904,1994,4202,1.0,16375,arvet
0906,1994,4203,1.0,38715,arvet
0911,1994,4211,1.0,2557,arvet
0912,1994,4212,1.0,1829,arvet
0914,1994,4213,1.0,5837,arvet
0919,1994,4214,1.0,4298,arvet
0926,1994,4215,1.0,8375,arvet
0928,1994,4216,1.0,4056,arvet
0929,1994,4217,1.0,1935,arvet
0935,1994,4218,1.0,1105,arvet
0937,1994,4219,1.0,3330,arvet
0938,1994,4220,1.0,1416,arvet
0940,1994,4221,1.0,1460,arvet
0941,1994,4222,1.0,794,arvet
1001,1994,4204,1.0,67863,arvet
1002,1994,4205,1.0,12801,arvet
1003,1994,4206,1.0,9363,arvet
1004,1994,4207,1.0,8708,arvet
1014,1994,4223,1.0,11752,arvet
1017,1994,4204,1.0,5210,arvet
1018,1994,4204,1.0,7984,arvet
1021,1994,4205,1.0,2226,arvet
1026,1994,4224,1.0,831,arvet
1027,1994,4225,1.0,1578,arvet
1029,1994,4205,1.0,4328,arvet
1032,1994,4225,1.0,6866,arvet
1034,1994,4226,1.0,1625,arvet
1037,1994,4227,1.0,5726,arvet
1046,1994,4228,1.0,1729,arvet
1101,1994,1101,1.0,12721,arvet
1102,1994,1108,1.0,47921,arvet
1103,1994,1103,1.0,102637,arvet
1106,1994,1106,1.0,28670,arvet
1111,1994,1111,1.0,3508,arvet
1112,1994,1112,1.0,3071,arvet
1114,1994,1114,1.0,2437,arvet
1119,1994,1119,1.0,13409,arvet
1120,1994,1120,1.0,12381,arvet
1121,1994,1121,1.0,12475,arvet
1122,1994,1122,1.0,7998,arvet
1124,1994,1124,1.0,17381,arvet
1127,1994,1127,1.0,8051,arvet
1129,1994,1108,1.0,1035,arvet
1130,1994,1130,1.0,9624,arvet
1133,1994,1133,1.0,2730,arvet
1134,1994,1134,1.0,4097,arvet
1135,1994,1135,1.0,5199,arvet
1141,1994,1103,1.0,2808,arvet
1142,1994,1103,1.0,2627,arvet
1144,1994,1144,1.0,490,arvet
1145,1994,1145,1.0,775,arvet
1146,1994,1146,1.0,8072,arvet
1149,1994,1149,1.0,35645,arvet
1151,1994,1151,1.0,217,arvet
1154,1994,1160,1.0,4897,arvet
1201,1994,4601,1.0,219884,arvet
1211,1994,4611,1.0,3914,arvet
1214,1994,1160,1.0,3193,arvet
1216,1994,4612,1.0,4637,arvet
1219,1994,4613,1.0,10006,arvet
1221,1994,4614,1.0,15540,arvet
1222,1994,4615,1.0,3142,arvet
1223,1994,4616,1.0,2869,arvet
1224,1994,4617,1.0,13121,arvet
1227,1994,4618,1.0,1230,arvet
1228,1994,4618,1.0,8114,arvet
1231,1994,4618,1.0,3884,arvet
1232,1994,4619,1.0,1085,arvet
1233,1994,4620,1.0,1245,arvet
1234,1994,4621,1.0,1055,arvet
1235,1994,4621,1.0,13938,arvet
1238,1994,4622,1.0,8614,arvet
1241,1994,4624,1.0,3646,arvet
1242,1994,4623,1.0,2399,arvet
1243,1994,4624,1.0,13043,arvet
1244,1994,4625,1.0,4209,arvet
1245,1994,4626,1.0,5064,arvet
1246,1994,4626,1.0,15854,arvet
1247,1994,4627,1.0,18529,arvet
1251,1994,4628,1.0,4406,arvet
1252,1994,4629,1.0,343,arvet
1253,1994,4630,1.0,6976,arvet
1256,1994,4631,1.0,4798,arvet
1259,1994,4626,1.0,3395,arvet
1260,1994,4631,1.0,4486,arvet
1263,1994,4631,1.0,12138,arvet
1264,1994,4632,1.0,2576,arvet
1265,1994,4633,1.0,711,arvet
1266,1994,4634,1.0,1841,arvet
1401,1994,4602,1.0,10525,arvet
1411,1994,4635,1.0,2502,arvet
1412,1994,4636,1.0,1117,arvet
1413,1994,4637,1.0,1696,arvet
1416,1994,4638,1.0,4810,arvet
1417,1994,4639,1.0,3102,arvet
1418,1994,4640,1.0,1878,arvet
1419,1994,4640,1.0,2246,arvet
1420,1994,4640,1.0,6141,arvet
1421,1994,4641,1.0,1901,arvet
1422,1994,4642,1.0,2251,arvet
1424,1994,4643,1.0,5994,arvet
1426,1994,4644,1.0,5363,arvet
1428,1994,4645,1.0,3481,arvet
1429,1994,4646,1.0,2906,arvet
1430,1994,4647,1.0,2971,arvet
1431,1994,4647,1.0,3011,arvet
1432,1994,4647,1.0,9315,arvet
1433,1994,4647,1.0,2681,arvet
1438,1994,4648,1.0,4372,arvet
1439,1994,4602,1.0,6465,arvet
1441,1994,4649,1.0,3200,arvet
1443,1994,4649,1.0,5791,arvet
1444,1994,1577,1.0,1214,arvet
1445,1994,4650,1.0,5967,arvet
1449,1994,4651,1.0,6663,arvet
1502,1994,1506,1.0,22685,arvet
1503,1994,1505,1.0,17089,arvet
1504,1994,1508,1.0,36530,arvet
1511,1994,1511,1.0,3816,arvet
1514,1994,1514,1.0,3249,arvet
1515,1994,1515,1.0,8290,arvet
1516,1994,1516,1.0,5991,arvet
1517,1994,1517,1.0,4633,arvet
1519,1994,1577,1.0,8158,arvet
1520,1994,1520,1.0,10267,arvet
1523,1994,1508,1.0,1986,arvet
1524,1994,1578,1.0,2002,arvet
1525,1994,1525,1.0,4523,arvet
1526,1994,1578,1.0,1021,arvet
1528,1994,1528,1.0,7006,arvet
1529,1994,1508,1.0,3348,arvet
1531,1994,1531,1.0,6770,arvet
1532,1994,1532,1.0,6177,arvet
1534,1994,1580,1.0,8605,arvet
1535,1994,1535,1.0,6460,arvet
1539,1994,1539,1.0,7701,arvet
1543,1994,1506,1.0,3331,arvet
1545,1994,1506,1.0,2029,arvet
1546,1994,1508,1.0,1433,arvet
1547,1994,1547,1.0,2946,arvet
1548,1994,1579,1.0,9009,arvet
1551,1994,1579,1.0,3067,arvet
1554,1994,1554,1.0,5558,arvet
1556,1994,1505,1.0,4966,arvet
1557,1994,1557,1.0,2784,arvet
1560,1994,1560,1.0,3395,arvet
1563,1994,1563,1.0,7656,arvet
1566,1994,1566,1.0,6512,arvet
1567,1994,5061,1.0,2215,arvet
1569,1994,1576,1.0,2725,arvet
1571,1994,5055,1.0,2027,arvet
1572,1994,1576,1.0,1135,arvet
1573,1994,1573,1.0,2613,arvet
1601,1994,5001,1.0,142188,arvet
1612,1994,5055,1.0,4274,arvet
1613,1994,5055,0.153333,1133,"delt, anslått fra befolkningsendring 2019→2020"
1613,1994,5056,0.339048,1133,"delt, anslått fra befolkningsendring 2019→2020"
1613,1994,5059,0.507619,1133,"delt, anslått fra befolkningsendring 2019→2020"
1617,1994,5056,1.0,4178,arvet
1620,1994,5014,1.0,4087,arvet
1621,1994,5057,1.0,4947,arvet
1622,1994,5059,1.0,1841,arvet
1624,1994,5054,1.0,6400,arvet
1627,1994,5057,1.0,5036,arvet
1630,1994,5058,1.0,3545,arvet
1632,1994,5058,1.0,1179,arvet
1633,1994,5020,1.0,1241,arvet
1634,1994,5021,1.0,6313,arvet
1635,1994,5022,1.0,2871,arvet
1636,1994,5059,1.0,4154,arvet
1638,1994,5059,1.0,10114,arvet
1640,1994,5025,1.0,5386,arvet
1644,1994,5026,1.0,2398,arvet
1648,1994,5027,1.0,5974,arvet
1653,1994,5028,1.0,12706,arvet
1657,1994,5029,1.0,5697,arvet
1662,1994,5001,1.0,4406,arvet
1663,1994,5031,1.0,10329,arvet
1664,1994,5032,1.0,4070,arvet
1665,1994,5033,1.0,982,arvet
1702,1994,5006,1.0,20725,arvet
1703,1994,5007,1.0,12344,arvet
1711,1994,5034,1.0,2771,arvet
1714,1994,5035,1.0,17350,arvet
1717,1994,5036,1.0,2465,arvet
1718,1994,5054,1.0,3492,arvet
1719,1994,5037,1.0,17190,arvet
1721,1994,5038,1.0,13781,arvet
1723,1994,5053,1.0,927,arvet
1724,1994,5006,1.0,2983,arvet
1725,1994,5007,1.0,1968,arvet
1729,1994,5053,1.0,5825,arvet
1736,1994,5041,1.0,2468,arvet
1738,1994,5042,1.0,1640,arvet
1739,1994,5043,1.0,751,arvet
1740,1994,5044,1.0,1085,arvet
1742,1994,5045,1.0,2536,arvet
1743,1994,5046,1.0,1393,arvet
1744,1994,5047,1.0,3758,arvet
1748,1994,5007,1.0,837,arvet
1749,1994,5049,1.0,1355,arvet
1750,1994,5060,1.0,3737,arvet
1751,1994,5060,1.0,5501,arvet
1755,1994,5052,1.0,816,arvet
1804,1994,1804,1.0,38540,arvet
1805,1994,1806,1.0,18976,arvet
1811,1994,1811,1.0,2052,arvet
1812,1994,1812,1.0,2090,arvet
1813,1994,1813,1.0,6971,arvet
1815,1994,1815,1.0,1492,arvet
1816,1994,1816,1.0,655,arvet
1818,1994,1818,1.0,1963,arvet
1820,1994,1820,1.0,7631,arvet
1822,1994,1822,1.0,2315,arvet
1824,1994,1824,1.0,13565,arvet
1825,1994,1825,1.0,1684,arvet
1826,1994,1826,1.0,1674,arvet
1827,1994,1827,1.0,1737,arvet
1828,1994,1828,1.0,1783,arvet
1832,1994,1832,1.0,4881,arvet
1833,1994,1833,1.0,25018,arvet
1834,1994,1834,1.0,2213,arvet
1835,1994,1835,1.0,494,arvet
1836,1994,1836,1.0,1672,arvet
1837,1994,1837,1.0,7038,arvet
1838,1994,1838,1.0,2505,arvet
1839,1994,1839,1.0,1441,arvet
1840,1994,1840,1.0,5161,arvet
1841,1994,1841,1.0,9897,arvet
1842,1994,1804,1.0,1223,arvet
1845,1994,1845,1.0,2676,arvet
1848,1994,1848,1.0,3191,arvet
1849,1994,1875,1.0,2214,arvet
1850,1994,1806,0.422336,2505,"delt, anslått fra befolkningsendring 2019→2020"
1850,1994,1875,0.577664,2505,"delt, anslått fra befolkningsendring 2019→2020"
1851,1994,1851,1.0,2705,arvet
1852,1994,5512,1.0,1579,arvet
1853,1994,1853,1.0,1640,arvet
1854,1994,1806,1.0,2983,arvet
1856,1994,1856,1.0,688,arvet
1857,1994,1857,1.0,822,arvet
1859,1994,1859,1.0,1628,arvet
1860,1994,1860,1.0,10662,arvet
1865,1994,1865,1.0,9337,arvet
1866,1994,1866,1.0,8717,arvet
1867,1994,1867,1.0,3552,arvet
1868,1994,1868,1.0,4764,arvet
1870,1994,1870,1.0,8656,arvet
1871,1994,1871,1.0,6270,arvet
1874,1994,1874,1.0,1434,arvet
1901,1994,5503,1.0,22756,arvet
1902,1994,5501,1.0,54614,arvet
1911,1994,5510,1.0,3506,arvet
1913,1994,5512,1.0,3395,arvet
1915,1994,5503,1.0,661,arvet
1917,1994,5514,1.0,2106,arvet
1919,1994,5516,1.0,1477,arvet
1920,1994,5518,1.0,1123,arvet
1922,1994,5520,1.0,3804,arvet
1923,1994,5522,1.0,2575,arvet
1924,1994,5524,1.0,7214,arvet
1925,1994,5526,1.0,3478,arvet
1926,1994,5528,1.0,1494,arvet
1927,1994,5530,1.0,1882,arvet
1928,1994,5530,1.0,1245,arvet
1929,1994,5530,1.0,1217,arvet
1931,1994,5530,1.0,10838,arvet
1933,1994,5532,1.0,6118,arvet
1936,1994,5534,1.0,2601,arvet
1938,1994,5536,1.0,3499,arvet
1939,1994,5538,1.0,1918,arvet
1940,1994,5540,1.0,2708,arvet
1941,1994,5542,1.0,3046,arvet
1942,1994,5544,1.0,4864,arvet
1943,1994,5546,1.0,1606,arvet
2002,1994,5634,1.0,3023,arvet
2003,1994,5607,1.0,6391,arvet
2004,1994,5603,1.0,9540,arvet
2011,1994,5612,1.0,3110,arvet
2012,1994,5601,1.0,16085,arvet
2014,1994,5614,1.0,1549,arvet
2015,1994,5616,1.0,1351,arvet
2017,1994,5603,1.0,1282,arvet
2018,1994,5618,1.0,1778,arvet
2019,1994,5620,1.0,3970,arvet
2020,1994,5622,1.0,4493,arvet
2021,1994,5610,1.0,2786,arvet
2022,1994,5624,1.0,1598,arvet
2023,1994,5626,1.0,1461,arvet
2024,1994,5630,1.0,1292,arvet
2025,1994,5628,1.0,3274,arvet
2027,1994,5636,1.0,1072,arvet
2028,1994,5632,1.0,2474,arvet
2030,1994,5605,1.0,9930,arvet
0101,1995,3101,1.0,25953,arvet
0104,1995,3103,1.0,25239,arvet
0105,1995,3105,1.0,46449,arvet
0106,1995,3107,1.0,65214,arvet
0111,1995,3110,1.0,3407,arvet
0118,1995,3124,1.0,1466,arvet
0119,1995,3122,1.0,3344,arvet
0121,1995,3226,1.0,652,arvet
0122,1995,3118,1.0,4792,arvet
0123,1995,3118,1.0,4290,arvet
0124,1995,3118,1.0,12909,arvet
0125,1995,3118,1.0,9194,arvet
0127,1995,3116,1.0,3149,arvet
0128,1995,3120,1.0,7048,arvet
0135,1995,3112,1.0,5993,arvet
0136,1995,3103,1.0,12303,arvet
0137,1995,3114,1.0,4015,arvet
0138,1995,3118,1.0,3965,arvet
0211,1995,3216,1.0,11341,arvet
0213,1995,3207,1.0,23595,arvet
0214,1995,3218,1.0,12354,arvet
0215,1995,3214,1.0,11347,arvet
0216,1995,3212,1.0,13987,arvet
0217,1995,3207,1.0,21826,arvet
0219,1995,3201,1.0,95548,arvet
0220,1995,3203,1.0,44396,arvet
0221,1995,3226,1.0,12292,arvet
0226,1995,3205,1.0,11420,arvet
0227,1995,3205,1.0,8670,arvet
0228,1995,3224,1.0,13994,arvet
0229,1995,3220,1.0,8111,arvet
0230,1995,3222,1.0,27545,arvet
0231,1995,3205,1.0,35717,arvet
0233,1995,3232,1.0,16639,arvet
0234,1995,3230,1.0,3906,arvet
0235,1995,3209,1.0,18605,arvet
0236,1995,3228,1.0,15641,arvet
0237,1995,3240,1.0,16796,arvet
0238,1995,3238,1.0,8173,arvet
0239,1995,3242,1.0,2548,arvet
0301,1995,0301,1.0,483401,arvet
0402,1995,3401,1.0,17274,arvet
0403,1995,3403,1.0,26284,arvet
0412,1995,3411,1.0,31215,arvet
0415,1995,3412,1.0,7088,arvet
0417,1995,3413,1.0,17636,arvet
0418,1995,3414,1.0,5106,arvet
0419,1995,3415,1.0,7299,arvet
0420,1995,3416,1.0,6403,arvet
0423,1995,3417,1.0,5602,arvet
0425,1995,3418,1.0,8281,arvet
0426,1995,3419,1.0,4259,arvet
0427,1995,3420,1.0,17599,arvet
0428,1995,3421,1.0,7306,arvet
0429,1995,3422,1.0,4328,arvet
0430,1995,3423,1.0,3203,arvet
0432,1995,3424,1.0,2412,arvet
0434,1995,3425,1.0,1698,arvet
0436,1995,3426,1.0,1832,arvet
0437,1995,3427,1.0,5382,arvet
0438,1995,3428,1.0,2433,arvet
0439,1995,3429,1.0,1918,arvet
0441,1995,3430,1.0,2035,arvet
0501,1995,3405,1.0,24170,arvet
0502,1995,3407,1.0,26844,arvet
0511,1995,3431,1.0,3074,arvet
0512,1995,3432,1.0,2365,arvet
0513,1995,3433,1.0,2494,arvet
0514,1995,3434,1.0,2628,arvet
0515,1995,3435,1.0,3907,arvet
0516,1995,3436,1.0,6102,arvet
0517,1995,3437,1.0,6338,arvet
0519,1995,3438,1.0,3430,arvet
0520,1995,3439,1.0,4960,arvet
0521,1995,3440,1.0,4706,arvet
0522,1995,3441,1.0,6341,arvet
0528,1995,3442,1.0,14258,arvet
0529,1995,3443,1.0,13067,arvet
0532,1995,3236,1.0,5905,arvet
0533,1995,3234,1.0,8049,arvet
0534,1995,3446,1.0,12533,arvet
0536,1995,3447,1.0,6231,arvet
0538,1995,3448,1.0,7032,arvet
0540,1995,3449,1.0,3557,arvet
0541,1995,3450,1.0,1501,arvet
0542,1995,3451,1.0,6552,arvet
0543,1995,3452,1.0,2458,arvet
0544,1995,3453,1.0,3088,arvet
0545,1995,3454,1.0,1711,arvet
0602,1995,3301,1.0,52731,arvet
0604,1995,3303,1.0,21522,arvet
0605,1995,3305,1.0,27407,arvet
0612,1995,3310,1.0,4630,arvet
0615,1995,3320,1.0,1168,arvet
0616,1995,3322,1.0,3442,arvet
0617,1995,3324,1.0,4316,arvet
0618,1995,3326,1.0,1743,arvet
0619,1995,3328,1.0,4801,arvet
0620,1995,3330,1.0,4637,arvet
0621,1995,3332,1.0,3637,arvet
0622,1995,3318,1.0,2279,arvet
0623,1995,3316,1.0,12196,arvet
0624,1995,3314,1.0,14704,arvet
0625,1995,3301,1.0,19372,arvet
0626,1995,3312,1.0,20131,arvet
0627,1995,3203,1.0,15046,arvet
0628,1995,3203,1.0,7867,arvet
0631,1995,3334,1.0,2533,arvet
0632,1995,3336,1.0,1479,arvet
0633,1995,3338,1.0,2857,arvet
0701,1995,3901,1.0,22945,arvet
0702,1995,3903,1.0,9234,arvet
0704,1995,3905,1.0,32997,arvet
0706,1995,3907,1.0,37086,arvet
0709,1995,3909,1.0,39011,arvet
0711,1995,3301,1.0,5988,arvet
0713,1995,3903,1.0,6981,arvet
0714,1995,3903,1.0,2720,arvet
0716,1995,3905,1.0,3868,arvet
0718,1995,3905,1.0,3579,arvet
0719,1995,3907,1.0,4467,arvet
0720,1995,3907,1.0,9198,arvet
0722,1995,3911,1.0,18743,arvet
0723,1995,3911,1.0,4073,arvet
0728,1995,3909,1.0,2350,arvet
0805,1995,4001,1.0,31651,arvet
0806,1995,4003,1.0,48319,arvet
0807,1995,4005,1.0,12184,arvet
0811,1995,4010,1.0,2278,arvet
0814,1995,4012,1.0,14026,arvet
0815,1995,4014,1.0,10855,arvet
0817,1995,4016,1.0,4271,arvet
0819,1995,4018,1.0,6661,arvet
0821,1995,4020,1.0,4819,arvet
0822,1995,4020,1.0,4363,arvet
0826,1995,4026,1.0,6781,arvet
0827,1995,4024,1.0,1680,arvet
0828,1995,4022,1.0,3093,arvet
0829,1995,4028,1.0,2740,arvet
0830,1995,4030,1.0,1488,arvet
0831,1995,4032,1.0,1358,arvet
0833,1995,4034,1.0,2566,arvet
0834,1995,4036,1.0,4008,arvet
0901,1995,4201,1.0,7022,arvet
0904,1995,4202,1.0,16662,arvet
0906,1995,4203,1.0,38742,arvet
0911,1995,4211,1.0,2549,arvet
0912,1995,4212,1.0,1862,arvet
0914,1995,4213,1.0,5879,arvet
0919,1995,4214,1.0,4322,arvet
0926,1995,4215,1.0,8458,arvet
0928,1995,4216,1.0,4104,arvet
0929,1995,4217,1.0,1912,arvet
0935,1995,4218,1.0,1115,arvet
0937,1995,4219,1.0,3355,arvet
0938,1995,4220,1.0,1364,arvet
0940,1995,4221,1.0,1447,arvet
0941,1995,4222,1.0,822,arvet
1001,1995,4204,1.0,68609,arvet
1002,1995,4205,1.0,12910,arvet
1003,1995,4206,1.0,9238,arvet
1004,1995,4207,1.0,8821,arvet
1014,1995,4223,1.0,11706,arvet
1017,1995,4204,1.0,5237,arvet
1018,1995,4204,1.0,8091,arvet
1021,1995,4205,1.0,2236,arvet
1026,1995,4224,1.0,834,arvet
1027,1995,4225,1.0,1537,arvet
1029,1995,4205,1.0,4302,arvet
1032,1995,4225,1.0,6901,arvet
1034,1995,4226,1.0,1578,arvet
1037,1995,4227,1.0,5768,arvet
1046,1995,4228,1.0,1732,arvet
1101,1995,1101,1.0,12798,arvet
1102,1995,1108,1.0,48736,arvet
1103,1995,1103,1.0,103590,arvet
1106,1995,1106,1.0,29064,arvet
1111,1995,1111,1.0,3517,arvet
1112,1995,1112,1.0,3072,arvet
1114,1995,1114,1.0,2458,arvet
1119,1995,1119,1.0,13268,arvet
1120,1995,1120,1.0,12605,arvet
1121,1995,1121,1.0,12687,arvet
1122,1995,1122,1.0,8148,arvet
1124,1995,1124,1.0,17779,arvet
1127,1995,1127,1.0,8164,arvet
1129,1995,1108,1.0,1027,arvet
1130,1995,1130,1.0,9728,arvet
1133,1995,1133,1.0,2743,arvet
1134,1995,1134,1.0,4102,arvet
1135,1995,1135,1.0,5226,arvet
1141,1995,1103,1.0,2826,arvet
1142,1995,1103,1.0,2710,arvet
1144,1995,1144,1.0,515,arvet
1145,1995,1145,1.0,772,arvet
1146,1995,1146,1.0,8133,arvet
1149,1995,1149,1.0,35658,arvet
1151,1995,1151,1.0,212,arvet
1154,1995,1160,1.0,4909,arvet
1201,1995,4601,1.0,221717,arvet
1211,1995,4611,1.0,3941,arvet
1214,1995,1160,1.0,3224,arvet
1216,1995,4612,1.0,4594,arvet
1219,1995,4613,1.0,10300,arvet
1221,1995,4614,1.0,15547,arvet
1222,1995,4615,1.0,2934,arvet
1223,1995,4616,1.0,2852,arvet
1224,1995,4617,1.0,13181,arvet
1227,1995,4618,1.0,1209,arvet
1228,1995,4618,1.0,8077,arvet
1231,1995,4618,1.0,3800,arvet
1232,1995,4619,1.0,1077,arvet
1233,1995,4620,1.0,1257,arvet
1234,1995,4621,1.0,1045,arvet
1235,1995,4621,1.0,13896,arvet
1238,1995,4622,1.0,8597,arvet
1241,1995,4624,1.0,3651,arvet
1242,1995,4623,1.0,2386,arvet
1243,1995,4624,1.0,13119,arvet
1244,1995,4625,1.0,4257,arvet
1245,1995,4626,1.0,5088,arvet
1246,1995,4626,1.0,16356,arvet
1247,1995,4627,1.0,18638,arvet
1251,1995,4628,1.0,4378,arvet
1252,1995,4629,1.0,336,arvet
1253,1995,4630,1.0,6985,arvet
1256,1995,4631,1.0,4824,arvet
1259,1995,4626,1.0,3416,arvet
1260,1995,4631,1.0,4555,arvet
1263,1995,4631,1.0,12207,arvet
1264,1995,4632,1.0,2567,arvet
1265,1995,4633,1.0,698,arvet
1266,1995,4634,1.0,1845,arvet
1401,1995,4602,1.0,10798,arvet
1411,1995,4635,1.0,2489,arvet
1412,1995,4636,1.0,1103,arvet
1413,1995,4637,1.0,1707,arvet
1416,1995,4638,1.0,4818,arvet
1417,1995,4639,1.0,3073,arvet
1418,1995,4640,1.0,1831,arvet
1419,1995,4640,1.0,2243,arvet
1420,1995,4640,1.0,6246,arvet
1421,1995,4641,1.0,1896,arvet
1422,1995,4642,1.0,2251,arvet
1424,1995,4643,1.0,5936,arvet
1426,1995,4644,1.0,5087,arvet
1428,1995,4645,1.0,3471,arvet
1429,1995,4646,1.0,2915,arvet
1430,1995,4647,1.0,2963,arvet
1431,1995,4647,1.0,2981,arvet
1432,1995,4647,1.0,9484,arvet
1433,1995,4647,1.0,2686,arvet
1438,1995,4648,1.0,4326,arvet
1439,1995,4602,1.0,6500,arvet
1441,1995,4649,1.0,3201,arvet
1443,1995,4649,1.0,5779,arvet
1444,1995,1577,1.0,1221,arvet
1445,1995,4650,1.0,5938,arvet
1449,1995,4651,1.0,6666,arvet
1502,1995,1506,1.0,22888,arvet
1503,1995,1505,1.0,17057,arvet
1504,1995,1508,1.0,36749,arvet
1511,1995,1511,1.0,3785,arvet
1514,1995,1514,1.0,3199,arvet
1515,1995,1515,1.0,8242,arvet
1516,1995,1516,1.0,6133,arvet
1517,1995,1517,1.0,4615,arvet
1519,1995,1577,1.0,8186,arvet
1520,1995,1520,1.0,10305,arvet
1523,1995,1508,1.0,2013,arvet
1524,1995,1578,1.0,2002,arvet
1525,1995,1525,1.0,4543,arvet
1526,1995,1578,1.0,1057,arvet
1528,1995,1528,1.0,7029,arvet
1529,1995,1508,1.0,3400,arvet
1531,1995,1531,1.0,6823,arvet
1532,1995,1532,1.0,6193,arvet
1534,1995,1580,1.0,8630,arvet
1535,1995,1535,1.0,6467,arvet
1539,1995,1539,1.0,7715,arvet
1543,1995,1506,1.0,3291,arvet
1545,1995,1506,1.0,2035,arvet
1546,1995,1508,1.0,1406,arvet
1547,1995,1547,1.0,2934,arvet
1548,1995,1579,1.0,9067,arvet
1551,1995,1579,1.0,3060,arvet
1554,1995,1554,1.0,5590,arvet
1556,1995,1505,1.0,5035,arvet
1557,1995,1557,1.0,2812,arvet
1560,1995,1560,1.0,3257,arvet
1563,1995,1563,1.0,7513,arvet
1566,1995,1566,1.0,6429,arvet
1567,1995,5061,1.0,2179,arvet
1569,1995,1576,1.0,2726,arvet
1571,1995,5055,1.0,2023,arvet
1572,1995,1576,1.0,1132,arvet
1573,1995,1573,1.0,2626,arvet
1601,1995,5001,1.0,142927,arvet
1612,1995,5055,1.0,4315,arvet
1613,1995,5055,0.153333,1151,"delt, anslått fra befolkningsendring 2019→2020"
1613,1995,5056,0.339048,1151,"delt, anslått fra befolkningsendring 2019→2020"
1613,1995,5059,0.507619,1151,"delt, anslått fra befolkningsendring 2019→2020"
1617,1995,5056,1.0,4146,arvet
1620,1995,5014,1.0,4057,arvet
1621,1995,5057,1.0,4958,arvet
1622,1995,5059,1.0,1825,arvet
1624,1995,5054,1.0,6426,arvet
1627,1995,5057,1.0,4968,arvet
1630,1995,5058,1.0,3532,arvet
1632,1995,5058,1.0,1158,arvet
1633,1995,5020,1.0,1211,arvet
1634,1995,5021,1.0,6283,arvet
1635,1995,5022,1.0,2875,arvet
1636,1995,5059,1.0,4115,arvet
1638,1995,5059,1.0,10175,arvet
1640,1995,5025,1.0,5397,arvet
1644,1995,5026,1.0,2358,arvet
1648,1995,5027,1.0,5932,arvet
1653,1995,5028,1.0,12823,arvet
1657,1995,5029,1.0,5765,arvet
1662,1995,5001,1.0,4506,arvet
1663,1995,5031,1.0,10358,arvet
1664,1995,5032,1.0,4073,arvet
1665,1995,5033,1.0,970,arvet
1702,1995,5006,1.0,20670,arvet
1703,1995,5007,1.0,12303,arvet
1711,1995,5034,1.0,2735,arvet
1714,1995,5035,1.0,17546,arvet
1717,1995,5036,1.0,2456,arvet
1718,1995,5054,1.0,3487,arvet
1719,1995,5037,1.0,17186,arvet
1721,1995,5038,1.0,13722,arvet
1723,1995,5053,1.0,920,arvet
1724,1995,5006,1.0,2951,arvet
1725,1995,5007,1.0,1949,arvet
1729,1995,5053,1.0,5792,arvet
1736,1995,5041,1.0,2464,arvet
1738,1995,5042,1.0,1638,arvet
1739,1995,5043,1.0,737,arvet
1740,1995,5044,1.0,1074,arvet
1742,1995,5045,1.0,2532,arvet
1743,1995,5046,1.0,1367,arvet
1744,1995,5047,1.0,3756,arvet
1748,1995,5007,1.0,849,arvet
1749,1995,5049,1.0,1368,arvet
1750,1995,5060,1.0,3768,arvet
1751,1995,5060,1.0,5467,arvet
1755,1995,5052,1.0,800,arvet
1804,1995,1804,1.0,39237,arvet
1805,1995,1806,1.0,18920,arvet
1811,1995,1811,1.0,2042,arvet
1812,1995,1812,1.0,2138,arvet
1813,1995,1813,1.0,7025,arvet
1815,1995,1815,1.0,1488,arvet
1816,1995,1816,1.0,667,arvet
1818,1995,1818,1.0,1933,arvet
1820,1995,1820,1.0,7523,arvet
1822,1995,1822,1.0,2332,arvet
1824,1995,1824,1.0,13599,arvet
1825,1995,1825,1.0,1678,arvet
1826,1995,1826,1.0,1666,arvet
1827,1995,1827,1.0,1738,arvet
1828,1995,1828,1.0,1795,arvet
1832,1995,1832,1.0,4847,arvet
1833,1995,1833,1.0,25150,arvet
1834,1995,1834,1.0,2189,arvet
1835,1995,1835,1.0,497,arvet
1836,1995,1836,1.0,1670,arvet
1837,1995,1837,1.0,7000,arvet
1838,1995,1838,1.0,2515,arvet
1839,1995,1839,1.0,1451,arvet
1840,1995,1840,1.0,5150,arvet
1841,1995,1841,1.0,9962,arvet
1842,1995,1804,1.0,1182,arvet
1845,1995,1845,1.0,2630,arvet
1848,1995,1848,1.0,3154,arvet
1849,1995,1875,1.0,2215,arvet
1850,1995,1806,0.422336,2465,"delt, anslått fra befolkningsendring 2019→2020"
1850,1995,1875,0.577664,2465,"delt, anslått fra befolkningsendring 2019→2020"
1851,1995,1851,1.0,2674,arvet
1852,1995,5512,1.0,1604,arvet
1853,1995,1853,1.0,1621,arvet
1854,1995,1806,1.0,2931,arvet
1856,1995,1856,1.0,693,arvet
1857,1995,1857,1.0,834,arvet
1859,1995,1859,1.0,1633,arvet
1860,1995,1860,1.0,10791,arvet
1865,1995,1865,1.0,9414,arvet
1866,1995,1866,1.0,8639,arvet
1867,1995,1867,1.0,3530,arvet
1868,1995,1868,1.0,4790,arvet
1870,1995,1870,1.0,8784,arvet
1871,1995,1871,1.0,6211,arvet
1874,1995,1874,1.0,1419,arvet
1901,1995,5503,1.0,22971,arvet
1902,1995,5501,1.0,55676,arvet
1911,1995,5510,1.0,3416,arvet
1913,1995,5512,1.0,3303,arvet
1915,1995,5503,1.0,636,arvet
1917,1995,5514,1.0,2056,arvet
1919,1995,5516,1.0,1416,arvet
1920,1995,5518,1.0,1117,arvet
1922,1995,5520,1.0,3832,arvet
1923,1995,5522,1.0,2505,arvet
1924,1995,5524,1.0,7202,arvet
1925,1995,5526,1.0,3473,arvet
1926,1995,5528,1.0,1468,arvet
1927,1995,5530,1.0,1806,arvet
1928,1995,5530,1.0,1236,arvet
1929,1995,5530,1.0,1221,arvet
1931,1995,5530,1.0,10923,arvet
1933,1995,5532,1.0,6085,arvet
1936,1995,5534,1.0,2611,arvet
1938,1995,5536,1.0,3479,arvet
1939,1995,5538,1.0,1939,arvet
1940,1995,5540,1.0,2677,arvet
1941,1995,5542,1.0,3081,arvet
1942,1995,5544,1.0,4905,arvet
1943,1995,5546,1.0,1602,arvet
2002,1995,5634,1.0,3010,arvet
2003,1995,5607,1.0,6415,arvet
2004,1995,5603,1.0,9553,arvet
2011,1995,5612,1.0,3141,arvet
2012,1995,5601,1.0,16338,arvet
2014,1995,5614,1.0,1552,arvet
2015,1995,5616,1.0,1334,arvet
2017,1995,5603,1.0,1266,arvet
2018,1995,5618,1.0,1720,arvet
2019,1995,5620,1.0,3914,arvet
2020,1995,5622,1.0,4461,arvet
2021,1995,5610,1.0,2788,arvet
2022,1995,5624,1.0,1578,arvet
2023,1995,5626,1.0,1455,arvet
2024,1995,5630,1.0,1324,arvet
2025,1995,5628,1.0,3272,arvet
2027,1995,5636,1.0,1048,arvet
2028,1995,5632,1.0,2547,arvet
2030,1995,5605,1.0,9913,arvet
0101,1996,3101,1.0,26021,arvet
0104,1996,3103,1.0,25358,arvet
0105,1996,3105,1.0,46424,arvet
0106,1996,3107,1.0,65711,arvet
0111,1996,3110,1.0,3430,arvet
0118,1996,3124,1.0,1470,arvet
0119,1996,3122,1.0,3301,arvet
0121,1996,3226,1.0,659,arvet
0122,1996,3118,1.0,4792,arvet
0123,1996,3118,1.0,4295,arvet
0124,1996,3118,1.0,13019,arvet
0125,1996,3118,1.0,9190,arvet
0127,1996,3116,1.0,3150,arvet
0128,1996,3120,1.0,7020,arvet
0135,1996,3112,1.0,6018,arvet
0136,1996,3103,1.0,12493,arvet
0137,1996,3114,1.0,3884,arvet
0138,1996,3118,1.0,4016,arvet
0211,1996,3216,1.0,11362,arvet
0213,1996,3207,1.0,24054,arvet
0214,1996,3218,1.0,12516,arvet
0215,1996,3214,1.0,11804,arvet
0216,1996,3212,1.0,14184,arvet
0217,1996,3207,1.0,22011,arvet
0219,1996,3201,1.0,97034,arvet
0220,1996,3203,1.0,45355,arvet
0221,1996,3226,1.0,12337,arvet
0226,1996,3205,1.0,11452,arvet
0227,1996,3205,1.0,8715,arvet
0228,1996,3224,1.0,14019,arvet
0229,1996,3220,1.0,8165,arvet
0230,1996,3222,1.0,28152,arvet
0231,1996,3205,1.0,36091,arvet
0233,1996,3232,1.0,16902,arvet
0234,1996,3230,1.0,3954,arvet
0235,1996,3209,1.0,18621,arvet
0236,1996,3228,1.0,15687,arvet
0237,1996,3240,1.0,16797,arvet
0238,1996,3238,1.0,8147,arvet
0239,1996,3242,1.0,2569,arvet
0301,1996,0301,1.0,488659,arvet
0402,1996,3401,1.0,17270,arvet
0403,1996,3403,1.0,26330,arvet
0412,1996,3411,1.0,31229,arvet
0415,1996,3412,1.0,7105,arvet
0417,1996,3413,1.0,17627,arvet
0418,1996,3414,1.0,5092,arvet
0419,1996,3415,1.0,7284,arvet
0420,1996,3416,1.0,6389,arvet
0423,1996,3417,1.0,5562,arvet
0425,1996,3418,1.0,8241,arvet
0426,1996,3419,1.0,4197,arvet
0427,1996,3420,1.0,17710,arvet
0428,1996,3421,1.0,7213,arvet
0429,1996,3422,1.0,4314,arvet
0430,1996,3423,1.0,3127,arvet
0432,1996,3424,1.0,2347,arvet
0434,1996,3425,1.0,1627,arvet
0436,1996,3426,1.0,1820,arvet
0437,1996,3427,1.0,5409,arvet
0438,1996,3428,1.0,2429,arvet
0439,1996,3429,1.0,1894,arvet
0441,1996,3430,1.0,2031,arvet
0501,1996,3405,1.0,24407,arvet
0502,1996,3407,1.0,26855,arvet
0511,1996,3431,1.0,2998,arvet
0512,1996,3432,1.0,2322,arvet
0513,1996,3433,1.0,2489,arvet
0514,1996,3434,1.0,2633,arvet
0515,1996,3435,1.0,3918,arvet
0516,1996,3436,1.0,6039,arvet
0517,1996,3437,1.0,6322,arvet
0519,1996,3438,1.0,3404,arvet
0520,1996,3439,1.0,4889,arvet
0521,1996,3440,1.0,4715,arvet
0522,1996,3441,1.0,6262,arvet
0528,1996,3442,1.0,14172,arvet
0529,1996,3443,1.0,13029,arvet
0532,1996,3236,1.0,5901,arvet
0533,1996,3234,1.0,8062,arvet
0534,1996,3446,1.0,12541,arvet
0536,1996,3447,1.0,6200,arvet
0538,1996,3448,1.0,7038,arvet
0540,1996,3449,1.0,3486,arvet
0541,1996,3450,1.0,1461,arvet
0542,1996,3451,1.0,6570,arvet
0543,1996,3452,1.0,2387,arvet
0544,1996,3453,1.0,3094,arvet
0545,1996,3454,1.0,1689,arvet
0602,1996,3301,1.0,52888,arvet
0604,1996,3303,1.0,21704,arvet
0605,1996,3305,1.0,27436,arvet
0612,1996,3310,1.0,4710,arvet
0615,1996,3320,1.0,1156,arvet
0616,1996,3322,1.0,3496,arvet
0617,1996,3324,1.0,4322,arvet
0618,1996,3326,1.0,1767,arvet
0619,1996,3328,1.0,4729,arvet
0620,1996,3330,1.0,4632,arvet
0621,1996,3332,1.0,3618,arvet
0622,1996,3318,1.0,2266,arvet
0623,1996,3316,1.0,12234,arvet
0624,1996,3314,1.0,14723,arvet
0625,1996,3301,1.0,19426,arvet
0626,1996,3312,1.0,20406,arvet
0627,1996,3203,1.0,15143,arvet
0628,1996,3203,1.0,7889,arvet
0631,1996,3334,1.0,2506,arvet
0632,1996,3336,1.0,1487,arvet
0633,1996,3338,1.0,2828,arvet
0701,1996,3901,1.0,23156,arvet
0702,1996,3903,1.0,9217,arvet
0704,1996,3905,1.0,33240,arvet
0706,1996,3907,1.0,37449,arvet
0709,1996,3909,1.0,39102,arvet
0711,1996,3301,1.0,6052,arvet
0713,1996,3903,1.0,6973,arvet
0714,1996,3903,1.0,2752,arvet
0716,1996,3905,1.0,3910,arvet
0718,1996,3905,1.0,3606,arvet
0719,1996,3907,1.0,4462,arvet
0720,1996,3907,1.0,9241,arvet
0722,1996,3911,1.0,18819,arvet
0723,1996,3911,1.0,4137,arvet
0728,1996,3909,1.0,2324,arvet
0805,1996,4001,1.0,31802,arvet
0806,1996,4003,1.0,48495,arvet
0807,1996,4005,1.0,12186,arvet
0811,1996,4010,1.0,2254,arvet
0814,1996,4012,1.0,14003,arvet
0815,1996,4014,1.0,10806,arvet
0817,1996,4016,1.0,4226,arvet
0819,1996,4018,1.0,6587,arvet
0821,1996,4020,1.0,4858,arvet
0822,1996,4020,1.0,4353,arvet
0826,1996,4026,1.0,6774,arvet
0827,1996,4024,1.0,1661,arvet
0828,1996,4022,1.0,3117,arvet
0829,1996,4028,1.0,2690,arvet
0830,1996,4030,1.0,1481,arvet
0831,1996,4032,1.0,1357,arvet
0833,1996,4034,1.0,2553,arvet
0834,1996,4036,1.0,4010,arvet
0901,1996,4201,1.0,7006,arvet
0904,1996,4202,1.0,16874,arvet
0906,1996,4203,1.0,38958,arvet
0911,1996,4211,1.0,2533,arvet
0912,1996,4212,1.0,1857,arvet
0914,1996,4213,1.0,5870,arvet
0919,1996,4214,1.0,4374,arvet
0926,1996,4215,1.0,8599,arvet
0928,1996,4216,1.0,4163,arvet
0929,1996,4217,1.0,1891,arvet
0935,1996,4218,1.0,1104,arvet
0937,1996,4219,1.0,3337,arvet
0938,1996,4220,1.0,1340,arvet
0940,1996,4221,1.0,1459,arvet
0941,1996,4222,1.0,846,arvet
1001,1996,4204,1.0,69269,arvet
1002,1996,4205,1.0,13011,arvet
1003,1996,4206,1.0,9202,arvet
1004,1996,4207,1.0,8786,arvet
1014,1996,4223,1.0,11798,arvet
1017,1996,4204,1.0,5238,arvet
1018,1996,4204,1.0,8197,arvet
1021,1996,4205,1.0,2212,arvet
1026,1996,4224,1.0,846,arvet
1027,1996,4225,1.0,1540,arvet
1029,1996,4205,1.0,4376,arvet
1032,1996,4225,1.0,6923,arvet
1034,1996,4226,1.0,1584,arvet
1037,1996,4227,1.0,5713,arvet
1046,1996,4228,1.0,1731,arvet
1101,1996,1101,1.0,12863,arvet
1102,1996,1108,1.0,49247,arvet
1103,1996,1103,1.0,104373,arvet
1106,1996,1106,1.0,29229,arvet
1111,1996,1111,1.0,3495,arvet
1112,1996,1112,1.0,3063,arvet
1114,1996,1114,1.0,2449,arvet
1119,1996,1119,1.0,13280,arvet
1120,1996,1120,1.0,12757,arvet
1121,1996,1121,1.0,12793,arvet
1122,1996,1122,1.0,8241,arvet
1124,1996,1124,1.0,17990,arvet
1127,1996,1127,1.0,8317,arvet
1129,1996,1108,1.0,1026,arvet
1130,1996,1130,1.0,9740,arvet
1133,1996,1133,1.0,2771,arvet
1134,1996,1134,1.0,4113,arvet
1135,1996,1135,1.0,5190,arvet
1141,1996,1103,1.0,2829,arvet
1142,1996,1103,1.0,2794,arvet
1144,1996,1144,1.0,532,arvet
1145,1996,1145,1.0,779,arvet
1146,1996,1146,1.0,8291,arvet
1149,1996,1149,1.0,35783,arvet
1151,1996,1151,1.0,214,arvet
1154,1996,1160,1.0,4868,arvet
1201,1996,4601,1.0,223238,arvet
1211,1996,4611,1.0,3986,arvet
1214,1996,1160,1.0,3254,arvet
1216,1996,4612,1.0,4597,arvet
1219,1996,4613,1.0,10337,arvet
1221,1996,4614,1.0,15741,arvet
1222,1996,4615,1.0,2932,arvet
1223,1996,4616,1.0,2800,arvet
1224,1996,4617,1.0,13129,arvet
1227,1996,4618,1.0,1198,arvet
1228,1996,4618,1.0,7976,arvet
1231,1996,4618,1.0,3743,arvet
1232,1996,4619,1.0,1079,arvet
1233,1996,4620,1.0,1275,arvet
1234,1996,4621,1.0,1062,arvet
1235,1996,4621,1.0,13831,arvet
1238,1996,4622,1.0,8608,arvet
1241,1996,4624,1.0,3619,arvet
1242,1996,4623,1.0,2354,arvet
1243,1996,4624,1.0,13294,arvet
1244,1996,4625,1.0,4289,arvet
1245,1996,4626,1.0,5119,arvet
1246,1996,4626,1.0,16776,arvet
1247,1996,4627,1.0,18860,arvet
1251,1996,4628,1.0,4306,arvet
1252,1996,4629,1.0,343,arvet
1253,1996,4630,1.0,7018,arvet
1256,1996,4631,1.0,4964,arvet
1259,1996,4626,1.0,3489,arvet
1260,1996,4631,1.0,4544,arvet
1263,1996,4631,1.0,12381,arvet
1264,1996,4632,1.0,2588,arvet
1265,1996,4633,1.0,689,arvet
1266,1996,4634,1.0,1828,arvet
1401,1996,4602,1.0,10844,arvet
1411,1996,4635,1.0,2503,arvet
1412,1996,4636,1.0,1060,arvet
1413,1996,4637,1.0,1677,arvet
1416,1996,4638,1.0,4822,arvet
1417,1996,4639,1.0,3072,arvet
1418,1996,4640,1.0,1830,arvet
1419,1996,4640,1.0,2249,arvet
1420,1996,4640,1.0,6271,arvet
1421,1996,4641,1.0,1901,arvet
1422,1996,4642,1.0,2261,arvet
1424,1996,4643,1.0,5870,arvet
1426,1996,4644,1.0,5104,arvet
1428,1996,4645,1.0,3465,arvet
1429,1996,4646,1.0,3006,arvet
1430,1996,4647,1.0,2902,arvet
1431,1996,4647,1.0,2960,arvet
1432,1996,4647,1.0,9737,arvet
1433,1996,4647,1.0,2692,arvet
1438,1996,4648,1.0,4264,arvet
1439,1996,4602,1.0,6500,arvet
1441,1996,4649,1.0,3160,arvet
1443,1996,4649,1.0,5836,arvet
1444,1996,1577,1.0,1219,arvet
1445,1996,4650,1.0,5906,arvet
1449,1996,4651,1.0,6627,arvet
1502,1996,1506,1.0,23199,arvet
1503,1996,1505,1.0,17038,arvet
1504,1996,1508,1.0,37146,arvet
1511,1996,1511,1.0,3736,arvet
1514,1996,1514,1.0,3190,arvet
1515,1996,1515,1.0,8296,arvet
1516,1996,1516,1.0,6201,arvet
1517,1996,1517,1.0,4666,arvet
1519,1996,1577,1.0,8272,arvet
1520,1996,1520,1.0,10372,arvet
1523,1996,1508,1.0,2050,arvet
1524,1996,1578,1.0,2028,arvet
1525,1996,1525,1.0,4585,arvet
1526,1996,1578,1.0,1064,arvet
1528,1996,1528,1.0,7083,arvet
1529,1996,1508,1.0,3428,arvet
1531,1996,1531,1.0,6802,arvet
1532,1996,1532,1.0,6183,arvet
1534,1996,1580,1.0,8608,arvet
1535,1996,1535,1.0,6470,arvet
1539,1996,1539,1.0,7719,arvet
1543,1996,1506,1.0,3281,arvet
1545,1996,1506,1.0,2041,arvet
1546,1996,1508,1.0,1390,arvet
1547,1996,1547,1.0,2978,arvet
1548,1996,1579,1.0,9048,arvet
1551,1996,1579,1.0,3037,arvet
1554,1996,1554,1.0,5584,arvet
1556,1996,1505,1.0,5088,arvet
1557,1996,1557,1.0,2781,arvet
1560,1996,1560,1.0,3181,arvet
1563,1996,1563,1.0,7419,arvet
1566,1996,1566,1.0,6392,arvet
1567,1996,5061,1.0,2194,arvet
1569,1996,1576,1.0,2789,arvet
1571,1996,5055,1.0,1989,arvet
1572,1996,1576,1.0,1115,arvet
1573,1996,1573,1.0,2589,arvet
1601,1996,5001,1.0,143829,arvet
1612,1996,5055,1.0,4300,arvet
1613,1996,5055,0.153333,1123,"delt, anslått fra befolkningsendring 2019→2020"
1613,1996,5056,0.339048,1123,"delt, anslått fra befolkningsendring 2019→2020"
1613,1996,5059,0.507619,1123,"delt, anslått fra befolkningsendring 2019→2020"
1617,1996,5056,1.0,4120,arvet
1620,1996,5014,1.0,4069,arvet
1621,1996,5057,1.0,4998,arvet
1622,1996,5059,1.0,1817,arvet
1624,1996,5054,1.0,6427,arvet
1627,1996,5057,1.0,4867,arvet
1630,1996,5058,1.0,3516,arvet
1632,1996,5058,1.0,1155,arvet
1633,1996,5020,1.0,1224,arvet
1634,1996,5021,1.0,6299,arvet
1635,1996,5022,1.0,2815,arvet
1636,1996,5059,1.0,4071,arvet
1638,1996,5059,1.0,10144,arvet
1640,1996,5025,1.0,5385,arvet
1644,1996,5026,1.0,2329,arvet
1648,1996,5027,1.0,5913,arvet
1653,1996,5028,1.0,12810,arvet
1657,1996,5029,1.0,5777,arvet
1662,1996,5001,1.0,4662,arvet
1663,1996,5031,1.0,10513,arvet
1664,1996,5032,1.0,4060,arvet
1665,1996,5033,1.0,973,arvet
1702,1996,5006,1.0,20543,arvet
1703,1996,5007,1.0,12213,arvet
1711,1996,5034,1.0,2663,arvet
1714,1996,5035,1.0,17631,arvet
1717,1996,5036,1.0,2457,arvet
1718,1996,5054,1.0,3503,arvet
1719,1996,5037,1.0,17310,arvet
1721,1996,5038,1.0,13747,arvet
1723,1996,5053,1.0,927,arvet
1724,1996,5006,1.0,2924,arvet
1725,1996,5007,1.0,1906,arvet
1729,1996,5053,1.0,5789,arvet
1736,1996,5041,1.0,2453,arvet
1738,1996,5042,1.0,1610,arvet
1739,1996,5043,1.0,715,arvet
1740,1996,5044,1.0,1062,arvet
1742,1996,5045,1.0,2567,arvet
1743,1996,5046,1.0,1363,arvet
1744,1996,5047,1.0,3759,arvet
1748,1996,5007,1.0,831,arvet
1749,1996,5049,1.0,1331,arvet
1750,1996,5060,1.0,3784,arvet
1751,1996,5060,1.0,5447,arvet
1755,1996,5052,1.0,790,arvet
1804,1996,1804,1.0,39669,arvet
1805,1996,1806,1.0,18739,arvet
1811,1996,1811,1.0,2022,arvet
1812,1996,1812,1.0,2146,arvet
1813,1996,1813,1.0,7132,arvet
1815,1996,1815,1.0,1449,arvet
1816,1996,1816,1.0,644,arvet
1818,1996,1818,1.0,1927,arvet
1820,1996,1820,1.0,7446,arvet
1822,1996,1822,1.0,2372,arvet
1824,1996,1824,1.0,13699,arvet
1825,1996,1825,1.0,1657,arvet
1826,1996,1826,1.0,1664,arvet
1827,1996,1827,1.0,1693,arvet
1828,1996,1828,1.0,1833,arvet
1832,1996,1832,1.0,4787,arvet
1833,1996,1833,1.0,25236,arvet
1834,1996,1834,1.0,2191,arvet
1835,1996,1835,1.0,497,arvet
1836,1996,1836,1.0,1677,arvet
1837,1996,1837,1.0,6934,arvet
1838,1996,1838,1.0,2494,arvet
1839,1996,1839,1.0,1437,arvet
1840,1996,1840,1.0,5082,arvet
1841,1996,1841,1.0,9925,arvet
1842,1996,1804,1.0,1159,arvet
1845,1996,1845,1.0,2573,arvet
1848,1996,1848,1.0,3136,arvet
1849,1996,1875,1.0,2218,arvet
1850,1996,1806,0.422336,2422,"delt, anslått fra befolkningsendring 2019→2020"
1850,1996,1875,0.577664,2422,"delt, anslått fra befolkningsendring 2019→2020"
1851,1996,1851,1.0,2654,arvet
1852,1996,5512,1.0,1586,arvet
1853,1996,1853,1.0,1583,arvet
1854,1996,1806,1.0,2924,arvet
1856,1996,1856,1.0,699,arvet
1857,1996,1857,1.0,833,arvet
1859,1996,1859,1.0,1639,arvet
1860,1996,1860,1.0,10801,arvet
1865,1996,1865,1.0,9381,arvet
1866,1996,1866,1.0,8547,arvet
1867,1996,1867,1.0,3491,arvet
1868,1996,1868,1.0,4796,arvet
1870,1996,1870,1.0,8855,arvet
1871,1996,1871,1.0,6088,arvet
1874,1996,1874,1.0,1410,arvet
1901,1996,5503,1.0,23009,arvet
1902,1996,5501,1.0,56646,arvet
1911,1996,5510,1.0,3381,arvet
1913,1996,5512,1.0,3259,arvet
1915,1996,5503,1.0,620,arvet
1917,1996,5514,1.0,2039,arvet
1919,1996,5516,1.0,1403,arvet
1920,1996,5518,1.0,1123,arvet
1922,1996,5520,1.0,3890,arvet
1923,1996,5522,1.0,2461,arvet
1924,1996,5524,1.0,7173,arvet
1925,1996,5526,1.0,3438,arvet
1926,1996,5528,1.0,1437,arvet
1927,1996,5530,1.0,1769,arvet
1928,1996,5530,1.0,1241,arvet
1929,1996,5530,1.0,1185,arvet
1931,1996,5530,1.0,10953,arvet
1933,1996,5532,1.0,5976,arvet
1936,1996,5534,1.0,2599,arvet
1938,1996,5536,1.0,3435,arvet
1939,1996,5538,1.0,1918,arvet
1940,1996,5540,1.0,2623,arvet
1941,1996,5542,1.0,3079,arvet
1942,1996,5544,1.0,4914,arvet
1943,1996,5546,1.0,1589,arvet
2002,1996,5634,1.0,3007,arvet
2003,1996,5607,1.0,6330,arvet
2004,1996,5603,1.0,9505,arvet
2011,1996,5612,1.0,3162,arvet
2012,1996,5601,1.0,16426,arvet
2014,1996,5614,1.0,1517,arvet
2015,1996,5616,1.0,1316,arvet
2017,1996,5603,1.0,1237,arvet
2018,1996,5618,1.0,1661,arvet
2019,1996,5620,1.0,3852,arvet
2020,1996,5622,1.0,4461,arvet
2021,1996,5610,1.0,2789,arvet
2022,1996,5624,1.0,1568,arvet
2023,1996,5626,1.0,1410,arvet
2024,1996,5630,1.0,1332,arvet
2025,1996,5628,1.0,3198,arvet
2027,1996,5636,1.0,1058,arvet
2028,1996,5632,1.0,2622,arvet
2030,1996,5605,1.0,10010,arvet
0101,1997,3101,1.0,26162,arvet
0104,1997,3103,1.0,25524,arvet
0105,1997,3105,1.0,46440,arvet
0106,1997,3107,1.0,66034,arvet
0111,1997,3110,1.0,3462,arvet
0118,1997,3124,1.0,1465,arvet
0119,1997,3122,1.0,3244,arvet
0121,1997,3226,1.0,658,arvet
0122,1997,3118,1.0,4769,arvet
0123,1997,3118,1.0,4312,arvet
0124,1997,3118,1.0,13101,arvet
0125,1997,3118,1.0,9226,arvet
0127,1997,3116,1.0,3120,arvet
0128,1997,3120,1.0,7034,arvet
0135,1997,3112,1.0,6045,arvet
0136,1997,3103,1.0,12608,arvet
0137,1997,3114,1.0,3900,arvet
0138,1997,3118,1.0,4047,arvet
0211,1997,3216,1.0,11431,arvet
0213,1997,3207,1.0,24457,arvet
0214,1997,3218,1.0,12734,arvet
0215,1997,3214,1.0,12165,arvet
0216,1997,3212,1.0,14350,arvet
0217,1997,3207,1.0,22353,arvet
0219,1997,3201,1.0,98298,arvet
0220,1997,3203,1.0,46202,arvet
0221,1997,3226,1.0,12348,arvet
0226,1997,3205,1.0,11581,arvet
0227,1997,3205,1.0,8743,arvet
0228,1997,3224,1.0,14196,arvet
0229,1997,3220,1.0,8291,arvet
0230,1997,3222,1.0,28799,arvet
0231,1997,3205,1.0,36522,arvet
0233,1997,3232,1.0,17378,arvet
0234,1997,3230,1.0,4144,arvet
0235,1997,3209,1.0,18779,arvet
0236,1997,3228,1.0,15771,arvet
0237,1997,3240,1.0,16873,arvet
0238,1997,3238,1.0,8283,arvet
0239,1997,3242,1.0,2598,arvet
0301,1997,0301,1.0,494793,arvet
0402,1997,3401,1.0,17233,arvet
0403,1997,3403,1.0,26262,arvet
0412,1997,3411,1.0,31300,arvet
0415,1997,3412,1.0,7088,arvet
0417,1997,3413,1.0,17655,arvet
0418,1997,3414,1.0,5115,arvet
0419,1997,3415,1.0,7289,arvet
0420,1997,3416,1.0,6352,arvet
0423,1997,3417,1.0,5508,arvet
0425,1997,3418,1.0,8175,arvet
0426,1997,3419,1.0,4157,arvet
0427,1997,3420,1.0,17802,arvet
0428,1997,3421,1.0,7154,arvet
0429,1997,3422,1.0,4281,arvet
0430,1997,3423,1.0,3099,arvet
0432,1997,3424,1.0,2335,arvet
0434,1997,3425,1.0,1569,arvet
0436,1997,3426,1.0,1850,arvet
0437,1997,3427,1.0,5421,arvet
0438,1997,3428,1.0,2421,arvet
0439,1997,3429,1.0,1878,arvet
0441,1997,3430,1.0,2059,arvet
0501,1997,3405,1.0,24489,arvet
0502,1997,3407,1.0,26852,arvet
0511,1997,3431,1.0,2939,arvet
0512,1997,3432,1.0,2303,arvet
0513,1997,3433,1.0,2453,arvet
0514,1997,3434,1.0,2634,arvet
0515,1997,3435,1.0,3888,arvet
0516,1997,3436,1.0,6002,arvet
0517,1997,3437,1.0,6299,arvet
0519,1997,3438,1.0,3382,arvet
0520,1997,3439,1.0,4863,arvet
0521,1997,3440,1.0,4752,arvet
0522,1997,3441,1.0,6237,arvet
0528,1997,3442,1.0,14076,arvet
0529,1997,3443,1.0,13036,arvet
0532,1997,3236,1.0,5907,arvet
0533,1997,3234,1.0,8087,arvet
0534,1997,3446,1.0,12570,arvet
0536,1997,3447,1.0,6151,arvet
0538,1997,3448,1.0,7010,arvet
0540,1997,3449,1.0,3455,arvet
0541,1997,3450,1.0,1431,arvet
0542,1997,3451,1.0,6514,arvet
0543,1997,3452,1.0,2343,arvet
0544,1997,3453,1.0,3089,arvet
0545,1997,3454,1.0,1671,arvet
0602,1997,3301,1.0,53141,arvet
0604,1997,3303,1.0,21757,arvet
0605,1997,3305,1.0,27453,arvet
0612,1997,3310,1.0,4736,arvet
0615,1997,3320,1.0,1126,arvet
0616,1997,3322,1.0,3520,arvet
0617,1997,3324,1.0,4321,arvet
0618,1997,3326,1.0,1795,arvet
0619,1997,3328,1.0,4738,arvet
0620,1997,3330,1.0,4602,arvet
0621,1997,3332,1.0,3596,arvet
0622,1997,3318,1.0,2253,arvet
0623,1997,3316,1.0,12213,arvet
0624,1997,3314,1.0,14708,arvet
0625,1997,3301,1.0,19624,arvet
0626,1997,3312,1.0,20889,arvet
0627,1997,3203,1.0,15569,arvet
0628,1997,3203,1.0,7980,arvet
0631,1997,3334,1.0,2485,arvet
0632,1997,3336,1.0,1463,arvet
0633,1997,3338,1.0,2836,arvet
0701,1997,3901,1.0,23228,arvet
0702,1997,3903,1.0,9262,arvet
0704,1997,3905,1.0,33661,arvet
0706,1997,3907,1.0,37737,arvet
0709,1997,3909,1.0,39362,arvet
0711,1997,3301,1.0,6086,arvet
0713,1997,3903,1.0,7053,arvet
0714,1997,3903,1.0,2762,arvet
0716,1997,3905,1.0,3981,arvet
0718,1997,3905,1.0,3623,arvet
0719,1997,3907,1.0,4573,arvet
0720,1997,3907,1.0,9224,arvet
0722,1997,3911,1.0,19017,arvet
0723,1997,3911,1.0,4212,arvet
0728,1997,3909,1.0,2338,arvet
0805,1997,4001,1.0,31959,arvet
0806,1997,4003,1.0,48847,arvet
0807,1997,4005,1.0,12171,arvet
0811,1997,4010,1.0,2274,arvet
0814,1997,4012,1.0,14035,arvet
0815,1997,4014,1.0,10742,arvet
0817,1997,4016,1.0,4201,arvet
0819,1997,4018,1.0,6573,arvet
0821,1997,4020,1.0,4840,arvet
0822,1997,4020,1.0,4361,arvet
0826,1997,4026,1.0,6655,arvet
0827,1997,4024,1.0,1650,arvet
0828,1997,4022,1.0,3086,arvet
0829,1997,4028,1.0,2658,arvet
0830,1997,4030,1.0,1486,arvet
0831,1997,4032,1.0,1356,arvet
0833,1997,4034,1.0,2567,arvet
0834,1997,4036,1.0,3988,arvet
0901,1997,4201,1.0,6924,arvet
0904,1997,4202,1.0,17003,arvet
0906,1997,4203,1.0,39051,arvet
0911,1997,4211,1.0,2555,arvet
0912,1997,4212,1.0,1860,arvet
0914,1997,4213,1.0,5881,arvet
0919,1997,4214,1.0,4373,arvet
0926,1997,4215,1.0,8683,arvet
0928,1997,4216,1.0,4192,arvet
0929,1997,4217,1.0,1900,arvet
0935,1997,4218,1.0,1140,arvet
0937,1997,4219,1.0,3354,arvet
0938,1997,4220,1.0,1346,arvet
0940,1997,4221,1.0,1458,arvet
0941,1997,4222,1.0,862,arvet
1001,1997,4204,1.0,70069,arvet
1002,1997,4205,1.0,13026,arvet
1003,1997,4206,1.0,9286,arvet
1004,1997,4207,1.0,8824,arvet
1014,1997,4223,1.0,11835,arvet
1017,1997,4204,1.0,5291,arvet
1018,1997,4204,1.0,8286,arvet
1021,1997,4205,1.0,2233,arvet
1026,1997,4224,1.0,849,arvet
1027,1997,4225,1.0,1551,arvet
1029,1997,4205,1.0,4357,arvet
1032,1997,4225,1.0,6995,arvet
1034,1997,4226,1.0,1568,arvet
1037,1997,4227,1.0,5657,arvet
1046,1997,4228,1.0,1753,arvet
1101,1997,1101,1.0,12904,arvet
1102,1997,1108,1.0,49940,arvet
1103,1997,1103,1.0,105626,arvet
1106,1997,1106,1.0,29385,arvet
1111,1997,1111,1.0,3484,arvet
1112,1997,1112,1.0,3091,arvet
1114,1997,1114,1.0,2449,arvet
1119,1997,1119,1.0,13356,arvet
1120,1997,1120,1.0,12950,arvet
1121,1997,1121,1.0,12893,arvet
1122,1997,1122,1.0,8360,arvet
1124,1997,1124,1.0,18182,arvet
1127,1997,1127,1.0,8445,arvet
1129,1997,1108,1.0,1034,arvet
1130,1997,1130,1.0,9792,arvet
1133,1997,1133,1.0,2762,arvet
1134,1997,1134,1.0,4106,arvet
1135,1997,1135,1.0,5166,arvet
1141,1997,1103,1.0,2838,arvet
1142,1997,1103,1.0,2860,arvet
1144,1997,1144,1.0,518,arvet
1145,1997,1145,1.0,771,arvet
1146,1997,1146,1.0,8393,arvet
1149,1997,1149,1.0,36041,arvet
1151,1997,1151,1.0,214,arvet
1154,1997,1160,1.0,4843,arvet
1201,1997,4601,1.0,224308,arvet
1211,1997,4611,1.0,3959,arvet
1214,1997,1160,1.0,3266,arvet
1216,1997,4612,1.0,4580,arvet
1219,1997,4613,1.0,10477,arvet
1221,1997,4614,1.0,15781,arvet
1222,1997,4615,1.0,2935,arvet
1223,1997,4616,1.0,2791,arvet
1224,1997,4617,1.0,13111,arvet
1227,1997,4618,1.0,1190,arvet
1228,1997,4618,1.0,7931,arvet
1231,1997,4618,1.0,3707,arvet
1232,1997,4619,1.0,1070,arvet
1233,1997,4620,1.0,1264,arvet
1234,1997,4621,1.0,1058,arvet
1235,1997,4621,1.0,13772,arvet
1238,1997,4622,1.0,8555,arvet
1241,1997,4624,1.0,3590,arvet
1242,1997,4623,1.0,2371,arvet
1243,1997,4624,1.0,13379,arvet
1244,1997,4625,1.0,4274,arvet
1245,1997,4626,1.0,5145,arvet
1246,1997,4626,1.0,17178,arvet
1247,1997,4627,1.0,19064,arvet
1251,1997,4628,1.0,4286,arvet
1252,1997,4629,1.0,345,arvet
1253,1997,4630,1.0,7009,arvet
1256,1997,4631,1.0,5051,arvet
1259,1997,4626,1.0,3513,arvet
1260,1997,4631,1.0,4549,arvet
1263,1997,4631,1.0,12401,arvet
1264,1997,4632,1.0,2602,arvet
1265,1997,4633,1.0,670,arvet
1266,1997,4634,1.0,1821,arvet
1401,1997,4602,1.0,10949,arvet
1411,1997,4635,1.0,2475,arvet
1412,1997,4636,1.0,1039,arvet
1413,1997,4637,1.0,1663,arvet
1416,1997,4638,1.0,4799,arvet
1417,1997,4639,1.0,3073,arvet
1418,1997,4640,1.0,1815,arvet
1419,1997,4640,1.0,2246,arvet
1420,1997,4640,1.0,6318,arvet
1421,1997,4641,1.0,1885,arvet
1422,1997,4642,1.0,2250,arvet
1424,1997,4643,1.0,5884,arvet
1426,1997,4644,1.0,5115,arvet
1428,1997,4645,1.0,3442,arvet
1429,1997,4646,1.0,3047,arvet
1430,1997,4647,1.0,2886,arvet
1431,1997,4647,1.0,2948,arvet
1432,1997,4647,1.0,9958,arvet
1433,1997,4647,1.0,2689,arvet
1438,1997,4648,1.0,4246,arvet
1439,1997,4602,1.0,6475,arvet
1441,1997,4649,1.0,3171,arvet
1443,1997,4649,1.0,5824,arvet
1444,1997,1577,1.0,1217,arvet
1445,1997,4650,1.0,5893,arvet
1449,1997,4651,1.0,6682,arvet
1502,1997,1506,1.0,23297,arvet
1503,1997,1505,1.0,16992,arvet
1504,1997,1508,1.0,37527,arvet
1511,1997,1511,1.0,3704,arvet
1514,1997,1514,1.0,3136,arvet
1515,1997,1515,1.0,8330,arvet
1516,1997,1516,1.0,6295,arvet
1517,1997,1517,1.0,4709,arvet
1519,1997,1577,1.0,8257,arvet
1520,1997,1520,1.0,10333,arvet
1523,1997,1508,1.0,2061,arvet
1524,1997,1578,1.0,1998,arvet
1525,1997,1525,1.0,4592,arvet
1526,1997,1578,1.0,1084,arvet
1528,1997,1528,1.0,7096,arvet
1529,1997,1508,1.0,3462,arvet
1531,1997,1531,1.0,6861,arvet
1532,1997,1532,1.0,6198,arvet
1534,1997,1580,1.0,8634,arvet
1535,1997,1535,1.0,6512,arvet
1539,1997,1539,1.0,7646,arvet
1543,1997,1506,1.0,3279,arvet
1545,1997,1506,1.0,2010,arvet
1546,1997,1508,1.0,1375,arvet
1547,1997,1547,1.0,2988,arvet
1548,1997,1579,1.0,9125,arvet
1551,1997,1579,1.0,3059,arvet
1554,1997,1554,1.0,5569,arvet
1556,1997,1505,1.0,5084,arvet
1557,1997,1557,1.0,2770,arvet
1560,1997,1560,1.0,3142,arvet
1563,1997,1563,1.0,7419,arvet
1566,1997,1566,1.0,6372,arvet
1567,1997,5061,1.0,2176,arvet
1569,1997,1576,1.0,2861,arvet
1571,1997,5055,1.0,1953,arvet
1572,1997,1576,1.0,1098,arvet
1573,1997,1573,1.0,2526,arvet
1601,1997,5001,1.0,144670,arvet
1612,1997,5055,1.0,4316,arvet
1613,1997,5055,0.153333,1119,"delt, anslått fra befolkningsendring 2019→2020"
1613,1997,5056,0.339048,1119,"delt, anslått fra befolkningsendring 2019→2020"
1613,1997,5059,0.507619,1119,"delt, anslått fra befolkningsendring 2019→2020"
1617,1997,5056,1.0,4106,arvet
1620,1997,5014,1.0,4104,arvet
1621,1997,5057,1.0,5080,arvet
1622,1997,5059,1.0,1809,arvet
1624,1997,5054,1.0,6414,arvet
1627,1997,5057,1.0,4799,arvet
1630,1997,5058,1.0,3514,arvet
1632,1997,5058,1.0,1151,arvet
1633,1997,5020,1.0,1203,arvet
1634,1997,5021,1.0,6279,arvet
1635,1997,5022,1.0,2774,arvet
1636,1997,5059,1.0,4073,arvet
1638,1997,5059,1.0,10144,arvet
1640,1997,5025,1.0,5476,arvet
1644,1997,5026,1.0,2288,arvet
1648,1997,5027,1.0,5820,arvet
1653,1997,5028,1.0,12932,arvet
1657,1997,5029,1.0,5783,arvet
1662,1997,5001,1.0,4721,arvet
1663,1997,5031,1.0,10685,arvet
1664,1997,5032,1.0,4041,arvet
1665,1997,5033,1.0,982,arvet
1702,1997,5006,1.0,20589,arvet
1703,1997,5007,1.0,12224,arvet
1711,1997,5034,1.0,2643,arvet
1714,1997,5035,1.0,17728,arvet
1717,1997,5036,1.0,2459,arvet
1718,1997,5054,1.0,3485,arvet
1719,1997,5037,1.0,17369,arvet
1721,1997,5038,1.0,13720,arvet
1723,1997,5053,1.0,935,arvet
1724,1997,5006,1.0,2872,arvet
1725,1997,5007,1.0,1888,arvet
1729,1997,5053,1.0,5790,arvet
1736,1997,5041,1.0,2417,arvet
1738,1997,5042,1.0,1599,arvet
1739,1997,5043,1.0,678,arvet
1740,1997,5044,1.0,1046,arvet
1742,1997,5045,1.0,2562,arvet
1743,1997,5046,1.0,1365,arvet
1744,1997,5047,1.0,3713,arvet
1748,1997,5007,1.0,815,arvet
1749,1997,5049,1.0,1330,arvet
1750,1997,5060,1.0,3799,arvet
1751,1997,5060,1.0,5415,arvet
1755,1997,5052,1.0,782,arvet
1804,1997,1804,1.0,39916,arvet
1805,1997,1806,1.0,18581,arvet
1811,1997,1811,1.0,2008,arvet
1812,1997,1812,1.0,2119,arvet
1813,1997,1813,1.0,7206,arvet
1815,1997,1815,1.0,1448,arvet
1816,1997,1816,1.0,624,arvet
1818,1997,1818,1.0,1934,arvet
1820,1997,1820,1.0,7418,arvet
1822,1997,1822,1.0,2349,arvet
1824,1997,1824,1.0,13635,arvet
1825,1997,1825,1.0,1654,arvet
1826,1997,1826,1.0,1640,arvet
1827,1997,1827,1.0,1678,arvet
1828,1997,1828,1.0,1836,arvet
1832,1997,1832,1.0,4733,arvet
1833,1997,1833,1.0,25261,arvet
1834,1997,1834,1.0,2189,arvet
1835,1997,1835,1.0,520,arvet
1836,1997,1836,1.0,1651,arvet
1837,1997,1837,1.0,6931,arvet
1838,1997,1838,1.0,2458,arvet
1839,1997,1839,1.0,1410,arvet
1840,1997,1840,1.0,5067,arvet
1841,1997,1841,1.0,9769,arvet
1842,1997,1804,1.0,1134,arvet
1845,1997,1845,1.0,2536,arvet
1848,1997,1848,1.0,3091,arvet
1849,1997,1875,1.0,2156,arvet
1850,1997,1806,0.422336,2402,"delt, anslått fra befolkningsendring 2019→2020"
1850,1997,1875,0.577664,2402,"delt, anslått fra befolkningsendring 2019→2020"
1851,1997,1851,1.0,2576,arvet
1852,1997,5512,1.0,1574,arvet
1853,1997,1853,1.0,1543,arvet
1854,1997,1806,1.0,2915,arvet
1856,1997,1856,1.0,695,arvet
1857,1997,1857,1.0,837,arvet
1859,1997,1859,1.0,1628,arvet
1860,1997,1860,1.0,10744,arvet
1865,1997,1865,1.0,9362,arvet
1866,1997,1866,1.0,8540,arvet
1867,1997,1867,1.0,3463,arvet
1868,1997,1868,1.0,4796,arvet
1870,1997,1870,1.0,8862,arvet
1871,1997,1871,1.0,5968,arvet
1874,1997,1874,1.0,1398,arvet
1901,1997,5503,1.0,23013,arvet
1902,1997,5501,1.0,57384,arvet
1911,1997,5510,1.0,3377,arvet
1913,1997,5512,1.0,3206,arvet
1915,1997,5503,1.0,605,arvet
1917,1997,5514,1.0,1956,arvet
1919,1997,5516,1.0,1380,arvet
1920,1997,5518,1.0,1090,arvet
1922,1997,5520,1.0,3879,arvet
1923,1997,5522,1.0,2450,arvet
1924,1997,5524,1.0,7170,arvet
1925,1997,5526,1.0,3391,arvet
1926,1997,5528,1.0,1427,arvet
1927,1997,5530,1.0,1758,arvet
1928,1997,5530,1.0,1231,arvet
1929,1997,5530,1.0,1133,arvet
1931,1997,5530,1.0,11051,arvet
1933,1997,5532,1.0,5910,arvet
1936,1997,5534,1.0,2553,arvet
1938,1997,5536,1.0,3395,arvet
1939,1997,5538,1.0,1912,arvet
1940,1997,5540,1.0,2536,arvet
1941,1997,5542,1.0,3030,arvet
1942,1997,5544,1.0,4855,arvet
1943,1997,5546,1.0,1550,arvet
2002,1997,5634,1.0,2983,arvet
2003,1997,5607,1.0,6234,arvet
2004,1997,5603,1.0,9360,arvet
2011,1997,5612,1.0,3176,arvet
2012,1997,5601,1.0,16417,arvet
2014,1997,5614,1.0,1486,arvet
2015,1997,5616,1.0,1265,arvet
2017,1997,5603,1.0,1192,arvet
2018,1997,5618,1.0,1611,arvet
2019,1997,5620,1.0,3771,arvet
2020,1997,5622,1.0,4471,arvet
2021,1997,5610,1.0,2867,arvet
2022,1997,5624,1.0,1576,arvet
2023,1997,5626,1.0,1326,arvet
2024,1997,5630,1.0,1264,arvet
2025,1997,5628,1.0,3142,arvet
2027,1997,5636,1.0,1041,arvet
2028,1997,5632,1.0,2550,arvet
2030,1997,5605,1.0,9843,arvet
0101,1998,3101,1.0,26417,arvet
0104,1998,3103,1.0,25860,arvet
0105,1998,3105,1.0,46692,arvet
0106,1998,3107,1.0,66746,arvet
0111,1998,3110,1.0,3460,arvet
0118,1998,3124,1.0,1461,arvet
0119,1998,3122,1.0,3279,arvet
0121,1998,3226,1.0,669,arvet
0122,1998,3118,1.0,4816,arvet
0123,1998,3118,1.0,4367,arvet
0124,1998,3118,1.0,13261,arvet
0125,1998,3118,1.0,9369,arvet
0127,1998,3116,1.0,3125,arvet
0128,1998,3120,1.0,7049,arvet
0135,1998,3112,1.0,6073,arvet
0136,1998,3103,1.0,12887,arvet
0137,1998,3114,1.0,3898,arvet
0138,1998,3118,1.0,4156,arvet
0211,1998,3216,1.0,11549,arvet
0213,1998,3207,1.0,24766,arvet
0214,1998,3218,1.0,13090,arvet
0215,1998,3214,1.0,12517,arvet
0216,1998,3212,1.0,14691,arvet
0217,1998,3207,1.0,22611,arvet
0219,1998,3201,1.0,99590,arvet
0220,1998,3203,1.0,47592,arvet
0221,1998,3226,1.0,12384,arvet
0226,1998,3205,1.0,11879,arvet
0227,1998,3205,1.0,8895,arvet
0228,1998,3224,1.0,14296,arvet
0229,1998,3220,1.0,8393,arvet
0230,1998,3222,1.0,28905,arvet
0231,1998,3205,1.0,37102,arvet
0233,1998,3232,1.0,17892,arvet
0234,1998,3230,1.0,4304,arvet
0235,1998,3209,1.0,19120,arvet
0236,1998,3228,1.0,15873,arvet
0237,1998,3240,1.0,16979,arvet
0238,1998,3238,1.0,8451,arvet
0239,1998,3242,1.0,2611,arvet
0301,1998,0301,1.0,499693,arvet
0402,1998,3401,1.0,17232,arvet
0403,1998,3403,1.0,26311,arvet
0412,1998,3411,1.0,31419,arvet
0415,1998,3412,1.0,7118,arvet
0417,1998,3413,1.0,17685,arvet
0418,1998,3414,1.0,5090,arvet
0419,1998,3415,1.0,7264,arvet
0420,1998,3416,1.0,6328,arvet
0423,1998,3417,1.0,5432,arvet
0425,1998,3418,1.0,8151,arvet
0426,1998,3419,1.0,4146,arvet
0427,1998,3420,1.0,17879,arvet
0428,1998,3421,1.0,7105,arvet
0429,1998,3422,1.0,4449,arvet
0430,1998,3423,1.0,3006,arvet
0432,1998,3424,1.0,2312,arvet
0434,1998,3425,1.0,1590,arvet
0436,1998,3426,1.0,1857,arvet
0437,1998,3427,1.0,5400,arvet
0438,1998,3428,1.0,2417,arvet
0439,1998,3429,1.0,1854,arvet
0441,1998,3430,1.0,2073,arvet
0501,1998,3405,1.0,24400,arvet
0502,1998,3407,1.0,26863,arvet
0511,1998,3431,1.0,2929,arvet
0512,1998,3432,1.0,2287,arvet
0513,1998,3433,1.0,2410,arvet
0514,1998,3434,1.0,2577,arvet
0515,1998,3435,1.0,3868,arvet
0516,1998,3436,1.0,6003,arvet
0517,1998,3437,1.0,6284,arvet
0519,1998,3438,1.0,3355,arvet
0520,1998,3439,1.0,4840,arvet
0521,1998,3440,1.0,4866,arvet
0522,1998,3441,1.0,6223,arvet
0528,1998,3442,1.0,14040,arvet
0529,1998,3443,1.0,13040,arvet
0532,1998,3236,1.0,5983,arvet
0533,1998,3234,1.0,8148,arvet
0534,1998,3446,1.0,12635,arvet
0536,1998,3447,1.0,6069,arvet
0538,1998,3448,1.0,6952,arvet
0540,1998,3449,1.0,3443,arvet
0541,1998,3450,1.0,1410,arvet
0542,1998,3451,1.0,6504,arvet
0543,1998,3452,1.0,2314,arvet
0544,1998,3453,1.0,3073,arvet
0545,1998,3454,1.0,1646,arvet
0602,1998,3301,1.0,53680,arvet
0604,1998,3303,1.0,21884,arvet
0605,1998,3305,1.0,27664,arvet
0612,1998,3310,1.0,4787,arvet
0615,1998,3320,1.0,1116,arvet
0616,1998,3322,1.0,3479,arvet
0617,1998,3324,1.0,4353,arvet
0618,1998,3326,1.0,1824,arvet
0619,1998,3328,1.0,4679,arvet
0620,1998,3330,1.0,4622,arvet
0621,1998,3332,1.0,3581,arvet
0622,1998,3318,1.0,2240,arvet
0623,1998,3316,1.0,12262,arvet
0624,1998,3314,1.0,14918,arvet
0625,1998,3301,1.0,19945,arvet
0626,1998,3312,1.0,21176,arvet
0627,1998,3203,1.0,15867,arvet
0628,1998,3203,1.0,8102,arvet
0631,1998,3334,1.0,2501,arvet
0632,1998,3336,1.0,1468,arvet
0633,1998,3338,1.0,2819,arvet
0701,1998,3901,1.0,23479,arvet
0702,1998,3903,1.0,9329,arvet
0704,1998,3905,1.0,34045,arvet
0706,1998,3907,1.0,38342,arvet
0709,1998,3909,1.0,39759,arvet
0711,1998,3301,1.0,6152,arvet
0713,1998,3903,1.0,7153,arvet
0714,1998,3903,1.0,2755,arvet
0716,1998,3905,1.0,4084,arvet
0718,1998,3905,1.0,3684,arvet
0719,1998,3907,1.0,4593,arvet
0720,1998,3907,1.0,9325,arvet
0722,1998,3911,1.0,19318,arvet
0723,1998,3911,1.0,4350,arvet
0728,1998,3909,1.0,2319,arvet
0805,1998,4001,1.0,32371,arvet
0806,1998,4003,1.0,49035,arvet
0807,1998,4005,1.0,12149,arvet
0811,1998,4010,1.0,2270,arvet
0814,1998,4012,1.0,14070,arvet
0815,1998,4014,1.0,10738,arvet
0817,1998,4016,1.0,4149,arvet
0819,1998,4018,1.0,6561,arvet
0821,1998,4020,1.0,4871,arvet
0822,1998,4020,1.0,4375,arvet
0826,1998,4026,1.0,6565,arvet
0827,1998,4024,1.0,1686,arvet
0828,1998,4022,1.0,3037,arvet
0829,1998,4028,1.0,2664,arvet
0830,1998,4030,1.0,1463,arvet
0831,1998,4032,1.0,1347,arvet
0833,1998,4034,1.0,2574,arvet
0834,1998,4036,1.0,3932,arvet
0901,1998,4201,1.0,6940,arvet
0904,1998,4202,1.0,17359,arvet
0906,1998,4203,1.0,39144,arvet
0911,1998,4211,1.0,2561,arvet
0912,1998,4212,1.0,1851,arvet
0914,1998,4213,1.0,5929,arvet
0919,1998,4214,1.0,4473,arvet
0926,1998,4215,1.0,8729,arvet
0928,1998,4216,1.0,4200,arvet
0929,1998,4217,1.0,1876,arvet
0935,1998,4218,1.0,1115,arvet
0937,1998,4219,1.0,3327,arvet
0938,1998,4220,1.0,1328,arvet
0940,1998,4221,1.0,1453,arvet
0941,1998,4222,1.0,867,arvet
1001,1998,4204,1.0,70640,arvet
1002,1998,4205,1.0,13181,arvet
1003,1998,4206,1.0,9321,arvet
1004,1998,4207,1.0,8813,arvet
1014,1998,4223,1.0,11951,arvet
1017,1998,4204,1.0,5290,arvet
1018,1998,4204,1.0,8513,arvet
1021,1998,4205,1.0,2211,arvet
1026,1998,4224,1.0,864,arvet
1027,1998,4225,1.0,1543,arvet
1029,1998,4205,1.0,4353,arvet
1032,1998,4225,1.0,6951,arvet
1034,1998,4226,1.0,1572,arvet
1037,1998,4227,1.0,5613,arvet
1046,1998,4228,1.0,1737,arvet
1101,1998,1101,1.0,13045,arvet
1102,1998,1108,1.0,50862,arvet
1103,1998,1103,1.0,106858,arvet
1106,1998,1106,1.0,29699,arvet
1111,1998,1111,1.0,3424,arvet
1112,1998,1112,1.0,3084,arvet
1114,1998,1114,1.0,2437,arvet
1119,1998,1119,1.0,13498,arvet
1120,1998,1120,1.0,13240,arvet
1121,1998,1121,1.0,12973,arvet
1122,1998,1122,1.0,8534,arvet
1124,1998,1124,1.0,18371,arvet
1127,1998,1127,1.0,8605,arvet
1129,1998,1108,1.0,1001,arvet
1130,1998,1130,1.0,9837,arvet
1133,1998,1133,1.0,2748,arvet
1134,1998,1134,1.0,4082,arvet
1135,1998,1135,1.0,5155,arvet
1141,1998,1103,1.0,2848,arvet
1142,1998,1103,1.0,2918,arvet
1144,1998,1144,1.0,523,arvet
1145,1998,1145,1.0,773,arvet
1146,1998,1146,1.0,8506,arvet
1149,1998,1149,1.0,36260,arvet
1151,1998,1151,1.0,228,arvet
1154,1998,1160,1.0,4832,arvet
1201,1998,4601,1.0,225439,arvet
1211,1998,4611,1.0,3938,arvet
1214,1998,1160,1.0,3293,arvet
1216,1998,4612,1.0,4557,arvet
1219,1998,4613,1.0,10553,arvet
1221,1998,4614,1.0,15827,arvet
1222,1998,4615,1.0,2952,arvet
1223,1998,4616,1.0,2821,arvet
1224,1998,4617,1.0,13155,arvet
1227,1998,4618,1.0,1185,arvet
1228,1998,4618,1.0,7886,arvet
1231,1998,4618,1.0,3680,arvet
1232,1998,4619,1.0,1041,arvet
1233,1998,4620,1.0,1232,arvet
1234,1998,4621,1.0,1041,arvet
1235,1998,4621,1.0,13735,arvet
1238,1998,4622,1.0,8556,arvet
1241,1998,4624,1.0,3609,arvet
1242,1998,4623,1.0,2318,arvet
1243,1998,4624,1.0,13572,arvet
1244,1998,4625,1.0,4305,arvet
1245,1998,4626,1.0,5111,arvet
1246,1998,4626,1.0,17469,arvet
1247,1998,4627,1.0,19215,arvet
1251,1998,4628,1.0,4262,arvet
1252,1998,4629,1.0,342,arvet
1253,1998,4630,1.0,7021,arvet
1256,1998,4631,1.0,5167,arvet
1259,1998,4626,1.0,3560,arvet
1260,1998,4631,1.0,4572,arvet
1263,1998,4631,1.0,12410,arvet
1264,1998,4632,1.0,2542,arvet
1265,1998,4633,1.0,672,arvet
1266,1998,4634,1.0,1785,arvet
1401,1998,4602,1.0,11050,arvet
1411,1998,4635,1.0,2501,arvet
1412,1998,4636,1.0,1024,arvet
1413,1998,4637,1.0,1631,arvet
1416,1998,4638,1.0,4778,arvet
1417,1998,4639,1.0,3023,arvet
1418,1998,4640,1.0,1818,arvet
1419,1998,4640,1.0,2216,arvet
1420,1998,4640,1.0,6311,arvet
1421,1998,4641,1.0,1822,arvet
1422,1998,4642,1.0,2224,arvet
1424,1998,4643,1.0,5815,arvet
1426,1998,4644,1.0,5095,arvet
1428,1998,4645,1.0,3424,arvet
1429,1998,4646,1.0,3032,arvet
1430,1998,4647,1.0,2894,arvet
1431,1998,4647,1.0,2939,arvet
1432,1998,4647,1.0,10155,arvet
1433,1998,4647,1.0,2680,arvet
1438,1998,4648,1.0,4192,arvet
1439,1998,4602,1.0,6476,arvet
1441,1998,4649,1.0,3169,arvet
1443,1998,4649,1.0,5804,arvet
1444,1998,1577,1.0,1206,arvet
1445,1998,4650,1.0,5826,arvet
1449,1998,4651,1.0,6685,arvet
1502,1998,1506,1.0,23381,arvet
1503,1998,1505,1.0,16899,arvet
1504,1998,1508,1.0,37901,arvet
1511,1998,1511,1.0,3637,arvet
1514,1998,1514,1.0,3108,arvet
1515,1998,1515,1.0,8315,arvet
1516,1998,1516,1.0,6385,arvet
1517,1998,1517,1.0,4721,arvet
1519,1998,1577,1.0,8244,arvet
1520,1998,1520,1.0,10374,arvet
1523,1998,1508,1.0,2065,arvet
1524,1998,1578,1.0,1989,arvet
1525,1998,1525,1.0,4640,arvet
1526,1998,1578,1.0,1092,arvet
1528,1998,1528,1.0,7160,arvet
1529,1998,1508,1.0,3505,arvet
1531,1998,1531,1.0,6938,arvet
1532,1998,1532,1.0,6271,arvet
1534,1998,1580,1.0,8734,arvet
1535,1998,1535,1.0,6490,arvet
1539,1998,1539,1.0,7615,arvet
1543,1998,1506,1.0,3267,arvet
1545,1998,1506,1.0,2009,arvet
1546,1998,1508,1.0,1359,arvet
1547,1998,1547,1.0,2983,arvet
1548,1998,1579,1.0,9105,arvet
1551,1998,1579,1.0,3096,arvet
1554,1998,1554,1.0,5520,arvet
1556,1998,1505,1.0,5119,arvet
1557,1998,1557,1.0,2732,arvet
1560,1998,1560,1.0,3094,arvet
1563,1998,1563,1.0,7378,arvet
1566,1998,1566,1.0,6319,arvet
1567,1998,5061,1.0,2193,arvet
1569,1998,1576,1.0,2862,arvet
1571,1998,5055,1.0,1903,arvet
1572,1998,1576,1.0,1082,arvet
1573,1998,1573,1.0,2487,arvet
1601,1998,5001,1.0,145778,arvet
1612,1998,5055,1.0,4325,arvet
1613,1998,5055,0.153333,1110,"delt, anslått fra befolkningsendring 2019→2020"
1613,1998,5056,0.339048,1110,"delt, anslått fra befolkningsendring 2019→2020"
1613,1998,5059,0.507619,1110,"delt, anslått fra befolkningsendring 2019→2020"
1617,1998,5056,1.0,4070,arvet
1620,1998,5014,1.0,4090,arvet
1621,1998,5057,1.0,5048,arvet
1622,1998,5059,1.0,1807,arvet
1624,1998,5054,1.0,6431,arvet
1627,1998,5057,1.0,4735,arvet
1630,1998,5058,1.0,3460,arvet
1632,1998,5058,1.0,1153,arvet
1633,1998,5020,1.0,1184,arvet
1634,1998,5021,1.0,6244,arvet
1635,1998,5022,1.0,2753,arvet
1636,1998,5059,1.0,4030,arvet
1638,1998,5059,1.0,10119,arvet
1640,1998,5025,1.0,5470,arvet
1644,1998,5026,1.0,2256,arvet
1648,1998,5027,1.0,5761,arvet
1653,1998,5028,1.0,13045,arvet
1657,1998,5029,1.0,5793,arvet
1662,1998,5001,1.0,4800,arvet
1663,1998,5031,1.0,10766,arvet
1664,1998,5032,1.0,3977,arvet
1665,1998,5033,1.0,972,arvet
1702,1998,5006,1.0,20382,arvet
1703,1998,5007,1.0,12227,arvet
1711,1998,5034,1.0,2563,arvet
1714,1998,5035,1.0,17928,arvet
1717,1998,5036,1.0,2425,arvet
1718,1998,5054,1.0,3522,arvet
1719,1998,5037,1.0,17446,arvet
1721,1998,5038,1.0,13723,arvet
1723,1998,5053,1.0,954,arvet
1724,1998,5006,1.0,2825,arvet
1725,1998,5007,1.0,1845,arvet
1729,1998,5053,1.0,5754,arvet
1736,1998,5041,1.0,2411,arvet
1738,1998,5042,1.0,1583,arvet
1739,1998,5043,1.0,656,arvet
1740,1998,5044,1.0,989,arvet
1742,1998,5045,1.0,2523,arvet
1743,1998,5046,1.0,1356,arvet
1744,1998,5047,1.0,3653,arvet
1748,1998,5007,1.0,794,arvet
1749,1998,5049,1.0,1298,arvet
1750,1998,5060,1.0,3775,arvet
1751,1998,5060,1.0,5412,arvet
1755,1998,5052,1.0,741,arvet
1804,1998,1804,1.0,40388,arvet
1805,1998,1806,1.0,18498,arvet
1811,1998,1811,1.0,1969,arvet
1812,1998,1812,1.0,2128,arvet
1813,1998,1813,1.0,7266,arvet
1815,1998,1815,1.0,1428,arvet
1816,1998,1816,1.0,618,arvet
1818,1998,1818,1.0,1921,arvet
1820,1998,1820,1.0,7448,arvet
1822,1998,1822,1.0,2268,arvet
1824,1998,1824,1.0,13585,arvet
1825,1998,1825,1.0,1682,arvet
1826,1998,1826,1.0,1635,arvet
1827,1998,1827,1.0,1635,arvet
1828,1998,1828,1.0,1897,arvet
1832,1998,1832,1.0,4703,arvet
1833,1998,1833,1.0,25193,arvet
1834,1998,1834,1.0,2141,arvet
1835,1998,1835,1.0,489,arvet
1836,1998,1836,1.0,1619,arvet
1837,1998,1837,1.0,6833,arvet
1838,1998,1838,1.0,2419,arvet
1839,1998,1839,1.0,1357,arvet
1840,1998,1840,1.0,5013,arvet
1841,1998,1841,1.0,9729,arvet
1842,1998,1804,1.0,1125,arvet
1845,1998,1845,1.0,2485,arvet
1848,1998,1848,1.0,3075,arvet
1849,1998,1875,1.0,2101,arvet
1850,1998,1806,0.422336,2372,"delt, anslått fra befolkningsendring 2019→2020"
1850,1998,1875,0.577664,2372,"delt, anslått fra befolkningsendring 2019→2020"
1851,1998,1851,1.0,2537,arvet
1852,1998,5512,1.0,1523,arvet
1853,1998,1853,1.0,1521,arvet
1854,1998,1806,1.0,2850,arvet
1856,1998,1856,1.0,667,arvet
1857,1998,1857,1.0,817,arvet
1859,1998,1859,1.0,1617,arvet
1860,1998,1860,1.0,10715,arvet
1865,1998,1865,1.0,9247,arvet
1866,1998,1866,1.0,8433,arvet
1867,1998,1867,1.0,3392,arvet
1868,1998,1868,1.0,4824,arvet
1870,1998,1870,1.0,8910,arvet
1871,1998,1871,1.0,5854,arvet
1874,1998,1874,1.0,1353,arvet
1901,1998,5503,1.0,22967,arvet
1902,1998,5501,1.0,57485,arvet
1911,1998,5510,1.0,3352,arvet
1913,1998,5512,1.0,3136,arvet
1915,1998,5503,1.0,604,arvet
1917,1998,5514,1.0,1899,arvet
1919,1998,5516,1.0,1340,arvet
1920,1998,5518,1.0,1060,arvet
1922,1998,5520,1.0,3770,arvet
1923,1998,5522,1.0,2385,arvet
1924,1998,5524,1.0,7073,arvet
1925,1998,5526,1.0,3353,arvet
1926,1998,5528,1.0,1401,arvet
1927,1998,5530,1.0,1712,arvet
1928,1998,5530,1.0,1201,arvet
1929,1998,5530,1.0,1145,arvet
1931,1998,5530,1.0,11029,arvet
1933,1998,5532,1.0,5848,arvet
1936,1998,5534,1.0,2531,arvet
1938,1998,5536,1.0,3342,arvet
1939,1998,5538,1.0,1866,arvet
1940,1998,5540,1.0,2484,arvet
1941,1998,5542,1.0,2973,arvet
1942,1998,5544,1.0,4816,arvet
1943,1998,5546,1.0,1516,arvet
2002,1998,5634,1.0,2913,arvet
2003,1998,5607,1.0,6164,arvet
2004,1998,5603,1.0,9216,arvet
2011,1998,5612,1.0,3140,arvet
2012,1998,5601,1.0,16537,arvet
2014,1998,5614,1.0,1448,arvet
2015,1998,5616,1.0,1245,arvet
2017,1998,5603,1.0,1148,arvet
2018,1998,5618,1.0,1541,arvet
2019,1998,5620,1.0,3606,arvet
2020,1998,5622,1.0,4422,arvet
2021,1998,5610,1.0,2857,arvet
2022,1998,5624,1.0,1538,arvet
2023,1998,5626,1.0,1337,arvet
2024,1998,5630,1.0,1261,arvet
2025,1998,5628,1.0,3137,arvet
2027,1998,5636,1.0,1035,arvet
2028,1998,5632,1.0,2544,arvet
2030,1998,5605,1.0,9790,arvet
0101,1999,3101,1.0,26523,arvet
0104,1999,3103,1.0,26242,arvet
0105,1999,3105,1.0,47122,arvet
0106,1999,3107,1.0,67415,arvet
0111,1999,3110,1.0,3487,arvet
0118,1999,3124,1.0,1458,arvet
0119,1999,3122,1.0,3290,arvet
0121,1999,3226,1.0,669,arvet
0122,1999,3118,1.0,4860,arvet
0123,1999,3118,1.0,4438,arvet
0124,1999,3118,1.0,13391,arvet
0125,1999,3118,1.0,9435,arvet
0127,1999,3116,1.0,3141,arvet
0128,1999,3120,1.0,7080,arvet
0135,1999,3112,1.0,6117,arvet
0136,1999,3103,1.0,13110,arvet
0137,1999,3114,1.0,3933,arvet
0138,1999,3118,1.0,4307,arvet
0211,1999,3216,1.0,11597,arvet
0213,1999,3207,1.0,25217,arvet
0214,1999,3218,1.0,13260,arvet
0215,1999,3214,1.0,12748,arvet
0216,1999,3212,1.0,15097,arvet
0217,1999,3207,1.0,22805,arvet
0219,1999,3201,1.0,100773,arvet
0220,1999,3203,1.0,48397,arvet
0221,1999,3226,1.0,12442,arvet
0226,1999,3205,1.0,11970,arvet
0227,1999,3205,1.0,9037,arvet
0228,1999,3224,1.0,14373,arvet
0229,1999,3220,1.0,8505,arvet
0230,1999,3222,1.0,29207,arvet
0231,1999,3205,1.0,38189,arvet
0233,1999,3232,1.0,18254,arvet
0234,1999,3230,1.0,4452,arvet
0235,1999,3209,1.0,19603,arvet
0236,1999,3228,1.0,16146,arvet
0237,1999,3240,1.0,17203,arvet
0238,1999,3238,1.0,8653,arvet
0239,1999,3242,1.0,2636,arvet
0301,1999,0301,1.0,502867,arvet
0402,1999,3401,1.0,17254,arvet
0403,1999,3403,1.0,26424,arvet
0412,1999,3411,1.0,31516,arvet
0415,1999,3412,1.0,7176,arvet
0417,1999,3413,1.0,17763,arvet
0418,1999,3414,1.0,5054,arvet
0419,1999,3415,1.0,7302,arvet
0420,1999,3416,1.0,6351,arvet
0423,1999,3417,1.0,5450,arvet
0425,1999,3418,1.0,8135,arvet
0426,1999,3419,1.0,4121,arvet
0427,1999,3420,1.0,17929,arvet
0428,1999,3421,1.0,7044,arvet
0429,1999,3422,1.0,4450,arvet
0430,1999,3423,1.0,2978,arvet
0432,1999,3424,1.0,2253,arvet
0434,1999,3425,1.0,1566,arvet
0436,1999,3426,1.0,1841,arvet
0437,1999,3427,1.0,5392,arvet
0438,1999,3428,1.0,2415,arvet
0439,1999,3429,1.0,1826,arvet
0441,1999,3430,1.0,2081,arvet
0501,1999,3405,1.0,24533,arvet
0502,1999,3407,1.0,26968,arvet
0511,1999,3431,1.0,2909,arvet
0512,1999,3432,1.0,2273,arvet
0513,1999,3433,1.0,2393,arvet
0514,1999,3434,1.0,2543,arvet
0515,1999,3435,1.0,3836,arvet
0516,1999,3436,1.0,5978,arvet
0517,1999,3437,1.0,6231,arvet
0519,1999,3438,1.0,3364,arvet
0520,1999,3439,1.0,4799,arvet
0521,1999,3440,1.0,4842,arvet
0522,1999,3441,1.0,6227,arvet
0528,1999,3442,1.0,14021,arvet
0529,1999,3443,1.0,13068,arvet
0532,1999,3236,1.0,6003,arvet
0533,1999,3234,1.0,8220,arvet
0534,1999,3446,1.0,12724,arvet
0536,1999,3447,1.0,6048,arvet
0538,1999,3448,1.0,6967,arvet
0540,1999,3449,1.0,3410,arvet
0541,1999,3450,1.0,1403,arvet
0542,1999,3451,1.0,6527,arvet
0543,1999,3452,1.0,2272,arvet
0544,1999,3453,1.0,3047,arvet
0545,1999,3454,1.0,1633,arvet
0602,1999,3301,1.0,54361,arvet
0604,1999,3303,1.0,22104,arvet
0605,1999,3305,1.0,27800,arvet
0612,1999,3310,1.0,4901,arvet
0615,1999,3320,1.0,1114,arvet
0616,1999,3322,1.0,3492,arvet
0617,1999,3324,1.0,4356,arvet
0618,1999,3326,1.0,1830,arvet
0619,1999,3328,1.0,4704,arvet
0620,1999,3330,1.0,4637,arvet
0621,1999,3332,1.0,3611,arvet
0622,1999,3318,1.0,2269,arvet
0623,1999,3316,1.0,12335,arvet
0624,1999,3314,1.0,14978,arvet
0625,1999,3301,1.0,20209,arvet
0626,1999,3312,1.0,21197,arvet
0627,1999,3203,1.0,16074,arvet
0628,1999,3203,1.0,8247,arvet
0631,1999,3334,1.0,2500,arvet
0632,1999,3336,1.0,1491,arvet
0633,1999,3338,1.0,2808,arvet
0701,1999,3901,1.0,23582,arvet
0702,1999,3903,1.0,9335,arvet
0704,1999,3905,1.0,34484,arvet
0706,1999,3907,1.0,38792,arvet
0709,1999,3909,1.0,40088,arvet
0711,1999,3301,1.0,6192,arvet
0713,1999,3903,1.0,7286,arvet
0714,1999,3903,1.0,2806,arvet
0716,1999,3905,1.0,4187,arvet
0718,1999,3905,1.0,3762,arvet
0719,1999,3907,1.0,4611,arvet
0720,1999,3907,1.0,9421,arvet
0722,1999,3911,1.0,19392,arvet
0723,1999,3911,1.0,4441,arvet
0728,1999,3909,1.0,2328,arvet
0805,1999,4001,1.0,32563,arvet
0806,1999,4003,1.0,49498,arvet
0807,1999,4005,1.0,12203,arvet
0811,1999,4010,1.0,2266,arvet
0814,1999,4012,1.0,14111,arvet
0815,1999,4014,1.0,10630,arvet
0817,1999,4016,1.0,4159,arvet
0819,1999,4018,1.0,6631,arvet
0821,1999,4020,1.0,4998,arvet
0822,1999,4020,1.0,4369,arvet
0826,1999,4026,1.0,6538,arvet
0827,1999,4024,1.0,1691,arvet
0828,1999,4022,1.0,2975,arvet
0829,1999,4028,1.0,2656,arvet
0830,1999,4030,1.0,1465,arvet
0831,1999,4032,1.0,1337,arvet
0833,1999,4034,1.0,2539,arvet
0834,1999,4036,1.0,3894,arvet
0901,1999,4201,1.0,6976,arvet
0904,1999,4202,1.0,17608,arvet
0906,1999,4203,1.0,39247,arvet
0911,1999,4211,1.0,2532,arvet
0912,1999,4212,1.0,1828,arvet
0914,1999,4213,1.0,5914,arvet
0919,1999,4214,1.0,4504,arvet
0926,1999,4215,1.0,8763,arvet
0928,1999,4216,1.0,4191,arvet
0929,1999,4217,1.0,1866,arvet
0935,1999,4218,1.0,1099,arvet
0937,1999,4219,1.0,3360,arvet
0938,1999,4220,1.0,1314,arvet
0940,1999,4221,1.0,1421,arvet
0941,1999,4222,1.0,864,arvet
1001,1999,4204,1.0,71498,arvet
1002,1999,4205,1.0,13286,arvet
1003,1999,4206,1.0,9451,arvet
1004,1999,4207,1.0,8826,arvet
1014,1999,4223,1.0,11993,arvet
1017,1999,4204,1.0,5342,arvet
1018,1999,4204,1.0,8709,arvet
1021,1999,4205,1.0,2206,arvet
1026,1999,4224,1.0,888,arvet
1027,1999,4225,1.0,1527,arvet
1029,1999,4205,1.0,4364,arvet
1032,1999,4225,1.0,7031,arvet
1034,1999,4226,1.0,1577,arvet
1037,1999,4227,1.0,5562,arvet
1046,1999,4228,1.0,1738,arvet
1101,1999,1101,1.0,13109,arvet
1102,1999,1108,1.0,52077,arvet
1103,1999,1103,1.0,108019,arvet
1106,1999,1106,1.0,29888,arvet
1111,1999,1111,1.0,3394,arvet
1112,1999,1112,1.0,3092,arvet
1114,1999,1114,1.0,2454,arvet
1119,1999,1119,1.0,13723,arvet
1120,1999,1120,1.0,13548,arvet
1121,1999,1121,1.0,13100,arvet
1122,1999,1122,1.0,8747,arvet
1124,1999,1124,1.0,18706,arvet
1127,1999,1127,1.0,8741,arvet
1129,1999,1108,1.0,1015,arvet
1130,1999,1130,1.0,9969,arvet
1133,1999,1133,1.0,2762,arvet
1134,1999,1134,1.0,4063,arvet
1135,1999,1135,1.0,5102,arvet
1141,1999,1103,1.0,2856,arvet
1142,1999,1103,1.0,3018,arvet
1144,1999,1144,1.0,510,arvet
1145,1999,1145,1.0,753,arvet
1146,1999,1146,1.0,8669,arvet
1149,1999,1149,1.0,36637,arvet
1151,1999,1151,1.0,246,arvet
1154,1999,1160,1.0,4861,arvet
1201,1999,4601,1.0,227276,arvet
1211,1999,4611,1.0,3948,arvet
1214,1999,1160,1.0,3302,arvet
1216,1999,4612,1.0,4581,arvet
1219,1999,4613,1.0,10694,arvet
1221,1999,4614,1.0,16071,arvet
1222,1999,4615,1.0,2962,arvet
1223,1999,4616,1.0,2805,arvet
1224,1999,4617,1.0,13206,arvet
1227,1999,4618,1.0,1171,arvet
1228,1999,4618,1.0,7734,arvet
1231,1999,4618,1.0,3596,arvet
1232,1999,4619,1.0,1016,arvet
1233,1999,4620,1.0,1231,arvet
1234,1999,4621,1.0,1041,arvet
1235,1999,4621,1.0,13685,arvet
1238,1999,4622,1.0,8565,arvet
1241,1999,4624,1.0,3639,arvet
1242,1999,4623,1.0,2322,arvet
1243,1999,4624,1.0,13758,arvet
1244,1999,4625,1.0,4378,arvet
1245,1999,4626,1.0,5109,arvet
1246,1999,4626,1.0,17803,arvet
1247,1999,4627,1.0,19465,arvet
1251,1999,4628,1.0,4208,arvet
1252,1999,4629,1.0,346,arvet
1253,1999,4630,1.0,7048,arvet
1256,1999,4631,1.0,5251,arvet
1259,1999,4626,1.0,3598,arvet
1260,1999,4631,1.0,4569,arvet
1263,1999,4631,1.0,12511,arvet
1264,1999,4632,1.0,2547,arvet
1265,1999,4633,1.0,665,arvet
1266,1999,4634,1.0,1781,arvet
1401,1999,4602,1.0,11130,arvet
1411,1999,4635,1.0,2503,arvet
1412,1999,4636,1.0,985,arvet
1413,1999,4637,1.0,1586,arvet
1416,1999,4638,1.0,4693,arvet
1417,1999,4639,1.0,2983,arvet
1418,1999,4640,1.0,1817,arvet
1419,1999,4640,1.0,2198,arvet
1420,1999,4640,1.0,6276,arvet
1421,1999,4641,1.0,1819,arvet
1422,1999,4642,1.0,2218,arvet
1424,1999,4643,1.0,5802,arvet
1426,1999,4644,1.0,5035,arvet
1428,1999,4645,1.0,3393,arvet
1429,1999,4646,1.0,2993,arvet
1430,1999,4647,1.0,2917,arvet
1431,1999,4647,1.0,2917,arvet
1432,1999,4647,1.0,10388,arvet
1433,1999,4647,1.0,2687,arvet
1438,1999,4648,1.0,4173,arvet
1439,1999,4602,1.0,6524,arvet
1441,1999,4649,1.0,3106,arvet
1443,1999,4649,1.0,5808,arvet
1444,1999,1577,1.0,1213,arvet
1445,1999,4650,1.0,5774,arvet
1449,1999,4651,1.0,6710,arvet
1502,1999,1506,1.0,23602,arvet
1503,1999,1505,1.0,16928,arvet
1504,1999,1508,1.0,38251,arvet
1511,1999,1511,1.0,3607,arvet
1514,1999,1514,1.0,3092,arvet
1515,1999,1515,1.0,8359,arvet
1516,1999,1516,1.0,6537,arvet
1517,1999,1517,1.0,4731,arvet
1519,1999,1577,1.0,8280,arvet
1520,1999,1520,1.0,10357,arvet
1523,1999,1508,1.0,2084,arvet
1524,1999,1578,1.0,1969,arvet
1525,1999,1525,1.0,4699,arvet
1526,1999,1578,1.0,1064,arvet
1528,1999,1528,1.0,7248,arvet
1529,1999,1508,1.0,3491,arvet
1531,1999,1531,1.0,7005,arvet
1532,1999,1532,1.0,6337,arvet
1534,1999,1580,1.0,8733,arvet
1535,1999,1535,1.0,6505,arvet
1539,1999,1539,1.0,7504,arvet
1543,1999,1506,1.0,3291,arvet
1545,1999,1506,1.0,1979,arvet
1546,1999,1508,1.0,1359,arvet
1547,1999,1547,1.0,2961,arvet
1548,1999,1579,1.0,9094,arvet
1551,1999,1579,1.0,3092,arvet
1554,1999,1554,1.0,5470,arvet
1556,1999,1505,1.0,5146,arvet
1557,1999,1557,1.0,2678,arvet
1560,1999,1560,1.0,3097,arvet
1563,1999,1563,1.0,7431,arvet
1566,1999,1566,1.0,6246,arvet
1567,1999,5061,1.0,2156,arvet
1569,1999,1576,1.0,2809,arvet
1571,1999,5055,1.0,1847,arvet
1572,1999,1576,1.0,1067,arvet
1573,1999,1573,1.0,2432,arvet
1601,1999,5001,1.0,147187,arvet
1612,1999,5055,1.0,4331,arvet
1613,1999,5055,0.153333,1111,"delt, anslått fra befolkningsendring 2019→2020"
1613,1999,5056,0.339048,1111,"delt, anslått fra befolkningsendring 2019→2020"
1613,1999,5059,0.507619,1111,"delt, anslått fra befolkningsendring 2019→2020"
1617,1999,5056,1.0,4069,arvet
1620,1999,5014,1.0,4119,arvet
1621,1999,5057,1.0,5046,arvet
1622,1999,5059,1.0,1794,arvet
1624,1999,5054,1.0,6447,arvet
1627,1999,5057,1.0,4689,arvet
1630,1999,5058,1.0,3412,arvet
1632,1999,5058,1.0,1147,arvet
1633,1999,5020,1.0,1206,arvet
1634,1999,5021,1.0,6248,arvet
1635,1999,5022,1.0,2736,arvet
1636,1999,5059,1.0,3998,arvet
1638,1999,5059,1.0,10164,arvet
1640,1999,5025,1.0,5524,arvet
1644,1999,5026,1.0,2263,arvet
1648,1999,5027,1.0,5776,arvet
1653,1999,5028,1.0,13047,arvet
1657,1999,5029,1.0,5822,arvet
1662,1999,5001,1.0,4845,arvet
1663,1999,5031,1.0,10937,arvet
1664,1999,5032,1.0,3965,arvet
1665,1999,5033,1.0,972,arvet
1702,1999,5006,1.0,20347,arvet
1703,1999,5007,1.0,12261,arvet
1711,1999,5034,1.0,2595,arvet
1714,1999,5035,1.0,18107,arvet
1717,1999,5036,1.0,2395,arvet
1718,1999,5054,1.0,3508,arvet
1719,1999,5037,1.0,17504,arvet
1721,1999,5038,1.0,13663,arvet
1723,1999,5053,1.0,945,arvet
1724,1999,5006,1.0,2789,arvet
1725,1999,5007,1.0,1831,arvet
1729,1999,5053,1.0,5747,arvet
1736,1999,5041,1.0,2403,arvet
1738,1999,5042,1.0,1566,arvet
1739,1999,5043,1.0,603,arvet
1740,1999,5044,1.0,982,arvet
1742,1999,5045,1.0,2497,arvet
1743,1999,5046,1.0,1351,arvet
1744,1999,5047,1.0,3672,arvet
1748,1999,5007,1.0,800,arvet
1749,1999,5049,1.0,1286,arvet
1750,1999,5060,1.0,3840,arvet
1751,1999,5060,1.0,5387,arvet
1755,1999,5052,1.0,718,arvet
1804,1999,1804,1.0,40767,arvet
1805,1999,1806,1.0,18499,arvet
1811,1999,1811,1.0,1951,arvet
1812,1999,1812,1.0,2135,arvet
1813,1999,1813,1.0,7408,arvet
1815,1999,1815,1.0,1403,arvet
1816,1999,1816,1.0,601,arvet
1818,1999,1818,1.0,1895,arvet
1820,1999,1820,1.0,7371,arvet
1822,1999,1822,1.0,2243,arvet
1824,1999,1824,1.0,13549,arvet
1825,1999,1825,1.0,1648,arvet
1826,1999,1826,1.0,1636,arvet
1827,1999,1827,1.0,1595,arvet
1828,1999,1828,1.0,1865,arvet
1832,1999,1832,1.0,4656,arvet
1833,1999,1833,1.0,25235,arvet
1834,1999,1834,1.0,2102,arvet
1835,1999,1835,1.0,484,arvet
1836,1999,1836,1.0,1589,arvet
1837,1999,1837,1.0,6763,arvet
1838,1999,1838,1.0,2374,arvet
1839,1999,1839,1.0,1312,arvet
1840,1999,1840,1.0,4942,arvet
1841,1999,1841,1.0,9613,arvet
1842,1999,1804,1.0,1111,arvet
1845,1999,1845,1.0,2431,arvet
1848,1999,1848,1.0,3022,arvet
1849,1999,1875,1.0,2037,arvet
1850,1999,1806,0.422336,2355,"delt, anslått fra befolkningsendring 2019→2020"
1850,1999,1875,0.577664,2355,"delt, anslått fra befolkningsendring 2019→2020"
1851,1999,1851,1.0,2497,arvet
1852,1999,5512,1.0,1525,arvet
1853,1999,1853,1.0,1527,arvet
1854,1999,1806,1.0,2838,arvet
1856,1999,1856,1.0,654,arvet
1857,1999,1857,1.0,810,arvet
1859,1999,1859,1.0,1586,arvet
1860,1999,1860,1.0,10695,arvet
1865,1999,1865,1.0,9180,arvet
1866,1999,1866,1.0,8342,arvet
1867,1999,1867,1.0,3332,arvet
1868,1999,1868,1.0,4755,arvet
1870,1999,1870,1.0,9094,arvet
1871,1999,1871,1.0,5765,arvet
1874,1999,1874,1.0,1355,arvet
1901,1999,5503,1.0,23034,arvet
1902,1999,5501,1.0,58121,arvet
1911,1999,5510,1.0,3314,arvet
1913,1999,5512,1.0,3140,arvet
1915,1999,5503,1.0,607,arvet
1917,1999,5514,1.0,1808,arvet
1919,1999,5516,1.0,1329,arvet
1920,1999,5518,1.0,1070,arvet
1922,1999,5520,1.0,3794,arvet
1923,1999,5522,1.0,2384,arvet
1924,1999,5524,1.0,7037,arvet
1925,1999,5526,1.0,3301,arvet
1926,1999,5528,1.0,1365,arvet
1927,1999,5530,1.0,1673,arvet
1928,1999,5530,1.0,1170,arvet
1929,1999,5530,1.0,1120,arvet
1931,1999,5530,1.0,10983,arvet
1933,1999,5532,1.0,5814,arvet
1936,1999,5534,1.0,2462,arvet
1938,1999,5536,1.0,3245,arvet
1939,1999,5538,1.0,1863,arvet
1940,1999,5540,1.0,2429,arvet
1941,1999,5542,1.0,2914,arvet
1942,1999,5544,1.0,4765,arvet
1943,1999,5546,1.0,1458,arvet
2002,1999,5634,1.0,2799,arvet
2003,1999,5607,1.0,6182,arvet
2004,1999,5603,1.0,9151,arvet
2011,1999,5612,1.0,3121,arvet
2012,1999,5601,1.0,16526,arvet
2014,1999,5614,1.0,1443,arvet
2015,1999,5616,1.0,1237,arvet
2017,1999,5603,1.0,1088,arvet
2018,1999,5618,1.0,1497,arvet
2019,1999,5620,1.0,3554,arvet
2020,1999,5622,1.0,4397,arvet
2021,1999,5610,1.0,2871,arvet
2022,1999,5624,1.0,1483,arvet
2023,1999,5626,1.0,1283,arvet
2024,1999,5630,1.0,1252,arvet
2025,1999,5628,1.0,3056,arvet
2027,1999,5636,1.0,1021,arvet
2028,1999,5632,1.0,2454,arvet
2030,1999,5605,1.0,9646,arvet
0101,2000,3101,1.0,26733,arvet
0104,2000,3103,1.0,26633,arvet
0105,2000,3105,1.0,47447,arvet
0106,2000,3107,1.0,67761,arvet
0111,2000,3110,1.0,3494,arvet
0118,2000,3124,1.0,1451,arvet
0119,2000,3122,1.0,3300,arvet
0121,2000,3226,1.0,674,arvet
0122,2000,3118,1.0,4868,arvet
0123,2000,3118,1.0,4486,arvet
0124,2000,3118,1.0,13521,arvet
0125,2000,3118,1.0,9703,arvet
0127,2000,3116,1.0,3140,arvet
0128,2000,3120,1.0,7076,arvet
0135,2000,3112,1.0,6217,arvet
0136,2000,3103,1.0,13288,arvet
0137,2000,3114,1.0,4059,arvet
0138,2000,3118,1.0,4366,arvet
0211,2000,3216,1.0,11815,arvet
0213,2000,3207,1.0,25394,arvet
0214,2000,3218,1.0,13568,arvet
0215,2000,3214,1.0,12972,arvet
0216,2000,3212,1.0,15448,arvet
0217,2000,3207,1.0,22953,arvet
0219,2000,3201,1.0,101494,arvet
0220,2000,3203,1.0,49284,arvet
0221,2000,3226,1.0,12561,arvet
0226,2000,3205,1.0,12133,arvet
0227,2000,3205,1.0,9271,arvet
0228,2000,3224,1.0,14493,arvet
0229,2000,3220,1.0,8680,arvet
0230,2000,3222,1.0,29505,arvet
0231,2000,3205,1.0,38701,arvet
0233,2000,3232,1.0,18639,arvet
0234,2000,3230,1.0,4554,arvet
0235,2000,3209,1.0,20160,arvet
0236,2000,3228,1.0,16288,arvet
0237,2000,3240,1.0,17524,arvet
0238,2000,3238,1.0,8967,arvet
0239,2000,3242,1.0,2648,arvet
0301,2000,0301,1.0,507467,arvet
0402,2000,3401,1.0,17349,arvet
0403,2000,3403,1.0,26545,arvet
0412,2000,3411,1.0,31622,arvet
0415,2000,3412,1.0,7188,arvet
0417,2000,3413,1.0,17928,arvet
0418,2000,3414,1.0,5089,arvet
0419,2000,3415,1.0,7349,arvet
0420,2000,3416,1.0,6409,arvet
0423,2000,3417,1.0,5442,arvet
0425,2000,3418,1.0,8112,arvet
0426,2000,3419,1.0,4063,arvet
0427,2000,3420,1.0,18046,arvet
0428,2000,3421,1.0,7069,arvet
0429,2000,3422,1.0,4379,arvet
0430,2000,3423,1.0,3012,arvet
0432,2000,3424,1.0,2257,arvet
0434,2000,3425,1.0,1580,arvet
0436,2000,3426,1.0,1812,arvet
0437,2000,3427,1.0,5473,arvet
0438,2000,3428,1.0,2417,arvet
0439,2000,3429,1.0,1814,arvet
0441,2000,3430,1.0,2148,arvet
0501,2000,3405,1.0,24724,arvet
0502,2000,3407,1.0,27013,arvet
0511,2000,3431,1.0,2851,arvet
0512,2000,3432,1.0,2303,arvet
0513,2000,3433,1.0,2386,arvet
0514,2000,3434,1.0,2567,arvet
0515,2000,3435,1.0,3818,arvet
0516,2000,3436,1.0,5953,arvet
0517,2000,3437,1.0,6273,arvet
0519,2000,3438,1.0,3322,arvet
0520,2000,3439,1.0,4752,arvet
0521,2000,3440,1.0,4859,arvet
0522,2000,3441,1.0,6186,arvet
0528,2000,3442,1.0,14103,arvet
0529,2000,3443,1.0,13065,arvet
0532,2000,3236,1.0,5995,arvet
0533,2000,3234,1.0,8264,arvet
0534,2000,3446,1.0,12877,arvet
0536,2000,3447,1.0,6073,arvet
0538,2000,3448,1.0,6950,arvet
0540,2000,3449,1.0,3389,arvet
0541,2000,3450,1.0,1401,arvet
0542,2000,3451,1.0,6560,arvet
0543,2000,3452,1.0,2282,arvet
0544,2000,3453,1.0,3060,arvet
0545,2000,3454,1.0,1675,arvet
0602,2000,3301,1.0,54816,arvet
0604,2000,3303,1.0,22293,arvet
0605,2000,3305,1.0,27917,arvet
0612,2000,3310,1.0,4977,arvet
0615,2000,3320,1.0,1102,arvet
0616,2000,3322,1.0,3528,arvet
0617,2000,3324,1.0,4390,arvet
0618,2000,3326,1.0,1958,arvet
0619,2000,3328,1.0,4789,arvet
0620,2000,3330,1.0,4642,arvet
0621,2000,3332,1.0,3556,arvet
0622,2000,3318,1.0,2254,arvet
0623,2000,3316,1.0,12366,arvet
0624,2000,3314,1.0,15058,arvet
0625,2000,3301,1.0,20502,arvet
0626,2000,3312,1.0,21308,arvet
0627,2000,3203,1.0,16245,arvet
0628,2000,3203,1.0,8363,arvet
0631,2000,3334,1.0,2491,arvet
0632,2000,3336,1.0,1492,arvet
0633,2000,3338,1.0,2764,arvet
0701,2000,3901,1.0,23764,arvet
0702,2000,3903,1.0,9384,arvet
0704,2000,3905,1.0,34716,arvet
0706,2000,3907,1.0,39317,arvet
0709,2000,3909,1.0,40386,arvet
0711,2000,3301,1.0,6284,arvet
0713,2000,3903,1.0,7377,arvet
0714,2000,3903,1.0,2891,arvet
0716,2000,3905,1.0,4219,arvet
0718,2000,3905,1.0,3717,arvet
0719,2000,3907,1.0,4678,arvet
0720,2000,3907,1.0,9557,arvet
0722,2000,3911,1.0,19601,arvet
0723,2000,3911,1.0,4505,arvet
0728,2000,3909,1.0,2379,arvet
0805,2000,4001,1.0,32892,arvet
0806,2000,4003,1.0,49592,arvet
0807,2000,4005,1.0,12272,arvet
0811,2000,4010,1.0,2269,arvet
0814,2000,4012,1.0,14142,arvet
0815,2000,4014,1.0,10656,arvet
0817,2000,4016,1.0,4175,arvet
0819,2000,4018,1.0,6648,arvet
0821,2000,4020,1.0,4964,arvet
0822,2000,4020,1.0,4411,arvet
0826,2000,4026,1.0,6560,arvet
0827,2000,4024,1.0,1687,arvet
0828,2000,4022,1.0,2928,arvet
0829,2000,4028,1.0,2667,arvet
0830,2000,4030,1.0,1447,arvet
0831,2000,4032,1.0,1353,arvet
0833,2000,4034,1.0,2506,arvet
0834,2000,4036,1.0,3869,arvet
0901,2000,4201,1.0,7000,arvet
0904,2000,4202,1.0,17821,arvet
0906,2000,4203,1.0,39446,arvet
0911,2000,4211,1.0,2509,arvet
0912,2000,4212,1.0,1838,arvet
0914,2000,4213,1.0,5967,arvet
0919,2000,4214,1.0,4497,arvet
0926,2000,4215,1.0,8816,arvet
0928,2000,4216,1.0,4290,arvet
0929,2000,4217,1.0,1862,arvet
0935,2000,4218,1.0,1128,arvet
0937,2000,4219,1.0,3346,arvet
0938,2000,4220,1.0,1351,arvet
0940,2000,4221,1.0,1439,arvet
0941,2000,4222,1.0,868,arvet
1001,2000,4204,1.0,72395,arvet
1002,2000,4205,1.0,13316,arvet
1003,2000,4206,1.0,9630,arvet
1004,2000,4207,1.0,8851,arvet
1014,2000,4223,1.0,12141,arvet
1017,2000,4204,1.0,5455,arvet
1018,2000,4204,1.0,8929,arvet
1021,2000,4205,1.0,2198,arvet
1026,2000,4224,1.0,878,arvet
1027,2000,4225,1.0,1530,arvet
1029,2000,4205,1.0,4395,arvet
1032,2000,4225,1.0,7064,arvet
1034,2000,4226,1.0,1621,arvet
1037,2000,4227,1.0,5554,arvet
1046,2000,4228,1.0,1734,arvet
1101,2000,1101,1.0,13288,arvet
1102,2000,1108,1.0,52998,arvet
1103,2000,1103,1.0,108818,arvet
1106,2000,1106,1.0,30362,arvet
1111,2000,1111,1.0,3358,arvet
1112,2000,1112,1.0,3096,arvet
1114,2000,1114,1.0,2456,arvet
1119,2000,1119,1.0,13921,arvet
1120,2000,1120,1.0,13789,arvet
1121,2000,1121,1.0,13317,arvet
1122,2000,1122,1.0,8911,arvet
1124,2000,1124,1.0,18915,arvet
1127,2000,1127,1.0,8773,arvet
1129,2000,1108,1.0,1018,arvet
1130,2000,1130,1.0,10122,arvet
1133,2000,1133,1.0,2756,arvet
1134,2000,1134,1.0,4043,arvet
1135,2000,1135,1.0,5081,arvet
1141,2000,1103,1.0,2865,arvet
1142,2000,1103,1.0,3111,arvet
1144,2000,1144,1.0,523,arvet
1145,2000,1145,1.0,786,arvet
1146,2000,1146,1.0,8828,arvet
1149,2000,1149,1.0,36971,arvet
1151,2000,1151,1.0,256,arvet
1154,2000,1160,1.0,4848,arvet
1201,2000,4601,1.0,229496,arvet
1211,2000,4611,1.0,3917,arvet
1214,2000,1160,1.0,3287,arvet
1216,2000,4612,1.0,4623,arvet
1219,2000,4613,1.0,10739,arvet
1221,2000,4614,1.0,16144,arvet
1222,2000,4615,1.0,2992,arvet
1223,2000,4616,1.0,2843,arvet
1224,2000,4617,1.0,13196,arvet
1227,2000,4618,1.0,1151,arvet
1228,2000,4618,1.0,7727,arvet
1231,2000,4618,1.0,3562,arvet
1232,2000,4619,1.0,1037,arvet
1233,2000,4620,1.0,1222,arvet
1234,2000,4621,1.0,1044,arvet
1235,2000,4621,1.0,13726,arvet
1238,2000,4622,1.0,8592,arvet
1241,2000,4624,1.0,3684,arvet
1242,2000,4623,1.0,2282,arvet
1243,2000,4624,1.0,13896,arvet
1244,2000,4625,1.0,4406,arvet
1245,2000,4626,1.0,5160,arvet
1246,2000,4626,1.0,18178,arvet
1247,2000,4627,1.0,19727,arvet
1251,2000,4628,1.0,4192,arvet
1252,2000,4629,1.0,354,arvet
1253,2000,4630,1.0,7006,arvet
1256,2000,4631,1.0,5353,arvet
1259,2000,4626,1.0,3623,arvet
1260,2000,4631,1.0,4585,arvet
1263,2000,4631,1.0,12492,arvet
1264,2000,4632,1.0,2527,arvet
1265,2000,4633,1.0,682,arvet
1266,2000,4634,1.0,1774,arvet
1401,2000,4602,1.0,11226,arvet
1411,2000,4635,1.0,2489,arvet
1412,2000,4636,1.0,959,arvet
1413,2000,4637,1.0,1554,arvet
1416,2000,4638,1.0,4677,arvet
1417,2000,4639,1.0,2965,arvet
1418,2000,4640,1.0,1513,arvet
1419,2000,4640,1.0,2183,arvet
1420,2000,4640,1.0,6666,arvet
1421,2000,4641,1.0,1833,arvet
1422,2000,4642,1.0,2202,arvet
1424,2000,4643,1.0,5797,arvet
1426,2000,4644,1.0,5003,arvet
1428,2000,4645,1.0,3349,arvet
1429,2000,4646,1.0,2964,arvet
1430,2000,4647,1.0,2886,arvet
1431,2000,4647,1.0,2957,arvet
1432,2000,4647,1.0,10473,arvet
1433,2000,4647,1.0,2736,arvet
1438,2000,4648,1.0,4170,arvet
1439,2000,4602,1.0,6479,arvet
1441,2000,4649,1.0,3066,arvet
1443,2000,4649,1.0,5780,arvet
1444,2000,1577,1.0,1227,arvet
1445,2000,4650,1.0,5769,arvet
1449,2000,4651,1.0,6666,arvet
1502,2000,1506,1.0,23710,arvet
1503,2000,1505,1.0,16925,arvet
1504,2000,1508,1.0,38855,arvet
1511,2000,1511,1.0,3584,arvet
1514,2000,1514,1.0,3081,arvet
1515,2000,1515,1.0,8390,arvet
1516,2000,1516,1.0,6541,arvet
1517,2000,1517,1.0,4748,arvet
1519,2000,1577,1.0,8322,arvet
1520,2000,1520,1.0,10276,arvet
1523,2000,1508,1.0,2076,arvet
1524,2000,1578,1.0,1960,arvet
1525,2000,1525,1.0,4677,arvet
1526,2000,1578,1.0,1052,arvet
1528,2000,1528,1.0,7280,arvet
1529,2000,1508,1.0,3513,arvet
1531,2000,1531,1.0,7070,arvet
1532,2000,1532,1.0,6344,arvet
1534,2000,1580,1.0,8774,arvet
1535,2000,1535,1.0,6530,arvet
1539,2000,1539,1.0,7415,arvet
1543,2000,1506,1.0,3289,arvet
1545,2000,1506,1.0,1978,arvet
1546,2000,1508,1.0,1332,arvet
1547,2000,1547,1.0,2978,arvet
1548,2000,1579,1.0,9005,arvet
1551,2000,1579,1.0,3193,arvet
1554,2000,1554,1.0,5409,arvet
1556,2000,1505,1.0,5199,arvet
1557,2000,1557,1.0,2683,arvet
1560,2000,1560,1.0,3148,arvet
1563,2000,1563,1.0,7368,arvet
1566,2000,1566,1.0,6252,arvet
1567,2000,5061,1.0,2138,arvet
1569,2000,1576,1.0,2782,arvet
1571,2000,5055,1.0,1808,arvet
1572,2000,1576,1.0,1041,arvet
1573,2000,1573,1.0,2432,arvet
1601,2000,5001,1.0,148859,arvet
1612,2000,5055,1.0,4324,arvet
1613,2000,5055,0.153333,1093,"delt, anslått fra befolkningsendring 2019→2020"
1613,2000,5056,0.339048,1093,"delt, anslått fra befolkningsendring 2019→2020"
1613,2000,5059,0.507619,1093,"delt, anslått fra befolkningsendring 2019→2020"
1617,2000,5056,1.0,4038,arvet
1620,2000,5014,1.0,4115,arvet
1621,2000,5057,1.0,5037,arvet
1622,2000,5059,1.0,1783,arvet
1624,2000,5054,1.0,6503,arvet
1627,2000,5057,1.0,4696,arvet
1630,2000,5058,1.0,3403,arvet
1632,2000,5058,1.0,1121,arvet
1633,2000,5020,1.0,1194,arvet
1634,2000,5021,1.0,6288,arvet
1635,2000,5022,1.0,2700,arvet
1636,2000,5059,1.0,3991,arvet
1638,2000,5059,1.0,10250,arvet
1640,2000,5025,1.0,5545,arvet
1644,2000,5026,1.0,2239,arvet
1648,2000,5027,1.0,5779,arvet
1653,2000,5028,1.0,13169,arvet
1657,2000,5029,1.0,5843,arvet
1662,2000,5001,1.0,4875,arvet
1663,2000,5031,1.0,11132,arvet
1664,2000,5032,1.0,3926,arvet
1665,2000,5033,1.0,949,arvet
1702,2000,5006,1.0,20459,arvet
1703,2000,5007,1.0,12325,arvet
1711,2000,5034,1.0,2637,arvet
1714,2000,5035,1.0,18238,arvet
1717,2000,5036,1.0,2430,arvet
1718,2000,5054,1.0,3512,arvet
1719,2000,5037,1.0,17501,arvet
1721,2000,5038,1.0,13644,arvet
1723,2000,5053,1.0,925,arvet
1724,2000,5006,1.0,2733,arvet
1725,2000,5007,1.0,1831,arvet
1729,2000,5053,1.0,5802,arvet
1736,2000,5041,1.0,2397,arvet
1738,2000,5042,1.0,1565,arvet
1739,2000,5043,1.0,595,arvet
1740,2000,5044,1.0,989,arvet
1742,2000,5045,1.0,2565,arvet
1743,2000,5046,1.0,1335,arvet
1744,2000,5047,1.0,3659,arvet
1748,2000,5007,1.0,794,arvet
1749,2000,5049,1.0,1238,arvet
1750,2000,5060,1.0,3867,arvet
1751,2000,5060,1.0,5353,arvet
1755,2000,5052,1.0,714,arvet
1804,2000,1804,1.0,41367,arvet
1805,2000,1806,1.0,18600,arvet
1811,2000,1811,1.0,1921,arvet
1812,2000,1812,1.0,2116,arvet
1813,2000,1813,1.0,7433,arvet
1815,2000,1815,1.0,1414,arvet
1816,2000,1816,1.0,592,arvet
1818,2000,1818,1.0,1881,arvet
1820,2000,1820,1.0,7440,arvet
1822,2000,1822,1.0,2242,arvet
1824,2000,1824,1.0,13553,arvet
1825,2000,1825,1.0,1652,arvet
1826,2000,1826,1.0,1634,arvet
1827,2000,1827,1.0,1582,arvet
1828,2000,1828,1.0,1882,arvet
1832,2000,1832,1.0,4689,arvet
1833,2000,1833,1.0,25255,arvet
1834,2000,1834,1.0,2107,arvet
1835,2000,1835,1.0,466,arvet
1836,2000,1836,1.0,1570,arvet
1837,2000,1837,1.0,6796,arvet
1838,2000,1838,1.0,2351,arvet
1839,2000,1839,1.0,1311,arvet
1840,2000,1840,1.0,4887,arvet
1841,2000,1841,1.0,9632,arvet
1842,2000,1804,1.0,1098,arvet
1845,2000,1845,1.0,2367,arvet
1848,2000,1848,1.0,2977,arvet
1849,2000,1875,1.0,2008,arvet
1850,2000,1806,0.422336,2302,"delt, anslått fra befolkningsendring 2019→2020"
1850,2000,1875,0.577664,2302,"delt, anslått fra befolkningsendring 2019→2020"
1851,2000,1851,1.0,2471,arvet
1852,2000,5512,1.0,1527,arvet
1853,2000,1853,1.0,1523,arvet
1854,2000,1806,1.0,2775,arvet
1856,2000,1856,1.0,666,arvet
1857,2000,1857,1.0,775,arvet
1859,2000,1859,1.0,1575,arvet
1860,2000,1860,1.0,10750,arvet
1865,2000,1865,1.0,9229,arvet
1866,2000,1866,1.0,8321,arvet
1867,2000,1867,1.0,3288,arvet
1868,2000,1868,1.0,4758,arvet
1870,2000,1870,1.0,9230,arvet
1871,2000,1871,1.0,5744,arvet
1874,2000,1874,1.0,1352,arvet
1901,2000,5503,1.0,23025,arvet
1902,2000,5501,1.0,59145,arvet
1911,2000,5510,1.0,3287,arvet
1913,2000,5512,1.0,3109,arvet
1915,2000,5503,1.0,602,arvet
1917,2000,5514,1.0,1763,arvet
1919,2000,5516,1.0,1345,arvet
1920,2000,5518,1.0,1052,arvet
1922,2000,5520,1.0,3889,arvet
1923,2000,5522,1.0,2346,arvet
1924,2000,5524,1.0,7054,arvet
1925,2000,5526,1.0,3294,arvet
1926,2000,5528,1.0,1337,arvet
1927,2000,5530,1.0,1695,arvet
1928,2000,5530,1.0,1166,arvet
1929,2000,5530,1.0,1111,arvet
1931,2000,5530,1.0,11039,arvet
1933,2000,5532,1.0,5749,arvet
1936,2000,5534,1.0,2496,arvet
1938,2000,5536,1.0,3225,arvet
1939,2000,5538,1.0,1872,arvet
1940,2000,5540,1.0,2369,arvet
1941,2000,5542,1.0,2934,arvet
1942,2000,5544,1.0,4821,arvet
1943,2000,5546,1.0,1435,arvet
2002,2000,5634,1.0,2705,arvet
2003,2000,5607,1.0,6130,arvet
2004,2000,5603,1.0,9213,arvet
2011,2000,5612,1.0,3068,arvet
2012,2000,5601,1.0,16837,arvet
2014,2000,5614,1.0,1426,arvet
2015,2000,5616,1.0,1200,arvet
2017,2000,5603,1.0,1106,arvet
2018,2000,5618,1.0,1477,arvet
2019,2000,5620,1.0,3517,arvet
2020,2000,5622,1.0,4451,arvet
2021,2000,5610,1.0,2901,arvet
2022,2000,5624,1.0,1463,arvet
2023,2000,5626,1.0,1288,arvet
2024,2000,5630,1.0,1236,arvet
2025,2000,5628,1.0,3074,arvet
2027,2000,5636,1.0,965,arvet
2028,2000,5632,1.0,2470,arvet
2030,2000,5605,1.0,9532,arvet
0101,2001,3101,1.0,27133,arvet
0104,2001,3103,1.0,27143,arvet
0105,2001,3105,1.0,47993,arvet
0106,2001,3107,1.0,68143,arvet
0111,2001,3110,1.0,3504,arvet
0118,2001,3124,1.0,1419,arvet
0119,2001,3122,1.0,3356,arvet
0121,2001,3226,1.0,681,arvet
0122,2001,3118,1.0,4900,arvet
0123,2001,3118,1.0,4559,arvet
0124,2001,3118,1.0,13622,arvet
0125,2001,3118,1.0,9883,arvet
0127,2001,3116,1.0,3213,arvet
0128,2001,3120,1.0,7158,arvet
0135,2001,3112,1.0,6275,arvet
0136,2001,3103,1.0,13465,arvet
0137,2001,3114,1.0,4113,arvet
0138,2001,3118,1.0,4472,arvet
0211,2001,3216,1.0,12241,arvet
0213,2001,3207,1.0,25536,arvet
0214,2001,3218,1.0,13838,arvet
0215,2001,3214,1.0,13020,arvet
0216,2001,3212,1.0,15534,arvet
0217,2001,3207,1.0,23006,arvet
0219,2001,3201,1.0,101340,arvet
0220,2001,3203,1.0,49661,arvet
0221,2001,3226,1.0,12701,arvet
0226,2001,3205,1.0,12262,arvet
0227,2001,3205,1.0,9371,arvet
0228,2001,3224,1.0,14659,arvet
0229,2001,3220,1.0,8931,arvet
0230,2001,3222,1.0,29656,arvet
0231,2001,3205,1.0,39155,arvet
0233,2001,3232,1.0,18942,arvet
0234,2001,3230,1.0,4656,arvet
0235,2001,3209,1.0,20987,arvet
0236,2001,3228,1.0,16938,arvet
0237,2001,3240,1.0,17721,arvet
0238,2001,3238,1.0,9191,arvet
0239,2001,3242,1.0,2642,arvet
0301,2001,0301,1.0,508726,arvet
0402,2001,3401,1.0,17401,arvet
0403,2001,3403,1.0,26835,arvet
0412,2001,3411,1.0,31720,arvet
0415,2001,3412,1.0,7244,arvet
0417,2001,3413,1.0,18113,arvet
0418,2001,3414,1.0,5097,arvet
0419,2001,3415,1.0,7405,arvet
0420,2001,3416,1.0,6419,arvet
0423,2001,3417,1.0,5526,arvet
0425,2001,3418,1.0,8061,arvet
0426,2001,3419,1.0,4026,arvet
0427,2001,3420,1.0,18271,arvet
0428,2001,3421,1.0,7034,arvet
0429,2001,3422,1.0,4396,arvet
0430,2001,3423,1.0,2947,arvet
0432,2001,3424,1.0,2284,arvet
0434,2001,3425,1.0,1546,arvet
0436,2001,3426,1.0,1823,arvet
0437,2001,3427,1.0,5452,arvet
0438,2001,3428,1.0,2415,arvet
0439,2001,3429,1.0,1812,arvet
0441,2001,3430,1.0,2172,arvet
0501,2001,3405,1.0,24873,arvet
0502,2001,3407,1.0,27179,arvet
0511,2001,3431,1.0,2875,arvet
0512,2001,3432,1.0,2229,arvet
0513,2001,3433,1.0,2389,arvet
0514,2001,3434,1.0,2579,arvet
0515,2001,3435,1.0,3833,arvet
0516,2001,3436,1.0,5948,arvet
0517,2001,3437,1.0,6228,arvet
0519,2001,3438,1.0,3337,arvet
0520,2001,3439,1.0,4736,arvet
0521,2001,3440,1.0,4843,arvet
0522,2001,3441,1.0,6200,arvet
0528,2001,3442,1.0,14148,arvet
0529,2001,3443,1.0,13135,arvet
0532,2001,3236,1.0,6065,arvet
0533,2001,3234,1.0,8429,arvet
0534,2001,3446,1.0,13011,arvet
0536,2001,3447,1.0,6100,arvet
0538,2001,3448,1.0,6909,arvet
0540,2001,3449,1.0,3367,arvet
0541,2001,3450,1.0,1418,arvet
0542,2001,3451,1.0,6541,arvet
0543,2001,3452,1.0,2295,arvet
0544,2001,3453,1.0,3075,arvet
0545,2001,3454,1.0,1677,arvet
0602,2001,3301,1.0,55321,arvet
0604,2001,3303,1.0,22484,arvet
0605,2001,3305,1.0,28030,arvet
0612,2001,3310,1.0,5024,arvet
0615,2001,3320,1.0,1066,arvet
0616,2001,3322,1.0,3574,arvet
0617,2001,3324,1.0,4392,arvet
0618,2001,3326,1.0,2015,arvet
0619,2001,3328,1.0,4762,arvet
0620,2001,3330,1.0,4665,arvet
0621,2001,3332,1.0,3564,arvet
0622,2001,3318,1.0,2255,arvet
0623,2001,3316,1.0,12494,arvet
0624,2001,3314,1.0,15197,arvet
0625,2001,3301,1.0,20636,arvet
0626,2001,3312,1.0,21540,arvet
0627,2001,3203,1.0,16589,arvet
0628,2001,3203,1.0,8445,arvet
0631,2001,3334,1.0,2535,arvet
0632,2001,3336,1.0,1490,arvet
0633,2001,3338,1.0,2755,arvet
0701,2001,3901,1.0,24049,arvet
0702,2001,3903,1.0,9384,arvet
0704,2001,3905,1.0,35145,arvet
0706,2001,3907,1.0,39813,arvet
0709,2001,3909,1.0,40681,arvet
0711,2001,3301,1.0,6416,arvet
0713,2001,3903,1.0,7478,arvet
0714,2001,3903,1.0,2970,arvet
0716,2001,3905,1.0,4248,arvet
0718,2001,3905,1.0,3790,eksakt
0719,2001,3907,1.0,4750,arvet
0720,2001,3907,1.0,9613,arvet
0722,2001,3911,1.0,19742,arvet
0723,2001,3911,1.0,4540,arvet
0728,2001,3909,1.0,2411,arvet
0805,2001,4001,1.0,33146,arvet
0806,2001,4003,1.0,49740,arvet
0807,2001,4005,1.0,12256,arvet
0811,2001,4010,1.0,2318,arvet
0814,2001,4012,1.0,14224,arvet
0815,2001,4014,1.0,10620,arvet
0817,2001,4016,1.0,4200,arvet
0819,2001,4018,1.0,6652,arvet
0821,2001,4020,1.0,5075,arvet
0822,2001,4020,1.0,4392,arvet
0826,2001,4026,1.0,6560,arvet
0827,2001,4024,1.0,1677,arvet
0828,2001,4022,1.0,2935,arvet
0829,2001,4028,1.0,2670,arvet
0830,2001,4030,1.0,1463,arvet
0831,2001,4032,1.0,1348,arvet
0833,2001,4034,1.0,2487,arvet
0834,2001,4036,1.0,3832,arvet
0901,2001,4201,1.0,7041,arvet
0904,2001,4202,1.0,18052,arvet
0906,2001,4203,1.0,39547,arvet
0911,2001,4211,1.0,2493,arvet
0912,2001,4212,1.0,1838,arvet
0914,2001,4213,1.0,5935,arvet
0919,2001,4214,1.0,4546,arvet
0926,2001,4215,1.0,8888,arvet
0928,2001,4216,1.0,4346,arvet
0929,2001,4217,1.0,1854,arvet
0935,2001,4218,1.0,1134,arvet
0937,2001,4219,1.0,3359,arvet
0938,2001,4220,1.0,1341,arvet
0940,2001,4221,1.0,1456,arvet
0941,2001,4222,1.0,884,arvet
1001,2001,4204,1.0,73087,arvet
1002,2001,4205,1.0,13329,arvet
1003,2001,4206,1.0,9625,arvet
1004,2001,4207,1.0,8866,arvet
1014,2001,4223,1.0,12220,arvet
1017,2001,4204,1.0,5528,arvet
1018,2001,4204,1.0,9096,arvet
1021,2001,4205,1.0,2194,arvet
1026,2001,4224,1.0,867,arvet
1027,2001,4225,1.0,1571,arvet
1029,2001,4205,1.0,4439,arvet
1032,2001,4225,1.0,7129,arvet
1034,2001,4226,1.0,1643,arvet
1037,2001,4227,1.0,5547,arvet
1046,2001,4228,1.0,1737,arvet
1101,2001,1101,1.0,13291,arvet
1102,2001,1108,1.0,53860,arvet
1103,2001,1103,1.0,108848,arvet
1106,2001,1106,1.0,30609,arvet
1111,2001,1111,1.0,3354,arvet
1112,2001,1112,1.0,3114,arvet
1114,2001,1114,1.0,2483,arvet
1119,2001,1119,1.0,14017,arvet
1120,2001,1120,1.0,13884,arvet
1121,2001,1121,1.0,13501,arvet
1122,2001,1122,1.0,8995,arvet
1124,2001,1124,1.0,19023,arvet
1127,2001,1127,1.0,8762,arvet
1129,2001,1108,1.0,1033,arvet
1130,2001,1130,1.0,10182,arvet
1133,2001,1133,1.0,2745,arvet
1134,2001,1134,1.0,4042,arvet
1135,2001,1135,1.0,5019,arvet
1141,2001,1103,1.0,2854,arvet
1142,2001,1103,1.0,3168,arvet
1144,2001,1144,1.0,529,arvet
1145,2001,1145,1.0,792,arvet
1146,2001,1146,1.0,8909,arvet
1149,2001,1149,1.0,37145,arvet
1151,2001,1151,1.0,232,arvet
1154,2001,1160,1.0,4834,arvet
1201,2001,4601,1.0,230948,arvet
1211,2001,4611,1.0,3945,arvet
1214,2001,1160,1.0,3313,eksakt
1216,2001,4612,1.0,4669,arvet
1219,2001,4613,1.0,10839,arvet
1221,2001,4614,1.0,16241,arvet
1222,2001,4615,1.0,2978,arvet
1223,2001,4616,1.0,2938,arvet
1224,2001,4617,1.0,13212,arvet
1227,2001,4618,1.0,1141,arvet
1228,2001,4618,1.0,7633,arvet
1231,2001,4618,1.0,3608,arvet
1232,2001,4619,1.0,1001,arvet
1233,2001,4620,1.0,1210,arvet
1234,2001,4621,1.0,1037,arvet
1235,2001,4621,1.0,13796,arvet
1238,2001,4622,1.0,8599,arvet
1241,2001,4624,1.0,3735,arvet
1242,2001,4623,1.0,2303,arvet
1243,2001,4624,1.0,13972,arvet
1244,2001,4625,1.0,4446,arvet
1245,2001,4626,1.0,5185,arvet
1246,2001,4626,1.0,18541,arvet
1247,2001,4627,1.0,20096,arvet
1251,2001,4628,1.0,4203,arvet
1252,2001,4629,1.0,355,arvet
1253,2001,4630,1.0,7063,arvet
1256,2001,4631,1.0,5502,arvet
1259,2001,4626,1.0,3706,arvet
1260,2001,4631,1.0,4575,arvet
1263,2001,4631,1.0,12551,arvet
1264,2001,4632,1.0,2522,arvet
1265,2001,4633,1.0,688,arvet
1266,2001,4634,1.0,1761,arvet
1401,2001,4602,1.0,11298,arvet
1411,2001,4635,1.0,2473,arvet
1412,2001,4636,1.0,937,arvet
1413,2001,4637,1.0,1558,arvet
1416,2001,4638,1.0,4653,arvet
1417,2001,4639,1.0,2943,arvet
1418,2001,4640,1.0,1530,arvet
1419,2001,4640,1.0,2188,arvet
1420,2001,4640,1.0,6647,arvet
1421,2001,4641,1.0,1827,arvet
1422,2001,4642,1.0,2201,arvet
1424,2001,4643,1.0,5760,arvet
1426,2001,4644,1.0,4954,arvet
1428,2001,4645,1.0,3379,arvet
1429,2001,4646,1.0,2936,arvet
1430,2001,4647,1.0,2857,arvet
1431,2001,4647,1.0,2968,arvet
1432,2001,4647,1.0,10647,arvet
1433,2001,4647,1.0,2728,arvet
1438,2001,4648,1.0,4139,arvet
1439,2001,4602,1.0,6417,arvet
1441,2001,4649,1.0,3064,arvet
1443,2001,4649,1.0,5800,arvet
1444,2001,1577,1.0,1218,arvet
1445,2001,4650,1.0,5694,arvet
1449,2001,4651,1.0,6774,arvet
1502,2001,1506,1.0,23773,arvet
1503,2001,1505,1.0,17132,arvet
1504,2001,1508,1.0,39189,arvet
1511,2001,1511,1.0,3532,arvet
1514,2001,1514,1.0,3038,arvet
1515,2001,1515,1.0,8359,arvet
1516,2001,1516,1.0,6615,arvet
1517,2001,1517,1.0,4763,arvet
1519,2001,1577,1.0,8322,arvet
1520,2001,1520,1.0,10259,arvet
1523,2001,1508,1.0,2099,arvet
1524,2001,1578,1.0,1954,arvet
1525,2001,1525,1.0,4656,arvet
1526,2001,1578,1.0,1070,arvet
1528,2001,1528,1.0,7383,arvet
1529,2001,1508,1.0,3533,arvet
1531,2001,1531,1.0,7073,arvet
1532,2001,1532,1.0,6395,arvet
1534,2001,1580,1.0,8792,arvet
1535,2001,1535,1.0,6486,arvet
1539,2001,1539,1.0,7422,arvet
1543,2001,1506,1.0,3259,arvet
1545,2001,1506,1.0,1976,arvet
1546,2001,1508,1.0,1318,arvet
1547,2001,1547,1.0,2968,arvet
1548,2001,1579,1.0,9040,arvet
1551,2001,1579,1.0,3224,arvet
1554,2001,1554,1.0,5428,arvet
1556,2001,1505,1.0,5187,arvet
1557,2001,1557,1.0,2656,arvet
1560,2001,1560,1.0,3128,arvet
1563,2001,1563,1.0,7426,arvet
1566,2001,1566,1.0,6248,arvet
1567,2001,5061,1.0,2119,arvet
1569,2001,1576,1.0,2731,arvet
1571,2001,5055,1.0,1794,arvet
1572,2001,1576,1.0,1056,arvet
1573,2001,1573,1.0,2407,arvet
1601,2001,5001,1.0,150166,arvet
1612,2001,5055,1.0,4358,arvet
1613,2001,5055,0.153333,1084,"delt, anslått fra befolkningsendring 2019→2020"
1613,2001,5056,0.339048,1084,"delt, anslått fra befolkningsendring 2019→2020"
1613,2001,5059,0.507619,1084,"delt, anslått fra befolkningsendring 2019→2020"
1617,2001,5056,1.0,4096,arvet
1620,2001,5014,1.0,4113,arvet
1621,2001,5057,1.0,5057,arvet
1622,2001,5059,1.0,1809,arvet
1624,2001,5054,1.0,6501,arvet
1627,2001,5057,1.0,4657,arvet
1630,2001,5058,1.0,3398,arvet
1632,2001,5058,1.0,1130,arvet
1633,2001,5020,1.0,1176,arvet
1634,2001,5021,1.0,6327,arvet
1635,2001,5022,1.0,2702,arvet
1636,2001,5059,1.0,4028,arvet
1638,2001,5059,1.0,10300,arvet
1640,2001,5025,1.0,5594,arvet
1644,2001,5026,1.0,2198,arvet
1648,2001,5027,1.0,5783,arvet
1653,2001,5028,1.0,13302,arvet
1657,2001,5029,1.0,5864,arvet
1662,2001,5001,1.0,4996,arvet
1663,2001,5031,1.0,11304,arvet
1664,2001,5032,1.0,3987,arvet
1665,2001,5033,1.0,935,arvet
1702,2001,5006,1.0,20551,arvet
1703,2001,5007,1.0,12394,arvet
1711,2001,5034,1.0,2593,arvet
1714,2001,5035,1.0,18468,arvet
1717,2001,5036,1.0,2433,arvet
1718,2001,5054,1.0,3518,arvet
1719,2001,5037,1.0,17457,arvet
1721,2001,5038,1.0,13637,arvet
1723,2001,5053,1.0,931,arvet
1724,2001,5006,1.0,2711,arvet
1725,2001,5007,1.0,1829,arvet
1729,2001,5053,1.0,5797,arvet
1736,2001,5041,1.0,2358,arvet
1738,2001,5042,1.0,1564,arvet
1739,2001,5043,1.0,586,arvet
1740,2001,5044,1.0,955,arvet
1742,2001,5045,1.0,2572,arvet
1743,2001,5046,1.0,1332,arvet
1744,2001,5047,1.0,3626,arvet
1748,2001,5007,1.0,780,arvet
1749,2001,5049,1.0,1242,arvet
1750,2001,5060,1.0,3890,arvet
1751,2001,5060,1.0,5353,arvet
1755,2001,5052,1.0,684,arvet
1804,2001,1804,1.0,41541,arvet
1805,2001,1806,1.0,18577,arvet
1811,2001,1811,1.0,1911,arvet
1812,2001,1812,1.0,2099,arvet
1813,2001,1813,1.0,7469,arvet
1815,2001,1815,1.0,1412,arvet
1816,2001,1816,1.0,576,arvet
1818,2001,1818,1.0,1874,arvet
1820,2001,1820,1.0,7404,arvet
1822,2001,1822,1.0,2219,arvet
1824,2001,1824,1.0,13501,arvet
1825,2001,1825,1.0,1611,arvet
1826,2001,1826,1.0,1632,arvet
1827,2001,1827,1.0,1595,arvet
1828,2001,1828,1.0,1913,arvet
1832,2001,1832,1.0,4663,arvet
1833,2001,1833,1.0,25278,arvet
1834,2001,1834,1.0,2116,arvet
1835,2001,1835,1.0,464,arvet
1836,2001,1836,1.0,1530,arvet
1837,2001,1837,1.0,6813,arvet
1838,2001,1838,1.0,2268,arvet
1839,2001,1839,1.0,1275,arvet
1840,2001,1840,1.0,4874,arvet
1841,2001,1841,1.0,9657,arvet
1842,2001,1804,1.0,1083,arvet
1845,2001,1845,1.0,2352,arvet
1848,2001,1848,1.0,2936,arvet
1849,2001,1875,1.0,1959,arvet
1850,2001,1806,0.422336,2267,"delt, anslått fra befolkningsendring 2019→2020"
1850,2001,1875,0.577664,2267,"delt, anslått fra befolkningsendring 2019→2020"
1851,2001,1851,1.0,2402,arvet
1852,2001,5512,1.0,1461,arvet
1853,2001,1853,1.0,1504,arvet
1854,2001,1806,1.0,2731,arvet
1856,2001,1856,1.0,652,arvet
1857,2001,1857,1.0,778,arvet
1859,2001,1859,1.0,1554,arvet
1860,2001,1860,1.0,10769,arvet
1865,2001,1865,1.0,9172,arvet
1866,2001,1866,1.0,8200,arvet
1867,2001,1867,1.0,3239,arvet
1868,2001,1868,1.0,4692,arvet
1870,2001,1870,1.0,9363,arvet
1871,2001,1871,1.0,5605,arvet
1874,2001,1874,1.0,1304,arvet
1901,2001,5503,1.0,23038,arvet
1902,2001,5501,1.0,60086,arvet
1911,2001,5510,1.0,3225,arvet
1913,2001,5512,1.0,3096,arvet
1915,2001,5503,1.0,586,arvet
1917,2001,5514,1.0,1724,arvet
1919,2001,5516,1.0,1307,arvet
1920,2001,5518,1.0,1031,arvet
1922,2001,5520,1.0,3845,arvet
1923,2001,5522,1.0,2358,arvet
1924,2001,5524,1.0,7011,arvet
1925,2001,5526,1.0,3277,arvet
1926,2001,5528,1.0,1318,arvet
1927,2001,5530,1.0,1706,arvet
1928,2001,5530,1.0,1130,arvet
1929,2001,5530,1.0,1094,arvet
1931,2001,5530,1.0,11139,arvet
1933,2001,5532,1.0,5742,arvet
1936,2001,5534,1.0,2465,arvet
1938,2001,5536,1.0,3193,arvet
1939,2001,5538,1.0,1856,arvet
1940,2001,5540,1.0,2311,arvet
1941,2001,5542,1.0,2996,arvet
1942,2001,5544,1.0,4816,arvet
1943,2001,5546,1.0,1427,arvet
2002,2001,5634,1.0,2694,arvet
2003,2001,5607,1.0,6167,arvet
2004,2001,5603,1.0,9166,arvet
2011,2001,5612,1.0,3076,arvet
2012,2001,5601,1.0,17079,arvet
2014,2001,5614,1.0,1421,arvet
2015,2001,5616,1.0,1204,arvet
2017,2001,5603,1.0,1110,arvet
2018,2001,5618,1.0,1469,arvet
2019,2001,5620,1.0,3505,arvet
2020,2001,5622,1.0,4358,arvet
2021,2001,5610,1.0,2877,arvet
2022,2001,5624,1.0,1524,arvet
2023,2001,5626,1.0,1269,arvet
2024,2001,5630,1.0,1212,arvet
2025,2001,5628,1.0,3044,arvet
2027,2001,5636,1.0,963,arvet
2028,2001,5632,1.0,2451,arvet
2030,2001,5605,1.0,9498,arvet
0101,2002,3101,1.0,27204,arvet
0104,2002,3103,1.0,27338,arvet
0105,2002,3105,1.0,48555,arvet
0106,2002,3107,1.0,68505,arvet
0111,2002,3110,1.0,3588,arvet
0118,2002,3124,1.0,1441,arvet
0119,2002,3122,1.0,3319,arvet
0121,2002,3226,1.0,657,arvet
0122,2002,3118,1.0,4952,arvet
0123,2002,3118,1.0,4670,arvet
0124,2002,3118,1.0,13673,arvet
0125,2002,3118,1.0,9919,arvet
0127,2002,3116,1.0,3258,arvet
0128,2002,3120,1.0,7159,arvet
0135,2002,3112,1.0,6388,arvet
0136,2002,3103,1.0,13539,arvet
0137,2002,3114,1.0,4126,arvet
0138,2002,3118,1.0,4455,arvet
0211,2002,3216,1.0,12515,arvet
0213,2002,3207,1.0,25763,arvet
0214,2002,3218,1.0,14037,arvet
0215,2002,3214,1.0,12962,arvet
0216,2002,3212,1.0,15777,arvet
0217,2002,3207,1.0,23152,arvet
0219,2002,3201,1.0,101497,arvet
0220,2002,3203,1.0,49990,arvet
0221,2002,3226,1.0,12997,arvet
0226,2002,3205,1.0,12386,arvet
0227,2002,3205,1.0,9327,arvet
0228,2002,3224,1.0,14631,arvet
0229,2002,3220,1.0,8965,arvet
0230,2002,3222,1.0,29834,arvet
0231,2002,3205,1.0,40034,arvet
0233,2002,3232,1.0,19185,arvet
0234,2002,3230,1.0,4778,arvet
0235,2002,3209,1.0,21942,arvet
0236,2002,3228,1.0,17458,arvet
0237,2002,3240,1.0,18035,arvet
0238,2002,3238,1.0,9436,arvet
0239,2002,3242,1.0,2624,arvet
0301,2002,0301,1.0,512589,arvet
0402,2002,3401,1.0,17366,arvet
0403,2002,3403,1.0,26952,arvet
0412,2002,3411,1.0,31701,arvet
0415,2002,3412,1.0,7292,arvet
0417,2002,3413,1.0,18030,arvet
0418,2002,3414,1.0,5065,arvet
0419,2002,3415,1.0,7501,arvet
0420,2002,3416,1.0,6429,arvet
0423,2002,3417,1.0,5412,arvet
0425,2002,3418,1.0,8024,arvet
0426,2002,3419,1.0,4020,arvet
0427,2002,3420,1.0,18527,arvet
0428,2002,3421,1.0,7049,arvet
0429,2002,3422,1.0,4398,arvet
0430,2002,3423,1.0,2921,arvet
0432,2002,3424,1.0,2217,arvet
0434,2002,3425,1.0,1516,arvet
0436,2002,3426,1.0,1808,arvet
0437,2002,3427,1.0,5428,arvet
0438,2002,3428,1.0,2409,arvet
0439,2002,3429,1.0,1753,arvet
0441,2002,3430,1.0,2147,arvet
0501,2002,3405,1.0,24796,arvet
0502,2002,3407,1.0,27093,arvet
0511,2002,3431,1.0,2897,arvet
0512,2002,3432,1.0,2213,arvet
0513,2002,3433,1.0,2389,arvet
0514,2002,3434,1.0,2519,arvet
0515,2002,3435,1.0,3813,arvet
0516,2002,3436,1.0,5886,arvet
0517,2002,3437,1.0,6162,arvet
0519,2002,3438,1.0,3323,arvet
0520,2002,3439,1.0,4692,arvet
0521,2002,3440,1.0,4924,arvet
0522,2002,3441,1.0,6192,arvet
0528,2002,3442,1.0,14167,arvet
0529,2002,3443,1.0,13169,arvet
0532,2002,3236,1.0,6227,arvet
0533,2002,3234,1.0,8455,arvet
0534,2002,3446,1.0,13038,arvet
0536,2002,3447,1.0,6096,arvet
0538,2002,3448,1.0,6892,arvet
0540,2002,3449,1.0,3352,arvet
0541,2002,3450,1.0,1431,arvet
0542,2002,3451,1.0,6538,arvet
0543,2002,3452,1.0,2269,arvet
0544,2002,3453,1.0,3061,arvet
0545,2002,3454,1.0,1641,arvet
0602,2002,3301,1.0,55862,arvet
0604,2002,3303,1.0,22657,arvet
0605,2002,3305,1.0,27912,arvet
0612,2002,3310,1.0,5117,arvet
0615,2002,3320,1.0,1065,arvet
0616,2002,3322,1.0,3479,arvet
0617,2002,3324,1.0,4415,arvet
0618,2002,3326,1.0,1921,arvet
0619,2002,3328,1.0,4730,arvet
0620,2002,3330,1.0,4578,arvet
0621,2002,3332,1.0,3544,arvet
0622,2002,3318,1.0,2233,arvet
0623,2002,3316,1.0,12541,arvet
0624,2002,3314,1.0,15161,arvet
0625,2002,3301,1.0,20931,arvet
0626,2002,3312,1.0,21536,arvet
0627,2002,3203,1.0,16749,arvet
0628,2002,3203,1.0,8599,arvet
0631,2002,3334,1.0,2532,arvet
0632,2002,3336,1.0,1477,arvet
0633,2002,3338,1.0,2754,arvet
0701,2002,3901,1.0,24302,arvet
0702,2002,3903,1.0,9426,arvet
0704,2002,3905,1.0,35326,arvet
0706,2002,3907,1.0,40079,arvet
0709,2002,3909,1.0,40795,arvet
0711,2002,3301,1.0,6445,arvet
0713,2002,3903,1.0,7524,arvet
0714,2002,3903,1.0,3033,arvet
0716,2002,3905,1.0,8172,arvet
0719,2002,3907,1.0,4823,arvet
0720,2002,3907,1.0,9815,arvet
0722,2002,3911,1.0,19797,arvet
0723,2002,3911,1.0,4533,arvet
0728,2002,3909,1.0,2386,arvet
0805,2002,4001,1.0,33122,arvet
0806,2002,4003,1.0,49936,arvet
0807,2002,4005,1.0,12340,arvet
0811,2002,4010,1.0,2328,arvet
0814,2002,4012,1.0,14159,arvet
0815,2002,4014,1.0,10610,arvet
0817,2002,4016,1.0,4196,arvet
0819,2002,4018,1.0,6646,arvet
0821,2002,4020,1.0,5163,arvet
0822,2002,4020,1.0,4356,arvet
0826,2002,4026,1.0,6490,arvet
0827,2002,4024,1.0,1636,arvet
0828,2002,4022,1.0,2935,arvet
0829,2002,4028,1.0,2672,arvet
0830,2002,4030,1.0,1441,arvet
0831,2002,4032,1.0,1333,arvet
0833,2002,4034,1.0,2497,arvet
0834,2002,4036,1.0,3850,arvet
0901,2002,4201,1.0,7027,arvet
0904,2002,4202,1.0,18307,arvet
0906,2002,4203,1.0,39554,arvet
0911,2002,4211,1.0,2486,arvet
0912,2002,4212,1.0,1831,arvet
0914,2002,4213,1.0,5957,arvet
0919,2002,4214,1.0,4630,arvet
0926,2002,4215,1.0,8930,arvet
0928,2002,4216,1.0,4315,arvet
0929,2002,4217,1.0,1853,arvet
0935,2002,4218,1.0,1113,arvet
0937,2002,4219,1.0,3337,arvet
0938,2002,4220,1.0,1314,arvet
0940,2002,4221,1.0,1439,arvet
0941,2002,4222,1.0,852,arvet
1001,2002,4204,1.0,73977,arvet
1002,2002,4205,1.0,13417,arvet
1003,2002,4206,1.0,9497,arvet
1004,2002,4207,1.0,8839,arvet
1014,2002,4223,1.0,12255,arvet
1017,2002,4204,1.0,5502,arvet
1018,2002,4204,1.0,9229,arvet
1021,2002,4205,1.0,2184,arvet
1026,2002,4224,1.0,902,arvet
1027,2002,4225,1.0,1554,arvet
1029,2002,4205,1.0,4413,arvet
1032,2002,4225,1.0,7192,arvet
1034,2002,4226,1.0,1602,arvet
1037,2002,4227,1.0,5530,arvet
1046,2002,4228,1.0,1758,arvet
1101,2002,1101,1.0,13324,arvet
1102,2002,1108,1.0,54929,arvet
1103,2002,1103,1.0,109710,arvet
1106,2002,1106,1.0,30742,arvet
1111,2002,1111,1.0,3309,arvet
1112,2002,1112,1.0,3130,arvet
1114,2002,1114,1.0,2467,arvet
1119,2002,1119,1.0,14203,arvet
1120,2002,1120,1.0,14009,arvet
1121,2002,1121,1.0,13593,arvet
1122,2002,1122,1.0,9104,arvet
1124,2002,1124,1.0,19231,arvet
1127,2002,1127,1.0,8880,arvet
1129,2002,1108,1.0,1055,arvet
1130,2002,1130,1.0,10188,arvet
1133,2002,1133,1.0,2708,arvet
1134,2002,1134,1.0,3984,arvet
1135,2002,1135,1.0,4926,arvet
1141,2002,1103,1.0,2822,arvet
1142,2002,1103,1.0,3249,arvet
1144,2002,1144,1.0,520,arvet
1145,2002,1145,1.0,765,arvet
1146,2002,1146,1.0,9036,arvet
1149,2002,1149,1.0,37093,arvet
1151,2002,1151,1.0,233,arvet
1154,2002,1160,1.0,4827,arvet
1159,2002,1160,1.0,3338,arvet
1201,2002,4601,1.0,233291,arvet
1211,2002,4611,1.0,3966,arvet
1216,2002,4612,1.0,4683,arvet
1219,2002,4613,1.0,10892,arvet
1221,2002,4614,1.0,16219,arvet
1222,2002,4615,1.0,2921,arvet
1223,2002,4616,1.0,2843,arvet
1224,2002,4617,1.0,13140,arvet
1227,2002,4618,1.0,1112,arvet
1228,2002,4618,1.0,7575,arvet
1231,2002,4618,1.0,3560,arvet
1232,2002,4619,1.0,959,arvet
1233,2002,4620,1.0,1201,arvet
1234,2002,4621,1.0,1051,arvet
1235,2002,4621,1.0,13751,arvet
1238,2002,4622,1.0,8516,arvet
1241,2002,4624,1.0,3723,arvet
1242,2002,4623,1.0,2343,arvet
1243,2002,4624,1.0,14103,arvet
1244,2002,4625,1.0,4460,arvet
1245,2002,4626,1.0,5250,arvet
1246,2002,4626,1.0,18927,arvet
1247,2002,4627,1.0,20575,arvet
1251,2002,4628,1.0,4187,arvet
1252,2002,4629,1.0,345,arvet
1253,2002,4630,1.0,7104,arvet
1256,2002,4631,1.0,5577,arvet
1259,2002,4626,1.0,3786,arvet
1260,2002,4631,1.0,4618,arvet
1263,2002,4631,1.0,12612,arvet
1264,2002,4632,1.0,2515,arvet
1265,2002,4633,1.0,685,arvet
1266,2002,4634,1.0,1763,arvet
1401,2002,4602,1.0,11323,arvet
1411,2002,4635,1.0,2473,arvet
1412,2002,4636,1.0,921,arvet
1413,2002,4637,1.0,1528,arvet
1416,2002,4638,1.0,4632,arvet
1417,2002,4639,1.0,2915,arvet
1418,2002,4640,1.0,1506,arvet
1419,2002,4640,1.0,2199,arvet
1420,2002,4640,1.0,6604,arvet
1421,2002,4641,1.0,1807,arvet
1422,2002,4642,1.0,2178,arvet
1424,2002,4643,1.0,5709,arvet
1426,2002,4644,1.0,4968,arvet
1428,2002,4645,1.0,3344,arvet
1429,2002,4646,1.0,2935,arvet
1430,2002,4647,1.0,2824,arvet
1431,2002,4647,1.0,2978,arvet
1432,2002,4647,1.0,10765,arvet
1433,2002,4647,1.0,2751,arvet
1438,2002,4648,1.0,4093,arvet
1439,2002,4602,1.0,6385,arvet
1441,2002,4649,1.0,3037,arvet
1443,2002,4649,1.0,5758,arvet
1444,2002,1577,1.0,1197,arvet
1445,2002,4650,1.0,5716,arvet
1449,2002,4651,1.0,6734,arvet
1502,2002,1506,1.0,23876,arvet
1503,2002,1505,1.0,17009,arvet
1504,2002,1508,1.0,39373,arvet
1511,2002,1511,1.0,3899,arvet
1514,2002,1514,1.0,2633,arvet
1515,2002,1515,1.0,8374,arvet
1516,2002,1516,1.0,6664,arvet
1517,2002,1517,1.0,4780,arvet
1519,2002,1577,1.0,8329,arvet
1520,2002,1520,1.0,10218,arvet
1523,2002,1508,1.0,2096,arvet
1524,2002,1578,1.0,1905,arvet
1525,2002,1525,1.0,4683,arvet
1526,2002,1578,1.0,1024,arvet
1528,2002,1528,1.0,7446,arvet
1529,2002,1508,1.0,3570,arvet
1531,2002,1531,1.0,7230,arvet
1532,2002,1532,1.0,6439,arvet
1534,2002,1580,1.0,8781,arvet
1535,2002,1535,1.0,6424,arvet
1539,2002,1539,1.0,7381,arvet
1543,2002,1506,1.0,3248,arvet
1545,2002,1506,1.0,1956,arvet
1546,2002,1508,1.0,1305,arvet
1547,2002,1547,1.0,3026,arvet
1548,2002,1579,1.0,8949,arvet
1551,2002,1579,1.0,3272,arvet
1554,2002,1554,1.0,5430,arvet
1556,2002,1505,1.0,5216,arvet
1557,2002,1557,1.0,2627,arvet
1560,2002,1560,1.0,3146,arvet
1563,2002,1563,1.0,7354,arvet
1566,2002,1566,1.0,6234,arvet
1567,2002,5061,1.0,2132,arvet
1569,2002,1576,1.0,2702,arvet
1571,2002,5055,1.0,1750,arvet
1572,2002,1576,1.0,1045,arvet
1573,2002,1573,1.0,2329,arvet
1601,2002,5001,1.0,151408,arvet
1612,2002,5055,1.0,4278,arvet
1613,2002,5055,0.153333,1056,"delt, anslått fra befolkningsendring 2019→2020"
1613,2002,5056,0.339048,1056,"delt, anslått fra befolkningsendring 2019→2020"
1613,2002,5059,0.507619,1056,"delt, anslått fra befolkningsendring 2019→2020"
1617,2002,5056,1.0,4051,arvet
1620,2002,5014,1.0,4107,arvet
1621,2002,5057,1.0,5085,arvet
1622,2002,5059,1.0,1807,arvet
1624,2002,5054,1.0,6449,arvet
1627,2002,5057,1.0,4677,arvet
1630,2002,5058,1.0,3362,arvet
1632,2002,5058,1.0,1111,arvet
1633,2002,5020,1.0,1152,arvet
1634,2002,5021,1.0,6379,arvet
1635,2002,5022,1.0,2675,arvet
1636,2002,5059,1.0,3995,arvet
1638,2002,5059,1.0,10381,arvet
1640,2002,5025,1.0,5597,arvet
1644,2002,5026,1.0,2193,arvet
1648,2002,5027,1.0,5819,arvet
1653,2002,5028,1.0,13425,arvet
1657,2002,5029,1.0,5922,arvet
1662,2002,5001,1.0,5047,arvet
1663,2002,5031,1.0,11472,arvet
1664,2002,5032,1.0,3961,arvet
1665,2002,5033,1.0,914,arvet
1702,2002,5006,1.0,20483,arvet
1703,2002,5007,1.0,12352,arvet
1711,2002,5034,1.0,2559,arvet
1714,2002,5035,1.0,18724,arvet
1717,2002,5036,1.0,2445,arvet
1718,2002,5054,1.0,3532,arvet
1719,2002,5037,1.0,17572,arvet
1721,2002,5038,1.0,13665,arvet
1723,2002,5053,1.0,922,arvet
1724,2002,5006,1.0,2663,arvet
1725,2002,5007,1.0,1814,arvet
1729,2002,5053,1.0,5854,arvet
1736,2002,5041,1.0,2335,arvet
1738,2002,5042,1.0,1558,arvet
1739,2002,5043,1.0,563,arvet
1740,2002,5044,1.0,969,arvet
1742,2002,5045,1.0,2588,arvet
1743,2002,5046,1.0,1308,arvet
1744,2002,5047,1.0,3600,arvet
1748,2002,5007,1.0,766,arvet
1749,2002,5049,1.0,1254,arvet
1750,2002,5060,1.0,3950,arvet
1751,2002,5060,1.0,5297,arvet
1755,2002,5052,1.0,684,arvet
1804,2002,1804,1.0,41760,arvet
1805,2002,1806,1.0,18495,arvet
1811,2002,1811,1.0,1867,arvet
1812,2002,1812,1.0,2111,arvet
1813,2002,1813,1.0,7532,arvet
1815,2002,1815,1.0,1392,arvet
1816,2002,1816,1.0,557,arvet
1818,2002,1818,1.0,1835,arvet
1820,2002,1820,1.0,7434,arvet
1822,2002,1822,1.0,2200,arvet
1824,2002,1824,1.0,13484,arvet
1825,2002,1825,1.0,1569,arvet
1826,2002,1826,1.0,1603,arvet
1827,2002,1827,1.0,1556,arvet
1828,2002,1828,1.0,1855,arvet
1832,2002,1832,1.0,4580,arvet
1833,2002,1833,1.0,25350,arvet
1834,2002,1834,1.0,2066,arvet
1835,2002,1835,1.0,474,arvet
1836,2002,1836,1.0,1509,arvet
1837,2002,1837,1.0,6830,arvet
1838,2002,1838,1.0,2276,arvet
1839,2002,1839,1.0,1257,arvet
1840,2002,1840,1.0,4863,arvet
1841,2002,1841,1.0,9627,arvet
1842,2002,1804,1.0,1080,arvet
1845,2002,1845,1.0,2278,arvet
1848,2002,1848,1.0,2889,arvet
1849,2002,1875,1.0,1932,arvet
1850,2002,1806,0.422336,2283,"delt, anslått fra befolkningsendring 2019→2020"
1850,2002,1875,0.577664,2283,"delt, anslått fra befolkningsendring 2019→2020"
1851,2002,1851,1.0,2358,arvet
1852,2002,5512,1.0,1477,arvet
1853,2002,1853,1.0,1508,arvet
1854,2002,1806,1.0,2679,arvet
1856,2002,1856,1.0,649,arvet
1857,2002,1857,1.0,770,arvet
1859,2002,1859,1.0,1540,arvet
1860,2002,1860,1.0,10668,arvet
1865,2002,1865,1.0,9094,arvet
1866,2002,1866,1.0,8131,arvet
1867,2002,1867,1.0,3159,arvet
1868,2002,1868,1.0,4687,arvet
1870,2002,1870,1.0,9408,arvet
1871,2002,1871,1.0,5549,arvet
1874,2002,1874,1.0,1282,arvet
1901,2002,5503,1.0,23092,arvet
1902,2002,5501,1.0,60524,arvet
1911,2002,5510,1.0,3151,arvet
1913,2002,5512,1.0,3064,arvet
1915,2002,5503,1.0,554,arvet
1917,2002,5514,1.0,1715,arvet
1919,2002,5516,1.0,1316,arvet
1920,2002,5518,1.0,1050,arvet
1922,2002,5520,1.0,3799,arvet
1923,2002,5522,1.0,2303,arvet
1924,2002,5524,1.0,6856,arvet
1925,2002,5526,1.0,3298,arvet
1926,2002,5528,1.0,1309,arvet
1927,2002,5530,1.0,1684,arvet
1928,2002,5530,1.0,1129,arvet
1929,2002,5530,1.0,1061,arvet
1931,2002,5530,1.0,11080,arvet
1933,2002,5532,1.0,5642,arvet
1936,2002,5534,1.0,2464,arvet
1938,2002,5536,1.0,3183,arvet
1939,2002,5538,1.0,1860,arvet
1940,2002,5540,1.0,2344,arvet
1941,2002,5542,1.0,3014,arvet
1942,2002,5544,1.0,4739,arvet
1943,2002,5546,1.0,1442,arvet
2002,2002,5634,1.0,2586,arvet
2003,2002,5607,1.0,6120,arvet
2004,2002,5603,1.0,9020,arvet
2011,2002,5612,1.0,3052,arvet
2012,2002,5601,1.0,17159,arvet
2014,2002,5614,1.0,1398,arvet
2015,2002,5616,1.0,1184,arvet
2017,2002,5603,1.0,1091,arvet
2018,2002,5618,1.0,1433,arvet
2019,2002,5620,1.0,3513,arvet
2020,2002,5622,1.0,4349,arvet
2021,2002,5610,1.0,2852,arvet
2022,2002,5624,1.0,1511,arvet
2023,2002,5626,1.0,1234,arvet
2024,2002,5630,1.0,1210,arvet
2025,2002,5628,1.0,3039,arvet
2027,2002,5636,1.0,966,arvet
2028,2002,5632,1.0,2407,arvet
2030,2002,5605,1.0,9608,arvet
0101,2003,3101,1.0,27438,arvet
0104,2003,3103,1.0,27534,arvet
0105,2003,3105,1.0,49044,arvet
0106,2003,3107,1.0,69288,arvet
0111,2003,3110,1.0,3617,arvet
0118,2003,3124,1.0,1458,arvet
0119,2003,3122,1.0,3408,arvet
0121,2003,3226,1.0,658,arvet
0122,2003,3118,1.0,4991,arvet
0123,2003,3118,1.0,4672,arvet
0124,2003,3118,1.0,13876,arvet
0125,2003,3118,1.0,9968,arvet
0127,2003,3116,1.0,3327,arvet
0128,2003,3120,1.0,7217,arvet
0135,2003,3112,1.0,6380,arvet
0136,2003,3103,1.0,13775,arvet
0137,2003,3114,1.0,4002,arvet
0138,2003,3118,1.0,4469,arvet
0211,2003,3216,1.0,12724,arvet
0213,2003,3207,1.0,26155,arvet
0214,2003,3218,1.0,14227,arvet
0215,2003,3214,1.0,13116,arvet
0216,2003,3212,1.0,15943,arvet
0217,2003,3207,1.0,23243,arvet
0219,2003,3201,1.0,102529,arvet
0220,2003,3203,1.0,50290,arvet
0221,2003,3226,1.0,13067,arvet
0226,2003,3205,1.0,12571,arvet
0227,2003,3205,1.0,9361,arvet
0228,2003,3224,1.0,14679,arvet
0229,2003,3220,1.0,9111,arvet
0230,2003,3222,1.0,30220,arvet
0231,2003,3205,1.0,40676,arvet
0233,2003,3232,1.0,19300,arvet
0234,2003,3230,1.0,4877,arvet
0235,2003,3209,1.0,22931,arvet
0236,2003,3228,1.0,17765,arvet
0237,2003,3240,1.0,18083,arvet
0238,2003,3238,1.0,9751,arvet
0239,2003,3242,1.0,2664,arvet
0301,2003,0301,1.0,517401,arvet
0402,2003,3401,1.0,17348,arvet
0403,2003,3403,1.0,27120,arvet
0412,2003,3411,1.0,31830,arvet
0415,2003,3412,1.0,7317,arvet
0417,2003,3413,1.0,18137,arvet
0418,2003,3414,1.0,5050,arvet
0419,2003,3415,1.0,7538,arvet
0420,2003,3416,1.0,6421,arvet
0423,2003,3417,1.0,5395,arvet
0425,2003,3418,1.0,7977,arvet
0426,2003,3419,1.0,3964,arvet
0427,2003,3420,1.0,18638,arvet
0428,2003,3421,1.0,7025,arvet
0429,2003,3422,1.0,4389,arvet
0430,2003,3423,1.0,2888,arvet
0432,2003,3424,1.0,2193,arvet
0434,2003,3425,1.0,1512,arvet
0436,2003,3426,1.0,1796,arvet
0437,2003,3427,1.0,5423,arvet
0438,2003,3428,1.0,2422,arvet
0439,2003,3429,1.0,1764,arvet
0441,2003,3430,1.0,2134,arvet
0501,2003,3405,1.0,24946,arvet
0502,2003,3407,1.0,27349,arvet
0511,2003,3431,1.0,2883,arvet
0512,2003,3432,1.0,2219,arvet
0513,2003,3433,1.0,2399,arvet
0514,2003,3434,1.0,2481,arvet
0515,2003,3435,1.0,3801,arvet
0516,2003,3436,1.0,5890,arvet
0517,2003,3437,1.0,6102,arvet
0519,2003,3438,1.0,3335,arvet
0520,2003,3439,1.0,4644,arvet
0521,2003,3440,1.0,4891,arvet
0522,2003,3441,1.0,6189,arvet
0528,2003,3442,1.0,14649,arvet
0529,2003,3443,1.0,12627,arvet
0532,2003,3236,1.0,6299,arvet
0533,2003,3234,1.0,8461,arvet
0534,2003,3446,1.0,13085,arvet
0536,2003,3447,1.0,6127,arvet
0538,2003,3448,1.0,6878,arvet
0540,2003,3449,1.0,3326,arvet
0541,2003,3450,1.0,1427,arvet
0542,2003,3451,1.0,6567,arvet
0543,2003,3452,1.0,2282,arvet
0544,2003,3453,1.0,3089,arvet
0545,2003,3454,1.0,1636,arvet
0602,2003,3301,1.0,56444,arvet
0604,2003,3303,1.0,22908,arvet
0605,2003,3305,1.0,28055,arvet
0612,2003,3310,1.0,5100,arvet
0615,2003,3320,1.0,1049,arvet
0616,2003,3322,1.0,3499,arvet
0617,2003,3324,1.0,4379,arvet
0618,2003,3326,1.0,1873,arvet
0619,2003,3328,1.0,4708,arvet
0620,2003,3330,1.0,4582,arvet
0621,2003,3332,1.0,3569,arvet
0622,2003,3318,1.0,2213,arvet
0623,2003,3316,1.0,12611,arvet
0624,2003,3314,1.0,15337,arvet
0625,2003,3301,1.0,21044,arvet
0626,2003,3312,1.0,21638,arvet
0627,2003,3203,1.0,16941,arvet
0628,2003,3203,1.0,8715,arvet
0631,2003,3334,1.0,2523,arvet
0632,2003,3336,1.0,1480,arvet
0633,2003,3338,1.0,2703,arvet
0701,2003,3901,1.0,24557,arvet
0702,2003,3903,1.0,9486,arvet
0704,2003,3905,1.0,35656,arvet
0706,2003,3907,1.0,40696,arvet
0709,2003,3909,1.0,40877,arvet
0711,2003,3301,1.0,6436,arvet
0713,2003,3903,1.0,7554,arvet
0714,2003,3903,1.0,3040,arvet
0716,2003,3905,1.0,8111,arvet
0719,2003,3907,1.0,4899,arvet
0720,2003,3907,1.0,9985,arvet
0722,2003,3911,1.0,19927,arvet
0723,2003,3911,1.0,4541,arvet
0728,2003,3909,1.0,2406,arvet
0805,2003,4001,1.0,33204,arvet
0806,2003,4003,1.0,50272,arvet
0807,2003,4005,1.0,12402,arvet
0811,2003,4010,1.0,2343,arvet
0814,2003,4012,1.0,14170,arvet
0815,2003,4014,1.0,10559,arvet
0817,2003,4016,1.0,4184,arvet
0819,2003,4018,1.0,6579,arvet
0821,2003,4020,1.0,5220,arvet
0822,2003,4020,1.0,4363,arvet
0826,2003,4026,1.0,6354,arvet
0827,2003,4024,1.0,1616,arvet
0828,2003,4022,1.0,2921,arvet
0829,2003,4028,1.0,2647,arvet
0830,2003,4030,1.0,1445,arvet
0831,2003,4032,1.0,1310,arvet
0833,2003,4034,1.0,2454,arvet
0834,2003,4036,1.0,3812,arvet
0901,2003,4201,1.0,6988,arvet
0904,2003,4202,1.0,18549,arvet
0906,2003,4203,1.0,39502,arvet
0911,2003,4211,1.0,2511,arvet
0912,2003,4212,1.0,1840,arvet
0914,2003,4213,1.0,5918,arvet
0919,2003,4214,1.0,4708,arvet
0926,2003,4215,1.0,8982,arvet
0928,2003,4216,1.0,4343,arvet
0929,2003,4217,1.0,1830,arvet
0935,2003,4218,1.0,1131,arvet
0937,2003,4219,1.0,3327,arvet
0938,2003,4220,1.0,1296,arvet
0940,2003,4221,1.0,1422,arvet
0941,2003,4222,1.0,848,arvet
1001,2003,4204,1.0,74590,arvet
1002,2003,4205,1.0,13662,arvet
1003,2003,4206,1.0,9578,arvet
1004,2003,4207,1.0,8871,arvet
1014,2003,4223,1.0,12346,arvet
1017,2003,4204,1.0,5517,arvet
1018,2003,4204,1.0,9367,arvet
1021,2003,4205,1.0,2203,arvet
1026,2003,4224,1.0,906,arvet
1027,2003,4225,1.0,1562,arvet
1029,2003,4205,1.0,4468,arvet
1032,2003,4225,1.0,7163,arvet
1034,2003,4226,1.0,1622,arvet
1037,2003,4227,1.0,5578,arvet
1046,2003,4228,1.0,1786,arvet
1101,2003,1101,1.0,13350,arvet
1102,2003,1108,1.0,55729,arvet
1103,2003,1103,1.0,111007,arvet
1106,2003,1106,1.0,31013,arvet
1111,2003,1111,1.0,3294,arvet
1112,2003,1112,1.0,3097,arvet
1114,2003,1114,1.0,2480,arvet
1119,2003,1119,1.0,14417,arvet
1120,2003,1120,1.0,14135,arvet
1121,2003,1121,1.0,13909,arvet
1122,2003,1122,1.0,9137,arvet
1124,2003,1124,1.0,19538,arvet
1127,2003,1127,1.0,8998,arvet
1129,2003,1108,1.0,1076,arvet
1130,2003,1130,1.0,10298,arvet
1133,2003,1133,1.0,2708,arvet
1134,2003,1134,1.0,3923,arvet
1135,2003,1135,1.0,4915,arvet
1141,2003,1103,1.0,2806,arvet
1142,2003,1103,1.0,3261,arvet
1144,2003,1144,1.0,519,arvet
1145,2003,1145,1.0,765,arvet
1146,2003,1146,1.0,9092,arvet
1149,2003,1149,1.0,37199,arvet
1151,2003,1151,1.0,224,arvet
1154,2003,1160,1.0,4776,arvet
1159,2003,1160,1.0,3354,arvet
1201,2003,4601,1.0,235423,arvet
1211,2003,4611,1.0,3960,arvet
1216,2003,4612,1.0,4666,arvet
1219,2003,4613,1.0,10867,arvet
1221,2003,4614,1.0,16310,arvet
1222,2003,4615,1.0,2892,arvet
1223,2003,4616,1.0,2821,arvet
1224,2003,4617,1.0,13157,arvet
1227,2003,4618,1.0,1071,arvet
1228,2003,4618,1.0,7513,arvet
1231,2003,4618,1.0,3539,arvet
1232,2003,4619,1.0,915,arvet
1233,2003,4620,1.0,1171,arvet
1234,2003,4621,1.0,1037,arvet
1235,2003,4621,1.0,13821,arvet
1238,2003,4622,1.0,8467,arvet
1241,2003,4624,1.0,3751,arvet
1242,2003,4623,1.0,2340,arvet
1243,2003,4624,1.0,14328,arvet
1244,2003,4625,1.0,4439,arvet
1245,2003,4626,1.0,5345,arvet
1246,2003,4626,1.0,19294,arvet
1247,2003,4627,1.0,21018,arvet
1251,2003,4628,1.0,4151,arvet
1252,2003,4629,1.0,346,arvet
1253,2003,4630,1.0,7140,arvet
1256,2003,4631,1.0,5704,arvet
1259,2003,4626,1.0,3875,arvet
1260,2003,4631,1.0,4649,arvet
1263,2003,4631,1.0,12721,arvet
1264,2003,4632,1.0,2519,arvet
1265,2003,4633,1.0,672,arvet
1266,2003,4634,1.0,1738,arvet
1401,2003,4602,1.0,11392,arvet
1411,2003,4635,1.0,2450,arvet
1412,2003,4636,1.0,904,arvet
1413,2003,4637,1.0,1537,arvet
1416,2003,4638,1.0,4579,arvet
1417,2003,4639,1.0,2901,arvet
1418,2003,4640,1.0,1505,arvet
1419,2003,4640,1.0,2193,arvet
1420,2003,4640,1.0,6680,arvet
1421,2003,4641,1.0,1781,arvet
1422,2003,4642,1.0,2180,arvet
1424,2003,4643,1.0,5661,arvet
1426,2003,4644,1.0,4926,arvet
1428,2003,4645,1.0,3314,arvet
1429,2003,4646,1.0,2927,arvet
1430,2003,4647,1.0,2797,arvet
1431,2003,4647,1.0,2974,arvet
1432,2003,4647,1.0,10906,arvet
1433,2003,4647,1.0,2731,arvet
1438,2003,4648,1.0,4077,arvet
1439,2003,4602,1.0,6349,arvet
1441,2003,4649,1.0,3046,arvet
1443,2003,4649,1.0,5762,arvet
1444,2003,1577,1.0,1195,arvet
1445,2003,4650,1.0,5739,arvet
1449,2003,4651,1.0,6768,arvet
1502,2003,1506,1.0,23955,arvet
1503,2003,1505,1.0,17112,arvet
1504,2003,1508,1.0,39695,arvet
1511,2003,1511,1.0,3820,arvet
1514,2003,1514,1.0,2599,arvet
1515,2003,1515,1.0,8355,arvet
1516,2003,1516,1.0,6721,arvet
1517,2003,1517,1.0,4730,arvet
1519,2003,1577,1.0,8335,arvet
1520,2003,1520,1.0,10269,arvet
1523,2003,1508,1.0,2075,arvet
1524,2003,1578,1.0,1899,arvet
1525,2003,1525,1.0,4705,arvet
1526,2003,1578,1.0,994,arvet
1528,2003,1528,1.0,7424,arvet
1529,2003,1508,1.0,3590,arvet
1531,2003,1531,1.0,7304,arvet
1532,2003,1532,1.0,6495,arvet
1534,2003,1580,1.0,8819,arvet
1535,2003,1535,1.0,6442,arvet
1539,2003,1539,1.0,7312,arvet
1543,2003,1506,1.0,3244,arvet
1545,2003,1506,1.0,1959,arvet
1546,2003,1508,1.0,1295,arvet
1547,2003,1547,1.0,3038,arvet
1548,2003,1579,1.0,8937,arvet
1551,2003,1579,1.0,3235,arvet
1554,2003,1554,1.0,5462,arvet
1556,2003,1505,1.0,5256,arvet
1557,2003,1557,1.0,2657,arvet
1560,2003,1560,1.0,3146,arvet
1563,2003,1563,1.0,7405,arvet
1566,2003,1566,1.0,6208,arvet
1567,2003,5061,1.0,2115,arvet
1569,2003,1576,1.0,2671,arvet
1571,2003,5055,1.0,1756,arvet
1572,2003,1576,1.0,1009,arvet
1573,2003,1573,1.0,2266,arvet
1601,2003,5001,1.0,152699,arvet
1612,2003,5055,1.0,4312,arvet
1613,2003,5055,0.153333,1029,"delt, anslått fra befolkningsendring 2019→2020"
1613,2003,5056,0.339048,1029,"delt, anslått fra befolkningsendring 2019→2020"
1613,2003,5059,0.507619,1029,"delt, anslått fra befolkningsendring 2019→2020"
1617,2003,5056,1.0,4048,arvet
1620,2003,5014,1.0,4146,arvet
1621,2003,5057,1.0,5119,arvet
1622,2003,5059,1.0,1808,arvet
1624,2003,5054,1.0,6382,arvet
1627,2003,5057,1.0,4655,arvet
1630,2003,5058,1.0,3336,arvet
1632,2003,5058,1.0,1089,arvet
1633,2003,5020,1.0,1097,arvet
1634,2003,5021,1.0,6441,arvet
1635,2003,5022,1.0,2660,arvet
1636,2003,5059,1.0,3994,arvet
1638,2003,5059,1.0,10388,arvet
1640,2003,5025,1.0,5599,arvet
1644,2003,5026,1.0,2177,arvet
1648,2003,5027,1.0,5824,arvet
1653,2003,5028,1.0,13579,arvet
1657,2003,5029,1.0,6003,arvet
1662,2003,5001,1.0,5188,arvet
1663,2003,5031,1.0,11735,arvet
1664,2003,5032,1.0,3973,arvet
1665,2003,5033,1.0,907,arvet
1702,2003,5006,1.0,20417,arvet
1703,2003,5007,1.0,12380,arvet
1711,2003,5034,1.0,2556,arvet
1714,2003,5035,1.0,18940,arvet
1717,2003,5036,1.0,2474,arvet
1718,2003,5054,1.0,3510,arvet
1719,2003,5037,1.0,17700,arvet
1721,2003,5038,1.0,13697,arvet
1723,2003,5053,1.0,895,arvet
1724,2003,5006,1.0,2679,arvet
1725,2003,5007,1.0,1799,arvet
1729,2003,5053,1.0,5870,arvet
1736,2003,5041,1.0,2312,arvet
1738,2003,5042,1.0,1552,arvet
1739,2003,5043,1.0,547,arvet
1740,2003,5044,1.0,966,arvet
1742,2003,5045,1.0,2530,arvet
1743,2003,5046,1.0,1275,arvet
1744,2003,5047,1.0,3606,arvet
1748,2003,5007,1.0,762,arvet
1749,2003,5049,1.0,1244,arvet
1750,2003,5060,1.0,3958,arvet
1751,2003,5060,1.0,5269,arvet
1755,2003,5052,1.0,672,arvet
1804,2003,1804,1.0,42186,arvet
1805,2003,1806,1.0,18470,arvet
1811,2003,1811,1.0,1822,arvet
1812,2003,1812,1.0,2100,arvet
1813,2003,1813,1.0,7519,arvet
1815,2003,1815,1.0,1391,arvet
1816,2003,1816,1.0,538,arvet
1818,2003,1818,1.0,1793,arvet
1820,2003,1820,1.0,7445,arvet
1822,2003,1822,1.0,2214,arvet
1824,2003,1824,1.0,13456,arvet
1825,2003,1825,1.0,1542,arvet
1826,2003,1826,1.0,1569,arvet
1827,2003,1827,1.0,1541,arvet
1828,2003,1828,1.0,1838,arvet
1832,2003,1832,1.0,4551,arvet
1833,2003,1833,1.0,25313,arvet
1834,2003,1834,1.0,2016,arvet
1835,2003,1835,1.0,464,arvet
1836,2003,1836,1.0,1462,arvet
1837,2003,1837,1.0,6845,arvet
1838,2003,1838,1.0,2220,arvet
1839,2003,1839,1.0,1221,arvet
1840,2003,1840,1.0,4834,arvet
1841,2003,1841,1.0,9528,arvet
1842,2003,1804,1.0,1061,arvet
1845,2003,1845,1.0,2228,arvet
1848,2003,1848,1.0,2875,arvet
1849,2003,1875,1.0,1926,arvet
1850,2003,1806,0.422336,2241,"delt, anslått fra befolkningsendring 2019→2020"
1850,2003,1875,0.577664,2241,"delt, anslått fra befolkningsendring 2019→2020"
1851,2003,1851,1.0,2382,arvet
1852,2003,5512,1.0,1444,arvet
1853,2003,1853,1.0,1494,arvet
1854,2003,1806,1.0,2680,arvet
1856,2003,1856,1.0,641,arvet
1857,2003,1857,1.0,769,arvet
1859,2003,1859,1.0,1527,arvet
1860,2003,1860,1.0,10751,arvet
1865,2003,1865,1.0,9036,arvet
1866,2003,1866,1.0,8051,arvet
1867,2003,1867,1.0,3100,arvet
1868,2003,1868,1.0,4665,arvet
1870,2003,1870,1.0,9476,arvet
1871,2003,1871,1.0,5477,arvet
1874,2003,1874,1.0,1248,arvet
1901,2003,5503,1.0,23161,arvet
1902,2003,5501,1.0,61182,arvet
1911,2003,5510,1.0,3102,arvet
1913,2003,5512,1.0,3040,arvet
1915,2003,5503,1.0,533,arvet
1917,2003,5514,1.0,1689,arvet
1919,2003,5516,1.0,1302,arvet
1920,2003,5518,1.0,1069,arvet
1922,2003,5520,1.0,3841,arvet
1923,2003,5522,1.0,2260,arvet
1924,2003,5524,1.0,6845,arvet
1925,2003,5526,1.0,3312,arvet
1926,2003,5528,1.0,1317,arvet
1927,2003,5530,1.0,1704,arvet
1928,2003,5530,1.0,1119,arvet
1929,2003,5530,1.0,1042,arvet
1931,2003,5530,1.0,11049,arvet
1933,2003,5532,1.0,5638,arvet
1936,2003,5534,1.0,2463,arvet
1938,2003,5536,1.0,3176,arvet
1939,2003,5538,1.0,1879,arvet
1940,2003,5540,1.0,2359,arvet
1941,2003,5542,1.0,3021,arvet
1942,2003,5544,1.0,4726,arvet
1943,2003,5546,1.0,1418,arvet
2002,2003,5634,1.0,2496,arvet
2003,2003,5607,1.0,6122,arvet
2004,2003,5603,1.0,9076,arvet
2011,2003,5612,1.0,3022,arvet
2012,2003,5601,1.0,17359,arvet
2014,2003,5614,1.0,1329,arvet
2015,2003,5616,1.0,1107,arvet
2017,2003,5603,1.0,1097,arvet
2018,2003,5618,1.0,1425,arvet
2019,2003,5620,1.0,3497,arvet
2020,2003,5622,1.0,4294,arvet
2021,2003,5610,1.0,2844,arvet
2022,2003,5624,1.0,1500,arvet
2023,2003,5626,1.0,1205,arvet
2024,2003,5630,1.0,1193,arvet
2025,2003,5628,1.0,3068,arvet
2027,2003,5636,1.0,929,arvet
2028,2003,5632,1.0,2404,arvet
2030,2003,5605,1.0,9547,arvet
0101,2004,3101,1.0,27464,arvet
0104,2004,3103,1.0,27732,arvet
0105,2004,3105,1.0,49423,arvet
0106,2004,3107,1.0,69867,arvet
0111,2004,3110,1.0,3694,arvet
0118,2004,3124,1.0,1437,arvet
0119,2004,3122,1.0,3409,arvet
0121,2004,3226,1.0,668,arvet
0122,2004,3118,1.0,4953,arvet
0123,2004,3118,1.0,4706,arvet
0124,2004,3118,1.0,13986,arvet
0125,2004,3118,1.0,10121,arvet
0127,2004,3116,1.0,3336,arvet
0128,2004,3120,1.0,7232,arvet
0135,2004,3112,1.0,6380,arvet
0136,2004,3103,1.0,13753,arvet
0137,2004,3114,1.0,4003,arvet
0138,2004,3118,1.0,4504,arvet
0211,2004,3216,1.0,12834,arvet
0213,2004,3207,1.0,26588,arvet
0214,2004,3218,1.0,14323,arvet
0215,2004,3214,1.0,13153,arvet
0216,2004,3212,1.0,16074,arvet
0217,2004,3207,1.0,23343,arvet
0219,2004,3201,1.0,103313,arvet
0220,2004,3203,1.0,50651,arvet
0221,2004,3226,1.0,13199,arvet
0226,2004,3205,1.0,12768,arvet
0227,2004,3205,1.0,9485,arvet
0228,2004,3224,1.0,14720,arvet
0229,2004,3220,1.0,9233,arvet
0230,2004,3222,1.0,30496,arvet
0231,2004,3205,1.0,41359,arvet
0233,2004,3232,1.0,19440,arvet
0234,2004,3230,1.0,4964,arvet
0235,2004,3209,1.0,23784,arvet
0236,2004,3228,1.0,17931,arvet
0237,2004,3240,1.0,18338,arvet
0238,2004,3238,1.0,9943,arvet
0239,2004,3242,1.0,2679,arvet
0301,2004,0301,1.0,521886,arvet
0402,2004,3401,1.0,17380,arvet
0403,2004,3403,1.0,27245,arvet
0412,2004,3411,1.0,31732,arvet
0415,2004,3412,1.0,7282,arvet
0417,2004,3413,1.0,18288,arvet
0418,2004,3414,1.0,5064,arvet
0419,2004,3415,1.0,7589,arvet
0420,2004,3416,1.0,6431,arvet
0423,2004,3417,1.0,5312,arvet
0425,2004,3418,1.0,7924,arvet
0426,2004,3419,1.0,3906,arvet
0427,2004,3420,1.0,18805,arvet
0428,2004,3421,1.0,6955,arvet
0429,2004,3422,1.0,4425,arvet
0430,2004,3423,1.0,2819,arvet
0432,2004,3424,1.0,2146,arvet
0434,2004,3425,1.0,1503,arvet
0436,2004,3426,1.0,1781,arvet
0437,2004,3427,1.0,5463,arvet
0438,2004,3428,1.0,2406,arvet
0439,2004,3429,1.0,1739,arvet
0441,2004,3430,1.0,2131,arvet
0501,2004,3405,1.0,25070,arvet
0502,2004,3407,1.0,27526,arvet
0511,2004,3431,1.0,2883,arvet
0512,2004,3432,1.0,2209,arvet
0513,2004,3433,1.0,2393,arvet
0514,2004,3434,1.0,2496,arvet
0515,2004,3435,1.0,3800,arvet
0516,2004,3436,1.0,5926,arvet
0517,2004,3437,1.0,6088,arvet
0519,2004,3438,1.0,3292,arvet
0520,2004,3439,1.0,4611,arvet
0521,2004,3440,1.0,4870,arvet
0522,2004,3441,1.0,6186,arvet
0528,2004,3442,1.0,14657,arvet
0529,2004,3443,1.0,12597,arvet
0532,2004,3236,1.0,6334,arvet
0533,2004,3234,1.0,8463,arvet
0534,2004,3446,1.0,13095,arvet
0536,2004,3447,1.0,6042,arvet
0538,2004,3448,1.0,6916,arvet
0540,2004,3449,1.0,3251,arvet
0541,2004,3450,1.0,1410,arvet
0542,2004,3451,1.0,6539,arvet
0543,2004,3452,1.0,2304,arvet
0544,2004,3453,1.0,3116,arvet
0545,2004,3454,1.0,1616,arvet
0602,2004,3301,1.0,56688,arvet
0604,2004,3303,1.0,23154,arvet
0605,2004,3305,1.0,28060,arvet
0612,2004,3310,1.0,5199,arvet
0615,2004,3320,1.0,1030,arvet
0616,2004,3322,1.0,3467,arvet
0617,2004,3324,1.0,4372,arvet
0618,2004,3326,1.0,1876,arvet
0619,2004,3328,1.0,4656,arvet
0620,2004,3330,1.0,4556,arvet
0621,2004,3332,1.0,3530,arvet
0622,2004,3318,1.0,2201,arvet
0623,2004,3316,1.0,12594,arvet
0624,2004,3314,1.0,15412,arvet
0625,2004,3301,1.0,21377,arvet
0626,2004,3312,1.0,21594,arvet
0627,2004,3203,1.0,17082,arvet
0628,2004,3203,1.0,8781,arvet
0631,2004,3334,1.0,2512,arvet
0632,2004,3336,1.0,1495,arvet
0633,2004,3338,1.0,2695,arvet
0701,2004,3901,1.0,24671,arvet
0702,2004,3903,1.0,9515,arvet
0704,2004,3905,1.0,36046,arvet
0706,2004,3907,1.0,40992,arvet
0709,2004,3909,1.0,40990,arvet
0711,2004,3301,1.0,6445,arvet
0713,2004,3903,1.0,7591,arvet
0714,2004,3903,1.0,3031,arvet
0716,2004,3905,1.0,8194,arvet
0719,2004,3907,1.0,5031,arvet
0720,2004,3907,1.0,9985,arvet
0722,2004,3911,1.0,20050,arvet
0723,2004,3911,1.0,4553,arvet
0728,2004,3909,1.0,2386,arvet
0805,2004,4001,1.0,33323,arvet
0806,2004,4003,1.0,50507,arvet
0807,2004,4005,1.0,12322,arvet
0811,2004,4010,1.0,2349,arvet
0814,2004,4012,1.0,14163,arvet
0815,2004,4014,1.0,10584,arvet
0817,2004,4016,1.0,4175,arvet
0819,2004,4018,1.0,6606,arvet
0821,2004,4020,1.0,5173,arvet
0822,2004,4020,1.0,4351,arvet
0826,2004,4026,1.0,6420,arvet
0827,2004,4024,1.0,1633,arvet
0828,2004,4022,1.0,2899,arvet
0829,2004,4028,1.0,2622,arvet
0830,2004,4030,1.0,1429,arvet
0831,2004,4032,1.0,1347,arvet
0833,2004,4034,1.0,2465,arvet
0834,2004,4036,1.0,3756,arvet
0901,2004,4201,1.0,6938,arvet
0904,2004,4202,1.0,18740,arvet
0906,2004,4203,1.0,39495,arvet
0911,2004,4211,1.0,2541,arvet
0912,2004,4212,1.0,1856,arvet
0914,2004,4213,1.0,5887,arvet
0919,2004,4214,1.0,4698,arvet
0926,2004,4215,1.0,8952,arvet
0928,2004,4216,1.0,4339,arvet
0929,2004,4217,1.0,1859,arvet
0935,2004,4218,1.0,1151,arvet
0937,2004,4219,1.0,3322,arvet
0938,2004,4220,1.0,1318,arvet
0940,2004,4221,1.0,1403,arvet
0941,2004,4222,1.0,875,arvet
1001,2004,4204,1.0,75280,arvet
1002,2004,4205,1.0,13840,arvet
1003,2004,4206,1.0,9497,arvet
1004,2004,4207,1.0,8918,arvet
1014,2004,4223,1.0,12356,arvet
1017,2004,4204,1.0,5483,arvet
1018,2004,4204,1.0,9426,arvet
1021,2004,4205,1.0,2214,arvet
1026,2004,4224,1.0,914,arvet
1027,2004,4225,1.0,1568,arvet
1029,2004,4205,1.0,4486,arvet
1032,2004,4225,1.0,7216,arvet
1034,2004,4226,1.0,1616,arvet
1037,2004,4227,1.0,5547,arvet
1046,2004,4228,1.0,1766,arvet
1101,2004,1101,1.0,13388,arvet
1102,2004,1108,1.0,56668,arvet
1103,2004,1103,1.0,112405,arvet
1106,2004,1106,1.0,31361,arvet
1111,2004,1111,1.0,3320,arvet
1112,2004,1112,1.0,3105,arvet
1114,2004,1114,1.0,2461,arvet
1119,2004,1119,1.0,14570,arvet
1120,2004,1120,1.0,14313,arvet
1121,2004,1121,1.0,14177,arvet
1122,2004,1122,1.0,9248,arvet
1124,2004,1124,1.0,19555,arvet
1127,2004,1127,1.0,9076,arvet
1129,2004,1108,1.0,1069,arvet
1130,2004,1130,1.0,10328,arvet
1133,2004,1133,1.0,2747,arvet
1134,2004,1134,1.0,3895,arvet
1135,2004,1135,1.0,4878,arvet
1141,2004,1103,1.0,2809,arvet
1142,2004,1103,1.0,3309,arvet
1144,2004,1144,1.0,508,arvet
1145,2004,1145,1.0,767,arvet
1146,2004,1146,1.0,9213,arvet
1149,2004,1149,1.0,37281,arvet
1151,2004,1151,1.0,215,arvet
1154,2004,1160,1.0,4756,arvet
1159,2004,1160,1.0,3426,arvet
1201,2004,4601,1.0,237430,arvet
1211,2004,4611,1.0,3916,arvet
1216,2004,4612,1.0,4687,arvet
1219,2004,4613,1.0,10815,arvet
1221,2004,4614,1.0,16405,arvet
1222,2004,4615,1.0,2911,arvet
1223,2004,4616,1.0,2812,arvet
1224,2004,4617,1.0,13158,arvet
1227,2004,4618,1.0,1073,arvet
1228,2004,4618,1.0,7468,arvet
1231,2004,4618,1.0,3513,arvet
1232,2004,4619,1.0,916,arvet
1233,2004,4620,1.0,1175,arvet
1234,2004,4621,1.0,1021,arvet
1235,2004,4621,1.0,13771,arvet
1238,2004,4622,1.0,8389,arvet
1241,2004,4624,1.0,3728,arvet
1242,2004,4623,1.0,2331,arvet
1243,2004,4624,1.0,14611,arvet
1244,2004,4625,1.0,4487,arvet
1245,2004,4626,1.0,5435,arvet
1246,2004,4626,1.0,19613,arvet
1247,2004,4627,1.0,21522,arvet
1251,2004,4628,1.0,4173,arvet
1252,2004,4629,1.0,366,arvet
1253,2004,4630,1.0,7174,arvet
1256,2004,4631,1.0,5767,arvet
1259,2004,4626,1.0,3931,arvet
1260,2004,4631,1.0,4678,arvet
1263,2004,4631,1.0,12879,arvet
1264,2004,4632,1.0,2533,arvet
1265,2004,4633,1.0,659,arvet
1266,2004,4634,1.0,1712,arvet
1401,2004,4602,1.0,11331,arvet
1411,2004,4635,1.0,2462,arvet
1412,2004,4636,1.0,899,arvet
1413,2004,4637,1.0,1557,arvet
1416,2004,4638,1.0,4550,arvet
1417,2004,4639,1.0,2899,arvet
1418,2004,4640,1.0,1462,arvet
1419,2004,4640,1.0,2192,arvet
1420,2004,4640,1.0,6700,arvet
1421,2004,4641,1.0,1803,arvet
1422,2004,4642,1.0,2169,arvet
1424,2004,4643,1.0,5631,arvet
1426,2004,4644,1.0,4926,arvet
1428,2004,4645,1.0,3260,arvet
1429,2004,4646,1.0,2910,arvet
1430,2004,4647,1.0,2776,arvet
1431,2004,4647,1.0,2914,arvet
1432,2004,4647,1.0,11104,arvet
1433,2004,4647,1.0,2696,arvet
1438,2004,4648,1.0,4065,arvet
1439,2004,4602,1.0,6288,arvet
1441,2004,4649,1.0,3050,arvet
1443,2004,4649,1.0,5779,arvet
1444,2004,1577,1.0,1203,arvet
1445,2004,4650,1.0,5741,arvet
1449,2004,4651,1.0,6855,arvet
1502,2004,1506,1.0,24041,arvet
1503,2004,1505,1.0,17105,arvet
1504,2004,1508,1.0,40001,arvet
1511,2004,1511,1.0,3754,arvet
1514,2004,1514,1.0,2605,arvet
1515,2004,1515,1.0,8355,arvet
1516,2004,1516,1.0,6761,arvet
1517,2004,1517,1.0,4670,arvet
1519,2004,1577,1.0,8377,arvet
1520,2004,1520,1.0,10267,arvet
1523,2004,1508,1.0,2093,arvet
1524,2004,1578,1.0,1845,arvet
1525,2004,1525,1.0,4663,arvet
1526,2004,1578,1.0,966,arvet
1528,2004,1528,1.0,7444,arvet
1529,2004,1508,1.0,3558,arvet
1531,2004,1531,1.0,7342,arvet
1532,2004,1532,1.0,6578,arvet
1534,2004,1580,1.0,8781,arvet
1535,2004,1535,1.0,6389,arvet
1539,2004,1539,1.0,7334,arvet
1543,2004,1506,1.0,3201,arvet
1545,2004,1506,1.0,1925,arvet
1546,2004,1508,1.0,1279,arvet
1547,2004,1547,1.0,3055,arvet
1548,2004,1579,1.0,9004,arvet
1551,2004,1579,1.0,3287,arvet
1554,2004,1554,1.0,5472,arvet
1556,2004,1505,1.0,5274,arvet
1557,2004,1557,1.0,2650,arvet
1560,2004,1560,1.0,3120,arvet
1563,2004,1563,1.0,7409,arvet
1566,2004,1566,1.0,6209,arvet
1567,2004,5061,1.0,2118,arvet
1569,2004,1576,1.0,2661,arvet
1571,2004,5055,1.0,1714,arvet
1572,2004,1576,1.0,1015,arvet
1573,2004,1573,1.0,2248,arvet
1601,2004,5001,1.0,154351,arvet
1612,2004,5055,1.0,4294,arvet
1613,2004,5055,0.153333,1033,"delt, anslått fra befolkningsendring 2019→2020"
1613,2004,5056,0.339048,1033,"delt, anslått fra befolkningsendring 2019→2020"
1613,2004,5059,0.507619,1033,"delt, anslått fra befolkningsendring 2019→2020"
1617,2004,5056,1.0,4090,arvet
1620,2004,5014,1.0,4107,arvet
1621,2004,5057,1.0,5169,arvet
1622,2004,5059,1.0,1795,arvet
1624,2004,5054,1.0,6384,arvet
1627,2004,5057,1.0,4717,arvet
1630,2004,5058,1.0,3322,arvet
1632,2004,5058,1.0,1073,arvet
1633,2004,5020,1.0,1055,arvet
1634,2004,5021,1.0,6456,arvet
1635,2004,5022,1.0,2654,arvet
1636,2004,5059,1.0,3947,arvet
1638,2004,5059,1.0,10448,arvet
1640,2004,5025,1.0,5632,arvet
1644,2004,5026,1.0,2172,arvet
1648,2004,5027,1.0,5806,arvet
1653,2004,5028,1.0,13782,arvet
1657,2004,5029,1.0,5989,arvet
1662,2004,5001,1.0,5261,arvet
1663,2004,5031,1.0,11884,arvet
1664,2004,5032,1.0,3944,arvet
1665,2004,5033,1.0,901,arvet
1702,2004,5006,1.0,20451,arvet
1703,2004,5007,1.0,12426,arvet
1711,2004,5034,1.0,2539,arvet
1714,2004,5035,1.0,19199,arvet
1717,2004,5036,1.0,2454,arvet
1718,2004,5054,1.0,3511,arvet
1719,2004,5037,1.0,17875,arvet
1721,2004,5038,1.0,13827,arvet
1723,2004,5053,1.0,887,arvet
1724,2004,5006,1.0,2684,arvet
1725,2004,5007,1.0,1779,arvet
1729,2004,5053,1.0,5819,arvet
1736,2004,5041,1.0,2296,arvet
1738,2004,5042,1.0,1535,arvet
1739,2004,5043,1.0,539,arvet
1740,2004,5044,1.0,958,arvet
1742,2004,5045,1.0,2530,arvet
1743,2004,5046,1.0,1258,arvet
1744,2004,5047,1.0,3540,arvet
1748,2004,5007,1.0,748,arvet
1749,2004,5049,1.0,1221,arvet
1750,2004,5060,1.0,4021,arvet
1751,2004,5060,1.0,5240,arvet
1755,2004,5052,1.0,636,arvet
1804,2004,1804,1.0,42745,arvet
1805,2004,1806,1.0,18542,arvet
1811,2004,1811,1.0,1804,arvet
1812,2004,1812,1.0,2077,arvet
1813,2004,1813,1.0,7565,arvet
1815,2004,1815,1.0,1380,arvet
1816,2004,1816,1.0,525,arvet
1818,2004,1818,1.0,1748,arvet
1820,2004,1820,1.0,7378,arvet
1822,2004,1822,1.0,2227,arvet
1824,2004,1824,1.0,13473,arvet
1825,2004,1825,1.0,1536,arvet
1826,2004,1826,1.0,1562,arvet
1827,2004,1827,1.0,1543,arvet
1828,2004,1828,1.0,1822,arvet
1832,2004,1832,1.0,4562,arvet
1833,2004,1833,1.0,25309,arvet
1834,2004,1834,1.0,2024,arvet
1835,2004,1835,1.0,456,arvet
1836,2004,1836,1.0,1441,arvet
1837,2004,1837,1.0,6772,arvet
1838,2004,1838,1.0,2215,arvet
1839,2004,1839,1.0,1183,arvet
1840,2004,1840,1.0,4823,arvet
1841,2004,1841,1.0,9627,arvet
1842,2004,1804,1.0,1030,eksakt
1845,2004,1845,1.0,2184,arvet
1848,2004,1848,1.0,2863,arvet
1849,2004,1875,1.0,1872,arvet
1850,2004,1806,0.422336,2209,"delt, anslått fra befolkningsendring 2019→2020"
1850,2004,1875,0.577664,2209,"delt, anslått fra befolkningsendring 2019→2020"
1851,2004,1851,1.0,2386,arvet
1852,2004,5512,1.0,1448,arvet
1853,2004,1853,1.0,1444,arvet
1854,2004,1806,1.0,2693,arvet
1856,2004,1856,1.0,617,arvet
1857,2004,1857,1.0,759,arvet
1859,2004,1859,1.0,1484,arvet
1860,2004,1860,1.0,10813,arvet
1865,2004,1865,1.0,9052,arvet
1866,2004,1866,1.0,8039,arvet
1867,2004,1867,1.0,3041,arvet
1868,2004,1868,1.0,4633,arvet
1870,2004,1870,1.0,9509,arvet
1871,2004,1871,1.0,5430,arvet
1874,2004,1874,1.0,1212,arvet
1901,2004,5503,1.0,23163,arvet
1902,2004,5501,1.0,61897,arvet
1911,2004,5510,1.0,3072,arvet
1913,2004,5512,1.0,3005,arvet
1915,2004,5503,1.0,529,arvet
1917,2004,5514,1.0,1696,arvet
1919,2004,5516,1.0,1282,arvet
1920,2004,5518,1.0,1063,arvet
1922,2004,5520,1.0,3855,arvet
1923,2004,5522,1.0,2265,arvet
1924,2004,5524,1.0,6739,arvet
1925,2004,5526,1.0,3326,arvet
1926,2004,5528,1.0,1303,arvet
1927,2004,5530,1.0,1662,arvet
1928,2004,5530,1.0,1087,arvet
1929,2004,5530,1.0,1043,arvet
1931,2004,5530,1.0,11107,arvet
1933,2004,5532,1.0,5611,arvet
1936,2004,5534,1.0,2406,arvet
1938,2004,5536,1.0,3167,arvet
1939,2004,5538,1.0,1912,arvet
1940,2004,5540,1.0,2332,arvet
1941,2004,5542,1.0,3002,arvet
1942,2004,5544,1.0,4710,arvet
1943,2004,5546,1.0,1394,arvet
2002,2004,5634,1.0,2396,arvet
2003,2004,5607,1.0,6186,arvet
2004,2004,5603,1.0,9157,arvet
2011,2004,5612,1.0,3002,arvet
2012,2004,5601,1.0,17440,arvet
2014,2004,5614,1.0,1294,arvet
2015,2004,5616,1.0,1095,arvet
2017,2004,5603,1.0,1093,arvet
2018,2004,5618,1.0,1399,arvet
2019,2004,5620,1.0,3468,arvet
2020,2004,5622,1.0,4329,arvet
2021,2004,5610,1.0,2865,arvet
2022,2004,5624,1.0,1473,arvet
2023,2004,5626,1.0,1134,arvet
2024,2004,5630,1.0,1158,arvet
2025,2004,5628,1.0,3004,arvet
2027,2004,5636,1.0,927,arvet
2028,2004,5632,1.0,2290,arvet
2030,2004,5605,1.0,9500,arvet
0101,2005,3101,1.0,27582,arvet
0104,2005,3103,1.0,28040,arvet
0105,2005,3105,1.0,49753,arvet
0106,2005,3107,1.0,70418,arvet
0111,2005,3110,1.0,3773,arvet
0118,2005,3124,1.0,1425,arvet
0119,2005,3122,1.0,3439,arvet
0121,2005,3226,1.0,667,arvet
0122,2005,3118,1.0,4962,arvet
0123,2005,3118,1.0,4798,arvet
0124,2005,3118,1.0,14089,arvet
0125,2005,3118,1.0,10203,arvet
0127,2005,3116,1.0,3355,arvet
0128,2005,3120,1.0,7284,arvet
0135,2005,3112,1.0,6465,arvet
0136,2005,3103,1.0,13712,arvet
0137,2005,3114,1.0,4020,arvet
0138,2005,3118,1.0,4557,arvet
0211,2005,3216,1.0,12990,arvet
0213,2005,3207,1.0,26800,arvet
0214,2005,3218,1.0,14472,arvet
0215,2005,3214,1.0,13358,arvet
0216,2005,3212,1.0,16231,arvet
0217,2005,3207,1.0,23586,arvet
0219,2005,3201,1.0,104690,arvet
0220,2005,3203,1.0,50858,arvet
0221,2005,3226,1.0,13275,arvet
0226,2005,3205,1.0,12925,arvet
0227,2005,3205,1.0,9567,arvet
0228,2005,3224,1.0,14797,arvet
0229,2005,3220,1.0,9297,arvet
0230,2005,3222,1.0,30675,arvet
0231,2005,3205,1.0,42094,arvet
0233,2005,3232,1.0,19578,arvet
0234,2005,3230,1.0,5064,arvet
0235,2005,3209,1.0,24556,arvet
0236,2005,3228,1.0,18025,arvet
0237,2005,3240,1.0,18637,arvet
0238,2005,3238,1.0,10141,arvet
0239,2005,3242,1.0,2602,arvet
0301,2005,0301,1.0,529846,arvet
0402,2005,3401,1.0,17279,arvet
0403,2005,3403,1.0,27439,arvet
0412,2005,3411,1.0,31824,arvet
0415,2005,3412,1.0,7271,arvet
0417,2005,3413,1.0,18427,arvet
0418,2005,3414,1.0,5073,arvet
0419,2005,3415,1.0,7623,arvet
0420,2005,3416,1.0,6499,arvet
0423,2005,3417,1.0,5275,arvet
0425,2005,3418,1.0,7779,arvet
0426,2005,3419,1.0,3924,arvet
0427,2005,3420,1.0,18844,arvet
0428,2005,3421,1.0,6882,arvet
0429,2005,3422,1.0,4398,arvet
0430,2005,3423,1.0,2832,arvet
0432,2005,3424,1.0,2105,arvet
0434,2005,3425,1.0,1499,arvet
0436,2005,3426,1.0,1778,arvet
0437,2005,3427,1.0,5405,arvet
0438,2005,3428,1.0,2416,arvet
0439,2005,3429,1.0,1717,arvet
0441,2005,3430,1.0,2087,arvet
0501,2005,3405,1.0,25075,arvet
0502,2005,3407,1.0,27648,arvet
0511,2005,3431,1.0,2875,arvet
0512,2005,3432,1.0,2184,arvet
0513,2005,3433,1.0,2394,arvet
0514,2005,3434,1.0,2467,arvet
0515,2005,3435,1.0,3773,arvet
0516,2005,3436,1.0,5896,arvet
0517,2005,3437,1.0,6059,arvet
0519,2005,3438,1.0,3271,arvet
0520,2005,3439,1.0,4586,arvet
0521,2005,3440,1.0,4840,arvet
0522,2005,3441,1.0,6175,arvet
0528,2005,3442,1.0,14604,arvet
0529,2005,3443,1.0,12546,arvet
0532,2005,3236,1.0,6335,arvet
0533,2005,3234,1.0,8505,arvet
0534,2005,3446,1.0,13010,arvet
0536,2005,3447,1.0,6008,arvet
0538,2005,3448,1.0,6847,arvet
0540,2005,3449,1.0,3265,arvet
0541,2005,3450,1.0,1397,arvet
0542,2005,3451,1.0,6442,arvet
0543,2005,3452,1.0,2245,arvet
0544,2005,3453,1.0,3114,arvet
0545,2005,3454,1.0,1613,arvet
0602,2005,3301,1.0,57148,arvet
0604,2005,3303,1.0,23244,arvet
0605,2005,3305,1.0,28079,arvet
0612,2005,3310,1.0,5229,arvet
0615,2005,3320,1.0,1014,arvet
0616,2005,3322,1.0,3485,arvet
0617,2005,3324,1.0,4375,arvet
0618,2005,3326,1.0,1909,arvet
0619,2005,3328,1.0,4670,arvet
0620,2005,3330,1.0,4557,arvet
0621,2005,3332,1.0,3537,arvet
0622,2005,3318,1.0,2151,arvet
0623,2005,3316,1.0,12541,arvet
0624,2005,3314,1.0,15633,arvet
0625,2005,3301,1.0,21522,arvet
0626,2005,3312,1.0,21725,arvet
0627,2005,3203,1.0,17280,arvet
0628,2005,3203,1.0,8799,arvet
0631,2005,3334,1.0,2517,arvet
0632,2005,3336,1.0,1441,arvet
0633,2005,3338,1.0,2635,arvet
0701,2005,3901,1.0,24768,arvet
0702,2005,3903,1.0,9604,arvet
0704,2005,3905,1.0,36452,arvet
0706,2005,3907,1.0,41289,arvet
0709,2005,3909,1.0,41142,arvet
0711,2005,3301,1.0,6441,arvet
0713,2005,3903,1.0,7690,arvet
0714,2005,3903,1.0,3048,arvet
0716,2005,3905,1.0,8182,arvet
0719,2005,3907,1.0,5083,arvet
0720,2005,3907,1.0,10014,arvet
0722,2005,3911,1.0,20022,arvet
0723,2005,3911,1.0,4582,arvet
0728,2005,3909,1.0,2419,arvet
0805,2005,4001,1.0,33407,arvet
0806,2005,4003,1.0,50676,arvet
0807,2005,4005,1.0,12359,arvet
0811,2005,4010,1.0,2372,arvet
0814,2005,4012,1.0,14154,arvet
0815,2005,4014,1.0,10529,arvet
0817,2005,4016,1.0,4143,arvet
0819,2005,4018,1.0,6565,arvet
0821,2005,4020,1.0,5249,arvet
0822,2005,4020,1.0,4323,arvet
0826,2005,4026,1.0,6380,arvet
0827,2005,4024,1.0,1633,arvet
0828,2005,4022,1.0,2919,arvet
0829,2005,4028,1.0,2598,arvet
0830,2005,4030,1.0,1408,arvet
0831,2005,4032,1.0,1353,arvet
0833,2005,4034,1.0,2463,arvet
0834,2005,4036,1.0,3758,arvet
0901,2005,4201,1.0,6909,arvet
0904,2005,4202,1.0,18885,arvet
0906,2005,4203,1.0,39676,arvet
0911,2005,4211,1.0,2500,arvet
0912,2005,4212,1.0,1854,arvet
0914,2005,4213,1.0,5889,arvet
0919,2005,4214,1.0,4672,arvet
0926,2005,4215,1.0,9043,arvet
0928,2005,4216,1.0,4340,arvet
0929,2005,4217,1.0,1801,arvet
0935,2005,4218,1.0,1154,arvet
0937,2005,4219,1.0,3305,arvet
0938,2005,4220,1.0,1327,arvet
0940,2005,4221,1.0,1384,arvet
0941,2005,4222,1.0,857,arvet
1001,2005,4204,1.0,76066,arvet
1002,2005,4205,1.0,14010,arvet
1003,2005,4206,1.0,9479,arvet
1004,2005,4207,1.0,8878,arvet
1014,2005,4223,1.0,12427,arvet
1017,2005,4204,1.0,5556,arvet
1018,2005,4204,1.0,9547,arvet
1021,2005,4205,1.0,2167,arvet
1026,2005,4224,1.0,907,arvet
1027,2005,4225,1.0,1575,arvet
1029,2005,4205,1.0,4484,arvet
1032,2005,4225,1.0,7244,arvet
1034,2005,4226,1.0,1594,arvet
1037,2005,4227,1.0,5582,arvet
1046,2005,4228,1.0,1760,arvet
1101,2005,1101,1.0,13408,arvet
1102,2005,1108,1.0,57618,arvet
1103,2005,1103,1.0,113991,arvet
1106,2005,1106,1.0,31530,arvet
1111,2005,1111,1.0,3309,arvet
1112,2005,1112,1.0,3129,arvet
1114,2005,1114,1.0,2463,arvet
1119,2005,1119,1.0,14784,arvet
1120,2005,1120,1.0,14536,arvet
1121,2005,1121,1.0,14461,arvet
1122,2005,1122,1.0,9273,arvet
1124,2005,1124,1.0,19832,arvet
1127,2005,1127,1.0,9099,arvet
1129,2005,1108,1.0,1102,arvet
1130,2005,1130,1.0,10441,arvet
1133,2005,1133,1.0,2736,arvet
1134,2005,1134,1.0,3901,arvet
1135,2005,1135,1.0,4819,arvet
1141,2005,1103,1.0,2772,arvet
1142,2005,1103,1.0,3350,arvet
1144,2005,1144,1.0,511,arvet
1145,2005,1145,1.0,769,arvet
1146,2005,1146,1.0,9370,arvet
1149,2005,1149,1.0,37567,arvet
1151,2005,1151,1.0,213,arvet
1154,2005,1160,1.0,4700,eksakt-sum
1159,2005,1160,1.0,3420,eksakt-sum
1201,2005,4601,1.0,239209,arvet
1211,2005,4611,1.0,3904,arvet
1216,2005,4612,1.0,4672,arvet
1219,2005,4613,1.0,10830,arvet
1221,2005,4614,1.0,16516,arvet
1222,2005,4615,1.0,2895,arvet
1223,2005,4616,1.0,2825,arvet
1224,2005,4617,1.0,13122,arvet
1227,2005,4618,1.0,1078,arvet
1228,2005,4618,1.0,7378,arvet
1231,2005,4618,1.0,3517,arvet
1232,2005,4619,1.0,914,arvet
1233,2005,4620,1.0,1163,arvet
1234,2005,4621,1.0,1008,arvet
1235,2005,4621,1.0,13850,arvet
1238,2005,4622,1.0,8334,arvet
1241,2005,4624,1.0,3709,arvet
1242,2005,4623,1.0,2322,arvet
1243,2005,4624,1.0,14908,arvet
1244,2005,4625,1.0,4451,arvet
1245,2005,4626,1.0,5537,arvet
1246,2005,4626,1.0,20043,arvet
1247,2005,4627,1.0,22020,arvet
1251,2005,4628,1.0,4154,arvet
1252,2005,4629,1.0,361,arvet
1253,2005,4630,1.0,7207,arvet
1256,2005,4631,1.0,5861,arvet
1259,2005,4626,1.0,3975,arvet
1260,2005,4631,1.0,4656,arvet
1263,2005,4631,1.0,13043,arvet
1264,2005,4632,1.0,2527,arvet
1265,2005,4633,1.0,661,arvet
1266,2005,4634,1.0,1693,arvet
1401,2005,4602,1.0,11364,arvet
1411,2005,4635,1.0,2459,arvet
1412,2005,4636,1.0,875,arvet
1413,2005,4637,1.0,1526,arvet
1416,2005,4638,1.0,4502,arvet
1417,2005,4639,1.0,2881,arvet
1418,2005,4640,1.0,1431,arvet
1419,2005,4640,1.0,2209,arvet
1420,2005,4640,1.0,6794,arvet
1421,2005,4641,1.0,1783,arvet
1422,2005,4642,1.0,2158,arvet
1424,2005,4643,1.0,5631,arvet
1426,2005,4644,1.0,4927,arvet
1428,2005,4645,1.0,3229,arvet
1429,2005,4646,1.0,2916,arvet
1430,2005,4647,1.0,2749,arvet
1431,2005,4647,1.0,2918,arvet
1432,2005,4647,1.0,11151,arvet
1433,2005,4647,1.0,2682,arvet
1438,2005,4648,1.0,4031,arvet
1439,2005,4602,1.0,6218,arvet
1441,2005,4649,1.0,2999,arvet
1443,2005,4649,1.0,5766,arvet
1444,2005,1577,1.0,1197,arvet
1445,2005,4650,1.0,5793,arvet
1449,2005,4651,1.0,6843,arvet
1502,2005,1506,1.0,24124,arvet
1503,2005,1505,1.0,17026,arvet
1504,2005,1508,1.0,40295,arvet
1511,2005,1511,1.0,3693,arvet
1514,2005,1514,1.0,2576,arvet
1515,2005,1515,1.0,8386,arvet
1516,2005,1516,1.0,6795,arvet
1517,2005,1517,1.0,4658,arvet
1519,2005,1577,1.0,8351,arvet
1520,2005,1520,1.0,10233,arvet
1523,2005,1508,1.0,2121,arvet
1524,2005,1578,1.0,1817,arvet
1525,2005,1525,1.0,4605,arvet
1526,2005,1578,1.0,1007,arvet
1528,2005,1528,1.0,7446,arvet
1529,2005,1508,1.0,3597,arvet
1531,2005,1531,1.0,7453,arvet
1532,2005,1532,1.0,6591,arvet
1534,2005,1580,1.0,8715,arvet
1535,2005,1535,1.0,6390,arvet
1539,2005,1539,1.0,7336,arvet
1543,2005,1506,1.0,3181,arvet
1545,2005,1506,1.0,1939,arvet
1546,2005,1508,1.0,1274,arvet
1547,2005,1547,1.0,3050,arvet
1548,2005,1579,1.0,9023,arvet
1551,2005,1579,1.0,3304,arvet
1554,2005,1554,1.0,5448,arvet
1556,2005,1505,1.0,5301,arvet
1557,2005,1557,1.0,2700,arvet
1560,2005,1560,1.0,3105,arvet
1563,2005,1563,1.0,7370,arvet
1566,2005,1566,1.0,6160,arvet
1567,2005,5061,1.0,2101,arvet
1569,2005,1576,1.0,2620,eksakt-sum
1571,2005,5055,1.0,1697,arvet
1572,2005,1576,1.0,1006,eksakt-sum
1573,2005,1573,1.0,2195,arvet
1601,2005,5001,1.0,156161,arvet
1612,2005,5055,1.0,4277,arvet
1613,2005,5055,0.153333,1026,"delt, anslått fra befolkningsendring 2019→2020"
1613,2005,5056,0.339048,1026,"delt, anslått fra befolkningsendring 2019→2020"
1613,2005,5059,0.507619,1026,"delt, anslått fra befolkningsendring 2019→2020"
1617,2005,5056,1.0,4025,arvet
1620,2005,5014,1.0,4114,arvet
1621,2005,5057,1.0,5136,arvet
1622,2005,5059,1.0,1799,arvet
1624,2005,5054,1.0,6433,arvet
1627,2005,5057,1.0,4685,arvet
1630,2005,5058,1.0,3337,arvet
1632,2005,5058,1.0,1074,arvet
1633,2005,5020,1.0,1052,arvet
1634,2005,5021,1.0,6473,arvet
1635,2005,5022,1.0,2660,arvet
1636,2005,5059,1.0,3934,arvet
1638,2005,5059,1.0,10512,arvet
1640,2005,5025,1.0,5636,arvet
1644,2005,5026,1.0,2132,arvet
1648,2005,5027,1.0,5797,arvet
1653,2005,5028,1.0,13977,arvet
1657,2005,5029,1.0,6063,arvet
1662,2005,5001,1.0,5279,arvet
1663,2005,5031,1.0,12095,arvet
1664,2005,5032,1.0,3988,arvet
1665,2005,5033,1.0,902,arvet
1702,2005,5006,1.0,20527,arvet
1703,2005,5007,1.0,12498,arvet
1711,2005,5034,1.0,2560,arvet
1714,2005,5035,1.0,19562,arvet
1717,2005,5036,1.0,2493,arvet
1718,2005,5054,1.0,3508,arvet
1719,2005,5037,1.0,18001,arvet
1721,2005,5038,1.0,13815,arvet
1723,2005,5053,1.0,888,arvet
1724,2005,5006,1.0,2670,arvet
1725,2005,5007,1.0,1781,arvet
1729,2005,5053,1.0,5908,arvet
1736,2005,5041,1.0,2260,arvet
1738,2005,5042,1.0,1509,arvet
1739,2005,5043,1.0,542,arvet
1740,2005,5044,1.0,941,arvet
1742,2005,5045,1.0,2481,arvet
1743,2005,5046,1.0,1247,arvet
1744,2005,5047,1.0,3476,arvet
1748,2005,5007,1.0,717,arvet
1749,2005,5049,1.0,1205,arvet
1750,2005,5060,1.0,4013,arvet
1751,2005,5060,1.0,5233,arvet
1755,2005,5052,1.0,609,arvet
1804,2005,1804,1.0,44414,arvet
1805,2005,1806,1.0,18512,arvet
1811,2005,1811,1.0,1778,arvet
1812,2005,1812,1.0,2075,arvet
1813,2005,1813,1.0,7585,arvet
1815,2005,1815,1.0,1356,arvet
1816,2005,1816,1.0,524,arvet
1818,2005,1818,1.0,1739,arvet
1820,2005,1820,1.0,7398,arvet
1822,2005,1822,1.0,2156,arvet
1824,2005,1824,1.0,13486,arvet
1825,2005,1825,1.0,1544,arvet
1826,2005,1826,1.0,1530,arvet
1827,2005,1827,1.0,1528,arvet
1828,2005,1828,1.0,1801,arvet
1832,2005,1832,1.0,4566,arvet
1833,2005,1833,1.0,25320,arvet
1834,2005,1834,1.0,2028,arvet
1835,2005,1835,1.0,444,arvet
1836,2005,1836,1.0,1443,arvet
1837,2005,1837,1.0,6759,arvet
1838,2005,1838,1.0,2178,arvet
1839,2005,1839,1.0,1165,arvet
1840,2005,1840,1.0,4800,arvet
1841,2005,1841,1.0,9549,arvet
1845,2005,1845,1.0,2153,arvet
1848,2005,1848,1.0,2802,arvet
1849,2005,1875,1.0,1836,arvet
1850,2005,1806,0.422336,2150,"delt, anslått fra befolkningsendring 2019→2020"
1850,2005,1875,0.577664,2150,"delt, anslått fra befolkningsendring 2019→2020"
1851,2005,1851,1.0,2349,arvet
1852,2005,5512,1.0,1421,arvet
1853,2005,1853,1.0,1417,arvet
1854,2005,1806,1.0,2736,arvet
1856,2005,1856,1.0,602,arvet
1857,2005,1857,1.0,743,arvet
1859,2005,1859,1.0,1470,arvet
1860,2005,1860,1.0,10764,arvet
1865,2005,1865,1.0,9034,arvet
1866,2005,1866,1.0,8039,arvet
1867,2005,1867,1.0,3003,arvet
1868,2005,1868,1.0,4550,arvet
1870,2005,1870,1.0,9536,arvet
1871,2005,1871,1.0,5341,arvet
1874,2005,1874,1.0,1201,arvet
1901,2005,5503,1.0,23108,arvet
1902,2005,5501,1.0,62558,arvet
1911,2005,5510,1.0,3072,arvet
1913,2005,5512,1.0,2954,arvet
1915,2005,5503,1.0,535,arvet
1917,2005,5514,1.0,1649,arvet
1919,2005,5516,1.0,1268,arvet
1920,2005,5518,1.0,1029,arvet
1922,2005,5520,1.0,3874,arvet
1923,2005,5522,1.0,2244,arvet
1924,2005,5524,1.0,6658,arvet
1925,2005,5526,1.0,3330,arvet
1926,2005,5528,1.0,1288,arvet
1927,2005,5530,1.0,1632,arvet
1928,2005,5530,1.0,1033,arvet
1929,2005,5530,1.0,1014,arvet
1931,2005,5530,1.0,11035,arvet
1933,2005,5532,1.0,5560,arvet
1936,2005,5534,1.0,2372,arvet
1938,2005,5536,1.0,3158,arvet
1939,2005,5538,1.0,1934,arvet
1940,2005,5540,1.0,2288,arvet
1941,2005,5542,1.0,3003,arvet
1942,2005,5544,1.0,4744,arvet
1943,2005,5546,1.0,1401,arvet
2002,2005,5634,1.0,2366,arvet
2003,2005,5607,1.0,6181,arvet
2004,2005,5603,1.0,9261,arvet
2011,2005,5612,1.0,2997,arvet
2012,2005,5601,1.0,17628,arvet
2014,2005,5614,1.0,1266,arvet
2015,2005,5616,1.0,1049,arvet
2017,2005,5603,1.0,1080,arvet
2018,2005,5618,1.0,1393,arvet
2019,2005,5620,1.0,3415,arvet
2020,2005,5622,1.0,4299,arvet
2021,2005,5610,1.0,2876,arvet
2022,2005,5624,1.0,1430,arvet
2023,2005,5626,1.0,1114,arvet
2024,2005,5630,1.0,1133,arvet
2025,2005,5628,1.0,3037,arvet
2027,2005,5636,1.0,901,arvet
2028,2005,5632,1.0,2185,arvet
2030,2005,5605,1.0,9463,arvet
0101,2006,3101,1.0,27722,arvet
0104,2006,3103,1.0,28182,arvet
0105,2006,3105,1.0,50115,arvet
0106,2006,3107,1.0,70791,arvet
0111,2006,3110,1.0,3821,arvet
0118,2006,3124,1.0,1456,arvet
0119,2006,3122,1.0,3505,arvet
0121,2006,3226,1.0,670,arvet
0122,2006,3118,1.0,5013,arvet
0123,2006,3118,1.0,4856,arvet
0124,2006,3118,1.0,14184,arvet
0125,2006,3118,1.0,10267,arvet
0127,2006,3116,1.0,3400,arvet
0128,2006,3120,1.0,7366,arvet
0135,2006,3112,1.0,6544,arvet
0136,2006,3103,1.0,13862,arvet
0137,2006,3114,1.0,4071,arvet
0138,2006,3118,1.0,4564,arvet
0211,2006,3216,1.0,13159,arvet
0213,2006,3207,1.0,27010,arvet
0214,2006,3218,1.0,14530,arvet
0215,2006,3214,1.0,13585,arvet
0216,2006,3212,1.0,16541,arvet
0217,2006,3207,1.0,23897,arvet
0219,2006,3201,1.0,105928,arvet
0220,2006,3203,1.0,51484,arvet
0221,2006,3226,1.0,13379,arvet
0226,2006,3205,1.0,13367,arvet
0227,2006,3205,1.0,9734,arvet
0228,2006,3224,1.0,14857,arvet
0229,2006,3220,1.0,9442,arvet
0230,2006,3222,1.0,30929,arvet
0231,2006,3205,1.0,43201,arvet
0233,2006,3232,1.0,19722,arvet
0234,2006,3230,1.0,5214,arvet
0235,2006,3209,1.0,25269,arvet
0236,2006,3228,1.0,18022,arvet
0237,2006,3240,1.0,18923,arvet
0238,2006,3238,1.0,10321,arvet
0239,2006,3242,1.0,2611,arvet
0301,2006,0301,1.0,538411,arvet
0402,2006,3401,1.0,17224,arvet
0403,2006,3403,1.0,27593,arvet
0412,2006,3411,1.0,31923,arvet
0415,2006,3412,1.0,7290,arvet
0417,2006,3413,1.0,18591,arvet
0418,2006,3414,1.0,5051,arvet
0419,2006,3415,1.0,7675,arvet
0420,2006,3416,1.0,6453,arvet
0423,2006,3417,1.0,5218,arvet
0425,2006,3418,1.0,7714,arvet
0426,2006,3419,1.0,3906,arvet
0427,2006,3420,1.0,18992,arvet
0428,2006,3421,1.0,6845,arvet
0429,2006,3422,1.0,4348,arvet
0430,2006,3423,1.0,2797,arvet
0432,2006,3424,1.0,2082,arvet
0434,2006,3425,1.0,1497,arvet
0436,2006,3426,1.0,1755,arvet
0437,2006,3427,1.0,5368,arvet
0438,2006,3428,1.0,2392,arvet
0439,2006,3429,1.0,1722,arvet
0441,2006,3430,1.0,2075,arvet
0501,2006,3405,1.0,25314,arvet
0502,2006,3407,1.0,27819,arvet
0511,2006,3431,1.0,2826,arvet
0512,2006,3432,1.0,2172,arvet
0513,2006,3433,1.0,2376,arvet
0514,2006,3434,1.0,2455,arvet
0515,2006,3435,1.0,3766,arvet
0516,2006,3436,1.0,5843,arvet
0517,2006,3437,1.0,6083,arvet
0519,2006,3438,1.0,3231,arvet
0520,2006,3439,1.0,4566,arvet
0521,2006,3440,1.0,4854,arvet
0522,2006,3441,1.0,6202,arvet
0528,2006,3442,1.0,14453,arvet
0529,2006,3443,1.0,12599,arvet
0532,2006,3236,1.0,6312,arvet
0533,2006,3234,1.0,8518,arvet
0534,2006,3446,1.0,13066,arvet
0536,2006,3447,1.0,5977,arvet
0538,2006,3448,1.0,6737,arvet
0540,2006,3449,1.0,3243,arvet
0541,2006,3450,1.0,1389,arvet
0542,2006,3451,1.0,6425,arvet
0543,2006,3452,1.0,2217,arvet
0544,2006,3453,1.0,3137,arvet
0545,2006,3454,1.0,1624,arvet
0602,2006,3301,1.0,57759,arvet
0604,2006,3303,1.0,23315,arvet
0605,2006,3305,1.0,28197,arvet
0612,2006,3310,1.0,5307,arvet
0615,2006,3320,1.0,998,arvet
0616,2006,3322,1.0,3524,arvet
0617,2006,3324,1.0,4404,arvet
0618,2006,3326,1.0,1947,arvet
0619,2006,3328,1.0,4662,arvet
0620,2006,3330,1.0,4500,arvet
0621,2006,3332,1.0,3501,arvet
0622,2006,3318,1.0,2127,arvet
0623,2006,3316,1.0,12585,arvet
0624,2006,3314,1.0,15825,arvet
0625,2006,3301,1.0,21653,arvet
0626,2006,3312,1.0,21874,arvet
0627,2006,3203,1.0,17594,arvet
0628,2006,3203,1.0,8913,arvet
0631,2006,3334,1.0,2529,arvet
0632,2006,3336,1.0,1414,arvet
0633,2006,3338,1.0,2597,arvet
0701,2006,3901,1.0,24871,arvet
0702,2006,3903,1.0,9654,arvet
0704,2006,3905,1.0,36919,arvet
0706,2006,3907,1.0,41555,arvet
0709,2006,3909,1.0,41211,arvet
0711,2006,3301,1.0,6465,arvet
0713,2006,3903,1.0,7740,arvet
0714,2006,3903,1.0,3079,arvet
0716,2006,3905,1.0,8243,arvet
0719,2006,3907,1.0,5147,arvet
0720,2006,3907,1.0,10127,arvet
0722,2006,3911,1.0,20082,arvet
0723,2006,3911,1.0,4566,arvet
0728,2006,3909,1.0,2445,arvet
0805,2006,4001,1.0,33550,arvet
0806,2006,4003,1.0,50761,arvet
0807,2006,4005,1.0,12314,arvet
0811,2006,4010,1.0,2362,arvet
0814,2006,4012,1.0,14104,arvet
0815,2006,4014,1.0,10477,arvet
0817,2006,4016,1.0,4163,arvet
0819,2006,4018,1.0,6571,arvet
0821,2006,4020,1.0,5307,arvet
0822,2006,4020,1.0,4291,arvet
0826,2006,4026,1.0,6247,arvet
0827,2006,4024,1.0,1619,arvet
0828,2006,4022,1.0,2912,arvet
0829,2006,4028,1.0,2575,arvet
0830,2006,4030,1.0,1407,arvet
0831,2006,4032,1.0,1369,arvet
0833,2006,4034,1.0,2417,arvet
0834,2006,4036,1.0,3694,arvet
0901,2006,4201,1.0,6863,arvet
0904,2006,4202,1.0,19224,arvet
0906,2006,4203,1.0,39826,arvet
0911,2006,4211,1.0,2506,arvet
0912,2006,4212,1.0,1849,arvet
0914,2006,4213,1.0,5838,arvet
0919,2006,4214,1.0,4764,arvet
0926,2006,4215,1.0,9030,arvet
0928,2006,4216,1.0,4387,arvet
0929,2006,4217,1.0,1785,arvet
0935,2006,4218,1.0,1170,arvet
0937,2006,4219,1.0,3324,arvet
0938,2006,4220,1.0,1296,arvet
0940,2006,4221,1.0,1348,arvet
0941,2006,4222,1.0,874,arvet
1001,2006,4204,1.0,76917,arvet
1002,2006,4205,1.0,14069,arvet
1003,2006,4206,1.0,9446,arvet
1004,2006,4207,1.0,8852,arvet
1014,2006,4223,1.0,12513,arvet
1017,2006,4204,1.0,5621,arvet
1018,2006,4204,1.0,9609,arvet
1021,2006,4205,1.0,2171,arvet
1026,2006,4224,1.0,894,arvet
1027,2006,4225,1.0,1556,arvet
1029,2006,4205,1.0,4486,arvet
1032,2006,4225,1.0,7296,arvet
1034,2006,4226,1.0,1583,arvet
1037,2006,4227,1.0,5564,arvet
1046,2006,4228,1.0,1740,arvet
1101,2006,1101,1.0,13418,arvet
1102,2006,1108,1.0,58947,arvet
1103,2006,1103,1.0,115157,arvet
1106,2006,1106,1.0,31738,arvet
1111,2006,1111,1.0,3301,arvet
1112,2006,1112,1.0,3098,arvet
1114,2006,1114,1.0,2475,arvet
1119,2006,1119,1.0,14883,arvet
1120,2006,1120,1.0,14832,arvet
1121,2006,1121,1.0,14807,arvet
1122,2006,1122,1.0,9426,arvet
1124,2006,1124,1.0,20138,arvet
1127,2006,1127,1.0,9304,arvet
1129,2006,1108,1.0,1092,arvet
1130,2006,1130,1.0,10566,arvet
1133,2006,1133,1.0,2723,arvet
1134,2006,1134,1.0,3883,arvet
1135,2006,1135,1.0,4769,arvet
1141,2006,1103,1.0,2729,arvet
1142,2006,1103,1.0,3412,arvet
1144,2006,1144,1.0,521,arvet
1145,2006,1145,1.0,770,arvet
1146,2006,1146,1.0,9349,arvet
1149,2006,1149,1.0,37928,arvet
1151,2006,1151,1.0,209,arvet
1160,2006,1160,1.0,8119,arvet
1201,2006,4601,1.0,242158,arvet
1211,2006,4611,1.0,3872,arvet
1216,2006,4612,1.0,4747,arvet
1219,2006,4613,1.0,10808,arvet
1221,2006,4614,1.0,16682,arvet
1222,2006,4615,1.0,2901,arvet
1223,2006,4616,1.0,2795,arvet
1224,2006,4617,1.0,13071,arvet
1227,2006,4618,1.0,1060,arvet
1228,2006,4618,1.0,7247,arvet
1231,2006,4618,1.0,3472,arvet
1232,2006,4619,1.0,899,arvet
1233,2006,4620,1.0,1142,arvet
1234,2006,4621,1.0,986,arvet
1235,2006,4621,1.0,13830,arvet
1238,2006,4622,1.0,8306,arvet
1241,2006,4624,1.0,3731,arvet
1242,2006,4623,1.0,2341,arvet
1243,2006,4624,1.0,15260,arvet
1244,2006,4625,1.0,4391,arvet
1245,2006,4626,1.0,5584,arvet
1246,2006,4626,1.0,20392,arvet
1247,2006,4627,1.0,22496,arvet
1251,2006,4628,1.0,4118,arvet
1252,2006,4629,1.0,354,arvet
1253,2006,4630,1.0,7224,arvet
1256,2006,4631,1.0,5931,arvet
1259,2006,4626,1.0,4077,arvet
1260,2006,4631,1.0,4635,arvet
1263,2006,4631,1.0,13285,arvet
1264,2006,4632,1.0,2485,arvet
1265,2006,4633,1.0,638,arvet
1266,2006,4634,1.0,1693,arvet
1401,2006,4602,1.0,11410,arvet
1411,2006,4635,1.0,2417,arvet
1412,2006,4636,1.0,877,arvet
1413,2006,4637,1.0,1502,arvet
1416,2006,4638,1.0,4448,arvet
1417,2006,4639,1.0,2847,arvet
1418,2006,4640,1.0,1406,arvet
1419,2006,4640,1.0,2199,arvet
1420,2006,4640,1.0,6836,arvet
1421,2006,4641,1.0,1733,arvet
1422,2006,4642,1.0,2155,arvet
1424,2006,4643,1.0,5549,arvet
1426,2006,4644,1.0,4889,arvet
1428,2006,4645,1.0,3182,arvet
1429,2006,4646,1.0,2881,arvet
1430,2006,4647,1.0,2771,arvet
1431,2006,4647,1.0,2918,arvet
1432,2006,4647,1.0,11327,arvet
1433,2006,4647,1.0,2699,arvet
1438,2006,4648,1.0,3968,arvet
1439,2006,4602,1.0,6123,arvet
1441,2006,4649,1.0,2958,arvet
1443,2006,4649,1.0,5801,arvet
1444,2006,1577,1.0,1206,arvet
1445,2006,4650,1.0,5769,arvet
1449,2006,4651,1.0,6779,arvet
1502,2006,1506,1.0,24146,arvet
1503,2006,1505,1.0,17067,arvet
1504,2006,1508,1.0,40801,arvet
1511,2006,1511,1.0,3589,arvet
1514,2006,1514,1.0,2539,arvet
1515,2006,1515,1.0,8373,arvet
1516,2006,1516,1.0,6813,arvet
1517,2006,1517,1.0,4637,arvet
1519,2006,1577,1.0,8322,arvet
1520,2006,1520,1.0,10257,arvet
1523,2006,1508,1.0,2093,arvet
1524,2006,1578,1.0,1808,arvet
1525,2006,1525,1.0,4544,arvet
1526,2006,1578,1.0,996,arvet
1528,2006,1528,1.0,7421,arvet
1529,2006,1508,1.0,3638,arvet
1531,2006,1531,1.0,7502,arvet
1532,2006,1532,1.0,6630,arvet
1534,2006,1580,1.0,8643,arvet
1535,2006,1535,1.0,6442,arvet
1539,2006,1539,1.0,7347,arvet
1543,2006,1506,1.0,3139,arvet
1545,2006,1506,1.0,1923,arvet
1546,2006,1508,1.0,1270,arvet
1547,2006,1547,1.0,3099,arvet
1548,2006,1579,1.0,9088,arvet
1551,2006,1579,1.0,3342,arvet
1554,2006,1554,1.0,5360,arvet
1556,2006,1505,1.0,5380,arvet
1557,2006,1557,1.0,2676,arvet
1560,2006,1560,1.0,3099,arvet
1563,2006,1563,1.0,7323,arvet
1566,2006,1566,1.0,6107,arvet
1567,2006,5061,1.0,2088,arvet
1571,2006,5055,1.0,1693,arvet
1573,2006,1573,1.0,2192,arvet
1576,2006,1576,1.0,3591,arvet
1601,2006,5001,1.0,158613,arvet
1612,2006,5055,1.0,4293,arvet
1613,2006,5055,0.153333,1046,"delt, anslått fra befolkningsendring 2019→2020"
1613,2006,5056,0.339048,1046,"delt, anslått fra befolkningsendring 2019→2020"
1613,2006,5059,0.507619,1046,"delt, anslått fra befolkningsendring 2019→2020"
1617,2006,5056,1.0,4021,arvet
1620,2006,5014,1.0,4059,arvet
1621,2006,5057,1.0,5113,arvet
1622,2006,5059,1.0,1779,arvet
1624,2006,5054,1.0,6417,arvet
1627,2006,5057,1.0,4634,arvet
1630,2006,5058,1.0,3315,arvet
1632,2006,5058,1.0,1066,arvet
1633,2006,5020,1.0,1059,arvet
1634,2006,5021,1.0,6499,arvet
1635,2006,5022,1.0,2653,arvet
1636,2006,5059,1.0,3903,arvet
1638,2006,5059,1.0,10632,arvet
1640,2006,5025,1.0,5639,arvet
1644,2006,5026,1.0,2087,arvet
1648,2006,5027,1.0,5873,arvet
1653,2006,5028,1.0,14176,arvet
1657,2006,5029,1.0,6146,arvet
1662,2006,5001,1.0,5353,arvet
1663,2006,5031,1.0,12213,arvet
1664,2006,5032,1.0,3940,arvet
1665,2006,5033,1.0,874,arvet
1702,2006,5006,1.0,20477,arvet
1703,2006,5007,1.0,12574,arvet
1711,2006,5034,1.0,2531,arvet
1714,2006,5035,1.0,19892,arvet
1717,2006,5036,1.0,2467,arvet
1718,2006,5054,1.0,3496,arvet
1719,2006,5037,1.0,18080,arvet
1721,2006,5038,1.0,13900,arvet
1723,2006,5053,1.0,893,arvet
1724,2006,5006,1.0,2644,arvet
1725,2006,5007,1.0,1749,arvet
1729,2006,5053,1.0,5938,arvet
1736,2006,5041,1.0,2251,arvet
1738,2006,5042,1.0,1503,arvet
1739,2006,5043,1.0,544,arvet
1740,2006,5044,1.0,919,arvet
1742,2006,5045,1.0,2416,arvet
1743,2006,5046,1.0,1279,arvet
1744,2006,5047,1.0,3493,arvet
1748,2006,5007,1.0,714,arvet
1749,2006,5049,1.0,1174,arvet
1750,2006,5060,1.0,4011,arvet
1751,2006,5060,1.0,5154,arvet
1755,2006,5052,1.0,595,arvet
1804,2006,1804,1.0,44992,arvet
1805,2006,1806,1.0,18365,arvet
1811,2006,1811,1.0,1741,arvet
1812,2006,1812,1.0,2048,arvet
1813,2006,1813,1.0,7565,arvet
1815,2006,1815,1.0,1308,arvet
1816,2006,1816,1.0,516,arvet
1818,2006,1818,1.0,1725,arvet
1820,2006,1820,1.0,7306,arvet
1822,2006,1822,1.0,2156,arvet
1824,2006,1824,1.0,13440,arvet
1825,2006,1825,1.0,1543,arvet
1826,2006,1826,1.0,1503,arvet
1827,2006,1827,1.0,1507,arvet
1828,2006,1828,1.0,1769,arvet
1832,2006,1832,1.0,4542,arvet
1833,2006,1833,1.0,25355,arvet
1834,2006,1834,1.0,1971,arvet
1835,2006,1835,1.0,453,arvet
1836,2006,1836,1.0,1376,arvet
1837,2006,1837,1.0,6715,arvet
1838,2006,1838,1.0,2107,arvet
1839,2006,1839,1.0,1159,arvet
1840,2006,1840,1.0,4751,arvet
1841,2006,1841,1.0,9551,arvet
1845,2006,1845,1.0,2119,arvet
1848,2006,1848,1.0,2760,arvet
1849,2006,1875,1.0,1821,arvet
1850,2006,1806,0.422336,2118,"delt, anslått fra befolkningsendring 2019→2020"
1850,2006,1875,0.577664,2118,"delt, anslått fra befolkningsendring 2019→2020"
1851,2006,1851,1.0,2314,arvet
1852,2006,5512,1.0,1396,arvet
1853,2006,1853,1.0,1365,arvet
1854,2006,1806,1.0,2701,arvet
1856,2006,1856,1.0,598,arvet
1857,2006,1857,1.0,748,arvet
1859,2006,1859,1.0,1454,arvet
1860,2006,1860,1.0,10797,arvet
1865,2006,1865,1.0,9021,arvet
1866,2006,1866,1.0,8001,arvet
1867,2006,1867,1.0,2946,arvet
1868,2006,1868,1.0,4567,arvet
1870,2006,1870,1.0,9639,arvet
1871,2006,1871,1.0,5245,arvet
1874,2006,1874,1.0,1183,arvet
1901,2006,5503,1.0,23228,arvet
1902,2006,5501,1.0,63596,arvet
1911,2006,5510,1.0,3067,arvet
1913,2006,5512,1.0,2918,arvet
1915,2006,5503,1.0,537,arvet
1917,2006,5514,1.0,1630,arvet
1919,2006,5516,1.0,1245,arvet
1920,2006,5518,1.0,1035,arvet
1922,2006,5520,1.0,3799,arvet
1923,2006,5522,1.0,2263,arvet
1924,2006,5524,1.0,6578,arvet
1925,2006,5526,1.0,3322,arvet
1926,2006,5528,1.0,1295,arvet
1927,2006,5530,1.0,1598,arvet
1928,2006,5530,1.0,1005,arvet
1929,2006,5530,1.0,996,arvet
1931,2006,5530,1.0,11051,arvet
1933,2006,5532,1.0,5569,arvet
1936,2006,5534,1.0,2369,arvet
1938,2006,5536,1.0,3161,arvet
1939,2006,5538,1.0,1932,arvet
1940,2006,5540,1.0,2261,arvet
1941,2006,5542,1.0,2971,arvet
1942,2006,5544,1.0,4772,arvet
1943,2006,5546,1.0,1387,arvet
2002,2006,5634,1.0,2338,arvet
2003,2006,5607,1.0,6114,arvet
2004,2006,5603,1.0,9361,arvet
2011,2006,5612,1.0,2998,arvet
2012,2006,5601,1.0,17889,arvet
2014,2006,5614,1.0,1213,arvet
2015,2006,5616,1.0,1033,arvet
2017,2006,5603,1.0,1070,arvet
2018,2006,5618,1.0,1376,arvet
2019,2006,5620,1.0,3330,arvet
2020,2006,5622,1.0,4222,arvet
2021,2006,5610,1.0,2889,arvet
2022,2006,5624,1.0,1391,arvet
2023,2006,5626,1.0,1076,arvet
2024,2006,5630,1.0,1104,arvet
2025,2006,5628,1.0,3006,arvet
2027,2006,5636,1.0,892,arvet
2028,2006,5632,1.0,2171,arvet
2030,2006,5605,1.0,9464,arvet
0101,2007,3101,1.0,27835,arvet
0104,2007,3103,1.0,28633,arvet
0105,2007,3105,1.0,50593,arvet
0106,2007,3107,1.0,71297,arvet
0111,2007,3110,1.0,3880,arvet
0118,2007,3124,1.0,1417,arvet
0119,2007,3122,1.0,3517,arvet
0121,2007,3226,1.0,659,arvet
0122,2007,3118,1.0,4994,arvet
0123,2007,3118,1.0,4948,arvet
0124,2007,3118,1.0,14329,arvet
0125,2007,3118,1.0,10357,arvet
0127,2007,3116,1.0,3413,arvet
0128,2007,3120,1.0,7428,arvet
0135,2007,3112,1.0,6654,arvet
0136,2007,3103,1.0,13839,arvet
0137,2007,3114,1.0,4152,arvet
0138,2007,3118,1.0,4578,arvet
0211,2007,3216,1.0,13414,arvet
0213,2007,3207,1.0,27247,arvet
0214,2007,3218,1.0,14873,arvet
0215,2007,3214,1.0,13890,arvet
0216,2007,3212,1.0,16791,arvet
0217,2007,3207,1.0,23993,arvet
0219,2007,3201,1.0,106932,arvet
0220,2007,3203,1.0,52210,arvet
0221,2007,3226,1.0,13587,arvet
0226,2007,3205,1.0,13807,arvet
0227,2007,3205,1.0,9799,arvet
0228,2007,3224,1.0,15062,arvet
0229,2007,3220,1.0,9660,arvet
0230,2007,3222,1.0,31365,arvet
0231,2007,3205,1.0,44577,arvet
0233,2007,3232,1.0,19968,arvet
0234,2007,3230,1.0,5353,arvet
0235,2007,3209,1.0,25966,arvet
0236,2007,3228,1.0,18219,arvet
0237,2007,3240,1.0,19334,arvet
0238,2007,3238,1.0,10536,arvet
0239,2007,3242,1.0,2594,arvet
0301,2007,0301,1.0,548617,arvet
0402,2007,3401,1.0,17236,arvet
0403,2007,3403,1.0,27909,arvet
0412,2007,3411,1.0,31974,arvet
0415,2007,3412,1.0,7292,arvet
0417,2007,3413,1.0,18642,arvet
0418,2007,3414,1.0,5055,arvet
0419,2007,3415,1.0,7754,arvet
0420,2007,3416,1.0,6385,arvet
0423,2007,3417,1.0,5152,arvet
0425,2007,3418,1.0,7604,arvet
0426,2007,3419,1.0,3877,arvet
0427,2007,3420,1.0,19260,arvet
0428,2007,3421,1.0,6782,arvet
0429,2007,3422,1.0,4284,arvet
0430,2007,3423,1.0,2705,arvet
0432,2007,3424,1.0,2055,arvet
0434,2007,3425,1.0,1460,arvet
0436,2007,3426,1.0,1707,arvet
0437,2007,3427,1.0,5371,arvet
0438,2007,3428,1.0,2430,arvet
0439,2007,3429,1.0,1695,arvet
0441,2007,3430,1.0,2063,arvet
0501,2007,3405,1.0,25537,arvet
0502,2007,3407,1.0,27931,arvet
0511,2007,3431,1.0,2812,arvet
0512,2007,3432,1.0,2150,arvet
0513,2007,3433,1.0,2329,arvet
0514,2007,3434,1.0,2436,arvet
0515,2007,3435,1.0,3724,arvet
0516,2007,3436,1.0,5790,arvet
0517,2007,3437,1.0,6099,arvet
0519,2007,3438,1.0,3199,arvet
0520,2007,3439,1.0,4557,arvet
0521,2007,3440,1.0,4893,arvet
0522,2007,3441,1.0,6114,arvet
0528,2007,3442,1.0,14389,arvet
0529,2007,3443,1.0,12610,arvet
0532,2007,3236,1.0,6238,arvet
0533,2007,3234,1.0,8522,arvet
0534,2007,3446,1.0,13110,arvet
0536,2007,3447,1.0,5932,arvet
0538,2007,3448,1.0,6720,arvet
0540,2007,3449,1.0,3194,arvet
0541,2007,3450,1.0,1394,arvet
0542,2007,3451,1.0,6388,arvet
0543,2007,3452,1.0,2212,arvet
0544,2007,3453,1.0,3166,arvet
0545,2007,3454,1.0,1591,arvet
0602,2007,3301,1.0,58730,arvet
0604,2007,3303,1.0,23644,arvet
0605,2007,3305,1.0,28385,arvet
0612,2007,3310,1.0,5436,arvet
0615,2007,3320,1.0,989,arvet
0616,2007,3322,1.0,3456,arvet
0617,2007,3324,1.0,4435,arvet
0618,2007,3326,1.0,1963,arvet
0619,2007,3328,1.0,4642,arvet
0620,2007,3330,1.0,4475,arvet
0621,2007,3332,1.0,3496,arvet
0622,2007,3318,1.0,2120,arvet
0623,2007,3316,1.0,12589,arvet
0624,2007,3314,1.0,15956,arvet
0625,2007,3301,1.0,21877,arvet
0626,2007,3312,1.0,22257,arvet
0627,2007,3203,1.0,17819,arvet
0628,2007,3203,1.0,8935,arvet
0631,2007,3334,1.0,2523,arvet
0632,2007,3336,1.0,1402,arvet
0633,2007,3338,1.0,2526,arvet
0701,2007,3901,1.0,25011,arvet
0702,2007,3903,1.0,9726,arvet
0704,2007,3905,1.0,37493,arvet
0706,2007,3907,1.0,41897,arvet
0709,2007,3909,1.0,41364,arvet
0711,2007,3301,1.0,6466,arvet
0713,2007,3903,1.0,7827,arvet
0714,2007,3903,1.0,3099,arvet
0716,2007,3905,1.0,8321,arvet
0719,2007,3907,1.0,5137,arvet
0720,2007,3907,1.0,10245,arvet
0722,2007,3911,1.0,20305,arvet
0723,2007,3911,1.0,4493,arvet
0728,2007,3909,1.0,2420,arvet
0805,2007,4001,1.0,33977,arvet
0806,2007,4003,1.0,50696,arvet
0807,2007,4005,1.0,12221,arvet
0811,2007,4010,1.0,2362,arvet
0814,2007,4012,1.0,14061,arvet
0815,2007,4014,1.0,10481,arvet
0817,2007,4016,1.0,4136,arvet
0819,2007,4018,1.0,6576,arvet
0821,2007,4020,1.0,5333,arvet
0822,2007,4020,1.0,4277,arvet
0826,2007,4026,1.0,6120,arvet
0827,2007,4024,1.0,1619,arvet
0828,2007,4022,1.0,2933,arvet
0829,2007,4028,1.0,2542,arvet
0830,2007,4030,1.0,1375,arvet
0831,2007,4032,1.0,1363,arvet
0833,2007,4034,1.0,2414,arvet
0834,2007,4036,1.0,3684,arvet
0901,2007,4201,1.0,6873,arvet
0904,2007,4202,1.0,19536,arvet
0906,2007,4203,1.0,40057,arvet
0911,2007,4211,1.0,2513,arvet
0912,2007,4212,1.0,1864,arvet
0914,2007,4213,1.0,5822,arvet
0919,2007,4214,1.0,4759,arvet
0926,2007,4215,1.0,9109,arvet
0928,2007,4216,1.0,4411,arvet
0929,2007,4217,1.0,1815,arvet
0935,2007,4218,1.0,1191,arvet
0937,2007,4219,1.0,3315,arvet
0938,2007,4220,1.0,1272,arvet
0940,2007,4221,1.0,1320,arvet
0941,2007,4222,1.0,902,arvet
1001,2007,4204,1.0,77840,arvet
1002,2007,4205,1.0,14200,arvet
1003,2007,4206,1.0,9386,arvet
1004,2007,4207,1.0,8860,arvet
1014,2007,4223,1.0,12555,arvet
1017,2007,4204,1.0,5664,arvet
1018,2007,4204,1.0,9743,arvet
1021,2007,4205,1.0,2147,arvet
1026,2007,4224,1.0,893,arvet
1027,2007,4225,1.0,1595,arvet
1029,2007,4205,1.0,4520,arvet
1032,2007,4225,1.0,7368,arvet
1034,2007,4226,1.0,1599,arvet
1037,2007,4227,1.0,5595,arvet
1046,2007,4228,1.0,1737,arvet
1101,2007,1101,1.0,13594,arvet
1102,2007,1108,1.0,60507,arvet
1103,2007,1103,1.0,117315,arvet
1106,2007,1106,1.0,32303,arvet
1111,2007,1111,1.0,3266,arvet
1112,2007,1112,1.0,3120,arvet
1114,2007,1114,1.0,2507,arvet
1119,2007,1119,1.0,15072,arvet
1120,2007,1120,1.0,15271,arvet
1121,2007,1121,1.0,15048,arvet
1122,2007,1122,1.0,9621,arvet
1124,2007,1124,1.0,20666,arvet
1127,2007,1127,1.0,9501,arvet
1129,2007,1108,1.0,1103,arvet
1130,2007,1130,1.0,10654,arvet
1133,2007,1133,1.0,2707,arvet
1134,2007,1134,1.0,3874,arvet
1135,2007,1135,1.0,4732,arvet
1141,2007,1103,1.0,2672,arvet
1142,2007,1103,1.0,3526,arvet
1144,2007,1144,1.0,527,arvet
1145,2007,1145,1.0,793,arvet
1146,2007,1146,1.0,9513,arvet
1149,2007,1149,1.0,38349,arvet
1151,2007,1151,1.0,214,arvet
1160,2007,1160,1.0,8111,arvet
1201,2007,4601,1.0,244620,arvet
1211,2007,4611,1.0,3858,arvet
1216,2007,4612,1.0,4764,arvet
1219,2007,4613,1.0,10892,arvet
1221,2007,4614,1.0,16850,arvet
1222,2007,4615,1.0,2897,arvet
1223,2007,4616,1.0,2753,arvet
1224,2007,4617,1.0,13032,arvet
1227,2007,4618,1.0,1056,arvet
1228,2007,4618,1.0,7154,arvet
1231,2007,4618,1.0,3416,arvet
1232,2007,4619,1.0,915,arvet
1233,2007,4620,1.0,1137,arvet
1234,2007,4621,1.0,977,arvet
1235,2007,4621,1.0,13786,arvet
1238,2007,4622,1.0,8230,arvet
1241,2007,4624,1.0,3749,arvet
1242,2007,4623,1.0,2353,arvet
1243,2007,4624,1.0,15595,arvet
1244,2007,4625,1.0,4389,arvet
1245,2007,4626,1.0,5670,arvet
1246,2007,4626,1.0,20791,arvet
1247,2007,4627,1.0,23018,arvet
1251,2007,4628,1.0,4094,arvet
1252,2007,4629,1.0,356,arvet
1253,2007,4630,1.0,7186,arvet
1256,2007,4631,1.0,6016,arvet
1259,2007,4626,1.0,4134,arvet
1260,2007,4631,1.0,4658,arvet
1263,2007,4631,1.0,13594,arvet
1264,2007,4632,1.0,2520,arvet
1265,2007,4633,1.0,620,arvet
1266,2007,4634,1.0,1631,arvet
1401,2007,4602,1.0,11341,arvet
1411,2007,4635,1.0,2406,arvet
1412,2007,4636,1.0,871,arvet
1413,2007,4637,1.0,1492,arvet
1416,2007,4638,1.0,4420,arvet
1417,2007,4639,1.0,2835,arvet
1418,2007,4640,1.0,1399,arvet
1419,2007,4640,1.0,2199,arvet
1420,2007,4640,1.0,6822,arvet
1421,2007,4641,1.0,1715,arvet
1422,2007,4642,1.0,2153,arvet
1424,2007,4643,1.0,5491,arvet
1426,2007,4644,1.0,4884,arvet
1428,2007,4645,1.0,3143,arvet
1429,2007,4646,1.0,2870,arvet
1430,2007,4647,1.0,2719,arvet
1431,2007,4647,1.0,2928,arvet
1432,2007,4647,1.0,11465,arvet
1433,2007,4647,1.0,2658,arvet
1438,2007,4648,1.0,3930,arvet
1439,2007,4602,1.0,6064,arvet
1441,2007,4649,1.0,2911,arvet
1443,2007,4649,1.0,5848,arvet
1444,2007,1577,1.0,1201,arvet
1445,2007,4650,1.0,5723,arvet
1449,2007,4651,1.0,6706,arvet
1502,2007,1506,1.0,24254,arvet
1503,2007,1505,1.0,17094,eksakt-sum
1504,2007,1508,1.0,41385,arvet
1511,2007,1511,1.0,3536,arvet
1514,2007,1514,1.0,2526,arvet
1515,2007,1515,1.0,8321,arvet
1516,2007,1516,1.0,6841,arvet
1517,2007,1517,1.0,4675,arvet
1519,2007,1577,1.0,8317,arvet
1520,2007,1520,1.0,10162,arvet
1523,2007,1508,1.0,2088,arvet
1524,2007,1578,1.0,1817,arvet
1525,2007,1525,1.0,4500,arvet
1526,2007,1578,1.0,984,arvet
1528,2007,1528,1.0,7467,arvet
1529,2007,1508,1.0,3668,arvet
1531,2007,1531,1.0,7538,arvet
1532,2007,1532,1.0,6647,arvet
1534,2007,1580,1.0,8606,arvet
1535,2007,1535,1.0,6402,arvet
1539,2007,1539,1.0,7325,arvet
1543,2007,1506,1.0,3088,arvet
1545,2007,1506,1.0,1910,arvet
1546,2007,1508,1.0,1276,arvet
1547,2007,1547,1.0,3142,arvet
1548,2007,1579,1.0,9131,arvet
1551,2007,1579,1.0,3365,arvet
1554,2007,1554,1.0,5367,arvet
1556,2007,1505,1.0,5428,eksakt-sum
1557,2007,1557,1.0,2647,arvet
1560,2007,1560,1.0,3084,arvet
1563,2007,1563,1.0,7333,arvet
1566,2007,1566,1.0,6049,arvet
1567,2007,5061,1.0,2061,arvet
1571,2007,5055,1.0,1671,arvet
1573,2007,1573,1.0,2165,arvet
1576,2007,1576,1.0,3515,arvet
1601,2007,5001,1.0,161730,arvet
1612,2007,5055,1.0,4247,arvet
1613,2007,5055,0.153333,1021,"delt, anslått fra befolkningsendring 2019→2020"
1613,2007,5056,0.339048,1021,"delt, anslått fra befolkningsendring 2019→2020"
1613,2007,5059,0.507619,1021,"delt, anslått fra befolkningsendring 2019→2020"
1617,2007,5056,1.0,4028,arvet
1620,2007,5014,1.0,4052,arvet
1621,2007,5057,1.0,5091,arvet
1622,2007,5059,1.0,1775,arvet
1624,2007,5054,1.0,6366,arvet
1627,2007,5057,1.0,4561,arvet
1630,2007,5058,1.0,3258,arvet
1632,2007,5058,1.0,1030,arvet
1633,2007,5020,1.0,1051,arvet
1634,2007,5021,1.0,6531,arvet
1635,2007,5022,1.0,2635,arvet
1636,2007,5059,1.0,3900,arvet
1638,2007,5059,1.0,10812,arvet
1640,2007,5025,1.0,5671,arvet
1644,2007,5026,1.0,2076,arvet
1648,2007,5027,1.0,5889,arvet
1653,2007,5028,1.0,14304,arvet
1657,2007,5029,1.0,6211,arvet
1662,2007,5001,1.0,5474,arvet
1663,2007,5031,1.0,12322,arvet
1664,2007,5032,1.0,3942,arvet
1665,2007,5033,1.0,859,arvet
1702,2007,5006,1.0,20624,arvet
1703,2007,5007,1.0,12573,arvet
1711,2007,5034,1.0,2507,arvet
1714,2007,5035,1.0,20273,arvet
1717,2007,5036,1.0,2461,arvet
1718,2007,5054,1.0,3484,arvet
1719,2007,5037,1.0,18173,arvet
1721,2007,5038,1.0,13962,arvet
1723,2007,5053,1.0,874,arvet
1724,2007,5006,1.0,2623,arvet
1725,2007,5007,1.0,1741,arvet
1729,2007,5053,1.0,5920,arvet
1736,2007,5041,1.0,2197,arvet
1738,2007,5042,1.0,1485,arvet
1739,2007,5043,1.0,526,arvet
1740,2007,5044,1.0,933,arvet
1742,2007,5045,1.0,2387,arvet
1743,2007,5046,1.0,1266,arvet
1744,2007,5047,1.0,3505,arvet
1748,2007,5007,1.0,712,arvet
1749,2007,5049,1.0,1168,arvet
1750,2007,5060,1.0,4019,arvet
1751,2007,5060,1.0,5073,arvet
1755,2007,5052,1.0,583,arvet
1804,2007,1804,1.0,45575,arvet
1805,2007,1806,1.0,18301,arvet
1811,2007,1811,1.0,1692,arvet
1812,2007,1812,1.0,2047,arvet
1813,2007,1813,1.0,7548,arvet
1815,2007,1815,1.0,1299,arvet
1816,2007,1816,1.0,504,arvet
1818,2007,1818,1.0,1682,arvet
1820,2007,1820,1.0,7225,arvet
1822,2007,1822,1.0,2123,arvet
1824,2007,1824,1.0,13571,arvet
1825,2007,1825,1.0,1540,arvet
1826,2007,1826,1.0,1482,arvet
1827,2007,1827,1.0,1489,arvet
1828,2007,1828,1.0,1776,arvet
1832,2007,1832,1.0,4510,arvet
1833,2007,1833,1.0,25190,arvet
1834,2007,1834,1.0,1970,arvet
1835,2007,1835,1.0,446,arvet
1836,2007,1836,1.0,1343,arvet
1837,2007,1837,1.0,6663,arvet
1838,2007,1838,1.0,2081,arvet
1839,2007,1839,1.0,1148,arvet
1840,2007,1840,1.0,4688,arvet
1841,2007,1841,1.0,9465,arvet
1845,2007,1845,1.0,2084,arvet
1848,2007,1848,1.0,2680,arvet
1849,2007,1875,1.0,1771,arvet
1850,2007,1806,0.422336,2052,"delt, anslått fra befolkningsendring 2019→2020"
1850,2007,1875,0.577664,2052,"delt, anslått fra befolkningsendring 2019→2020"
1851,2007,1851,1.0,2257,arvet
1852,2007,5512,1.0,1352,arvet
1853,2007,1853,1.0,1361,arvet
1854,2007,1806,1.0,2684,arvet
1856,2007,1856,1.0,591,arvet
1857,2007,1857,1.0,748,arvet
1859,2007,1859,1.0,1458,arvet
1860,2007,1860,1.0,10745,arvet
1865,2007,1865,1.0,8992,arvet
1866,2007,1866,1.0,7907,arvet
1867,2007,1867,1.0,2899,arvet
1868,2007,1868,1.0,4486,arvet
1870,2007,1870,1.0,9703,arvet
1871,2007,1871,1.0,5152,arvet
1874,2007,1874,1.0,1156,arvet
1901,2007,5503,1.0,23261,arvet
1902,2007,5501,1.0,64492,arvet
1911,2007,5510,1.0,3048,arvet
1913,2007,5512,1.0,2883,arvet
1915,2007,5503,1.0,523,arvet
1917,2007,5514,1.0,1574,arvet
1919,2007,5516,1.0,1226,arvet
1920,2007,5518,1.0,1011,arvet
1922,2007,5520,1.0,3920,arvet
1923,2007,5522,1.0,2232,arvet
1924,2007,5524,1.0,6590,arvet
1925,2007,5526,1.0,3315,arvet
1926,2007,5528,1.0,1265,arvet
1927,2007,5530,1.0,1570,arvet
1928,2007,5530,1.0,978,arvet
1929,2007,5530,1.0,962,arvet
1931,2007,5530,1.0,11027,arvet
1933,2007,5532,1.0,5569,arvet
1936,2007,5534,1.0,2344,arvet
1938,2007,5536,1.0,3199,arvet
1939,2007,5538,1.0,1911,arvet
1940,2007,5540,1.0,2220,arvet
1941,2007,5542,1.0,2966,arvet
1942,2007,5544,1.0,4699,arvet
1943,2007,5546,1.0,1351,arvet
2002,2007,5634,1.0,2286,arvet
2003,2007,5607,1.0,6124,arvet
2004,2007,5603,1.0,9391,arvet
2011,2007,5612,1.0,2965,arvet
2012,2007,5601,1.0,18090,arvet
2014,2007,5614,1.0,1150,arvet
2015,2007,5616,1.0,1005,arvet
2017,2007,5603,1.0,1092,arvet
2018,2007,5618,1.0,1319,arvet
2019,2007,5620,1.0,3274,arvet
2020,2007,5622,1.0,4141,arvet
2021,2007,5610,1.0,2873,arvet
2022,2007,5624,1.0,1357,arvet
2023,2007,5626,1.0,1046,arvet
2024,2007,5630,1.0,1086,arvet
2025,2007,5628,1.0,2979,arvet
2027,2007,5636,1.0,884,arvet
2028,2007,5632,1.0,2113,arvet
2030,2007,5605,1.0,9490,arvet
0101,2008,3101,1.0,28092,arvet
0104,2008,3103,1.0,29073,arvet
0105,2008,3105,1.0,51053,arvet
0106,2008,3107,1.0,71976,arvet
0111,2008,3110,1.0,3961,arvet
0118,2008,3124,1.0,1429,arvet
0119,2008,3122,1.0,3463,arvet
0121,2008,3226,1.0,649,arvet
0122,2008,3118,1.0,5039,arvet
0123,2008,3118,1.0,5073,arvet
0124,2008,3118,1.0,14472,arvet
0125,2008,3118,1.0,10509,arvet
0127,2008,3116,1.0,3525,arvet
0128,2008,3120,1.0,7515,arvet
0135,2008,3112,1.0,6825,arvet
0136,2008,3103,1.0,13914,arvet
0137,2008,3114,1.0,4268,arvet
0138,2008,3118,1.0,4622,arvet
0211,2008,3216,1.0,13825,arvet
0213,2008,3207,1.0,27479,arvet
0214,2008,3218,1.0,15324,arvet
0215,2008,3214,1.0,14245,arvet
0216,2008,3212,1.0,16868,arvet
0217,2008,3207,1.0,24201,arvet
0219,2008,3201,1.0,108144,arvet
0220,2008,3203,1.0,52922,arvet
0221,2008,3226,1.0,13995,arvet
0226,2008,3205,1.0,14279,arvet
0227,2008,3205,1.0,9963,arvet
0228,2008,3224,1.0,15112,arvet
0229,2008,3220,1.0,9893,arvet
0230,2008,3222,1.0,31853,arvet
0231,2008,3205,1.0,46146,arvet
0233,2008,3232,1.0,20256,arvet
0234,2008,3230,1.0,5464,arvet
0235,2008,3209,1.0,26934,arvet
0236,2008,3228,1.0,18510,arvet
0237,2008,3240,1.0,19916,arvet
0238,2008,3238,1.0,10657,arvet
0239,2008,3242,1.0,2581,arvet
0301,2008,0301,1.0,560484,arvet
0402,2008,3401,1.0,17361,arvet
0403,2008,3403,1.0,27976,arvet
0412,2008,3411,1.0,32144,arvet
0415,2008,3412,1.0,7251,arvet
0417,2008,3413,1.0,18821,arvet
0418,2008,3414,1.0,5091,arvet
0419,2008,3415,1.0,7787,arvet
0420,2008,3416,1.0,6397,arvet
0423,2008,3417,1.0,5078,arvet
0425,2008,3418,1.0,7581,arvet
0426,2008,3419,1.0,3869,arvet
0427,2008,3420,1.0,19465,arvet
0428,2008,3421,1.0,6741,arvet
0429,2008,3422,1.0,4329,arvet
0430,2008,3423,1.0,2680,arvet
0432,2008,3424,1.0,2029,arvet
0434,2008,3425,1.0,1458,arvet
0436,2008,3426,1.0,1697,arvet
0437,2008,3427,1.0,5400,arvet
0438,2008,3428,1.0,2413,arvet
0439,2008,3429,1.0,1674,arvet
0441,2008,3430,1.0,2047,arvet
0501,2008,3405,1.0,25776,arvet
0502,2008,3407,1.0,28301,arvet
0511,2008,3431,1.0,2778,arvet
0512,2008,3432,1.0,2168,arvet
0513,2008,3433,1.0,2331,arvet
0514,2008,3434,1.0,2407,arvet
0515,2008,3435,1.0,3717,arvet
0516,2008,3436,1.0,5793,arvet
0517,2008,3437,1.0,6005,arvet
0519,2008,3438,1.0,3170,arvet
0520,2008,3439,1.0,4532,arvet
0521,2008,3440,1.0,4929,arvet
0522,2008,3441,1.0,6129,arvet
0528,2008,3442,1.0,14459,arvet
0529,2008,3443,1.0,12635,arvet
0532,2008,3236,1.0,6256,arvet
0533,2008,3234,1.0,8598,arvet
0534,2008,3446,1.0,13189,arvet
0536,2008,3447,1.0,5853,arvet
0538,2008,3448,1.0,6636,arvet
0540,2008,3449,1.0,3176,arvet
0541,2008,3450,1.0,1388,arvet
0542,2008,3451,1.0,6436,arvet
0543,2008,3452,1.0,2217,arvet
0544,2008,3453,1.0,3176,arvet
0545,2008,3454,1.0,1582,arvet
0602,2008,3301,1.0,60145,arvet
0604,2008,3303,1.0,23997,arvet
0605,2008,3305,1.0,28523,arvet
0612,2008,3310,1.0,5622,arvet
0615,2008,3320,1.0,974,arvet
0616,2008,3322,1.0,3459,arvet
0617,2008,3324,1.0,4439,arvet
0618,2008,3326,1.0,1968,arvet
0619,2008,3328,1.0,4686,arvet
0620,2008,3330,1.0,4438,arvet
0621,2008,3332,1.0,3524,arvet
0622,2008,3318,1.0,2098,arvet
0623,2008,3316,1.0,12695,arvet
0624,2008,3314,1.0,16132,arvet
0625,2008,3301,1.0,22092,arvet
0626,2008,3312,1.0,22700,arvet
0627,2008,3203,1.0,18231,arvet
0628,2008,3203,1.0,9023,arvet
0631,2008,3334,1.0,2521,arvet
0632,2008,3336,1.0,1419,arvet
0633,2008,3338,1.0,2534,arvet
0701,2008,3901,1.0,25098,arvet
0702,2008,3903,1.0,9860,arvet
0704,2008,3905,1.0,38393,arvet
0706,2008,3907,1.0,42333,arvet
0709,2008,3909,1.0,41723,arvet
0711,2008,3301,1.0,6463,arvet
0713,2008,3903,1.0,7999,arvet
0714,2008,3903,1.0,3066,arvet
0716,2008,3905,1.0,8443,arvet
0719,2008,3907,1.0,5177,arvet
0720,2008,3907,1.0,10540,arvet
0722,2008,3911,1.0,20410,arvet
0723,2008,3911,1.0,4545,arvet
0728,2008,3909,1.0,2383,arvet
0805,2008,4001,1.0,34186,arvet
0806,2008,4003,1.0,50864,arvet
0807,2008,4005,1.0,12232,arvet
0811,2008,4010,1.0,2380,arvet
0814,2008,4012,1.0,14109,arvet
0815,2008,4014,1.0,10614,arvet
0817,2008,4016,1.0,4111,arvet
0819,2008,4018,1.0,6601,arvet
0821,2008,4020,1.0,5436,arvet
0822,2008,4020,1.0,4266,arvet
0826,2008,4026,1.0,6066,arvet
0827,2008,4024,1.0,1619,arvet
0828,2008,4022,1.0,2930,arvet
0829,2008,4028,1.0,2563,arvet
0830,2008,4030,1.0,1378,arvet
0831,2008,4032,1.0,1375,arvet
0833,2008,4034,1.0,2366,arvet
0834,2008,4036,1.0,3635,arvet
0901,2008,4201,1.0,6888,arvet
0904,2008,4202,1.0,19809,arvet
0906,2008,4203,1.0,40701,arvet
0911,2008,4211,1.0,2519,arvet
0912,2008,4212,1.0,1884,arvet
0914,2008,4213,1.0,5874,arvet
0919,2008,4214,1.0,4853,arvet
0926,2008,4215,1.0,9238,arvet
0928,2008,4216,1.0,4503,arvet
0929,2008,4217,1.0,1836,arvet
0935,2008,4218,1.0,1211,arvet
0937,2008,4219,1.0,3327,arvet
0938,2008,4220,1.0,1242,arvet
0940,2008,4221,1.0,1326,arvet
0941,2008,4222,1.0,919,arvet
1001,2008,4204,1.0,78919,arvet
1002,2008,4205,1.0,14400,arvet
1003,2008,4206,1.0,9392,arvet
1004,2008,4207,1.0,8910,arvet
1014,2008,4223,1.0,12776,arvet
1017,2008,4204,1.0,5728,arvet
1018,2008,4204,1.0,10050,arvet
1021,2008,4205,1.0,2178,arvet
1026,2008,4224,1.0,905,arvet
1027,2008,4225,1.0,1613,arvet
1029,2008,4205,1.0,4557,arvet
1032,2008,4225,1.0,7533,arvet
1034,2008,4226,1.0,1597,arvet
1037,2008,4227,1.0,5629,arvet
1046,2008,4228,1.0,1757,arvet
1101,2008,1101,1.0,13778,arvet
1102,2008,1108,1.0,62037,arvet
1103,2008,1103,1.0,119586,arvet
1106,2008,1106,1.0,32956,arvet
1111,2008,1111,1.0,3242,arvet
1112,2008,1112,1.0,3112,arvet
1114,2008,1114,1.0,2539,arvet
1119,2008,1119,1.0,15438,arvet
1120,2008,1120,1.0,15839,arvet
1121,2008,1121,1.0,15459,arvet
1122,2008,1122,1.0,9729,arvet
1124,2008,1124,1.0,21446,arvet
1127,2008,1127,1.0,9622,arvet
1129,2008,1108,1.0,1116,arvet
1130,2008,1130,1.0,10894,arvet
1133,2008,1133,1.0,2678,arvet
1134,2008,1134,1.0,3823,arvet
1135,2008,1135,1.0,4734,arvet
1141,2008,1103,1.0,2711,arvet
1142,2008,1103,1.0,3761,arvet
1144,2008,1144,1.0,538,arvet
1145,2008,1145,1.0,823,arvet
1146,2008,1146,1.0,9604,arvet
1149,2008,1149,1.0,38926,arvet
1151,2008,1151,1.0,212,arvet
1160,2008,1160,1.0,8084,arvet
1201,2008,4601,1.0,247746,arvet
1211,2008,4611,1.0,3852,arvet
1216,2008,4612,1.0,4825,arvet
1219,2008,4613,1.0,10998,arvet
1221,2008,4614,1.0,17092,arvet
1222,2008,4615,1.0,2912,arvet
1223,2008,4616,1.0,2773,arvet
1224,2008,4617,1.0,13063,arvet
1227,2008,4618,1.0,1047,arvet
1228,2008,4618,1.0,7107,arvet
1231,2008,4618,1.0,3415,arvet
1232,2008,4619,1.0,933,arvet
1233,2008,4620,1.0,1107,arvet
1234,2008,4621,1.0,964,arvet
1235,2008,4621,1.0,13768,arvet
1238,2008,4622,1.0,8210,arvet
1241,2008,4624,1.0,3759,arvet
1242,2008,4623,1.0,2396,arvet
1243,2008,4624,1.0,16055,arvet
1244,2008,4625,1.0,4390,arvet
1245,2008,4626,1.0,5795,arvet
1246,2008,4626,1.0,21207,arvet
1247,2008,4627,1.0,23705,arvet
1251,2008,4628,1.0,4106,arvet
1252,2008,4629,1.0,360,arvet
1253,2008,4630,1.0,7305,arvet
1256,2008,4631,1.0,6233,arvet
1259,2008,4626,1.0,4168,arvet
1260,2008,4631,1.0,4794,arvet
1263,2008,4631,1.0,13778,arvet
1264,2008,4632,1.0,2569,arvet
1265,2008,4633,1.0,596,arvet
1266,2008,4634,1.0,1646,arvet
1401,2008,4602,1.0,11408,arvet
1411,2008,4635,1.0,2356,arvet
1412,2008,4636,1.0,874,arvet
1413,2008,4637,1.0,1505,arvet
1416,2008,4638,1.0,4374,arvet
1417,2008,4639,1.0,2809,arvet
1418,2008,4640,1.0,1365,arvet
1419,2008,4640,1.0,2179,arvet
1420,2008,4640,1.0,6899,arvet
1421,2008,4641,1.0,1695,arvet
1422,2008,4642,1.0,2169,arvet
1424,2008,4643,1.0,5562,arvet
1426,2008,4644,1.0,4870,arvet
1428,2008,4645,1.0,3065,arvet
1429,2008,4646,1.0,2849,arvet
1430,2008,4647,1.0,2748,arvet
1431,2008,4647,1.0,2929,arvet
1432,2008,4647,1.0,11650,arvet
1433,2008,4647,1.0,2668,arvet
1438,2008,4648,1.0,3894,arvet
1439,2008,4602,1.0,5998,arvet
1441,2008,4649,1.0,2872,arvet
1443,2008,4649,1.0,5854,arvet
1444,2008,1577,1.0,1211,arvet
1445,2008,4650,1.0,5687,arvet
1449,2008,4651,1.0,6769,arvet
1502,2008,1506,1.0,24294,arvet
1504,2008,1508,1.0,41833,arvet
1505,2008,1505,1.0,22661,arvet
1511,2008,1511,1.0,3530,arvet
1514,2008,1514,1.0,2502,arvet
1515,2008,1515,1.0,8353,arvet
1516,2008,1516,1.0,6946,arvet
1517,2008,1517,1.0,4741,arvet
1519,2008,1577,1.0,8406,arvet
1520,2008,1520,1.0,10163,arvet
1523,2008,1508,1.0,2119,arvet
1524,2008,1578,1.0,1761,arvet
1525,2008,1525,1.0,4543,arvet
1526,2008,1578,1.0,979,arvet
1528,2008,1528,1.0,7491,arvet
1529,2008,1508,1.0,3750,arvet
1531,2008,1531,1.0,7626,arvet
1532,2008,1532,1.0,6777,arvet
1534,2008,1580,1.0,8617,arvet
1535,2008,1535,1.0,6434,arvet
1539,2008,1539,1.0,7379,arvet
1543,2008,1506,1.0,3061,arvet
1545,2008,1506,1.0,1901,arvet
1546,2008,1508,1.0,1281,arvet
1547,2008,1547,1.0,3174,arvet
1548,2008,1579,1.0,9189,arvet
1551,2008,1579,1.0,3362,arvet
1554,2008,1554,1.0,5402,arvet
1557,2008,1557,1.0,2636,arvet
1560,2008,1560,1.0,3082,arvet
1563,2008,1563,1.0,7357,arvet
1566,2008,1566,1.0,6039,arvet
1567,2008,5061,1.0,2045,arvet
1571,2008,5055,1.0,1671,arvet
1573,2008,1573,1.0,2137,arvet
1576,2008,1576,1.0,3530,arvet
1601,2008,5001,1.0,165191,arvet
1612,2008,5055,1.0,4234,arvet
1613,2008,5055,0.153333,1022,"delt, anslått fra befolkningsendring 2019→2020"
1613,2008,5056,0.339048,1022,"delt, anslått fra befolkningsendring 2019→2020"
1613,2008,5059,0.507619,1022,"delt, anslått fra befolkningsendring 2019→2020"
1617,2008,5056,1.0,4132,arvet
1620,2008,5014,1.0,4144,arvet
1621,2008,5057,1.0,5025,arvet
1622,2008,5059,1.0,1758,arvet
1624,2008,5054,1.0,6366,arvet
1627,2008,5057,1.0,4604,arvet
1630,2008,5058,1.0,3232,arvet
1632,2008,5058,1.0,1007,arvet
1633,2008,5020,1.0,1041,arvet
1634,2008,5021,1.0,6564,arvet
1635,2008,5022,1.0,2594,arvet
1636,2008,5059,1.0,3871,arvet
1638,2008,5059,1.0,11018,arvet
1640,2008,5025,1.0,5620,arvet
1644,2008,5026,1.0,2069,arvet
1648,2008,5027,1.0,5910,arvet
1653,2008,5028,1.0,14457,arvet
1657,2008,5029,1.0,6326,arvet
1662,2008,5001,1.0,5558,arvet
1663,2008,5031,1.0,12388,arvet
1664,2008,5032,1.0,4006,arvet
1665,2008,5033,1.0,856,arvet
1702,2008,5006,1.0,20672,arvet
1703,2008,5007,1.0,12607,arvet
1711,2008,5034,1.0,2506,arvet
1714,2008,5035,1.0,20616,arvet
1717,2008,5036,1.0,2466,arvet
1718,2008,5054,1.0,3484,arvet
1719,2008,5037,1.0,18355,arvet
1721,2008,5038,1.0,14094,arvet
1723,2008,5053,1.0,864,arvet
1724,2008,5006,1.0,2948,arvet
1725,2008,5007,1.0,1717,arvet
1729,2008,5053,1.0,5836,arvet
1736,2008,5041,1.0,2176,arvet
1738,2008,5042,1.0,1480,arvet
1739,2008,5043,1.0,499,arvet
1740,2008,5044,1.0,916,arvet
1742,2008,5045,1.0,2377,arvet
1743,2008,5046,1.0,1273,arvet
1744,2008,5047,1.0,3507,arvet
1748,2008,5007,1.0,687,arvet
1749,2008,5049,1.0,1138,arvet
1750,2008,5060,1.0,4034,arvet
1751,2008,5060,1.0,5015,arvet
1755,2008,5052,1.0,589,arvet
1804,2008,1804,1.0,46049,arvet
1805,2008,1806,1.0,18384,arvet
1811,2008,1811,1.0,1631,arvet
1812,2008,1812,1.0,2056,arvet
1813,2008,1813,1.0,7535,arvet
1815,2008,1815,1.0,1295,arvet
1816,2008,1816,1.0,485,arvet
1818,2008,1818,1.0,1683,arvet
1820,2008,1820,1.0,7207,arvet
1822,2008,1822,1.0,2090,arvet
1824,2008,1824,1.0,13424,arvet
1825,2008,1825,1.0,1537,arvet
1826,2008,1826,1.0,1463,arvet
1827,2008,1827,1.0,1463,arvet
1828,2008,1828,1.0,1792,arvet
1832,2008,1832,1.0,4478,arvet
1833,2008,1833,1.0,25092,arvet
1834,2008,1834,1.0,1899,arvet
1835,2008,1835,1.0,451,arvet
1836,2008,1836,1.0,1314,arvet
1837,2008,1837,1.0,6622,arvet
1838,2008,1838,1.0,2046,arvet
1839,2008,1839,1.0,1128,arvet
1840,2008,1840,1.0,4710,arvet
1841,2008,1841,1.0,9480,arvet
1845,2008,1845,1.0,2000,arvet
1848,2008,1848,1.0,2672,arvet
1849,2008,1875,1.0,1761,arvet
1850,2008,1806,0.422336,2028,"delt, anslått fra befolkningsendring 2019→2020"
1850,2008,1875,0.577664,2028,"delt, anslått fra befolkningsendring 2019→2020"
1851,2008,1851,1.0,2279,arvet
1852,2008,5512,1.0,1338,arvet
1853,2008,1853,1.0,1358,arvet
1854,2008,1806,1.0,2652,arvet
1856,2008,1856,1.0,622,arvet
1857,2008,1857,1.0,743,arvet
1859,2008,1859,1.0,1441,arvet
1860,2008,1860,1.0,10710,arvet
1865,2008,1865,1.0,8933,arvet
1866,2008,1866,1.0,7970,arvet
1867,2008,1867,1.0,2867,arvet
1868,2008,1868,1.0,4424,arvet
1870,2008,1870,1.0,9678,arvet
1871,2008,1871,1.0,5078,arvet
1874,2008,1874,1.0,1128,arvet
1901,2008,5503,1.0,23108,arvet
1902,2008,5501,1.0,65286,arvet
1911,2008,5510,1.0,3036,arvet
1913,2008,5512,1.0,2862,arvet
1915,2008,5503,1.0,509,arvet
1917,2008,5514,1.0,1511,arvet
1919,2008,5516,1.0,1168,arvet
1920,2008,5518,1.0,1010,arvet
1922,2008,5520,1.0,3994,arvet
1923,2008,5522,1.0,2169,arvet
1924,2008,5524,1.0,6603,arvet
1925,2008,5526,1.0,3312,arvet
1926,2008,5528,1.0,1232,arvet
1927,2008,5530,1.0,1579,arvet
1928,2008,5530,1.0,937,arvet
1929,2008,5530,1.0,937,arvet
1931,2008,5530,1.0,11160,arvet
1933,2008,5532,1.0,5529,arvet
1936,2008,5534,1.0,2404,arvet
1938,2008,5536,1.0,3208,arvet
1939,2008,5538,1.0,1893,arvet
1940,2008,5540,1.0,2248,arvet
1941,2008,5542,1.0,2934,arvet
1942,2008,5544,1.0,4665,arvet
1943,2008,5546,1.0,1348,arvet
2002,2008,5634,1.0,2190,arvet
2003,2008,5607,1.0,6062,arvet
2004,2008,5603,1.0,9407,arvet
2011,2008,5612,1.0,2947,arvet
2012,2008,5601,1.0,18272,arvet
2014,2008,5614,1.0,1106,arvet
2015,2008,5616,1.0,998,arvet
2017,2008,5603,1.0,1101,arvet
2018,2008,5618,1.0,1333,arvet
2019,2008,5620,1.0,3219,arvet
2020,2008,5622,1.0,4059,arvet
2021,2008,5610,1.0,2866,arvet
2022,2008,5624,1.0,1304,arvet
2023,2008,5626,1.0,1040,arvet
2024,2008,5630,1.0,1077,arvet
2025,2008,5628,1.0,2954,arvet
2027,2008,5636,1.0,856,arvet
2028,2008,5632,1.0,2090,arvet
2030,2008,5605,1.0,9518,arvet
0101,2009,3101,1.0,28389,arvet
0104,2009,3103,1.0,29588,arvet
0105,2009,3105,1.0,51723,arvet
0106,2009,3107,1.0,72760,arvet
0111,2009,3110,1.0,3998,arvet
0118,2009,3124,1.0,1420,arvet
0119,2009,3122,1.0,3455,arvet
0121,2009,3226,1.0,671,arvet
0122,2009,3118,1.0,5047,arvet
0123,2009,3118,1.0,5148,arvet
0124,2009,3118,1.0,14703,arvet
0125,2009,3118,1.0,10701,arvet
0127,2009,3116,1.0,3492,arvet
0128,2009,3120,1.0,7496,arvet
0135,2009,3112,1.0,6790,arvet
0136,2009,3103,1.0,14105,arvet
0137,2009,3114,1.0,4437,arvet
0138,2009,3118,1.0,4661,arvet
0211,2009,3216,1.0,14095,arvet
0213,2009,3207,1.0,27699,arvet
0214,2009,3218,1.0,15863,arvet
0215,2009,3214,1.0,14435,arvet
0216,2009,3212,1.0,17129,arvet
0217,2009,3207,1.0,24612,arvet
0219,2009,3201,1.0,109700,arvet
0220,2009,3203,1.0,53756,arvet
0221,2009,3226,1.0,14158,arvet
0226,2009,3205,1.0,14942,arvet
0227,2009,3205,1.0,10139,arvet
0228,2009,3224,1.0,15345,arvet
0229,2009,3220,1.0,10153,arvet
0230,2009,3222,1.0,32300,arvet
0231,2009,3205,1.0,46668,arvet
0233,2009,3232,1.0,20555,arvet
0234,2009,3230,1.0,5567,arvet
0235,2009,3209,1.0,28138,arvet
0236,2009,3228,1.0,18629,arvet
0237,2009,3240,1.0,20321,arvet
0238,2009,3238,1.0,10800,arvet
0239,2009,3242,1.0,2621,arvet
0301,2009,0301,1.0,575475,arvet
0402,2009,3401,1.0,17326,arvet
0403,2009,3403,1.0,28211,arvet
0412,2009,3411,1.0,32402,arvet
0415,2009,3412,1.0,7255,arvet
0417,2009,3413,1.0,18982,arvet
0418,2009,3414,1.0,5098,arvet
0419,2009,3415,1.0,7795,arvet
0420,2009,3416,1.0,6394,arvet
0423,2009,3417,1.0,5080,arvet
0425,2009,3418,1.0,7610,arvet
0426,2009,3419,1.0,3869,arvet
0427,2009,3420,1.0,19687,arvet
0428,2009,3421,1.0,6749,arvet
0429,2009,3422,1.0,4280,arvet
0430,2009,3423,1.0,2689,arvet
0432,2009,3424,1.0,2014,arvet
0434,2009,3425,1.0,1436,arvet
0436,2009,3426,1.0,1678,arvet
0437,2009,3427,1.0,5400,arvet
0438,2009,3428,1.0,2399,arvet
0439,2009,3429,1.0,1671,arvet
0441,2009,3430,1.0,2046,arvet
0501,2009,3405,1.0,26104,arvet
0502,2009,3407,1.0,28611,arvet
0511,2009,3431,1.0,2772,arvet
0512,2009,3432,1.0,2170,arvet
0513,2009,3433,1.0,2307,arvet
0514,2009,3434,1.0,2406,arvet
0515,2009,3435,1.0,3707,arvet
0516,2009,3436,1.0,5800,arvet
0517,2009,3437,1.0,6015,arvet
0519,2009,3438,1.0,3183,arvet
0520,2009,3439,1.0,4537,arvet
0521,2009,3440,1.0,4917,arvet
0522,2009,3441,1.0,6091,arvet
0528,2009,3442,1.0,14464,arvet
0529,2009,3443,1.0,12714,arvet
0532,2009,3236,1.0,6251,arvet
0533,2009,3234,1.0,8552,arvet
0534,2009,3446,1.0,13217,arvet
0536,2009,3447,1.0,5797,arvet
0538,2009,3448,1.0,6680,arvet
0540,2009,3449,1.0,3204,arvet
0541,2009,3450,1.0,1380,arvet
0542,2009,3451,1.0,6451,arvet
0543,2009,3452,1.0,2194,arvet
0544,2009,3453,1.0,3181,arvet
0545,2009,3454,1.0,1583,arvet
0602,2009,3301,1.0,61405,arvet
0604,2009,3303,1.0,24381,arvet
0605,2009,3305,1.0,28645,arvet
0612,2009,3310,1.0,5861,arvet
0615,2009,3320,1.0,1011,arvet
0616,2009,3322,1.0,3461,arvet
0617,2009,3324,1.0,4516,arvet
0618,2009,3326,1.0,1995,arvet
0619,2009,3328,1.0,4640,arvet
0620,2009,3330,1.0,4430,arvet
0621,2009,3332,1.0,3534,arvet
0622,2009,3318,1.0,2114,arvet
0623,2009,3316,1.0,12872,arvet
0624,2009,3314,1.0,16350,arvet
0625,2009,3301,1.0,22332,arvet
0626,2009,3312,1.0,22873,arvet
0627,2009,3203,1.0,18749,arvet
0628,2009,3203,1.0,9000,arvet
0631,2009,3334,1.0,2544,arvet
0632,2009,3336,1.0,1418,arvet
0633,2009,3338,1.0,2503,arvet
0701,2009,3901,1.0,25471,arvet
0702,2009,3903,1.0,9964,arvet
0704,2009,3905,1.0,38914,arvet
0706,2009,3907,1.0,42654,arvet
0709,2009,3909,1.0,42124,arvet
0711,2009,3301,1.0,6459,arvet
0713,2009,3903,1.0,8214,arvet
0714,2009,3903,1.0,3058,arvet
0716,2009,3905,1.0,8527,arvet
0719,2009,3907,1.0,5241,arvet
0720,2009,3907,1.0,10866,arvet
0722,2009,3911,1.0,20600,arvet
0723,2009,3911,1.0,4663,arvet
0728,2009,3909,1.0,2379,arvet
0805,2009,4001,1.0,34377,arvet
0806,2009,4003,1.0,51359,arvet
0807,2009,4005,1.0,12313,arvet
0811,2009,4010,1.0,2404,arvet
0814,2009,4012,1.0,14097,arvet
0815,2009,4014,1.0,10620,arvet
0817,2009,4016,1.0,4138,arvet
0819,2009,4018,1.0,6557,arvet
0821,2009,4020,1.0,5518,arvet
0822,2009,4020,1.0,4274,arvet
0826,2009,4026,1.0,6010,arvet
0827,2009,4024,1.0,1613,arvet
0828,2009,4022,1.0,2925,arvet
0829,2009,4028,1.0,2546,arvet
0830,2009,4030,1.0,1393,arvet
0831,2009,4032,1.0,1379,arvet
0833,2009,4034,1.0,2363,arvet
0834,2009,4036,1.0,3662,arvet
0901,2009,4201,1.0,6889,arvet
0904,2009,4202,1.0,20111,arvet
0906,2009,4203,1.0,41241,arvet
0911,2009,4211,1.0,2496,arvet
0912,2009,4212,1.0,1881,arvet
0914,2009,4213,1.0,5939,arvet
0919,2009,4214,1.0,4896,arvet
0926,2009,4215,1.0,9329,arvet
0928,2009,4216,1.0,4608,arvet
0929,2009,4217,1.0,1855,arvet
0935,2009,4218,1.0,1224,arvet
0937,2009,4219,1.0,3408,arvet
0938,2009,4220,1.0,1225,arvet
0940,2009,4221,1.0,1292,arvet
0941,2009,4222,1.0,965,arvet
1001,2009,4204,1.0,80109,arvet
1002,2009,4205,1.0,14543,arvet
1003,2009,4206,1.0,9427,arvet
1004,2009,4207,1.0,8975,arvet
1014,2009,4223,1.0,12886,arvet
1017,2009,4204,1.0,5804,arvet
1018,2009,4204,1.0,10417,arvet
1021,2009,4205,1.0,2223,arvet
1026,2009,4224,1.0,914,arvet
1027,2009,4225,1.0,1630,arvet
1029,2009,4205,1.0,4620,arvet
1032,2009,4225,1.0,7636,arvet
1034,2009,4226,1.0,1620,arvet
1037,2009,4227,1.0,5690,arvet
1046,2009,4228,1.0,1739,arvet
1101,2009,1101,1.0,13969,arvet
1102,2009,1108,1.0,63431,arvet
1103,2009,1103,1.0,121610,arvet
1106,2009,1106,1.0,33665,arvet
1111,2009,1111,1.0,3246,arvet
1112,2009,1112,1.0,3111,arvet
1114,2009,1114,1.0,2580,arvet
1119,2009,1119,1.0,15949,arvet
1120,2009,1120,1.0,16350,arvet
1121,2009,1121,1.0,15836,arvet
1122,2009,1122,1.0,9969,arvet
1124,2009,1124,1.0,22076,arvet
1127,2009,1127,1.0,9867,arvet
1129,2009,1108,1.0,1134,arvet
1130,2009,1130,1.0,11045,arvet
1133,2009,1133,1.0,2701,arvet
1134,2009,1134,1.0,3833,arvet
1135,2009,1135,1.0,4730,arvet
1141,2009,1103,1.0,2790,arvet
1142,2009,1103,1.0,3888,arvet
1144,2009,1144,1.0,542,arvet
1145,2009,1145,1.0,811,arvet
1146,2009,1146,1.0,9712,arvet
1149,2009,1149,1.0,39354,arvet
1151,2009,1151,1.0,214,arvet
1160,2009,1160,1.0,8161,arvet
1201,2009,4601,1.0,252051,arvet
1211,2009,4611,1.0,3854,arvet
1216,2009,4612,1.0,4906,arvet
1219,2009,4613,1.0,11085,arvet
1221,2009,4614,1.0,17289,arvet
1222,2009,4615,1.0,2908,arvet
1223,2009,4616,1.0,2792,arvet
1224,2009,4617,1.0,13112,arvet
1227,2009,4618,1.0,1022,arvet
1228,2009,4618,1.0,7054,arvet
1231,2009,4618,1.0,3351,arvet
1232,2009,4619,1.0,945,arvet
1233,2009,4620,1.0,1095,arvet
1234,2009,4621,1.0,950,arvet
1235,2009,4621,1.0,13868,arvet
1238,2009,4622,1.0,8338,arvet
1241,2009,4624,1.0,3791,arvet
1242,2009,4623,1.0,2379,arvet
1243,2009,4624,1.0,16437,arvet
1244,2009,4625,1.0,4417,arvet
1245,2009,4626,1.0,5899,arvet
1246,2009,4626,1.0,21507,arvet
1247,2009,4627,1.0,24432,arvet
1251,2009,4628,1.0,4110,arvet
1252,2009,4629,1.0,351,arvet
1253,2009,4630,1.0,7352,arvet
1256,2009,4631,1.0,6478,arvet
1259,2009,4626,1.0,4223,arvet
1260,2009,4631,1.0,4825,arvet
1263,2009,4631,1.0,14036,arvet
1264,2009,4632,1.0,2576,arvet
1265,2009,4633,1.0,596,arvet
1266,2009,4634,1.0,1652,arvet
1401,2009,4602,1.0,11448,arvet
1411,2009,4635,1.0,2283,arvet
1412,2009,4636,1.0,876,arvet
1413,2009,4637,1.0,1474,arvet
1416,2009,4638,1.0,4327,arvet
1417,2009,4639,1.0,2780,arvet
1418,2009,4640,1.0,1348,arvet
1419,2009,4640,1.0,2156,arvet
1420,2009,4640,1.0,6968,arvet
1421,2009,4641,1.0,1687,arvet
1422,2009,4642,1.0,2199,arvet
1424,2009,4643,1.0,5600,arvet
1426,2009,4644,1.0,4879,arvet
1428,2009,4645,1.0,3031,arvet
1429,2009,4646,1.0,2838,arvet
1430,2009,4647,1.0,2757,arvet
1431,2009,4647,1.0,2950,arvet
1432,2009,4647,1.0,11838,arvet
1433,2009,4647,1.0,2655,arvet
1438,2009,4648,1.0,3899,arvet
1439,2009,4602,1.0,5989,arvet
1441,2009,4649,1.0,2874,arvet
1443,2009,4649,1.0,5861,arvet
1444,2009,1577,1.0,1223,arvet
1445,2009,4650,1.0,5673,arvet
1449,2009,4651,1.0,6844,arvet
1502,2009,1506,1.0,24554,arvet
1504,2009,1508,1.0,42317,arvet
1505,2009,1505,1.0,22937,arvet
1511,2009,1511,1.0,3494,arvet
1514,2009,1514,1.0,2541,arvet
1515,2009,1515,1.0,8349,arvet
1516,2009,1516,1.0,7052,arvet
1517,2009,1517,1.0,4817,arvet
1519,2009,1577,1.0,8509,arvet
1520,2009,1520,1.0,10200,arvet
1523,2009,1508,1.0,2142,arvet
1524,2009,1578,1.0,1769,arvet
1525,2009,1525,1.0,4533,arvet
1526,2009,1578,1.0,1001,arvet
1528,2009,1528,1.0,7565,arvet
1529,2009,1508,1.0,3901,arvet
1531,2009,1531,1.0,7778,arvet
1532,2009,1532,1.0,6873,arvet
1534,2009,1580,1.0,8694,arvet
1535,2009,1535,1.0,6478,arvet
1539,2009,1539,1.0,7376,arvet
1543,2009,1506,1.0,3076,arvet
1545,2009,1506,1.0,1922,arvet
1546,2009,1508,1.0,1307,arvet
1547,2009,1547,1.0,3183,arvet
1548,2009,1579,1.0,9257,arvet
1551,2009,1579,1.0,3316,arvet
1554,2009,1554,1.0,5444,arvet
1557,2009,1557,1.0,2618,arvet
1560,2009,1560,1.0,3062,arvet
1563,2009,1563,1.0,7347,arvet
1566,2009,1566,1.0,6000,arvet
1567,2009,5061,1.0,2041,arvet
1571,2009,5055,1.0,1647,arvet
1573,2009,1573,1.0,2119,arvet
1576,2009,1576,1.0,3508,arvet
1601,2009,5001,1.0,168257,arvet
1612,2009,5055,1.0,4225,arvet
1613,2009,5055,0.153333,988,"delt, anslått fra befolkningsendring 2019→2020"
1613,2009,5056,0.339048,988,"delt, anslått fra befolkningsendring 2019→2020"
1613,2009,5059,0.507619,988,"delt, anslått fra befolkningsendring 2019→2020"
1617,2009,5056,1.0,4145,arvet
1620,2009,5014,1.0,4215,arvet
1621,2009,5057,1.0,5033,arvet
1622,2009,5059,1.0,1732,arvet
1624,2009,5054,1.0,6389,arvet
1627,2009,5057,1.0,4540,arvet
1630,2009,5058,1.0,3237,arvet
1632,2009,5058,1.0,1010,arvet
1633,2009,5020,1.0,1028,arvet
1634,2009,5021,1.0,6629,arvet
1635,2009,5022,1.0,2621,arvet
1636,2009,5059,1.0,3899,arvet
1638,2009,5059,1.0,11160,arvet
1640,2009,5025,1.0,5563,arvet
1644,2009,5026,1.0,2064,arvet
1648,2009,5027,1.0,5950,arvet
1653,2009,5028,1.0,14655,arvet
1657,2009,5029,1.0,6437,arvet
1662,2009,5001,1.0,5634,arvet
1663,2009,5031,1.0,12457,arvet
1664,2009,5032,1.0,4004,arvet
1665,2009,5033,1.0,857,arvet
1702,2009,5006,1.0,20868,arvet
1703,2009,5007,1.0,12723,arvet
1711,2009,5034,1.0,2476,arvet
1714,2009,5035,1.0,20960,arvet
1717,2009,5036,1.0,2487,arvet
1718,2009,5054,1.0,3517,arvet
1719,2009,5037,1.0,18464,arvet
1721,2009,5038,1.0,14157,arvet
1723,2009,5053,1.0,836,arvet
1724,2009,5006,1.0,2924,arvet
1725,2009,5007,1.0,1720,arvet
1729,2009,5053,1.0,5846,arvet
1736,2009,5041,1.0,2176,arvet
1738,2009,5042,1.0,1461,arvet
1739,2009,5043,1.0,499,arvet
1740,2009,5044,1.0,924,arvet
1742,2009,5045,1.0,2350,arvet
1743,2009,5046,1.0,1274,arvet
1744,2009,5047,1.0,3562,arvet
1748,2009,5007,1.0,680,arvet
1749,2009,5049,1.0,1134,arvet
1750,2009,5060,1.0,4100,arvet
1751,2009,5060,1.0,4988,arvet
1755,2009,5052,1.0,582,arvet
1804,2009,1804,1.0,46495,arvet
1805,2009,1806,1.0,18348,arvet
1811,2009,1811,1.0,1616,arvet
1812,2009,1812,1.0,2054,arvet
1813,2009,1813,1.0,7597,arvet
1815,2009,1815,1.0,1288,arvet
1816,2009,1816,1.0,501,arvet
1818,2009,1818,1.0,1652,arvet
1820,2009,1820,1.0,7208,arvet
1822,2009,1822,1.0,2088,arvet
1824,2009,1824,1.0,13342,arvet
1825,2009,1825,1.0,1500,arvet
1826,2009,1826,1.0,1438,arvet
1827,2009,1827,1.0,1432,arvet
1828,2009,1828,1.0,1786,arvet
1832,2009,1832,1.0,4527,arvet
1833,2009,1833,1.0,25281,arvet
1834,2009,1834,1.0,1883,arvet
1835,2009,1835,1.0,455,arvet
1836,2009,1836,1.0,1292,arvet
1837,2009,1837,1.0,6641,arvet
1838,2009,1838,1.0,2053,arvet
1839,2009,1839,1.0,1137,arvet
1840,2009,1840,1.0,4727,arvet
1841,2009,1841,1.0,9477,arvet
1845,2009,1845,1.0,2021,arvet
1848,2009,1848,1.0,2665,arvet
1849,2009,1875,1.0,1754,arvet
1850,2009,1806,0.422336,2046,"delt, anslått fra befolkningsendring 2019→2020"
1850,2009,1875,0.577664,2046,"delt, anslått fra befolkningsendring 2019→2020"
1851,2009,1851,1.0,2242,arvet
1852,2009,5512,1.0,1333,arvet
1853,2009,1853,1.0,1345,arvet
1854,2009,1806,1.0,2623,arvet
1856,2009,1856,1.0,606,arvet
1857,2009,1857,1.0,738,arvet
1859,2009,1859,1.0,1419,arvet
1860,2009,1860,1.0,10706,arvet
1865,2009,1865,1.0,8976,arvet
1866,2009,1866,1.0,7950,arvet
1867,2009,1867,1.0,2838,arvet
1868,2009,1868,1.0,4418,arvet
1870,2009,1870,1.0,9732,arvet
1871,2009,1871,1.0,5034,arvet
1874,2009,1874,1.0,1116,arvet
1901,2009,5503,1.0,23126,arvet
1902,2009,5501,1.0,66513,arvet
1911,2009,5510,1.0,3032,arvet
1913,2009,5512,1.0,2841,arvet
1915,2009,5503,1.0,503,arvet
1917,2009,5514,1.0,1440,arvet
1919,2009,5516,1.0,1151,arvet
1920,2009,5518,1.0,1023,arvet
1922,2009,5520,1.0,3981,arvet
1923,2009,5522,1.0,2203,arvet
1924,2009,5524,1.0,6490,arvet
1925,2009,5526,1.0,3360,arvet
1926,2009,5528,1.0,1216,arvet
1927,2009,5530,1.0,1537,arvet
1928,2009,5530,1.0,916,arvet
1929,2009,5530,1.0,942,arvet
1931,2009,5530,1.0,11207,arvet
1933,2009,5532,1.0,5497,arvet
1936,2009,5534,1.0,2383,arvet
1938,2009,5536,1.0,3166,arvet
1939,2009,5538,1.0,1869,arvet
1940,2009,5540,1.0,2236,arvet
1941,2009,5542,1.0,2897,arvet
1942,2009,5544,1.0,4694,arvet
1943,2009,5546,1.0,1330,arvet
2002,2009,5634,1.0,2144,arvet
2003,2009,5607,1.0,6076,arvet
2004,2009,5603,1.0,9493,arvet
2011,2009,5612,1.0,2971,arvet
2012,2009,5601,1.0,18488,arvet
2014,2009,5614,1.0,1087,arvet
2015,2009,5616,1.0,970,arvet
2017,2009,5603,1.0,1044,arvet
2018,2009,5618,1.0,1309,arvet
2019,2009,5620,1.0,3180,arvet
2020,2009,5622,1.0,4000,arvet
2021,2009,5610,1.0,2786,arvet
2022,2009,5624,1.0,1332,arvet
2023,2009,5626,1.0,1025,arvet
2024,2009,5630,1.0,1061,arvet
2025,2009,5628,1.0,2951,arvet
2027,2009,5636,1.0,878,arvet
2028,2009,5632,1.0,2074,arvet
2030,2009,5605,1.0,9623,arvet
0101,2010,3101,1.0,28776,arvet
0104,2010,3103,1.0,30030,arvet
0105,2010,3105,1.0,52159,arvet
0106,2010,3107,1.0,73638,arvet
0111,2010,3110,1.0,4085,arvet
0118,2010,3124,1.0,1424,arvet
0119,2010,3122,1.0,3471,arvet
0121,2010,3226,1.0,688,arvet
0122,2010,3118,1.0,5092,arvet
0123,2010,3118,1.0,5167,arvet
0124,2010,3118,1.0,14864,arvet
0125,2010,3118,1.0,10821,arvet
0127,2010,3116,1.0,3541,arvet
0128,2010,3120,1.0,7517,arvet
0135,2010,3112,1.0,6882,arvet
0136,2010,3103,1.0,14293,arvet
0137,2010,3114,1.0,4472,arvet
0138,2010,3118,1.0,4742,arvet
0211,2010,3216,1.0,14373,arvet
0213,2010,3207,1.0,28023,arvet
0214,2010,3218,1.0,16386,arvet
0215,2010,3214,1.0,14622,arvet
0216,2010,3212,1.0,17348,arvet
0217,2010,3207,1.0,24882,arvet
0219,2010,3201,1.0,111213,arvet
0220,2010,3203,1.0,54623,arvet
0221,2010,3226,1.0,14294,arvet
0226,2010,3205,1.0,15369,arvet
0227,2010,3205,1.0,10238,arvet
0228,2010,3224,1.0,15591,arvet
0229,2010,3220,1.0,10176,arvet
0230,2010,3222,1.0,32730,arvet
0231,2010,3205,1.0,47723,arvet
0233,2010,3232,1.0,20939,arvet
0234,2010,3230,1.0,5821,arvet
0235,2010,3209,1.0,29088,arvet
0236,2010,3228,1.0,18827,arvet
0237,2010,3240,1.0,20689,arvet
0238,2010,3238,1.0,10927,arvet
0239,2010,3242,1.0,2617,arvet
0301,2010,0301,1.0,586860,arvet
0402,2010,3401,1.0,17377,arvet
0403,2010,3403,1.0,28344,arvet
0412,2010,3411,1.0,32524,arvet
0415,2010,3412,1.0,7272,arvet
0417,2010,3413,1.0,19104,arvet
0418,2010,3414,1.0,5118,arvet
0419,2010,3415,1.0,7791,arvet
0420,2010,3416,1.0,6327,arvet
0423,2010,3417,1.0,5078,arvet
0425,2010,3418,1.0,7607,arvet
0426,2010,3419,1.0,3870,arvet
0427,2010,3420,1.0,19834,arvet
0428,2010,3421,1.0,6763,arvet
0429,2010,3422,1.0,4285,arvet
0430,2010,3423,1.0,2679,arvet
0432,2010,3424,1.0,1998,arvet
0434,2010,3425,1.0,1434,arvet
0436,2010,3426,1.0,1671,arvet
0437,2010,3427,1.0,5490,arvet
0438,2010,3428,1.0,2441,arvet
0439,2010,3429,1.0,1669,arvet
0441,2010,3430,1.0,2033,arvet
0501,2010,3405,1.0,26381,arvet
0502,2010,3407,1.0,28807,arvet
0511,2010,3431,1.0,2776,arvet
0512,2010,3432,1.0,2174,arvet
0513,2010,3433,1.0,2265,arvet
0514,2010,3434,1.0,2410,arvet
0515,2010,3435,1.0,3722,arvet
0516,2010,3436,1.0,5800,arvet
0517,2010,3437,1.0,5999,arvet
0519,2010,3438,1.0,3175,arvet
0520,2010,3439,1.0,4540,arvet
0521,2010,3440,1.0,5002,arvet
0522,2010,3441,1.0,6142,arvet
0528,2010,3442,1.0,14518,arvet
0529,2010,3443,1.0,12770,arvet
0532,2010,3236,1.0,6268,arvet
0533,2010,3234,1.0,8600,arvet
0534,2010,3446,1.0,13363,arvet
0536,2010,3447,1.0,5811,arvet
0538,2010,3448,1.0,6672,arvet
0540,2010,3449,1.0,3186,arvet
0541,2010,3450,1.0,1389,arvet
0542,2010,3451,1.0,6415,arvet
0543,2010,3452,1.0,2225,arvet
0544,2010,3453,1.0,3216,arvet
0545,2010,3454,1.0,1590,arvet
0602,2010,3301,1.0,62566,arvet
0604,2010,3303,1.0,24714,arvet
0605,2010,3305,1.0,28806,arvet
0612,2010,3310,1.0,5976,arvet
0615,2010,3320,1.0,998,arvet
0616,2010,3322,1.0,3420,arvet
0617,2010,3324,1.0,4479,arvet
0618,2010,3326,1.0,2087,arvet
0619,2010,3328,1.0,4672,arvet
0620,2010,3330,1.0,4422,arvet
0621,2010,3332,1.0,3514,arvet
0622,2010,3318,1.0,2117,arvet
0623,2010,3316,1.0,12911,arvet
0624,2010,3314,1.0,16616,arvet
0625,2010,3301,1.0,22687,arvet
0626,2010,3312,1.0,23267,arvet
0627,2010,3203,1.0,18894,arvet
0628,2010,3203,1.0,9045,arvet
0631,2010,3334,1.0,2578,arvet
0632,2010,3336,1.0,1390,arvet
0633,2010,3338,1.0,2514,arvet
0701,2010,3901,1.0,25678,arvet
0702,2010,3903,1.0,10065,arvet
0704,2010,3905,1.0,39367,arvet
0706,2010,3907,1.0,43126,arvet
0709,2010,3909,1.0,42412,arvet
0711,2010,3301,1.0,6466,arvet
0713,2010,3903,1.0,8303,arvet
0714,2010,3903,1.0,3064,arvet
0716,2010,3905,1.0,8710,arvet
0719,2010,3907,1.0,5294,arvet
0720,2010,3907,1.0,10994,arvet
0722,2010,3911,1.0,20713,arvet
0723,2010,3911,1.0,4685,arvet
0728,2010,3909,1.0,2409,arvet
0805,2010,4001,1.0,34623,arvet
0806,2010,4003,1.0,51668,arvet
0807,2010,4005,1.0,12390,arvet
0811,2010,4010,1.0,2412,arvet
0814,2010,4012,1.0,14107,arvet
0815,2010,4014,1.0,10620,arvet
0817,2010,4016,1.0,4159,arvet
0819,2010,4018,1.0,6527,arvet
0821,2010,4020,1.0,5595,arvet
0822,2010,4020,1.0,4270,arvet
0826,2010,4026,1.0,6022,arvet
0827,2010,4024,1.0,1587,arvet
0828,2010,4022,1.0,2966,arvet
0829,2010,4028,1.0,2522,arvet
0830,2010,4030,1.0,1404,arvet
0831,2010,4032,1.0,1381,arvet
0833,2010,4034,1.0,2337,arvet
0834,2010,4036,1.0,3641,arvet
0901,2010,4201,1.0,6894,arvet
0904,2010,4202,1.0,20497,arvet
0906,2010,4203,1.0,41655,arvet
0911,2010,4211,1.0,2478,arvet
0912,2010,4212,1.0,1886,arvet
0914,2010,4213,1.0,5939,arvet
0919,2010,4214,1.0,5002,arvet
0926,2010,4215,1.0,9465,arvet
0928,2010,4216,1.0,4689,arvet
0929,2010,4217,1.0,1861,arvet
0935,2010,4218,1.0,1254,arvet
0937,2010,4219,1.0,3397,arvet
0938,2010,4220,1.0,1223,arvet
0940,2010,4221,1.0,1289,arvet
0941,2010,4222,1.0,970,arvet
1001,2010,4204,1.0,81295,arvet
1002,2010,4205,1.0,14696,arvet
1003,2010,4206,1.0,9410,arvet
1004,2010,4207,1.0,9003,arvet
1014,2010,4223,1.0,13116,arvet
1017,2010,4204,1.0,5940,arvet
1018,2010,4204,1.0,10509,arvet
1021,2010,4205,1.0,2231,arvet
1026,2010,4224,1.0,917,arvet
1027,2010,4225,1.0,1670,arvet
1029,2010,4205,1.0,4661,arvet
1032,2010,4225,1.0,7739,arvet
1034,2010,4226,1.0,1624,arvet
1037,2010,4227,1.0,5776,arvet
1046,2010,4228,1.0,1790,arvet
1101,2010,1101,1.0,14170,arvet
1102,2010,1108,1.0,64671,arvet
1103,2010,1103,1.0,123850,arvet
1106,2010,1106,1.0,34049,arvet
1111,2010,1111,1.0,3285,arvet
1112,2010,1112,1.0,3139,arvet
1114,2010,1114,1.0,2583,arvet
1119,2010,1119,1.0,16342,arvet
1120,2010,1120,1.0,16918,arvet
1121,2010,1121,1.0,16077,arvet
1122,2010,1122,1.0,10208,arvet
1124,2010,1124,1.0,22831,arvet
1127,2010,1127,1.0,9997,arvet
1129,2010,1108,1.0,1149,arvet
1130,2010,1130,1.0,11206,arvet
1133,2010,1133,1.0,2744,arvet
1134,2010,1134,1.0,3849,arvet
1135,2010,1135,1.0,4695,arvet
1141,2010,1103,1.0,2824,arvet
1142,2010,1103,1.0,4035,arvet
1144,2010,1144,1.0,527,arvet
1145,2010,1145,1.0,831,arvet
1146,2010,1146,1.0,9928,arvet
1149,2010,1149,1.0,39624,arvet
1151,2010,1151,1.0,218,arvet
1160,2010,1160,1.0,8197,arvet
1201,2010,4601,1.0,256600,arvet
1211,2010,4611,1.0,3882,arvet
1216,2010,4612,1.0,4999,arvet
1219,2010,4613,1.0,11275,arvet
1221,2010,4614,1.0,17565,arvet
1222,2010,4615,1.0,2931,arvet
1223,2010,4616,1.0,2779,arvet
1224,2010,4617,1.0,13187,arvet
1227,2010,4618,1.0,1036,arvet
1228,2010,4618,1.0,7047,arvet
1231,2010,4618,1.0,3382,arvet
1232,2010,4619,1.0,958,arvet
1233,2010,4620,1.0,1129,arvet
1234,2010,4621,1.0,947,arvet
1235,2010,4621,1.0,13902,arvet
1238,2010,4622,1.0,8360,arvet
1241,2010,4624,1.0,3823,arvet
1242,2010,4623,1.0,2375,arvet
1243,2010,4624,1.0,16684,arvet
1244,2010,4625,1.0,4571,arvet
1245,2010,4626,1.0,6079,arvet
1246,2010,4626,1.0,21823,arvet
1247,2010,4627,1.0,24993,arvet
1251,2010,4628,1.0,4107,arvet
1252,2010,4629,1.0,344,arvet
1253,2010,4630,1.0,7421,arvet
1256,2010,4631,1.0,6631,arvet
1259,2010,4626,1.0,4267,arvet
1260,2010,4631,1.0,4825,arvet
1263,2010,4631,1.0,14286,arvet
1264,2010,4632,1.0,2738,arvet
1265,2010,4633,1.0,594,arvet
1266,2010,4634,1.0,1635,arvet
1401,2010,4602,1.0,11586,arvet
1411,2010,4635,1.0,2302,arvet
1412,2010,4636,1.0,867,arvet
1413,2010,4637,1.0,1502,arvet
1416,2010,4638,1.0,4256,arvet
1417,2010,4639,1.0,2768,arvet
1418,2010,4640,1.0,1344,arvet
1419,2010,4640,1.0,2182,arvet
1420,2010,4640,1.0,7035,arvet
1421,2010,4641,1.0,1682,arvet
1422,2010,4642,1.0,2199,arvet
1424,2010,4643,1.0,5634,arvet
1426,2010,4644,1.0,4945,arvet
1428,2010,4645,1.0,2999,arvet
1429,2010,4646,1.0,2846,arvet
1430,2010,4647,1.0,2778,arvet
1431,2010,4647,1.0,2981,arvet
1432,2010,4647,1.0,12035,arvet
1433,2010,4647,1.0,2675,arvet
1438,2010,4648,1.0,3908,arvet
1439,2010,4602,1.0,5996,arvet
1441,2010,4649,1.0,2821,arvet
1443,2010,4649,1.0,5849,arvet
1444,2010,1577,1.0,1227,arvet
1445,2010,4650,1.0,5696,arvet
1449,2010,4651,1.0,6967,arvet
1502,2010,1506,1.0,24795,arvet
1504,2010,1508,1.0,42982,arvet
1505,2010,1505,1.0,23238,arvet
1511,2010,1511,1.0,3471,arvet
1514,2010,1514,1.0,2518,arvet
1515,2010,1515,1.0,8383,arvet
1516,2010,1516,1.0,7461,arvet
1517,2010,1517,1.0,4859,arvet
1519,2010,1577,1.0,8573,arvet
1520,2010,1520,1.0,10343,arvet
1523,2010,1508,1.0,2138,arvet
1524,2010,1578,1.0,1801,arvet
1525,2010,1525,1.0,4531,arvet
1526,2010,1578,1.0,1030,arvet
1528,2010,1528,1.0,7589,arvet
1529,2010,1508,1.0,3944,arvet
1531,2010,1531,1.0,7931,arvet
1532,2010,1532,1.0,7029,arvet
1534,2010,1580,1.0,8739,arvet
1535,2010,1535,1.0,6506,arvet
1539,2010,1539,1.0,7413,arvet
1543,2010,1506,1.0,3074,arvet
1545,2010,1506,1.0,1952,arvet
1546,2010,1508,1.0,1320,arvet
1547,2010,1547,1.0,3196,arvet
1548,2010,1579,1.0,9336,arvet
1551,2010,1579,1.0,3382,arvet
1554,2010,1554,1.0,5477,arvet
1557,2010,1557,1.0,2599,arvet
1560,2010,1560,1.0,3071,arvet
1563,2010,1563,1.0,7289,arvet
1566,2010,1566,1.0,5956,arvet
1567,2010,5061,1.0,2041,arvet
1571,2010,5055,1.0,1650,arvet
1573,2010,1573,1.0,2143,arvet
1576,2010,1576,1.0,3502,arvet
1601,2010,5001,1.0,170936,arvet
1612,2010,5055,1.0,4207,arvet
1613,2010,5055,0.153333,998,"delt, anslått fra befolkningsendring 2019→2020"
1613,2010,5056,0.339048,998,"delt, anslått fra befolkningsendring 2019→2020"
1613,2010,5059,0.507619,998,"delt, anslått fra befolkningsendring 2019→2020"
1617,2010,5056,1.0,4256,arvet
1620,2010,5014,1.0,4314,arvet
1621,2010,5057,1.0,5121,arvet
1622,2010,5059,1.0,1719,arvet
1624,2010,5054,1.0,6442,arvet
1627,2010,5057,1.0,4548,arvet
1630,2010,5058,1.0,3220,arvet
1632,2010,5058,1.0,999,arvet
1633,2010,5020,1.0,1033,arvet
1634,2010,5021,1.0,6603,arvet
1635,2010,5022,1.0,2622,arvet
1636,2010,5059,1.0,3920,arvet
1638,2010,5059,1.0,11276,arvet
1640,2010,5025,1.0,5576,arvet
1644,2010,5026,1.0,2064,arvet
1648,2010,5027,1.0,6012,arvet
1653,2010,5028,1.0,14841,arvet
1657,2010,5029,1.0,6626,arvet
1662,2010,5001,1.0,5801,arvet
1663,2010,5031,1.0,12550,arvet
1664,2010,5032,1.0,4004,arvet
1665,2010,5033,1.0,859,arvet
1702,2010,5006,1.0,21080,arvet
1703,2010,5007,1.0,12795,arvet
1711,2010,5034,1.0,2471,arvet
1714,2010,5035,1.0,21375,arvet
1717,2010,5036,1.0,2495,arvet
1718,2010,5054,1.0,3528,arvet
1719,2010,5037,1.0,18580,arvet
1721,2010,5038,1.0,14222,arvet
1723,2010,5053,1.0,810,arvet
1724,2010,5006,1.0,2914,arvet
1725,2010,5007,1.0,1697,arvet
1729,2010,5053,1.0,5879,arvet
1736,2010,5041,1.0,2164,arvet
1738,2010,5042,1.0,1435,arvet
1739,2010,5043,1.0,495,arvet
1740,2010,5044,1.0,928,arvet
1742,2010,5045,1.0,2361,arvet
1743,2010,5046,1.0,1270,arvet
1744,2010,5047,1.0,3577,arvet
1748,2010,5007,1.0,670,arvet
1749,2010,5049,1.0,1104,arvet
1750,2010,5060,1.0,4122,arvet
1751,2010,5060,1.0,4990,arvet
1755,2010,5052,1.0,593,arvet
1804,2010,1804,1.0,47282,arvet
1805,2010,1806,1.0,18402,arvet
1811,2010,1811,1.0,1601,arvet
1812,2010,1812,1.0,2041,arvet
1813,2010,1813,1.0,7660,arvet
1815,2010,1815,1.0,1288,arvet
1816,2010,1816,1.0,510,arvet
1818,2010,1818,1.0,1618,arvet
1820,2010,1820,1.0,7196,arvet
1822,2010,1822,1.0,2140,arvet
1824,2010,1824,1.0,13388,arvet
1825,2010,1825,1.0,1496,arvet
1826,2010,1826,1.0,1444,arvet
1827,2010,1827,1.0,1431,arvet
1828,2010,1828,1.0,1786,arvet
1832,2010,1832,1.0,4584,arvet
1833,2010,1833,1.0,25282,arvet
1834,2010,1834,1.0,1900,arvet
1835,2010,1835,1.0,489,arvet
1836,2010,1836,1.0,1281,arvet
1837,2010,1837,1.0,6639,arvet
1838,2010,1838,1.0,1996,arvet
1839,2010,1839,1.0,1114,arvet
1840,2010,1840,1.0,4692,arvet
1841,2010,1841,1.0,9552,arvet
1845,2010,1845,1.0,1984,arvet
1848,2010,1848,1.0,2619,arvet
1849,2010,1875,1.0,1752,arvet
1850,2010,1806,0.422336,2007,"delt, anslått fra befolkningsendring 2019→2020"
1850,2010,1875,0.577664,2007,"delt, anslått fra befolkningsendring 2019→2020"
1851,2010,1851,1.0,2181,arvet
1852,2010,5512,1.0,1345,arvet
1853,2010,1853,1.0,1357,arvet
1854,2010,1806,1.0,2616,arvet
1856,2010,1856,1.0,612,arvet
1857,2010,1857,1.0,761,arvet
1859,2010,1859,1.0,1369,arvet
1860,2010,1860,1.0,10674,arvet
1865,2010,1865,1.0,9023,arvet
1866,2010,1866,1.0,7981,arvet
1867,2010,1867,1.0,2789,arvet
1868,2010,1868,1.0,4438,arvet
1870,2010,1870,1.0,9819,arvet
1871,2010,1871,1.0,5002,arvet
1874,2010,1874,1.0,1130,arvet
1901,2010,5503,1.0,23257,arvet
1902,2010,5501,1.0,67305,arvet
1911,2010,5510,1.0,3049,arvet
1913,2010,5512,1.0,2855,arvet
1915,2010,5503,1.0,482,arvet
1917,2010,5514,1.0,1408,arvet
1919,2010,5516,1.0,1150,arvet
1920,2010,5518,1.0,1012,arvet
1922,2010,5520,1.0,3949,arvet
1923,2010,5522,1.0,2211,arvet
1924,2010,5524,1.0,6510,arvet
1925,2010,5526,1.0,3366,arvet
1926,2010,5528,1.0,1233,arvet
1927,2010,5530,1.0,1552,arvet
1928,2010,5530,1.0,899,arvet
1929,2010,5530,1.0,926,arvet
1931,2010,5530,1.0,11243,arvet
1933,2010,5532,1.0,5515,arvet
1936,2010,5534,1.0,2371,arvet
1938,2010,5536,1.0,3152,arvet
1939,2010,5538,1.0,1888,arvet
1940,2010,5540,1.0,2207,arvet
1941,2010,5542,1.0,2881,arvet
1942,2010,5544,1.0,4757,arvet
1943,2010,5546,1.0,1316,arvet
2002,2010,5634,1.0,2124,arvet
2003,2010,5607,1.0,6101,arvet
2004,2010,5603,1.0,9724,arvet
2011,2010,5612,1.0,2949,arvet
2012,2010,5601,1.0,18680,arvet
2014,2010,5614,1.0,1087,arvet
2015,2010,5616,1.0,934,arvet
2017,2010,5603,1.0,1026,arvet
2018,2010,5618,1.0,1267,arvet
2019,2010,5620,1.0,3185,arvet
2020,2010,5622,1.0,3991,arvet
2021,2010,5610,1.0,2789,arvet
2022,2010,5624,1.0,1342,arvet
2023,2010,5626,1.0,1009,arvet
2024,2010,5630,1.0,1044,arvet
2025,2010,5628,1.0,2912,arvet
2027,2010,5636,1.0,884,arvet
2028,2010,5632,1.0,2070,arvet
2030,2010,5605,1.0,9738,arvet
0101,2011,3101,1.0,29220,arvet
0104,2011,3103,1.0,30265,arvet
0105,2011,3105,1.0,52805,arvet
0106,2011,3107,1.0,74579,arvet
0111,2011,3110,1.0,4160,arvet
0118,2011,3124,1.0,1414,arvet
0119,2011,3122,1.0,3476,arvet
0121,2011,3226,1.0,678,arvet
0122,2011,3118,1.0,5142,arvet
0123,2011,3118,1.0,5265,arvet
0124,2011,3118,1.0,14909,arvet
0125,2011,3118,1.0,10940,arvet
0127,2011,3116,1.0,3576,arvet
0128,2011,3120,1.0,7601,arvet
0135,2011,3112,1.0,6946,arvet
0136,2011,3103,1.0,14426,arvet
0137,2011,3114,1.0,4573,arvet
0138,2011,3118,1.0,4852,arvet
0211,2011,3216,1.0,14708,arvet
0213,2011,3207,1.0,28587,arvet
0214,2011,3218,1.0,16733,arvet
0215,2011,3214,1.0,14814,arvet
0216,2011,3212,1.0,17515,arvet
0217,2011,3207,1.0,25072,arvet
0219,2011,3201,1.0,112789,arvet
0220,2011,3203,1.0,55284,arvet
0221,2011,3226,1.0,14632,arvet
0226,2011,3205,1.0,15686,arvet
0227,2011,3205,1.0,10431,arvet
0228,2011,3224,1.0,15920,arvet
0229,2011,3220,1.0,10262,arvet
0230,2011,3222,1.0,33308,arvet
0231,2011,3205,1.0,48752,arvet
0233,2011,3232,1.0,21165,arvet
0234,2011,3230,1.0,5990,arvet
0235,2011,3209,1.0,30081,arvet
0236,2011,3228,1.0,19049,arvet
0237,2011,3240,1.0,21128,arvet
0238,2011,3238,1.0,11128,arvet
0239,2011,3242,1.0,2619,arvet
0301,2011,0301,1.0,599230,arvet
0402,2011,3401,1.0,17436,arvet
0403,2011,3403,1.0,28662,arvet
0412,2011,3411,1.0,32842,arvet
0415,2011,3412,1.0,7353,arvet
0417,2011,3413,1.0,19154,arvet
0418,2011,3414,1.0,5113,arvet
0419,2011,3415,1.0,7831,arvet
0420,2011,3416,1.0,6299,arvet
0423,2011,3417,1.0,5024,arvet
0425,2011,3418,1.0,7597,arvet
0426,2011,3419,1.0,3882,arvet
0427,2011,3420,1.0,19979,arvet
0428,2011,3421,1.0,6754,arvet
0429,2011,3422,1.0,4317,arvet
0430,2011,3423,1.0,2665,arvet
0432,2011,3424,1.0,1974,arvet
0434,2011,3425,1.0,1409,arvet
0436,2011,3426,1.0,1684,arvet
0437,2011,3427,1.0,5495,arvet
0438,2011,3428,1.0,2447,arvet
0439,2011,3429,1.0,1660,arvet
0441,2011,3430,1.0,2045,arvet
0501,2011,3405,1.0,26571,arvet
0502,2011,3407,1.0,28974,arvet
0511,2011,3431,1.0,2748,arvet
0512,2011,3432,1.0,2197,arvet
0513,2011,3433,1.0,2299,arvet
0514,2011,3434,1.0,2401,arvet
0515,2011,3435,1.0,3718,arvet
0516,2011,3436,1.0,5834,arvet
0517,2011,3437,1.0,6004,arvet
0519,2011,3438,1.0,3212,arvet
0520,2011,3439,1.0,4556,arvet
0521,2011,3440,1.0,5092,arvet
0522,2011,3441,1.0,6141,arvet
0528,2011,3442,1.0,14604,arvet
0529,2011,3443,1.0,12803,arvet
0532,2011,3236,1.0,6359,arvet
0533,2011,3234,1.0,8654,arvet
0534,2011,3446,1.0,13434,arvet
0536,2011,3447,1.0,5837,arvet
0538,2011,3448,1.0,6716,arvet
0540,2011,3449,1.0,3164,arvet
0541,2011,3450,1.0,1388,arvet
0542,2011,3451,1.0,6402,arvet
0543,2011,3452,1.0,2217,arvet
0544,2011,3453,1.0,3171,arvet
0545,2011,3454,1.0,1591,arvet
0602,2011,3301,1.0,63582,arvet
0604,2011,3303,1.0,25090,arvet
0605,2011,3305,1.0,28946,arvet
0612,2011,3310,1.0,6140,arvet
0615,2011,3320,1.0,1000,arvet
0616,2011,3322,1.0,3445,arvet
0617,2011,3324,1.0,4572,arvet
0618,2011,3326,1.0,2140,arvet
0619,2011,3328,1.0,4713,arvet
0620,2011,3330,1.0,4453,arvet
0621,2011,3332,1.0,3524,arvet
0622,2011,3318,1.0,2164,arvet
0623,2011,3316,1.0,12940,arvet
0624,2011,3314,1.0,16987,arvet
0625,2011,3301,1.0,22917,arvet
0626,2011,3312,1.0,23580,arvet
0627,2011,3203,1.0,19264,arvet
0628,2011,3203,1.0,9155,arvet
0631,2011,3334,1.0,2592,arvet
0632,2011,3336,1.0,1382,arvet
0633,2011,3338,1.0,2524,arvet
0701,2011,3901,1.0,26036,arvet
0702,2011,3903,1.0,10152,arvet
0704,2011,3905,1.0,39758,arvet
0706,2011,3907,1.0,43648,arvet
0709,2011,3909,1.0,42638,arvet
0711,2011,3301,1.0,6494,arvet
0713,2011,3903,1.0,8529,arvet
0714,2011,3903,1.0,3073,arvet
0716,2011,3905,1.0,8821,arvet
0719,2011,3907,1.0,5372,arvet
0720,2011,3907,1.0,11129,arvet
0722,2011,3911,1.0,20897,arvet
0723,2011,3911,1.0,4738,arvet
0728,2011,3909,1.0,2420,arvet
0805,2011,4001,1.0,35043,arvet
0806,2011,4003,1.0,52077,arvet
0807,2011,4005,1.0,12396,arvet
0811,2011,4010,1.0,2419,arvet
0814,2011,4012,1.0,14030,arvet
0815,2011,4014,1.0,10695,arvet
0817,2011,4016,1.0,4124,arvet
0819,2011,4018,1.0,6561,arvet
0821,2011,4020,1.0,5659,arvet
0822,2011,4020,1.0,4358,arvet
0826,2011,4026,1.0,6037,arvet
0827,2011,4024,1.0,1597,arvet
0828,2011,4022,1.0,2955,arvet
0829,2011,4028,1.0,2501,arvet
0830,2011,4030,1.0,1405,arvet
0831,2011,4032,1.0,1351,arvet
0833,2011,4034,1.0,2316,arvet
0834,2011,4036,1.0,3661,arvet
0901,2011,4201,1.0,6871,arvet
0904,2011,4202,1.0,20823,arvet
0906,2011,4203,1.0,42229,arvet
0911,2011,4211,1.0,2497,arvet
0912,2011,4212,1.0,1922,arvet
0914,2011,4213,1.0,5969,arvet
0919,2011,4214,1.0,5127,arvet
0926,2011,4215,1.0,9713,arvet
0928,2011,4216,1.0,4776,arvet
0929,2011,4217,1.0,1829,arvet
0935,2011,4218,1.0,1305,arvet
0937,2011,4219,1.0,3475,arvet
0938,2011,4220,1.0,1239,arvet
0940,2011,4221,1.0,1284,arvet
0941,2011,4222,1.0,989,arvet
1001,2011,4204,1.0,82394,arvet
1002,2011,4205,1.0,14960,arvet
1003,2011,4206,1.0,9415,arvet
1004,2011,4207,1.0,9013,arvet
1014,2011,4223,1.0,13334,arvet
1017,2011,4204,1.0,5999,arvet
1018,2011,4204,1.0,10709,arvet
1021,2011,4205,1.0,2227,arvet
1026,2011,4224,1.0,912,arvet
1027,2011,4225,1.0,1660,arvet
1029,2011,4205,1.0,4724,arvet
1032,2011,4225,1.0,7815,arvet
1034,2011,4226,1.0,1639,arvet
1037,2011,4227,1.0,5816,arvet
1046,2011,4228,1.0,1791,arvet
1101,2011,1101,1.0,14346,arvet
1102,2011,1108,1.0,66245,arvet
1103,2011,1103,1.0,126021,arvet
1106,2011,1106,1.0,34619,arvet
1111,2011,1111,1.0,3265,arvet
1112,2011,1112,1.0,3186,arvet
1114,2011,1114,1.0,2651,arvet
1119,2011,1119,1.0,16822,arvet
1120,2011,1120,1.0,17397,arvet
1121,2011,1121,1.0,16450,arvet
1122,2011,1122,1.0,10508,arvet
1124,2011,1124,1.0,23350,arvet
1127,2011,1127,1.0,10061,arvet
1129,2011,1108,1.0,1166,arvet
1130,2011,1130,1.0,11379,arvet
1133,2011,1133,1.0,2814,arvet
1134,2011,1134,1.0,3850,arvet
1135,2011,1135,1.0,4703,arvet
1141,2011,1103,1.0,2919,arvet
1142,2011,1103,1.0,4202,arvet
1144,2011,1144,1.0,528,arvet
1145,2011,1145,1.0,837,arvet
1146,2011,1146,1.0,10191,arvet
1149,2011,1149,1.0,40063,arvet
1151,2011,1151,1.0,216,arvet
1160,2011,1160,1.0,8298,arvet
1201,2011,4601,1.0,260392,arvet
1211,2011,4611,1.0,3909,arvet
1216,2011,4612,1.0,5138,arvet
1219,2011,4613,1.0,11421,arvet
1221,2011,4614,1.0,17804,arvet
1222,2011,4615,1.0,2929,arvet
1223,2011,4616,1.0,2756,arvet
1224,2011,4617,1.0,13243,arvet
1227,2011,4618,1.0,1041,arvet
1228,2011,4618,1.0,6985,arvet
1231,2011,4618,1.0,3405,arvet
1232,2011,4619,1.0,959,arvet
1233,2011,4620,1.0,1118,arvet
1234,2011,4621,1.0,947,arvet
1235,2011,4621,1.0,13957,arvet
1238,2011,4622,1.0,8442,arvet
1241,2011,4624,1.0,3851,arvet
1242,2011,4623,1.0,2394,arvet
1243,2011,4624,1.0,17210,arvet
1244,2011,4625,1.0,4680,arvet
1245,2011,4626,1.0,6265,arvet
1246,2011,4626,1.0,22220,arvet
1247,2011,4627,1.0,25602,arvet
1251,2011,4628,1.0,4153,arvet
1252,2011,4629,1.0,370,arvet
1253,2011,4630,1.0,7465,arvet
1256,2011,4631,1.0,6824,arvet
1259,2011,4626,1.0,4300,arvet
1260,2011,4631,1.0,4896,arvet
1263,2011,4631,1.0,14516,arvet
1264,2011,4632,1.0,2789,arvet
1265,2011,4633,1.0,587,arvet
1266,2011,4634,1.0,1672,arvet
1401,2011,4602,1.0,11588,arvet
1411,2011,4635,1.0,2299,arvet
1412,2011,4636,1.0,862,arvet
1413,2011,4637,1.0,1483,arvet
1416,2011,4638,1.0,4280,arvet
1417,2011,4639,1.0,2758,arvet
1418,2011,4640,1.0,1343,arvet
1419,2011,4640,1.0,2225,arvet
1420,2011,4640,1.0,7160,arvet
1421,2011,4641,1.0,1689,arvet
1422,2011,4642,1.0,2224,arvet
1424,2011,4643,1.0,5601,arvet
1426,2011,4644,1.0,5023,arvet
1428,2011,4645,1.0,3000,arvet
1429,2011,4646,1.0,2909,arvet
1430,2011,4647,1.0,2798,arvet
1431,2011,4647,1.0,3021,arvet
1432,2011,4647,1.0,12207,arvet
1433,2011,4647,1.0,2687,arvet
1438,2011,4648,1.0,3910,arvet
1439,2011,4602,1.0,6030,arvet
1441,2011,4649,1.0,2810,arvet
1443,2011,4649,1.0,5905,arvet
1444,2011,1577,1.0,1207,arvet
1445,2011,4650,1.0,5705,arvet
1449,2011,4651,1.0,7018,arvet
1502,2011,1506,1.0,25089,arvet
1504,2011,1508,1.0,43670,arvet
1505,2011,1505,1.0,23570,arvet
1511,2011,1511,1.0,3417,arvet
1514,2011,1514,1.0,2625,arvet
1515,2011,1515,1.0,8533,arvet
1516,2011,1516,1.0,7751,arvet
1517,2011,1517,1.0,4932,arvet
1519,2011,1577,1.0,8655,arvet
1520,2011,1520,1.0,10373,arvet
1523,2011,1508,1.0,2120,arvet
1524,2011,1578,1.0,1761,arvet
1525,2011,1525,1.0,4575,arvet
1526,2011,1578,1.0,1022,arvet
1528,2011,1528,1.0,7662,arvet
1529,2011,1508,1.0,4079,arvet
1531,2011,1531,1.0,8096,arvet
1532,2011,1532,1.0,7149,arvet
1534,2011,1580,1.0,8857,arvet
1535,2011,1535,1.0,6504,arvet
1539,2011,1539,1.0,7400,arvet
1543,2011,1506,1.0,2988,arvet
1545,2011,1506,1.0,1968,arvet
1546,2011,1508,1.0,1332,arvet
1547,2011,1547,1.0,3249,arvet
1548,2011,1579,1.0,9324,arvet
1551,2011,1579,1.0,3438,arvet
1554,2011,1554,1.0,5520,arvet
1557,2011,1557,1.0,2582,arvet
1560,2011,1560,1.0,3065,arvet
1563,2011,1563,1.0,7267,arvet
1566,2011,1566,1.0,5949,arvet
1567,2011,5061,1.0,2061,arvet
1571,2011,5055,1.0,1661,arvet
1573,2011,1573,1.0,2137,arvet
1576,2011,1576,1.0,3523,arvet
1601,2011,5001,1.0,173486,arvet
1612,2011,5055,1.0,4232,arvet
1613,2011,5055,0.153333,992,"delt, anslått fra befolkningsendring 2019→2020"
1613,2011,5056,0.339048,992,"delt, anslått fra befolkningsendring 2019→2020"
1613,2011,5059,0.507619,992,"delt, anslått fra befolkningsendring 2019→2020"
1617,2011,5056,1.0,4340,arvet
1620,2011,5014,1.0,4326,arvet
1621,2011,5057,1.0,5133,arvet
1622,2011,5059,1.0,1745,arvet
1624,2011,5054,1.0,6543,arvet
1627,2011,5057,1.0,4570,arvet
1630,2011,5058,1.0,3229,arvet
1632,2011,5058,1.0,994,arvet
1633,2011,5020,1.0,1025,arvet
1634,2011,5021,1.0,6691,arvet
1635,2011,5022,1.0,2629,arvet
1636,2011,5059,1.0,3903,arvet
1638,2011,5059,1.0,11365,arvet
1640,2011,5025,1.0,5581,arvet
1644,2011,5026,1.0,2048,arvet
1648,2011,5027,1.0,6015,arvet
1653,2011,5028,1.0,15028,arvet
1657,2011,5029,1.0,6756,arvet
1662,2011,5001,1.0,5894,arvet
1663,2011,5031,1.0,12677,arvet
1664,2011,5032,1.0,3996,arvet
1665,2011,5033,1.0,868,arvet
1702,2011,5006,1.0,21151,arvet
1703,2011,5007,1.0,12906,arvet
1711,2011,5034,1.0,2503,arvet
1714,2011,5035,1.0,21659,arvet
1717,2011,5036,1.0,2538,arvet
1718,2011,5054,1.0,3522,arvet
1719,2011,5037,1.0,18741,arvet
1721,2011,5038,1.0,14334,arvet
1723,2011,5053,1.0,811,eksakt-sum
1724,2011,5006,1.0,2609,arvet
1725,2011,5007,1.0,1707,arvet
1729,2011,5053,1.0,5906,eksakt-sum
1736,2011,5041,1.0,2172,arvet
1738,2011,5042,1.0,1406,arvet
1739,2011,5043,1.0,499,arvet
1740,2011,5044,1.0,928,arvet
1742,2011,5045,1.0,2357,arvet
1743,2011,5046,1.0,1270,arvet
1744,2011,5047,1.0,3636,arvet
1748,2011,5007,1.0,653,arvet
1749,2011,5049,1.0,1109,arvet
1750,2011,5060,1.0,4135,arvet
1751,2011,5060,1.0,4999,arvet
1755,2011,5052,1.0,589,arvet
1804,2011,1804,1.0,47847,arvet
1805,2011,1806,1.0,18380,arvet
1811,2011,1811,1.0,1592,arvet
1812,2011,1812,1.0,2025,arvet
1813,2011,1813,1.0,7719,arvet
1815,2011,1815,1.0,1270,arvet
1816,2011,1816,1.0,520,arvet
1818,2011,1818,1.0,1649,arvet
1820,2011,1820,1.0,7296,arvet
1822,2011,1822,1.0,2160,arvet
1824,2011,1824,1.0,13307,arvet
1825,2011,1825,1.0,1487,arvet
1826,2011,1826,1.0,1463,arvet
1827,2011,1827,1.0,1449,arvet
1828,2011,1828,1.0,1808,arvet
1832,2011,1832,1.0,4600,arvet
1833,2011,1833,1.0,25499,arvet
1834,2011,1834,1.0,1912,arvet
1835,2011,1835,1.0,490,arvet
1836,2011,1836,1.0,1294,arvet
1837,2011,1837,1.0,6650,arvet
1838,2011,1838,1.0,2020,arvet
1839,2011,1839,1.0,1103,arvet
1840,2011,1840,1.0,4672,arvet
1841,2011,1841,1.0,9533,arvet
1845,2011,1845,1.0,1989,arvet
1848,2011,1848,1.0,2619,arvet
1849,2011,1875,1.0,1771,arvet
1850,2011,1806,0.422336,2002,"delt, anslått fra befolkningsendring 2019→2020"
1850,2011,1875,0.577664,2002,"delt, anslått fra befolkningsendring 2019→2020"
1851,2011,1851,1.0,2196,arvet
1852,2011,5512,1.0,1325,arvet
1853,2011,1853,1.0,1342,arvet
1854,2011,1806,1.0,2620,arvet
1856,2011,1856,1.0,605,arvet
1857,2011,1857,1.0,748,arvet
1859,2011,1859,1.0,1360,arvet
1860,2011,1860,1.0,10780,arvet
1865,2011,1865,1.0,9023,arvet
1866,2011,1866,1.0,7924,arvet
1867,2011,1867,1.0,2790,arvet
1868,2011,1868,1.0,4432,arvet
1870,2011,1870,1.0,9856,arvet
1871,2011,1871,1.0,5033,arvet
1874,2011,1874,1.0,1120,arvet
1901,2011,5503,1.0,23423,arvet
1902,2011,5501,1.0,68239,arvet
1911,2011,5510,1.0,3050,arvet
1913,2011,5512,1.0,2896,arvet
1915,2011,5503,1.0,476,arvet
1917,2011,5514,1.0,1419,arvet
1919,2011,5516,1.0,1115,arvet
1920,2011,5518,1.0,1003,arvet
1922,2011,5520,1.0,3942,arvet
1923,2011,5522,1.0,2179,arvet
1924,2011,5524,1.0,6563,arvet
1925,2011,5526,1.0,3371,arvet
1926,2011,5528,1.0,1205,arvet
1927,2011,5530,1.0,1538,arvet
1928,2011,5530,1.0,911,arvet
1929,2011,5530,1.0,907,arvet
1931,2011,5530,1.0,11294,arvet
1933,2011,5532,1.0,5517,arvet
1936,2011,5534,1.0,2357,arvet
1938,2011,5536,1.0,3086,arvet
1939,2011,5538,1.0,1894,arvet
1940,2011,5540,1.0,2185,arvet
1941,2011,5542,1.0,2885,arvet
1942,2011,5544,1.0,4805,arvet
1943,2011,5546,1.0,1294,arvet
2002,2011,5634,1.0,2111,arvet
2003,2011,5607,1.0,6095,arvet
2004,2011,5603,1.0,9912,arvet
2011,2011,5612,1.0,2935,arvet
2012,2011,5601,1.0,19071,arvet
2014,2011,5614,1.0,1078,arvet
2015,2011,5616,1.0,972,arvet
2017,2011,5603,1.0,998,arvet
2018,2011,5618,1.0,1228,arvet
2019,2011,5620,1.0,3224,arvet
2020,2011,5622,1.0,3980,arvet
2021,2011,5610,1.0,2768,arvet
2022,2011,5624,1.0,1336,arvet
2023,2011,5626,1.0,991,arvet
2024,2011,5630,1.0,1031,arvet
2025,2011,5628,1.0,2897,arvet
2027,2011,5636,1.0,893,arvet
2028,2011,5632,1.0,2071,arvet
2030,2011,5605,1.0,9826,arvet
0101,2012,3101,1.0,29543,arvet
0104,2012,3103,1.0,30723,arvet
0105,2012,3105,1.0,53333,arvet
0106,2012,3107,1.0,75583,arvet
0111,2012,3110,1.0,4206,arvet
0118,2012,3124,1.0,1423,arvet
0119,2012,3122,1.0,3518,arvet
0121,2012,3226,1.0,688,arvet
0122,2012,3118,1.0,5219,arvet
0123,2012,3118,1.0,5348,arvet
0124,2012,3118,1.0,15096,arvet
0125,2012,3118,1.0,11049,arvet
0127,2012,3116,1.0,3631,arvet
0128,2012,3120,1.0,7698,arvet
0135,2012,3112,1.0,6987,arvet
0136,2012,3103,1.0,14691,arvet
0137,2012,3114,1.0,4705,arvet
0138,2012,3118,1.0,4911,arvet
0211,2012,3216,1.0,15143,arvet
0213,2012,3207,1.0,28970,arvet
0214,2012,3218,1.0,17284,arvet
0215,2012,3214,1.0,15154,arvet
0216,2012,3212,1.0,17809,arvet
0217,2012,3207,1.0,25520,arvet
0219,2012,3201,1.0,114489,arvet
0220,2012,3203,1.0,56447,arvet
0221,2012,3226,1.0,14905,arvet
0226,2012,3205,1.0,16091,arvet
0227,2012,3205,1.0,10626,arvet
0228,2012,3224,1.0,16170,arvet
0229,2012,3220,1.0,10487,arvet
0230,2012,3222,1.0,33709,arvet
0231,2012,3205,1.0,49698,arvet
0233,2012,3232,1.0,21454,arvet
0234,2012,3230,1.0,6152,arvet
0235,2012,3209,1.0,31044,arvet
0236,2012,3228,1.0,19462,arvet
0237,2012,3240,1.0,21621,arvet
0238,2012,3238,1.0,11362,arvet
0239,2012,3242,1.0,2657,arvet
0301,2012,0301,1.0,613285,arvet
0402,2012,3401,1.0,17522,arvet
0403,2012,3403,1.0,29045,arvet
0412,2012,3411,1.0,33191,arvet
0415,2012,3412,1.0,7477,arvet
0417,2012,3413,1.0,19190,arvet
0418,2012,3414,1.0,5141,arvet
0419,2012,3415,1.0,7859,arvet
0420,2012,3416,1.0,6288,arvet
0423,2012,3417,1.0,5003,arvet
0425,2012,3418,1.0,7606,arvet
0426,2012,3419,1.0,3844,arvet
0427,2012,3420,1.0,20152,arvet
0428,2012,3421,1.0,6752,arvet
0429,2012,3422,1.0,4337,arvet
0430,2012,3423,1.0,2678,arvet
0432,2012,3424,1.0,1959,arvet
0434,2012,3425,1.0,1390,arvet
0436,2012,3426,1.0,1681,arvet
0437,2012,3427,1.0,5564,arvet
0438,2012,3428,1.0,2431,arvet
0439,2012,3429,1.0,1641,arvet
0441,2012,3430,1.0,2040,arvet
0501,2012,3405,1.0,26765,arvet
0502,2012,3407,1.0,29202,arvet
0511,2012,3431,1.0,2742,arvet
0512,2012,3432,1.0,2195,arvet
0513,2012,3433,1.0,2307,arvet
0514,2012,3434,1.0,2382,arvet
0515,2012,3435,1.0,3739,arvet
0516,2012,3436,1.0,5830,arvet
0517,2012,3437,1.0,5992,arvet
0519,2012,3438,1.0,3208,arvet
0520,2012,3439,1.0,4561,arvet
0521,2012,3440,1.0,5095,arvet
0522,2012,3441,1.0,6160,arvet
0528,2012,3442,1.0,14747,arvet
0529,2012,3443,1.0,12928,arvet
0532,2012,3236,1.0,6483,arvet
0533,2012,3234,1.0,8776,arvet
0534,2012,3446,1.0,13493,arvet
0536,2012,3447,1.0,5761,arvet
0538,2012,3448,1.0,6768,arvet
0540,2012,3449,1.0,3154,arvet
0541,2012,3450,1.0,1408,arvet
0542,2012,3451,1.0,6428,arvet
0543,2012,3452,1.0,2232,arvet
0544,2012,3453,1.0,3174,arvet
0545,2012,3454,1.0,1617,arvet
0602,2012,3301,1.0,64597,arvet
0604,2012,3303,1.0,25479,arvet
0605,2012,3305,1.0,29236,arvet
0612,2012,3310,1.0,6322,arvet
0615,2012,3320,1.0,1034,arvet
0616,2012,3322,1.0,3452,arvet
0617,2012,3324,1.0,4581,arvet
0618,2012,3326,1.0,2228,arvet
0619,2012,3328,1.0,4741,arvet
0620,2012,3330,1.0,4457,arvet
0621,2012,3332,1.0,3535,arvet
0622,2012,3318,1.0,2186,arvet
0623,2012,3316,1.0,13116,arvet
0624,2012,3314,1.0,17421,arvet
0625,2012,3301,1.0,23262,arvet
0626,2012,3312,1.0,24177,arvet
0627,2012,3203,1.0,19594,arvet
0628,2012,3203,1.0,9185,arvet
0631,2012,3334,1.0,2638,arvet
0632,2012,3336,1.0,1383,arvet
0633,2012,3338,1.0,2540,arvet
0701,2012,3901,1.0,26307,arvet
0702,2012,3903,1.0,10251,arvet
0704,2012,3905,1.0,40677,arvet
0706,2012,3907,1.0,44150,arvet
0709,2012,3909,1.0,42947,arvet
0711,2012,3301,1.0,6581,arvet
0713,2012,3903,1.0,8680,arvet
0714,2012,3903,1.0,3048,arvet
0716,2012,3905,1.0,8936,arvet
0719,2012,3907,1.0,5448,arvet
0720,2012,3907,1.0,11178,arvet
0722,2012,3911,1.0,20995,arvet
0723,2012,3911,1.0,4813,arvet
0728,2012,3909,1.0,2413,arvet
0805,2012,4001,1.0,35219,arvet
0806,2012,4003,1.0,52509,arvet
0807,2012,4005,1.0,12469,arvet
0811,2012,4010,1.0,2432,arvet
0814,2012,4012,1.0,14106,arvet
0815,2012,4014,1.0,10710,arvet
0817,2012,4016,1.0,4126,arvet
0819,2012,4018,1.0,6579,arvet
0821,2012,4020,1.0,5766,arvet
0822,2012,4020,1.0,4314,arvet
0826,2012,4026,1.0,5982,arvet
0827,2012,4024,1.0,1602,arvet
0828,2012,4022,1.0,2959,arvet
0829,2012,4028,1.0,2498,arvet
0830,2012,4030,1.0,1430,arvet
0831,2012,4032,1.0,1335,arvet
0833,2012,4034,1.0,2287,arvet
0834,2012,4036,1.0,3700,arvet
0901,2012,4201,1.0,6899,arvet
0904,2012,4202,1.0,21301,arvet
0906,2012,4203,1.0,42801,arvet
0911,2012,4211,1.0,2478,arvet
0912,2012,4212,1.0,1933,arvet
0914,2012,4213,1.0,6019,arvet
0919,2012,4214,1.0,5257,arvet
0926,2012,4215,1.0,9878,arvet
0928,2012,4216,1.0,4828,arvet
0929,2012,4217,1.0,1825,arvet
0935,2012,4218,1.0,1298,arvet
0937,2012,4219,1.0,3496,arvet
0938,2012,4220,1.0,1219,arvet
0940,2012,4221,1.0,1293,arvet
0941,2012,4222,1.0,970,arvet
1001,2012,4204,1.0,83243,arvet
1002,2012,4205,1.0,15149,arvet
1003,2012,4206,1.0,9433,arvet
1004,2012,4207,1.0,9046,arvet
1014,2012,4223,1.0,13583,arvet
1017,2012,4204,1.0,6165,arvet
1018,2012,4204,1.0,10855,arvet
1021,2012,4205,1.0,2286,arvet
1026,2012,4224,1.0,912,arvet
1027,2012,4225,1.0,1689,arvet
1029,2012,4205,1.0,4753,arvet
1032,2012,4225,1.0,7895,arvet
1034,2012,4226,1.0,1665,arvet
1037,2012,4227,1.0,5834,arvet
1046,2012,4228,1.0,1816,arvet
1101,2012,1101,1.0,14475,arvet
1102,2012,1108,1.0,67814,arvet
1103,2012,1103,1.0,127506,arvet
1106,2012,1106,1.0,35099,arvet
1111,2012,1111,1.0,3257,arvet
1112,2012,1112,1.0,3183,arvet
1114,2012,1114,1.0,2739,arvet
1119,2012,1119,1.0,17244,arvet
1120,2012,1120,1.0,17746,arvet
1121,2012,1121,1.0,16769,arvet
1122,2012,1122,1.0,10778,arvet
1124,2012,1124,1.0,23877,arvet
1127,2012,1127,1.0,10265,arvet
1129,2012,1108,1.0,1190,arvet
1130,2012,1130,1.0,11533,arvet
1133,2012,1133,1.0,2807,arvet
1134,2012,1134,1.0,3845,arvet
1135,2012,1135,1.0,4754,arvet
1141,2012,1103,1.0,2955,arvet
1142,2012,1103,1.0,4388,arvet
1144,2012,1144,1.0,519,arvet
1145,2012,1145,1.0,851,arvet
1146,2012,1146,1.0,10320,arvet
1149,2012,1149,1.0,40536,arvet
1151,2012,1151,1.0,218,arvet
1160,2012,1160,1.0,8447,arvet
1201,2012,4601,1.0,263762,arvet
1211,2012,4611,1.0,3963,arvet
1216,2012,4612,1.0,5228,arvet
1219,2012,4613,1.0,11503,arvet
1221,2012,4614,1.0,17957,arvet
1222,2012,4615,1.0,2944,arvet
1223,2012,4616,1.0,2766,arvet
1224,2012,4617,1.0,13318,arvet
1227,2012,4618,1.0,1050,arvet
1228,2012,4618,1.0,6946,arvet
1231,2012,4618,1.0,3417,arvet
1232,2012,4619,1.0,957,arvet
1233,2012,4620,1.0,1112,arvet
1234,2012,4621,1.0,923,arvet
1235,2012,4621,1.0,13978,arvet
1238,2012,4622,1.0,8522,arvet
1241,2012,4624,1.0,3811,arvet
1242,2012,4623,1.0,2417,arvet
1243,2012,4624,1.0,17726,arvet
1244,2012,4625,1.0,4792,arvet
1245,2012,4626,1.0,6409,arvet
1246,2012,4626,1.0,22720,arvet
1247,2012,4627,1.0,26210,arvet
1251,2012,4628,1.0,4138,arvet
1252,2012,4629,1.0,370,arvet
1253,2012,4630,1.0,7521,arvet
1256,2012,4631,1.0,7036,arvet
1259,2012,4626,1.0,4419,arvet
1260,2012,4631,1.0,4952,arvet
1263,2012,4631,1.0,14668,arvet
1264,2012,4632,1.0,2776,arvet
1265,2012,4633,1.0,576,arvet
1266,2012,4634,1.0,1683,arvet
1401,2012,4602,1.0,11654,arvet
1411,2012,4635,1.0,2310,arvet
1412,2012,4636,1.0,851,arvet
1413,2012,4637,1.0,1461,arvet
1416,2012,4638,1.0,4216,arvet
1417,2012,4639,1.0,2748,arvet
1418,2012,4640,1.0,1338,arvet
1419,2012,4640,1.0,2236,arvet
1420,2012,4640,1.0,7348,arvet
1421,2012,4641,1.0,1712,arvet
1422,2012,4642,1.0,2205,arvet
1424,2012,4643,1.0,5572,arvet
1426,2012,4644,1.0,5026,arvet
1428,2012,4645,1.0,3010,arvet
1429,2012,4646,1.0,2832,arvet
1430,2012,4647,1.0,2848,arvet
1431,2012,4647,1.0,3052,arvet
1432,2012,4647,1.0,12307,arvet
1433,2012,4647,1.0,2710,arvet
1438,2012,4648,1.0,3891,arvet
1439,2012,4602,1.0,6129,arvet
1441,2012,4649,1.0,2831,arvet
1443,2012,4649,1.0,5950,arvet
1444,2012,1577,1.0,1220,arvet
1445,2012,4650,1.0,5679,arvet
1449,2012,4651,1.0,7065,arvet
1502,2012,1506,1.0,25488,arvet
1504,2012,1508,1.0,44416,arvet
1505,2012,1505,1.0,23813,arvet
1511,2012,1511,1.0,3388,arvet
1514,2012,1514,1.0,2588,arvet
1515,2012,1515,1.0,8727,arvet
1516,2012,1516,1.0,7828,arvet
1517,2012,1517,1.0,5000,arvet
1519,2012,1577,1.0,8693,arvet
1520,2012,1520,1.0,10398,arvet
1523,2012,1508,1.0,2202,arvet
1524,2012,1578,1.0,1738,arvet
1525,2012,1525,1.0,4602,arvet
1526,2012,1578,1.0,1026,arvet
1528,2012,1528,1.0,7664,arvet
1529,2012,1508,1.0,4184,arvet
1531,2012,1531,1.0,8256,arvet
1532,2012,1532,1.0,7312,arvet
1534,2012,1580,1.0,8973,arvet
1535,2012,1535,1.0,6539,arvet
1539,2012,1539,1.0,7428,arvet
1543,2012,1506,1.0,3004,arvet
1545,2012,1506,1.0,1988,arvet
1546,2012,1508,1.0,1315,arvet
1547,2012,1547,1.0,3289,arvet
1548,2012,1579,1.0,9484,arvet
1551,2012,1579,1.0,3442,arvet
1554,2012,1554,1.0,5593,arvet
1557,2012,1557,1.0,2579,arvet
1560,2012,1560,1.0,3101,arvet
1563,2012,1563,1.0,7196,arvet
1566,2012,1566,1.0,5952,arvet
1567,2012,5061,1.0,2088,arvet
1571,2012,5055,1.0,1641,arvet
1573,2012,1573,1.0,2182,arvet
1576,2012,1576,1.0,3511,arvet
1601,2012,5001,1.0,176348,arvet
1612,2012,5055,1.0,4221,arvet
1613,2012,5055,0.153333,981,"delt, anslått fra befolkningsendring 2019→2020"
1613,2012,5056,0.339048,981,"delt, anslått fra befolkningsendring 2019→2020"
1613,2012,5059,0.507619,981,"delt, anslått fra befolkningsendring 2019→2020"
1617,2012,5056,1.0,4399,arvet
1620,2012,5014,1.0,4369,arvet
1621,2012,5057,1.0,5119,arvet
1622,2012,5059,1.0,1715,arvet
1624,2012,5054,1.0,6543,arvet
1627,2012,5057,1.0,4584,arvet
1630,2012,5058,1.0,3257,arvet
1632,2012,5058,1.0,987,arvet
1633,2012,5020,1.0,1020,arvet
1634,2012,5021,1.0,6755,arvet
1635,2012,5022,1.0,2569,arvet
1636,2012,5059,1.0,3924,arvet
1638,2012,5059,1.0,11429,arvet
1640,2012,5025,1.0,5604,arvet
1644,2012,5026,1.0,2013,arvet
1648,2012,5027,1.0,6153,arvet
1653,2012,5028,1.0,15392,arvet
1657,2012,5029,1.0,6941,arvet
1662,2012,5001,1.0,5930,arvet
1663,2012,5031,1.0,12785,arvet
1664,2012,5032,1.0,4042,arvet
1665,2012,5033,1.0,870,arvet
1702,2012,5006,1.0,21303,arvet
1703,2012,5007,1.0,12953,arvet
1711,2012,5034,1.0,2513,arvet
1714,2012,5035,1.0,22058,arvet
1717,2012,5036,1.0,2618,arvet
1718,2012,5054,1.0,3527,arvet
1719,2012,5037,1.0,18922,arvet
1721,2012,5038,1.0,14387,arvet
1724,2012,5006,1.0,2705,arvet
1725,2012,5007,1.0,1694,arvet
1736,2012,5041,1.0,2164,arvet
1738,2012,5042,1.0,1410,arvet
1739,2012,5043,1.0,494,arvet
1740,2012,5044,1.0,916,arvet
1742,2012,5045,1.0,2409,arvet
1743,2012,5046,1.0,1264,arvet
1744,2012,5047,1.0,3679,arvet
1748,2012,5007,1.0,668,arvet
1749,2012,5049,1.0,1141,arvet
1750,2012,5060,1.0,4241,arvet
1751,2012,5060,1.0,5069,arvet
1755,2012,5052,1.0,573,arvet
1756,2012,5053,1.0,6682,arvet
1804,2012,1804,1.0,48422,arvet
1805,2012,1806,1.0,18473,arvet
1811,2012,1811,1.0,1562,arvet
1812,2012,1812,1.0,2038,arvet
1813,2012,1813,1.0,7778,arvet
1815,2012,1815,1.0,1256,arvet
1816,2012,1816,1.0,511,arvet
1818,2012,1818,1.0,1711,arvet
1820,2012,1820,1.0,7372,arvet
1822,2012,1822,1.0,2107,arvet
1824,2012,1824,1.0,13258,arvet
1825,2012,1825,1.0,1455,arvet
1826,2012,1826,1.0,1456,arvet
1827,2012,1827,1.0,1433,arvet
1828,2012,1828,1.0,1813,arvet
1832,2012,1832,1.0,4585,arvet
1833,2012,1833,1.0,25652,arvet
1834,2012,1834,1.0,1937,arvet
1835,2012,1835,1.0,497,arvet
1836,2012,1836,1.0,1320,arvet
1837,2012,1837,1.0,6657,arvet
1838,2012,1838,1.0,2000,arvet
1839,2012,1839,1.0,1097,arvet
1840,2012,1840,1.0,4710,arvet
1841,2012,1841,1.0,9513,arvet
1845,2012,1845,1.0,2003,arvet
1848,2012,1848,1.0,2609,arvet
1849,2012,1875,1.0,1783,arvet
1850,2012,1806,0.422336,1956,"delt, anslått fra befolkningsendring 2019→2020"
1850,2012,1875,0.577664,1956,"delt, anslått fra befolkningsendring 2019→2020"
1851,2012,1851,1.0,2179,arvet
1852,2012,5512,1.0,1284,arvet
1853,2012,1853,1.0,1359,arvet
1854,2012,1806,1.0,2616,arvet
1856,2012,1856,1.0,595,arvet
1857,2012,1857,1.0,751,arvet
1859,2012,1859,1.0,1383,arvet
1860,2012,1860,1.0,10848,arvet
1865,2012,1865,1.0,9086,arvet
1866,2012,1866,1.0,7937,arvet
1867,2012,1867,1.0,2720,arvet
1868,2012,1868,1.0,4467,arvet
1870,2012,1870,1.0,9983,arvet
1871,2012,1871,1.0,5032,arvet
1874,2012,1874,1.0,1116,arvet
1901,2012,5503,1.0,23640,eksakt-sum
1902,2012,5501,1.0,69116,arvet
1911,2012,5510,1.0,3025,arvet
1913,2012,5512,1.0,2972,arvet
1915,2012,5503,1.0,455,eksakt-sum
1917,2012,5514,1.0,1410,arvet
1919,2012,5516,1.0,1136,arvet
1920,2012,5518,1.0,1016,arvet
1922,2012,5520,1.0,3875,arvet
1923,2012,5522,1.0,2214,arvet
1924,2012,5524,1.0,6599,arvet
1925,2012,5526,1.0,3381,arvet
1926,2012,5528,1.0,1188,arvet
1927,2012,5530,1.0,1524,arvet
1928,2012,5530,1.0,892,arvet
1929,2012,5530,1.0,887,arvet
1931,2012,5530,1.0,11345,arvet
1933,2012,5532,1.0,5502,arvet
1936,2012,5534,1.0,2355,arvet
1938,2012,5536,1.0,3028,arvet
1939,2012,5538,1.0,1909,arvet
1940,2012,5540,1.0,2210,arvet
1941,2012,5542,1.0,2880,arvet
1942,2012,5544,1.0,4807,arvet
1943,2012,5546,1.0,1284,arvet
2002,2012,5634,1.0,2122,arvet
2003,2012,5607,1.0,6125,arvet
2004,2012,5603,1.0,9934,arvet
2011,2012,5612,1.0,2927,arvet
2012,2012,5601,1.0,19282,arvet
2014,2012,5614,1.0,1087,arvet
2015,2012,5616,1.0,995,arvet
2017,2012,5603,1.0,1010,arvet
2018,2012,5618,1.0,1243,arvet
2019,2012,5620,1.0,3228,arvet
2020,2012,5622,1.0,3946,arvet
2021,2012,5610,1.0,2763,arvet
2022,2012,5624,1.0,1356,arvet
2023,2012,5626,1.0,1008,arvet
2024,2012,5630,1.0,1015,arvet
2025,2012,5628,1.0,2896,arvet
2027,2012,5636,1.0,901,arvet
2028,2012,5632,1.0,2089,arvet
2030,2012,5605,1.0,9860,arvet
0101,2013,3101,1.0,29880,arvet
0104,2013,3103,1.0,30988,arvet
0105,2013,3105,1.0,53696,arvet
0106,2013,3107,1.0,76807,arvet
0111,2013,3110,1.0,4284,arvet
0118,2013,3124,1.0,1425,arvet
0119,2013,3122,1.0,3587,arvet
0121,2013,3226,1.0,691,arvet
0122,2013,3118,1.0,5273,arvet
0123,2013,3118,1.0,5474,arvet
0124,2013,3118,1.0,15315,arvet
0125,2013,3118,1.0,11195,arvet
0127,2013,3116,1.0,3668,arvet
0128,2013,3120,1.0,7860,arvet
0135,2013,3112,1.0,7053,arvet
0136,2013,3103,1.0,14967,arvet
0137,2013,3114,1.0,4857,arvet
0138,2013,3118,1.0,4980,arvet
0211,2013,3216,1.0,15605,arvet
0213,2013,3207,1.0,29307,arvet
0214,2013,3218,1.0,17568,arvet
0215,2013,3214,1.0,15469,arvet
0216,2013,3212,1.0,17998,arvet
0217,2013,3207,1.0,25963,arvet
0219,2013,3201,1.0,116677,arvet
0220,2013,3203,1.0,57418,arvet
0221,2013,3226,1.0,15260,arvet
0226,2013,3205,1.0,16363,arvet
0227,2013,3205,1.0,10810,arvet
0228,2013,3224,1.0,16420,arvet
0229,2013,3220,1.0,10560,arvet
0230,2013,3222,1.0,34320,arvet
0231,2013,3205,1.0,50532,arvet
0233,2013,3232,1.0,21971,arvet
0234,2013,3230,1.0,6264,arvet
0235,2013,3209,1.0,31743,arvet
0236,2013,3228,1.0,19819,arvet
0237,2013,3240,1.0,22142,arvet
0238,2013,3238,1.0,11505,arvet
0239,2013,3242,1.0,2685,arvet
0301,2013,0301,1.0,623966,arvet
0402,2013,3401,1.0,17638,arvet
0403,2013,3403,1.0,29353,arvet
0412,2013,3411,1.0,33406,arvet
0415,2013,3412,1.0,7479,arvet
0417,2013,3413,1.0,19407,arvet
0418,2013,3414,1.0,5190,arvet
0419,2013,3415,1.0,7806,arvet
0420,2013,3416,1.0,6282,arvet
0423,2013,3417,1.0,4997,arvet
0425,2013,3418,1.0,7600,arvet
0426,2013,3419,1.0,3826,arvet
0427,2013,3420,1.0,20343,arvet
0428,2013,3421,1.0,6689,arvet
0429,2013,3422,1.0,4387,arvet
0430,2013,3423,1.0,2641,arvet
0432,2013,3424,1.0,1910,arvet
0434,2013,3425,1.0,1376,arvet
0436,2013,3426,1.0,1681,arvet
0437,2013,3427,1.0,5570,arvet
0438,2013,3428,1.0,2449,arvet
0439,2013,3429,1.0,1654,arvet
0441,2013,3430,1.0,2035,arvet
0501,2013,3405,1.0,26850,arvet
0502,2013,3407,1.0,29407,arvet
0511,2013,3431,1.0,2727,arvet
0512,2013,3432,1.0,2145,arvet
0513,2013,3433,1.0,2279,arvet
0514,2013,3434,1.0,2364,arvet
0515,2013,3435,1.0,3716,arvet
0516,2013,3436,1.0,5827,arvet
0517,2013,3437,1.0,5952,arvet
0519,2013,3438,1.0,3193,arvet
0520,2013,3439,1.0,4496,arvet
0521,2013,3440,1.0,5102,arvet
0522,2013,3441,1.0,6141,arvet
0528,2013,3442,1.0,14766,arvet
0529,2013,3443,1.0,12999,arvet
0532,2013,3236,1.0,6444,arvet
0533,2013,3234,1.0,8880,arvet
0534,2013,3446,1.0,13550,arvet
0536,2013,3447,1.0,5703,arvet
0538,2013,3448,1.0,6758,arvet
0540,2013,3449,1.0,3147,arvet
0541,2013,3450,1.0,1399,arvet
0542,2013,3451,1.0,6396,arvet
0543,2013,3452,1.0,2219,arvet
0544,2013,3453,1.0,3197,arvet
0545,2013,3454,1.0,1597,arvet
0602,2013,3301,1.0,65473,arvet
0604,2013,3303,1.0,25887,arvet
0605,2013,3305,1.0,29400,arvet
0612,2013,3310,1.0,6463,arvet
0615,2013,3320,1.0,1050,arvet
0616,2013,3322,1.0,3435,arvet
0617,2013,3324,1.0,4667,arvet
0618,2013,3326,1.0,2224,arvet
0619,2013,3328,1.0,4761,arvet
0620,2013,3330,1.0,4448,arvet
0621,2013,3332,1.0,3538,arvet
0622,2013,3318,1.0,2223,arvet
0623,2013,3316,1.0,13337,arvet
0624,2013,3314,1.0,17752,arvet
0625,2013,3301,1.0,23640,arvet
0626,2013,3312,1.0,24763,arvet
0627,2013,3203,1.0,20078,arvet
0628,2013,3203,1.0,9321,arvet
0631,2013,3334,1.0,2657,arvet
0632,2013,3336,1.0,1355,arvet
0633,2013,3338,1.0,2531,arvet
0701,2013,3901,1.0,26595,arvet
0702,2013,3903,1.0,10350,arvet
0704,2013,3905,1.0,41239,arvet
0706,2013,3907,1.0,44629,arvet
0709,2013,3909,1.0,43132,arvet
0711,2013,3301,1.0,6570,arvet
0713,2013,3903,1.0,8835,arvet
0714,2013,3903,1.0,3060,arvet
0716,2013,3905,1.0,8994,arvet
0719,2013,3907,1.0,5546,arvet
0720,2013,3907,1.0,11398,arvet
0722,2013,3911,1.0,21100,arvet
0723,2013,3911,1.0,4865,arvet
0728,2013,3909,1.0,2435,arvet
0805,2013,4001,1.0,35392,arvet
0806,2013,4003,1.0,53015,arvet
0807,2013,4005,1.0,12497,arvet
0811,2013,4010,1.0,2426,arvet
0814,2013,4012,1.0,14129,arvet
0815,2013,4014,1.0,10700,arvet
0817,2013,4016,1.0,4139,arvet
0819,2013,4018,1.0,6625,arvet
0821,2013,4020,1.0,5791,arvet
0822,2013,4020,1.0,4369,arvet
0826,2013,4026,1.0,5973,arvet
0827,2013,4024,1.0,1609,arvet
0828,2013,4022,1.0,2945,arvet
0829,2013,4028,1.0,2507,arvet
0830,2013,4030,1.0,1430,arvet
0831,2013,4032,1.0,1350,arvet
0833,2013,4034,1.0,2284,arvet
0834,2013,4036,1.0,3721,arvet
0901,2013,4201,1.0,6848,arvet
0904,2013,4202,1.0,21594,arvet
0906,2013,4203,1.0,43336,arvet
0911,2013,4211,1.0,2484,arvet
0912,2013,4212,1.0,1986,arvet
0914,2013,4213,1.0,6064,arvet
0919,2013,4214,1.0,5425,arvet
0926,2013,4215,1.0,10032,arvet
0928,2013,4216,1.0,4936,arvet
0929,2013,4217,1.0,1815,arvet
0935,2013,4218,1.0,1283,arvet
0937,2013,4219,1.0,3556,arvet
0938,2013,4220,1.0,1207,arvet
0940,2013,4221,1.0,1277,arvet
0941,2013,4222,1.0,929,arvet
1001,2013,4204,1.0,84476,arvet
1002,2013,4205,1.0,15237,arvet
1003,2013,4206,1.0,9441,arvet
1004,2013,4207,1.0,9060,arvet
1014,2013,4223,1.0,13756,arvet
1017,2013,4204,1.0,6285,arvet
1018,2013,4204,1.0,10960,arvet
1021,2013,4205,1.0,2292,arvet
1026,2013,4224,1.0,912,arvet
1027,2013,4225,1.0,1728,arvet
1029,2013,4205,1.0,4796,arvet
1032,2013,4225,1.0,8011,arvet
1034,2013,4226,1.0,1669,arvet
1037,2013,4227,1.0,5899,arvet
1046,2013,4228,1.0,1831,arvet
1101,2013,1101,1.0,14636,arvet
1102,2013,1108,1.0,70046,arvet
1103,2013,1103,1.0,129191,arvet
1106,2013,1106,1.0,35753,arvet
1111,2013,1111,1.0,3286,arvet
1112,2013,1112,1.0,3173,arvet
1114,2013,1114,1.0,2779,arvet
1119,2013,1119,1.0,17635,arvet
1120,2013,1120,1.0,18227,arvet
1121,2013,1121,1.0,17437,arvet
1122,2013,1122,1.0,11039,arvet
1124,2013,1124,1.0,24579,arvet
1127,2013,1127,1.0,10397,arvet
1129,2013,1108,1.0,1227,arvet
1130,2013,1130,1.0,11882,arvet
1133,2013,1133,1.0,2799,arvet
1134,2013,1134,1.0,3872,arvet
1135,2013,1135,1.0,4745,arvet
1141,2013,1103,1.0,3015,arvet
1142,2013,1103,1.0,4619,arvet
1144,2013,1144,1.0,528,arvet
1145,2013,1145,1.0,865,arvet
1146,2013,1146,1.0,10487,arvet
1149,2013,1149,1.0,41118,arvet
1151,2013,1151,1.0,209,arvet
1160,2013,1160,1.0,8615,arvet
1201,2013,4601,1.0,267950,arvet
1211,2013,4611,1.0,4040,arvet
1216,2013,4612,1.0,5400,arvet
1219,2013,4613,1.0,11638,arvet
1221,2013,4614,1.0,18161,arvet
1222,2013,4615,1.0,2980,arvet
1223,2013,4616,1.0,2736,arvet
1224,2013,4617,1.0,13305,arvet
1227,2013,4618,1.0,1046,arvet
1228,2013,4618,1.0,6988,arvet
1231,2013,4618,1.0,3403,arvet
1232,2013,4619,1.0,952,arvet
1233,2013,4620,1.0,1113,arvet
1234,2013,4621,1.0,904,arvet
1235,2013,4621,1.0,14061,arvet
1238,2013,4622,1.0,8584,arvet
1241,2013,4624,1.0,3818,arvet
1242,2013,4623,1.0,2434,arvet
1243,2013,4624,1.0,18142,arvet
1244,2013,4625,1.0,4838,arvet
1245,2013,4626,1.0,6514,arvet
1246,2013,4626,1.0,23277,arvet
1247,2013,4627,1.0,26831,arvet
1251,2013,4628,1.0,4132,arvet
1252,2013,4629,1.0,383,arvet
1253,2013,4630,1.0,7674,arvet
1256,2013,4631,1.0,7347,arvet
1259,2013,4626,1.0,4563,arvet
1260,2013,4631,1.0,5003,arvet
1263,2013,4631,1.0,14820,arvet
1264,2013,4632,1.0,2833,arvet
1265,2013,4633,1.0,569,arvet
1266,2013,4634,1.0,1696,arvet
1401,2013,4602,1.0,11697,arvet
1411,2013,4635,1.0,2305,arvet
1412,2013,4636,1.0,842,arvet
1413,2013,4637,1.0,1428,arvet
1416,2013,4638,1.0,4222,arvet
1417,2013,4639,1.0,2731,arvet
1418,2013,4640,1.0,1337,arvet
1419,2013,4640,1.0,2255,arvet
1420,2013,4640,1.0,7477,arvet
1421,2013,4641,1.0,1714,arvet
1422,2013,4642,1.0,2176,arvet
1424,2013,4643,1.0,5521,arvet
1426,2013,4644,1.0,5041,arvet
1428,2013,4645,1.0,3018,arvet
1429,2013,4646,1.0,2871,arvet
1430,2013,4647,1.0,2923,arvet
1431,2013,4647,1.0,3078,arvet
1432,2013,4647,1.0,12559,arvet
1433,2013,4647,1.0,2713,arvet
1438,2013,4648,1.0,3945,arvet
1439,2013,4602,1.0,6119,arvet
1441,2013,4649,1.0,2789,arvet
1443,2013,4649,1.0,5920,arvet
1444,2013,1577,1.0,1238,arvet
1445,2013,4650,1.0,5676,arvet
1449,2013,4651,1.0,7105,arvet
1502,2013,1506,1.0,25936,arvet
1504,2013,1508,1.0,45033,arvet
1505,2013,1505,1.0,24131,arvet
1511,2013,1511,1.0,3336,arvet
1514,2013,1514,1.0,2628,arvet
1515,2013,1515,1.0,8847,arvet
1516,2013,1516,1.0,7927,arvet
1517,2013,1517,1.0,5057,arvet
1519,2013,1577,1.0,8827,arvet
1520,2013,1520,1.0,10456,arvet
1523,2013,1508,1.0,2267,arvet
1524,2013,1578,1.0,1739,arvet
1525,2013,1525,1.0,4610,arvet
1526,2013,1578,1.0,1052,arvet
1528,2013,1528,1.0,7673,arvet
1529,2013,1508,1.0,4282,arvet
1531,2013,1531,1.0,8397,arvet
1532,2013,1532,1.0,7541,arvet
1534,2013,1580,1.0,9020,arvet
1535,2013,1535,1.0,6626,arvet
1539,2013,1539,1.0,7421,arvet
1543,2013,1506,1.0,2995,arvet
1545,2013,1506,1.0,2010,arvet
1546,2013,1508,1.0,1291,arvet
1547,2013,1547,1.0,3339,arvet
1548,2013,1579,1.0,9614,arvet
1551,2013,1579,1.0,3476,arvet
1554,2013,1554,1.0,5651,arvet
1557,2013,1557,1.0,2557,arvet
1560,2013,1560,1.0,3116,arvet
1563,2013,1563,1.0,7205,arvet
1566,2013,1566,1.0,5927,arvet
1567,2013,5061,1.0,2061,arvet
1571,2013,5055,1.0,1606,arvet
1573,2013,1573,1.0,2180,arvet
1576,2013,1576,1.0,3570,arvet
1601,2013,5001,1.0,179692,arvet
1612,2013,5055,1.0,4228,arvet
1613,2013,5055,0.153333,985,"delt, anslått fra befolkningsendring 2019→2020"
1613,2013,5056,0.339048,985,"delt, anslått fra befolkningsendring 2019→2020"
1613,2013,5059,0.507619,985,"delt, anslått fra befolkningsendring 2019→2020"
1617,2013,5056,1.0,4477,arvet
1620,2013,5014,1.0,4506,arvet
1621,2013,5057,1.0,5155,arvet
1622,2013,5059,1.0,1712,arvet
1624,2013,5054,1.0,6652,arvet
1627,2013,5057,1.0,4665,arvet
1630,2013,5058,1.0,3237,arvet
1632,2013,5058,1.0,996,arvet
1633,2013,5020,1.0,1010,arvet
1634,2013,5021,1.0,6794,arvet
1635,2013,5022,1.0,2534,arvet
1636,2013,5059,1.0,3967,arvet
1638,2013,5059,1.0,11519,arvet
1640,2013,5025,1.0,5589,arvet
1644,2013,5026,1.0,2030,arvet
1648,2013,5027,1.0,6266,arvet
1653,2013,5028,1.0,15679,arvet
1657,2013,5029,1.0,7143,arvet
1662,2013,5001,1.0,5939,arvet
1663,2013,5031,1.0,13085,arvet
1664,2013,5032,1.0,4030,arvet
1665,2013,5033,1.0,865,arvet
1702,2013,5006,1.0,21392,arvet
1703,2013,5007,1.0,12988,arvet
1711,2013,5034,1.0,2510,arvet
1714,2013,5035,1.0,22379,arvet
1717,2013,5036,1.0,2627,arvet
1718,2013,5054,1.0,3531,arvet
1719,2013,5037,1.0,19078,arvet
1721,2013,5038,1.0,14539,arvet
1724,2013,5006,1.0,2834,arvet
1725,2013,5007,1.0,1699,arvet
1736,2013,5041,1.0,2154,arvet
1738,2013,5042,1.0,1401,arvet
1739,2013,5043,1.0,503,arvet
1740,2013,5044,1.0,902,arvet
1742,2013,5045,1.0,2465,arvet
1743,2013,5046,1.0,1263,arvet
1744,2013,5047,1.0,3688,arvet
1748,2013,5007,1.0,669,arvet
1749,2013,5049,1.0,1158,arvet
1750,2013,5060,1.0,4300,arvet
1751,2013,5060,1.0,5097,arvet
1755,2013,5052,1.0,574,arvet
1756,2013,5053,1.0,6692,arvet
1804,2013,1804,1.0,49203,arvet
1805,2013,1806,1.0,18509,arvet
1811,2013,1811,1.0,1545,arvet
1812,2013,1812,1.0,2033,arvet
1813,2013,1813,1.0,7859,arvet
1815,2013,1815,1.0,1238,arvet
1816,2013,1816,1.0,500,arvet
1818,2013,1818,1.0,1759,arvet
1820,2013,1820,1.0,7361,arvet
1822,2013,1822,1.0,2144,arvet
1824,2013,1824,1.0,13252,arvet
1825,2013,1825,1.0,1459,arvet
1826,2013,1826,1.0,1471,arvet
1827,2013,1827,1.0,1431,arvet
1828,2013,1828,1.0,1875,arvet
1832,2013,1832,1.0,4620,arvet
1833,2013,1833,1.0,25752,arvet
1834,2013,1834,1.0,1916,arvet
1835,2013,1835,1.0,506,arvet
1836,2013,1836,1.0,1310,arvet
1837,2013,1837,1.0,6582,arvet
1838,2013,1838,1.0,2006,arvet
1839,2013,1839,1.0,1075,arvet
1840,2013,1840,1.0,4745,arvet
1841,2013,1841,1.0,9513,arvet
1845,2013,1845,1.0,1981,arvet
1848,2013,1848,1.0,2552,arvet
1849,2013,1875,1.0,1791,arvet
1850,2013,1806,0.422336,1978,"delt, anslått fra befolkningsendring 2019→2020"
1850,2013,1875,0.577664,1978,"delt, anslått fra befolkningsendring 2019→2020"
1851,2013,1851,1.0,2220,arvet
1852,2013,5512,1.0,1278,arvet
1853,2013,1853,1.0,1376,arvet
1854,2013,1806,1.0,2599,arvet
1856,2013,1856,1.0,565,arvet
1857,2013,1857,1.0,754,arvet
1859,2013,1859,1.0,1376,arvet
1860,2013,1860,1.0,10870,arvet
1865,2013,1865,1.0,9207,arvet
1866,2013,1866,1.0,8050,arvet
1867,2013,1867,1.0,2654,arvet
1868,2013,1868,1.0,4472,arvet
1870,2013,1870,1.0,10082,arvet
1871,2013,1871,1.0,5024,arvet
1874,2013,1874,1.0,1118,arvet
1902,2013,5501,1.0,70358,arvet
1903,2013,5503,1.0,24291,arvet
1911,2013,5510,1.0,3082,arvet
1913,2013,5512,1.0,2940,arvet
1917,2013,5514,1.0,1421,arvet
1919,2013,5516,1.0,1119,arvet
1920,2013,5518,1.0,1012,arvet
1922,2013,5520,1.0,3933,arvet
1923,2013,5522,1.0,2220,arvet
1924,2013,5524,1.0,6630,arvet
1925,2013,5526,1.0,3407,arvet
1926,2013,5528,1.0,1190,arvet
1927,2013,5530,1.0,1514,arvet
1928,2013,5530,1.0,880,arvet
1929,2013,5530,1.0,924,arvet
1931,2013,5530,1.0,11455,arvet
1933,2013,5532,1.0,5562,arvet
1936,2013,5534,1.0,2317,arvet
1938,2013,5536,1.0,3013,arvet
1939,2013,5538,1.0,1942,arvet
1940,2013,5540,1.0,2208,arvet
1941,2013,5542,1.0,2905,arvet
1942,2013,5544,1.0,4850,arvet
1943,2013,5546,1.0,1245,arvet
2002,2013,5634,1.0,2128,arvet
2003,2013,5607,1.0,6163,arvet
2004,2013,5603,1.0,10072,arvet
2011,2013,5612,1.0,2923,arvet
2012,2013,5601,1.0,19646,arvet
2014,2013,5614,1.0,1070,arvet
2015,2013,5616,1.0,1023,arvet
2017,2013,5603,1.0,1036,arvet
2018,2013,5618,1.0,1240,arvet
2019,2013,5620,1.0,3205,arvet
2020,2013,5622,1.0,3968,arvet
2021,2013,5610,1.0,2721,arvet
2022,2013,5624,1.0,1339,arvet
2023,2013,5626,1.0,1063,arvet
2024,2013,5630,1.0,1025,arvet
2025,2013,5628,1.0,2900,arvet
2027,2013,5636,1.0,882,arvet
2028,2013,5632,1.0,2162,arvet
2030,2013,5605,1.0,9968,arvet
0101,2014,3101,1.0,30132,arvet
0104,2014,3103,1.0,31308,arvet
0105,2014,3105,1.0,54059,arvet
0106,2014,3107,1.0,77591,arvet
0111,2014,3110,1.0,4386,arvet
0118,2014,3124,1.0,1408,arvet
0119,2014,3122,1.0,3596,arvet
0121,2014,3226,1.0,672,arvet
0122,2014,3118,1.0,5366,arvet
0123,2014,3118,1.0,5620,arvet
0124,2014,3118,1.0,15430,arvet
0125,2014,3118,1.0,11323,arvet
0127,2014,3116,1.0,3727,arvet
0128,2014,3120,1.0,7974,arvet
0135,2014,3112,1.0,7104,arvet
0136,2014,3103,1.0,15101,arvet
0137,2014,3114,1.0,4978,arvet
0138,2014,3118,1.0,5187,arvet
0211,2014,3216,1.0,15944,arvet
0213,2014,3207,1.0,29542,arvet
0214,2014,3218,1.0,17969,arvet
0215,2014,3214,1.0,15671,arvet
0216,2014,3212,1.0,18297,arvet
0217,2014,3207,1.0,26255,arvet
0219,2014,3201,1.0,118588,arvet
0220,2014,3203,1.0,58338,arvet
0221,2014,3226,1.0,15500,arvet
0226,2014,3205,1.0,16918,arvet
0227,2014,3205,1.0,11048,arvet
0228,2014,3224,1.0,16806,arvet
0229,2014,3220,1.0,10626,arvet
0230,2014,3222,1.0,34697,arvet
0231,2014,3205,1.0,51188,arvet
0233,2014,3232,1.0,22385,arvet
0234,2014,3230,1.0,6292,arvet
0235,2014,3209,1.0,32438,arvet
0236,2014,3228,1.0,20164,arvet
0237,2014,3240,1.0,22689,arvet
0238,2014,3238,1.0,11707,arvet
0239,2014,3242,1.0,2695,arvet
0301,2014,0301,1.0,634463,arvet
0402,2014,3401,1.0,17825,arvet
0403,2014,3403,1.0,29520,arvet
0412,2014,3411,1.0,33463,arvet
0415,2014,3412,1.0,7546,arvet
0417,2014,3413,1.0,19737,arvet
0418,2014,3414,1.0,5118,arvet
0419,2014,3415,1.0,7847,arvet
0420,2014,3416,1.0,6253,arvet
0423,2014,3417,1.0,4948,arvet
0425,2014,3418,1.0,7544,arvet
0426,2014,3419,1.0,3783,arvet
0427,2014,3420,1.0,20563,arvet
0428,2014,3421,1.0,6621,arvet
0429,2014,3422,1.0,4455,arvet
0430,2014,3423,1.0,2699,arvet
0432,2014,3424,1.0,1883,arvet
0434,2014,3425,1.0,1345,arvet
0436,2014,3426,1.0,1658,arvet
0437,2014,3427,1.0,5549,arvet
0438,2014,3428,1.0,2432,arvet
0439,2014,3429,1.0,1631,arvet
0441,2014,3430,1.0,2013,arvet
0501,2014,3405,1.0,27028,arvet
0502,2014,3407,1.0,29668,arvet
0511,2014,3431,1.0,2704,arvet
0512,2014,3432,1.0,2076,arvet
0513,2014,3433,1.0,2264,arvet
0514,2014,3434,1.0,2361,arvet
0515,2014,3435,1.0,3686,arvet
0516,2014,3436,1.0,5765,arvet
0517,2014,3437,1.0,5974,arvet
0519,2014,3438,1.0,3191,arvet
0520,2014,3439,1.0,4495,arvet
0521,2014,3440,1.0,5090,arvet
0522,2014,3441,1.0,6237,arvet
0528,2014,3442,1.0,14777,arvet
0529,2014,3443,1.0,13075,arvet
0532,2014,3236,1.0,6516,arvet
0533,2014,3234,1.0,8952,arvet
0534,2014,3446,1.0,13607,arvet
0536,2014,3447,1.0,5701,arvet
0538,2014,3448,1.0,6700,arvet
0540,2014,3449,1.0,3133,arvet
0541,2014,3450,1.0,1408,arvet
0542,2014,3451,1.0,6417,arvet
0543,2014,3452,1.0,2187,arvet
0544,2014,3453,1.0,3206,arvet
0545,2014,3454,1.0,1602,arvet
0602,2014,3301,1.0,66214,arvet
0604,2014,3303,1.0,26406,arvet
0605,2014,3305,1.0,29624,arvet
0612,2014,3310,1.0,6595,arvet
0615,2014,3320,1.0,1033,arvet
0616,2014,3322,1.0,3445,arvet
0617,2014,3324,1.0,4631,arvet
0618,2014,3326,1.0,2295,arvet
0619,2014,3328,1.0,4713,arvet
0620,2014,3330,1.0,4452,arvet
0621,2014,3332,1.0,3509,arvet
0622,2014,3318,1.0,2265,arvet
0623,2014,3316,1.0,13581,arvet
0624,2014,3314,1.0,17919,arvet
0625,2014,3301,1.0,23811,arvet
0626,2014,3312,1.0,25175,arvet
0627,2014,3203,1.0,20621,arvet
0628,2014,3203,1.0,9330,arvet
0631,2014,3334,1.0,2683,arvet
0632,2014,3336,1.0,1369,arvet
0633,2014,3338,1.0,2557,arvet
0701,2014,3901,1.0,26751,arvet
0702,2014,3903,1.0,10456,arvet
0704,2014,3905,1.0,41550,arvet
0706,2014,3907,1.0,44976,arvet
0709,2014,3909,1.0,43258,arvet
0711,2014,3301,1.0,6580,arvet
0713,2014,3903,1.0,9036,arvet
0714,2014,3903,1.0,3091,arvet
0716,2014,3905,1.0,9144,arvet
0719,2014,3907,1.0,5719,arvet
0720,2014,3907,1.0,11509,arvet
0722,2014,3911,1.0,21403,arvet
0723,2014,3911,1.0,4927,arvet
0728,2014,3909,1.0,2460,arvet
0805,2014,4001,1.0,35516,arvet
0806,2014,4003,1.0,53439,arvet
0807,2014,4005,1.0,12609,arvet
0811,2014,4010,1.0,2404,arvet
0814,2014,4012,1.0,14193,arvet
0815,2014,4014,1.0,10621,arvet
0817,2014,4016,1.0,4135,arvet
0819,2014,4018,1.0,6643,arvet
0821,2014,4020,1.0,5834,arvet
0822,2014,4020,1.0,4325,arvet
0826,2014,4026,1.0,5957,arvet
0827,2014,4024,1.0,1602,arvet
0828,2014,4022,1.0,2989,arvet
0829,2014,4028,1.0,2468,arvet
0830,2014,4030,1.0,1451,arvet
0831,2014,4032,1.0,1303,arvet
0833,2014,4034,1.0,2257,arvet
0834,2014,4036,1.0,3723,arvet
0901,2014,4201,1.0,6899,arvet
0904,2014,4202,1.0,21783,arvet
0906,2014,4203,1.0,43841,arvet
0911,2014,4211,1.0,2489,arvet
0912,2014,4212,1.0,2000,arvet
0914,2014,4213,1.0,6059,arvet
0919,2014,4214,1.0,5486,arvet
0926,2014,4215,1.0,10106,arvet
0928,2014,4216,1.0,4993,arvet
0929,2014,4217,1.0,1810,arvet
0935,2014,4218,1.0,1314,arvet
0937,2014,4219,1.0,3549,arvet
0938,2014,4220,1.0,1200,arvet
0940,2014,4221,1.0,1270,arvet
0941,2014,4222,1.0,948,arvet
1001,2014,4204,1.0,85983,arvet
1002,2014,4205,1.0,15349,arvet
1003,2014,4206,1.0,9516,arvet
1004,2014,4207,1.0,9013,arvet
1014,2014,4223,1.0,13986,arvet
1017,2014,4204,1.0,6303,arvet
1018,2014,4204,1.0,11005,arvet
1021,2014,4205,1.0,2290,arvet
1026,2014,4224,1.0,923,arvet
1027,2014,4225,1.0,1743,arvet
1029,2014,4205,1.0,4853,arvet
1032,2014,4225,1.0,8102,arvet
1034,2014,4226,1.0,1690,arvet
1037,2014,4227,1.0,5891,arvet
1046,2014,4228,1.0,1831,arvet
1101,2014,1101,1.0,14811,arvet
1102,2014,1108,1.0,71900,arvet
1103,2014,1103,1.0,130754,arvet
1106,2014,1106,1.0,36099,arvet
1111,2014,1111,1.0,3303,arvet
1112,2014,1112,1.0,3225,arvet
1114,2014,1114,1.0,2820,arvet
1119,2014,1119,1.0,18115,arvet
1120,2014,1120,1.0,18485,arvet
1121,2014,1121,1.0,17897,arvet
1122,2014,1122,1.0,11317,arvet
1124,2014,1124,1.0,25083,arvet
1127,2014,1127,1.0,10416,arvet
1129,2014,1108,1.0,1242,arvet
1130,2014,1130,1.0,12139,arvet
1133,2014,1133,1.0,2787,arvet
1134,2014,1134,1.0,3881,arvet
1135,2014,1135,1.0,4760,arvet
1141,2014,1103,1.0,3058,arvet
1142,2014,1103,1.0,4755,arvet
1144,2014,1144,1.0,531,arvet
1145,2014,1145,1.0,868,arvet
1146,2014,1146,1.0,10668,arvet
1149,2014,1149,1.0,41753,arvet
1151,2014,1151,1.0,211,arvet
1160,2014,1160,1.0,8747,arvet
1201,2014,4601,1.0,271949,arvet
1211,2014,4611,1.0,4057,arvet
1216,2014,4612,1.0,5463,arvet
1219,2014,4613,1.0,11749,arvet
1221,2014,4614,1.0,18425,arvet
1222,2014,4615,1.0,3009,arvet
1223,2014,4616,1.0,2745,arvet
1224,2014,4617,1.0,13232,arvet
1227,2014,4618,1.0,1094,arvet
1228,2014,4618,1.0,7006,arvet
1231,2014,4618,1.0,3369,arvet
1232,2014,4619,1.0,950,arvet
1233,2014,4620,1.0,1094,arvet
1234,2014,4621,1.0,911,arvet
1235,2014,4621,1.0,14168,arvet
1238,2014,4622,1.0,8584,arvet
1241,2014,4624,1.0,3829,arvet
1242,2014,4623,1.0,2436,arvet
1243,2014,4624,1.0,18678,arvet
1244,2014,4625,1.0,4924,arvet
1245,2014,4626,1.0,6635,arvet
1246,2014,4626,1.0,23852,arvet
1247,2014,4627,1.0,27346,arvet
1251,2014,4628,1.0,4140,arvet
1252,2014,4629,1.0,372,arvet
1253,2014,4630,1.0,7786,arvet
1256,2014,4631,1.0,7544,arvet
1259,2014,4626,1.0,4704,arvet
1260,2014,4631,1.0,5039,arvet
1263,2014,4631,1.0,15069,arvet
1264,2014,4632,1.0,2833,arvet
1265,2014,4633,1.0,561,arvet
1266,2014,4634,1.0,1693,arvet
1401,2014,4602,1.0,11779,arvet
1411,2014,4635,1.0,2315,arvet
1412,2014,4636,1.0,815,arvet
1413,2014,4637,1.0,1391,arvet
1416,2014,4638,1.0,4183,arvet
1417,2014,4639,1.0,2688,arvet
1418,2014,4640,1.0,1306,arvet
1419,2014,4640,1.0,2268,arvet
1420,2014,4640,1.0,7623,arvet
1421,2014,4641,1.0,1715,arvet
1422,2014,4642,1.0,2174,arvet
1424,2014,4643,1.0,5496,arvet
1426,2014,4644,1.0,5089,arvet
1428,2014,4645,1.0,3011,arvet
1429,2014,4646,1.0,2853,arvet
1430,2014,4647,1.0,2928,arvet
1431,2014,4647,1.0,3070,arvet
1432,2014,4647,1.0,12685,arvet
1433,2014,4647,1.0,2776,arvet
1438,2014,4648,1.0,3950,arvet
1439,2014,4602,1.0,6091,arvet
1441,2014,4649,1.0,2782,arvet
1443,2014,4649,1.0,5926,arvet
1444,2014,1577,1.0,1223,arvet
1445,2014,4650,1.0,5694,arvet
1449,2014,4651,1.0,7134,arvet
1502,2014,1506,1.0,26048,arvet
1504,2014,1508,1.0,45747,arvet
1505,2014,1505,1.0,24395,arvet
1511,2014,1511,1.0,3302,arvet
1514,2014,1514,1.0,2636,arvet
1515,2014,1515,1.0,8847,arvet
1516,2014,1516,1.0,8092,arvet
1517,2014,1517,1.0,5021,arvet
1519,2014,1577,1.0,8909,arvet
1520,2014,1520,1.0,10536,arvet
1523,2014,1508,1.0,2301,arvet
1524,2014,1578,1.0,1685,arvet
1525,2014,1525,1.0,4616,arvet
1526,2014,1578,1.0,1035,arvet
1528,2014,1528,1.0,7730,arvet
1529,2014,1508,1.0,4387,arvet
1531,2014,1531,1.0,8651,arvet
1532,2014,1532,1.0,7739,arvet
1534,2014,1580,1.0,9084,arvet
1535,2014,1535,1.0,6615,arvet
1539,2014,1539,1.0,7453,arvet
1543,2014,1506,1.0,3001,arvet
1545,2014,1506,1.0,2036,arvet
1546,2014,1508,1.0,1285,arvet
1547,2014,1547,1.0,3377,arvet
1548,2014,1579,1.0,9720,arvet
1551,2014,1579,1.0,3471,arvet
1554,2014,1554,1.0,5687,arvet
1557,2014,1557,1.0,2565,arvet
1560,2014,1560,1.0,3064,arvet
1563,2014,1563,1.0,7171,arvet
1566,2014,1566,1.0,5954,arvet
1567,2014,5061,1.0,2046,arvet
1571,2014,5055,1.0,1581,arvet
1573,2014,1573,1.0,2166,arvet
1576,2014,1576,1.0,3577,arvet
1601,2014,5001,1.0,182035,arvet
1612,2014,5055,1.0,4224,arvet
1613,2014,5055,0.153333,980,"delt, anslått fra befolkningsendring 2019→2020"
1613,2014,5056,0.339048,980,"delt, anslått fra befolkningsendring 2019→2020"
1613,2014,5059,0.507619,980,"delt, anslått fra befolkningsendring 2019→2020"
1617,2014,5056,1.0,4522,arvet
1620,2014,5014,1.0,4547,arvet
1621,2014,5057,1.0,5164,arvet
1622,2014,5059,1.0,1744,arvet
1624,2014,5054,1.0,6646,arvet
1627,2014,5057,1.0,4711,arvet
1630,2014,5058,1.0,3242,arvet
1632,2014,5058,1.0,986,arvet
1633,2014,5020,1.0,997,arvet
1634,2014,5021,1.0,6814,arvet
1635,2014,5022,1.0,2556,arvet
1636,2014,5059,1.0,3962,arvet
1638,2014,5059,1.0,11628,arvet
1640,2014,5025,1.0,5583,arvet
1644,2014,5026,1.0,2024,arvet
1648,2014,5027,1.0,6361,arvet
1653,2014,5028,1.0,15844,arvet
1657,2014,5029,1.0,7392,arvet
1662,2014,5001,1.0,5970,arvet
1663,2014,5031,1.0,13371,arvet
1664,2014,5032,1.0,4030,arvet
1665,2014,5033,1.0,864,arvet
1702,2014,5006,1.0,21555,arvet
1703,2014,5007,1.0,13083,arvet
1711,2014,5034,1.0,2553,arvet
1714,2014,5035,1.0,22683,arvet
1717,2014,5036,1.0,2653,arvet
1718,2014,5054,1.0,3555,arvet
1719,2014,5037,1.0,19212,arvet
1721,2014,5038,1.0,14788,arvet
1724,2014,5006,1.0,2562,arvet
1725,2014,5007,1.0,1676,arvet
1736,2014,5041,1.0,2156,arvet
1738,2014,5042,1.0,1385,arvet
1739,2014,5043,1.0,498,arvet
1740,2014,5044,1.0,922,arvet
1742,2014,5045,1.0,2449,arvet
1743,2014,5046,1.0,1257,arvet
1744,2014,5047,1.0,3732,arvet
1748,2014,5007,1.0,642,arvet
1749,2014,5049,1.0,1120,arvet
1750,2014,5060,1.0,4321,arvet
1751,2014,5060,1.0,5064,arvet
1755,2014,5052,1.0,556,arvet
1756,2014,5053,1.0,6720,arvet
1804,2014,1804,1.0,49731,arvet
1805,2014,1806,1.0,18705,arvet
1811,2014,1811,1.0,1503,arvet
1812,2014,1812,1.0,2047,arvet
1813,2014,1813,1.0,7897,arvet
1815,2014,1815,1.0,1223,arvet
1816,2014,1816,1.0,495,arvet
1818,2014,1818,1.0,1733,arvet
1820,2014,1820,1.0,7394,arvet
1822,2014,1822,1.0,2188,arvet
1824,2014,1824,1.0,13286,arvet
1825,2014,1825,1.0,1465,arvet
1826,2014,1826,1.0,1500,arvet
1827,2014,1827,1.0,1420,arvet
1828,2014,1828,1.0,1902,arvet
1832,2014,1832,1.0,4553,arvet
1833,2014,1833,1.0,25943,arvet
1834,2014,1834,1.0,1901,arvet
1835,2014,1835,1.0,489,arvet
1836,2014,1836,1.0,1305,arvet
1837,2014,1837,1.0,6491,arvet
1838,2014,1838,1.0,2023,arvet
1839,2014,1839,1.0,1088,arvet
1840,2014,1840,1.0,4690,arvet
1841,2014,1841,1.0,9556,arvet
1845,2014,1845,1.0,1987,arvet
1848,2014,1848,1.0,2579,arvet
1849,2014,1875,1.0,1820,arvet
1850,2014,1806,0.422336,2000,"delt, anslått fra befolkningsendring 2019→2020"
1850,2014,1875,0.577664,2000,"delt, anslått fra befolkningsendring 2019→2020"
1851,2014,1851,1.0,2248,arvet
1852,2014,5512,1.0,1256,arvet
1853,2014,1853,1.0,1391,arvet
1854,2014,1806,1.0,2591,arvet
1856,2014,1856,1.0,566,arvet
1857,2014,1857,1.0,777,arvet
1859,2014,1859,1.0,1368,arvet
1860,2014,1860,1.0,10997,arvet
1865,2014,1865,1.0,9223,arvet
1866,2014,1866,1.0,8112,arvet
1867,2014,1867,1.0,2642,arvet
1868,2014,1868,1.0,4562,arvet
1870,2014,1870,1.0,10129,arvet
1871,2014,1871,1.0,4993,arvet
1874,2014,1874,1.0,1108,arvet
1902,2014,5501,1.0,71590,arvet
1903,2014,5503,1.0,24441,arvet
1911,2014,5510,1.0,3107,arvet
1913,2014,5512,1.0,2951,arvet
1917,2014,5514,1.0,1436,arvet
1919,2014,5516,1.0,1135,arvet
1920,2014,5518,1.0,1014,arvet
1922,2014,5520,1.0,3985,arvet
1923,2014,5522,1.0,2223,arvet
1924,2014,5524,1.0,6634,arvet
1925,2014,5526,1.0,3450,arvet
1926,2014,5528,1.0,1171,arvet
1927,2014,5530,1.0,1510,arvet
1928,2014,5530,1.0,878,arvet
1929,2014,5530,1.0,918,arvet
1931,2014,5530,1.0,11557,arvet
1933,2014,5532,1.0,5593,arvet
1936,2014,5534,1.0,2334,arvet
1938,2014,5536,1.0,2992,arvet
1939,2014,5538,1.0,1941,arvet
1940,2014,5540,1.0,2221,arvet
1941,2014,5542,1.0,2881,arvet
1942,2014,5544,1.0,4854,arvet
1943,2014,5546,1.0,1234,arvet
2002,2014,5634,1.0,2119,arvet
2003,2014,5607,1.0,6223,arvet
2004,2014,5603,1.0,10287,arvet
2011,2014,5612,1.0,2931,arvet
2012,2014,5601,1.0,19822,arvet
2014,2014,5614,1.0,1027,arvet
2015,2014,5616,1.0,1037,arvet
2017,2014,5603,1.0,1051,arvet
2018,2014,5618,1.0,1241,arvet
2019,2014,5620,1.0,3213,arvet
2020,2014,5622,1.0,3963,arvet
2021,2014,5610,1.0,2698,arvet
2022,2014,5624,1.0,1341,arvet
2023,2014,5626,1.0,1098,arvet
2024,2014,5630,1.0,1057,arvet
2025,2014,5628,1.0,2883,arvet
2027,2014,5636,1.0,919,arvet
2028,2014,5632,1.0,2207,arvet
2030,2014,5605,1.0,10090,arvet
0101,2015,3101,1.0,30328,arvet
0104,2015,3103,1.0,31802,arvet
0105,2015,3105,1.0,54192,arvet
0106,2015,3107,1.0,78159,arvet
0111,2015,3110,1.0,4480,arvet
0118,2015,3124,1.0,1406,arvet
0119,2015,3122,1.0,3613,arvet
0121,2015,3226,1.0,672,arvet
0122,2015,3118,1.0,5346,arvet
0123,2015,3118,1.0,5692,arvet
0124,2015,3118,1.0,15513,arvet
0125,2015,3118,1.0,11353,arvet
0127,2015,3116,1.0,3731,arvet
0128,2015,3120,1.0,8020,arvet
0135,2015,3112,1.0,7206,arvet
0136,2015,3103,1.0,15242,arvet
0137,2015,3114,1.0,5100,arvet
0138,2015,3118,1.0,5343,arvet
0211,2015,3216,1.0,16310,arvet
0213,2015,3207,1.0,29775,arvet
0214,2015,3218,1.0,18503,arvet
0215,2015,3214,1.0,15656,arvet
0216,2015,3212,1.0,18372,arvet
0217,2015,3207,1.0,26580,arvet
0219,2015,3201,1.0,120685,arvet
0220,2015,3203,1.0,59571,arvet
0221,2015,3226,1.0,15726,arvet
0226,2015,3205,1.0,17089,arvet
0227,2015,3205,1.0,11199,arvet
0228,2015,3224,1.0,17185,arvet
0229,2015,3220,1.0,10760,arvet
0230,2015,3222,1.0,35139,arvet
0231,2015,3205,1.0,51725,arvet
0233,2015,3232,1.0,22706,arvet
0234,2015,3230,1.0,6326,arvet
0235,2015,3209,1.0,33310,arvet
0236,2015,3228,1.0,20410,arvet
0237,2015,3240,1.0,23238,arvet
0238,2015,3238,1.0,11882,arvet
0239,2015,3242,1.0,2752,arvet
0301,2015,0301,1.0,647676,arvet
0402,2015,3401,1.0,17881,arvet
0403,2015,3403,1.0,29847,arvet
0412,2015,3411,1.0,33603,arvet
0415,2015,3412,1.0,7552,arvet
0417,2015,3413,1.0,20013,arvet
0418,2015,3414,1.0,5128,arvet
0419,2015,3415,1.0,7800,arvet
0420,2015,3416,1.0,6219,arvet
0423,2015,3417,1.0,4853,arvet
0425,2015,3418,1.0,7561,arvet
0426,2015,3419,1.0,3790,arvet
0427,2015,3420,1.0,20794,arvet
0428,2015,3421,1.0,6569,arvet
0429,2015,3422,1.0,4456,arvet
0430,2015,3423,1.0,2619,arvet
0432,2015,3424,1.0,1885,arvet
0434,2015,3425,1.0,1359,arvet
0436,2015,3426,1.0,1656,arvet
0437,2015,3427,1.0,5562,arvet
0438,2015,3428,1.0,2418,arvet
0439,2015,3429,1.0,1597,arvet
0441,2015,3430,1.0,1991,arvet
0501,2015,3405,1.0,27300,arvet
0502,2015,3407,1.0,30063,arvet
0511,2015,3431,1.0,2745,arvet
0512,2015,3432,1.0,2059,arvet
0513,2015,3433,1.0,2245,arvet
0514,2015,3434,1.0,2356,arvet
0515,2015,3435,1.0,3675,arvet
0516,2015,3436,1.0,5754,arvet
0517,2015,3437,1.0,5965,arvet
0519,2015,3438,1.0,3204,arvet
0520,2015,3439,1.0,4459,arvet
0521,2015,3440,1.0,5065,arvet
0522,2015,3441,1.0,6210,arvet
0528,2015,3442,1.0,14796,arvet
0529,2015,3443,1.0,13152,arvet
0532,2015,3236,1.0,6599,arvet
0533,2015,3234,1.0,9003,arvet
0534,2015,3446,1.0,13685,arvet
0536,2015,3447,1.0,5772,arvet
0538,2015,3448,1.0,6740,arvet
0540,2015,3449,1.0,3094,arvet
0541,2015,3450,1.0,1402,arvet
0542,2015,3451,1.0,6466,arvet
0543,2015,3452,1.0,2180,arvet
0544,2015,3453,1.0,3199,arvet
0545,2015,3454,1.0,1619,arvet
0602,2015,3301,1.0,67016,arvet
0604,2015,3303,1.0,26711,arvet
0605,2015,3305,1.0,29712,arvet
0612,2015,3310,1.0,6698,arvet
0615,2015,3320,1.0,1033,arvet
0616,2015,3322,1.0,3414,arvet
0617,2015,3324,1.0,4588,arvet
0618,2015,3326,1.0,2344,arvet
0619,2015,3328,1.0,4716,arvet
0620,2015,3330,1.0,4471,arvet
0621,2015,3332,1.0,3520,arvet
0622,2015,3318,1.0,2268,arvet
0623,2015,3316,1.0,13685,arvet
0624,2015,3314,1.0,18039,arvet
0625,2015,3301,1.0,24154,arvet
0626,2015,3312,1.0,25378,arvet
0627,2015,3203,1.0,21038,arvet
0628,2015,3203,1.0,9365,arvet
0631,2015,3334,1.0,2671,arvet
0632,2015,3336,1.0,1375,arvet
0633,2015,3338,1.0,2541,arvet
0701,2015,3901,1.0,26903,arvet
0702,2015,3903,1.0,10661,arvet
0704,2015,3905,1.0,41920,arvet
0706,2015,3907,1.0,45281,arvet
0709,2015,3909,1.0,43506,arvet
0711,2015,3301,1.0,6601,arvet
0713,2015,3903,1.0,9149,arvet
0714,2015,3903,1.0,3114,arvet
0716,2015,3905,1.0,9253,arvet
0719,2015,3907,1.0,5860,arvet
0720,2015,3907,1.0,11506,arvet
0722,2015,3911,1.0,21483,arvet
0723,2015,3911,1.0,4962,arvet
0728,2015,3909,1.0,2463,arvet
0805,2015,4001,1.0,35755,arvet
0806,2015,4003,1.0,53745,arvet
0807,2015,4005,1.0,12599,arvet
0811,2015,4010,1.0,2361,arvet
0814,2015,4012,1.0,14140,arvet
0815,2015,4014,1.0,10636,arvet
0817,2015,4016,1.0,4111,arvet
0819,2015,4018,1.0,6630,arvet
0821,2015,4020,1.0,5977,arvet
0822,2015,4020,1.0,4346,arvet
0826,2015,4026,1.0,5913,arvet
0827,2015,4024,1.0,1594,arvet
0828,2015,4022,1.0,3002,arvet
0829,2015,4028,1.0,2466,arvet
0830,2015,4030,1.0,1439,arvet
0831,2015,4032,1.0,1298,arvet
0833,2015,4034,1.0,2252,arvet
0834,2015,4036,1.0,3689,arvet
0901,2015,4201,1.0,6909,arvet
0904,2015,4202,1.0,22098,arvet
0906,2015,4203,1.0,44219,arvet
0911,2015,4211,1.0,2481,arvet
0912,2015,4212,1.0,2018,arvet
0914,2015,4213,1.0,6048,arvet
0919,2015,4214,1.0,5532,arvet
0926,2015,4215,1.0,10340,arvet
0928,2015,4216,1.0,5035,arvet
0929,2015,4217,1.0,1832,arvet
0935,2015,4218,1.0,1315,arvet
0937,2015,4219,1.0,3567,arvet
0938,2015,4220,1.0,1189,arvet
0940,2015,4221,1.0,1251,arvet
0941,2015,4222,1.0,933,arvet
1001,2015,4204,1.0,87446,arvet
1002,2015,4205,1.0,15437,arvet
1003,2015,4206,1.0,9596,arvet
1004,2015,4207,1.0,9069,arvet
1014,2015,4223,1.0,14095,arvet
1017,2015,4204,1.0,6354,arvet
1018,2015,4204,1.0,11217,arvet
1021,2015,4205,1.0,2294,arvet
1026,2015,4224,1.0,925,arvet
1027,2015,4225,1.0,1750,arvet
1029,2015,4205,1.0,4880,arvet
1032,2015,4225,1.0,8335,arvet
1034,2015,4226,1.0,1693,arvet
1037,2015,4227,1.0,5948,arvet
1046,2015,4228,1.0,1838,arvet
1101,2015,1101,1.0,14916,arvet
1102,2015,1108,1.0,73624,arvet
1103,2015,1103,1.0,132102,arvet
1106,2015,1106,1.0,36538,arvet
1111,2015,1111,1.0,3309,arvet
1112,2015,1112,1.0,3247,arvet
1114,2015,1114,1.0,2861,arvet
1119,2015,1119,1.0,18528,arvet
1120,2015,1120,1.0,18741,arvet
1121,2015,1121,1.0,18306,arvet
1122,2015,1122,1.0,11600,arvet
1124,2015,1124,1.0,25708,arvet
1127,2015,1127,1.0,10556,arvet
1129,2015,1108,1.0,1208,arvet
1130,2015,1130,1.0,12395,arvet
1133,2015,1133,1.0,2785,arvet
1134,2015,1134,1.0,3892,arvet
1135,2015,1135,1.0,4756,arvet
1141,2015,1103,1.0,3147,arvet
1142,2015,1103,1.0,4794,arvet
1144,2015,1144,1.0,534,arvet
1145,2015,1145,1.0,865,arvet
1146,2015,1146,1.0,10857,arvet
1149,2015,1149,1.0,42062,arvet
1151,2015,1151,1.0,206,arvet
1160,2015,1160,1.0,8765,arvet
1201,2015,4601,1.0,275112,arvet
1211,2015,4611,1.0,4103,arvet
1216,2015,4612,1.0,5509,arvet
1219,2015,4613,1.0,11761,arvet
1221,2015,4614,1.0,18685,arvet
1222,2015,4615,1.0,3093,arvet
1223,2015,4616,1.0,2782,arvet
1224,2015,4617,1.0,13234,arvet
1227,2015,4618,1.0,1100,arvet
1228,2015,4618,1.0,6952,arvet
1231,2015,4618,1.0,3411,arvet
1232,2015,4619,1.0,950,arvet
1233,2015,4620,1.0,1107,arvet
1234,2015,4621,1.0,921,arvet
1235,2015,4621,1.0,14347,arvet
1238,2015,4622,1.0,8539,arvet
1241,2015,4624,1.0,3838,arvet
1242,2015,4623,1.0,2443,arvet
1243,2015,4624,1.0,19097,arvet
1244,2015,4625,1.0,5012,arvet
1245,2015,4626,1.0,6752,arvet
1246,2015,4626,1.0,24427,arvet
1247,2015,4627,1.0,27858,arvet
1251,2015,4628,1.0,4096,arvet
1252,2015,4629,1.0,378,arvet
1253,2015,4630,1.0,7842,arvet
1256,2015,4631,1.0,7736,arvet
1259,2015,4626,1.0,4733,arvet
1260,2015,4631,1.0,5014,arvet
1263,2015,4631,1.0,15402,arvet
1264,2015,4632,1.0,2856,arvet
1265,2015,4633,1.0,563,arvet
1266,2015,4634,1.0,1704,arvet
1401,2015,4602,1.0,11862,arvet
1411,2015,4635,1.0,2335,arvet
1412,2015,4636,1.0,800,arvet
1413,2015,4637,1.0,1405,arvet
1416,2015,4638,1.0,4169,arvet
1417,2015,4639,1.0,2678,arvet
1418,2015,4640,1.0,1304,arvet
1419,2015,4640,1.0,2276,arvet
1420,2015,4640,1.0,7677,arvet
1421,2015,4641,1.0,1738,arvet
1422,2015,4642,1.0,2146,arvet
1424,2015,4643,1.0,5429,arvet
1426,2015,4644,1.0,5118,arvet
1428,2015,4645,1.0,3008,arvet
1429,2015,4646,1.0,2823,arvet
1430,2015,4647,1.0,2960,arvet
1431,2015,4647,1.0,3026,arvet
1432,2015,4647,1.0,12801,arvet
1433,2015,4647,1.0,2777,arvet
1438,2015,4648,1.0,3890,arvet
1439,2015,4602,1.0,6082,arvet
1441,2015,4649,1.0,2752,arvet
1443,2015,4649,1.0,5987,arvet
1444,2015,1577,1.0,1221,arvet
1445,2015,4650,1.0,5751,arvet
1449,2015,4651,1.0,7155,arvet
1502,2015,1506,1.0,26392,arvet
1504,2015,1508,1.0,46316,arvet
1505,2015,1505,1.0,24507,arvet
1511,2015,1511,1.0,3258,arvet
1514,2015,1514,1.0,2635,arvet
1515,2015,1515,1.0,8934,arvet
1516,2015,1516,1.0,8292,arvet
1517,2015,1517,1.0,5065,arvet
1519,2015,1577,1.0,8977,arvet
1520,2015,1520,1.0,10589,arvet
1523,2015,1508,1.0,2294,arvet
1524,2015,1578,1.0,1676,arvet
1525,2015,1525,1.0,4605,arvet
1526,2015,1578,1.0,1043,arvet
1528,2015,1528,1.0,7707,arvet
1529,2015,1508,1.0,4465,arvet
1531,2015,1531,1.0,8855,arvet
1532,2015,1532,1.0,7924,arvet
1534,2015,1580,1.0,9120,arvet
1535,2015,1535,1.0,6708,arvet
1539,2015,1539,1.0,7445,arvet
1543,2015,1506,1.0,2975,arvet
1545,2015,1506,1.0,2068,arvet
1546,2015,1508,1.0,1262,arvet
1547,2015,1547,1.0,3466,arvet
1548,2015,1579,1.0,9787,arvet
1551,2015,1579,1.0,3463,arvet
1554,2015,1554,1.0,5794,arvet
1557,2015,1557,1.0,2580,arvet
1560,2015,1560,1.0,3090,arvet
1563,2015,1563,1.0,7155,arvet
1566,2015,1566,1.0,5976,arvet
1567,2015,5061,1.0,2038,arvet
1571,2015,5055,1.0,1563,arvet
1573,2015,1573,1.0,2146,arvet
1576,2015,1576,1.0,3549,arvet
1601,2015,5001,1.0,184960,arvet
1612,2015,5055,1.0,4254,arvet
1613,2015,5055,0.153333,982,"delt, anslått fra befolkningsendring 2019→2020"
1613,2015,5056,0.339048,982,"delt, anslått fra befolkningsendring 2019→2020"
1613,2015,5059,0.507619,982,"delt, anslått fra befolkningsendring 2019→2020"
1617,2015,5056,1.0,4569,arvet
1620,2015,5014,1.0,4634,arvet
1621,2015,5057,1.0,5183,arvet
1622,2015,5059,1.0,1770,arvet
1624,2015,5054,1.0,6676,arvet
1627,2015,5057,1.0,4715,arvet
1630,2015,5058,1.0,3248,arvet
1632,2015,5058,1.0,977,arvet
1633,2015,5020,1.0,1010,arvet
1634,2015,5021,1.0,6852,arvet
1635,2015,5022,1.0,2567,arvet
1636,2015,5059,1.0,3967,arvet
1638,2015,5059,1.0,11722,arvet
1640,2015,5025,1.0,5593,arvet
1644,2015,5026,1.0,2014,arvet
1648,2015,5027,1.0,6336,arvet
1653,2015,5028,1.0,15916,arvet
1657,2015,5029,1.0,7668,arvet
1662,2015,5001,1.0,5995,arvet
1663,2015,5031,1.0,13498,arvet
1664,2015,5032,1.0,4078,arvet
1665,2015,5033,1.0,863,arvet
1702,2015,5006,1.0,21650,arvet
1703,2015,5007,1.0,13026,arvet
1711,2015,5034,1.0,2558,arvet
1714,2015,5035,1.0,22957,arvet
1717,2015,5036,1.0,2624,arvet
1718,2015,5054,1.0,3506,arvet
1719,2015,5037,1.0,19474,arvet
1721,2015,5038,1.0,14809,arvet
1724,2015,5006,1.0,2547,arvet
1725,2015,5007,1.0,1644,arvet
1736,2015,5041,1.0,2153,arvet
1738,2015,5042,1.0,1394,arvet
1739,2015,5043,1.0,475,arvet
1740,2015,5044,1.0,892,arvet
1742,2015,5045,1.0,2489,arvet
1743,2015,5046,1.0,1252,arvet
1744,2015,5047,1.0,3751,arvet
1748,2015,5007,1.0,630,arvet
1749,2015,5049,1.0,1119,arvet
1750,2015,5060,1.0,4363,arvet
1751,2015,5060,1.0,5081,arvet
1755,2015,5052,1.0,574,arvet
1756,2015,5053,1.0,6770,arvet
1804,2015,1804,1.0,50185,arvet
1805,2015,1806,1.0,18853,arvet
1811,2015,1811,1.0,1482,arvet
1812,2015,1812,1.0,2063,arvet
1813,2015,1813,1.0,7934,arvet
1815,2015,1815,1.0,1225,arvet
1816,2015,1816,1.0,510,arvet
1818,2015,1818,1.0,1737,arvet
1820,2015,1820,1.0,7454,arvet
1822,2015,1822,1.0,2188,arvet
1824,2015,1824,1.0,13352,arvet
1825,2015,1825,1.0,1458,arvet
1826,2015,1826,1.0,1533,arvet
1827,2015,1827,1.0,1407,arvet
1828,2015,1828,1.0,1871,arvet
1832,2015,1832,1.0,4528,arvet
1833,2015,1833,1.0,26078,arvet
1834,2015,1834,1.0,1917,arvet
1835,2015,1835,1.0,486,arvet
1836,2015,1836,1.0,1269,arvet
1837,2015,1837,1.0,6454,arvet
1838,2015,1838,1.0,2014,arvet
1839,2015,1839,1.0,1058,arvet
1840,2015,1840,1.0,4734,arvet
1841,2015,1841,1.0,9622,arvet
1845,2015,1845,1.0,1953,arvet
1848,2015,1848,1.0,2507,arvet
1849,2015,1875,1.0,1811,arvet
1850,2015,1806,0.422336,1996,"delt, anslått fra befolkningsendring 2019→2020"
1850,2015,1875,0.577664,1996,"delt, anslått fra befolkningsendring 2019→2020"
1851,2015,1851,1.0,2160,arvet
1852,2015,5512,1.0,1280,arvet
1853,2015,1853,1.0,1385,arvet
1854,2015,1806,1.0,2581,arvet
1856,2015,1856,1.0,545,arvet
1857,2015,1857,1.0,780,arvet
1859,2015,1859,1.0,1358,arvet
1860,2015,1860,1.0,11140,arvet
1865,2015,1865,1.0,9285,arvet
1866,2015,1866,1.0,8057,arvet
1867,2015,1867,1.0,2642,arvet
1868,2015,1868,1.0,4563,arvet
1870,2015,1870,1.0,10166,arvet
1871,2015,1871,1.0,4991,arvet
1874,2015,1874,1.0,1070,arvet
1902,2015,5501,1.0,72681,arvet
1903,2015,5503,1.0,24676,arvet
1911,2015,5510,1.0,3076,arvet
1913,2015,5512,1.0,2988,arvet
1917,2015,5514,1.0,1410,arvet
1919,2015,5516,1.0,1137,arvet
1920,2015,5518,1.0,1008,arvet
1922,2015,5520,1.0,4078,arvet
1923,2015,5522,1.0,2219,arvet
1924,2015,5524,1.0,6693,arvet
1925,2015,5526,1.0,3451,arvet
1926,2015,5528,1.0,1154,arvet
1927,2015,5530,1.0,1544,arvet
1928,2015,5530,1.0,884,arvet
1929,2015,5530,1.0,905,arvet
1931,2015,5530,1.0,11535,arvet
1933,2015,5532,1.0,5720,arvet
1936,2015,5534,1.0,2289,arvet
1938,2015,5536,1.0,2922,arvet
1939,2015,5538,1.0,1898,arvet
1940,2015,5540,1.0,2182,arvet
1941,2015,5542,1.0,2895,arvet
1942,2015,5544,1.0,4882,arvet
1943,2015,5546,1.0,1226,arvet
2002,2015,5634,1.0,2128,arvet
2003,2015,5607,1.0,6239,arvet
2004,2015,5603,1.0,10417,arvet
2011,2015,5612,1.0,2914,arvet
2012,2015,5601,1.0,19898,arvet
2014,2015,5614,1.0,989,arvet
2015,2015,5616,1.0,1041,arvet
2017,2015,5603,1.0,1049,arvet
2018,2015,5618,1.0,1241,arvet
2019,2015,5620,1.0,3278,arvet
2020,2015,5622,1.0,3925,arvet
2021,2015,5610,1.0,2708,arvet
2022,2015,5624,1.0,1343,arvet
2023,2015,5626,1.0,1116,arvet
2024,2015,5630,1.0,1020,arvet
2025,2015,5628,1.0,2909,arvet
2027,2015,5636,1.0,934,arvet
2028,2015,5632,1.0,2235,arvet
2030,2015,5605,1.0,10221,arvet
0101,2016,3101,1.0,30544,arvet
0104,2016,3103,1.0,32182,arvet
0105,2016,3105,1.0,54678,arvet
0106,2016,3107,1.0,78967,arvet
0111,2016,3110,1.0,4511,arvet
0118,2016,3124,1.0,1404,arvet
0119,2016,3122,1.0,3610,arvet
0121,2016,3226,1.0,672,arvet
0122,2016,3118,1.0,5343,arvet
0123,2016,3118,1.0,5736,arvet
0124,2016,3118,1.0,15615,arvet
0125,2016,3118,1.0,11396,arvet
0127,2016,3116,1.0,3742,arvet
0128,2016,3120,1.0,8084,arvet
0135,2016,3112,1.0,7357,arvet
0136,2016,3103,1.0,15458,arvet
0137,2016,3114,1.0,5186,arvet
0138,2016,3118,1.0,5382,arvet
0211,2016,3216,1.0,16732,arvet
0213,2016,3207,1.0,30261,arvet
0214,2016,3218,1.0,18992,arvet
0215,2016,3214,1.0,15695,arvet
0216,2016,3212,1.0,18623,arvet
0217,2016,3207,1.0,26792,arvet
0219,2016,3201,1.0,122348,arvet
0220,2016,3203,1.0,60106,arvet
0221,2016,3226,1.0,15914,arvet
0226,2016,3205,1.0,17443,arvet
0227,2016,3205,1.0,11374,arvet
0228,2016,3224,1.0,17426,arvet
0229,2016,3220,1.0,10870,arvet
0230,2016,3222,1.0,36368,arvet
0231,2016,3205,1.0,52522,arvet
0233,2016,3232,1.0,22857,arvet
0234,2016,3230,1.0,6323,arvet
0235,2016,3209,1.0,34189,arvet
0236,2016,3228,1.0,20783,arvet
0237,2016,3240,1.0,23811,arvet
0238,2016,3238,1.0,12267,arvet
0239,2016,3242,1.0,2837,arvet
0301,2016,0301,1.0,658390,arvet
0402,2016,3401,1.0,17835,arvet
0403,2016,3403,1.0,30120,arvet
0412,2016,3411,1.0,33597,arvet
0415,2016,3412,1.0,7588,arvet
0417,2016,3413,1.0,20119,arvet
0418,2016,3414,1.0,5131,arvet
0419,2016,3415,1.0,7901,arvet
0420,2016,3416,1.0,6142,arvet
0423,2016,3417,1.0,4763,arvet
0425,2016,3418,1.0,7456,arvet
0426,2016,3419,1.0,3760,arvet
0427,2016,3420,1.0,21030,arvet
0428,2016,3421,1.0,6525,arvet
0429,2016,3422,1.0,4429,arvet
0430,2016,3423,1.0,2600,arvet
0432,2016,3424,1.0,1881,arvet
0434,2016,3425,1.0,1305,arvet
0436,2016,3426,1.0,1620,arvet
0437,2016,3427,1.0,5580,arvet
0438,2016,3428,1.0,2426,arvet
0439,2016,3429,1.0,1592,arvet
0441,2016,3430,1.0,1956,arvet
0501,2016,3405,1.0,27476,arvet
0502,2016,3407,1.0,30137,arvet
0511,2016,3431,1.0,2701,arvet
0512,2016,3432,1.0,2055,arvet
0513,2016,3433,1.0,2204,arvet
0514,2016,3434,1.0,2347,arvet
0515,2016,3435,1.0,3664,arvet
0516,2016,3436,1.0,5741,arvet
0517,2016,3437,1.0,5935,arvet
0519,2016,3438,1.0,3154,arvet
0520,2016,3439,1.0,4462,arvet
0521,2016,3440,1.0,5072,arvet
0522,2016,3441,1.0,6227,arvet
0528,2016,3442,1.0,14906,arvet
0529,2016,3443,1.0,13180,arvet
0532,2016,3236,1.0,6629,arvet
0533,2016,3234,1.0,9044,arvet
0534,2016,3446,1.0,13695,arvet
0536,2016,3447,1.0,5758,arvet
0538,2016,3448,1.0,6751,arvet
0540,2016,3449,1.0,3058,arvet
0541,2016,3450,1.0,1321,arvet
0542,2016,3451,1.0,6458,arvet
0543,2016,3452,1.0,2168,arvet
0544,2016,3453,1.0,3220,arvet
0545,2016,3454,1.0,1590,arvet
0602,2016,3301,1.0,67895,arvet
0604,2016,3303,1.0,27013,arvet
0605,2016,3305,1.0,29801,arvet
0612,2016,3310,1.0,6767,arvet
0615,2016,3320,1.0,1074,arvet
0616,2016,3322,1.0,3422,arvet
0617,2016,3324,1.0,4578,arvet
0618,2016,3326,1.0,2422,arvet
0619,2016,3328,1.0,4711,arvet
0620,2016,3330,1.0,4497,arvet
0621,2016,3332,1.0,3512,arvet
0622,2016,3318,1.0,2275,arvet
0623,2016,3316,1.0,13794,arvet
0624,2016,3314,1.0,18205,arvet
0625,2016,3301,1.0,24431,arvet
0626,2016,3312,1.0,25731,arvet
0627,2016,3203,1.0,21492,arvet
0628,2016,3203,1.0,9413,arvet
0631,2016,3334,1.0,2699,arvet
0632,2016,3336,1.0,1404,arvet
0633,2016,3338,1.0,2548,arvet
0701,2016,3901,1.0,27178,arvet
0702,2016,3903,1.0,10741,arvet
0704,2016,3905,1.0,42276,arvet
0706,2016,3907,1.0,45820,eksakt-sum
0709,2016,3909,1.0,43867,arvet
0711,2016,3301,1.0,6604,arvet
0713,2016,3903,1.0,9297,arvet
0714,2016,3903,1.0,3163,arvet
0716,2016,3905,1.0,9361,arvet
0719,2016,3907,1.0,5937,eksakt-sum
0720,2016,3907,1.0,11657,eksakt-sum
0722,2016,3911,1.0,21621,arvet
0723,2016,3911,1.0,4971,arvet
0728,2016,3909,1.0,2474,arvet
0805,2016,4001,1.0,35955,arvet
0806,2016,4003,1.0,53952,arvet
0807,2016,4005,1.0,12717,arvet
0811,2016,4010,1.0,2335,arvet
0814,2016,4012,1.0,14088,arvet
0815,2016,4014,1.0,10607,arvet
0817,2016,4016,1.0,4136,arvet
0819,2016,4018,1.0,6534,arvet
0821,2016,4020,1.0,6101,arvet
0822,2016,4020,1.0,4338,arvet
0826,2016,4026,1.0,5940,arvet
0827,2016,4024,1.0,1613,arvet
0828,2016,4022,1.0,2991,arvet
0829,2016,4028,1.0,2448,arvet
0830,2016,4030,1.0,1443,arvet
0831,2016,4032,1.0,1323,arvet
0833,2016,4034,1.0,2246,arvet
0834,2016,4036,1.0,3727,arvet
0901,2016,4201,1.0,6920,arvet
0904,2016,4202,1.0,22550,arvet
0906,2016,4203,1.0,44313,arvet
0911,2016,4211,1.0,2473,arvet
0912,2016,4212,1.0,2036,arvet
0914,2016,4213,1.0,6014,arvet
0919,2016,4214,1.0,5618,arvet
0926,2016,4215,1.0,10577,arvet
0928,2016,4216,1.0,5147,arvet
0929,2016,4217,1.0,1847,arvet
0935,2016,4218,1.0,1317,arvet
0937,2016,4219,1.0,3582,arvet
0938,2016,4220,1.0,1204,arvet
0940,2016,4221,1.0,1242,arvet
0941,2016,4222,1.0,945,arvet
1001,2016,4204,1.0,88447,arvet
1002,2016,4205,1.0,15529,arvet
1003,2016,4206,1.0,9705,arvet
1004,2016,4207,1.0,9096,arvet
1014,2016,4223,1.0,14308,arvet
1017,2016,4204,1.0,6419,arvet
1018,2016,4204,1.0,11260,arvet
1021,2016,4205,1.0,2290,arvet
1026,2016,4224,1.0,942,arvet
1027,2016,4225,1.0,1750,arvet
1029,2016,4205,1.0,4943,arvet
1032,2016,4225,1.0,8497,arvet
1034,2016,4226,1.0,1702,arvet
1037,2016,4227,1.0,5981,arvet
1046,2016,4228,1.0,1832,arvet
1101,2016,1101,1.0,14942,arvet
1102,2016,1108,1.0,74820,arvet
1103,2016,1103,1.0,132644,arvet
1106,2016,1106,1.0,36951,arvet
1111,2016,1111,1.0,3313,arvet
1112,2016,1112,1.0,3243,arvet
1114,2016,1114,1.0,2825,arvet
1119,2016,1119,1.0,18591,arvet
1120,2016,1120,1.0,18970,arvet
1121,2016,1121,1.0,18572,arvet
1122,2016,1122,1.0,11853,arvet
1124,2016,1124,1.0,26096,arvet
1127,2016,1127,1.0,10737,arvet
1129,2016,1108,1.0,1238,arvet
1130,2016,1130,1.0,12464,arvet
1133,2016,1133,1.0,2737,arvet
1134,2016,1134,1.0,3903,arvet
1135,2016,1135,1.0,4710,arvet
1141,2016,1103,1.0,3221,arvet
1142,2016,1103,1.0,4856,arvet
1144,2016,1144,1.0,524,arvet
1145,2016,1145,1.0,865,arvet
1146,2016,1146,1.0,10925,arvet
1149,2016,1149,1.0,42187,arvet
1151,2016,1151,1.0,200,arvet
1160,2016,1160,1.0,8788,arvet
1201,2016,4601,1.0,277391,arvet
1211,2016,4611,1.0,4106,arvet
1216,2016,4612,1.0,5593,arvet
1219,2016,4613,1.0,11778,arvet
1221,2016,4614,1.0,18775,arvet
1222,2016,4615,1.0,3140,arvet
1223,2016,4616,1.0,2797,arvet
1224,2016,4617,1.0,13271,arvet
1227,2016,4618,1.0,1104,arvet
1228,2016,4618,1.0,6930,arvet
1231,2016,4618,1.0,3401,arvet
1232,2016,4619,1.0,925,arvet
1233,2016,4620,1.0,1116,arvet
1234,2016,4621,1.0,920,arvet
1235,2016,4621,1.0,14425,arvet
1238,2016,4622,1.0,8475,arvet
1241,2016,4624,1.0,3876,arvet
1242,2016,4623,1.0,2443,arvet
1243,2016,4624,1.0,19742,arvet
1244,2016,4625,1.0,5118,arvet
1245,2016,4626,1.0,6975,arvet
1246,2016,4626,1.0,24870,arvet
1247,2016,4627,1.0,28380,arvet
1251,2016,4628,1.0,4125,arvet
1252,2016,4629,1.0,381,arvet
1253,2016,4630,1.0,7957,arvet
1256,2016,4631,1.0,7812,arvet
1259,2016,4626,1.0,4852,arvet
1260,2016,4631,1.0,5077,arvet
1263,2016,4631,1.0,15607,arvet
1264,2016,4632,1.0,2858,arvet
1265,2016,4633,1.0,576,arvet
1266,2016,4634,1.0,1701,arvet
1401,2016,4602,1.0,11923,arvet
1411,2016,4635,1.0,2370,arvet
1412,2016,4636,1.0,785,arvet
1413,2016,4637,1.0,1395,arvet
1416,2016,4638,1.0,4161,arvet
1417,2016,4639,1.0,2689,arvet
1418,2016,4640,1.0,1294,arvet
1419,2016,4640,1.0,2298,arvet
1420,2016,4640,1.0,7839,arvet
1421,2016,4641,1.0,1764,arvet
1422,2016,4642,1.0,2172,arvet
1424,2016,4643,1.0,5359,arvet
1426,2016,4644,1.0,5093,arvet
1428,2016,4645,1.0,3023,arvet
1429,2016,4646,1.0,2830,arvet
1430,2016,4647,1.0,2942,arvet
1431,2016,4647,1.0,3020,arvet
1432,2016,4647,1.0,12900,arvet
1433,2016,4647,1.0,2840,arvet
1438,2016,4648,1.0,3846,arvet
1439,2016,4602,1.0,6046,arvet
1441,2016,4649,1.0,2774,arvet
1443,2016,4649,1.0,6015,arvet
1444,2016,1577,1.0,1200,arvet
1445,2016,4650,1.0,5784,arvet
1449,2016,4651,1.0,7168,arvet
1502,2016,1506,1.0,26732,arvet
1504,2016,1508,1.0,46747,arvet
1505,2016,1505,1.0,24526,arvet
1511,2016,1511,1.0,3256,arvet
1514,2016,1514,1.0,2559,arvet
1515,2016,1515,1.0,8972,arvet
1516,2016,1516,1.0,8430,arvet
1517,2016,1517,1.0,5189,arvet
1519,2016,1577,1.0,9037,arvet
1520,2016,1520,1.0,10677,arvet
1523,2016,1508,1.0,2310,arvet
1524,2016,1578,1.0,1652,arvet
1525,2016,1525,1.0,4598,arvet
1526,2016,1578,1.0,1020,arvet
1528,2016,1528,1.0,7675,arvet
1529,2016,1508,1.0,4620,arvet
1531,2016,1531,1.0,8952,arvet
1532,2016,1532,1.0,8094,arvet
1534,2016,1580,1.0,9200,arvet
1535,2016,1535,1.0,6611,arvet
1539,2016,1539,1.0,7492,arvet
1543,2016,1506,1.0,2970,arvet
1545,2016,1506,1.0,2088,arvet
1546,2016,1508,1.0,1270,arvet
1547,2016,1547,1.0,3518,arvet
1548,2016,1579,1.0,9717,arvet
1551,2016,1579,1.0,3467,arvet
1554,2016,1554,1.0,5826,arvet
1557,2016,1557,1.0,2593,arvet
1560,2016,1560,1.0,3103,arvet
1563,2016,1563,1.0,7160,arvet
1566,2016,1566,1.0,5969,arvet
1567,2016,5061,1.0,2036,arvet
1571,2016,5055,1.0,1547,arvet
1573,2016,1573,1.0,2141,arvet
1576,2016,1576,1.0,3536,arvet
1601,2016,5001,1.0,187353,arvet
1612,2016,5055,1.0,4260,arvet
1613,2016,5055,0.153333,978,"delt, anslått fra befolkningsendring 2019→2020"
1613,2016,5056,0.339048,978,"delt, anslått fra befolkningsendring 2019→2020"
1613,2016,5059,0.507619,978,"delt, anslått fra befolkningsendring 2019→2020"
1617,2016,5056,1.0,4622,arvet
1620,2016,5014,1.0,4799,arvet
1621,2016,5057,1.0,5209,arvet
1622,2016,5059,1.0,1733,arvet
1624,2016,5054,1.0,6644,arvet
1627,2016,5057,1.0,4779,arvet
1630,2016,5058,1.0,3272,arvet
1632,2016,5058,1.0,961,arvet
1633,2016,5020,1.0,976,arvet
1634,2016,5021,1.0,6886,arvet
1635,2016,5022,1.0,2562,arvet
1636,2016,5059,1.0,3954,arvet
1638,2016,5059,1.0,11779,arvet
1640,2016,5025,1.0,5635,arvet
1644,2016,5026,1.0,2031,arvet
1648,2016,5027,1.0,6298,arvet
1653,2016,5028,1.0,16096,arvet
1657,2016,5029,1.0,7755,arvet
1662,2016,5001,1.0,6067,arvet
1663,2016,5031,1.0,13738,arvet
1664,2016,5032,1.0,4132,arvet
1665,2016,5033,1.0,851,arvet
1702,2016,5006,1.0,21781,arvet
1703,2016,5007,1.0,13010,arvet
1711,2016,5034,1.0,2523,arvet
1714,2016,5035,1.0,23308,arvet
1717,2016,5036,1.0,2631,arvet
1718,2016,5054,1.0,3531,arvet
1719,2016,5037,1.0,19610,arvet
1721,2016,5038,1.0,14885,arvet
1724,2016,5006,1.0,2527,arvet
1725,2016,5007,1.0,1622,arvet
1736,2016,5041,1.0,2139,arvet
1738,2016,5042,1.0,1375,arvet
1739,2016,5043,1.0,469,arvet
1740,2016,5044,1.0,867,arvet
1742,2016,5045,1.0,2466,arvet
1743,2016,5046,1.0,1250,arvet
1744,2016,5047,1.0,3825,arvet
1748,2016,5007,1.0,633,arvet
1749,2016,5049,1.0,1103,arvet
1750,2016,5060,1.0,4387,arvet
1751,2016,5060,1.0,5126,arvet
1755,2016,5052,1.0,562,arvet
1756,2016,5053,1.0,6769,arvet
1804,2016,1804,1.0,50488,arvet
1805,2016,1806,1.0,18787,arvet
1811,2016,1811,1.0,1465,arvet
1812,2016,1812,1.0,2031,arvet
1813,2016,1813,1.0,7962,arvet
1815,2016,1815,1.0,1244,arvet
1816,2016,1816,1.0,507,arvet
1818,2016,1818,1.0,1743,arvet
1820,2016,1820,1.0,7437,arvet
1822,2016,1822,1.0,2216,arvet
1824,2016,1824,1.0,13427,arvet
1825,2016,1825,1.0,1462,arvet
1826,2016,1826,1.0,1465,arvet
1827,2016,1827,1.0,1402,arvet
1828,2016,1828,1.0,1838,arvet
1832,2016,1832,1.0,4486,arvet
1833,2016,1833,1.0,26039,arvet
1834,2016,1834,1.0,1923,arvet
1835,2016,1835,1.0,478,arvet
1836,2016,1836,1.0,1268,arvet
1837,2016,1837,1.0,6471,arvet
1838,2016,1838,1.0,2043,arvet
1839,2016,1839,1.0,1034,arvet
1840,2016,1840,1.0,4700,arvet
1841,2016,1841,1.0,9604,arvet
1845,2016,1845,1.0,1963,arvet
1848,2016,1848,1.0,2543,arvet
1849,2016,1875,1.0,1824,arvet
1850,2016,1806,0.422336,1974,"delt, anslått fra befolkningsendring 2019→2020"
1850,2016,1875,0.577664,1974,"delt, anslått fra befolkningsendring 2019→2020"
1851,2016,1851,1.0,2144,arvet
1852,2016,5512,1.0,1283,arvet
1853,2016,1853,1.0,1400,arvet
1854,2016,1806,1.0,2556,arvet
1856,2016,1856,1.0,551,arvet
1857,2016,1857,1.0,765,arvet
1859,2016,1859,1.0,1336,arvet
1860,2016,1860,1.0,11198,arvet
1865,2016,1865,1.0,9350,arvet
1866,2016,1866,1.0,8082,arvet
1867,2016,1867,1.0,2632,arvet
1868,2016,1868,1.0,4529,arvet
1870,2016,1870,1.0,10214,arvet
1871,2016,1871,1.0,4980,arvet
1874,2016,1874,1.0,1062,arvet
1902,2016,5501,1.0,73480,arvet
1903,2016,5503,1.0,24695,arvet
1911,2016,5510,1.0,3029,arvet
1913,2016,5512,1.0,3041,arvet
1917,2016,5514,1.0,1403,arvet
1919,2016,5516,1.0,1137,arvet
1920,2016,5518,1.0,1051,arvet
1922,2016,5520,1.0,4019,arvet
1923,2016,5522,1.0,2230,arvet
1924,2016,5524,1.0,6741,arvet
1925,2016,5526,1.0,3452,arvet
1926,2016,5528,1.0,1158,arvet
1927,2016,5530,1.0,1543,arvet
1928,2016,5530,1.0,913,arvet
1929,2016,5530,1.0,915,arvet
1931,2016,5530,1.0,11618,arvet
1933,2016,5532,1.0,5701,arvet
1936,2016,5534,1.0,2282,arvet
1938,2016,5536,1.0,2861,arvet
1939,2016,5538,1.0,1865,arvet
1940,2016,5540,1.0,2150,arvet
1941,2016,5542,1.0,2920,arvet
1942,2016,5544,1.0,4895,arvet
1943,2016,5546,1.0,1231,arvet
2002,2016,5634,1.0,2137,arvet
2003,2016,5607,1.0,6160,arvet
2004,2016,5603,1.0,10455,arvet
2011,2016,5612,1.0,2956,arvet
2012,2016,5601,1.0,20097,arvet
2014,2016,5614,1.0,951,arvet
2015,2016,5616,1.0,1054,arvet
2017,2016,5603,1.0,1035,arvet
2018,2016,5618,1.0,1215,arvet
2019,2016,5620,1.0,3276,arvet
2020,2016,5622,1.0,3978,arvet
2021,2016,5610,1.0,2668,arvet
2022,2016,5624,1.0,1318,arvet
2023,2016,5626,1.0,1139,arvet
2024,2016,5630,1.0,1000,arvet
2025,2016,5628,1.0,2922,arvet
2027,2016,5636,1.0,959,arvet
2028,2016,5632,1.0,2211,arvet
2030,2016,5605,1.0,10227,arvet
0101,2017,3101,1.0,30790,arvet
0104,2017,3103,1.0,32407,arvet
0105,2017,3105,1.0,55127,arvet
0106,2017,3107,1.0,80121,arvet
0111,2017,3110,1.0,4517,arvet
0118,2017,3124,1.0,1398,arvet
0119,2017,3122,1.0,3597,arvet
0121,2017,3226,1.0,685,arvet
0122,2017,3118,1.0,5367,arvet
0123,2017,3118,1.0,5765,arvet
0124,2017,3118,1.0,15720,arvet
0125,2017,3118,1.0,11406,arvet
0127,2017,3116,1.0,3783,arvet
0128,2017,3120,1.0,8173,arvet
0135,2017,3112,1.0,7398,arvet
0136,2017,3103,1.0,15747,arvet
0137,2017,3114,1.0,5335,arvet
0138,2017,3118,1.0,5557,arvet
0211,2017,3216,1.0,17188,arvet
0213,2017,3207,1.0,30698,arvet
0214,2017,3218,1.0,19288,arvet
0215,2017,3214,1.0,15743,arvet
0216,2017,3212,1.0,18869,arvet
0217,2017,3207,1.0,26988,arvet
0219,2017,3201,1.0,124008,arvet
0220,2017,3203,1.0,60781,arvet
0221,2017,3226,1.0,16162,arvet
0226,2017,3205,1.0,17665,arvet
0227,2017,3205,1.0,11555,arvet
0228,2017,3224,1.0,17730,arvet
0229,2017,3220,1.0,10927,arvet
0230,2017,3222,1.0,37406,arvet
0231,2017,3205,1.0,53276,arvet
0233,2017,3232,1.0,23213,arvet
0234,2017,3230,1.0,6546,arvet
0235,2017,3209,1.0,35102,arvet
0236,2017,3228,1.0,21241,arvet
0237,2017,3240,1.0,24415,arvet
0238,2017,3238,1.0,12657,arvet
0239,2017,3242,1.0,2910,arvet
0301,2017,0301,1.0,666759,arvet
0402,2017,3401,1.0,17857,arvet
0403,2017,3403,1.0,30598,arvet
0412,2017,3411,1.0,33842,arvet
0415,2017,3412,1.0,7633,arvet
0417,2017,3413,1.0,20317,arvet
0418,2017,3414,1.0,5100,arvet
0419,2017,3415,1.0,7866,arvet
0420,2017,3416,1.0,6127,arvet
0423,2017,3417,1.0,4777,arvet
0425,2017,3418,1.0,7329,arvet
0426,2017,3419,1.0,3743,arvet
0427,2017,3420,1.0,21086,arvet
0428,2017,3421,1.0,6550,arvet
0429,2017,3422,1.0,4518,arvet
0430,2017,3423,1.0,2530,arvet
0432,2017,3424,1.0,1858,arvet
0434,2017,3425,1.0,1274,arvet
0436,2017,3426,1.0,1620,arvet
0437,2017,3427,1.0,5584,arvet
0438,2017,3428,1.0,2441,arvet
0439,2017,3429,1.0,1577,arvet
0441,2017,3430,1.0,1963,arvet
0501,2017,3405,1.0,27781,arvet
0502,2017,3407,1.0,30319,arvet
0511,2017,3431,1.0,2675,arvet
0512,2017,3432,1.0,2048,arvet
0513,2017,3433,1.0,2202,arvet
0514,2017,3434,1.0,2360,arvet
0515,2017,3435,1.0,3640,arvet
0516,2017,3436,1.0,5723,arvet
0517,2017,3437,1.0,5916,arvet
0519,2017,3438,1.0,3163,arvet
0520,2017,3439,1.0,4502,arvet
0521,2017,3440,1.0,5082,arvet
0522,2017,3441,1.0,6204,arvet
0528,2017,3442,1.0,14887,arvet
0529,2017,3443,1.0,13179,arvet
0532,2017,3236,1.0,6696,arvet
0533,2017,3234,1.0,9080,arvet
0534,2017,3446,1.0,13707,arvet
0536,2017,3447,1.0,5717,arvet
0538,2017,3448,1.0,6773,arvet
0540,2017,3449,1.0,3026,arvet
0541,2017,3450,1.0,1351,arvet
0542,2017,3451,1.0,6490,arvet
0543,2017,3452,1.0,2114,arvet
0544,2017,3453,1.0,3248,arvet
0545,2017,3454,1.0,1596,arvet
0602,2017,3301,1.0,68363,arvet
0604,2017,3303,1.0,27216,arvet
0605,2017,3305,1.0,30034,arvet
0612,2017,3310,1.0,6772,arvet
0615,2017,3320,1.0,1081,arvet
0616,2017,3322,1.0,3357,arvet
0617,2017,3324,1.0,4612,arvet
0618,2017,3326,1.0,2442,arvet
0619,2017,3328,1.0,4719,arvet
0620,2017,3330,1.0,4535,arvet
0621,2017,3332,1.0,3502,arvet
0622,2017,3318,1.0,2257,arvet
0623,2017,3316,1.0,13786,arvet
0624,2017,3314,1.0,18562,arvet
0625,2017,3301,1.0,24718,arvet
0626,2017,3312,1.0,25740,arvet
0627,2017,3203,1.0,21931,arvet
0628,2017,3203,1.0,9462,arvet
0631,2017,3334,1.0,2696,arvet
0632,2017,3336,1.0,1399,arvet
0633,2017,3338,1.0,2530,arvet
0701,2017,3901,1.0,27202,arvet
0702,2017,3903,1.0,10861,eksakt-sum
0704,2017,3905,1.0,44922,arvet
0709,2017,3909,1.0,44082,eksakt-sum
0710,2017,3907,1.0,62019,arvet
0711,2017,3301,1.0,6653,arvet
0713,2017,3903,1.0,9496,arvet
0714,2017,3903,1.0,3176,eksakt-sum
0716,2017,3905,1.0,9486,arvet
0722,2017,3911,1.0,21748,eksakt-sum
0723,2017,3911,1.0,4928,eksakt-sum
0728,2017,3909,1.0,2475,eksakt-sum
0805,2017,4001,1.0,36198,arvet
0806,2017,4003,1.0,54316,arvet
0807,2017,4005,1.0,12757,arvet
0811,2017,4010,1.0,2357,arvet
0814,2017,4012,1.0,14138,arvet
0815,2017,4014,1.0,10586,arvet
0817,2017,4016,1.0,4148,arvet
0819,2017,4018,1.0,6585,arvet
0821,2017,4020,1.0,6262,arvet
0822,2017,4020,1.0,4303,arvet
0826,2017,4026,1.0,5894,arvet
0827,2017,4024,1.0,1593,arvet
0828,2017,4022,1.0,2979,arvet
0829,2017,4028,1.0,2442,arvet
0830,2017,4030,1.0,1476,arvet
0831,2017,4032,1.0,1319,arvet
0833,2017,4034,1.0,2228,arvet
0834,2017,4036,1.0,3726,arvet
0901,2017,4201,1.0,6936,arvet
0904,2017,4202,1.0,22692,arvet
0906,2017,4203,1.0,44576,arvet
0911,2017,4211,1.0,2511,arvet
0912,2017,4212,1.0,2104,arvet
0914,2017,4213,1.0,6051,arvet
0919,2017,4214,1.0,5713,arvet
0926,2017,4215,1.0,10702,arvet
0928,2017,4216,1.0,5178,arvet
0929,2017,4217,1.0,1856,arvet
0935,2017,4218,1.0,1342,arvet
0937,2017,4219,1.0,3614,arvet
0938,2017,4220,1.0,1200,arvet
0940,2017,4221,1.0,1246,arvet
0941,2017,4222,1.0,952,arvet
1001,2017,4204,1.0,89268,arvet
1002,2017,4205,1.0,15600,arvet
1003,2017,4206,1.0,9769,arvet
1004,2017,4207,1.0,9090,arvet
1014,2017,4223,1.0,14425,arvet
1017,2017,4204,1.0,6568,arvet
1018,2017,4204,1.0,11321,arvet
1021,2017,4205,1.0,2309,arvet
1026,2017,4224,1.0,937,arvet
1027,2017,4225,1.0,1765,arvet
1029,2017,4205,1.0,4950,arvet
1032,2017,4225,1.0,8588,arvet
1034,2017,4226,1.0,1702,arvet
1037,2017,4227,1.0,5988,arvet
1046,2017,4228,1.0,1836,arvet
1101,2017,1101,1.0,14899,arvet
1102,2017,1108,1.0,75497,arvet
1103,2017,1103,1.0,132729,arvet
1106,2017,1106,1.0,37166,arvet
1111,2017,1111,1.0,3316,arvet
1112,2017,1112,1.0,3259,arvet
1114,2017,1114,1.0,2826,arvet
1119,2017,1119,1.0,18800,arvet
1120,2017,1120,1.0,19042,arvet
1121,2017,1121,1.0,18656,arvet
1122,2017,1122,1.0,11902,arvet
1124,2017,1124,1.0,26016,arvet
1127,2017,1127,1.0,10873,arvet
1129,2017,1108,1.0,1245,arvet
1130,2017,1130,1.0,12662,arvet
1133,2017,1133,1.0,2708,arvet
1134,2017,1134,1.0,3853,arvet
1135,2017,1135,1.0,4760,arvet
1141,2017,1103,1.0,3235,arvet
1142,2017,1103,1.0,4892,arvet
1144,2017,1144,1.0,534,arvet
1145,2017,1145,1.0,855,arvet
1146,2017,1146,1.0,11041,arvet
1149,2017,1149,1.0,42229,arvet
1151,2017,1151,1.0,201,arvet
1160,2017,1160,1.0,8828,arvet
1201,2017,4601,1.0,278556,arvet
1211,2017,4611,1.0,4135,arvet
1216,2017,4612,1.0,5656,arvet
1219,2017,4613,1.0,11806,arvet
1221,2017,4614,1.0,18821,arvet
1222,2017,4615,1.0,3189,arvet
1223,2017,4616,1.0,2847,arvet
1224,2017,4617,1.0,13241,arvet
1227,2017,4618,1.0,1108,arvet
1228,2017,4618,1.0,7025,arvet
1231,2017,4618,1.0,3377,arvet
1232,2017,4619,1.0,921,arvet
1233,2017,4620,1.0,1131,arvet
1234,2017,4621,1.0,933,arvet
1235,2017,4621,1.0,14514,arvet
1238,2017,4622,1.0,8423,arvet
1241,2017,4624,1.0,3895,arvet
1242,2017,4623,1.0,2488,arvet
1243,2017,4624,1.0,20152,arvet
1244,2017,4625,1.0,5156,arvet
1245,2017,4626,1.0,7058,arvet
1246,2017,4626,1.0,25204,arvet
1247,2017,4627,1.0,28821,arvet
1251,2017,4628,1.0,4123,arvet
1252,2017,4629,1.0,383,arvet
1253,2017,4630,1.0,8026,arvet
1256,2017,4631,1.0,8021,arvet
1259,2017,4626,1.0,4913,arvet
1260,2017,4631,1.0,5128,arvet
1263,2017,4631,1.0,15731,arvet
1264,2017,4632,1.0,2884,arvet
1265,2017,4633,1.0,587,arvet
1266,2017,4634,1.0,1710,arvet
1401,2017,4602,1.0,11999,arvet
1411,2017,4635,1.0,2371,arvet
1412,2017,4636,1.0,794,arvet
1413,2017,4637,1.0,1438,arvet
1416,2017,4638,1.0,4190,arvet
1417,2017,4639,1.0,2722,arvet
1418,2017,4640,1.0,1288,arvet
1419,2017,4640,1.0,2332,arvet
1420,2017,4640,1.0,7941,arvet
1421,2017,4641,1.0,1787,arvet
1422,2017,4642,1.0,2159,arvet
1424,2017,4643,1.0,5363,arvet
1426,2017,4644,1.0,5151,arvet
1428,2017,4645,1.0,3065,arvet
1429,2017,4646,1.0,2862,arvet
1430,2017,4647,1.0,2966,arvet
1431,2017,4647,1.0,3049,arvet
1432,2017,4647,1.0,13009,arvet
1433,2017,4647,1.0,2848,arvet
1438,2017,4648,1.0,3847,arvet
1439,2017,4602,1.0,6031,arvet
1441,2017,4649,1.0,2791,arvet
1443,2017,4649,1.0,6064,arvet
1444,2017,1577,1.0,1198,arvet
1445,2017,4650,1.0,5783,arvet
1449,2017,4651,1.0,7218,arvet
1502,2017,1506,1.0,26822,arvet
1504,2017,1508,1.0,47199,arvet
1505,2017,1505,1.0,24442,arvet
1511,2017,1511,1.0,3203,arvet
1514,2017,1514,1.0,2540,arvet
1515,2017,1515,1.0,8957,arvet
1516,2017,1516,1.0,8457,arvet
1517,2017,1517,1.0,5185,arvet
1519,2017,1577,1.0,9102,arvet
1520,2017,1520,1.0,10744,arvet
1523,2017,1508,1.0,2296,arvet
1524,2017,1578,1.0,1663,arvet
1525,2017,1525,1.0,4623,arvet
1526,2017,1578,1.0,1005,arvet
1528,2017,1528,1.0,7695,arvet
1529,2017,1508,1.0,4667,arvet
1531,2017,1531,1.0,9007,arvet
1532,2017,1532,1.0,8176,arvet
1534,2017,1580,1.0,9312,arvet
1535,2017,1535,1.0,6577,arvet
1539,2017,1539,1.0,7503,arvet
1543,2017,1506,1.0,2963,arvet
1545,2017,1506,1.0,2085,arvet
1546,2017,1508,1.0,1246,arvet
1547,2017,1547,1.0,3547,arvet
1548,2017,1579,1.0,9741,arvet
1551,2017,1579,1.0,3454,arvet
1554,2017,1554,1.0,5856,arvet
1557,2017,1557,1.0,2611,arvet
1560,2017,1560,1.0,3109,arvet
1563,2017,1563,1.0,7126,arvet
1566,2017,1566,1.0,5986,arvet
1567,2017,5061,1.0,2026,arvet
1571,2017,5055,1.0,1599,arvet
1573,2017,1573,1.0,2160,arvet
1576,2017,1576,1.0,3590,arvet
1601,2017,5001,1.0,190464,eksakt-sum
1612,2017,5055,1.0,4259,kjent 2020 (SSB mangler tidsserie)
1613,2017,5055,0.153333,982,"delt, anslått fra befolkningsendring 2019→2020"
1613,2017,5056,0.339048,982,"delt, anslått fra befolkningsendring 2019→2020"
1613,2017,5059,0.507619,982,"delt, anslått fra befolkningsendring 2019→2020"
1617,2017,5056,1.0,4659,kjent 2020 (SSB mangler tidsserie)
1620,2017,5014,1.0,4937,eksakt
1621,2017,5057,1.0,5291,eksakt-sum (valgt blant 2)
1622,2017,5059,1.0,1711,kjent 2020 (SSB mangler tidsserie)
1624,2017,5054,1.0,6628,eksakt-sum
1627,2017,5057,1.0,4822,eksakt-sum (valgt blant 2)
1630,2017,5058,1.0,3263,eksakt-sum
1632,2017,5058,1.0,959,eksakt-sum
1633,2017,5020,1.0,978,eksakt
1634,2017,5021,1.0,6973,eksakt
1635,2017,5022,1.0,2556,eksakt
1636,2017,5059,1.0,3960,kjent 2020 (SSB mangler tidsserie)
1638,2017,5059,1.0,11891,kjent 2020 (SSB mangler tidsserie)
1640,2017,5025,1.0,5623,eksakt
1644,2017,5026,1.0,2046,eksakt
1648,2017,5027,1.0,6319,eksakt
1653,2017,5028,1.0,16213,eksakt
1657,2017,5029,1.0,8000,eksakt
1662,2017,5001,1.0,6050,eksakt-sum
1663,2017,5031,1.0,13820,eksakt
1664,2017,5032,1.0,4098,eksakt
1665,2017,5033,1.0,861,eksakt
1702,2017,5006,1.0,21972,eksakt-sum (valgt blant 6)
1703,2017,5007,1.0,13051,eksakt-sum (valgt blant 3)
1711,2017,5034,1.0,2508,eksakt
1714,2017,5035,1.0,23625,eksakt
1717,2017,5036,1.0,2630,eksakt
1718,2017,5054,1.0,3480,eksakt-sum
1719,2017,5037,1.0,19892,eksakt
1721,2017,5038,1.0,14849,eksakt
1724,2017,5006,1.0,2515,eksakt-sum (valgt blant 6)
1725,2017,5007,1.0,1593,eksakt-sum (valgt blant 3)
1736,2017,5041,1.0,2159,eksakt
1738,2017,5042,1.0,1389,eksakt
1739,2017,5043,1.0,469,eksakt
1740,2017,5044,1.0,872,eksakt
1742,2017,5045,1.0,2467,eksakt
1743,2017,5046,1.0,1264,eksakt
1744,2017,5047,1.0,3840,eksakt
1748,2017,5007,1.0,628,eksakt-sum (valgt blant 3)
1749,2017,5049,1.0,1090,eksakt
1750,2017,5060,1.0,4418,eksakt-sum
1751,2017,5060,1.0,5138,eksakt-sum
1755,2017,5052,1.0,584,eksakt
1756,2017,5053,1.0,6800,eksakt
1804,2017,1804,1.0,51022,arvet
1805,2017,1806,1.0,18756,arvet
1811,2017,1811,1.0,1473,arvet
1812,2017,1812,1.0,2047,arvet
1813,2017,1813,1.0,7956,arvet
1815,2017,1815,1.0,1234,arvet
1816,2017,1816,1.0,528,arvet
1818,2017,1818,1.0,1788,arvet
1820,2017,1820,1.0,7428,arvet
1822,2017,1822,1.0,2278,arvet
1824,2017,1824,1.0,13465,arvet
1825,2017,1825,1.0,1469,arvet
1826,2017,1826,1.0,1414,arvet
1827,2017,1827,1.0,1410,arvet
1828,2017,1828,1.0,1837,arvet
1832,2017,1832,1.0,4524,arvet
1833,2017,1833,1.0,26101,arvet
1834,2017,1834,1.0,1920,arvet
1835,2017,1835,1.0,465,arvet
1836,2017,1836,1.0,1267,arvet
1837,2017,1837,1.0,6435,arvet
1838,2017,1838,1.0,2024,arvet
1839,2017,1839,1.0,1043,arvet
1840,2017,1840,1.0,4702,arvet
1841,2017,1841,1.0,9729,arvet
1845,2017,1845,1.0,1958,arvet
1848,2017,1848,1.0,2543,arvet
1849,2017,1875,1.0,1810,arvet
1850,2017,1806,0.422336,1960,"delt, anslått fra befolkningsendring 2019→2020"
1850,2017,1875,0.577664,1960,"delt, anslått fra befolkningsendring 2019→2020"
1851,2017,1851,1.0,2134,arvet
1852,2017,5512,1.0,1252,arvet
1853,2017,1853,1.0,1402,arvet
1854,2017,1806,1.0,2554,arvet
1856,2017,1856,1.0,535,arvet
1857,2017,1857,1.0,744,arvet
1859,2017,1859,1.0,1349,arvet
1860,2017,1860,1.0,11294,arvet
1865,2017,1865,1.0,9444,arvet
1866,2017,1866,1.0,8009,arvet
1867,2017,1867,1.0,2624,arvet
1868,2017,1868,1.0,4580,arvet
1870,2017,1870,1.0,10378,arvet
1871,2017,1871,1.0,4908,arvet
1874,2017,1874,1.0,1073,arvet
1902,2017,5501,1.0,74541,arvet
1903,2017,5503,1.0,24845,arvet
1911,2017,5510,1.0,2986,arvet
1913,2017,5512,1.0,3048,arvet
1917,2017,5514,1.0,1394,arvet
1919,2017,5516,1.0,1121,arvet
1920,2017,5518,1.0,1076,arvet
1922,2017,5520,1.0,3994,arvet
1923,2017,5522,1.0,2220,arvet
1924,2017,5524,1.0,6781,arvet
1925,2017,5526,1.0,3496,arvet
1926,2017,5528,1.0,1138,arvet
1927,2017,5530,1.0,1540,arvet
1928,2017,5530,1.0,921,arvet
1929,2017,5530,1.0,914,arvet
1931,2017,5530,1.0,11697,arvet
1933,2017,5532,1.0,5685,arvet
1936,2017,5534,1.0,2273,arvet
1938,2017,5536,1.0,2876,arvet
1939,2017,5538,1.0,1890,arvet
1940,2017,5540,1.0,2132,arvet
1941,2017,5542,1.0,2912,arvet
1942,2017,5544,1.0,4919,arvet
1943,2017,5546,1.0,1233,arvet
2002,2017,5634,1.0,2104,arvet
2003,2017,5607,1.0,6154,arvet
2004,2017,5603,1.0,10527,arvet
2011,2017,5612,1.0,2938,arvet
2012,2017,5601,1.0,20446,arvet
2014,2017,5614,1.0,968,arvet
2015,2017,5616,1.0,1037,arvet
2017,2017,5603,1.0,1027,arvet
2018,2017,5618,1.0,1204,arvet
2019,2017,5620,1.0,3291,arvet
2020,2017,5622,1.0,3971,arvet
2021,2017,5610,1.0,2696,arvet
2022,2017,5624,1.0,1330,arvet
2023,2017,5626,1.0,1137,arvet
2024,2017,5630,1.0,991,arvet
2025,2017,5628,1.0,2911,arvet
2027,2017,5636,1.0,951,arvet
2028,2017,5632,1.0,2267,arvet
2030,2017,5605,1.0,10199,arvet
0101,2018,3101,1.0,31037,arvet
0104,2018,3103,1.0,32588,arvet
0105,2018,3105,1.0,55543,arvet
0106,2018,3107,1.0,80977,arvet
0111,2018,3110,1.0,4540,arvet
0118,2018,3124,1.0,1399,arvet
0119,2018,3122,1.0,3567,arvet
0121,2018,3226,1.0,682,arvet
0122,2018,3118,1.0,5337,arvet
0123,2018,3118,1.0,5853,arvet
0124,2018,3118,1.0,15810,arvet
0125,2018,3118,1.0,11414,arvet
0127,2018,3116,1.0,3831,arvet
0128,2018,3120,1.0,8202,arvet
0135,2018,3112,1.0,7465,arvet
0136,2018,3103,1.0,16083,arvet
0137,2018,3114,1.0,5471,arvet
0138,2018,3118,1.0,5621,arvet
0211,2018,3216,1.0,17486,arvet
0213,2018,3207,1.0,30880,arvet
0214,2018,3218,1.0,20084,arvet
0215,2018,3214,1.0,15735,arvet
0216,2018,3212,1.0,19287,arvet
0217,2018,3207,1.0,27178,arvet
0219,2018,3201,1.0,125454,arvet
0220,2018,3203,1.0,60926,arvet
0221,2018,3226,1.0,16390,arvet
0226,2018,3205,1.0,17980,arvet
0227,2018,3205,1.0,11663,arvet
0228,2018,3224,1.0,17874,arvet
0229,2018,3220,1.0,10945,arvet
0230,2018,3222,1.0,38670,arvet
0231,2018,3205,1.0,54178,arvet
0233,2018,3232,1.0,23545,arvet
0234,2018,3230,1.0,6704,arvet
0235,2018,3209,1.0,36576,arvet
0236,2018,3228,1.0,21681,arvet
0237,2018,3240,1.0,24647,arvet
0238,2018,3238,1.0,13240,arvet
0239,2018,3242,1.0,2903,arvet
0301,2018,0301,1.0,673469,arvet
0402,2018,3401,1.0,17934,arvet
0403,2018,3403,1.0,30930,arvet
0412,2018,3411,1.0,34151,arvet
0415,2018,3412,1.0,7615,arvet
0417,2018,3413,1.0,20646,arvet
0418,2018,3414,1.0,5097,arvet
0419,2018,3415,1.0,7884,arvet
0420,2018,3416,1.0,6142,arvet
0423,2018,3417,1.0,4740,arvet
0425,2018,3418,1.0,7279,arvet
0426,2018,3419,1.0,3680,arvet
0427,2018,3420,1.0,21123,arvet
0428,2018,3421,1.0,6567,arvet
0429,2018,3422,1.0,4480,arvet
0430,2018,3423,1.0,2490,arvet
0432,2018,3424,1.0,1827,arvet
0434,2018,3425,1.0,1294,arvet
0436,2018,3426,1.0,1553,arvet
0437,2018,3427,1.0,5605,arvet
0438,2018,3428,1.0,2424,arvet
0439,2018,3429,1.0,1569,arvet
0441,2018,3430,1.0,1936,arvet
0501,2018,3405,1.0,27938,arvet
0502,2018,3407,1.0,30642,arvet
0511,2018,3431,1.0,2642,arvet
0512,2018,3432,1.0,2038,arvet
0513,2018,3433,1.0,2179,arvet
0514,2018,3434,1.0,2331,arvet
0515,2018,3435,1.0,3638,arvet
0516,2018,3436,1.0,5728,arvet
0517,2018,3437,1.0,5872,arvet
0519,2018,3438,1.0,3146,arvet
0520,2018,3439,1.0,4454,arvet
0521,2018,3440,1.0,5130,arvet
0522,2018,3441,1.0,6148,arvet
0528,2018,3442,1.0,14888,arvet
0529,2018,3443,1.0,13314,arvet
0532,2018,3236,1.0,6777,arvet
0533,2018,3234,1.0,9065,arvet
0534,2018,3446,1.0,13770,arvet
0536,2018,3447,1.0,5650,arvet
0538,2018,3448,1.0,6750,arvet
0540,2018,3449,1.0,3014,arvet
0541,2018,3450,1.0,1352,arvet
0542,2018,3451,1.0,6443,arvet
0543,2018,3452,1.0,2139,arvet
0544,2018,3453,1.0,3221,arvet
0545,2018,3454,1.0,1601,arvet
0602,2018,3301,1.0,68713,arvet
0604,2018,3303,1.0,27410,arvet
0605,2018,3305,1.0,30283,arvet
0612,2018,3310,1.0,6833,arvet
0615,2018,3320,1.0,1069,arvet
0616,2018,3322,1.0,3341,arvet
0617,2018,3324,1.0,4566,arvet
0618,2018,3326,1.0,2457,arvet
0619,2018,3328,1.0,4626,arvet
0620,2018,3330,1.0,4520,arvet
0621,2018,3332,1.0,3488,arvet
0622,2018,3318,1.0,2277,arvet
0623,2018,3316,1.0,13880,arvet
0624,2018,3314,1.0,18926,arvet
0625,2018,3301,1.0,24917,arvet
0626,2018,3312,1.0,25980,arvet
0627,2018,3203,1.0,22452,arvet
0628,2018,3203,1.0,9450,arvet
0631,2018,3334,1.0,2688,arvet
0632,2018,3336,1.0,1411,arvet
0633,2018,3338,1.0,2482,arvet
0701,2018,3901,1.0,27317,arvet
0704,2018,3905,1.0,45360,arvet
0710,2018,3907,1.0,62615,arvet
0711,2018,3301,1.0,6672,arvet
0712,2018,3909,1.0,46801,arvet
0713,2018,3903,1.0,9726,arvet
0715,2018,3903,1.0,14212,arvet
0716,2018,3905,1.0,9621,arvet
0729,2018,3911,1.0,26734,arvet
0805,2018,4001,1.0,36091,arvet
0806,2018,4003,1.0,54510,arvet
0807,2018,4005,1.0,12664,arvet
0811,2018,4010,1.0,2351,arvet
0814,2018,4012,1.0,14183,arvet
0815,2018,4014,1.0,10506,arvet
0817,2018,4016,1.0,4105,arvet
0819,2018,4018,1.0,6609,arvet
0821,2018,4020,1.0,6460,arvet
0822,2018,4020,1.0,4359,arvet
0826,2018,4026,1.0,5856,arvet
0827,2018,4024,1.0,1587,arvet
0828,2018,4022,1.0,2959,arvet
0829,2018,4028,1.0,2397,arvet
0830,2018,4030,1.0,1489,arvet
0831,2018,4032,1.0,1320,arvet
0833,2018,4034,1.0,2236,arvet
0834,2018,4036,1.0,3709,arvet
0901,2018,4201,1.0,6882,arvet
0904,2018,4202,1.0,23017,arvet
0906,2018,4203,1.0,44645,arvet
0911,2018,4211,1.0,2467,arvet
0912,2018,4212,1.0,2087,arvet
0914,2018,4213,1.0,6086,arvet
0919,2018,4214,1.0,5790,arvet
0926,2018,4215,1.0,10871,arvet
0928,2018,4216,1.0,5187,arvet
0929,2018,4217,1.0,1845,arvet
0935,2018,4218,1.0,1330,arvet
0937,2018,4219,1.0,3625,arvet
0938,2018,4220,1.0,1207,arvet
0940,2018,4221,1.0,1225,arvet
0941,2018,4222,1.0,958,arvet
1001,2018,4204,1.0,91440,arvet
1002,2018,4205,1.0,15659,arvet
1003,2018,4206,1.0,9726,arvet
1004,2018,4207,1.0,9066,arvet
1014,2018,4223,1.0,14532,arvet
1017,2018,4204,1.0,6656,arvet
1018,2018,4204,1.0,11342,arvet
1021,2018,4205,1.0,2308,arvet
1026,2018,4224,1.0,943,arvet
1027,2018,4225,1.0,1786,arvet
1029,2018,4205,1.0,4938,arvet
1032,2018,4225,1.0,8571,arvet
1034,2018,4226,1.0,1699,arvet
1037,2018,4227,1.0,6024,arvet
1046,2018,4228,1.0,1842,arvet
1101,2018,1101,1.0,14898,arvet
1102,2018,1108,1.0,76328,arvet
1103,2018,1103,1.0,133140,arvet
1106,2018,1106,1.0,37167,arvet
1111,2018,1111,1.0,3331,arvet
1112,2018,1112,1.0,3237,arvet
1114,2018,1114,1.0,2826,arvet
1119,2018,1119,1.0,18762,arvet
1120,2018,1120,1.0,19217,arvet
1121,2018,1121,1.0,18699,arvet
1122,2018,1122,1.0,11866,arvet
1124,2018,1124,1.0,26265,arvet
1127,2018,1127,1.0,10972,arvet
1129,2018,1108,1.0,1246,arvet
1130,2018,1130,1.0,12638,arvet
1133,2018,1133,1.0,2723,arvet
1134,2018,1134,1.0,3849,arvet
1135,2018,1135,1.0,4663,arvet
1141,2018,1103,1.0,3197,arvet
1142,2018,1103,1.0,4849,arvet
1144,2018,1144,1.0,542,arvet
1145,2018,1145,1.0,844,arvet
1146,2018,1146,1.0,11023,arvet
1149,2018,1149,1.0,42243,arvet
1151,2018,1151,1.0,208,arvet
1160,2018,1160,1.0,8793,arvet
1201,2018,4601,1.0,279792,arvet
1211,2018,4611,1.0,4083,arvet
1216,2018,4612,1.0,5721,arvet
1219,2018,4613,1.0,11902,arvet
1221,2018,4614,1.0,18780,arvet
1222,2018,4615,1.0,3194,arvet
1223,2018,4616,1.0,2857,arvet
1224,2018,4617,1.0,13180,arvet
1227,2018,4618,1.0,1096,arvet
1228,2018,4618,1.0,6835,arvet
1231,2018,4618,1.0,3363,arvet
1232,2018,4619,1.0,931,arvet
1233,2018,4620,1.0,1117,arvet
1234,2018,4621,1.0,931,arvet
1235,2018,4621,1.0,14577,arvet
1238,2018,4622,1.0,8455,arvet
1241,2018,4624,1.0,3920,arvet
1242,2018,4623,1.0,2463,arvet
1243,2018,4624,1.0,20573,arvet
1244,2018,4625,1.0,5189,arvet
1245,2018,4626,1.0,7085,arvet
1246,2018,4626,1.0,25725,arvet
1247,2018,4627,1.0,29071,arvet
1251,2018,4628,1.0,4127,arvet
1252,2018,4629,1.0,380,arvet
1253,2018,4630,1.0,8125,arvet
1256,2018,4631,1.0,8079,arvet
1259,2018,4626,1.0,4877,arvet
1260,2018,4631,1.0,5129,arvet
1263,2018,4631,1.0,15789,arvet
1264,2018,4632,1.0,2902,arvet
1265,2018,4633,1.0,561,arvet
1266,2018,4634,1.0,1730,arvet
1401,2018,4602,1.0,11988,arvet
1411,2018,4635,1.0,2345,arvet
1412,2018,4636,1.0,807,arvet
1413,2018,4637,1.0,1378,arvet
1416,2018,4638,1.0,4154,arvet
1417,2018,4639,1.0,2674,arvet
1418,2018,4640,1.0,1262,arvet
1419,2018,4640,1.0,2345,arvet
1420,2018,4640,1.0,8059,arvet
1421,2018,4641,1.0,1778,arvet
1422,2018,4642,1.0,2153,arvet
1424,2018,4643,1.0,5277,arvet
1426,2018,4644,1.0,5223,arvet
1428,2018,4645,1.0,3052,arvet
1429,2018,4646,1.0,2846,arvet
1430,2018,4647,1.0,3006,arvet
1431,2018,4647,1.0,3043,arvet
1432,2018,4647,1.0,13089,arvet
1433,2018,4647,1.0,2825,arvet
1438,2018,4648,1.0,3767,arvet
1439,2018,4602,1.0,6001,arvet
1441,2018,4649,1.0,2757,arvet
1443,2018,4649,1.0,6157,arvet
1444,2018,1577,1.0,1175,arvet
1445,2018,4650,1.0,5874,arvet
1449,2018,4651,1.0,7195,arvet
1502,2018,1506,1.0,26900,arvet
1504,2018,1508,1.0,47510,arvet
1505,2018,1505,1.0,24300,arvet
1511,2018,1511,1.0,3187,arvet
1514,2018,1514,1.0,2522,arvet
1515,2018,1515,1.0,8965,arvet
1516,2018,1516,1.0,8555,arvet
1517,2018,1517,1.0,5150,arvet
1519,2018,1577,1.0,9188,arvet
1520,2018,1520,1.0,10812,arvet
1523,2018,1508,1.0,2267,arvet
1524,2018,1578,1.0,1670,arvet
1525,2018,1525,1.0,4587,arvet
1526,2018,1578,1.0,972,arvet
1528,2018,1528,1.0,7695,arvet
1529,2018,1508,1.0,4680,arvet
1531,2018,1531,1.0,9131,arvet
1532,2018,1532,1.0,8292,arvet
1534,2018,1580,1.0,9345,arvet
1535,2018,1535,1.0,6559,arvet
1539,2018,1539,1.0,7507,arvet
1543,2018,1506,1.0,2946,arvet
1545,2018,1506,1.0,2049,arvet
1546,2018,1508,1.0,1263,arvet
1547,2018,1547,1.0,3557,arvet
1548,2018,1579,1.0,9775,arvet
1551,2018,1579,1.0,3440,arvet
1554,2018,1554,1.0,5859,arvet
1557,2018,1557,1.0,2623,arvet
1560,2018,1560,1.0,3078,arvet
1563,2018,1563,1.0,7119,arvet
1566,2018,1566,1.0,5978,arvet
1567,2018,5061,1.0,2039,eksakt
1571,2018,5055,1.0,1571,arvet
1573,2018,1573,1.0,2172,arvet
1576,2018,1576,1.0,3593,arvet
1804,2018,1804,1.0,51558,arvet
1805,2018,1806,1.0,18638,arvet
1811,2018,1811,1.0,1486,arvet
1812,2018,1812,1.0,2020,arvet
1813,2018,1813,1.0,7948,arvet
1815,2018,1815,1.0,1221,arvet
1816,2018,1816,1.0,506,arvet
1818,2018,1818,1.0,1790,arvet
1820,2018,1820,1.0,7450,arvet
1822,2018,1822,1.0,2307,arvet
1824,2018,1824,1.0,13448,arvet
1825,2018,1825,1.0,1463,arvet
1826,2018,1826,1.0,1411,arvet
1827,2018,1827,1.0,1403,arvet
1828,2018,1828,1.0,1805,arvet
1832,2018,1832,1.0,4503,arvet
1833,2018,1833,1.0,26230,arvet
1834,2018,1834,1.0,1920,arvet
1835,2018,1835,1.0,454,arvet
1836,2018,1836,1.0,1249,arvet
1837,2018,1837,1.0,6346,arvet
1838,2018,1838,1.0,1998,arvet
1839,2018,1839,1.0,1029,arvet
1840,2018,1840,1.0,4691,arvet
1841,2018,1841,1.0,9775,arvet
1845,2018,1845,1.0,1979,arvet
1848,2018,1848,1.0,2534,arvet
1849,2018,1875,1.0,1801,arvet
1850,2018,1806,0.422336,1953,"delt, anslått fra befolkningsendring 2019→2020"
1850,2018,1875,0.577664,1953,"delt, anslått fra befolkningsendring 2019→2020"
1851,2018,1851,1.0,2102,arvet
1852,2018,5512,1.0,1259,arvet
1853,2018,1853,1.0,1387,arvet
1854,2018,1806,1.0,2522,arvet
1856,2018,1856,1.0,517,arvet
1857,2018,1857,1.0,746,arvet
1859,2018,1859,1.0,1301,arvet
1860,2018,1860,1.0,11397,arvet
1865,2018,1865,1.0,9611,arvet
1866,2018,1866,1.0,8042,arvet
1867,2018,1867,1.0,2623,arvet
1868,2018,1868,1.0,4541,arvet
1870,2018,1870,1.0,10401,arvet
1871,2018,1871,1.0,4902,arvet
1874,2018,1874,1.0,1068,arvet
1902,2018,5501,1.0,75638,arvet
1903,2018,5503,1.0,24820,arvet
1911,2018,5510,1.0,2928,arvet
1913,2018,5512,1.0,2994,arvet
1917,2018,5514,1.0,1380,arvet
1919,2018,5516,1.0,1117,arvet
1920,2018,5518,1.0,1061,arvet
1922,2018,5520,1.0,3979,arvet
1923,2018,5522,1.0,2226,arvet
1924,2018,5524,1.0,6798,arvet
1925,2018,5526,1.0,3494,arvet
1926,2018,5528,1.0,1165,arvet
1927,2018,5530,1.0,1536,arvet
1928,2018,5530,1.0,943,arvet
1929,2018,5530,1.0,902,arvet
1931,2018,5530,1.0,11644,arvet
1933,2018,5532,1.0,5653,arvet
1936,2018,5534,1.0,2263,arvet
1938,2018,5536,1.0,2877,arvet
1939,2018,5538,1.0,1856,arvet
1940,2018,5540,1.0,2132,arvet
1941,2018,5542,1.0,2925,arvet
1942,2018,5544,1.0,4944,arvet
1943,2018,5546,1.0,1224,arvet
2002,2018,5634,1.0,2110,arvet
2003,2018,5607,1.0,6033,arvet
2004,2018,5603,1.0,10533,arvet
2011,2018,5612,1.0,2946,arvet
2012,2018,5601,1.0,20635,arvet
2014,2018,5614,1.0,941,arvet
2015,2018,5616,1.0,1022,arvet
2017,2018,5603,1.0,1027,arvet
2018,2018,5618,1.0,1231,arvet
2019,2018,5620,1.0,3239,arvet
2020,2018,5622,1.0,3964,arvet
2021,2018,5610,1.0,2701,arvet
2022,2018,5624,1.0,1349,arvet
2023,2018,5626,1.0,1153,arvet
2024,2018,5630,1.0,983,arvet
2025,2018,5628,1.0,2922,arvet
2027,2018,5636,1.0,944,arvet
2028,2018,5632,1.0,2263,arvet
2030,2018,5605,1.0,10171,arvet
5001,2018,5001,1.0,193501,arvet
5004,2018,5006,1.0,22096,arvet
5005,2018,5007,1.0,13078,arvet
5011,2018,5055,1.0,4225,arvet
5012,2018,5055,0.153333,987,"delt, anslått fra befolkningsendring 2019→2020"
5012,2018,5056,0.339048,987,"delt, anslått fra befolkningsendring 2019→2020"
5012,2018,5059,0.507619,987,"delt, anslått fra befolkningsendring 2019→2020"
5013,2018,5056,1.0,4648,arvet
5014,2018,5014,1.0,4962,arvet
5015,2018,5057,1.0,5351,arvet
5016,2018,5059,1.0,1684,arvet
5017,2018,5057,1.0,4864,arvet
5018,2018,5058,1.0,3277,arvet
5019,2018,5058,1.0,953,arvet
5020,2018,5020,1.0,967,arvet
5021,2018,5021,1.0,6970,arvet
5022,2018,5022,1.0,2541,arvet
5023,2018,5059,1.0,3930,arvet
5024,2018,5059,1.0,11933,arvet
5025,2018,5025,1.0,5663,arvet
5026,2018,5026,1.0,2028,arvet
5027,2018,5027,1.0,6225,arvet
5028,2018,5028,1.0,16424,arvet
5029,2018,5029,1.0,8142,arvet
5030,2018,5001,1.0,6094,arvet
5031,2018,5031,1.0,13958,arvet
5032,2018,5032,1.0,4093,arvet
5033,2018,5033,1.0,834,arvet
5034,2018,5034,1.0,2469,arvet
5035,2018,5035,1.0,23964,arvet
5036,2018,5036,1.0,2616,arvet
5037,2018,5037,1.0,20115,arvet
5038,2018,5038,1.0,14943,arvet
5039,2018,5006,1.0,2473,arvet
5040,2018,5007,1.0,1585,arvet
5041,2018,5041,1.0,2094,arvet
5042,2018,5042,1.0,1379,arvet
5043,2018,5043,1.0,474,arvet
5044,2018,5044,1.0,902,arvet
5045,2018,5045,1.0,2400,arvet
5046,2018,5046,1.0,1268,arvet
5047,2018,5047,1.0,3845,arvet
5048,2018,5007,1.0,618,arvet
5049,2018,5049,1.0,1105,arvet
5050,2018,5060,1.0,4492,arvet
5051,2018,5060,1.0,5117,arvet
5052,2018,5052,1.0,582,arvet
5053,2018,5053,1.0,6785,arvet
5054,2018,5054,1.0,10090,arvet
0101,2019,3101,1.0,31177,eksakt
0104,2019,3103,1.0,32726,eksakt-sum
0105,2019,3105,1.0,55997,eksakt
0106,2019,3107,1.0,81772,eksakt
0111,2019,3110,1.0,4599,eksakt
0118,2019,3124,1.0,1357,eksakt
0119,2019,3122,1.0,3592,eksakt
0121,2019,3226,1.0,673,eksakt-sum
0122,2019,3118,1.0,5347,eksakt-sum
0123,2019,3118,1.0,6042,eksakt-sum
0124,2019,3118,1.0,15865,eksakt-sum
0125,2019,3118,1.0,11424,eksakt-sum
0127,2019,3116,1.0,3797,eksakt
0128,2019,3120,1.0,8230,eksakt
0135,2019,3112,1.0,7542,eksakt
0136,2019,3103,1.0,16145,eksakt-sum
0137,2019,3114,1.0,5593,eksakt
0138,2019,3118,1.0,5642,eksakt-sum
0211,2019,3216,1.0,17824,eksakt
0213,2019,3207,1.0,30843,eksakt-sum
0214,2019,3218,1.0,20335,eksakt
0215,2019,3214,1.0,15761,eksakt
0216,2019,3212,1.0,19488,eksakt
0217,2019,3207,1.0,27394,eksakt-sum
0219,2019,3201,1.0,126841,eksakt
0220,2019,3203,1.0,61523,eksakt-sum (valgt blant 2)
0221,2019,3226,1.0,16500,eksakt-sum
0226,2019,3205,1.0,18263,eksakt-sum (valgt blant 2)
0227,2019,3205,1.0,11842,eksakt-sum (valgt blant 2)
0228,2019,3224,1.0,18161,eksakt
0229,2019,3220,1.0,11026,eksakt
0230,2019,3222,1.0,40106,eksakt
0231,2019,3205,1.0,55652,eksakt-sum (valgt blant 2)
0233,2019,3232,1.0,24089,eksakt
0234,2019,3230,1.0,6823,eksakt
0235,2019,3209,1.0,38234,eksakt
0236,2019,3228,1.0,21885,eksakt
0237,2019,3240,1.0,24919,eksakt
0238,2019,3238,1.0,13682,eksakt
0239,2019,3242,1.0,2864,eksakt
0301,2019,0301,1.0,681071,arvet
0402,2019,3401,1.0,17823,eksakt
0403,2019,3403,1.0,31144,eksakt
0412,2019,3411,1.0,34488,eksakt
0415,2019,3412,1.0,7663,eksakt
0417,2019,3413,1.0,20916,eksakt
0418,2019,3414,1.0,5024,eksakt
0419,2019,3415,1.0,7879,eksakt
0420,2019,3416,1.0,6114,eksakt
0423,2019,3417,1.0,4646,eksakt
0425,2019,3418,1.0,7214,eksakt
0426,2019,3419,1.0,3705,eksakt-sum
0427,2019,3420,1.0,21191,eksakt
0428,2019,3421,1.0,6607,eksakt
0429,2019,3422,1.0,4407,eksakt
0430,2019,3423,1.0,2459,eksakt
0432,2019,3424,1.0,1791,eksakt
0434,2019,3425,1.0,1286,eksakt-sum
0436,2019,3426,1.0,1551,eksakt
0437,2019,3427,1.0,5591,eksakt
0438,2019,3428,1.0,2418,eksakt
0439,2019,3429,1.0,1577,eksakt
0441,2019,3430,1.0,1912,eksakt
0501,2019,3405,1.0,28023,eksakt
0502,2019,3407,1.0,30676,eksakt
0511,2019,3431,1.0,2615,eksakt
0512,2019,3432,1.0,2009,eksakt
0513,2019,3433,1.0,2204,eksakt
0514,2019,3434,1.0,2293,eksakt
0515,2019,3435,1.0,3589,eksakt
0516,2019,3436,1.0,5742,eksakt
0517,2019,3437,1.0,5789,eksakt
0519,2019,3438,1.0,3127,eksakt
0520,2019,3439,1.0,4425,eksakt
0521,2019,3440,1.0,5119,eksakt
0522,2019,3441,1.0,6112,eksakt
0528,2019,3442,1.0,14948,eksakt
0529,2019,3443,1.0,13384,eksakt
0532,2019,3236,1.0,6846,eksakt
0533,2019,3234,1.0,9051,eksakt
0534,2019,3446,1.0,13642,eksakt
0536,2019,3447,1.0,5623,eksakt
0538,2019,3448,1.0,6671,eksakt
0540,2019,3449,1.0,2981,eksakt
0541,2019,3450,1.0,1305,eksakt
0542,2019,3451,1.0,6418,eksakt
0543,2019,3452,1.0,2135,eksakt
0544,2019,3453,1.0,3208,eksakt
0545,2019,3454,1.0,1610,eksakt
0602,2019,3301,1.0,68933,eksakt-sum
0604,2019,3303,1.0,27481,eksakt
0605,2019,3305,1.0,30442,eksakt
0612,2019,3310,1.0,6845,eksakt
0615,2019,3320,1.0,1052,eksakt
0616,2019,3322,1.0,3315,eksakt
0617,2019,3324,1.0,4576,eksakt
0618,2019,3326,1.0,2481,eksakt
0619,2019,3328,1.0,4671,eksakt
0620,2019,3330,1.0,4473,eksakt
0621,2019,3332,1.0,3490,eksakt
0622,2019,3318,1.0,2239,eksakt
0623,2019,3316,1.0,13980,eksakt
0624,2019,3314,1.0,19117,eksakt
0625,2019,3301,1.0,24963,eksakt-sum
0626,2019,3312,1.0,26373,eksakt
0627,2019,3203,1.0,22635,eksakt-sum (valgt blant 2)
0628,2019,3203,1.0,9521,eksakt-sum (valgt blant 2)
0631,2019,3334,1.0,2694,eksakt
0632,2019,3336,1.0,1419,eksakt
0633,2019,3338,1.0,2448,eksakt
0701,2019,3901,1.0,27334,eksakt
0704,2019,3905,1.0,45976,eksakt-sum
0710,2019,3907,1.0,63271,eksakt
0711,2019,3301,1.0,6685,eksakt-sum
0712,2019,3909,1.0,47107,eksakt
0713,2019,3903,1.0,9904,eksakt-sum
0715,2019,3903,1.0,14371,eksakt-sum
0716,2019,3905,1.0,9730,eksakt-sum
0729,2019,3911,1.0,26700,eksakt
0805,2019,4001,1.0,36224,eksakt
0806,2019,4003,1.0,54645,eksakt
0807,2019,4005,1.0,12682,eksakt
0811,2019,4010,1.0,2329,eksakt
0814,2019,4012,1.0,14089,eksakt
0815,2019,4014,1.0,10406,eksakt
0817,2019,4016,1.0,4080,eksakt
0819,2019,4018,1.0,6538,eksakt
0821,2019,4020,1.0,6630,eksakt-sum
0822,2019,4020,1.0,4293,eksakt-sum
0826,2019,4026,1.0,5780,eksakt
0827,2019,4024,1.0,1572,eksakt
0828,2019,4022,1.0,2934,eksakt
0829,2019,4028,1.0,2403,eksakt
0830,2019,4030,1.0,1476,eksakt
0831,2019,4032,1.0,1286,eksakt-sum
0833,2019,4034,1.0,2228,eksakt
0834,2019,4036,1.0,3723,eksakt
0901,2019,4201,1.0,6848,eksakt
0904,2019,4202,1.0,23246,eksakt
0906,2019,4203,1.0,44785,eksakt
0911,2019,4211,1.0,2454,eksakt
0912,2019,4212,1.0,2093,eksakt
0914,2019,4213,1.0,6069,eksakt
0919,2019,4214,1.0,5845,eksakt
0926,2019,4215,1.0,10990,eksakt
0928,2019,4216,1.0,5212,eksakt-sum
0929,2019,4217,1.0,1848,eksakt
0935,2019,4218,1.0,1326,eksakt
0937,2019,4219,1.0,3638,eksakt
0938,2019,4220,1.0,1192,eksakt
0940,2019,4221,1.0,1156,eksakt
0941,2019,4222,1.0,953,eksakt
1001,2019,4204,1.0,92282,eksakt-sum
1002,2019,4205,1.0,15659,eksakt-sum
1003,2019,4206,1.0,9695,eksakt
1004,2019,4207,1.0,9066,eksakt
1014,2019,4223,1.0,14630,eksakt
1017,2019,4204,1.0,6706,eksakt-sum
1018,2019,4204,1.0,11403,eksakt-sum
1021,2019,4205,1.0,2297,eksakt-sum
1026,2019,4224,1.0,939,eksakt
1027,2019,4225,1.0,1780,eksakt-sum
1029,2019,4205,1.0,4953,eksakt-sum
1032,2019,4225,1.0,8609,eksakt-sum
1034,2019,4226,1.0,1683,eksakt
1037,2019,4227,1.0,6048,eksakt
1046,2019,4228,1.0,1839,eksakt
1101,2019,1101,1.0,14830,arvet
1102,2019,1108,1.0,77246,eksakt-sum
1103,2019,1103,1.0,134037,arvet
1106,2019,1106,1.0,37250,arvet
1111,2019,1111,1.0,3305,arvet
1112,2019,1112,1.0,3213,arvet
1114,2019,1114,1.0,2807,arvet
1119,2019,1119,1.0,18814,arvet
1120,2019,1120,1.0,19354,arvet
1121,2019,1121,1.0,18795,arvet
1122,2019,1122,1.0,11899,arvet
1124,2019,1124,1.0,26582,arvet
1127,2019,1127,1.0,11053,arvet
1129,2019,1108,1.0,1193,eksakt-sum
1130,2019,1130,1.0,12720,arvet
1133,2019,1133,1.0,2684,arvet
1134,2019,1134,1.0,3794,arvet
1135,2019,1135,1.0,4597,arvet
1141,2019,1103,1.0,3150,eksakt-sum
1142,2019,1103,1.0,4847,eksakt-sum
1144,2019,1144,1.0,516,arvet
1145,2019,1145,1.0,840,arvet
1146,2019,1146,1.0,11028,arvet
1149,2019,1149,1.0,42161,arvet
1151,2019,1151,1.0,196,arvet
1160,2019,1160,1.0,8743,arvet
1201,2019,4601,1.0,281190,eksakt
1211,2019,4611,1.0,4077,eksakt
1216,2019,4612,1.0,5721,eksakt
1219,2019,4613,1.0,11960,eksakt
1221,2019,4614,1.0,18699,eksakt
1222,2019,4615,1.0,3201,eksakt
1223,2019,4616,1.0,2846,eksakt
1224,2019,4617,1.0,13137,eksakt
1227,2019,4618,1.0,1087,eksakt-sum (valgt blant 4)
1228,2019,4618,1.0,6745,eksakt-sum (valgt blant 4)
1231,2019,4618,1.0,3320,eksakt-sum (valgt blant 4)
1232,2019,4619,1.0,906,eksakt
1233,2019,4620,1.0,1093,eksakt
1234,2019,4621,1.0,937,eksakt-sum (valgt blant 3)
1235,2019,4621,1.0,14606,eksakt-sum (valgt blant 3)
1238,2019,4622,1.0,8441,eksakt
1241,2019,4624,1.0,3861,eksakt-sum (valgt blant 19)
1242,2019,4623,1.0,2465,eksakt
1243,2019,4624,1.0,20804,eksakt-sum (valgt blant 19)
1244,2019,4625,1.0,5212,eksakt-sum
1245,2019,4626,1.0,7062,eksakt-sum (valgt blant 15)
1246,2019,4626,1.0,26166,eksakt-sum (valgt blant 15)
1247,2019,4627,1.0,29275,eksakt
1251,2019,4628,1.0,4045,eksakt
1252,2019,4629,1.0,380,eksakt
1253,2019,4630,1.0,8120,eksakt
1256,2019,4631,1.0,8187,eksakt-sum (valgt blant 17)
1259,2019,4626,1.0,4889,eksakt-sum (valgt blant 15)
1260,2019,4631,1.0,5091,eksakt-sum (valgt blant 17)
1263,2019,4631,1.0,15812,eksakt-sum (valgt blant 17)
1264,2019,4632,1.0,2887,eksakt
1265,2019,4633,1.0,562,eksakt
1266,2019,4634,1.0,1711,eksakt
1401,2019,4602,1.0,11852,eksakt-sum (valgt blant 5)
1411,2019,4635,1.0,2322,eksakt
1412,2019,4636,1.0,820,eksakt
1413,2019,4637,1.0,1366,eksakt
1416,2019,4638,1.0,4091,eksakt
1417,2019,4639,1.0,2672,eksakt
1418,2019,4640,1.0,1279,eksakt-sum
1419,2019,4640,1.0,2331,eksakt-sum
1420,2019,4640,1.0,8191,eksakt-sum
1421,2019,4641,1.0,1764,eksakt
1422,2019,4642,1.0,2151,eksakt
1424,2019,4643,1.0,5245,eksakt
1426,2019,4644,1.0,5195,eksakt
1428,2019,4645,1.0,3038,eksakt
1429,2019,4646,1.0,2770,eksakt
1430,2019,4647,1.0,3027,eksakt-sum (valgt blant 16)
1431,2019,4647,1.0,3047,eksakt-sum (valgt blant 16)
1432,2019,4647,1.0,13092,eksakt-sum (valgt blant 16)
1433,2019,4647,1.0,2793,eksakt-sum (valgt blant 16)
1438,2019,4648,1.0,3705,eksakt-sum
1439,2019,4602,1.0,5970,eksakt-sum (valgt blant 5)
1441,2019,4649,1.0,2747,eksakt-sum
1443,2019,4649,1.0,6151,eksakt-sum
1444,2019,1577,1.0,1152,eksakt-sum
1445,2019,4650,1.0,5836,eksakt
1449,2019,4651,1.0,7167,eksakt
1502,2019,1506,1.0,27001,eksakt-sum
1504,2019,1508,1.0,47998,eksakt-sum
1505,2019,1505,1.0,24274,arvet
1511,2019,1511,1.0,3163,arvet
1514,2019,1514,1.0,2493,arvet
1515,2019,1515,1.0,8927,arvet
1516,2019,1516,1.0,8609,arvet
1517,2019,1517,1.0,5155,arvet
1519,2019,1577,1.0,9197,eksakt-sum
1520,2019,1520,1.0,10857,arvet
1523,2019,1508,1.0,2250,eksakt-sum
1524,2019,1578,1.0,1645,eksakt-sum
1525,2019,1525,1.0,4565,arvet
1526,2019,1578,1.0,947,eksakt-sum
1528,2019,1528,1.0,7657,arvet
1529,2019,1508,1.0,4764,eksakt-sum
1531,2019,1531,1.0,9271,arvet
1532,2019,1532,1.0,8398,arvet
1534,2019,1580,1.0,9383,eksakt
1535,2019,1535,1.0,6536,arvet
1539,2019,1539,1.0,7487,arvet
1543,2019,1506,1.0,2956,eksakt-sum
1545,2019,1506,1.0,2019,eksakt-sum
1546,2019,1508,1.0,1238,eksakt-sum
1547,2019,1547,1.0,3539,arvet
1548,2019,1579,1.0,9800,eksakt-sum
1551,2019,1579,1.0,3433,eksakt-sum
1554,2019,1554,1.0,5849,arvet
1557,2019,1557,1.0,2641,arvet
1560,2019,1560,1.0,3045,arvet
1563,2019,1563,1.0,7106,arvet
1566,2019,1566,1.0,5928,arvet
1571,2019,5055,1.0,1574,kjent 2020 (SSB mangler tidsserie)
1573,2019,1573,1.0,2134,arvet
1576,2019,1576,1.0,3553,arvet
1804,2019,1804,1.0,52024,arvet
1805,2019,1806,1.0,18630,kjent 2020 (SSB mangler tidsserie)
1811,2019,1811,1.0,1450,arvet
1812,2019,1812,1.0,2014,arvet
1813,2019,1813,1.0,7916,arvet
1815,2019,1815,1.0,1232,arvet
1816,2019,1816,1.0,497,arvet
1818,2019,1818,1.0,1780,arvet
1820,2019,1820,1.0,7415,arvet
1822,2019,1822,1.0,2320,arvet
1824,2019,1824,1.0,13403,arvet
1825,2019,1825,1.0,1493,arvet
1826,2019,1826,1.0,1359,arvet
1827,2019,1827,1.0,1391,arvet
1828,2019,1828,1.0,1792,arvet
1832,2019,1832,1.0,4501,arvet
1833,2019,1833,1.0,26315,arvet
1834,2019,1834,1.0,1904,arvet
1835,2019,1835,1.0,456,arvet
1836,2019,1836,1.0,1238,arvet
1837,2019,1837,1.0,6331,arvet
1838,2019,1838,1.0,1978,arvet
1839,2019,1839,1.0,1022,arvet
1840,2019,1840,1.0,4657,arvet
1841,2019,1841,1.0,9760,arvet
1845,2019,1845,1.0,1975,arvet
1848,2019,1848,1.0,2576,arvet
1849,2019,1875,1.0,1747,kjent 2020 (SSB mangler tidsserie)
1850,2019,1806,0.422336,1925,"delt, anslått fra befolkningsendring 2019→2020"
1850,2019,1875,0.577664,1925,"delt, anslått fra befolkningsendring 2019→2020"
1851,2019,1851,1.0,2077,arvet
1852,2019,5512,1.0,1259,eksakt-sum
1853,2019,1853,1.0,1387,arvet
1854,2019,1806,1.0,2470,kjent 2020 (SSB mangler tidsserie)
1856,2019,1856,1.0,508,arvet
1857,2019,1857,1.0,732,arvet
1859,2019,1859,1.0,1292,arvet
1860,2019,1860,1.0,11480,arvet
1865,2019,1865,1.0,9595,arvet
1866,2019,1866,1.0,8091,arvet
1867,2019,1867,1.0,2616,arvet
1868,2019,1868,1.0,4449,arvet
1870,2019,1870,1.0,10518,arvet
1871,2019,1871,1.0,4771,arvet
1874,2019,1874,1.0,1039,arvet
1902,2019,5501,1.0,76649,eksakt
1903,2019,5503,1.0,24827,eksakt
1911,2019,5510,1.0,2858,eksakt
1913,2019,5512,1.0,3009,eksakt-sum
1917,2019,5514,1.0,1375,eksakt
1919,2019,5516,1.0,1105,eksakt
1920,2019,5518,1.0,1042,eksakt
1922,2019,5520,1.0,4030,eksakt
1923,2019,5522,1.0,2183,eksakt
1924,2019,5524,1.0,6805,eksakt
1925,2019,5526,1.0,3489,eksakt
1926,2019,5528,1.0,1129,eksakt
1927,2019,5530,1.0,1513,eksakt-sum
1928,2019,5530,1.0,931,eksakt-sum
1929,2019,5530,1.0,888,eksakt-sum
1931,2019,5530,1.0,11679,eksakt-sum
1933,2019,5532,1.0,5625,eksakt
1936,2019,5534,1.0,2252,eksakt
1938,2019,5536,1.0,2847,eksakt
1939,2019,5538,1.0,1841,eksakt
1940,2019,5540,1.0,2097,eksakt
1941,2019,5542,1.0,2917,eksakt
1942,2019,5544,1.0,4909,eksakt
1943,2019,5546,1.0,1202,eksakt
2002,2019,5634,1.0,2081,eksakt
2003,2019,5607,1.0,5894,eksakt
2004,2019,5603,1.0,10536,eksakt-sum
2011,2019,5612,1.0,2924,eksakt
2012,2019,5601,1.0,20665,eksakt
2014,2019,5614,1.0,917,eksakt
2015,2019,5616,1.0,1045,eksakt
2017,2019,5603,1.0,988,eksakt-sum
2018,2019,5618,1.0,1235,eksakt
2019,2019,5620,1.0,3218,eksakt
2020,2019,5622,1.0,3944,eksakt
2021,2019,5610,1.0,2673,eksakt
2022,2019,5624,1.0,1328,eksakt
2023,2019,5626,1.0,1169,eksakt
2024,2019,5630,1.0,981,eksakt
2025,2019,5628,1.0,2900,eksakt
2027,2019,5636,1.0,941,eksakt
2028,2019,5632,1.0,2270,eksakt
2030,2019,5605,1.0,10156,eksakt
5001,2019,5001,1.0,196159,arvet
5004,2019,5006,1.0,22090,eksakt-sum (valgt blant 2)
5005,2019,5007,1.0,13113,eksakt-sum (valgt blant 2)
5011,2019,5055,1.0,4228,kjent 2020 (SSB mangler tidsserie)
5012,2019,5055,0.153333,999,"delt, anslått fra befolkningsendring 2019→2020"
5012,2019,5056,0.339048,999,"delt, anslått fra befolkningsendring 2019→2020"
5012,2019,5059,0.507619,999,"delt, anslått fra befolkningsendring 2019→2020"
5013,2019,5056,1.0,4694,kjent 2020 (SSB mangler tidsserie)
5014,2019,5014,1.0,5068,arvet
5015,2019,5057,1.0,5334,eksakt-sum (valgt blant 2)
5016,2019,5059,1.0,1693,kjent 2020 (SSB mangler tidsserie)
5017,2019,5057,1.0,4904,eksakt-sum (valgt blant 2)
5018,2019,5058,1.0,3340,eksakt-sum
5019,2019,5058,1.0,957,eksakt-sum
5020,2019,5020,1.0,947,arvet
5021,2019,5021,1.0,6975,arvet
5022,2019,5022,1.0,2501,arvet
5023,2019,5059,1.0,3905,kjent 2020 (SSB mangler tidsserie)
5024,2019,5059,1.0,12086,kjent 2020 (SSB mangler tidsserie)
5025,2019,5025,1.0,5610,arvet
5026,2019,5026,1.0,2025,arvet
5027,2019,5027,1.0,6246,arvet
5028,2019,5028,1.0,16562,arvet
5029,2019,5029,1.0,8231,arvet
5030,2019,5001,1.0,6076,eksakt
5031,2019,5031,1.0,14040,arvet
5032,2019,5032,1.0,4088,arvet
5033,2019,5033,1.0,794,arvet
5034,2019,5034,1.0,2432,arvet
5035,2019,5035,1.0,24028,arvet
5036,2019,5036,1.0,2632,arvet
5037,2019,5037,1.0,20254,arvet
5038,2019,5038,1.0,14933,arvet
5039,2019,5006,1.0,2449,eksakt-sum (valgt blant 2)
5040,2019,5007,1.0,1576,eksakt-sum (valgt blant 2)
5041,2019,5041,1.0,2100,arvet
5042,2019,5042,1.0,1386,arvet
5043,2019,5043,1.0,482,arvet
5044,2019,5044,1.0,871,arvet
5045,2019,5045,1.0,2374,arvet
5046,2019,5046,1.0,1254,arvet
5047,2019,5047,1.0,3879,arvet
5048,2019,5007,1.0,605,eksakt-sum (valgt blant 2)
5049,2019,5049,1.0,1103,arvet
5050,2019,5060,1.0,4578,eksakt-sum
5051,2019,5060,1.0,5072,eksakt-sum
5052,2019,5052,1.0,567,arvet
5053,2019,5053,1.0,6804,arvet
5054,2019,5054,1.0,9988,arvet
5061,2019,5061,1.0,2028,arvet
0301,2020,0301,1.0,693494,arvet
1101,2020,1101,1.0,14811,arvet
1103,2020,1103,1.0,143574,arvet
1106,2020,1106,1.0,37357,arvet
1108,2020,1108,1.0,79537,arvet
1111,2020,1111,1.0,3280,arvet
1112,2020,1112,1.0,3202,arvet
1114,2020,1114,1.0,2787,arvet
1119,2020,1119,1.0,18991,arvet
1120,2020,1120,1.0,19588,arvet
1121,2020,1121,1.0,18916,arvet
1122,2020,1122,1.0,12002,arvet
1124,2020,1124,1.0,27153,arvet
1127,2020,1127,1.0,11221,arvet
1130,2020,1130,1.0,12968,arvet
1133,2020,1133,1.0,2574,arvet
1134,2020,1134,1.0,3804,arvet
1135,2020,1135,1.0,4595,arvet
1144,2020,1144,1.0,517,arvet
1145,2020,1145,1.0,852,arvet
1146,2020,1146,1.0,11065,arvet
1149,2020,1149,1.0,42186,arvet
1151,2020,1151,1.0,198,arvet
1160,2020,1160,1.0,8714,arvet
1505,2020,1505,1.0,24179,arvet
1506,2020,1506,1.0,31967,arvet
1507,2020,1508,0.862125,66258,"delt, etter folketall 1.1.2024 (Ålesund/Haram)"
1507,2020,1580,0.137875,66258,"delt, etter folketall 1.1.2024 (Ålesund/Haram)"
1511,2020,1511,1.0,3117,arvet
1514,2020,1514,1.0,2461,arvet
1515,2020,1515,1.0,8900,arvet
1516,2020,1516,1.0,8571,arvet
1517,2020,1517,1.0,5175,arvet
1520,2020,1520,1.0,10825,arvet
1525,2020,1525,1.0,4523,arvet
1528,2020,1528,1.0,7625,arvet
1531,2020,1531,1.0,9310,arvet
1532,2020,1532,1.0,8462,arvet
1535,2020,1535,1.0,6532,arvet
1539,2020,1539,1.0,7468,arvet
1547,2020,1547,1.0,3509,arvet
1554,2020,1554,1.0,5788,arvet
1557,2020,1557,1.0,2629,arvet
1560,2020,1560,1.0,3025,arvet
1563,2020,1563,1.0,7036,arvet
1566,2020,1566,1.0,5920,arvet
1573,2020,1573,1.0,2150,arvet
1576,2020,1576,1.0,3507,arvet
1577,2020,1577,1.0,10473,arvet
1578,2020,1578,1.0,2549,arvet
1579,2020,1579,1.0,13279,arvet
1804,2020,1804,1.0,52357,arvet
1806,2020,1806,1.0,21845,arvet
1811,2020,1811,1.0,1426,arvet
1812,2020,1812,1.0,1975,arvet
1813,2020,1813,1.0,7917,arvet
1815,2020,1815,1.0,1200,arvet
1816,2020,1816,1.0,462,arvet
1818,2020,1818,1.0,1777,arvet
1820,2020,1820,1.0,7447,arvet
1822,2020,1822,1.0,2294,arvet
1824,2020,1824,1.0,13278,arvet
1825,2020,1825,1.0,1482,arvet
1826,2020,1826,1.0,1297,arvet
1827,2020,1827,1.0,1371,arvet
1828,2020,1828,1.0,1761,arvet
1832,2020,1832,1.0,4454,arvet
1833,2020,1833,1.0,26184,arvet
1834,2020,1834,1.0,1890,arvet
1835,2020,1835,1.0,435,arvet
1836,2020,1836,1.0,1213,arvet
1837,2020,1837,1.0,6288,arvet
1838,2020,1838,1.0,1950,arvet
1839,2020,1839,1.0,1017,arvet
1840,2020,1840,1.0,4671,arvet
1841,2020,1841,1.0,9739,arvet
1845,2020,1845,1.0,1926,arvet
1848,2020,1848,1.0,2608,arvet
1851,2020,1851,1.0,2034,arvet
1853,2020,1853,1.0,1348,arvet
1856,2020,1856,1.0,498,arvet
1857,2020,1857,1.0,728,arvet
1859,2020,1859,1.0,1272,arvet
1860,2020,1860,1.0,11433,arvet
1865,2020,1865,1.0,9608,arvet
1866,2020,1866,1.0,8061,arvet
1867,2020,1867,1.0,2569,arvet
1868,2020,1868,1.0,4410,arvet
1870,2020,1870,1.0,10566,arvet
1871,2020,1871,1.0,4663,arvet
1874,2020,1874,1.0,1015,arvet
1875,2020,1875,1.0,2766,arvet
3001,2020,3101,1.0,31373,arvet
3002,2020,3103,1.0,49273,arvet
3003,2020,3105,1.0,56732,arvet
3004,2020,3107,1.0,82385,arvet
3005,2020,3301,1.0,101386,arvet
3006,2020,3303,1.0,27723,arvet
3007,2020,3305,1.0,30641,arvet
3011,2020,3110,1.0,4668,arvet
3012,2020,3124,1.0,1325,arvet
3013,2020,3122,1.0,3595,arvet
3014,2020,3118,1.0,44792,arvet
3015,2020,3116,1.0,3805,arvet
3016,2020,3120,1.0,8255,arvet
3017,2020,3112,1.0,7508,arvet
3018,2020,3114,1.0,5736,arvet
3019,2020,3216,1.0,18042,arvet
3020,2020,3207,1.0,59288,arvet
3021,2020,3218,1.0,20439,arvet
3022,2020,3214,1.0,15877,arvet
3023,2020,3212,1.0,19616,arvet
3024,2020,3201,1.0,127731,arvet
3025,2020,3203,1.0,94441,arvet
3026,2020,3226,1.0,17390,arvet
3027,2020,3224,1.0,18530,arvet
3028,2020,3220,1.0,11110,arvet
3029,2020,3222,1.0,41460,arvet
3030,2020,3205,1.0,85983,arvet
3031,2020,3232,1.0,24249,arvet
3032,2020,3230,1.0,6890,arvet
3033,2020,3209,1.0,39625,arvet
3034,2020,3228,1.0,23092,arvet
3035,2020,3240,1.0,25436,arvet
3036,2020,3238,1.0,14139,arvet
3037,2020,3242,1.0,2854,arvet
3038,2020,3310,1.0,6799,arvet
3039,2020,3320,1.0,1050,arvet
3040,2020,3322,1.0,3273,arvet
3041,2020,3324,1.0,4608,arvet
3042,2020,3326,1.0,2486,arvet
3043,2020,3328,1.0,4674,arvet
3044,2020,3330,1.0,4441,arvet
3045,2020,3332,1.0,3467,arvet
3046,2020,3318,1.0,2212,arvet
3047,2020,3316,1.0,14115,arvet
3048,2020,3314,1.0,19423,arvet
3049,2020,3312,1.0,26811,arvet
3050,2020,3334,1.0,2688,arvet
3051,2020,3336,1.0,1390,arvet
3052,2020,3338,1.0,2439,arvet
3053,2020,3236,1.0,6852,arvet
3054,2020,3234,1.0,9048,arvet
3401,2020,3401,1.0,17829,arvet
3403,2020,3403,1.0,31369,arvet
3405,2020,3405,1.0,28345,arvet
3407,2020,3407,1.0,30560,arvet
3411,2020,3411,1.0,34768,arvet
3412,2020,3412,1.0,7674,arvet
3413,2020,3413,1.0,21064,arvet
3414,2020,3414,1.0,5016,arvet
3415,2020,3415,1.0,7905,arvet
3416,2020,3416,1.0,6106,arvet
3417,2020,3417,1.0,4612,arvet
3418,2020,3418,1.0,7203,arvet
3419,2020,3419,1.0,3662,arvet
3420,2020,3420,1.0,21254,arvet
3421,2020,3421,1.0,6627,arvet
3422,2020,3422,1.0,4356,arvet
3423,2020,3423,1.0,2419,arvet
3424,2020,3424,1.0,1780,arvet
3425,2020,3425,1.0,1268,arvet
3426,2020,3426,1.0,1562,arvet
3427,2020,3427,1.0,5578,arvet
3428,2020,3428,1.0,2432,arvet
3429,2020,3429,1.0,1545,arvet
3430,2020,3430,1.0,1891,arvet
3431,2020,3431,1.0,2553,arvet
3432,2020,3432,1.0,1975,arvet
3433,2020,3433,1.0,2197,arvet
3434,2020,3434,1.0,2228,arvet
3435,2020,3435,1.0,3570,arvet
3436,2020,3436,1.0,5723,arvet
3437,2020,3437,1.0,5739,arvet
3438,2020,3438,1.0,3119,arvet
3439,2020,3439,1.0,4392,arvet
3440,2020,3440,1.0,5100,arvet
3441,2020,3441,1.0,6106,arvet
3442,2020,3442,1.0,14973,arvet
3443,2020,3443,1.0,13427,arvet
3446,2020,3446,1.0,13630,arvet
3447,2020,3447,1.0,5617,arvet
3448,2020,3448,1.0,6633,arvet
3449,2020,3449,1.0,2954,arvet
3450,2020,3450,1.0,1279,arvet
3451,2020,3451,1.0,6413,arvet
3452,2020,3452,1.0,2125,arvet
3453,2020,3453,1.0,3229,arvet
3454,2020,3454,1.0,1578,arvet
3801,2020,3901,1.0,27351,arvet
3802,2020,3903,1.0,24699,arvet
3803,2020,3905,1.0,56293,arvet
3804,2020,3907,1.0,63764,arvet
3805,2020,3909,1.0,47204,arvet
3806,2020,4001,1.0,36397,arvet
3807,2020,4003,1.0,54942,arvet
3808,2020,4005,1.0,13049,arvet
3811,2020,3911,1.0,26730,arvet
3812,2020,4010,1.0,2340,arvet
3813,2020,4012,1.0,14061,arvet
3814,2020,4014,1.0,10380,arvet
3815,2020,4016,1.0,4060,arvet
3816,2020,4018,1.0,6515,arvet
3817,2020,4020,1.0,10444,arvet
3818,2020,4026,1.0,5691,arvet
3819,2020,4024,1.0,1573,arvet
3820,2020,4022,1.0,2888,arvet
3821,2020,4028,1.0,2403,arvet
3822,2020,4030,1.0,1448,arvet
3823,2020,4032,1.0,1287,arvet
3824,2020,4034,1.0,2201,arvet
3825,2020,4036,1.0,3676,arvet
4201,2020,4201,1.0,6809,arvet
4202,2020,4202,1.0,23544,arvet
4203,2020,4203,1.0,44999,arvet
4204,2020,4204,1.0,111633,arvet
4205,2020,4205,1.0,23046,arvet
4206,2020,4206,1.0,9691,arvet
4207,2020,4207,1.0,9028,arvet
4211,2020,4211,1.0,2428,arvet
4212,2020,4212,1.0,2097,arvet
4213,2020,4213,1.0,6053,arvet
4214,2020,4214,1.0,5951,arvet
4215,2020,4215,1.0,11074,arvet
4216,2020,4216,1.0,5226,arvet
4217,2020,4217,1.0,1836,arvet
4218,2020,4218,1.0,1331,arvet
4219,2020,4219,1.0,3634,arvet
4220,2020,4220,1.0,1162,arvet
4221,2020,4221,1.0,1164,arvet
4222,2020,4222,1.0,965,arvet
4223,2020,4223,1.0,14774,arvet
4224,2020,4224,1.0,932,arvet
4225,2020,4225,1.0,10365,arvet
4226,2020,4226,1.0,1680,arvet
4227,2020,4227,1.0,5987,arvet
4228,2020,4228,1.0,1822,arvet
4601,2020,4601,1.0,283929,arvet
4602,2020,4602,1.0,17207,arvet
4611,2020,4611,1.0,4062,arvet
4612,2020,4612,1.0,5766,arvet
4613,2020,4613,1.0,11957,arvet
4614,2020,4614,1.0,18759,arvet
4615,2020,4615,1.0,3189,arvet
4616,2020,4616,1.0,2869,arvet
4617,2020,4617,1.0,13071,arvet
4618,2020,4618,1.0,11048,arvet
4619,2020,4619,1.0,906,arvet
4620,2020,4620,1.0,1080,arvet
4621,2020,4621,1.0,15740,arvet
4622,2020,4622,1.0,8457,arvet
4623,2020,4623,1.0,2485,arvet
4624,2020,4624,1.0,24908,arvet
4625,2020,4625,1.0,5236,arvet
4626,2020,4626,1.0,38316,arvet
4627,2020,4627,1.0,29553,arvet
4628,2020,4628,1.0,3977,arvet
4629,2020,4629,1.0,388,arvet
4630,2020,4630,1.0,8098,arvet
4631,2020,4631,1.0,29224,arvet
4632,2020,4632,1.0,2870,arvet
4633,2020,4633,1.0,548,arvet
4634,2020,4634,1.0,1691,arvet
4635,2020,4635,1.0,2297,arvet
4636,2020,4636,1.0,802,arvet
4637,2020,4637,1.0,1328,arvet
4638,2020,4638,1.0,4101,arvet
4639,2020,4639,1.0,2635,arvet
4640,2020,4640,1.0,11847,arvet
4641,2020,4641,1.0,1781,arvet
4642,2020,4642,1.0,2126,arvet
4643,2020,4643,1.0,5193,arvet
4644,2020,4644,1.0,5174,arvet
4645,2020,4645,1.0,3011,arvet
4646,2020,4646,1.0,2802,arvet
4647,2020,4647,1.0,22030,arvet
4648,2020,4648,1.0,3629,arvet
4649,2020,4649,1.0,9457,arvet
4650,2020,4650,1.0,5854,arvet
4651,2020,4651,1.0,7130,arvet
5001,2020,5001,1.0,205163,arvet
5006,2020,5006,1.0,24357,arvet
5007,2020,5007,1.0,15230,arvet
5014,2020,5014,1.0,5151,arvet
5020,2020,5020,1.0,948,arvet
5021,2020,5021,1.0,7001,arvet
5022,2020,5022,1.0,2486,arvet
5025,2020,5025,1.0,5581,arvet
5026,2020,5026,1.0,1981,arvet
5027,2020,5027,1.0,6238,arvet
5028,2020,5028,1.0,16733,arvet
5029,2020,5029,1.0,8325,arvet
5031,2020,5031,1.0,14148,arvet
5032,2020,5032,1.0,4062,arvet
5033,2020,5033,1.0,769,arvet
5034,2020,5034,1.0,2422,arvet
5035,2020,5035,1.0,24145,arvet
5036,2020,5036,1.0,2627,arvet
5037,2020,5037,1.0,20164,arvet
5038,2020,5038,1.0,14948,arvet
5041,2020,5041,1.0,2063,arvet
5042,2020,5042,1.0,1355,arvet
5043,2020,5043,1.0,461,arvet
5044,2020,5044,1.0,843,arvet
5045,2020,5045,1.0,2359,arvet
5046,2020,5046,1.0,1231,arvet
5047,2020,5047,1.0,3884,arvet
5049,2020,5049,1.0,1103,arvet
5052,2020,5052,1.0,557,arvet
5053,2020,5053,1.0,6816,arvet
5054,2020,5054,1.0,10084,arvet
5055,2020,5055,1.0,5963,arvet
5056,2020,5056,1.0,5050,arvet
5057,2020,5057,1.0,10323,arvet
5058,2020,5058,1.0,4288,arvet
5059,2020,5059,1.0,18217,arvet
5060,2020,5060,1.0,9623,arvet
5061,2020,5061,1.0,2003,arvet
5401,2020,5501,1.0,76974,arvet
5402,2020,5503,1.0,24703,arvet
5403,2020,5601,1.0,20789,arvet
5404,2020,5634,1.0,2029,arvet
5405,2020,5607,1.0,5788,arvet
5406,2020,5603,1.0,11448,arvet
5411,2020,5510,1.0,2839,arvet
5412,2020,5512,1.0,4216,arvet
5413,2020,5514,1.0,1361,arvet
5414,2020,5516,1.0,1091,arvet
5415,2020,5518,1.0,1034,arvet
5416,2020,5520,1.0,4005,arvet
5417,2020,5522,1.0,2146,arvet
5418,2020,5524,1.0,6640,arvet
5419,2020,5526,1.0,3464,arvet
5420,2020,5528,1.0,1083,arvet
5421,2020,5530,1.0,14851,arvet
5422,2020,5532,1.0,5559,arvet
5423,2020,5534,1.0,2200,arvet
5424,2020,5536,1.0,2794,arvet
5425,2020,5538,1.0,1829,arvet
5426,2020,5540,1.0,2071,arvet
5427,2020,5542,1.0,2927,arvet
5428,2020,5544,1.0,4861,arvet
5429,2020,5546,1.0,1191,arvet
5430,2020,5612,1.0,2910,arvet
5432,2020,5614,1.0,888,arvet
5433,2020,5616,1.0,1005,arvet
5434,2020,5618,1.0,1225,arvet
5435,2020,5620,1.0,3162,arvet
5436,2020,5622,1.0,3998,arvet
5437,2020,5610,1.0,2628,arvet
5438,2020,5624,1.0,1290,arvet
5439,2020,5626,1.0,1132,arvet
5440,2020,5630,1.0,957,arvet
5441,2020,5628,1.0,2918,arvet
5442,2020,5636,1.0,926,arvet
5443,2020,5632,1.0,2221,arvet
5444,2020,5605,1.0,10158,arvet
0301,2021,0301,1.0,697010,arvet
1101,2021,1101,1.0,14787,arvet
1103,2021,1103,1.0,144147,arvet
1106,2021,1106,1.0,37323,arvet
1108,2021,1108,1.0,80450,arvet
1111,2021,1111,1.0,3257,arvet
1112,2021,1112,1.0,3174,arvet
1114,2021,1114,1.0,2791,arvet
1119,2021,1119,1.0,19120,arvet
1120,2021,1120,1.0,19848,arvet
1121,2021,1121,1.0,19106,arvet
1122,2021,1122,1.0,12064,arvet
1124,2021,1124,1.0,27457,arvet
1127,2021,1127,1.0,11315,arvet
1130,2021,1130,1.0,13070,arvet
1133,2021,1133,1.0,2580,arvet
1134,2021,1134,1.0,3809,arvet
1135,2021,1135,1.0,4561,arvet
1144,2021,1144,1.0,507,arvet
1145,2021,1145,1.0,859,arvet
1146,2021,1146,1.0,11178,arvet
1149,2021,1149,1.0,42345,arvet
1151,2021,1151,1.0,192,arvet
1160,2021,1160,1.0,8705,arvet
1505,2021,1505,1.0,24099,arvet
1506,2021,1506,1.0,31870,arvet
1507,2021,1508,0.862125,66670,"delt, etter folketall 1.1.2024 (Ålesund/Haram)"
1507,2021,1580,0.137875,66670,"delt, etter folketall 1.1.2024 (Ålesund/Haram)"
1511,2021,1511,1.0,3083,arvet
1514,2021,1514,1.0,2445,arvet
1515,2021,1515,1.0,8858,arvet
1516,2021,1516,1.0,8575,arvet
1517,2021,1517,1.0,5140,arvet
1520,2021,1520,1.0,10830,arvet
1525,2021,1525,1.0,4482,arvet
1528,2021,1528,1.0,7596,arvet
1531,2021,1531,1.0,9409,arvet
1532,2021,1532,1.0,8506,arvet
1535,2021,1535,1.0,6958,arvet
1539,2021,1539,1.0,7026,arvet
1547,2021,1547,1.0,3522,arvet
1554,2021,1554,1.0,5808,arvet
1557,2021,1557,1.0,2658,arvet
1560,2021,1560,1.0,2985,arvet
1563,2021,1563,1.0,6956,arvet
1566,2021,1566,1.0,5872,arvet
1573,2021,1573,1.0,2128,arvet
1576,2021,1576,1.0,3468,arvet
1577,2021,1577,1.0,10781,arvet
1578,2021,1578,1.0,2502,arvet
1579,2021,1579,1.0,13317,arvet
1804,2021,1804,1.0,52560,arvet
1806,2021,1806,1.0,21661,arvet
1811,2021,1811,1.0,1397,arvet
1812,2021,1812,1.0,1990,arvet
1813,2021,1813,1.0,7803,arvet
1815,2021,1815,1.0,1182,arvet
1816,2021,1816,1.0,465,arvet
1818,2021,1818,1.0,1793,arvet
1820,2021,1820,1.0,7394,arvet
1822,2021,1822,1.0,2278,arvet
1824,2021,1824,1.0,13268,arvet
1825,2021,1825,1.0,1453,arvet
1826,2021,1826,1.0,1267,arvet
1827,2021,1827,1.0,1371,arvet
1828,2021,1828,1.0,1701,arvet
1832,2021,1832,1.0,4428,arvet
1833,2021,1833,1.0,26083,arvet
1834,2021,1834,1.0,1876,arvet
1835,2021,1835,1.0,442,arvet
1836,2021,1836,1.0,1206,arvet
1837,2021,1837,1.0,6247,arvet
1838,2021,1838,1.0,1920,arvet
1839,2021,1839,1.0,999,arvet
1840,2021,1840,1.0,4632,arvet
1841,2021,1841,1.0,9640,arvet
1845,2021,1845,1.0,1912,arvet
1848,2021,1848,1.0,2586,arvet
1851,2021,1851,1.0,2003,arvet
1853,2021,1853,1.0,1324,arvet
1856,2021,1856,1.0,488,arvet
1857,2021,1857,1.0,698,arvet
1859,2021,1859,1.0,1238,arvet
1860,2021,1860,1.0,11521,arvet
1865,2021,1865,1.0,9670,arvet
1866,2021,1866,1.0,8065,arvet
1867,2021,1867,1.0,2576,arvet
1868,2021,1868,1.0,4416,arvet
1870,2021,1870,1.0,10514,arvet
1871,2021,1871,1.0,4588,arvet
1874,2021,1874,1.0,989,arvet
1875,2021,1875,1.0,2701,arvet
3001,2021,3101,1.0,31387,arvet
3002,2021,3103,1.0,49668,arvet
3003,2021,3105,1.0,57372,arvet
3004,2021,3107,1.0,83193,arvet
3005,2021,3301,1.0,101859,arvet
3006,2021,3303,1.0,27694,arvet
3007,2021,3305,1.0,30835,arvet
3011,2021,3110,1.0,4694,arvet
3012,2021,3124,1.0,1325,arvet
3013,2021,3122,1.0,3601,arvet
3014,2021,3118,1.0,45201,arvet
3015,2021,3116,1.0,3825,arvet
3016,2021,3120,1.0,8222,arvet
3017,2021,3112,1.0,7568,arvet
3018,2021,3114,1.0,5805,arvet
3019,2021,3216,1.0,18290,arvet
3020,2021,3207,1.0,60034,arvet
3021,2021,3218,1.0,20439,arvet
3022,2021,3214,1.0,15953,arvet
3023,2021,3212,1.0,19805,arvet
3024,2021,3201,1.0,128233,arvet
3025,2021,3203,1.0,94915,arvet
3026,2021,3226,1.0,17591,arvet
3027,2021,3224,1.0,18730,arvet
3028,2021,3220,1.0,11065,arvet
3029,2021,3222,1.0,42740,arvet
3030,2021,3205,1.0,86953,arvet
3031,2021,3232,1.0,24454,arvet
3032,2021,3230,1.0,7043,arvet
3033,2021,3209,1.0,40459,arvet
3034,2021,3228,1.0,23422,arvet
3035,2021,3240,1.0,26031,arvet
3036,2021,3238,1.0,14637,arvet
3037,2021,3242,1.0,2838,arvet
3038,2021,3310,1.0,6811,arvet
3039,2021,3320,1.0,1049,arvet
3040,2021,3322,1.0,3262,arvet
3041,2021,3324,1.0,4636,arvet
3042,2021,3326,1.0,2546,arvet
3043,2021,3328,1.0,4648,arvet
3044,2021,3330,1.0,4434,arvet
3045,2021,3332,1.0,3465,arvet
3046,2021,3318,1.0,2219,arvet
3047,2021,3316,1.0,14166,arvet
3048,2021,3314,1.0,19709,arvet
3049,2021,3312,1.0,27118,arvet
3050,2021,3334,1.0,2713,arvet
3051,2021,3336,1.0,1386,arvet
3052,2021,3338,1.0,2412,arvet
3053,2021,3236,1.0,6867,arvet
3054,2021,3234,1.0,9062,arvet
3401,2021,3401,1.0,17851,arvet
3403,2021,3403,1.0,31509,arvet
3405,2021,3405,1.0,28493,arvet
3407,2021,3407,1.0,30395,arvet
3411,2021,3411,1.0,34897,arvet
3412,2021,3412,1.0,7625,arvet
3413,2021,3413,1.0,21072,arvet
3414,2021,3414,1.0,5038,arvet
3415,2021,3415,1.0,7914,arvet
3416,2021,3416,1.0,6099,arvet
3417,2021,3417,1.0,4545,arvet
3418,2021,3418,1.0,7227,arvet
3419,2021,3419,1.0,3587,arvet
3420,2021,3420,1.0,21292,arvet
3421,2021,3421,1.0,6580,arvet
3422,2021,3422,1.0,4338,arvet
3423,2021,3423,1.0,2378,arvet
3424,2021,3424,1.0,1741,arvet
3425,2021,3425,1.0,1250,arvet
3426,2021,3426,1.0,1563,arvet
3427,2021,3427,1.0,5537,arvet
3428,2021,3428,1.0,2405,arvet
3429,2021,3429,1.0,1518,arvet
3430,2021,3430,1.0,1870,arvet
3431,2021,3431,1.0,2512,arvet
3432,2021,3432,1.0,1980,arvet
3433,2021,3433,1.0,2183,arvet
3434,2021,3434,1.0,2204,arvet
3435,2021,3435,1.0,3564,arvet
3436,2021,3436,1.0,5705,arvet
3437,2021,3437,1.0,5592,arvet
3438,2021,3438,1.0,3064,arvet
3439,2021,3439,1.0,4408,arvet
3440,2021,3440,1.0,5093,arvet
3441,2021,3441,1.0,6023,arvet
3442,2021,3442,1.0,14871,arvet
3443,2021,3443,1.0,13459,arvet
3446,2021,3446,1.0,13611,arvet
3447,2021,3447,1.0,5579,arvet
3448,2021,3448,1.0,6581,arvet
3449,2021,3449,1.0,2904,arvet
3450,2021,3450,1.0,1257,arvet
3451,2021,3451,1.0,6360,arvet
3452,2021,3452,1.0,2120,arvet
3453,2021,3453,1.0,3236,arvet
3454,2021,3454,1.0,1573,arvet
3801,2021,3901,1.0,27510,arvet
3802,2021,3903,1.0,25011,arvet
3803,2021,3905,1.0,57026,arvet
3804,2021,3907,1.0,64345,arvet
3805,2021,3909,1.0,47499,arvet
3806,2021,4001,1.0,36526,arvet
3807,2021,4003,1.0,55144,arvet
3808,2021,4005,1.0,12994,arvet
3811,2021,3911,1.0,26957,arvet
3812,2021,4010,1.0,2347,arvet
3813,2021,4012,1.0,14014,arvet
3814,2021,4014,1.0,10416,arvet
3815,2021,4016,1.0,4071,arvet
3816,2021,4018,1.0,6488,arvet
3817,2021,4020,1.0,10461,arvet
3818,2021,4026,1.0,5604,arvet
3819,2021,4024,1.0,1561,arvet
3820,2021,4022,1.0,2900,arvet
3821,2021,4028,1.0,2430,arvet
3822,2021,4030,1.0,1430,arvet
3823,2021,4032,1.0,1228,arvet
3824,2021,4034,1.0,2164,arvet
3825,2021,4036,1.0,3756,arvet
4201,2021,4201,1.0,6762,arvet
4202,2021,4202,1.0,23891,arvet
4203,2021,4203,1.0,45065,arvet
4204,2021,4204,1.0,112588,arvet
4205,2021,4205,1.0,23055,arvet
4206,2021,4206,1.0,9645,arvet
4207,2021,4207,1.0,9027,arvet
4211,2021,4211,1.0,2430,arvet
4212,2021,4212,1.0,2128,arvet
4213,2021,4213,1.0,6067,arvet
4214,2021,4214,1.0,6004,arvet
4215,2021,4215,1.0,11180,arvet
4216,2021,4216,1.0,5274,arvet
4217,2021,4217,1.0,1822,arvet
4218,2021,4218,1.0,1335,arvet
4219,2021,4219,1.0,3619,arvet
4220,2021,4220,1.0,1142,arvet
4221,2021,4221,1.0,1169,arvet
4222,2021,4222,1.0,930,arvet
4223,2021,4223,1.0,14935,arvet
4224,2021,4224,1.0,927,arvet
4225,2021,4225,1.0,10464,arvet
4226,2021,4226,1.0,1690,arvet
4227,2021,4227,1.0,5922,arvet
4228,2021,4228,1.0,1772,arvet
4601,2021,4601,1.0,285601,arvet
4602,2021,4602,1.0,17160,arvet
4611,2021,4611,1.0,4053,arvet
4612,2021,4612,1.0,5798,arvet
4613,2021,4613,1.0,11953,arvet
4614,2021,4614,1.0,18861,arvet
4615,2021,4615,1.0,3147,arvet
4616,2021,4616,1.0,2924,arvet
4617,2021,4617,1.0,13039,arvet
4618,2021,4618,1.0,11002,arvet
4619,2021,4619,1.0,903,arvet
4620,2021,4620,1.0,1061,arvet
4621,2021,4621,1.0,15787,arvet
4622,2021,4622,1.0,8461,arvet
4623,2021,4623,1.0,2504,arvet
4624,2021,4624,1.0,25049,arvet
4625,2021,4625,1.0,5276,arvet
4626,2021,4626,1.0,38664,arvet
4627,2021,4627,1.0,29594,arvet
4628,2021,4628,1.0,3918,arvet
4629,2021,4629,1.0,376,arvet
4630,2021,4630,1.0,8080,arvet
4631,2021,4631,1.0,29337,arvet
4632,2021,4632,1.0,2860,arvet
4633,2021,4633,1.0,525,arvet
4634,2021,4634,1.0,1660,arvet
4635,2021,4635,1.0,2272,arvet
4636,2021,4636,1.0,786,arvet
4637,2021,4637,1.0,1294,arvet
4638,2021,4638,1.0,4049,arvet
4639,2021,4639,1.0,2611,arvet
4640,2021,4640,1.0,11938,arvet
4641,2021,4641,1.0,1777,arvet
4642,2021,4642,1.0,2129,arvet
4643,2021,4643,1.0,5170,arvet
4644,2021,4644,1.0,5189,arvet
4645,2021,4645,1.0,2991,arvet
4646,2021,4646,1.0,2885,arvet
4647,2021,4647,1.0,22020,arvet
4648,2021,4648,1.0,3597,arvet
4649,2021,4649,1.0,9517,arvet
4650,2021,4650,1.0,5885,arvet
4651,2021,4651,1.0,7118,arvet
5001,2021,5001,1.0,207595,arvet
5006,2021,5006,1.0,24152,arvet
5007,2021,5007,1.0,15096,arvet
5014,2021,5014,1.0,5204,arvet
5020,2021,5020,1.0,925,arvet
5021,2021,5021,1.0,6981,arvet
5022,2021,5022,1.0,2454,arvet
5025,2021,5025,1.0,5550,arvet
5026,2021,5026,1.0,1968,arvet
5027,2021,5027,1.0,6243,arvet
5028,2021,5028,1.0,16949,arvet
5029,2021,5029,1.0,8367,arvet
5031,2021,5031,1.0,14334,arvet
5032,2021,5032,1.0,4069,arvet
5033,2021,5033,1.0,759,arvet
5034,2021,5034,1.0,2413,arvet
5035,2021,5035,1.0,24283,arvet
5036,2021,5036,1.0,2609,arvet
5037,2021,5037,1.0,20170,arvet
5038,2021,5038,1.0,14986,arvet
5041,2021,5041,1.0,2054,arvet
5042,2021,5042,1.0,1328,arvet
5043,2021,5043,1.0,459,arvet
5044,2021,5044,1.0,846,arvet
5045,2021,5045,1.0,2347,arvet
5046,2021,5046,1.0,1215,arvet
5047,2021,5047,1.0,3865,arvet
5049,2021,5049,1.0,1100,arvet
5052,2021,5052,1.0,563,arvet
5053,2021,5053,1.0,6764,arvet
5054,2021,5054,1.0,9948,arvet
5055,2021,5055,1.0,5941,arvet
5056,2021,5056,1.0,5140,arvet
5057,2021,5057,1.0,10306,arvet
5058,2021,5058,1.0,4271,arvet
5059,2021,5059,1.0,18300,arvet
5060,2021,5060,1.0,9581,arvet
5061,2021,5061,1.0,1989,arvet
5401,2021,5501,1.0,77095,arvet
5402,2021,5503,1.0,24738,arvet
5403,2021,5601,1.0,20847,arvet
5404,2021,5634,1.0,1959,arvet
5405,2021,5607,1.0,5642,arvet
5406,2021,5603,1.0,11331,arvet
5411,2021,5510,1.0,2822,arvet
5412,2021,5512,1.0,4209,arvet
5413,2021,5514,1.0,1320,arvet
5414,2021,5516,1.0,1092,arvet
5415,2021,5518,1.0,1020,arvet
5416,2021,5520,1.0,3959,arvet
5417,2021,5522,1.0,2089,arvet
5418,2021,5524,1.0,6609,arvet
5419,2021,5526,1.0,3465,arvet
5420,2021,5528,1.0,1063,arvet
5421,2021,5530,1.0,14725,arvet
5422,2021,5532,1.0,5559,arvet
5423,2021,5534,1.0,2172,arvet
5424,2021,5536,1.0,2773,arvet
5425,2021,5538,1.0,1831,arvet
5426,2021,5540,1.0,2072,arvet
5427,2021,5542,1.0,2893,arvet
5428,2021,5544,1.0,4812,arvet
5429,2021,5546,1.0,1166,arvet
5430,2021,5612,1.0,2920,arvet
5432,2021,5614,1.0,860,arvet
5433,2021,5616,1.0,983,arvet
5434,2021,5618,1.0,1197,arvet
5435,2021,5620,1.0,3075,arvet
5436,2021,5622,1.0,3921,arvet
5437,2021,5610,1.0,2641,arvet
5438,2021,5624,1.0,1271,arvet
5439,2021,5626,1.0,1097,arvet
5440,2021,5630,1.0,928,arvet
5441,2021,5628,1.0,2829,arvet
5442,2021,5636,1.0,880,arvet
5443,2021,5632,1.0,2200,arvet
5444,2021,5605,1.0,10103,arvet
0301,2022,0301,1.0,699827,arvet
1101,2022,1101,1.0,14860,arvet
1103,2022,1103,1.0,144699,arvet
1106,2022,1106,1.0,37444,arvet
1108,2022,1108,1.0,81305,arvet
1111,2022,1111,1.0,3281,arvet
1112,2022,1112,1.0,3178,arvet
1114,2022,1114,1.0,2789,arvet
1119,2022,1119,1.0,19296,arvet
1120,2022,1120,1.0,20163,arvet
1121,2022,1121,1.0,19353,arvet
1122,2022,1122,1.0,12131,arvet
1124,2022,1124,1.0,27568,arvet
1127,2022,1127,1.0,11454,arvet
1130,2022,1130,1.0,13268,arvet
1133,2022,1133,1.0,2534,arvet
1134,2022,1134,1.0,3784,arvet
1135,2022,1135,1.0,4525,arvet
1144,2022,1144,1.0,523,arvet
1145,2022,1145,1.0,855,arvet
1146,2022,1146,1.0,11283,arvet
1149,2022,1149,1.0,42541,arvet
1151,2022,1151,1.0,188,arvet
1160,2022,1160,1.0,8775,arvet
1505,2022,1505,1.0,24013,arvet
1506,2022,1506,1.0,32002,arvet
1507,2022,1508,0.862125,67114,"delt, etter folketall 1.1.2024 (Ålesund/Haram)"
1507,2022,1580,0.137875,67114,"delt, etter folketall 1.1.2024 (Ålesund/Haram)"
1511,2022,1511,1.0,3045,arvet
1514,2022,1514,1.0,2422,arvet
1515,2022,1515,1.0,8765,arvet
1516,2022,1516,1.0,8557,arvet
1517,2022,1517,1.0,5126,arvet
1520,2022,1520,1.0,10833,arvet
1525,2022,1525,1.0,4467,arvet
1528,2022,1528,1.0,7558,arvet
1531,2022,1531,1.0,9547,arvet
1532,2022,1532,1.0,8597,arvet
1535,2022,1535,1.0,6936,arvet
1539,2022,1539,1.0,7019,arvet
1547,2022,1547,1.0,3518,arvet
1554,2022,1554,1.0,5828,arvet
1557,2022,1557,1.0,2669,arvet
1560,2022,1560,1.0,2960,arvet
1563,2022,1563,1.0,6932,arvet
1566,2022,1566,1.0,5849,arvet
1573,2022,1573,1.0,2120,arvet
1576,2022,1576,1.0,3384,arvet
1577,2022,1577,1.0,10809,arvet
1578,2022,1578,1.0,2491,arvet
1579,2022,1579,1.0,13287,arvet
1804,2022,1804,1.0,52803,arvet
1806,2022,1806,1.0,21530,arvet
1811,2022,1811,1.0,1406,arvet
1812,2022,1812,1.0,1981,arvet
1813,2022,1813,1.0,7777,arvet
1815,2022,1815,1.0,1175,arvet
1816,2022,1816,1.0,462,arvet
1818,2022,1818,1.0,1825,arvet
1820,2022,1820,1.0,7333,arvet
1822,2022,1822,1.0,2257,arvet
1824,2022,1824,1.0,13233,arvet
1825,2022,1825,1.0,1461,arvet
1826,2022,1826,1.0,1273,arvet
1827,2022,1827,1.0,1369,arvet
1828,2022,1828,1.0,1698,arvet
1832,2022,1832,1.0,4420,arvet
1833,2022,1833,1.0,26092,arvet
1834,2022,1834,1.0,1869,arvet
1835,2022,1835,1.0,450,arvet
1836,2022,1836,1.0,1153,arvet
1837,2022,1837,1.0,6214,arvet
1838,2022,1838,1.0,1894,arvet
1839,2022,1839,1.0,1012,arvet
1840,2022,1840,1.0,4617,arvet
1841,2022,1841,1.0,9603,arvet
1845,2022,1845,1.0,1869,arvet
1848,2022,1848,1.0,2591,arvet
1851,2022,1851,1.0,1976,arvet
1853,2022,1853,1.0,1334,arvet
1856,2022,1856,1.0,469,arvet
1857,2022,1857,1.0,678,arvet
1859,2022,1859,1.0,1216,arvet
1860,2022,1860,1.0,11566,arvet
1865,2022,1865,1.0,9724,arvet
1866,2022,1866,1.0,8107,arvet
1867,2022,1867,1.0,2565,arvet
1868,2022,1868,1.0,4458,arvet
1870,2022,1870,1.0,10468,arvet
1871,2022,1871,1.0,4572,arvet
1874,2022,1874,1.0,982,arvet
1875,2022,1875,1.0,2708,arvet
3001,2022,3101,1.0,31444,arvet
3002,2022,3103,1.0,50290,arvet
3003,2022,3105,1.0,58182,arvet
3004,2022,3107,1.0,83892,arvet
3005,2022,3301,1.0,102273,arvet
3006,2022,3303,1.0,27879,arvet
3007,2022,3305,1.0,31011,arvet
3011,2022,3110,1.0,4741,arvet
3012,2022,3124,1.0,1315,arvet
3013,2022,3122,1.0,3578,arvet
3014,2022,3118,1.0,45608,arvet
3015,2022,3116,1.0,3846,arvet
3016,2022,3120,1.0,8312,arvet
3017,2022,3112,1.0,7633,arvet
3018,2022,3114,1.0,5913,arvet
3019,2022,3216,1.0,18699,arvet
3020,2022,3207,1.0,61032,arvet
3021,2022,3218,1.0,20780,arvet
3022,2022,3214,1.0,16084,arvet
3023,2022,3212,1.0,19939,arvet
3024,2022,3201,1.0,128982,arvet
3025,2022,3203,1.0,96088,arvet
3026,2022,3226,1.0,17754,arvet
3027,2022,3224,1.0,19024,arvet
3028,2022,3220,1.0,11249,arvet
3029,2022,3222,1.0,44693,arvet
3030,2022,3205,1.0,89095,arvet
3031,2022,3232,1.0,24947,arvet
3032,2022,3230,1.0,6989,arvet
3033,2022,3209,1.0,41565,arvet
3034,2022,3228,1.0,23898,arvet
3035,2022,3240,1.0,26716,arvet
3036,2022,3238,1.0,15074,arvet
3037,2022,3242,1.0,2905,arvet
3038,2022,3310,1.0,6859,arvet
3039,2022,3320,1.0,1057,arvet
3040,2022,3322,1.0,3273,arvet
3041,2022,3324,1.0,4667,arvet
3042,2022,3326,1.0,2611,arvet
3043,2022,3328,1.0,4650,arvet
3044,2022,3330,1.0,4504,arvet
3045,2022,3332,1.0,3492,arvet
3046,2022,3318,1.0,2189,arvet
3047,2022,3316,1.0,14273,arvet
3048,2022,3314,1.0,20044,arvet
3049,2022,3312,1.0,27584,arvet
3050,2022,3334,1.0,2720,arvet
3051,2022,3336,1.0,1370,arvet
3052,2022,3338,1.0,2455,arvet
3053,2022,3236,1.0,6908,arvet
3054,2022,3234,1.0,9144,arvet
3401,2022,3401,1.0,17949,arvet
3403,2022,3403,1.0,31999,arvet
3405,2022,3405,1.0,28425,arvet
3407,2022,3407,1.0,30267,arvet
3411,2022,3411,1.0,35073,arvet
3412,2022,3412,1.0,7715,arvet
3413,2022,3413,1.0,21156,arvet
3414,2022,3414,1.0,5016,arvet
3415,2022,3415,1.0,7978,arvet
3416,2022,3416,1.0,6032,arvet
3417,2022,3417,1.0,4548,arvet
3418,2022,3418,1.0,7211,arvet
3419,2022,3419,1.0,3597,arvet
3420,2022,3420,1.0,21435,arvet
3421,2022,3421,1.0,6603,arvet
3422,2022,3422,1.0,4195,arvet
3423,2022,3423,1.0,2318,arvet
3424,2022,3424,1.0,1722,arvet
3425,2022,3425,1.0,1253,arvet
3426,2022,3426,1.0,1551,arvet
3427,2022,3427,1.0,5581,arvet
3428,2022,3428,1.0,2445,arvet
3429,2022,3429,1.0,1530,arvet
3430,2022,3430,1.0,1855,arvet
3431,2022,3431,1.0,2498,arvet
3432,2022,3432,1.0,1986,arvet
3433,2022,3433,1.0,2151,arvet
3434,2022,3434,1.0,2211,arvet
3435,2022,3435,1.0,3591,arvet
3436,2022,3436,1.0,5628,arvet
3437,2022,3437,1.0,5531,arvet
3438,2022,3438,1.0,3064,arvet
3439,2022,3439,1.0,4385,arvet
3440,2022,3440,1.0,5082,arvet
3441,2022,3441,1.0,6079,arvet
3442,2022,3442,1.0,14827,arvet
3443,2022,3443,1.0,13572,arvet
3446,2022,3446,1.0,13633,arvet
3447,2022,3447,1.0,5535,arvet
3448,2022,3448,1.0,6577,arvet
3449,2022,3449,1.0,2889,arvet
3450,2022,3450,1.0,1256,arvet
3451,2022,3451,1.0,6354,arvet
3452,2022,3452,1.0,2111,arvet
3453,2022,3453,1.0,3252,arvet
3454,2022,3454,1.0,1587,arvet
3801,2022,3901,1.0,27502,arvet
3802,2022,3903,1.0,25681,arvet
3803,2022,3905,1.0,57794,arvet
3804,2022,3907,1.0,64943,arvet
3805,2022,3909,1.0,47777,arvet
3806,2022,4001,1.0,36624,arvet
3807,2022,4003,1.0,55513,arvet
3808,2022,4005,1.0,13029,arvet
3811,2022,3911,1.0,27165,arvet
3812,2022,4010,1.0,2349,arvet
3813,2022,4012,1.0,14056,arvet
3814,2022,4014,1.0,10351,arvet
3815,2022,4016,1.0,4093,arvet
3816,2022,4018,1.0,6494,arvet
3817,2022,4020,1.0,10539,arvet
3818,2022,4026,1.0,5512,arvet
3819,2022,4024,1.0,1562,arvet
3820,2022,4022,1.0,2889,arvet
3821,2022,4028,1.0,2452,arvet
3822,2022,4030,1.0,1414,arvet
3823,2022,4032,1.0,1198,arvet
3824,2022,4034,1.0,2140,arvet
3825,2022,4036,1.0,3755,arvet
4201,2022,4201,1.0,6735,arvet
4202,2022,4202,1.0,24017,arvet
4203,2022,4203,1.0,45509,arvet
4204,2022,4204,1.0,113737,arvet
4205,2022,4205,1.0,23147,arvet
4206,2022,4206,1.0,9622,arvet
4207,2022,4207,1.0,9048,arvet
4211,2022,4211,1.0,2427,arvet
4212,2022,4212,1.0,2131,arvet
4213,2022,4213,1.0,6115,arvet
4214,2022,4214,1.0,6098,arvet
4215,2022,4215,1.0,11279,arvet
4216,2022,4216,1.0,5342,arvet
4217,2022,4217,1.0,1801,arvet
4218,2022,4218,1.0,1323,arvet
4219,2022,4219,1.0,3653,arvet
4220,2022,4220,1.0,1134,arvet
4221,2022,4221,1.0,1169,arvet
4222,2022,4222,1.0,935,arvet
4223,2022,4223,1.0,15123,arvet
4224,2022,4224,1.0,912,arvet
4225,2022,4225,1.0,10480,arvet
4226,2022,4226,1.0,1704,arvet
4227,2022,4227,1.0,5883,arvet
4228,2022,4228,1.0,1810,arvet
4601,2022,4601,1.0,286930,arvet
4602,2022,4602,1.0,17131,arvet
4611,2022,4611,1.0,4043,arvet
4612,2022,4612,1.0,5775,arvet
4613,2022,4613,1.0,12061,arvet
4614,2022,4614,1.0,18919,arvet
4615,2022,4615,1.0,3117,arvet
4616,2022,4616,1.0,2883,arvet
4617,2022,4617,1.0,13017,arvet
4618,2022,4618,1.0,10881,arvet
4619,2022,4619,1.0,937,arvet
4620,2022,4620,1.0,1051,arvet
4621,2022,4621,1.0,15875,arvet
4622,2022,4622,1.0,8497,arvet
4623,2022,4623,1.0,2501,arvet
4624,2022,4624,1.0,25213,arvet
4625,2022,4625,1.0,5283,arvet
4626,2022,4626,1.0,39032,arvet
4627,2022,4627,1.0,29816,arvet
4628,2022,4628,1.0,3867,arvet
4629,2022,4629,1.0,378,arvet
4630,2022,4630,1.0,8131,arvet
4631,2022,4631,1.0,29593,arvet
4632,2022,4632,1.0,2889,arvet
4633,2022,4633,1.0,502,arvet
4634,2022,4634,1.0,1629,arvet
4635,2022,4635,1.0,2230,arvet
4636,2022,4636,1.0,768,arvet
4637,2022,4637,1.0,1290,arvet
4638,2022,4638,1.0,3965,arvet
4639,2022,4639,1.0,2560,arvet
4640,2022,4640,1.0,12097,arvet
4641,2022,4641,1.0,1766,arvet
4642,2022,4642,1.0,2117,arvet
4643,2022,4643,1.0,5204,arvet
4644,2022,4644,1.0,5246,arvet
4645,2022,4645,1.0,2951,arvet
4646,2022,4646,1.0,2901,arvet
4647,2022,4647,1.0,22116,arvet
4648,2022,4648,1.0,3521,arvet
4649,2022,4649,1.0,9527,arvet
4650,2022,4650,1.0,5875,arvet
4651,2022,4651,1.0,7207,arvet
5001,2022,5001,1.0,210496,arvet
5006,2022,5006,1.0,24004,arvet
5007,2022,5007,1.0,15001,arvet
5014,2022,5014,1.0,5265,arvet
5020,2022,5020,1.0,904,arvet
5021,2022,5021,1.0,7066,arvet
5022,2022,5022,1.0,2443,arvet
5025,2022,5025,1.0,5572,arvet
5026,2022,5026,1.0,1953,arvet
5027,2022,5027,1.0,6120,arvet
5028,2022,5028,1.0,17123,arvet
5029,2022,5029,1.0,8360,arvet
5031,2022,5031,1.0,14425,arvet
5032,2022,5032,1.0,4090,arvet
5033,2022,5033,1.0,750,arvet
5034,2022,5034,1.0,2399,arvet
5035,2022,5035,1.0,24287,arvet
5036,2022,5036,1.0,2608,arvet
5037,2022,5037,1.0,20171,arvet
5038,2022,5038,1.0,14955,arvet
5041,2022,5041,1.0,2033,arvet
5042,2022,5042,1.0,1309,arvet
5043,2022,5043,1.0,441,arvet
5044,2022,5044,1.0,818,arvet
5045,2022,5045,1.0,2287,arvet
5046,2022,5046,1.0,1193,arvet
5047,2022,5047,1.0,3817,arvet
5049,2022,5049,1.0,1101,arvet
5052,2022,5052,1.0,570,arvet
5053,2022,5053,1.0,6794,arvet
5054,2022,5054,1.0,9899,arvet
5055,2022,5055,1.0,5884,arvet
5056,2022,5056,1.0,5156,arvet
5057,2022,5057,1.0,10371,arvet
5058,2022,5058,1.0,4252,arvet
5059,2022,5059,1.0,18502,arvet
5060,2022,5060,1.0,9732,arvet
5061,2022,5061,1.0,1980,arvet
5401,2022,5501,1.0,77544,arvet
5402,2022,5503,1.0,24804,arvet
5403,2022,5601,1.0,21144,arvet
5404,2022,5634,1.0,1897,arvet
5405,2022,5607,1.0,5568,arvet
5406,2022,5603,1.0,11274,arvet
5411,2022,5510,1.0,2789,arvet
5412,2022,5512,1.0,4201,arvet
5413,2022,5514,1.0,1289,arvet
5414,2022,5516,1.0,1070,arvet
5415,2022,5518,1.0,970,arvet
5416,2022,5520,1.0,3993,arvet
5417,2022,5522,1.0,2087,arvet
5418,2022,5524,1.0,6599,arvet
5419,2022,5526,1.0,3414,arvet
5420,2022,5528,1.0,1068,arvet
5421,2022,5530,1.0,14738,arvet
5422,2022,5532,1.0,5576,arvet
5423,2022,5534,1.0,2179,arvet
5424,2022,5536,1.0,2729,arvet
5425,2022,5538,1.0,1836,arvet
5426,2022,5540,1.0,2012,arvet
5427,2022,5542,1.0,2804,arvet
5428,2022,5544,1.0,4746,arvet
5429,2022,5546,1.0,1159,arvet
5430,2022,5612,1.0,2877,arvet
5432,2022,5614,1.0,859,arvet
5433,2022,5616,1.0,964,arvet
5434,2022,5618,1.0,1162,arvet
5435,2022,5620,1.0,2947,arvet
5436,2022,5622,1.0,3904,arvet
5437,2022,5610,1.0,2584,arvet
5438,2022,5624,1.0,1221,arvet
5439,2022,5626,1.0,1057,arvet
5440,2022,5630,1.0,906,arvet
5441,2022,5628,1.0,2821,arvet
5442,2022,5636,1.0,854,arvet
5443,2022,5632,1.0,2165,arvet
5444,2022,5605,1.0,9925,arvet
0301,2023,0301,1.0,709037,arvet
1101,2023,1101,1.0,15011,arvet
1103,2023,1103,1.0,146011,arvet
1106,2023,1106,1.0,37855,arvet
1108,2023,1108,1.0,82548,arvet
1111,2023,1111,1.0,3324,arvet
1112,2023,1112,1.0,3206,arvet
1114,2023,1114,1.0,2848,arvet
1119,2023,1119,1.0,19649,arvet
1120,2023,1120,1.0,20615,arvet
1121,2023,1121,1.0,19781,arvet
1122,2023,1122,1.0,12302,arvet
1124,2023,1124,1.0,28315,arvet
1127,2023,1127,1.0,11671,arvet
1130,2023,1130,1.0,13474,arvet
1133,2023,1133,1.0,2619,arvet
1134,2023,1134,1.0,3815,arvet
1135,2023,1135,1.0,4543,arvet
1144,2023,1144,1.0,535,arvet
1145,2023,1145,1.0,868,arvet
1146,2023,1146,1.0,11405,arvet
1149,2023,1149,1.0,42903,arvet
1151,2023,1151,1.0,208,arvet
1160,2023,1160,1.0,8844,arvet
1505,2023,1505,1.0,24159,arvet
1506,2023,1506,1.0,32446,arvet
1507,2023,1508,0.862125,67520,"delt, etter folketall 1.1.2024 (Ålesund/Haram)"
1507,2023,1580,0.137875,67520,"delt, etter folketall 1.1.2024 (Ålesund/Haram)"
1511,2023,1511,1.0,3013,arvet
1514,2023,1514,1.0,2442,arvet
1515,2023,1515,1.0,8842,arvet
1516,2023,1516,1.0,8797,arvet
1517,2023,1517,1.0,5159,arvet
1520,2023,1520,1.0,10929,arvet
1525,2023,1525,1.0,4421,arvet
1528,2023,1528,1.0,7630,arvet
1531,2023,1531,1.0,9636,arvet
1532,2023,1532,1.0,8692,arvet
1535,2023,1535,1.0,7051,arvet
1539,2023,1539,1.0,7046,arvet
1547,2023,1547,1.0,3654,arvet
1554,2023,1554,1.0,5872,arvet
1557,2023,1557,1.0,2669,arvet
1560,2023,1560,1.0,3031,arvet
1563,2023,1563,1.0,7110,arvet
1566,2023,1566,1.0,5912,arvet
1573,2023,1573,1.0,2158,arvet
1576,2023,1576,1.0,3381,arvet
1577,2023,1577,1.0,10960,arvet
1578,2023,1578,1.0,2494,arvet
1579,2023,1579,1.0,13341,arvet
1804,2023,1804,1.0,53259,arvet
1806,2023,1806,1.0,21515,arvet
1811,2023,1811,1.0,1391,arvet
1812,2023,1812,1.0,1970,arvet
1813,2023,1813,1.0,7787,arvet
1815,2023,1815,1.0,1219,arvet
1816,2023,1816,1.0,454,arvet
1818,2023,1818,1.0,1839,arvet
1820,2023,1820,1.0,7300,arvet
1822,2023,1822,1.0,2270,arvet
1824,2023,1824,1.0,13342,arvet
1825,2023,1825,1.0,1454,arvet
1826,2023,1826,1.0,1278,arvet
1827,2023,1827,1.0,1391,arvet
1828,2023,1828,1.0,1783,arvet
1832,2023,1832,1.0,4459,arvet
1833,2023,1833,1.0,25980,arvet
1834,2023,1834,1.0,1852,arvet
1835,2023,1835,1.0,444,arvet
1836,2023,1836,1.0,1139,arvet
1837,2023,1837,1.0,6212,arvet
1838,2023,1838,1.0,1928,arvet
1839,2023,1839,1.0,1027,arvet
1840,2023,1840,1.0,4650,arvet
1841,2023,1841,1.0,9572,arvet
1845,2023,1845,1.0,1845,arvet
1848,2023,1848,1.0,2665,arvet
1851,2023,1851,1.0,1985,arvet
1853,2023,1853,1.0,1310,arvet
1856,2023,1856,1.0,469,arvet
1857,2023,1857,1.0,688,arvet
1859,2023,1859,1.0,1220,arvet
1860,2023,1860,1.0,11551,arvet
1865,2023,1865,1.0,9736,arvet
1866,2023,1866,1.0,8184,arvet
1867,2023,1867,1.0,2584,arvet
1868,2023,1868,1.0,4533,arvet
1870,2023,1870,1.0,10561,arvet
1871,2023,1871,1.0,4577,arvet
1874,2023,1874,1.0,979,arvet
1875,2023,1875,1.0,2682,arvet
3001,2023,3101,1.0,31730,eksakt
3002,2023,3103,1.0,51240,eksakt
3003,2023,3105,1.0,59038,eksakt
3004,2023,3107,1.0,84444,eksakt
3005,2023,3301,1.0,103291,eksakt
3006,2023,3303,1.0,28793,eksakt
3007,2023,3305,1.0,31444,eksakt
3011,2023,3110,1.0,4762,eksakt
3012,2023,3124,1.0,1329,eksakt
3013,2023,3122,1.0,3639,eksakt
3014,2023,3118,1.0,46382,eksakt
3015,2023,3116,1.0,3886,eksakt
3016,2023,3120,1.0,8371,eksakt
3017,2023,3112,1.0,8317,eksakt
3018,2023,3114,1.0,6023,eksakt
3019,2023,3216,1.0,19089,eksakt
3020,2023,3207,1.0,62245,eksakt
3021,2023,3218,1.0,21350,eksakt
3022,2023,3214,1.0,16106,eksakt
3023,2023,3212,1.0,20322,eksakt
3024,2023,3201,1.0,129874,eksakt
3025,2023,3203,1.0,97784,eksakt
3026,2023,3226,1.0,17945,eksakt
3027,2023,3224,1.0,19618,eksakt
3028,2023,3220,1.0,11392,eksakt
3029,2023,3222,1.0,46797,eksakt
3030,2023,3205,1.0,91515,eksakt
3031,2023,3232,1.0,25440,eksakt
3032,2023,3230,1.0,7285,eksakt
3033,2023,3209,1.0,42866,eksakt
3034,2023,3228,1.0,24283,eksakt
3035,2023,3240,1.0,27338,eksakt
3036,2023,3238,1.0,15530,eksakt
3037,2023,3242,1.0,2944,eksakt
3038,2023,3310,1.0,6888,eksakt
3039,2023,3320,1.0,1097,eksakt
3040,2023,3322,1.0,3299,eksakt
3041,2023,3324,1.0,4767,eksakt
3042,2023,3326,1.0,2645,eksakt
3043,2023,3328,1.0,4862,eksakt
3044,2023,3330,1.0,4506,eksakt
3045,2023,3332,1.0,3479,eksakt
3046,2023,3318,1.0,2211,eksakt
3047,2023,3316,1.0,14527,eksakt
3048,2023,3314,1.0,20495,eksakt
3049,2023,3312,1.0,28167,eksakt
3050,2023,3334,1.0,2737,eksakt
3051,2023,3336,1.0,1366,eksakt
3052,2023,3338,1.0,2486,eksakt
3053,2023,3236,1.0,6990,eksakt
3054,2023,3234,1.0,9307,eksakt
3401,2023,3401,1.0,17966,arvet
3403,2023,3403,1.0,32382,arvet
3405,2023,3405,1.0,28560,arvet
3407,2023,3407,1.0,30563,arvet
3411,2023,3411,1.0,35475,arvet
3412,2023,3412,1.0,7836,arvet
3413,2023,3413,1.0,21356,arvet
3414,2023,3414,1.0,5010,arvet
3415,2023,3415,1.0,8069,arvet
3416,2023,3416,1.0,6028,arvet
3417,2023,3417,1.0,4572,arvet
3418,2023,3418,1.0,7267,arvet
3419,2023,3419,1.0,3625,arvet
3420,2023,3420,1.0,21568,arvet
3421,2023,3421,1.0,6582,arvet
3422,2023,3422,1.0,4213,arvet
3423,2023,3423,1.0,2281,arvet
3424,2023,3424,1.0,1769,arvet
3425,2023,3425,1.0,1328,arvet
3426,2023,3426,1.0,1555,arvet
3427,2023,3427,1.0,5628,arvet
3428,2023,3428,1.0,2493,arvet
3429,2023,3429,1.0,1519,arvet
3430,2023,3430,1.0,1844,arvet
3431,2023,3431,1.0,2466,arvet
3432,2023,3432,1.0,1966,arvet
3433,2023,3433,1.0,2147,arvet
3434,2023,3434,1.0,2212,arvet
3435,2023,3435,1.0,3532,arvet
3436,2023,3436,1.0,5589,arvet
3437,2023,3437,1.0,5567,arvet
3438,2023,3438,1.0,3240,arvet
3439,2023,3439,1.0,4416,arvet
3440,2023,3440,1.0,5161,arvet
3441,2023,3441,1.0,6129,arvet
3442,2023,3442,1.0,14896,arvet
3443,2023,3443,1.0,13635,arvet
3446,2023,3446,1.0,13568,arvet
3447,2023,3447,1.0,5564,arvet
3448,2023,3448,1.0,6527,arvet
3449,2023,3449,1.0,2866,arvet
3450,2023,3450,1.0,1239,arvet
3451,2023,3451,1.0,6401,arvet
3452,2023,3452,1.0,2091,arvet
3453,2023,3453,1.0,3291,arvet
3454,2023,3454,1.0,1636,arvet
3801,2023,3901,1.0,27682,eksakt
3802,2023,3903,1.0,26206,eksakt
3803,2023,3905,1.0,58561,eksakt
3804,2023,3907,1.0,65574,eksakt
3805,2023,3909,1.0,48246,eksakt
3806,2023,4001,1.0,37056,eksakt
3807,2023,4003,1.0,55924,eksakt
3808,2023,4005,1.0,13025,eksakt
3811,2023,3911,1.0,27286,eksakt
3812,2023,4010,1.0,2375,eksakt
3813,2023,4012,1.0,14172,eksakt
3814,2023,4014,1.0,10413,eksakt
3815,2023,4016,1.0,4091,eksakt
3816,2023,4018,1.0,6559,eksakt
3817,2023,4020,1.0,10735,eksakt
3818,2023,4026,1.0,5546,eksakt
3819,2023,4024,1.0,1588,eksakt
3820,2023,4022,1.0,2939,eksakt
3821,2023,4028,1.0,2427,eksakt
3822,2023,4030,1.0,1442,eksakt
3823,2023,4032,1.0,1224,eksakt
3824,2023,4034,1.0,2198,eksakt
3825,2023,4036,1.0,3832,eksakt
4201,2023,4201,1.0,6806,arvet
4202,2023,4202,1.0,24587,arvet
4203,2023,4203,1.0,45891,arvet
4204,2023,4204,1.0,115569,arvet
4205,2023,4205,1.0,23479,arvet
4206,2023,4206,1.0,9860,arvet
4207,2023,4207,1.0,9216,arvet
4211,2023,4211,1.0,2421,arvet
4212,2023,4212,1.0,2143,arvet
4213,2023,4213,1.0,6184,arvet
4214,2023,4214,1.0,6174,arvet
4215,2023,4215,1.0,11419,arvet
4216,2023,4216,1.0,5390,arvet
4217,2023,4217,1.0,1786,arvet
4218,2023,4218,1.0,1344,arvet
4219,2023,4219,1.0,3904,arvet
4220,2023,4220,1.0,1136,arvet
4221,2023,4221,1.0,1180,arvet
4222,2023,4222,1.0,995,arvet
4223,2023,4223,1.0,15294,arvet
4224,2023,4224,1.0,911,arvet
4225,2023,4225,1.0,10751,arvet
4226,2023,4226,1.0,1750,arvet
4227,2023,4227,1.0,6024,arvet
4228,2023,4228,1.0,1837,arvet
4601,2023,4601,1.0,289330,arvet
4602,2023,4602,1.0,17179,arvet
4611,2023,4611,1.0,4073,arvet
4612,2023,4612,1.0,5732,arvet
4613,2023,4613,1.0,12132,arvet
4614,2023,4614,1.0,19098,arvet
4615,2023,4615,1.0,3181,arvet
4616,2023,4616,1.0,2910,arvet
4617,2023,4617,1.0,13058,arvet
4618,2023,4618,1.0,11148,arvet
4619,2023,4619,1.0,962,arvet
4620,2023,4620,1.0,1056,arvet
4621,2023,4621,1.0,16144,arvet
4622,2023,4622,1.0,8531,arvet
4623,2023,4623,1.0,2495,arvet
4624,2023,4624,1.0,25596,arvet
4625,2023,4625,1.0,5297,arvet
4626,2023,4626,1.0,39368,arvet
4627,2023,4627,1.0,29989,arvet
4628,2023,4628,1.0,3875,arvet
4629,2023,4629,1.0,380,arvet
4630,2023,4630,1.0,8152,arvet
4631,2023,4631,1.0,29920,arvet
4632,2023,4632,1.0,2856,arvet
4633,2023,4633,1.0,513,arvet
4634,2023,4634,1.0,1654,arvet
4635,2023,4635,1.0,2228,arvet
4636,2023,4636,1.0,756,arvet
4637,2023,4637,1.0,1268,arvet
4638,2023,4638,1.0,3949,arvet
4639,2023,4639,1.0,2561,arvet
4640,2023,4640,1.0,12198,arvet
4641,2023,4641,1.0,1775,arvet
4642,2023,4642,1.0,2129,arvet
4643,2023,4643,1.0,5172,arvet
4644,2023,4644,1.0,5302,arvet
4645,2023,4645,1.0,2949,arvet
4646,2023,4646,1.0,2913,arvet
4647,2023,4647,1.0,22215,arvet
4648,2023,4648,1.0,3482,arvet
4649,2023,4649,1.0,9543,arvet
4650,2023,4650,1.0,5892,arvet
4651,2023,4651,1.0,7244,arvet
5001,2023,5001,1.0,212660,arvet
5006,2023,5006,1.0,23955,arvet
5007,2023,5007,1.0,14923,arvet
5014,2023,5014,1.0,5391,arvet
5020,2023,5020,1.0,904,arvet
5021,2023,5021,1.0,7256,arvet
5022,2023,5022,1.0,2481,arvet
5025,2023,5025,1.0,5598,arvet
5026,2023,5026,1.0,1997,arvet
5027,2023,5027,1.0,6133,arvet
5028,2023,5028,1.0,17340,arvet
5029,2023,5029,1.0,8441,arvet
5031,2023,5031,1.0,14662,arvet
5032,2023,5032,1.0,4144,arvet
5033,2023,5033,1.0,753,arvet
5034,2023,5034,1.0,2426,arvet
5035,2023,5035,1.0,24541,arvet
5036,2023,5036,1.0,2645,arvet
5037,2023,5037,1.0,20344,arvet
5038,2023,5038,1.0,15002,arvet
5041,2023,5041,1.0,2021,arvet
5042,2023,5042,1.0,1295,arvet
5043,2023,5043,1.0,429,arvet
5044,2023,5044,1.0,814,arvet
5045,2023,5045,1.0,2296,arvet
5046,2023,5046,1.0,1216,arvet
5047,2023,5047,1.0,3873,arvet
5049,2023,5049,1.0,1108,arvet
5052,2023,5052,1.0,582,arvet
5053,2023,5053,1.0,6841,arvet
5054,2023,5054,1.0,9977,arvet
5055,2023,5055,1.0,5880,arvet
5056,2023,5056,1.0,5281,arvet
5057,2023,5057,1.0,10472,arvet
5058,2023,5058,1.0,4252,arvet
5059,2023,5059,1.0,18690,arvet
5060,2023,5060,1.0,9890,arvet
5061,2023,5061,1.0,1957,arvet
5401,2023,5501,1.0,77992,eksakt
5402,2023,5503,1.0,24903,eksakt
5403,2023,5601,1.0,21317,eksakt
5404,2023,5634,1.0,1933,eksakt
5405,2023,5607,1.0,5593,eksakt
5406,2023,5603,1.0,11310,eksakt
5411,2023,5510,1.0,2866,eksakt
5412,2023,5512,1.0,4206,eksakt
5413,2023,5514,1.0,1279,eksakt
5414,2023,5516,1.0,1079,eksakt
5415,2023,5518,1.0,983,eksakt
5416,2023,5520,1.0,3949,eksakt
5417,2023,5522,1.0,2048,eksakt
5418,2023,5524,1.0,6782,eksakt
5419,2023,5526,1.0,3428,eksakt
5420,2023,5528,1.0,1056,eksakt
5421,2023,5530,1.0,14851,eksakt
5422,2023,5532,1.0,5517,eksakt
5423,2023,5534,1.0,2171,eksakt
5424,2023,5536,1.0,2714,eksakt
5425,2023,5538,1.0,1836,eksakt
5426,2023,5540,1.0,2000,eksakt
5427,2023,5542,1.0,2790,eksakt
5428,2023,5544,1.0,4772,eksakt
5429,2023,5546,1.0,1118,eksakt
5430,2023,5612,1.0,2847,eksakt
5432,2023,5614,1.0,862,eksakt
5433,2023,5616,1.0,970,eksakt
5434,2023,5618,1.0,1119,eksakt
5435,2023,5620,1.0,2932,eksakt
5436,2023,5622,1.0,3863,eksakt
5437,2023,5610,1.0,2543,eksakt
5438,2023,5624,1.0,1226,eksakt
5439,2023,5626,1.0,1054,eksakt
5440,2023,5630,1.0,908,eksakt
5441,2023,5628,1.0,2804,eksakt
5442,2023,5636,1.0,864,eksakt
5443,2023,5632,1.0,2117,eksakt
5444,2023,5605,1.0,9850,eksakt
0301,2024,0301,1.0,717710,2024-kode
1101,2024,1101,1.0,15221,2024-kode
1103,2024,1103,1.0,149048,2024-kode
1106,2024,1106,1.0,38292,2024-kode
1108,2024,1108,1.0,83702,2024-kode
1111,2024,1111,1.0,3347,2024-kode
1112,2024,1112,1.0,3226,2024-kode
1114,2024,1114,1.0,2892,2024-kode
1119,2024,1119,1.0,19827,2024-kode
1120,2024,1120,1.0,20900,2024-kode
1121,2024,1121,1.0,19910,2024-kode
1122,2024,1122,1.0,12362,2024-kode
1124,2024,1124,1.0,28685,2024-kode
1127,2024,1127,1.0,11742,2024-kode
1130,2024,1130,1.0,13703,2024-kode
1133,2024,1133,1.0,2643,2024-kode
1134,2024,1134,1.0,3889,2024-kode
1135,2024,1135,1.0,4572,2024-kode
1144,2024,1144,1.0,544,2024-kode
1145,2024,1145,1.0,883,2024-kode
1146,2024,1146,1.0,11570,2024-kode
1149,2024,1149,1.0,43306,2024-kode
1151,2024,1151,1.0,215,2024-kode
1160,2024,1160,1.0,8938,2024-kode
1505,2024,1505,1.0,24404,2024-kode
1506,2024,1506,1.0,32816,2024-kode
1508,2024,1508,1.0,58509,2024-kode
1511,2024,1511,1.0,3026,2024-kode
1514,2024,1514,1.0,2438,2024-kode
1515,2024,1515,1.0,8968,2024-kode
1516,2024,1516,1.0,8861,2024-kode
1517,2024,1517,1.0,5322,2024-kode
1520,2024,1520,1.0,10958,2024-kode
1525,2024,1525,1.0,4348,2024-kode
1528,2024,1528,1.0,7617,2024-kode
1531,2024,1531,1.0,9720,2024-kode
1532,2024,1532,1.0,8691,2024-kode
1535,2024,1535,1.0,7147,2024-kode
1539,2024,1539,1.0,7299,2024-kode
1547,2024,1547,1.0,3678,2024-kode
1554,2024,1554,1.0,5955,2024-kode
1557,2024,1557,1.0,2700,2024-kode
1560,2024,1560,1.0,3041,2024-kode
1563,2024,1563,1.0,7227,2024-kode
1566,2024,1566,1.0,5953,2024-kode
1573,2024,1573,1.0,2159,2024-kode
1576,2024,1576,1.0,3408,2024-kode
1577,2024,1577,1.0,11093,2024-kode
1578,2024,1578,1.0,2492,2024-kode
1579,2024,1579,1.0,13437,2024-kode
1580,2024,1580,1.0,9357,2024-kode
1804,2024,1804,1.0,53712,2024-kode
1806,2024,1806,1.0,21580,2024-kode
1811,2024,1811,1.0,1399,2024-kode
1812,2024,1812,1.0,1976,2024-kode
1813,2024,1813,1.0,7826,2024-kode
1815,2024,1815,1.0,1208,2024-kode
1816,2024,1816,1.0,480,2024-kode
1818,2024,1818,1.0,1842,2024-kode
1820,2024,1820,1.0,7421,2024-kode
1822,2024,1822,1.0,2352,2024-kode
1824,2024,1824,1.0,13469,2024-kode
1825,2024,1825,1.0,1447,2024-kode
1826,2024,1826,1.0,1284,2024-kode
1827,2024,1827,1.0,1427,2024-kode
1828,2024,1828,1.0,1808,2024-kode
1832,2024,1832,1.0,4485,2024-kode
1833,2024,1833,1.0,25994,2024-kode
1834,2024,1834,1.0,1886,2024-kode
1835,2024,1835,1.0,442,2024-kode
1836,2024,1836,1.0,1139,2024-kode
1837,2024,1837,1.0,6180,2024-kode
1838,2024,1838,1.0,1958,2024-kode
1839,2024,1839,1.0,1062,2024-kode
1840,2024,1840,1.0,4880,2024-kode
1841,2024,1841,1.0,9827,2024-kode
1845,2024,1845,1.0,1858,2024-kode
1848,2024,1848,1.0,2672,2024-kode
1851,2024,1851,1.0,2060,2024-kode
1853,2024,1853,1.0,1330,2024-kode
1856,2024,1856,1.0,460,2024-kode
1857,2024,1857,1.0,683,2024-kode
1859,2024,1859,1.0,1229,2024-kode
1860,2024,1860,1.0,11619,2024-kode
1865,2024,1865,1.0,9793,2024-kode
1866,2024,1866,1.0,8236,2024-kode
1867,2024,1867,1.0,2634,2024-kode
1868,2024,1868,1.0,4569,2024-kode
1870,2024,1870,1.0,10618,2024-kode
1871,2024,1871,1.0,4553,2024-kode
1874,2024,1874,1.0,954,2024-kode
1875,2024,1875,1.0,2729,2024-kode
3101,2024,3101,1.0,31935,2024-kode
3103,2024,3103,1.0,52051,2024-kode
3105,2024,3105,1.0,59771,2024-kode
3107,2024,3107,1.0,85230,2024-kode
3110,2024,3110,1.0,4787,2024-kode
3112,2024,3112,1.0,7883,2024-kode
3114,2024,3114,1.0,6145,2024-kode
3116,2024,3116,1.0,3919,2024-kode
3118,2024,3118,1.0,47006,2024-kode
3120,2024,3120,1.0,8420,2024-kode
3122,2024,3122,1.0,3658,2024-kode
3124,2024,3124,1.0,1347,2024-kode
3201,2024,3201,1.0,130921,2024-kode
3203,2024,3203,1.0,98815,2024-kode
3205,2024,3205,1.0,94201,2024-kode
3207,2024,3207,1.0,63560,2024-kode
3209,2024,3209,1.0,43814,2024-kode
3212,2024,3212,1.0,20521,2024-kode
3214,2024,3214,1.0,16244,2024-kode
3216,2024,3216,1.0,19493,2024-kode
3218,2024,3218,1.0,22005,2024-kode
3220,2024,3220,1.0,11482,2024-kode
3222,2024,3222,1.0,48188,2024-kode
3224,2024,3224,1.0,20099,2024-kode
3226,2024,3226,1.0,18058,2024-kode
3228,2024,3228,1.0,24645,2024-kode
3230,2024,3230,1.0,7398,2024-kode
3232,2024,3232,1.0,25882,2024-kode
3234,2024,3234,1.0,9357,2024-kode
3236,2024,3236,1.0,7037,2024-kode
3238,2024,3238,1.0,16126,2024-kode
3240,2024,3240,1.0,27916,2024-kode
3242,2024,3242,1.0,3041,2024-kode
3301,2024,3301,1.0,104487,2024-kode
3303,2024,3303,1.0,28848,2024-kode
3305,2024,3305,1.0,31581,2024-kode
3310,2024,3310,1.0,6989,2024-kode
3312,2024,3312,1.0,28470,2024-kode
3314,2024,3314,1.0,20779,2024-kode
3316,2024,3316,1.0,14665,2024-kode
3318,2024,3318,1.0,2241,2024-kode
3320,2024,3320,1.0,1115,2024-kode
3322,2024,3322,1.0,3301,2024-kode
3324,2024,3324,1.0,4986,2024-kode
3326,2024,3326,1.0,2666,2024-kode
3328,2024,3328,1.0,5007,2024-kode
3330,2024,3330,1.0,4496,2024-kode
3332,2024,3332,1.0,3526,2024-kode
3334,2024,3334,1.0,2781,2024-kode
3336,2024,3336,1.0,1395,2024-kode
3338,2024,3338,1.0,2486,2024-kode
3401,2024,3401,1.0,18058,2024-kode
3403,2024,3403,1.0,32879,2024-kode
3405,2024,3405,1.0,28768,2024-kode
3407,2024,3407,1.0,30903,2024-kode
3411,2024,3411,1.0,35612,2024-kode
3412,2024,3412,1.0,7929,2024-kode
3413,2024,3413,1.0,21605,2024-kode
3414,2024,3414,1.0,4992,2024-kode
3415,2024,3415,1.0,8112,2024-kode
3416,2024,3416,1.0,6040,2024-kode
3417,2024,3417,1.0,4532,2024-kode
3418,2024,3418,1.0,7339,2024-kode
3419,2024,3419,1.0,3615,2024-kode
3420,2024,3420,1.0,21761,2024-kode
3421,2024,3421,1.0,6566,2024-kode
3422,2024,3422,1.0,4289,2024-kode
3423,2024,3423,1.0,2276,2024-kode
3424,2024,3424,1.0,1837,2024-kode
3425,2024,3425,1.0,1361,2024-kode
3426,2024,3426,1.0,1604,2024-kode
3427,2024,3427,1.0,5692,2024-kode
3428,2024,3428,1.0,2526,2024-kode
3429,2024,3429,1.0,1532,2024-kode
3430,2024,3430,1.0,1891,2024-kode
3431,2024,3431,1.0,2503,2024-kode
3432,2024,3432,1.0,1983,2024-kode
3433,2024,3433,1.0,2141,2024-kode
3434,2024,3434,1.0,2212,2024-kode
3435,2024,3435,1.0,3531,2024-kode
3436,2024,3436,1.0,5586,2024-kode
3437,2024,3437,1.0,5756,2024-kode
3438,2024,3438,1.0,3119,2024-kode
3439,2024,3439,1.0,4413,2024-kode
3440,2024,3440,1.0,5124,2024-kode
3441,2024,3441,1.0,6177,2024-kode
3442,2024,3442,1.0,14840,2024-kode
3443,2024,3443,1.0,13691,2024-kode
3446,2024,3446,1.0,13593,2024-kode
3447,2024,3447,1.0,5587,2024-kode
3448,2024,3448,1.0,6510,2024-kode
3449,2024,3449,1.0,2836,2024-kode
3450,2024,3450,1.0,1366,2024-kode
3451,2024,3451,1.0,6562,2024-kode
3452,2024,3452,1.0,2112,2024-kode
3453,2024,3453,1.0,3298,2024-kode
3454,2024,3454,1.0,1645,2024-kode
3901,2024,3901,1.0,27939,2024-kode
3903,2024,3903,1.0,26872,2024-kode
3905,2024,3905,1.0,59174,2024-kode
3907,2024,3907,1.0,66231,2024-kode
3909,2024,3909,1.0,48715,2024-kode
3911,2024,3911,1.0,27501,2024-kode
4001,2024,4001,1.0,37193,2024-kode
4003,2024,4003,1.0,56619,2024-kode
4005,2024,4005,1.0,13266,2024-kode
4010,2024,4010,1.0,2382,2024-kode
4012,2024,4012,1.0,14269,2024-kode
4014,2024,4014,1.0,10445,2024-kode
4016,2024,4016,1.0,4086,2024-kode
4018,2024,4018,1.0,6539,2024-kode
4020,2024,4020,1.0,10904,2024-kode
4022,2024,4022,1.0,2979,2024-kode
4024,2024,4024,1.0,1630,2024-kode
4026,2024,4026,1.0,5533,2024-kode
4028,2024,4028,1.0,2458,2024-kode
4030,2024,4030,1.0,1471,2024-kode
4032,2024,4032,1.0,1256,2024-kode
4034,2024,4034,1.0,2212,2024-kode
4036,2024,4036,1.0,3851,2024-kode
4201,2024,4201,1.0,6825,2024-kode
4202,2024,4202,1.0,24969,2024-kode
4203,2024,4203,1.0,46355,2024-kode
4204,2024,4204,1.0,116986,2024-kode
4205,2024,4205,1.0,23690,2024-kode
4206,2024,4206,1.0,9876,2024-kode
4207,2024,4207,1.0,9279,2024-kode
4211,2024,4211,1.0,2444,2024-kode
4212,2024,4212,1.0,2268,2024-kode
4213,2024,4213,1.0,6323,2024-kode
4214,2024,4214,1.0,6236,2024-kode
4215,2024,4215,1.0,11523,2024-kode
4216,2024,4216,1.0,5480,2024-kode
4217,2024,4217,1.0,1802,2024-kode
4218,2024,4218,1.0,1380,2024-kode
4219,2024,4219,1.0,3967,2024-kode
4220,2024,4220,1.0,1180,2024-kode
4221,2024,4221,1.0,1205,2024-kode
4222,2024,4222,1.0,1011,2024-kode
4223,2024,4223,1.0,15452,2024-kode
4224,2024,4224,1.0,923,2024-kode
4225,2024,4225,1.0,10835,2024-kode
4226,2024,4226,1.0,1776,2024-kode
4227,2024,4227,1.0,6192,2024-kode
4228,2024,4228,1.0,1873,2024-kode
4601,2024,4601,1.0,291940,2024-kode
4602,2024,4602,1.0,17349,2024-kode
4611,2024,4611,1.0,4072,2024-kode
4612,2024,4612,1.0,5742,2024-kode
4613,2024,4613,1.0,12268,2024-kode
4614,2024,4614,1.0,19287,2024-kode
4615,2024,4615,1.0,3203,2024-kode
4616,2024,4616,1.0,2922,2024-kode
4617,2024,4617,1.0,13089,2024-kode
4618,2024,4618,1.0,11017,2024-kode
4619,2024,4619,1.0,968,2024-kode
4620,2024,4620,1.0,1089,2024-kode
4621,2024,4621,1.0,16471,2024-kode
4622,2024,4622,1.0,8496,2024-kode
4623,2024,4623,1.0,2502,2024-kode
4624,2024,4624,1.0,26080,2024-kode
4625,2024,4625,1.0,5300,2024-kode
4626,2024,4626,1.0,39768,2024-kode
4627,2024,4627,1.0,30145,2024-kode
4628,2024,4628,1.0,3852,2024-kode
4629,2024,4629,1.0,384,2024-kode
4630,2024,4630,1.0,8200,2024-kode
4631,2024,4631,1.0,29986,2024-kode
4632,2024,4632,1.0,2881,2024-kode
4633,2024,4633,1.0,519,2024-kode
4634,2024,4634,1.0,1694,2024-kode
4635,2024,4635,1.0,2234,2024-kode
4636,2024,4636,1.0,750,2024-kode
4637,2024,4637,1.0,1268,2024-kode
4638,2024,4638,1.0,3879,2024-kode
4639,2024,4639,1.0,2551,2024-kode
4640,2024,4640,1.0,12319,2024-kode
4641,2024,4641,1.0,1800,2024-kode
4642,2024,4642,1.0,2160,2024-kode
4643,2024,4643,1.0,5239,2024-kode
4644,2024,4644,1.0,5371,2024-kode
4645,2024,4645,1.0,2986,2024-kode
4646,2024,4646,1.0,2869,2024-kode
4647,2024,4647,1.0,22450,2024-kode
4648,2024,4648,1.0,3392,2024-kode
4649,2024,4649,1.0,9610,2024-kode
4650,2024,4650,1.0,5926,2024-kode
4651,2024,4651,1.0,7271,2024-kode
5001,2024,5001,1.0,214565,2024-kode
5006,2024,5006,1.0,24032,2024-kode
5007,2024,5007,1.0,15083,2024-kode
5014,2024,5014,1.0,5453,2024-kode
5020,2024,5020,1.0,898,2024-kode
5021,2024,5021,1.0,7389,2024-kode
5022,2024,5022,1.0,2484,2024-kode
5025,2024,5025,1.0,5685,2024-kode
5026,2024,5026,1.0,2035,2024-kode
5027,2024,5027,1.0,6140,2024-kode
5028,2024,5028,1.0,17560,2024-kode
5029,2024,5029,1.0,8484,2024-kode
5031,2024,5031,1.0,14783,2024-kode
5032,2024,5032,1.0,4216,2024-kode
5033,2024,5033,1.0,773,2024-kode
5034,2024,5034,1.0,2454,2024-kode
5035,2024,5035,1.0,24717,2024-kode
5036,2024,5036,1.0,2645,2024-kode
5037,2024,5037,1.0,20574,2024-kode
5038,2024,5038,1.0,15193,2024-kode
5041,2024,5041,1.0,2114,2024-kode
5042,2024,5042,1.0,1301,2024-kode
5043,2024,5043,1.0,423,2024-kode
5044,2024,5044,1.0,810,2024-kode
5045,2024,5045,1.0,2322,2024-kode
5046,2024,5046,1.0,1222,2024-kode
5047,2024,5047,1.0,3924,2024-kode
5049,2024,5049,1.0,1116,2024-kode
5052,2024,5052,1.0,604,2024-kode
5053,2024,5053,1.0,6938,2024-kode
5054,2024,5054,1.0,10023,2024-kode
5055,2024,5055,1.0,6093,2024-kode
5056,2024,5056,1.0,5323,2024-kode
5057,2024,5057,1.0,10522,2024-kode
5058,2024,5058,1.0,4339,2024-kode
5059,2024,5059,1.0,18793,2024-kode
5060,2024,5060,1.0,9968,2024-kode
5061,2024,5061,1.0,1958,2024-kode
5501,2024,5501,1.0,78745,2024-kode
5503,2024,5503,1.0,25056,2024-kode
5510,2024,5510,1.0,2845,2024-kode
5512,2024,5512,1.0,4281,2024-kode
5514,2024,5514,1.0,1311,2024-kode
5516,2024,5516,1.0,1070,2024-kode
5518,2024,5518,1.0,986,2024-kode
5520,2024,5520,1.0,3986,2024-kode
5522,2024,5522,1.0,2069,2024-kode
5524,2024,5524,1.0,6714,2024-kode
5526,2024,5526,1.0,3485,2024-kode
5528,2024,5528,1.0,1073,2024-kode
5530,2024,5530,1.0,14894,2024-kode
5532,2024,5532,1.0,5571,2024-kode
5534,2024,5534,1.0,2237,2024-kode
5536,2024,5536,1.0,2743,2024-kode
5538,2024,5538,1.0,1825,2024-kode
5540,2024,5540,1.0,1974,2024-kode
5542,2024,5542,1.0,2794,2024-kode
5544,2024,5544,1.0,4794,2024-kode
5546,2024,5546,1.0,1157,2024-kode
5601,2024,5601,1.0,21708,2024-kode
5603,2024,5603,1.0,11338,2024-kode
5605,2024,5605,1.0,10063,2024-kode
5607,2024,5607,1.0,5807,2024-kode
5610,2024,5610,1.0,2565,2024-kode
5612,2024,5612,1.0,2848,2024-kode
5614,2024,5614,1.0,864,2024-kode
5616,2024,5616,1.0,979,2024-kode
5618,2024,5618,1.0,1113,2024-kode
5620,2024,5620,1.0,2951,2024-kode
5622,2024,5622,1.0,3889,2024-kode
5624,2024,5624,1.0,1215,2024-kode
5626,2024,5626,1.0,1070,2024-kode
5628,2024,5628,1.0,2807,2024-kode
5630,2024,5630,1.0,892,2024-kode
5632,2024,5632,1.0,2113,2024-kode
5634,2024,5634,1.0,1972,2024-kode
5636,2024,5636,1.0,859,2024-kode
0301,2025,0301,1.0,724290,2024-kode
1101,2025,1101,1.0,15375,2024-kode
1103,2025,1103,1.0,150123,2024-kode
1106,2025,1106,1.0,38441,2024-kode
1108,2025,1108,1.0,84908,2024-kode
1111,2025,1111,1.0,3371,2024-kode
1112,2025,1112,1.0,3259,2024-kode
1114,2025,1114,1.0,2905,2024-kode
1119,2025,1119,1.0,20067,2024-kode
1120,2025,1120,1.0,21186,2024-kode
1121,2025,1121,1.0,20157,2024-kode
1122,2025,1122,1.0,12536,2024-kode
1124,2025,1124,1.0,29153,2024-kode
1127,2025,1127,1.0,11795,2024-kode
1130,2025,1130,1.0,13813,2024-kode
1133,2025,1133,1.0,2681,2024-kode
1134,2025,1134,1.0,3939,2024-kode
1135,2025,1135,1.0,4600,2024-kode
1144,2025,1144,1.0,570,2024-kode
1145,2025,1145,1.0,893,2024-kode
1146,2025,1146,1.0,11715,2024-kode
1149,2025,1149,1.0,43723,2024-kode
1151,2025,1151,1.0,217,2024-kode
1160,2025,1160,1.0,9069,2024-kode
1505,2025,1505,1.0,24578,2024-kode
1506,2025,1506,1.0,33163,2024-kode
1508,2025,1508,1.0,59198,2024-kode
1511,2025,1511,1.0,3048,2024-kode
1514,2025,1514,1.0,2435,2024-kode
1515,2025,1515,1.0,9031,2024-kode
1516,2025,1516,1.0,8862,2024-kode
1517,2025,1517,1.0,5320,2024-kode
1520,2025,1520,1.0,11055,2024-kode
1525,2025,1525,1.0,4380,2024-kode
1528,2025,1528,1.0,7626,2024-kode
1531,2025,1531,1.0,9759,2024-kode
1532,2025,1532,1.0,8773,2024-kode
1535,2025,1535,1.0,7242,2024-kode
1539,2025,1539,1.0,7196,2024-kode
1547,2025,1547,1.0,3759,2024-kode
1554,2025,1554,1.0,5992,2024-kode
1557,2025,1557,1.0,2708,2024-kode
1560,2025,1560,1.0,3077,2024-kode
1563,2025,1563,1.0,7193,2024-kode
1566,2025,1566,1.0,5950,2024-kode
1573,2025,1573,1.0,2168,2024-kode
1576,2025,1576,1.0,3394,2024-kode
1577,2025,1577,1.0,11131,2024-kode
1578,2025,1578,1.0,2506,2024-kode
1579,2025,1579,1.0,13460,2024-kode
1580,2025,1580,1.0,9409,2024-kode
1804,2025,1804,1.0,53725,2024-kode
1806,2025,1806,1.0,21591,2024-kode
1811,2025,1811,1.0,1374,2024-kode
1812,2025,1812,1.0,1979,2024-kode
1813,2025,1813,1.0,7838,2024-kode
1815,2025,1815,1.0,1207,2024-kode
1816,2025,1816,1.0,470,2024-kode
1818,2025,1818,1.0,1888,2024-kode
1820,2025,1820,1.0,7465,2024-kode
1822,2025,1822,1.0,2354,2024-kode
1824,2025,1824,1.0,13475,2024-kode
1825,2025,1825,1.0,1430,2024-kode
1826,2025,1826,1.0,1274,2024-kode
1827,2025,1827,1.0,1447,2024-kode
1828,2025,1828,1.0,1770,2024-kode
1832,2025,1832,1.0,4485,2024-kode
1833,2025,1833,1.0,25927,2024-kode
1834,2025,1834,1.0,1948,2024-kode
1835,2025,1835,1.0,463,2024-kode
1836,2025,1836,1.0,1160,2024-kode
1837,2025,1837,1.0,6104,2024-kode
1838,2025,1838,1.0,2003,2024-kode
1839,2025,1839,1.0,1059,2024-kode
1840,2025,1840,1.0,4822,2024-kode
1841,2025,1841,1.0,9805,2024-kode
1845,2025,1845,1.0,1851,2024-kode
1848,2025,1848,1.0,2662,2024-kode
1851,2025,1851,1.0,2067,2024-kode
1853,2025,1853,1.0,1362,2024-kode
1856,2025,1856,1.0,458,2024-kode
1857,2025,1857,1.0,677,2024-kode
1859,2025,1859,1.0,1266,2024-kode
1860,2025,1860,1.0,11582,2024-kode
1865,2025,1865,1.0,9871,2024-kode
1866,2025,1866,1.0,8400,2024-kode
1867,2025,1867,1.0,2617,2024-kode
1868,2025,1868,1.0,4628,2024-kode
1870,2025,1870,1.0,10781,2024-kode
1871,2025,1871,1.0,4542,2024-kode
1874,2025,1874,1.0,969,2024-kode
1875,2025,1875,1.0,2786,2024-kode
3101,2025,3101,1.0,32038,2024-kode
3103,2025,3103,1.0,52646,2024-kode
3105,2025,3105,1.0,60139,2024-kode
3107,2025,3107,1.0,85862,2024-kode
3110,2025,3110,1.0,4777,2024-kode
3112,2025,3112,1.0,7850,2024-kode
3114,2025,3114,1.0,6162,2024-kode
3116,2025,3116,1.0,3956,2024-kode
3118,2025,3118,1.0,47449,2024-kode
3120,2025,3120,1.0,8527,2024-kode
3122,2025,3122,1.0,3655,2024-kode
3124,2025,3124,1.0,1346,2024-kode
3201,2025,3201,1.0,132358,2024-kode
3203,2025,3203,1.0,100492,2024-kode
3205,2025,3205,1.0,95762,2024-kode
3207,2025,3207,1.0,64668,2024-kode
3209,2025,3209,1.0,45066,2024-kode
3212,2025,3212,1.0,20698,2024-kode
3214,2025,3214,1.0,16337,2024-kode
3216,2025,3216,1.0,19855,2024-kode
3218,2025,3218,1.0,22344,2024-kode
3220,2025,3220,1.0,11549,2024-kode
3222,2025,3222,1.0,50013,2024-kode
3224,2025,3224,1.0,20509,2024-kode
3226,2025,3226,1.0,18314,2024-kode
3228,2025,3228,1.0,24897,2024-kode
3230,2025,3230,1.0,7453,2024-kode
3232,2025,3232,1.0,26023,2024-kode
3234,2025,3234,1.0,9420,2024-kode
3236,2025,3236,1.0,7043,2024-kode
3238,2025,3238,1.0,16505,2024-kode
3240,2025,3240,1.0,28352,2024-kode
3242,2025,3242,1.0,3022,2024-kode
3301,2025,3301,1.0,105452,2024-kode
3303,2025,3303,1.0,29011,2024-kode
3305,2025,3305,1.0,31793,2024-kode
3310,2025,3310,1.0,7065,2024-kode
3312,2025,3312,1.0,28642,2024-kode
3314,2025,3314,1.0,20861,2024-kode
3316,2025,3316,1.0,14664,2024-kode
3318,2025,3318,1.0,2235,2024-kode
3320,2025,3320,1.0,1117,2024-kode
3322,2025,3322,1.0,3266,2024-kode
3324,2025,3324,1.0,4888,2024-kode
3326,2025,3326,1.0,2685,2024-kode
3328,2025,3328,1.0,4835,2024-kode
3330,2025,3330,1.0,4527,2024-kode
3332,2025,3332,1.0,3530,2024-kode
3334,2025,3334,1.0,2797,2024-kode
3336,2025,3336,1.0,1414,2024-kode
3338,2025,3338,1.0,2466,2024-kode
3401,2025,3401,1.0,18109,2024-kode
3403,2025,3403,1.0,33441,2024-kode
3405,2025,3405,1.0,29011,2024-kode
3407,2025,3407,1.0,31175,2024-kode
3411,2025,3411,1.0,35911,2024-kode
3412,2025,3412,1.0,7931,2024-kode
3413,2025,3413,1.0,21691,2024-kode
3414,2025,3414,1.0,5006,2024-kode
3415,2025,3415,1.0,8150,2024-kode
3416,2025,3416,1.0,6059,2024-kode
3417,2025,3417,1.0,4513,2024-kode
3418,2025,3418,1.0,7247,2024-kode
3419,2025,3419,1.0,3559,2024-kode
3420,2025,3420,1.0,21899,2024-kode
3421,2025,3421,1.0,6542,2024-kode
3422,2025,3422,1.0,4205,2024-kode
3423,2025,3423,1.0,2250,2024-kode
3424,2025,3424,1.0,1846,2024-kode
3425,2025,3425,1.0,1326,2024-kode
3426,2025,3426,1.0,1606,2024-kode
3427,2025,3427,1.0,5722,2024-kode
3428,2025,3428,1.0,2509,2024-kode
3429,2025,3429,1.0,1540,2024-kode
3430,2025,3430,1.0,1895,2024-kode
3431,2025,3431,1.0,2516,2024-kode
3432,2025,3432,1.0,2006,2024-kode
3433,2025,3433,1.0,2179,2024-kode
3434,2025,3434,1.0,2215,2024-kode
3435,2025,3435,1.0,3529,2024-kode
3436,2025,3436,1.0,5553,2024-kode
3437,2025,3437,1.0,5623,2024-kode
3438,2025,3438,1.0,3128,2024-kode
3439,2025,3439,1.0,4447,2024-kode
3440,2025,3440,1.0,5134,2024-kode
3441,2025,3441,1.0,6174,2024-kode
3442,2025,3442,1.0,14827,2024-kode
3443,2025,3443,1.0,13649,2024-kode
3446,2025,3446,1.0,13660,2024-kode
3447,2025,3447,1.0,5597,2024-kode
3448,2025,3448,1.0,6544,2024-kode
3449,2025,3449,1.0,2822,2024-kode
3450,2025,3450,1.0,1254,2024-kode
3451,2025,3451,1.0,6455,2024-kode
3452,2025,3452,1.0,2142,2024-kode
3453,2025,3453,1.0,3311,2024-kode
3454,2025,3454,1.0,1648,2024-kode
3901,2025,3901,1.0,28039,2024-kode
3903,2025,3903,1.0,27005,2024-kode
3905,2025,3905,1.0,59830,2024-kode
3907,2025,3907,1.0,66758,2024-kode
3909,2025,3909,1.0,48870,2024-kode
3911,2025,3911,1.0,27569,2024-kode
4001,2025,4001,1.0,37289,2024-kode
4003,2025,4003,1.0,56866,2024-kode
4005,2025,4005,1.0,13333,2024-kode
4010,2025,4010,1.0,2389,2024-kode
4012,2025,4012,1.0,14310,2024-kode
4014,2025,4014,1.0,10446,2024-kode
4016,2025,4016,1.0,4067,2024-kode
4018,2025,4018,1.0,6558,2024-kode
4020,2025,4020,1.0,11135,2024-kode
4022,2025,4022,1.0,2981,2024-kode
4024,2025,4024,1.0,1646,2024-kode
4026,2025,4026,1.0,5529,2024-kode
4028,2025,4028,1.0,2473,2024-kode
4030,2025,4030,1.0,1486,2024-kode
4032,2025,4032,1.0,1256,2024-kode
4034,2025,4034,1.0,2238,2024-kode
4036,2025,4036,1.0,3861,2024-kode
4201,2025,4201,1.0,6687,2024-kode
4202,2025,4202,1.0,25419,2024-kode
4203,2025,4203,1.0,46568,2024-kode
4204,2025,4204,1.0,118221,2024-kode
4205,2025,4205,1.0,23768,2024-kode
4206,2025,4206,1.0,9880,2024-kode
4207,2025,4207,1.0,9329,2024-kode
4211,2025,4211,1.0,2492,2024-kode
4212,2025,4212,1.0,2285,2024-kode
4213,2025,4213,1.0,6464,2024-kode
4214,2025,4214,1.0,6260,2024-kode
4215,2025,4215,1.0,11734,2024-kode
4216,2025,4216,1.0,5413,2024-kode
4217,2025,4217,1.0,1778,2024-kode
4218,2025,4218,1.0,1399,2024-kode
4219,2025,4219,1.0,3828,2024-kode
4220,2025,4220,1.0,1162,2024-kode
4221,2025,4221,1.0,1205,2024-kode
4222,2025,4222,1.0,1039,2024-kode
4223,2025,4223,1.0,15622,2024-kode
4224,2025,4224,1.0,915,2024-kode
4225,2025,4225,1.0,10869,2024-kode
4226,2025,4226,1.0,1786,2024-kode
4227,2025,4227,1.0,6163,2024-kode
4228,2025,4228,1.0,1902,2024-kode
4601,2025,4601,1.0,293709,2024-kode
4602,2025,4602,1.0,17419,2024-kode
4611,2025,4611,1.0,4093,2024-kode
4612,2025,4612,1.0,5752,2024-kode
4613,2025,4613,1.0,12365,2024-kode
4614,2025,4614,1.0,19350,2024-kode
4615,2025,4615,1.0,3208,2024-kode
4616,2025,4616,1.0,2986,2024-kode
4617,2025,4617,1.0,13175,2024-kode
4618,2025,4618,1.0,10981,2024-kode
4619,2025,4619,1.0,967,2024-kode
4620,2025,4620,1.0,1100,2024-kode
4621,2025,4621,1.0,16436,2024-kode
4622,2025,4622,1.0,8517,2024-kode
4623,2025,4623,1.0,2491,2024-kode
4624,2025,4624,1.0,26342,2024-kode
4625,2025,4625,1.0,5437,2024-kode
4626,2025,4626,1.0,40105,2024-kode
4627,2025,4627,1.0,30377,2024-kode
4628,2025,4628,1.0,3875,2024-kode
4629,2025,4629,1.0,392,2024-kode
4630,2025,4630,1.0,8172,2024-kode
4631,2025,4631,1.0,30169,2024-kode
4632,2025,4632,1.0,2915,2024-kode
4633,2025,4633,1.0,521,2024-kode
4634,2025,4634,1.0,1687,2024-kode
4635,2025,4635,1.0,2260,2024-kode
4636,2025,4636,1.0,740,2024-kode
4637,2025,4637,1.0,1281,2024-kode
4638,2025,4638,1.0,3894,2024-kode
4639,2025,4639,1.0,2550,2024-kode
4640,2025,4640,1.0,12496,2024-kode
4641,2025,4641,1.0,1836,2024-kode
4642,2025,4642,1.0,2188,2024-kode
4643,2025,4643,1.0,5213,2024-kode
4644,2025,4644,1.0,5432,2024-kode
4645,2025,4645,1.0,2930,2024-kode
4646,2025,4646,1.0,2924,2024-kode
4647,2025,4647,1.0,22662,2024-kode
4648,2025,4648,1.0,3361,2024-kode
4649,2025,4649,1.0,9655,2024-kode
4650,2025,4650,1.0,5936,2024-kode
4651,2025,4651,1.0,7311,2024-kode
5001,2025,5001,1.0,216518,2024-kode
5006,2025,5006,1.0,24064,2024-kode
5007,2025,5007,1.0,15154,2024-kode
5014,2025,5014,1.0,5655,2024-kode
5020,2025,5020,1.0,891,2024-kode
5021,2025,5021,1.0,7408,2024-kode
5022,2025,5022,1.0,2513,2024-kode
5025,2025,5025,1.0,5681,2024-kode
5026,2025,5026,1.0,2048,2024-kode
5027,2025,5027,1.0,6141,2024-kode
5028,2025,5028,1.0,17812,2024-kode
5029,2025,5029,1.0,8521,2024-kode
5031,2025,5031,1.0,15023,2024-kode
5032,2025,5032,1.0,4233,2024-kode
5033,2025,5033,1.0,786,2024-kode
5034,2025,5034,1.0,2472,2024-kode
5035,2025,5035,1.0,24927,2024-kode
5036,2025,5036,1.0,2661,2024-kode
5037,2025,5037,1.0,20732,2024-kode
5038,2025,5038,1.0,15412,2024-kode
5041,2025,5041,1.0,2138,2024-kode
5042,2025,5042,1.0,1316,2024-kode
5043,2025,5043,1.0,443,2024-kode
5044,2025,5044,1.0,811,2024-kode
5045,2025,5045,1.0,2314,2024-kode
5046,2025,5046,1.0,1235,2024-kode
5047,2025,5047,1.0,3946,2024-kode
5049,2025,5049,1.0,1121,2024-kode
5052,2025,5052,1.0,593,2024-kode
5053,2025,5053,1.0,7031,2024-kode
5054,2025,5054,1.0,10042,2024-kode
5055,2025,5055,1.0,6134,2024-kode
5056,2025,5056,1.0,5414,2024-kode
5057,2025,5057,1.0,10627,2024-kode
5058,2025,5058,1.0,4342,2024-kode
5059,2025,5059,1.0,18798,2024-kode
5060,2025,5060,1.0,9921,2024-kode
5061,2025,5061,1.0,1937,2024-kode
5501,2025,5501,1.0,79421,2024-kode
5503,2025,5503,1.0,25167,2024-kode
5510,2025,5510,1.0,2852,2024-kode
5512,2025,5512,1.0,4209,2024-kode
5514,2025,5514,1.0,1301,2024-kode
5516,2025,5516,1.0,1062,2024-kode
5518,2025,5518,1.0,985,2024-kode
5520,2025,5520,1.0,3961,2024-kode
5522,2025,5522,1.0,2116,2024-kode
5524,2025,5524,1.0,6794,2024-kode
5526,2025,5526,1.0,3533,2024-kode
5528,2025,5528,1.0,1069,2024-kode
5530,2025,5530,1.0,14948,2024-kode
5532,2025,5532,1.0,5595,2024-kode
5534,2025,5534,1.0,2223,2024-kode
5536,2025,5536,1.0,2734,2024-kode
5538,2025,5538,1.0,1829,2024-kode
5540,2025,5540,1.0,1955,2024-kode
5542,2025,5542,1.0,2784,2024-kode
5544,2025,5544,1.0,4810,2024-kode
5546,2025,5546,1.0,1131,2024-kode
5601,2025,5601,1.0,21877,2024-kode
5603,2025,5603,1.0,11324,2024-kode
5605,2025,5605,1.0,9963,2024-kode
5607,2025,5607,1.0,5777,2024-kode
5610,2025,5610,1.0,2524,2024-kode
5612,2025,5612,1.0,2852,2024-kode
5614,2025,5614,1.0,864,2024-kode
5616,2025,5616,1.0,977,2024-kode
5618,2025,5618,1.0,1098,2024-kode
5620,2025,5620,1.0,2956,2024-kode
5622,2025,5622,1.0,3896,2024-kode
5624,2025,5624,1.0,1238,2024-kode
5626,2025,5626,1.0,1051,2024-kode
5628,2025,5628,1.0,2798,2024-kode
5630,2025,5630,1.0,890,2024-kode
5632,2025,5632,1.0,2107,2024-kode
5634,2025,5634,1.0,1982,2024-kode
5636,2025,5636,1.0,868,2024-kode
0301,2026,0301,1.0,728714,2024-kode
1101,2026,1101,1.0,15546,2024-kode
1103,2026,1103,1.0,151669,2024-kode
1106,2026,1106,1.0,38663,2024-kode
1108,2026,1108,1.0,85785,2024-kode
1111,2026,1111,1.0,3356,2024-kode
1112,2026,1112,1.0,3229,2024-kode
1114,2026,1114,1.0,2894,2024-kode
1119,2026,1119,1.0,20087,2024-kode
1120,2026,1120,1.0,21444,2024-kode
1121,2026,1121,1.0,20461,2024-kode
1122,2026,1122,1.0,12715,2024-kode
1124,2026,1124,1.0,29541,2024-kode
1127,2026,1127,1.0,11841,2024-kode
1130,2026,1130,1.0,13959,2024-kode
1133,2026,1133,1.0,2612,2024-kode
1134,2026,1134,1.0,3891,2024-kode
1135,2026,1135,1.0,4603,2024-kode
1144,2026,1144,1.0,579,2024-kode
1145,2026,1145,1.0,907,2024-kode
1146,2026,1146,1.0,11750,2024-kode
1149,2026,1149,1.0,43990,2024-kode
1151,2026,1151,1.0,219,2024-kode
1160,2026,1160,1.0,9181,2024-kode
1505,2026,1505,1.0,24479,2024-kode
1506,2026,1506,1.0,33291,2024-kode
1508,2026,1508,1.0,59663,2024-kode
1511,2026,1511,1.0,3029,2024-kode
1514,2026,1514,1.0,2437,2024-kode
1515,2026,1515,1.0,9003,2024-kode
1516,2026,1516,1.0,8958,2024-kode
1517,2026,1517,1.0,5411,2024-kode
1520,2026,1520,1.0,11068,2024-kode
1525,2026,1525,1.0,4333,2024-kode
1528,2026,1528,1.0,7626,2024-kode
1531,2026,1531,1.0,9798,2024-kode
1532,2026,1532,1.0,8828,2024-kode
1535,2026,1535,1.0,7315,2024-kode
1539,2026,1539,1.0,7195,2024-kode
1547,2026,1547,1.0,3780,2024-kode
1554,2026,1554,1.0,6007,2024-kode
1557,2026,1557,1.0,2740,2024-kode
1560,2026,1560,1.0,3066,2024-kode
1563,2026,1563,1.0,7094,2024-kode
1566,2026,1566,1.0,5982,2024-kode
1573,2026,1573,1.0,2141,2024-kode
1576,2026,1576,1.0,3371,2024-kode
1577,2026,1577,1.0,11009,2024-kode
1578,2026,1578,1.0,2547,2024-kode
1579,2026,1579,1.0,13538,2024-kode
1580,2026,1580,1.0,9460,2024-kode
1804,2026,1804,1.0,53638,2024-kode
1806,2026,1806,1.0,21647,2024-kode
1811,2026,1811,1.0,1361,2024-kode
1812,2026,1812,1.0,2006,2024-kode
1813,2026,1813,1.0,7841,2024-kode
1815,2026,1815,1.0,1202,2024-kode
1816,2026,1816,1.0,477,2024-kode
1818,2026,1818,1.0,1874,2024-kode
1820,2026,1820,1.0,7489,2024-kode
1822,2026,1822,1.0,2392,2024-kode
1824,2026,1824,1.0,13481,2024-kode
1825,2026,1825,1.0,1415,2024-kode
1826,2026,1826,1.0,1255,2024-kode
1827,2026,1827,1.0,1445,2024-kode
1828,2026,1828,1.0,1796,2024-kode
1832,2026,1832,1.0,4486,2024-kode
1833,2026,1833,1.0,25844,2024-kode
1834,2026,1834,1.0,1953,2024-kode
1835,2026,1835,1.0,443,2024-kode
1836,2026,1836,1.0,1140,2024-kode
1837,2026,1837,1.0,6074,2024-kode
1838,2026,1838,1.0,2024,2024-kode
1839,2026,1839,1.0,1032,2024-kode
1840,2026,1840,1.0,4865,2024-kode
1841,2026,1841,1.0,9707,2024-kode
1845,2026,1845,1.0,1819,2024-kode
1848,2026,1848,1.0,2679,2024-kode
1851,2026,1851,1.0,1964,2024-kode
1853,2026,1853,1.0,1397,2024-kode
1856,2026,1856,1.0,471,2024-kode
1857,2026,1857,1.0,656,2024-kode
1859,2026,1859,1.0,1235,2024-kode
1860,2026,1860,1.0,11606,2024-kode
1865,2026,1865,1.0,9905,2024-kode
1866,2026,1866,1.0,8374,2024-kode
1867,2026,1867,1.0,2609,2024-kode
1868,2026,1868,1.0,4613,2024-kode
1870,2026,1870,1.0,10748,2024-kode
1871,2026,1871,1.0,4525,2024-kode
1874,2026,1874,1.0,976,2024-kode
1875,2026,1875,1.0,2808,2024-kode
3101,2026,3101,1.0,32082,2024-kode
3103,2026,3103,1.0,53207,2024-kode
3105,2026,3105,1.0,60614,2024-kode
3107,2026,3107,1.0,86243,2024-kode
3110,2026,3110,1.0,4714,2024-kode
3112,2026,3112,1.0,7892,2024-kode
3114,2026,3114,1.0,6229,2024-kode
3116,2026,3116,1.0,3940,2024-kode
3118,2026,3118,1.0,47943,2024-kode
3120,2026,3120,1.0,8583,2024-kode
3122,2026,3122,1.0,3647,2024-kode
3124,2026,3124,1.0,1354,2024-kode
3201,2026,3201,1.0,133228,2024-kode
3203,2026,3203,1.0,101509,2024-kode
3205,2026,3205,1.0,96771,2024-kode
3207,2026,3207,1.0,65381,2024-kode
3209,2026,3209,1.0,45982,2024-kode
3212,2026,3212,1.0,21005,2024-kode
3214,2026,3214,1.0,16429,2024-kode
3216,2026,3216,1.0,20167,2024-kode
3218,2026,3218,1.0,22725,2024-kode
3220,2026,3220,1.0,11697,2024-kode
3222,2026,3222,1.0,51511,2024-kode
3224,2026,3224,1.0,20904,2024-kode
3226,2026,3226,1.0,18458,2024-kode
3228,2026,3228,1.0,24948,2024-kode
3230,2026,3230,1.0,7478,2024-kode
3232,2026,3232,1.0,26032,2024-kode
3234,2026,3234,1.0,9463,2024-kode
3236,2026,3236,1.0,7040,2024-kode
3238,2026,3238,1.0,16662,2024-kode
3240,2026,3240,1.0,28739,2024-kode
3242,2026,3242,1.0,3078,2024-kode
3301,2026,3301,1.0,106013,2024-kode
3303,2026,3303,1.0,29169,2024-kode
3305,2026,3305,1.0,31942,2024-kode
3310,2026,3310,1.0,7205,2024-kode
3312,2026,3312,1.0,28797,2024-kode
3314,2026,3314,1.0,20965,2024-kode
3316,2026,3316,1.0,14776,2024-kode
3318,2026,3318,1.0,2276,2024-kode
3320,2026,3320,1.0,1122,2024-kode
3322,2026,3322,1.0,3234,2024-kode
3324,2026,3324,1.0,4902,2024-kode
3326,2026,3326,1.0,2707,2024-kode
3328,2026,3328,1.0,5106,2024-kode
3330,2026,3330,1.0,4552,2024-kode
3332,2026,3332,1.0,3514,2024-kode
3334,2026,3334,1.0,2790,2024-kode
3336,2026,3336,1.0,1452,2024-kode
3338,2026,3338,1.0,2459,2024-kode
3401,2026,3401,1.0,18191,2024-kode
3403,2026,3403,1.0,33817,2024-kode
3405,2026,3405,1.0,29669,2024-kode
3407,2026,3407,1.0,31350,2024-kode
3411,2026,3411,1.0,36199,2024-kode
3412,2026,3412,1.0,7951,2024-kode
3413,2026,3413,1.0,21839,2024-kode
3414,2026,3414,1.0,4978,2024-kode
3415,2026,3415,1.0,8165,2024-kode
3416,2026,3416,1.0,6103,2024-kode
3417,2026,3417,1.0,4463,2024-kode
3418,2026,3418,1.0,7216,2024-kode
3419,2026,3419,1.0,3614,2024-kode
3420,2026,3420,1.0,21937,2024-kode
3421,2026,3421,1.0,6474,2024-kode
3422,2026,3422,1.0,4191,2024-kode
3423,2026,3423,1.0,2239,2024-kode
3424,2026,3424,1.0,1836,2024-kode
3425,2026,3425,1.0,1287,2024-kode
3426,2026,3426,1.0,1609,2024-kode
3427,2026,3427,1.0,5762,2024-kode
3428,2026,3428,1.0,2492,2024-kode
3429,2026,3429,1.0,1525,2024-kode
3430,2026,3430,1.0,1871,2024-kode
3431,2026,3431,1.0,2523,2024-kode
3432,2026,3432,1.0,1966,2024-kode
3433,2026,3433,1.0,2185,2024-kode
3434,2026,3434,1.0,2239,2024-kode
3435,2026,3435,1.0,3553,2024-kode
3436,2026,3436,1.0,5493,2024-kode
3437,2026,3437,1.0,5469,2024-kode
3438,2026,3438,1.0,3108,2024-kode
3439,2026,3439,1.0,4497,2024-kode
3440,2026,3440,1.0,5130,2024-kode
3441,2026,3441,1.0,6147,2024-kode
3442,2026,3442,1.0,14925,2024-kode
3443,2026,3443,1.0,13612,2024-kode
3446,2026,3446,1.0,13689,2024-kode
3447,2026,3447,1.0,5603,2024-kode
3448,2026,3448,1.0,6510,2024-kode
3449,2026,3449,1.0,2841,2024-kode
3450,2026,3450,1.0,1593,2024-kode
3451,2026,3451,1.0,6424,2024-kode
3452,2026,3452,1.0,2190,2024-kode
3453,2026,3453,1.0,3347,2024-kode
3454,2026,3454,1.0,1666,2024-kode
3901,2026,3901,1.0,28173,2024-kode
3903,2026,3903,1.0,27086,2024-kode
3905,2026,3905,1.0,60246,2024-kode
3907,2026,3907,1.0,67062,2024-kode
3909,2026,3909,1.0,49022,2024-kode
3911,2026,3911,1.0,27743,2024-kode
4001,2026,4001,1.0,37435,2024-kode
4003,2026,4003,1.0,56906,2024-kode
4005,2026,4005,1.0,13389,2024-kode
4010,2026,4010,1.0,2377,2024-kode
4012,2026,4012,1.0,14267,2024-kode
4014,2026,4014,1.0,10378,2024-kode
4016,2026,4016,1.0,4056,2024-kode
4018,2026,4018,1.0,6529,2024-kode
4020,2026,4020,1.0,11157,2024-kode
4022,2026,4022,1.0,2959,2024-kode
4024,2026,4024,1.0,1638,2024-kode
4026,2026,4026,1.0,5515,2024-kode
4028,2026,4028,1.0,2463,2024-kode
4030,2026,4030,1.0,1509,2024-kode
4032,2026,4032,1.0,1274,2024-kode
4034,2026,4034,1.0,2242,2024-kode
4036,2026,4036,1.0,3829,2024-kode
4201,2026,4201,1.0,6683,2024-kode
4202,2026,4202,1.0,25569,2024-kode
4203,2026,4203,1.0,46603,2024-kode
4204,2026,4204,1.0,119287,2024-kode
4205,2026,4205,1.0,23702,2024-kode
4206,2026,4206,1.0,9949,2024-kode
4207,2026,4207,1.0,9373,2024-kode
4211,2026,4211,1.0,2502,2024-kode
4212,2026,4212,1.0,2253,2024-kode
4213,2026,4213,1.0,6430,2024-kode
4214,2026,4214,1.0,6299,2024-kode
4215,2026,4215,1.0,11822,2024-kode
4216,2026,4216,1.0,5447,2024-kode
4217,2026,4217,1.0,1805,2024-kode
4218,2026,4218,1.0,1386,2024-kode
4219,2026,4219,1.0,3842,2024-kode
4220,2026,4220,1.0,1167,2024-kode
4221,2026,4221,1.0,1209,2024-kode
4222,2026,4222,1.0,1057,2024-kode
4223,2026,4223,1.0,15772,2024-kode
4224,2026,4224,1.0,904,2024-kode
4225,2026,4225,1.0,10922,2024-kode
4226,2026,4226,1.0,1794,2024-kode
4227,2026,4227,1.0,6242,2024-kode
4228,2026,4228,1.0,1911,2024-kode
4601,2026,4601,1.0,294860,2024-kode
4602,2026,4602,1.0,17356,2024-kode
4611,2026,4611,1.0,4115,2024-kode
4612,2026,4612,1.0,5766,2024-kode
4613,2026,4613,1.0,12531,2024-kode
4614,2026,4614,1.0,19276,2024-kode
4615,2026,4615,1.0,3237,2024-kode
4616,2026,4616,1.0,3053,2024-kode
4617,2026,4617,1.0,13236,2024-kode
4618,2026,4618,1.0,10929,2024-kode
4619,2026,4619,1.0,985,2024-kode
4620,2026,4620,1.0,1114,2024-kode
4621,2026,4621,1.0,16438,2024-kode
4622,2026,4622,1.0,8490,2024-kode
4623,2026,4623,1.0,2489,2024-kode
4624,2026,4624,1.0,26753,2024-kode
4625,2026,4625,1.0,5515,2024-kode
4626,2026,4626,1.0,40641,2024-kode
4627,2026,4627,1.0,30600,2024-kode
4628,2026,4628,1.0,3899,2024-kode
4629,2026,4629,1.0,397,2024-kode
4630,2026,4630,1.0,8231,2024-kode
4631,2026,4631,1.0,30285,2024-kode
4632,2026,4632,1.0,2947,2024-kode
4633,2026,4633,1.0,529,2024-kode
4634,2026,4634,1.0,1672,2024-kode
4635,2026,4635,1.0,2301,2024-kode
4636,2026,4636,1.0,742,2024-kode
4637,2026,4637,1.0,1275,2024-kode
4638,2026,4638,1.0,3883,2024-kode
4639,2026,4639,1.0,2532,2024-kode
4640,2026,4640,1.0,12552,2024-kode
4641,2026,4641,1.0,1866,2024-kode
4642,2026,4642,1.0,2223,2024-kode
4643,2026,4643,1.0,5178,2024-kode
4644,2026,4644,1.0,5478,2024-kode
4645,2026,4645,1.0,2924,2024-kode
4646,2026,4646,1.0,2948,2024-kode
4647,2026,4647,1.0,22804,2024-kode
4648,2026,4648,1.0,3381,2024-kode
4649,2026,4649,1.0,9616,2024-kode
4650,2026,4650,1.0,5976,2024-kode
4651,2026,4651,1.0,7319,2024-kode
5001,2026,5001,1.0,218460,2024-kode
5006,2026,5006,1.0,24007,2024-kode
5007,2026,5007,1.0,15112,2024-kode
5014,2026,5014,1.0,5794,2024-kode
5020,2026,5020,1.0,911,2024-kode
5021,2026,5021,1.0,7421,2024-kode
5022,2026,5022,1.0,2514,2024-kode
5025,2026,5025,1.0,5638,2024-kode
5026,2026,5026,1.0,2037,2024-kode
5027,2026,5027,1.0,6088,2024-kode
5028,2026,5028,1.0,17828,2024-kode
5029,2026,5029,1.0,8574,2024-kode
5031,2026,5031,1.0,14961,2024-kode
5032,2026,5032,1.0,4258,2024-kode
5033,2026,5033,1.0,773,2024-kode
5034,2026,5034,1.0,2460,2024-kode
5035,2026,5035,1.0,25108,2024-kode
5036,2026,5036,1.0,2667,2024-kode
5037,2026,5037,1.0,20807,2024-kode
5038,2026,5038,1.0,15435,2024-kode
5041,2026,5041,1.0,2141,2024-kode
5042,2026,5042,1.0,1302,2024-kode
5043,2026,5043,1.0,439,2024-kode
5044,2026,5044,1.0,803,2024-kode
5045,2026,5045,1.0,2292,2024-kode
5046,2026,5046,1.0,1230,2024-kode
5047,2026,5047,1.0,3944,2024-kode
5049,2026,5049,1.0,1110,2024-kode
5052,2026,5052,1.0,596,2024-kode
5053,2026,5053,1.0,7066,2024-kode
5054,2026,5054,1.0,10006,2024-kode
5055,2026,5055,1.0,6075,2024-kode
5056,2026,5056,1.0,5568,2024-kode
5057,2026,5057,1.0,10706,2024-kode
5058,2026,5058,1.0,4340,2024-kode
5059,2026,5059,1.0,18840,2024-kode
5060,2026,5060,1.0,9920,2024-kode
5061,2026,5061,1.0,1935,2024-kode
5501,2026,5501,1.0,79943,2024-kode
5503,2026,5503,1.0,25204,2024-kode
5510,2026,5510,1.0,2901,2024-kode
5512,2026,5512,1.0,4144,2024-kode
5514,2026,5514,1.0,1287,2024-kode
5516,2026,5516,1.0,1062,2024-kode
5518,2026,5518,1.0,1002,2024-kode
5520,2026,5520,1.0,4004,2024-kode
5522,2026,5522,1.0,2132,2024-kode
5524,2026,5524,1.0,6819,2024-kode
5526,2026,5526,1.0,3528,2024-kode
5528,2026,5528,1.0,1077,2024-kode
5530,2026,5530,1.0,14946,2024-kode
5532,2026,5532,1.0,5625,2024-kode
5534,2026,5534,1.0,2235,2024-kode
5536,2026,5536,1.0,2732,2024-kode
5538,2026,5538,1.0,1848,2024-kode
5540,2026,5540,1.0,1939,2024-kode
5542,2026,5542,1.0,2802,2024-kode
5544,2026,5544,1.0,4863,2024-kode
5546,2026,5546,1.0,1125,2024-kode
5601,2026,5601,1.0,22074,2024-kode
5603,2026,5603,1.0,11391,2024-kode
5605,2026,5605,1.0,9947,2024-kode
5607,2026,5607,1.0,5808,2024-kode
5610,2026,5610,1.0,2524,2024-kode
5612,2026,5612,1.0,2886,2024-kode
5614,2026,5614,1.0,846,2024-kode
5616,2026,5616,1.0,987,2024-kode
5618,2026,5618,1.0,1089,2024-kode
5620,2026,5620,1.0,2945,2024-kode
5622,2026,5622,1.0,3906,2024-kode
5624,2026,5624,1.0,1249,2024-kode
5626,2026,5626,1.0,1019,2024-kode
5628,2026,5628,1.0,2806,2024-kode
5630,2026,5630,1.0,864,2024-kode
5632,2026,5632,1.0,2104,2024-kode
5634,2026,5634,1.0,1969,2024-kode
5636,2026,5636,1.0,874,2024-kode
