kom2024,aar,stemmeberettigede,avgitte_stemmer,godkjente_stemmer,forkastede_stemmer,blanke_stemmer,rettede_stemmer,forhandsstemmer,forhandsstemmer_prosent,valgdeltakelse_prosent
0301,1987,373872,277787,276431,1356,0,28579,,,74.3
1101,1987,8825,5939,5926,13,0,2450,,,67.3
1103,1987,75759,52877,52761,116,0,9354,,,69.8
1106,1987,20839,14483,14236,247,0,4321,,,69.5
1108,1987,31181,21860,21823,37,0,4583,,,70.11
1111,1987,2595,1920,1920,0,0,838,,,74.0
1112,1987,2176,1654,1647,7,0,984,,,76.0
1114,1987,1609,1237,1228,9,0,793,,,76.9
1119,1987,8845,6430,6402,28,0,3715,,,72.7
1120,1987,8114,5534,5527,7,0,2006,,,68.2
1121,1987,7992,5954,5938,16,0,2259,,,74.5
1122,1987,4555,3448,3436,12,0,1468,,,75.7
1124,1987,10441,7455,7449,6,0,2083,,,71.4
1127,1987,4842,3593,3571,22,0,1591,,,74.2
1130,1987,6409,4313,4308,5,0,1957,,,67.3
1133,1987,2046,1504,1500,4,0,1122,,,73.5
1134,1987,3068,2071,2062,9,0,1270,,,67.5
1135,1987,4137,3057,3045,12,0,1237,,,73.9
1144,1987,384,287,287,0,0,243,,,74.7
1145,1987,535,400,398,2,0,313,,,74.8
1146,1987,5318,3584,3570,14,0,1972,,,67.4
1149,1987,24606,15231,15194,37,0,5139,,,61.9
1151,1987,187,149,148,1,0,126,,,79.7
1160,1987,5788,4176,4159,17,0,2896,,,72.15
1505,1987,17036,11273,11222,51,0,2468,,,66.17
1506,1987,21831,14292,14278,14,0,5165,,,65.47
1508,1987,30842,20598,20486,112,0,6227,,,66.79
1511,1987,2831,1857,1848,9,0,1272,,,65.6
1514,1987,2496,1780,1772,8,0,1222,,,71.3
1515,1987,5909,3823,3795,28,0,2245,,,64.7
1516,1987,3989,2812,2801,11,0,1499,,,70.5
1517,1987,3214,2137,2119,18,0,1082,,,66.5
1520,1987,7522,5160,5139,21,0,2927,,,68.6
1525,1987,3646,2366,2357,9,0,1324,,,64.9
1528,1987,4984,3344,3340,4,0,1856,,,67.1
1531,1987,4921,3405,3380,25,0,1758,,,69.2
1532,1987,4354,2917,2908,9,0,1738,,,67.0
1535,1987,4789,2797,2785,12,0,1429,,,58.4
1539,1987,6000,3954,3934,20,0,1807,,,65.9
1547,1987,2188,1376,1372,4,0,818,,,62.9
1554,1987,4141,2617,2611,6,0,1254,,,63.2
1557,1987,2097,1531,1523,8,0,1009,,,73.0
1560,1987,2672,1838,1833,5,0,901,,,68.8
1563,1987,5766,3846,3844,2,0,1368,,,66.7
1566,1987,4967,3139,3135,4,0,1573,,,63.2
1573,1987,2163,1458,1445,13,0,778,,,67.4
1576,1987,4683,3202,3191,11,0,2099,,,68.38
1577,1987,5846,4104,4088,16,0,2252,,,70.2
1578,1987,2309,1504,1499,5,0,792,,,65.14
1579,1987,8577,5704,5678,26,0,3226,,,66.51
1580,1987,6413,4412,4384,28,0,2557,,,68.8
1804,1987,26488,16502,16462,40,0,2686,,,62.3
1806,1987,16987,10731,10675,56,0,2680,,,63.17
1811,1987,1633,1220,1212,8,0,789,,,74.7
1812,1987,1616,1120,1113,7,0,488,,,69.3
1813,1987,5147,3124,3121,3,0,1134,,,60.7
1815,1987,1253,891,887,4,0,373,,,71.1
1816,1987,539,410,409,1,0,269,,,76.1
1818,1987,1603,946,944,2,0,452,,,59.0
1820,1987,5646,3286,3274,12,0,964,,,58.2
1822,1987,1790,1183,1173,10,0,697,,,66.1
1824,1987,10126,6339,6328,11,0,1341,,,62.6
1825,1987,1349,920,918,2,0,249,,,68.2
1826,1987,1328,955,954,1,0,322,,,71.9
1827,1987,1416,940,937,3,0,493,,,66.4
1828,1987,1353,997,994,3,0,502,,,73.7
1832,1987,3740,2663,2649,14,0,1222,,,71.2
1833,1987,19264,11250,11236,14,0,1593,,,58.4
1834,1987,1795,1233,1231,2,0,793,,,68.7
1835,1987,419,297,295,2,0,152,,,70.9
1836,1987,1331,1001,999,2,0,865,,,75.2
1837,1987,5149,3671,3663,8,0,2046,,,71.3
1838,1987,2076,1416,1405,11,0,684,,,68.2
1839,1987,1154,892,883,9,0,341,,,77.3
1840,1987,3947,2538,2526,12,0,753,,,64.3
1841,1987,8556,5958,5939,19,0,1568,,,69.64
1845,1987,2193,1452,1445,7,0,505,,,66.2
1848,1987,2582,1619,1609,10,0,932,,,62.7
1851,1987,2246,1563,1562,1,0,288,,,69.6
1853,1987,1367,950,945,5,0,439,,,69.5
1856,1987,524,387,386,1,0,207,,,73.9
1857,1987,714,416,415,1,0,293,,,58.3
1859,1987,1256,848,830,18,0,609,,,67.5
1860,1987,8080,4977,4919,58,0,1691,,,61.6
1865,1987,7070,3924,3896,28,0,1170,,,55.5
1866,1987,6625,3882,3851,31,0,1370,,,58.6
1867,1987,3228,2098,2070,28,0,1041,,,65.0
1868,1987,3745,2127,2118,9,0,777,,,56.8
1870,1987,6167,3885,3877,8,0,1053,,,63.0
1871,1987,5206,3582,3573,9,0,1477,,,68.8
1874,1987,1145,701,698,3,0,516,,,61.2
1875,1987,3815,2564,2556,8,0,1404,,,67.2
3101,1987,20626,14892,14827,65,0,1504,,,72.2
3103,1987,28533,19177,19120,57,0,2185,,,67.21
3105,1987,36206,24730,24607,123,0,2997,,,68.3
3107,1987,50721,35663,35522,141,0,5633,,,70.31
3110,1987,2289,1570,1560,10,0,332,,,68.6
3112,1987,4427,3170,3166,4,0,675,,,71.6
3114,1987,2695,1892,1884,8,0,601,,,70.2
3116,1987,2285,1586,1581,5,0,489,,,69.4
3118,1987,26288,18248,18188,60,0,4878,,,69.42
3120,1987,5359,3982,3974,8,0,1016,,,74.3
3122,1987,2740,2077,2075,2,0,888,,,75.8
3124,1987,1143,905,904,1,0,278,,,79.2
3201,1987,67710,49902,49793,109,0,6752,,,73.7
3203,1987,46662,34506,34418,88,0,5246,,,73.95
3205,1987,40443,28672,28605,67,0,2711,,,70.89
3207,1987,31138,21830,21779,51,0,2653,,,70.11
3209,1987,13633,9325,9305,20,0,1586,,,68.4
3212,1987,9010,6415,6385,30,0,1259,,,71.2
3214,1987,7534,5477,5451,26,0,1319,,,72.7
3216,1987,7860,5439,5437,2,0,772,,,69.2
3218,1987,8754,6382,6371,11,0,1398,,,72.9
3220,1987,5527,3847,3832,15,0,713,,,69.6
3222,1987,18394,13041,13034,7,0,1563,,,70.9
3224,1987,10187,7141,7128,13,0,875,,,70.1
3226,1987,10279,7440,7407,33,0,1335,,,72.38
3228,1987,11665,8387,8353,34,0,1543,,,71.9
3230,1987,2638,2002,1994,8,0,619,,,75.9
3232,1987,11574,8229,8213,16,0,1097,,,71.1
3234,1987,5703,4135,4119,16,0,1145,,,72.5
3236,1987,4455,3083,3072,11,0,565,,,69.2
3238,1987,5948,4080,4055,25,0,504,,,68.6
3240,1987,12275,8912,8858,54,0,1123,,,72.6
3242,1987,1886,1450,1447,3,0,646,,,76.9
3301,1987,58830,42791,42588,203,0,3277,,,72.74
3303,1987,16301,11753,11715,38,0,1658,,,72.1
3305,1987,21180,15207,15115,92,0,2020,,,71.8
3310,1987,3328,2376,2346,30,0,737,,,71.4
3312,1987,14012,10411,10246,165,0,1139,,,74.3
3314,1987,11122,7763,7711,52,0,1016,,,69.8
3316,1987,9466,6503,6470,33,0,974,,,68.7
3318,1987,1826,1459,1456,3,0,698,,,79.9
3320,1987,973,833,830,3,0,466,,,85.6
3322,1987,2637,1959,1950,9,0,968,,,74.3
3324,1987,3128,2143,2139,4,0,984,,,68.5
3326,1987,1246,976,972,4,0,524,,,78.3
3328,1987,3621,2578,2564,14,0,1244,,,71.2
3330,1987,3659,2481,2479,2,0,1101,,,67.8
3332,1987,2945,2303,2301,2,0,1033,,,78.2
3334,1987,1948,1453,1451,2,0,510,,,74.6
3336,1987,1127,913,907,6,0,344,,,81.0
3338,1987,2275,1711,1705,6,0,654,,,75.2
3401,1987,13676,9190,9139,51,0,915,,,67.2
3403,1987,12786,9436,9429,7,0,1026,,,73.8
3405,1987,17563,11943,11918,25,0,1243,,,68.0
3407,1987,20460,14445,14403,42,0,1580,,,70.6
3411,1987,23617,16036,15936,100,0,1097,,,67.9
3412,1987,5338,3843,3815,28,0,510,,,72.0
3413,1987,13782,9813,9759,54,0,1194,,,71.2
3414,1987,4238,3068,3055,13,0,546,,,72.4
3415,1987,5872,4480,4345,135,0,625,,,76.3
3416,1987,5186,3506,3496,10,0,472,,,67.6
3417,1987,4934,3439,3416,23,0,464,,,69.7
3418,1987,6955,4507,4480,27,0,913,,,64.8
3419,1987,3643,2521,2509,12,0,1024,,,69.2
3420,1987,13121,8765,8732,33,0,844,,,66.8
3421,1987,5812,3964,3895,69,0,533,,,68.2
3422,1987,3619,2729,2706,23,0,486,,,75.4
3423,1987,2734,2031,2014,17,0,364,,,74.3
3424,1987,2137,1637,1630,7,0,324,,,76.6
3425,1987,1356,1139,1133,6,0,347,,,84.0
3426,1987,1448,1037,1030,7,0,278,,,71.6
3427,1987,4142,2916,2907,9,0,595,,,70.4
3428,1987,1908,1435,1430,5,0,385,,,75.2
3429,1987,1570,1311,1306,5,0,498,,,83.5
3430,1987,1540,1143,1143,0,0,275,,,74.2
3431,1987,2430,1808,1794,14,0,471,,,74.4
3432,1987,1891,1388,1383,5,0,698,,,73.4
3433,1987,2069,1519,1513,6,0,495,,,73.4
3434,1987,2105,1423,1418,5,0,591,,,67.6
3435,1987,3092,2211,2202,9,0,627,,,71.5
3436,1987,4821,3187,3171,16,0,458,,,66.1
3437,1987,4995,3207,3184,23,0,847,,,64.2
3438,1987,2715,1944,1938,6,0,773,,,71.6
3439,1987,4048,2967,2959,8,0,700,,,73.3
3440,1987,3414,2465,2446,19,0,860,,,72.2
3441,1987,5006,3559,3537,22,0,786,,,71.1
3442,1987,11084,7947,7922,25,0,1088,,,71.7
3443,1987,10371,7094,7057,37,0,1241,,,68.4
3446,1987,9691,7365,7299,66,0,947,,,76.0
3447,1987,4958,3639,3624,15,0,550,,,73.4
3448,1987,5574,3673,3666,7,0,865,,,65.9
3449,1987,2874,1894,1889,5,0,667,,,65.9
3450,1987,1331,1002,999,3,0,499,,,75.3
3451,1987,5065,3434,3418,16,0,1146,,,67.8
3452,1987,1880,1254,1244,10,0,641,,,66.7
3453,1987,2404,1661,1657,4,0,781,,,69.1
3454,1987,8301,6007,5984,23,0,1349,,,72.37
3901,1987,17154,12231,12206,25,0,1933,,,71.3
3903,1987,19183,14081,14057,24,0,3085,,,73.41
3905,1987,24778,17766,17707,59,0,2464,,,71.7
3907,1987,37192,25897,25840,57,0,5208,,,69.63
3909,1987,30452,21617,21572,45,0,4323,,,70.99
3911,1987,16396,11817,11784,33,0,2222,,,72.07
4001,1987,24529,16140,16110,30,0,1607,,,65.8
4003,1987,36629,25494,25416,78,0,2032,,,69.6
4005,1987,9983,7218,7196,22,0,1281,,,72.3
4010,1987,1578,1092,1089,3,0,321,,,69.2
4012,1987,9796,6436,6403,33,0,1014,,,65.7
4014,1987,8281,5449,5445,4,0,1059,,,65.8
4016,1987,3438,2400,2388,12,0,670,,,69.8
4018,1987,5627,3725,3693,32,0,855,,,66.2
4020,1987,6839,4783,4770,13,0,1519,,,69.94
4022,1987,2375,1392,1386,6,0,420,,,58.6
4024,1987,1359,976,972,4,0,341,,,71.8
4026,1987,5548,4350,4322,28,0,1161,,,78.4
4028,1987,2268,1533,1529,4,0,496,,,67.6
4030,1987,1109,908,905,3,0,514,,,81.9
4032,1987,1088,832,824,8,0,290,,,76.5
4034,1987,2150,1666,1661,5,0,670,,,77.5
4036,1987,3014,2152,2147,5,0,681,,,71.4
4201,1987,5304,3660,3639,21,0,1101,,,69.0
4202,1987,11137,7339,7328,11,0,2365,,,65.9
4203,1987,28048,19096,19030,66,0,5543,,,68.08
4204,1987,56785,38316,38218,98,0,8668,,,67.48
4205,1987,14943,10342,10301,41,0,4982,,,69.21
4206,1987,6935,4834,4792,42,0,2388,,,69.7
4207,1987,6662,4677,4670,7,0,2059,,,70.2
4211,1987,1965,1362,1358,4,0,565,,,69.3
4212,1987,1382,1161,1157,4,0,635,,,84.0
4213,1987,4372,3196,3168,28,0,1338,,,73.1
4214,1987,2836,1974,1968,6,0,733,,,69.6
4215,1987,5656,3818,3814,4,0,1426,,,67.5
4216,1987,2868,2105,2097,8,0,1163,,,73.4
4217,1987,1586,1148,1143,5,0,642,,,72.4
4218,1987,765,583,581,2,0,373,,,76.2
4219,1987,2513,1812,1807,5,0,618,,,72.1
4220,1987,1116,780,779,1,0,378,,,69.9
4221,1987,1141,904,903,1,0,664,,,79.2
4222,1987,514,376,374,2,0,223,,,73.2
4223,1987,8162,5950,5900,50,0,1693,,,72.9
4224,1987,654,530,524,6,0,400,,,81.0
4225,1987,4570,3295,3289,6,0,1765,,,72.1
4226,1987,1155,889,886,3,0,640,,,77.0
4227,1987,4212,2767,2759,8,0,1328,,,65.7
4228,1987,1255,988,987,1,0,806,,,78.7
4601,1987,162762,105470,105297,173,0,9265,,,64.8
4602,1987,11796,7759,7591,168,0,3409,,,65.77
4611,1987,2951,2036,2028,8,0,1301,,,69.0
4612,1987,3174,2276,2263,13,0,1601,,,71.7
4613,1987,6620,4846,4787,59,0,2302,,,73.2
4614,1987,9911,6888,6872,16,0,1977,,,69.5
4615,1987,2049,1578,1571,7,0,891,,,77.0
4616,1987,2181,1527,1518,9,0,1118,,,70.0
4617,1987,9454,6202,6160,42,0,3509,,,65.6
4618,1987,10582,7335,7310,25,0,2359,,,69.32
4619,1987,816,643,639,4,0,373,,,78.8
4620,1987,976,744,738,6,0,476,,,76.2
4621,1987,11700,8086,8068,18,0,2233,,,69.11
4622,1987,6525,4411,4295,116,0,1690,,,67.6
4623,1987,1782,1180,1175,5,0,622,,,66.2
4624,1987,11312,7830,7780,50,0,3664,,,69.22
4625,1987,2965,1972,1959,13,0,1235,,,66.5
4626,1987,14562,9821,9785,36,0,3789,,,67.44
4627,1987,13029,8456,8420,36,0,2177,,,64.9
4628,1987,3621,2549,2536,13,0,850,,,70.4
4629,1987,251,150,147,3,0,0,,,59.8
4630,1987,4999,3849,3830,19,0,1608,,,77.0
4631,1987,14264,10020,9997,23,0,4350,,,70.25
4632,1987,1901,1224,1217,7,0,686,,,64.4
4633,1987,593,443,443,0,0,303,,,74.7
4634,1987,1406,1070,1064,6,0,828,,,76.1
4635,1987,2011,1303,1294,9,0,913,,,64.8
4636,1987,874,567,566,1,0,377,,,64.9
4637,1987,1352,876,871,5,0,519,,,64.8
4638,1987,3790,2509,2500,9,0,913,,,66.2
4639,1987,1939,1249,1243,6,0,692,,,64.4
4640,1987,5670,3772,3755,17,0,1963,,,66.52
4641,1987,1464,1082,1075,7,0,701,,,73.9
4642,1987,3859,2826,2815,11,0,1378,,,73.23
4643,1987,4935,3267,3241,26,0,1220,,,66.2
4644,1987,4030,2837,2822,15,0,1720,,,70.4
4645,1987,2539,1546,1538,8,0,924,,,60.9
4646,1987,4676,3270,3253,17,0,1963,,,69.93
4647,1987,9979,6647,6629,18,0,3179,,,66.61
4648,1987,3593,2479,2474,5,0,1446,,,69.0
4649,1987,6341,4321,4308,13,0,2440,,,68.14
4650,1987,5566,4151,4130,21,0,2644,,,74.57
4651,1987,4927,3385,3360,25,0,2070,,,68.7
5001,1987,107766,74167,73936,231,0,8750,,,68.82
5006,1987,19729,13412,13348,64,0,2877,,,67.98
5007,1987,9530,6589,6567,22,0,1521,,,69.14
5014,1987,3391,2187,2168,19,0,1047,,,64.5
5020,1987,1990,1364,1355,9,0,783,,,68.55
5021,1987,4696,3386,3370,16,0,1455,,,72.1
5022,1987,2273,1525,1523,2,0,693,,,67.1
5025,1987,4257,3142,3132,10,0,1613,,,73.8
5026,1987,2067,1608,1604,4,0,451,,,77.8
5027,1987,4678,3373,3371,2,0,1057,,,72.1
5028,1987,8845,6324,6293,31,0,1401,,,71.5
5029,1987,3985,2877,2870,7,0,838,,,72.2
5031,1987,6710,4623,4603,20,0,788,,,68.9
5032,1987,3154,2299,2291,8,0,870,,,72.9
5033,1987,773,684,683,1,0,361,,,88.5
5034,1987,2243,1525,1511,14,0,709,,,68.0
5035,1987,12498,8361,8321,40,0,1805,,,66.9
5036,1987,1878,1399,1398,1,0,563,,,74.5
5037,1987,12345,8481,8424,57,0,2042,,,68.7
5038,1987,9721,6581,6551,30,0,1658,,,67.7
5041,1987,1995,1524,1518,6,0,634,,,76.4
5042,1987,1366,854,852,2,0,408,,,62.5
5043,1987,519,424,424,0,0,272,,,81.7
5044,1987,943,700,698,2,0,345,,,74.2
5045,1987,1999,1557,1552,5,0,539,,,77.9
5046,1987,1075,844,842,2,0,548,,,78.5
5047,1987,2727,1996,1993,3,0,460,,,73.2
5049,1987,1149,795,793,2,0,544,,,69.2
5052,1987,681,479,478,1,0,325,,,70.3
5053,1987,7520,5652,5640,12,0,1989,,,75.16
5054,1987,5053,3325,3301,24,0,1437,,,65.8
5055,1987,4238,3047,3037,10,0,1212,,,71.9
5056,1987,3324,2111,2099,12,0,876,,,63.5
5057,1987,7360,4839,4821,18,0,1477,,,65.74
5058,1987,2781,1877,1862,15,0,848,,,67.5
5059,1987,12635,8729,8705,24,0,3071,,,69.09
5060,1987,7077,4900,4884,16,0,1712,,,69.24
5061,1987,1796,1160,1152,8,0,769,,,64.6
5501,1987,37057,23272,23171,101,0,3959,,,62.8
5503,1987,17399,10827,10779,48,0,2746,,,62.23
5510,1987,2812,1814,1801,13,0,645,,,64.5
5512,1987,3978,2658,2640,18,0,1561,,,66.82
5514,1987,1843,1307,1298,9,0,1030,,,70.9
5516,1987,1195,908,896,12,0,635,,,76.0
5518,1987,923,772,769,3,0,503,,,83.6
5520,1987,2936,2120,2114,6,0,721,,,72.2
5522,1987,1911,1307,1304,3,0,480,,,68.4
5524,1987,5680,3499,3475,24,0,992,,,61.6
5526,1987,2567,1625,1618,7,0,736,,,63.3
5528,1987,1310,841,839,2,0,519,,,64.2
5530,1987,11993,7877,7828,49,0,3248,,,65.68
5532,1987,5118,3091,3081,10,0,1057,,,60.4
5534,1987,2149,1395,1389,6,0,796,,,64.9
5536,1987,2679,1776,1759,17,0,1053,,,66.3
5538,1987,1344,1091,1072,19,0,950,,,81.2
5540,1987,2192,1629,1602,27,0,1076,,,74.3
5542,1987,2351,1455,1438,17,0,742,,,61.9
5544,1987,3527,2229,2207,22,0,1005,,,63.2
5546,1987,1317,930,928,2,0,650,,,70.6
5601,1987,10145,5671,5631,40,0,1424,,,55.9
5603,1987,8162,4668,4631,37,0,1085,,,57.19
5605,1987,7389,4810,4781,29,0,999,,,65.1
5607,1987,4468,2748,2745,3,0,712,,,61.5
5610,1987,1944,1421,1412,9,0,911,,,73.1
5612,1987,1958,1247,1237,10,0,965,,,63.7
5614,1987,1369,909,905,4,0,693,,,66.4
5616,1987,1097,755,743,12,0,481,,,68.8
5618,1987,1496,902,884,18,0,360,,,60.3
5620,1987,3234,1782,1769,13,0,508,,,55.1
5622,1987,3317,1954,1928,26,0,678,,,58.9
5624,1987,1334,794,784,10,0,278,,,59.5
5626,1987,1086,717,709,8,0,352,,,66.0
5628,1987,2418,1705,1671,34,0,1097,,,70.5
5630,1987,1120,776,770,6,0,378,,,69.3
5632,1987,1821,967,961,6,0,262,,,53.1
5634,1987,2472,1518,1508,10,0,518,,,61.4
5636,1987,791,630,627,3,0,476,,,79.6
0301,1991,382031,272388,271073,1315,0,35744,,,71.3
1101,1991,9120,6074,6064,10,0,3138,,,66.6
1103,1991,79383,53284,53174,110,0,8855,,,67.12
1106,1991,21771,14086,14045,41,0,4184,,,64.7
1108,1991,33728,23038,22997,41,0,5221,,,68.31
1111,1991,2602,1845,1841,4,0,1017,,,70.9
1112,1991,2232,1551,1550,1,0,934,,,69.5
1114,1991,1662,1305,1305,0,0,858,,,78.5
1119,1991,9126,6379,6357,22,0,3472,,,69.9
1120,1991,8585,5838,5808,30,0,1859,,,68.0
1121,1991,8505,6217,6215,2,0,2268,,,73.1
1122,1991,5143,3585,3581,4,0,1211,,,69.7
1124,1991,11630,7757,7746,11,0,1790,,,66.7
1127,1991,5369,3742,3734,8,0,1457,,,69.7
1130,1991,6763,4795,4772,23,0,2329,,,70.9
1133,1991,2017,1513,1507,6,0,982,,,75.0
1134,1991,3024,2141,2139,2,0,1264,,,70.8
1135,1991,4057,2840,2838,2,0,1035,,,70.0
1144,1991,373,283,281,2,0,225,,,75.9
1145,1991,547,400,400,0,0,274,,,73.1
1146,1991,5637,3670,3659,11,0,1782,,,65.1
1149,1991,25470,15537,15509,28,0,5500,,,61.0
1151,1991,172,142,140,2,0,126,,,82.6
1160,1991,5903,4054,4046,8,0,2683,,,68.68
1505,1991,17200,10258,10199,59,0,2975,,,59.64
1506,1991,22437,13979,13946,33,0,4395,,,62.3
1508,1991,31839,19507,19463,44,0,6062,,,61.27
1511,1991,2928,1836,1830,6,0,1241,,,62.7
1514,1991,2469,1822,1807,15,0,1103,,,73.8
1515,1991,6135,4141,4120,21,0,2762,,,67.5
1516,1991,4281,2945,2935,10,0,1405,,,68.8
1517,1991,3317,2332,2322,10,0,1255,,,70.3
1520,1991,7669,5115,5097,18,0,2549,,,66.7
1525,1991,3582,2450,2445,5,0,1338,,,68.4
1528,1991,5185,3474,3440,34,0,1720,,,67.0
1531,1991,5006,3134,3127,7,0,1714,,,62.6
1532,1991,4527,2897,2892,5,0,1519,,,64.0
1535,1991,4861,3043,3035,8,0,1471,,,62.6
1539,1991,6046,3718,3714,4,0,1982,,,61.5
1547,1991,2235,1397,1396,1,0,870,,,62.5
1554,1991,4268,2693,2687,6,0,1405,,,63.1
1557,1991,2131,1479,1476,3,0,787,,,69.4
1560,1991,2670,1858,1857,1,0,1109,,,69.6
1563,1991,5877,3761,3754,7,0,1123,,,64.0
1566,1991,4989,3228,3219,9,0,1579,,,64.7
1573,1991,2079,1341,1338,3,0,786,,,64.5
1576,1991,4700,3154,3150,4,0,2028,,,67.11
1577,1991,6040,4186,4169,17,0,2208,,,69.3
1578,1991,2327,1543,1537,6,0,893,,,66.3
1579,1991,8865,5691,5673,18,0,3008,,,64.2
1580,1991,6527,4556,4540,16,0,2484,,,69.8
1804,1991,28258,17096,17070,26,0,4011,,,60.5
1806,1991,17091,10670,10603,67,0,2700,,,62.43
1811,1991,1615,1205,1197,8,0,759,,,74.6
1812,1991,1638,1181,1179,2,0,580,,,72.1
1813,1991,5310,3340,3334,6,0,1357,,,62.9
1815,1991,1223,860,859,1,0,458,,,70.3
1816,1991,517,391,391,0,0,255,,,75.6
1818,1991,1568,886,875,11,0,418,,,56.5
1820,1991,5625,3077,3071,6,0,1035,,,54.7
1822,1991,1765,1114,1108,6,0,680,,,63.1
1824,1991,10499,5743,5734,9,0,1486,,,54.7
1825,1991,1325,914,911,3,0,323,,,69.0
1826,1991,1381,982,979,3,0,384,,,71.1
1827,1991,1369,916,913,3,0,445,,,66.9
1828,1991,1346,907,903,4,0,458,,,67.4
1832,1991,3784,2675,2656,19,0,1046,,,70.7
1833,1991,19573,10393,10378,15,0,1666,,,53.1
1834,1991,1719,1224,1223,1,0,876,,,71.2
1835,1991,395,295,295,0,0,125,,,74.7
1836,1991,1268,881,880,1,0,725,,,69.5
1837,1991,5325,3440,3435,5,0,2167,,,64.6
1838,1991,1986,1321,1319,2,0,758,,,66.5
1839,1991,1133,803,796,7,0,342,,,70.9
1840,1991,3978,2514,2511,3,0,838,,,63.2
1841,1991,8704,5839,5822,17,0,1753,,,67.09
1845,1991,2174,1374,1366,8,0,555,,,63.2
1848,1991,2491,1522,1517,5,0,851,,,61.1
1851,1991,2173,1419,1419,0,0,394,,,65.3
1853,1991,1356,853,850,3,0,463,,,62.9
1856,1991,490,354,353,1,0,221,,,72.2
1857,1991,677,396,393,3,0,244,,,58.5
1859,1991,1259,831,821,10,0,625,,,66.0
1860,1991,8127,4787,4767,20,0,1533,,,58.9
1865,1991,7238,3959,3929,30,0,1311,,,54.7
1866,1991,6744,3824,3816,8,0,1519,,,56.7
1867,1991,3041,1995,1969,26,0,853,,,65.6
1868,1991,3706,2146,2138,8,0,887,,,57.9
1870,1991,6415,3759,3743,16,0,1027,,,58.6
1871,1991,5114,3467,3447,20,0,1716,,,67.8
1874,1991,1093,719,711,8,0,427,,,65.8
1875,1991,3762,2485,2478,7,0,1705,,,66.06
3101,1991,20861,13351,13280,71,0,1410,,,64.0
3103,1991,29494,18805,18609,196,0,3060,,,63.76
3105,1991,36984,23004,22707,297,0,3190,,,62.2
3107,1991,51974,32518,32155,363,0,5721,,,62.57
3110,1991,2466,1667,1650,17,0,815,,,67.6
3112,1991,4562,3052,3031,21,0,712,,,66.9
3114,1991,2968,1953,1948,5,0,579,,,65.8
3116,1991,2365,1530,1517,13,0,599,,,64.7
3118,1991,27223,17221,17088,133,0,5203,,,63.26
3120,1991,5513,3655,3631,24,0,1133,,,66.3
3122,1991,2770,1953,1947,6,0,827,,,70.5
3124,1991,1132,875,867,8,0,345,,,77.3
3201,1991,71527,50355,50131,224,0,6222,,,70.4
3203,1991,49834,34224,34109,115,0,6628,,,68.68
3205,1991,42753,27898,27749,149,0,3831,,,65.25
3207,1991,33121,22384,22309,75,0,3114,,,67.58
3209,1991,14307,9085,9054,31,0,1661,,,63.5
3212,1991,9903,6665,6644,21,0,1690,,,67.3
3214,1991,8110,5434,5419,15,0,1226,,,67.0
3216,1991,8247,5278,5260,18,0,1047,,,64.0
3218,1991,9153,6279,6259,20,0,1525,,,68.6
3220,1991,5936,3805,3794,11,0,728,,,64.1
3222,1991,20432,14139,14066,73,0,1791,,,69.2
3224,1991,10620,6839,6816,23,0,908,,,64.4
3226,1991,10478,6976,6944,32,0,1578,,,66.58
3228,1991,12123,8159,8124,35,0,1615,,,67.3
3230,1991,2845,2094,2071,23,0,656,,,73.6
3232,1991,12385,8793,8766,27,0,1325,,,71.0
3234,1991,5959,3963,3946,17,0,1103,,,66.5
3236,1991,4577,3181,3168,13,0,702,,,69.5
3238,1991,6253,4127,4118,9,0,656,,,66.0
3240,1991,12881,8540,8481,59,0,1409,,,66.3
3242,1991,1961,1410,1400,10,0,484,,,71.9
3301,1991,60649,38378,38162,216,0,3836,,,63.28
3303,1991,16729,10673,10595,78,0,2023,,,63.8
3305,1991,21800,14148,14086,62,0,2040,,,64.9
3310,1991,3578,2422,2414,8,0,596,,,67.7
3312,1991,14715,9903,9836,67,0,1575,,,67.3
3314,1991,11431,6927,6880,47,0,1139,,,60.6
3316,1991,9578,6130,6089,41,0,1050,,,64.0
3318,1991,1831,1399,1390,9,0,563,,,76.4
3320,1991,958,753,753,0,0,454,,,78.6
3322,1991,2669,1927,1922,5,0,948,,,72.2
3324,1991,3395,2278,2274,4,0,1080,,,67.1
3326,1991,1266,948,946,2,0,589,,,74.9
3328,1991,3675,2613,2611,2,0,1248,,,71.1
3330,1991,3627,2376,2373,3,0,1216,,,65.5
3332,1991,2970,2183,2177,6,0,867,,,73.5
3334,1991,2013,1367,1366,1,0,461,,,67.9
3336,1991,1156,873,870,3,0,294,,,75.5
3338,1991,2306,1536,1527,9,0,526,,,66.6
3401,1991,14009,8938,8888,50,0,1348,,,63.8
3403,1991,20671,14284,14235,49,0,2770,,,69.1
3405,1991,18296,12057,12007,50,0,1959,,,65.9
3407,1991,20991,13455,13421,34,0,1877,,,64.1
3411,1991,24468,15268,15163,105,0,1237,,,62.4
3412,1991,5398,3838,3802,36,0,573,,,71.1
3413,1991,13799,9452,9408,44,0,1554,,,68.5
3414,1991,4310,3168,3150,18,0,596,,,73.5
3415,1991,5936,4363,4336,27,0,566,,,73.5
3416,1991,5344,3276,3263,13,0,664,,,61.3
3417,1991,4791,3215,3204,11,0,598,,,67.1
3418,1991,6994,4385,4381,4,0,953,,,62.7
3419,1991,3580,2474,2459,15,0,983,,,69.1
3420,1991,13720,8767,8736,31,0,953,,,63.9
3421,1991,5895,4227,4224,3,0,805,,,71.7
3422,1991,3591,2528,2419,109,0,371,,,70.4
3423,1991,2701,1980,1971,9,0,489,,,73.3
3424,1991,2042,1664,1656,8,0,485,,,81.5
3425,1991,1319,1076,1069,7,0,302,,,81.6
3426,1991,1442,1116,1111,5,0,368,,,77.4
3427,1991,4196,3025,3014,11,0,705,,,72.1
3428,1991,1907,1438,1437,1,0,484,,,75.4
3429,1991,1563,1269,1265,4,0,552,,,81.2
3430,1991,1584,1175,1175,0,0,377,,,74.2
3431,1991,2445,1670,1662,8,0,583,,,68.3
3432,1991,1886,1377,1369,8,0,757,,,73.0
3433,1991,2019,1413,1412,1,0,512,,,70.0
3434,1991,2085,1318,1312,6,0,559,,,63.2
3435,1991,3096,2322,2306,16,0,997,,,75.0
3436,1991,4906,3179,3144,35,0,744,,,64.8
3437,1991,4984,3120,3114,6,0,791,,,62.6
3438,1991,2805,1773,1765,8,0,522,,,63.2
3439,1991,4107,2797,2780,17,0,636,,,68.1
3440,1991,3576,2414,2408,6,0,728,,,67.5
3441,1991,5103,3603,3593,10,0,861,,,70.6
3442,1991,11384,7582,7565,17,0,1193,,,66.6
3443,1991,10558,6567,6501,66,0,1080,,,62.2
3446,1991,9990,6753,6730,23,0,1168,,,67.6
3447,1991,5028,3374,3361,13,0,599,,,67.1
3448,1991,5628,3332,3331,1,0,789,,,59.2
3449,1991,2790,1953,1947,6,0,816,,,70.0
3450,1991,1291,887,887,0,0,395,,,68.7
3451,1991,5147,3392,3382,10,0,1234,,,65.9
3452,1991,1889,1356,1354,2,0,686,,,71.8
3453,1991,2425,1671,1662,9,0,719,,,68.9
3454,1991,1369,912,907,5,0,581,,,66.6
3901,1991,17866,11559,11462,97,0,2140,,,64.7
3903,1991,20006,13486,13453,33,0,3484,,,67.41
3905,1991,25420,16447,16364,83,0,2135,,,64.7
3907,1991,38751,25307,25207,100,0,5844,,,65.31
3909,1991,31654,21461,21387,74,0,4879,,,67.8
3911,1991,17265,11455,11405,50,0,2126,,,66.35
4001,1991,24831,14824,14744,80,0,1928,,,59.7
4003,1991,37655,22593,22500,93,0,3420,,,60.0
4005,1991,9896,6878,6853,25,0,1679,,,69.5
4010,1991,1621,1091,1086,5,0,381,,,67.3
4012,1991,10366,6282,6248,34,0,1302,,,60.6
4014,1991,8403,5521,5508,13,0,1208,,,65.7
4016,1991,3400,2414,2409,5,0,810,,,71.0
4018,1991,5550,3480,3464,16,0,824,,,62.7
4020,1991,6997,4679,4665,14,0,1472,,,66.87
4022,1991,2393,1455,1439,16,0,492,,,60.8
4024,1991,1358,925,925,0,0,420,,,68.1
4026,1991,5464,4147,4128,19,0,1050,,,75.9
4028,1991,2252,1464,1459,5,0,525,,,65.0
4030,1991,1109,831,826,5,0,531,,,74.9
4032,1991,1090,811,803,8,0,324,,,74.4
4034,1991,2114,1575,1570,5,0,611,,,74.5
4036,1991,3046,2047,2036,11,0,607,,,67.2
4201,1991,5394,3549,3537,12,0,1172,,,65.8
4202,1991,11859,7483,7468,15,0,2773,,,63.1
4203,1991,29085,18527,18472,55,0,7093,,,63.7
4204,1991,59498,38320,38176,144,0,8510,,,64.41
4205,1991,15348,10566,10521,45,0,4550,,,68.84
4206,1991,7063,4718,4700,18,0,2217,,,66.8
4207,1991,6709,4488,4483,5,0,1929,,,66.9
4211,1991,1969,1325,1318,7,0,758,,,67.3
4212,1991,1370,1134,1127,7,0,729,,,82.8
4213,1991,4465,3005,2975,30,0,1301,,,67.3
4214,1991,3094,2039,2035,4,0,778,,,65.9
4215,1991,6085,4077,4063,14,0,1839,,,67.0
4216,1991,2949,2100,2097,3,0,1228,,,71.2
4217,1991,1497,1030,1029,1,0,586,,,68.8
4218,1991,750,576,576,0,0,375,,,76.8
4219,1991,2516,1711,1709,2,0,799,,,68.0
4220,1991,1061,743,743,0,0,415,,,70.0
4221,1991,1123,833,831,2,0,552,,,74.2
4222,1991,571,416,416,0,0,314,,,72.9
4223,1991,8518,5707,5695,12,0,1706,,,67.0
4224,1991,656,509,505,4,0,396,,,77.6
4225,1991,4825,3194,3188,6,0,1465,,,66.2
4226,1991,1138,884,881,3,0,576,,,77.7
4227,1991,4289,2921,2910,11,0,1600,,,68.1
4228,1991,1295,969,960,9,0,733,,,74.8
4601,1991,168830,107207,106975,232,0,18180,,,63.5
4602,1991,12414,7998,7971,27,0,3659,,,64.43
4611,1991,2985,2012,1994,18,0,1259,,,67.4
4612,1991,3211,2251,2246,5,0,1348,,,70.1
4613,1991,6880,4892,4869,23,0,2661,,,71.1
4614,1991,10693,7111,7096,15,0,2221,,,66.5
4615,1991,2139,1632,1630,2,0,876,,,76.3
4616,1991,2206,1564,1553,11,0,1122,,,70.9
4617,1991,9748,7165,7141,24,0,3433,,,73.5
4618,1991,10511,7080,7059,21,0,2843,,,67.36
4619,1991,825,610,608,2,0,406,,,73.9
4620,1991,988,743,739,4,0,460,,,75.2
4621,1991,11777,8096,8061,35,0,2592,,,68.75
4622,1991,6519,4472,4465,7,0,2093,,,68.6
4623,1991,1781,1197,1195,2,0,698,,,67.2
4624,1991,11790,8188,8156,32,0,4121,,,69.45
4625,1991,2973,2102,2094,8,0,1147,,,70.7
4626,1991,16320,11007,10969,38,0,3884,,,67.44
4627,1991,13649,8872,8845,27,0,1649,,,65.0
4628,1991,3520,2510,2508,2,0,1017,,,71.3
4629,1991,237,149,149,0,0,0,,,62.9
4630,1991,5102,3857,3844,13,0,1643,,,75.6
4631,1991,15242,10230,10215,15,0,4464,,,67.12
4632,1991,1998,1291,1288,3,0,655,,,64.6
4633,1991,560,460,459,1,0,278,,,82.1
4634,1991,1404,1066,1064,2,0,706,,,75.9
4635,1991,1971,1275,1271,4,0,846,,,64.7
4636,1991,867,539,539,0,0,343,,,62.2
4637,1991,1339,943,939,4,0,595,,,70.4
4638,1991,3771,2470,2457,13,0,171,,,65.5
4639,1991,2416,1684,1675,9,0,893,,,69.7
4640,1991,5915,3880,3872,8,0,1903,,,65.59
4641,1991,1440,1028,1025,3,0,533,,,71.4
4642,1991,3414,2555,2547,8,0,1344,,,74.84
4643,1991,4911,3163,3153,10,0,1155,,,64.4
4644,1991,3951,2766,2752,14,0,2031,,,70.0
4645,1991,2685,1729,1720,9,0,935,,,64.4
4646,1991,4491,3087,3077,10,0,1897,,,68.74
4647,1991,10678,7330,7315,15,0,3139,,,68.64
4648,1991,3530,2436,2434,2,0,1235,,,69.0
4649,1991,6579,4603,4585,18,0,2566,,,69.97
4650,1991,5463,3978,3970,8,0,2176,,,72.82
4651,1991,5074,3577,3566,11,0,2389,,,70.5
5001,1991,112005,69633,69330,303,0,11816,,,62.17
5006,1991,20141,13354,13289,65,0,3140,,,66.3
5007,1991,9784,6492,6471,21,0,1629,,,66.35
5014,1991,3305,2115,2109,6,0,884,,,64.0
5020,1991,1910,1352,1341,11,0,850,,,70.79
5021,1991,4791,3181,3176,5,0,1322,,,66.4
5022,1991,2307,1576,1574,2,0,733,,,68.3
5025,1991,4313,3028,3004,24,0,904,,,70.2
5026,1991,1988,1473,1459,14,0,557,,,74.1
5027,1991,4690,3175,3173,2,0,1020,,,67.7
5028,1991,9331,6457,6431,26,0,1634,,,69.2
5029,1991,4188,3082,3068,14,0,1321,,,73.6
5031,1991,7278,4658,4643,15,0,889,,,64.0
5032,1991,3199,2246,2238,8,0,846,,,70.2
5033,1991,771,655,652,3,0,342,,,85.0
5034,1991,2178,1370,1364,6,0,438,,,62.9
5035,1991,13300,8499,8471,28,0,2001,,,63.9
5036,1991,1875,1378,1375,3,0,656,,,73.5
5037,1991,12760,8447,8412,35,0,2237,,,66.2
5038,1991,10261,6526,6509,17,0,1962,,,63.6
5041,1991,1956,1471,1464,7,0,778,,,75.2
5042,1991,1306,827,824,3,0,426,,,63.3
5043,1991,534,433,433,0,0,246,,,81.1
5044,1991,888,663,661,2,0,313,,,74.7
5045,1991,1957,1501,1498,3,0,465,,,76.7
5046,1991,1042,853,851,2,0,461,,,81.9
5047,1991,2859,2047,2047,0,0,558,,,71.6
5049,1991,1085,741,739,2,0,439,,,68.3
5052,1991,640,447,445,2,0,290,,,69.8
5053,1991,7674,5550,5528,22,0,2026,,,72.32
5054,1991,4980,3297,3294,3,0,1409,,,66.2
5055,1991,4218,3000,2993,7,0,1126,,,71.12
5056,1991,3302,1955,1949,6,0,857,,,59.2
5057,1991,7587,4908,4895,13,0,1926,,,64.69
5058,1991,2761,1858,1849,9,0,834,,,67.3
5059,1991,12746,8411,8387,24,0,3145,,,65.99
5060,1991,7115,4696,4684,12,0,1721,,,66.0
5061,1991,1778,1159,1157,2,0,824,,,65.2
5501,1991,39840,22589,22514,75,0,3597,,,56.7
5503,1991,17805,10259,10231,28,0,2532,,,57.62
5510,1991,2679,1672,1669,3,0,699,,,62.4
5512,1991,3848,2481,2470,11,0,1351,,,64.48
5514,1991,1760,1153,1149,4,0,849,,,65.5
5516,1991,1170,831,823,8,0,502,,,71.0
5518,1991,926,733,733,0,0,500,,,79.2
5520,1991,2930,2060,2048,12,0,676,,,70.3
5522,1991,1943,1253,1252,1,0,424,,,64.5
5524,1991,5828,3322,3290,32,0,1204,,,57.0
5526,1991,2615,1522,1518,4,0,628,,,58.2
5528,1991,1282,782,780,2,0,316,,,61.0
5530,1991,11885,7238,7203,35,0,2744,,,60.9
5532,1991,5018,3071,3057,14,0,752,,,61.2
5534,1991,2078,1245,1237,8,0,707,,,59.9
5536,1991,2728,1735,1728,7,0,1076,,,63.6
5538,1991,1427,1002,994,8,0,812,,,70.2
5540,1991,2178,1429,1416,13,0,854,,,65.6
5542,1991,2347,1495,1493,2,0,737,,,63.7
5544,1991,3667,2215,2207,8,0,1077,,,60.4
5546,1991,1309,859,852,7,0,586,,,65.6
5601,1991,11199,5969,5937,32,0,2186,,,53.3
5603,1991,8339,4609,4590,19,0,1495,,,55.27
5605,1991,7637,4399,4379,20,0,1422,,,57.6
5607,1991,4677,2811,2788,23,0,935,,,60.1
5610,1991,2021,1455,1449,6,0,823,,,72.0
5612,1991,2109,1510,1500,10,0,1224,,,71.6
5614,1991,1325,896,892,4,0,588,,,67.6
5616,1991,1066,741,735,6,0,510,,,69.5
5618,1991,1472,864,860,4,0,426,,,58.7
5620,1991,3189,1891,1880,11,0,460,,,59.3
5622,1991,3480,2036,2017,19,0,913,,,58.5
5624,1991,1327,779,776,3,0,502,,,58.7
5626,1991,1093,766,757,9,0,510,,,70.1
5628,1991,2551,1676,1670,6,0,1018,,,65.7
5630,1991,1050,667,664,3,0,310,,,63.5
5632,1991,1780,949,944,5,0,346,,,53.3
5634,1991,2429,1460,1451,9,0,684,,,60.1
5636,1991,840,629,626,3,0,452,,,74.9
0301,1995,396506,274382,273225,1157,0,49043,,,69.2
1101,1995,9430,6092,6070,22,0,2736,,,64.6
1103,1995,82519,51309,51158,151,0,10162,,,62.18
1106,1995,22498,13814,13717,97,0,4316,,,61.4
1108,1995,36351,23027,22957,70,0,5807,,,63.35
1111,1995,2614,1749,1748,1,0,841,,,66.9
1112,1995,2220,1516,1509,7,0,918,,,68.3
1114,1995,1735,1334,1334,0,0,745,,,76.9
1119,1995,9361,6347,6296,51,0,3398,,,67.8
1120,1995,9196,5766,5744,22,0,1743,,,62.7
1121,1995,9020,6296,6286,10,0,2477,,,69.8
1122,1995,5559,3508,3502,6,0,1223,,,63.1
1124,1995,12629,7956,7926,30,0,2283,,,63.0
1127,1995,5818,3910,3910,0,0,1339,,,67.2
1130,1995,6977,4570,4565,5,0,1862,,,65.5
1133,1995,2026,1402,1400,2,0,913,,,69.2
1134,1995,3018,1968,1960,8,0,1124,,,65.2
1135,1995,3943,2646,2642,4,0,859,,,67.1
1144,1995,396,302,302,0,0,254,,,76.3
1145,1995,579,432,430,2,0,334,,,74.6
1146,1995,5818,3735,3725,10,0,1692,,,64.2
1149,1995,26163,14887,14848,39,0,5589,,,56.9
1151,1995,163,133,132,1,0,108,,,81.6
1160,1995,6004,3924,3910,14,0,2626,,,65.36
1505,1995,17234,9385,9331,54,0,2433,,,54.46
1506,1995,22752,12597,12558,39,0,4360,,,55.37
1508,1995,32372,19561,19477,84,0,5526,,,60.43
1511,1995,2817,1755,1750,5,0,1124,,,62.3
1514,1995,2444,1652,1635,17,0,1052,,,67.6
1515,1995,6202,3808,3800,8,0,2041,,,61.4
1516,1995,4537,2813,2810,3,0,1585,,,62.0
1517,1995,3422,2248,2239,9,0,1021,,,65.7
1520,1995,7800,4649,4633,16,0,2163,,,59.6
1525,1995,3550,2208,2203,5,0,1096,,,62.2
1528,1995,5313,3273,3267,6,0,1657,,,61.6
1531,1995,5044,3193,3174,19,0,1739,,,63.3
1532,1995,4567,2699,2687,12,0,1404,,,59.1
1535,1995,4931,3013,3010,3,0,1487,,,61.1
1539,1995,5987,3299,3293,6,0,1311,,,55.1
1547,1995,2220,1312,1307,5,0,693,,,59.1
1554,1995,4259,2534,2529,5,0,1240,,,59.5
1557,1995,2130,1361,1359,2,0,802,,,63.9
1560,1995,2550,1604,1604,0,0,760,,,62.9
1563,1995,5780,3364,3353,11,0,877,,,58.2
1566,1995,5000,2960,2954,6,0,1443,,,59.2
1573,1995,2024,1259,1257,2,0,585,,,62.2
1576,1995,4586,2842,2826,16,0,1693,,,61.98
1577,1995,6099,4013,4000,13,0,2052,,,65.8
1578,1995,2352,1565,1560,5,0,820,,,66.55
1579,1995,9024,5431,5414,17,0,3073,,,60.19
1580,1995,6529,4074,4047,27,0,1941,,,62.4
1804,1995,29779,15515,15446,69,0,2897,,,52.1
1806,1995,16974,9616,9591,25,0,2364,,,56.65
1811,1995,1549,1250,1245,5,0,693,,,80.7
1812,1995,1625,1097,1094,3,0,444,,,67.5
1813,1995,5361,3147,3132,15,0,1092,,,58.7
1815,1995,1175,785,782,3,0,382,,,66.8
1816,1995,512,375,373,2,0,217,,,73.2
1818,1995,1484,859,859,0,0,379,,,57.9
1820,1995,5623,2969,2964,5,0,939,,,52.8
1822,1995,1723,984,977,7,0,503,,,57.1
1824,1995,10652,5326,5317,9,0,1270,,,50.0
1825,1995,1312,773,772,1,0,253,,,58.9
1826,1995,1340,973,969,4,0,336,,,72.6
1827,1995,1310,896,890,6,0,565,,,68.4
1828,1995,1373,894,882,12,0,507,,,65.1
1832,1995,3677,2405,2399,6,0,1044,,,65.4
1833,1995,19746,9557,9537,20,0,1587,,,48.4
1834,1995,1683,1057,1056,1,0,578,,,62.8
1835,1995,380,280,280,0,0,158,,,73.7
1836,1995,1234,843,838,5,0,716,,,68.3
1837,1995,5246,3326,3316,10,0,2027,,,63.4
1838,1995,1921,1233,1228,5,0,611,,,64.2
1839,1995,1116,806,805,1,0,310,,,72.2
1840,1995,3948,2286,2285,1,0,904,,,57.9
1841,1995,8657,5272,5259,13,0,1856,,,60.9
1845,1995,2009,1302,1298,4,0,551,,,64.8
1848,1995,2428,1425,1413,12,0,730,,,58.7
1851,1995,2097,1407,1399,8,0,374,,,67.1
1853,1995,1273,908,903,5,0,452,,,71.3
1856,1995,514,315,315,0,0,179,,,61.3
1857,1995,637,430,430,0,0,264,,,67.5
1859,1995,1243,824,817,7,0,584,,,66.3
1860,1995,8239,4548,4541,7,0,1459,,,55.2
1865,1995,7228,3867,3812,55,0,1959,,,53.5
1866,1995,6643,3727,3715,12,0,1469,,,56.1
1867,1995,2838,1845,1835,10,0,744,,,65.0
1868,1995,3669,1915,1909,6,0,575,,,52.2
1870,1995,6754,3708,3698,10,0,1117,,,54.9
1871,1995,4844,2926,2913,13,0,1292,,,60.4
1874,1995,1104,700,698,2,0,439,,,63.4
1875,1995,3647,2396,2375,21,0,1621,,,65.71
3101,1995,20801,12855,12797,58,0,1554,,,61.8
3103,1995,30218,18660,18552,108,0,3636,,,61.75
3105,1995,37078,22840,22619,221,0,3346,,,61.6
3107,1995,52395,32590,32470,120,0,6307,,,62.2
3110,1995,2648,1663,1613,50,0,534,,,62.8
3112,1995,4608,2931,2918,13,0,672,,,63.6
3114,1995,2913,1873,1865,8,0,487,,,64.3
3116,1995,2425,1639,1633,6,0,679,,,67.6
3118,1995,27409,17327,17228,99,0,5710,,,63.22
3120,1995,5466,3482,3459,23,0,1114,,,63.7
3122,1995,2684,1793,1786,7,0,718,,,66.8
3124,1995,1128,847,846,1,0,257,,,75.1
3201,1995,74027,52707,52555,152,0,5843,,,71.2
3203,1995,51914,34799,34670,129,0,6957,,,67.03
3205,1995,43681,27677,27573,104,0,4262,,,63.36
3207,1995,34660,24266,24223,43,0,2957,,,70.01
3209,1995,14612,8899,8851,48,0,1811,,,60.9
3212,1995,10348,7078,7050,28,0,1634,,,68.4
3214,1995,8791,5960,5942,18,0,1421,,,67.8
3216,1995,8532,5631,5588,43,0,1133,,,66.0
3218,1995,9452,6399,6382,17,0,1500,,,67.7
3220,1995,6128,3793,3779,14,0,1053,,,61.9
3222,1995,21235,14525,14392,133,0,1762,,,68.4
3224,1995,10858,6808,6780,28,0,1086,,,62.7
3226,1995,10333,6638,6618,20,0,1306,,,64.24
3228,1995,12083,7564,7528,36,0,1716,,,62.6
3230,1995,2977,2045,2022,23,0,639,,,68.7
3232,1995,12724,8818,8797,21,0,1718,,,69.3
3234,1995,6069,3848,3826,22,0,1211,,,63.4
3236,1995,4600,2935,2918,17,0,736,,,63.8
3238,1995,6345,3953,3932,21,0,770,,,62.3
3240,1995,13116,8027,7983,44,0,1555,,,61.2
3242,1995,1978,1426,1423,3,0,431,,,72.1
3301,1995,61813,39215,38949,266,0,5233,,,63.44
3303,1995,17176,10563,10534,29,0,2222,,,61.5
3305,1995,21911,13256,13178,78,0,2749,,,60.5
3310,1995,3652,2491,2483,8,0,572,,,68.2
3312,1995,15575,10217,10161,56,0,1748,,,65.6
3314,1995,11464,6821,6790,31,0,1197,,,59.5
3316,1995,9598,5730,5705,25,0,1121,,,59.7
3318,1995,1783,1225,1218,7,0,447,,,68.7
3320,1995,949,410,409,1,0,311,,,43.2
3322,1995,2708,1817,1808,9,0,1152,,,67.1
3324,1995,3464,2151,2138,13,0,1172,,,62.1
3326,1995,1349,959,955,4,0,681,,,71.1
3328,1995,3671,2298,2288,10,0,1248,,,62.6
3330,1995,3624,2218,2200,18,0,1155,,,61.2
3332,1995,2919,2052,2050,2,0,759,,,70.3
3334,1995,1992,1305,1298,7,0,474,,,65.5
3336,1995,1165,814,812,2,0,295,,,69.9
3338,1995,2246,1525,1522,3,0,548,,,67.9
3401,1995,13864,7861,7861,0,0,1705,,,56.7
3403,1995,21164,12804,12688,116,0,2281,,,60.5
3405,1995,19137,11061,11013,48,0,1671,,,57.8
3407,1995,21498,13608,13531,77,0,1925,,,63.3
3411,1995,24444,13273,13198,75,0,1465,,,54.3
3412,1995,5517,3343,3326,17,0,727,,,60.6
3413,1995,13839,8345,8332,13,0,1276,,,60.3
3414,1995,4197,2749,2734,15,0,883,,,65.5
3415,1995,5872,3905,3896,9,0,642,,,66.5
3416,1995,5254,2895,2885,10,0,814,,,55.1
3417,1995,4645,2671,2652,19,0,543,,,57.5
3418,1995,6840,4275,4263,12,0,911,,,62.5
3419,1995,3473,2174,2158,16,0,849,,,62.6
3420,1995,13949,7588,7566,22,0,1120,,,54.4
3421,1995,5833,3885,3876,9,0,644,,,66.6
3422,1995,3507,2262,2233,29,0,631,,,64.5
3423,1995,2575,1828,1808,20,0,502,,,71.0
3424,1995,1974,1447,1440,7,0,411,,,73.3
3425,1995,1301,990,987,3,0,300,,,76.1
3426,1995,1370,974,972,2,0,362,,,71.1
3427,1995,4149,2643,2636,7,0,782,,,63.7
3428,1995,1868,1341,1333,8,0,443,,,71.8
3429,1995,1528,1138,1127,11,0,511,,,74.5
3430,1995,1556,1114,1109,5,0,451,,,71.6
3431,1995,2453,1528,1516,12,0,481,,,62.3
3432,1995,1814,1141,1136,5,0,495,,,62.9
3433,1995,1988,1308,1305,3,0,502,,,65.8
3434,1995,2058,1286,1281,5,0,645,,,62.5
3435,1995,3125,2175,2163,12,0,858,,,69.6
3436,1995,4883,3008,3006,2,0,721,,,61.6
3437,1995,5009,2875,2869,6,0,829,,,57.4
3438,1995,2730,1788,1778,10,0,623,,,65.5
3439,1995,3968,2690,2677,13,0,723,,,67.8
3440,1995,3574,2316,2301,15,0,671,,,64.8
3441,1995,4996,3382,3357,25,0,807,,,67.7
3442,1995,11296,7071,7052,19,0,1086,,,62.6
3443,1995,10521,6376,6342,34,0,972,,,60.6
3446,1995,9921,6369,6333,36,0,1108,,,64.2
3447,1995,4928,3223,3201,22,0,918,,,65.4
3448,1995,5632,3109,3104,5,0,848,,,55.2
3449,1995,2783,1792,1783,9,0,786,,,64.4
3450,1995,1232,882,879,3,0,433,,,71.6
3451,1995,5196,3201,3194,7,0,1342,,,61.6
3452,1995,1867,1305,1299,6,0,631,,,69.9
3453,1995,2442,1504,1496,8,0,699,,,61.6
3454,1995,1319,923,923,0,0,625,,,70.0
3901,1995,18098,11076,11024,52,0,1666,,,61.2
3903,1995,20270,13341,13289,52,0,3516,,,65.82
3905,1995,26485,17083,17020,63,0,2509,,,64.5
3907,1995,39632,25465,25376,89,0,6732,,,64.25
3909,1995,32254,20567,20500,67,0,4568,,,63.77
3911,1995,17801,11858,11823,35,0,2373,,,66.62
4001,1995,25188,14760,14696,64,0,1975,,,58.6
4003,1995,37889,22430,22326,104,0,3118,,,59.2
4005,1995,9768,6154,6122,32,0,1622,,,63.0
4010,1995,1691,1067,1064,3,0,384,,,63.1
4012,1995,10596,6082,6055,27,0,1280,,,57.4
4014,1995,8509,4927,4902,25,0,1348,,,57.9
4016,1995,3307,2133,2128,5,0,767,,,64.5
4018,1995,5331,3353,3345,8,0,822,,,62.9
4020,1995,7080,4340,4331,9,0,1491,,,61.3
4022,1995,2446,1470,1462,8,0,542,,,60.1
4024,1995,1324,915,915,0,0,338,,,69.1
4026,1995,5443,3674,3649,25,0,979,,,67.5
4028,1995,2160,1307,1302,5,0,474,,,60.5
4030,1995,1102,790,790,0,0,403,,,71.7
4032,1995,1076,677,672,5,0,338,,,62.9
4034,1995,2017,1454,1448,6,0,565,,,72.1
4036,1995,3058,1960,1955,5,0,698,,,64.1
4201,1995,5487,3402,3386,16,0,1127,,,62.0
4202,1995,12607,7312,7281,31,0,2697,,,58.0
4203,1995,30047,17247,17168,79,0,4591,,,57.4
4204,1995,62077,37536,37461,75,0,8057,,,60.47
4205,1995,15742,9983,9945,38,0,3974,,,63.42
4206,1995,6981,4447,4422,25,0,2054,,,63.7
4207,1995,6711,4127,4113,14,0,1882,,,61.5
4211,1995,1966,1170,1168,2,0,573,,,59.5
4212,1995,1412,1120,1117,3,0,742,,,79.3
4213,1995,4528,2871,2867,4,0,1317,,,63.4
4214,1995,3195,1901,1897,4,0,580,,,59.5
4215,1995,6368,3891,3871,20,0,1750,,,61.1
4216,1995,2983,1879,1869,10,0,1058,,,63.0
4217,1995,1470,982,979,3,0,542,,,66.8
4218,1995,765,560,557,3,0,325,,,73.2
4219,1995,2523,1567,1566,1,0,840,,,62.1
4220,1995,1071,663,662,1,0,398,,,61.9
4221,1995,1133,767,765,2,0,498,,,67.7
4222,1995,625,427,422,5,0,351,,,68.3
4223,1995,8569,5613,5599,14,0,1552,,,65.5
4224,1995,652,491,488,3,0,379,,,75.3
4225,1995,5020,3238,3234,4,0,1373,,,64.5
4226,1995,1182,942,940,2,0,671,,,79.7
4227,1995,4325,2742,2734,8,0,1452,,,63.4
4228,1995,1327,1039,1034,5,0,852,,,78.3
4601,1995,173174,103558,103208,350,0,15754,,,59.8
4602,1995,12910,7366,7326,40,0,3347,,,57.06
4611,1995,2980,1979,1966,13,0,1279,,,66.4
4612,1995,3282,2209,2197,12,0,1381,,,67.3
4613,1995,7346,4885,4857,28,0,2982,,,66.5
4614,1995,11412,6870,6845,25,0,1988,,,60.2
4615,1995,2094,1583,1577,6,0,859,,,75.6
4616,1995,2166,1490,1484,6,0,997,,,68.8
4617,1995,9835,6373,6352,21,0,2918,,,64.8
4618,1995,10173,6379,6338,41,0,2395,,,62.7
4619,1995,802,546,544,2,0,351,,,68.1
4620,1995,989,708,707,1,0,389,,,71.6
4621,1995,11549,7326,7313,13,0,2298,,,63.43
4622,1995,6475,4105,4102,3,0,1891,,,63.4
4623,1995,1795,1145,1141,4,0,630,,,63.8
4624,1995,12370,7815,7773,42,0,3435,,,63.18
4625,1995,3088,2007,2000,7,0,1389,,,65.0
4626,1995,17853,11288,11236,52,0,3786,,,63.23
4627,1995,14024,8092,8061,31,0,1928,,,57.7
4628,1995,3402,2252,2238,14,0,802,,,66.2
4629,1995,248,184,184,0,0,142,,,74.2
4630,1995,5131,3530,3517,13,0,1402,,,68.8
4631,1995,16065,10039,10000,39,0,4748,,,62.49
4632,1995,2000,1334,1329,5,0,689,,,66.7
4633,1995,541,435,434,1,0,253,,,80.4
4634,1995,1390,1038,1038,0,0,619,,,74.7
4635,1995,1907,1249,1244,5,0,733,,,65.5
4636,1995,837,518,516,2,0,330,,,61.9
4637,1995,1333,877,874,3,0,575,,,65.8
4638,1995,3749,2403,2391,12,0,1159,,,64.1
4639,1995,2396,1627,1621,6,0,936,,,67.9
4640,1995,6122,4021,4014,7,0,1995,,,65.68
4641,1995,1449,1084,1080,4,0,662,,,74.8
4642,1995,3436,2504,2499,5,0,1386,,,72.87
4643,1995,4646,2885,2867,18,0,934,,,62.1
4644,1995,3887,2589,2585,4,0,1512,,,66.6
4645,1995,2639,1578,1566,12,0,824,,,59.8
4646,1995,4408,3029,3011,18,0,1936,,,68.71
4647,1995,11191,6639,6616,23,0,2947,,,59.32
4648,1995,3409,2134,2123,11,0,1216,,,62.6
4649,1995,6620,4256,4239,17,0,2282,,,64.29
4650,1995,5393,3723,3707,16,0,2006,,,69.03
4651,1995,5011,3242,3224,18,0,2004,,,64.7
5001,1995,114833,69086,68853,233,0,9660,,,60.16
5006,1995,19899,12213,12182,31,0,2886,,,61.37
5007,1995,10030,5722,5709,13,0,1416,,,57.05
5014,1995,3199,1782,1772,10,0,699,,,55.7
5020,1995,1848,1221,1216,5,0,713,,,66.08
5021,1995,4835,2925,2914,11,0,1110,,,60.5
5022,1995,2254,1438,1434,4,0,735,,,63.8
5025,1995,4312,2859,2832,27,0,958,,,66.3
5026,1995,1911,1349,1343,6,0,506,,,70.6
5027,1995,4588,2808,2800,8,0,937,,,61.2
5028,1995,9635,5868,5835,33,0,1562,,,60.9
5029,1995,4292,2717,2708,9,0,989,,,63.3
5031,1995,7759,4469,4457,12,0,836,,,57.6
5032,1995,3163,2113,2108,5,0,767,,,66.8
5033,1995,761,614,612,2,0,327,,,80.7
5034,1995,2082,1289,1286,3,0,552,,,61.9
5035,1995,13439,7983,7954,29,0,1740,,,59.4
5036,1995,1853,1271,1266,5,0,541,,,68.6
5037,1995,12864,7937,7916,21,0,2265,,,61.7
5038,1995,10439,6211,6175,36,0,1965,,,59.5
5041,1995,1867,1245,1245,0,0,598,,,66.7
5042,1995,1282,919,913,6,0,432,,,71.7
5043,1995,535,407,405,2,0,260,,,76.1
5044,1995,871,644,641,3,0,447,,,73.9
5045,1995,1972,1410,1406,4,0,322,,,71.5
5046,1995,1074,809,807,2,0,384,,,75.3
5047,1995,2840,1772,1768,4,0,486,,,62.4
5049,1995,1052,732,730,2,0,481,,,69.6
5052,1995,608,405,403,2,0,210,,,66.6
5053,1995,7696,5068,5054,14,0,1808,,,65.85
5054,1995,4957,2984,2974,10,0,1213,,,60.2
5055,1995,4162,2700,2677,23,0,1076,,,64.87
5056,1995,3264,1746,1738,8,0,662,,,53.5
5057,1995,7577,4679,4658,21,0,2167,,,61.75
5058,1995,2739,1794,1790,4,0,807,,,65.5
5059,1995,12498,7643,7611,32,0,2684,,,61.16
5060,1995,7090,4202,4187,15,0,1515,,,59.27
5061,1995,1766,1187,1185,2,0,781,,,67.2
5501,1995,42612,22627,22542,85,0,5706,,,53.1
5503,1995,18432,10163,10132,31,0,2225,,,55.14
5510,1995,2583,1547,1544,3,0,675,,,59.9
5512,1995,3803,2383,2376,7,0,1225,,,62.65
5514,1995,1683,1151,1141,10,0,760,,,68.4
5516,1995,1119,825,823,2,0,422,,,73.7
5518,1995,896,683,681,2,0,363,,,76.2
5520,1995,2985,1991,1983,8,0,633,,,66.7
5522,1995,1899,1183,1176,7,0,509,,,62.3
5524,1995,5586,3100,3084,16,0,1252,,,55.5
5526,1995,2627,1340,1336,4,0,552,,,51.0
5528,1995,1170,770,762,8,0,395,,,65.8
5530,1995,11817,6915,6881,34,0,2735,,,58.52
5532,1995,4852,2853,2844,9,0,847,,,58.8
5534,1995,2035,1290,1282,8,0,722,,,63.4
5536,1995,2670,1618,1613,5,0,930,,,60.6
5538,1995,1495,939,930,9,0,686,,,62.8
5540,1995,2079,1347,1338,9,0,927,,,64.8
5542,1995,2320,1427,1427,0,0,794,,,61.5
5544,1995,3747,1997,1992,5,0,826,,,53.3
5546,1995,1286,813,808,5,0,540,,,63.2
5601,1995,11938,6005,5974,31,0,2216,,,50.3
5603,1995,8367,4816,4797,19,0,1525,,,57.56
5605,1995,7738,4171,4152,19,0,1265,,,53.9
5607,1995,4814,2946,2931,15,0,1247,,,61.2
5610,1995,2036,1352,1351,1,0,704,,,66.4
5612,1995,2248,1558,1552,6,0,1161,,,69.3
5614,1995,1241,830,828,2,0,442,,,66.9
5616,1995,1033,716,714,2,0,421,,,69.3
5618,1995,1359,783,781,2,0,338,,,57.6
5620,1995,3070,1759,1756,3,0,555,,,57.3
5622,1995,3441,1879,1855,24,0,553,,,54.6
5624,1995,1259,725,715,10,0,369,,,57.6
5626,1995,1104,816,811,5,0,484,,,73.9
5628,1995,2518,1649,1635,14,0,1072,,,65.5
5630,1995,1017,607,604,3,0,302,,,59.7
5632,1995,1903,1115,1112,3,0,497,,,58.6
5634,1995,2373,1452,1450,2,0,686,,,61.2
5636,1995,828,591,586,5,0,442,,,71.4
0301,1999,409670,260960,259142,1818,0,56556,,,63.7
1101,1999,9679,5817,5787,30,0,2813,,,60.1
1103,1999,86419,52819,52657,162,0,13606,,,61.12
1106,1999,23223,12587,12534,53,0,4536,,,54.2
1108,1999,38912,24201,24121,80,0,6658,,,62.19
1111,1999,2534,1599,1593,6,0,774,,,63.1
1112,1999,2230,1476,1472,4,0,831,,,66.2
1114,1999,1757,1272,1263,9,0,795,,,72.4
1119,1999,9873,6210,6185,25,0,2978,,,62.9
1120,1999,9791,5953,5926,27,0,2169,,,60.8
1121,1999,9438,6229,6209,20,0,2460,,,66.0
1122,1999,5987,3700,3686,14,0,1696,,,61.8
1124,1999,13293,8029,7970,59,0,2177,,,60.4
1127,1999,6285,4073,4058,15,0,1556,,,64.8
1130,1999,7259,4450,4434,16,0,2133,,,61.3
1133,1999,2078,1413,1407,6,0,835,,,68.0
1134,1999,3053,1942,1932,10,0,1021,,,63.6
1135,1999,3889,2528,2515,13,0,1116,,,65.0
1144,1999,393,267,266,1,0,240,,,67.9
1145,1999,582,393,393,0,0,266,,,67.5
1146,1999,6152,3753,3722,31,0,1894,,,61.0
1149,1999,27022,14538,14496,42,0,5229,,,53.8
1151,1999,183,146,146,0,0,113,,,79.8
1160,1999,6061,3906,3891,15,0,2603,,,64.45
1505,1999,17262,10539,10508,31,0,3360,,,61.05
1506,1999,23167,12898,12861,37,0,5041,,,55.67
1508,1999,33763,18109,18023,86,0,5943,,,53.64
1511,1999,2785,1763,1748,15,0,1025,,,63.3
1514,1999,2366,1493,1474,19,0,969,,,63.1
1515,1999,6294,3726,3706,20,0,2413,,,59.2
1516,1999,4841,2958,2950,8,0,1472,,,61.1
1517,1999,3528,2332,2321,11,0,1263,,,66.1
1520,1999,7832,4605,4585,20,0,2270,,,58.8
1525,1999,3602,2309,2298,11,0,1150,,,64.1
1528,1999,5523,3176,3159,17,0,1796,,,57.5
1531,1999,5241,3202,3184,18,0,1731,,,61.1
1532,1999,4658,3065,3048,17,0,1232,,,65.8
1535,1999,4904,2898,2885,13,0,1473,,,59.1
1539,1999,5788,3299,3286,13,0,1606,,,57.0
1547,1999,2267,1453,1446,7,0,938,,,64.1
1554,1999,4194,2525,2519,6,0,1405,,,60.2
1557,1999,2102,1375,1362,13,0,839,,,65.4
1560,1999,2411,1589,1583,6,0,977,,,65.9
1563,1999,5762,3336,3321,15,0,1169,,,57.9
1566,1999,4811,2872,2866,6,0,1413,,,59.7
1573,1999,1938,1211,1205,6,0,630,,,62.5
1576,1999,4472,2818,2801,17,0,1816,,,63.02
1577,1999,6203,4032,4016,16,0,2243,,,65.0
1578,1999,2298,1536,1520,16,0,863,,,66.83
1579,1999,9108,5148,5139,9,0,2892,,,56.52
1580,1999,6660,4056,4016,40,0,2048,,,60.9
1804,1999,30992,16209,16132,77,0,3698,,,52.3
1806,1999,16496,8909,8864,45,0,2508,,,54.01
1811,1999,1493,1163,1153,10,0,614,,,77.9
1812,1999,1623,1042,1038,4,0,602,,,64.2
1813,1999,5578,3146,3120,26,0,1444,,,56.4
1815,1999,1076,768,764,4,0,448,,,71.4
1816,1999,484,355,354,1,0,263,,,73.3
1818,1999,1444,849,844,5,0,537,,,58.8
1820,1999,5559,3085,3057,28,0,1439,,,55.5
1822,1999,1661,920,918,2,0,532,,,55.4
1824,1999,10486,5589,5567,22,0,1936,,,53.3
1825,1999,1284,813,808,5,0,404,,,63.3
1826,1999,1283,953,951,2,0,435,,,74.3
1827,1999,1263,783,775,8,0,509,,,62.0
1828,1999,1388,859,854,5,0,587,,,61.9
1832,1999,3605,2275,2271,4,0,1077,,,63.1
1833,1999,19401,10399,10338,61,0,1896,,,53.6
1834,1999,1602,1006,998,8,0,698,,,62.8
1835,1999,359,227,224,3,0,152,,,63.2
1836,1999,1165,789,772,17,0,638,,,67.7
1837,1999,5077,3102,3089,13,0,1795,,,61.1
1838,1999,1858,1100,1089,11,0,621,,,59.2
1839,1999,1027,795,791,4,0,342,,,77.4
1840,1999,3875,2209,2196,13,0,810,,,57.0
1841,1999,8328,5303,5277,26,0,2046,,,63.68
1845,1999,1897,1197,1191,6,0,520,,,63.1
1848,1999,2312,1288,1273,15,0,606,,,55.7
1851,1999,1948,1194,1179,15,0,388,,,61.3
1853,1999,1222,783,779,4,0,400,,,64.1
1856,1999,506,299,297,2,0,203,,,59.1
1857,1999,612,410,408,2,0,288,,,67.0
1859,1999,1176,676,670,6,0,487,,,57.5
1860,1999,8113,4227,4215,12,0,1543,,,52.1
1865,1999,7096,3711,3684,27,0,1591,,,52.3
1866,1999,6409,3403,3379,24,0,1681,,,53.1
1867,1999,2682,1762,1744,18,0,817,,,65.7
1868,1999,3608,1732,1729,3,0,705,,,48.0
1870,1999,6889,3424,3413,11,0,1112,,,49.7
1871,1999,4520,2662,2641,21,0,1240,,,58.9
1874,1999,1062,673,668,5,0,492,,,63.4
1875,1999,3399,2221,2200,21,0,1469,,,65.34
3101,1999,21000,12684,12543,141,0,2442,,,60.4
3103,1999,31297,17842,17737,105,0,3921,,,57.01
3105,1999,37423,20358,20104,254,0,4082,,,54.4
3107,1999,53405,30227,30128,99,0,6152,,,56.6
3110,1999,2763,1752,1744,8,0,673,,,63.4
3112,1999,4803,3040,3021,19,0,841,,,63.3
3114,1999,2953,1742,1730,12,0,507,,,59.0
3116,1999,2414,1540,1513,27,0,677,,,63.8
3118,1999,28354,17035,16879,156,0,5595,,,60.08
3120,1999,5527,3421,3400,21,0,1273,,,61.9
3122,1999,2653,1756,1744,12,0,797,,,66.2
3124,1999,1131,811,806,5,0,349,,,71.7
3201,1999,77224,52049,51772,277,0,7542,,,67.4
3203,1999,55297,35238,35049,189,0,7714,,,63.72
3205,1999,45755,28094,27930,164,0,6245,,,61.4
3207,1999,36252,23571,23506,65,0,5395,,,65.02
3209,1999,15214,8550,8487,63,0,1774,,,56.2
3212,1999,11177,7332,7290,42,0,2069,,,65.6
3214,1999,9706,6105,6064,41,0,1535,,,62.9
3216,1999,8942,5660,5627,33,0,1298,,,63.3
3218,1999,10011,6347,6328,19,0,1589,,,63.4
3220,1999,6435,3848,3831,17,0,1064,,,59.8
3222,1999,22573,13905,13765,140,0,2603,,,61.6
3224,1999,11172,6558,6514,44,0,1422,,,58.7
3226,1999,10317,6576,6538,38,0,1519,,,63.74
3228,1999,12459,7226,7164,62,0,2150,,,58.0
3230,1999,3329,2157,2141,16,0,789,,,64.8
3232,1999,13696,8560,8524,36,0,2091,,,62.5
3234,1999,6270,4019,3985,34,0,1183,,,64.1
3236,1999,4640,3002,2980,22,0,973,,,64.7
3238,1999,6668,3834,3806,28,0,993,,,57.5
3240,1999,13454,7736,7692,44,0,1709,,,57.5
3242,1999,2066,1368,1355,13,0,525,,,66.2
3301,1999,63355,37081,36736,345,0,6542,,,58.53
3303,1999,17542,10420,10323,97,0,2603,,,59.4
3305,1999,22118,12519,12431,88,0,2894,,,56.6
3310,1999,3837,2471,2462,9,0,688,,,64.4
3312,1999,16207,10340,10277,63,0,2180,,,63.8
3314,1999,11668,6639,6592,47,0,1275,,,56.9
3316,1999,9750,5938,5893,45,0,1191,,,60.9
3318,1999,1785,1132,1118,14,0,493,,,63.4
3320,1999,893,649,643,6,0,407,,,72.7
3322,1999,2727,1748,1741,7,0,1010,,,64.1
3324,1999,3470,2002,1983,19,0,1008,,,57.7
3326,1999,1435,1045,1043,2,0,597,,,72.8
3328,1999,3626,2364,2353,11,0,1222,,,65.2
3330,1999,3687,2120,2093,27,0,1145,,,57.5
3332,1999,2862,1963,1949,14,0,634,,,68.6
3334,1999,1956,1297,1290,7,0,515,,,66.3
3336,1999,1178,740,701,39,0,313,,,62.8
3338,1999,2193,1410,1402,8,0,578,,,64.3
3401,1999,13846,7823,7810,13,0,1939,,,56.5
3403,1999,21174,13403,13339,64,0,2558,,,63.3
3405,1999,19518,11223,11175,48,0,2081,,,57.5
3407,1999,21416,12935,12862,73,0,1947,,,60.4
3411,1999,24508,13210,13125,85,0,2149,,,53.9
3412,1999,5511,3345,3298,47,0,726,,,60.7
3413,1999,13948,8369,8323,46,0,1512,,,60.0
3414,1999,4150,2660,2649,11,0,1127,,,64.1
3415,1999,5821,3522,3493,29,0,644,,,60.5
3416,1999,5104,2950,2915,35,0,919,,,57.8
3417,1999,4469,2954,2931,23,0,793,,,66.1
3418,1999,6654,3979,3967,12,0,1077,,,59.8
3419,1999,3364,2170,2151,19,0,904,,,64.5
3420,1999,14147,7880,7859,21,0,1700,,,55.7
3421,1999,5701,3717,3707,10,0,1142,,,65.2
3422,1999,3543,2264,2239,25,0,768,,,63.9
3423,1999,2398,1602,1595,7,0,444,,,66.8
3424,1999,1833,1437,1421,16,0,569,,,78.4
3425,1999,1235,937,929,8,0,374,,,75.9
3426,1999,1358,991,979,12,0,443,,,73.0
3427,1999,4153,2662,2645,17,0,1327,,,64.1
3428,1999,1827,1306,1300,6,0,518,,,71.5
3429,1999,1439,1078,1067,11,0,534,,,74.9
3430,1999,1583,1132,1125,7,0,464,,,71.5
3431,1999,2311,1493,1480,13,0,521,,,64.6
3432,1999,1758,1097,1092,5,0,511,,,62.4
3433,1999,1927,1143,1139,4,0,519,,,59.3
3434,1999,1998,1285,1278,7,0,613,,,64.3
3435,1999,3062,1917,1908,9,0,703,,,62.6
3436,1999,4787,2609,2609,0,0,617,,,54.5
3437,1999,4897,2723,2705,18,0,938,,,55.6
3438,1999,2632,1561,1546,15,0,579,,,59.3
3439,1999,3817,2424,2414,10,0,695,,,63.5
3440,1999,3688,2202,2196,6,0,735,,,59.7
3441,1999,4916,3053,3040,13,0,831,,,62.1
3442,1999,11114,6513,6480,33,0,1077,,,58.6
3443,1999,10435,6146,6104,42,0,1100,,,58.9
3446,1999,10052,6353,6299,54,0,1237,,,63.2
3447,1999,4786,2958,2925,33,0,709,,,61.8
3448,1999,5531,3302,3280,22,0,930,,,59.7
3449,1999,2673,1604,1593,11,0,823,,,60.0
3450,1999,1148,758,756,2,0,378,,,66.0
3451,1999,5144,2855,2847,8,0,1287,,,55.5
3452,1999,1798,1149,1147,2,0,672,,,63.9
3453,1999,2391,1485,1477,8,0,736,,,62.1
3454,1999,1266,865,855,10,0,608,,,68.3
3901,1999,18390,11218,11175,43,0,1348,,,61.0
3903,1999,20985,12722,12652,70,0,3703,,,60.62
3905,1999,27498,16389,16255,134,0,2827,,,59.6
3907,1999,41056,24944,24833,111,0,5576,,,60.76
3909,1999,33081,19649,19544,105,0,4630,,,59.4
3911,1999,18491,11805,11725,80,0,2948,,,63.84
4001,1999,25649,14671,14605,66,0,1996,,,57.2
4003,1999,38530,21384,21247,137,0,3555,,,55.5
4005,1999,9731,5362,5326,36,0,1272,,,55.1
4010,1999,1691,1126,1113,13,0,387,,,66.6
4012,1999,10644,6152,6121,31,0,1928,,,57.8
4014,1999,8382,5180,5144,36,0,1867,,,61.8
4016,1999,3269,2043,2035,8,0,1032,,,62.5
4018,1999,5235,3204,3186,18,0,852,,,61.2
4020,1999,7255,4309,4283,26,0,1421,,,59.39
4022,1999,2371,1342,1336,6,0,504,,,56.6
4024,1999,1318,850,845,5,0,318,,,64.5
4026,1999,5206,3405,3382,23,0,1297,,,65.4
4028,1999,2076,1264,1255,9,0,546,,,60.9
4030,1999,1139,769,766,3,0,430,,,67.5
4032,1999,1038,765,751,14,0,449,,,73.7
4034,1999,1940,1389,1385,4,0,498,,,71.6
4036,1999,2974,1850,1839,11,0,858,,,62.2
4201,1999,5471,3277,3249,28,0,1037,,,59.9
4202,1999,13297,7925,7891,34,0,3391,,,59.6
4203,1999,30486,16554,16453,101,0,5980,,,54.3
4204,1999,64858,38739,38593,146,0,14084,,,59.73
4205,1999,16086,10172,10136,36,0,4991,,,63.23
4206,1999,7222,4521,4503,18,0,2221,,,62.6
4207,1999,6768,4047,4035,12,0,2346,,,59.8
4211,1999,1973,1263,1259,4,0,701,,,64.0
4212,1999,1392,1055,1052,3,0,641,,,75.8
4213,1999,4571,2907,2887,20,0,1323,,,63.6
4214,1999,3309,1926,1924,2,0,727,,,58.2
4215,1999,6668,3974,3957,17,0,2025,,,59.6
4216,1999,3085,1919,1913,6,0,1126,,,62.2
4217,1999,1441,977,971,6,0,543,,,67.8
4218,1999,789,582,581,1,0,327,,,73.8
4219,1999,2569,1480,1472,8,0,839,,,57.6
4220,1999,1046,638,636,2,0,374,,,61.0
4221,1999,1133,739,736,3,0,539,,,65.2
4222,1999,646,437,432,5,0,326,,,67.6
4223,1999,8770,5499,5481,18,0,1900,,,62.7
4224,1999,644,468,468,0,0,387,,,72.7
4225,1999,5199,3239,3229,10,0,1528,,,62.3
4226,1999,1186,942,935,7,0,668,,,79.4
4227,1999,4224,2636,2627,9,0,1302,,,62.4
4228,1999,1323,947,947,0,0,772,,,71.6
4601,1999,176341,104394,103780,614,0,20887,,,59.2
4602,1999,13229,7447,7411,36,0,3278,,,56.29
4611,1999,2992,1942,1928,14,0,1024,,,64.9
4612,1999,3321,2132,2121,11,0,1399,,,64.2
4613,1999,7673,4742,4699,43,0,2667,,,61.8
4614,1999,11665,6719,6687,32,0,2351,,,57.6
4615,1999,2186,1530,1529,1,0,933,,,70.0
4616,1999,2149,1457,1449,8,0,949,,,67.8
4617,1999,9889,6062,6024,38,0,3000,,,61.3
4618,1999,9794,6003,5957,46,0,2522,,,61.29
4619,1999,758,552,547,5,0,374,,,72.8
4620,1999,942,678,676,2,0,408,,,72.0
4621,1999,11400,7220,7194,26,0,2521,,,63.33
4622,1999,6548,4027,3998,29,0,1594,,,61.5
4623,1999,1764,1194,1175,19,0,509,,,67.7
4624,1999,12944,8561,8529,32,0,4014,,,66.14
4625,1999,3169,2044,2031,13,0,1182,,,64.5
4626,1999,19090,11917,11862,55,0,4812,,,62.43
4627,1999,14577,8746,8707,39,0,2149,,,60.0
4628,1999,3266,2198,2188,10,0,871,,,67.3
4629,1999,254,159,159,0,0,0,,,62.6
4630,1999,5168,3628,3610,18,0,1685,,,70.2
4631,1999,16673,10117,10074,43,0,4308,,,60.68
4632,1999,1955,1222,1217,5,0,663,,,62.5
4633,1999,518,418,418,0,0,247,,,80.7
4634,1999,1323,1069,1068,1,0,881,,,80.8
4635,1999,1886,1286,1286,0,0,875,,,68.2
4636,1999,750,554,552,2,0,387,,,73.9
4637,1999,1210,800,794,6,0,492,,,66.1
4638,1999,3592,2292,2282,10,0,1238,,,63.8
4639,1999,2287,1512,1509,3,0,932,,,66.1
4640,1999,6119,3816,3798,18,0,2008,,,62.36
4641,1999,1394,994,990,4,0,577,,,71.3
4642,1999,3367,2369,2358,11,0,1382,,,70.36
4643,1999,4577,2481,2481,0,0,1110,,,54.2
4644,1999,3761,2535,2525,10,0,1674,,,67.4
4645,1999,2606,1579,1574,5,0,964,,,60.6
4646,1999,4379,2912,2896,16,0,1851,,,66.5
4647,1999,11673,7207,7179,28,0,3398,,,61.74
4648,1999,3260,2259,2239,20,0,1177,,,69.3
4649,1999,6600,4232,4197,35,0,2435,,,64.12
4650,1999,5310,3673,3651,22,0,2302,,,69.17
4651,1999,5031,3079,3061,18,0,1892,,,61.2
5001,1999,117837,69899,69684,215,0,10478,,,59.32
5006,1999,19330,11884,11839,45,0,3172,,,61.48
5007,1999,9907,5903,5881,22,0,1943,,,59.59
5014,1999,3177,1868,1864,4,0,737,,,58.8
5020,1999,1831,1213,1207,6,0,722,,,66.26
5021,1999,4783,2750,2745,5,0,1385,,,57.5
5022,1999,2118,1360,1355,5,0,673,,,64.2
5025,1999,4372,2759,2741,18,0,998,,,63.1
5026,1999,1807,1274,1262,12,0,478,,,70.5
5027,1999,4457,2741,2738,3,0,1058,,,61.5
5028,1999,9804,5755,5716,39,0,1969,,,58.7
5029,1999,4285,2721,2707,14,0,842,,,63.5
5031,1999,8027,4495,4461,34,0,1229,,,56.0
5032,1999,3108,2064,2061,3,0,766,,,66.4
5033,1999,723,565,564,1,0,320,,,78.1
5034,1999,2027,1271,1266,5,0,503,,,62.7
5035,1999,13761,7830,7789,41,0,2488,,,56.9
5036,1999,1825,1232,1228,4,0,664,,,67.5
5037,1999,13064,7708,7683,25,0,2503,,,59.0
5038,1999,10384,5919,5899,20,0,1714,,,57.0
5041,1999,1803,1251,1248,3,0,597,,,69.4
5042,1999,1255,782,778,4,0,432,,,62.3
5043,1999,443,337,333,4,0,204,,,76.1
5044,1999,785,557,551,6,0,347,,,71.0
5045,1999,1929,1333,1328,5,0,507,,,69.1
5046,1999,1043,770,768,2,0,464,,,73.8
5047,1999,2782,1925,1924,1,0,902,,,69.2
5049,1999,985,641,635,6,0,405,,,65.1
5052,1999,559,379,379,0,0,227,,,67.8
5053,1999,7739,4793,4776,17,0,1715,,,61.94
5054,1999,4967,2841,2831,10,0,1298,,,57.2
5055,1999,4105,2481,2473,8,0,1068,,,60.44
5056,1999,3180,1822,1808,14,0,691,,,57.3
5057,1999,7426,4448,4427,21,0,2001,,,59.9
5058,1999,2645,1677,1668,9,0,785,,,63.4
5059,1999,12362,7566,7536,30,0,2833,,,61.2
5060,1999,6934,4047,4039,8,0,1631,,,58.37
5061,1999,1703,1141,1135,6,0,679,,,67.0
5501,1999,44208,23607,23492,115,0,7571,,,53.4
5503,1999,18044,9498,9467,31,0,2362,,,52.64
5510,1999,2447,1304,1297,7,0,667,,,53.3
5512,1999,3687,2261,2251,10,0,1309,,,61.33
5514,1999,1475,991,977,14,0,688,,,67.2
5516,1999,1046,727,720,7,0,376,,,69.5
5518,1999,830,627,622,5,0,404,,,75.5
5520,1999,2984,1835,1824,11,0,641,,,61.5
5522,1999,1801,1210,1198,12,0,642,,,67.2
5524,1999,5395,2773,2765,8,0,1049,,,51.4
5526,1999,2526,1493,1481,12,0,717,,,59.1
5528,1999,1066,648,644,4,0,315,,,60.8
5530,1999,11507,6687,6643,44,0,2861,,,58.11
5532,1999,4565,2611,2599,12,0,1189,,,57.2
5534,1999,1903,1172,1160,12,0,733,,,61.6
5536,1999,2531,1501,1493,8,0,883,,,59.3
5538,1999,1455,886,880,6,0,486,,,60.9
5540,1999,1863,1196,1186,10,0,794,,,64.2
5542,1999,2211,1291,1284,7,0,852,,,58.4
5544,1999,3648,2043,2039,4,0,916,,,56.0
5546,1999,1168,730,730,0,0,489,,,62.5
5601,1999,11950,6023,5996,27,0,2890,,,50.4
5603,1999,7924,4541,4509,32,0,1798,,,57.3
5605,1999,7308,3815,3771,44,0,1072,,,52.2
5607,1999,4582,2763,2745,18,0,1059,,,60.3
5610,1999,2091,1336,1321,15,0,834,,,63.9
5612,1999,2314,1520,1506,14,0,1146,,,65.7
5614,1999,1117,706,699,7,0,418,,,63.2
5616,1999,961,572,563,9,0,309,,,59.5
5618,1999,1211,615,613,2,0,223,,,50.8
5620,1999,2773,1639,1633,6,0,684,,,59.1
5622,1999,3386,1886,1875,11,0,900,,,55.7
5624,1999,1162,617,607,10,0,349,,,53.1
5626,1999,998,622,621,1,0,424,,,62.3
5628,1999,2377,1633,1623,10,0,895,,,68.7
5630,1999,960,641,640,1,0,429,,,66.8
5632,1999,1885,1029,1027,2,0,438,,,54.6
5634,1999,2195,1315,1298,17,0,673,,,59.9
5636,1999,789,579,561,18,0,426,,,73.4
0301,2003,419286,260796,259181,1615,0,73182,,,62.2
1101,2003,9923,6053,5953,100,0,3007,,,61.0
1103,2003,89459,53436,53172,264,0,17854,,,59.73
1106,2003,24056,13327,13253,74,0,6477,,,55.4
1108,2003,41880,23933,23696,237,0,8008,,,57.15
1111,2003,2502,1599,1587,12,0,934,,,63.9
1112,2003,2270,1462,1458,4,0,926,,,64.4
1114,2003,1788,1250,1237,13,0,725,,,69.9
1119,2003,10281,6518,6448,70,0,3316,,,63.4
1120,2003,10005,6073,6033,40,0,3213,,,60.7
1121,2003,10129,6675,6623,52,0,3088,,,65.9
1122,2003,6269,4006,3967,39,0,1998,,,63.9
1124,2003,13935,8598,8542,56,0,3269,,,61.7
1127,2003,6383,4149,4149,0,0,1855,,,65.0
1130,2003,7473,4282,4274,8,0,2184,,,57.3
1133,2003,2041,1290,1280,10,0,837,,,63.2
1134,2003,2993,1841,1803,38,0,1160,,,61.5
1135,2003,3774,2585,2569,16,0,1348,,,68.5
1144,2003,392,266,263,3,0,241,,,67.9
1145,2003,575,379,371,8,0,237,,,65.9
1146,2003,6487,3769,3739,30,0,2027,,,58.1
1149,2003,27297,15832,15737,95,0,8764,,,58.0
1151,2003,163,130,129,1,0,97,,,79.8
1160,2003,6029,3452,3400,52,0,2271,,,57.25
1505,2003,17380,9530,9500,30,0,3958,,,54.83
1506,2003,23453,13674,13611,63,0,7158,,,58.3
1508,2003,34766,18457,18332,125,0,7868,,,53.09
1511,2003,2932,1777,1776,1,0,1066,,,60.6
1514,2003,2004,1347,1345,2,0,932,,,67.2
1515,2003,6283,3531,3497,34,0,2212,,,56.2
1516,2003,4916,2915,2896,19,0,1863,,,59.3
1517,2003,3510,2250,2241,9,0,1404,,,64.1
1520,2003,7807,4559,4554,5,0,3003,,,58.4
1525,2003,3557,2337,2328,9,0,1164,,,65.7
1528,2003,5591,3321,3297,24,0,1857,,,59.4
1531,2003,5420,3317,3305,12,0,1745,,,61.2
1532,2003,4773,2854,2851,3,0,1814,,,59.8
1535,2003,4827,2949,2911,38,0,1791,,,61.1
1539,2003,5662,3284,3258,26,0,1611,,,58.0
1547,2003,2309,1381,1380,1,0,884,,,59.8
1554,2003,4158,2362,2362,0,0,1376,,,56.8
1557,2003,2095,1215,1211,4,0,784,,,58.0
1560,2003,2423,1551,1537,14,0,1003,,,64.0
1563,2003,5731,3456,3446,10,0,1426,,,60.3
1566,2003,4764,2425,2404,21,0,1372,,,50.9
1573,2003,1818,1062,1039,23,0,568,,,58.4
1576,2003,4260,2692,2672,20,0,1847,,,63.2
1577,2003,6238,3774,3745,29,0,2183,,,60.5
1578,2003,2191,1385,1382,3,0,939,,,63.22
1579,2003,9120,5070,5062,8,0,2878,,,55.59
1580,2003,6718,4105,4064,41,0,2714,,,61.1
1804,2003,31928,15070,15043,27,0,4843,,,47.2
1806,2003,16390,9262,9225,37,0,3416,,,56.51
1811,2003,1416,1116,1113,3,0,688,,,78.8
1812,2003,1599,921,892,29,0,517,,,57.6
1813,2003,5606,2915,2901,14,0,1565,,,52.0
1815,2003,1071,709,694,15,0,384,,,66.2
1816,2003,425,308,307,1,0,241,,,72.5
1818,2003,1362,771,771,0,0,498,,,56.6
1820,2003,5518,2941,2931,10,0,1614,,,53.3
1822,2003,1636,877,873,4,0,515,,,53.6
1824,2003,10360,5750,5733,17,0,2698,,,55.5
1825,2003,1218,788,785,3,0,477,,,64.7
1826,2003,1219,892,889,3,0,438,,,73.2
1827,2003,1185,776,768,8,0,490,,,65.5
1828,2003,1347,847,847,0,0,506,,,62.9
1832,2003,3480,2189,2184,5,0,1053,,,62.9
1833,2003,19402,10225,10148,77,0,3315,,,52.7
1834,2003,1554,985,981,4,0,684,,,63.4
1835,2003,351,212,212,0,0,144,,,60.4
1836,2003,1084,750,748,2,0,619,,,69.2
1837,2003,5104,2797,2780,17,0,1584,,,54.8
1838,2003,1733,1064,1060,4,0,612,,,61.4
1839,2003,978,704,700,4,0,317,,,72.0
1840,2003,3772,2218,2159,59,0,951,,,58.8
1841,2003,8245,4984,4956,28,0,1902,,,60.45
1845,2003,1742,1059,1055,4,0,426,,,60.8
1848,2003,2227,1267,1264,3,0,690,,,56.9
1851,2003,1882,1208,1203,5,0,543,,,64.2
1853,2003,1178,775,771,4,0,486,,,65.8
1856,2003,478,312,309,3,0,201,,,65.3
1857,2003,581,358,358,0,0,246,,,61.6
1859,2003,1130,686,680,6,0,414,,,60.7
1860,2003,8078,4047,4047,0,0,2006,,,50.1
1865,2003,6978,3468,3455,13,0,1946,,,49.7
1866,2003,6215,3375,3365,10,0,1731,,,54.3
1867,2003,2440,1530,1523,7,0,821,,,62.7
1868,2003,3462,2015,2012,3,0,1104,,,58.2
1870,2003,7066,3427,3415,12,0,1503,,,48.5
1871,2003,4215,2495,2489,6,0,1274,,,59.2
1874,2003,971,575,568,7,0,386,,,59.2
1875,2003,3253,2167,2157,10,0,1517,,,66.62
3101,2003,21679,12357,12079,278,0,3949,,,57.0
3103,2003,32353,18849,18501,348,0,5835,,,58.26
3105,2003,38745,21155,20981,174,0,6167,,,54.6
3107,2003,54548,28365,28112,253,0,8125,,,52.0
3110,2003,2921,1814,1805,9,0,635,,,62.1
3112,2003,4957,3192,3149,43,0,1143,,,64.4
3114,2003,2989,1823,1796,27,0,748,,,61.0
3116,2003,2512,1447,1413,34,0,703,,,57.6
3118,2003,29611,16362,16107,255,0,5617,,,55.26
3120,2003,5637,3196,3154,42,0,1199,,,56.7
3122,2003,2722,1568,1568,0,0,655,,,57.6
3124,2003,1119,772,768,4,0,394,,,69.0
3201,2003,77630,50615,50215,400,0,10422,,,65.2
3203,2003,56949,35937,35688,249,0,9360,,,63.1
3205,2003,47948,28155,28034,121,0,8168,,,58.72
3207,2003,37045,23831,23580,251,0,5776,,,64.33
3209,2003,17627,9589,9470,119,0,3067,,,54.4
3212,2003,11746,7353,7252,101,0,2277,,,62.6
3214,2003,9900,6237,6178,59,0,2002,,,63.0
3216,2003,9684,6072,5978,94,0,2165,,,62.7
3218,2003,10402,6678,6608,70,0,2299,,,64.2
3220,2003,6895,4013,3986,27,0,1380,,,58.2
3222,2003,23080,14102,13889,213,0,3509,,,61.1
3224,2003,11355,6427,6397,30,0,1767,,,56.6
3226,2003,10726,6512,6506,6,0,1997,,,60.71
3228,2003,13492,7353,7268,85,0,2293,,,54.5
3230,2003,3595,2254,2234,20,0,933,,,62.7
3232,2003,14315,6628,6603,25,0,1780,,,46.3
3234,2003,6473,3871,3836,35,0,1560,,,59.8
3236,2003,4836,2955,2907,48,0,1376,,,61.1
3238,2003,7284,3919,3865,54,0,979,,,53.8
3240,2003,14105,7363,7263,100,0,2044,,,52.2
3242,2003,2086,1279,1279,0,0,484,,,61.3
3301,2003,65452,36670,36294,376,0,9004,,,56.03
3303,2003,18125,10132,10043,89,0,3622,,,55.9
3305,2003,22266,12380,12248,132,0,4108,,,55.6
3310,2003,3979,2451,2432,19,0,860,,,61.6
3312,2003,16439,9666,9586,80,0,3061,,,58.8
3314,2003,11854,6733,6681,52,0,2389,,,56.8
3316,2003,10025,5644,5604,40,0,1340,,,56.3
3318,2003,1745,1127,1120,7,0,580,,,64.6
3320,2003,840,573,560,13,0,332,,,68.2
3322,2003,2703,1522,1519,3,0,931,,,56.3
3324,2003,3444,1994,1981,13,0,1121,,,57.9
3326,2003,1439,993,992,1,0,621,,,69.0
3328,2003,3591,2320,2303,17,0,1456,,,64.6
3330,2003,3560,2378,2356,22,0,1466,,,66.8
3332,2003,2799,1724,1709,15,0,750,,,61.6
3334,2003,1923,1169,1148,21,0,558,,,60.8
3336,2003,1156,717,694,23,0,361,,,62.0
3338,2003,2071,1286,1286,0,0,693,,,62.1
3401,2003,13849,7631,7546,85,0,2200,,,55.1
3403,2003,21699,12412,12246,166,0,3770,,,57.2
3405,2003,19642,10764,10706,58,0,3066,,,54.8
3407,2003,21672,12635,12508,127,0,3479,,,58.3
3411,2003,24561,11986,11881,105,0,4145,,,48.8
3412,2003,5678,3407,3349,58,0,1115,,,60.0
3413,2003,14153,7869,7824,45,0,2099,,,55.6
3414,2003,4088,2612,2598,14,0,1228,,,63.9
3415,2003,5974,3608,3591,17,0,1162,,,60.4
3416,2003,5151,2905,2889,16,0,1034,,,56.4
3417,2003,4352,2376,2359,17,0,864,,,54.6
3418,2003,6474,3444,3425,19,0,1025,,,53.2
3419,2003,3230,1893,1887,6,0,682,,,58.6
3420,2003,14666,7817,7654,163,0,2554,,,53.3
3421,2003,5594,3334,3319,15,0,1293,,,59.6
3422,2003,3511,1991,1969,22,0,769,,,56.7
3423,2003,2283,1459,1450,9,0,477,,,63.9
3424,2003,1764,1270,1262,8,0,506,,,72.0
3425,2003,1185,847,847,0,0,387,,,71.5
3426,2003,1309,914,905,9,0,399,,,69.8
3427,2003,4189,2522,2500,22,0,904,,,60.2
3428,2003,1839,1120,1107,13,0,526,,,60.9
3429,2003,1376,936,933,3,0,473,,,68.0
3430,2003,1588,1064,1061,3,0,551,,,67.0
3431,2003,2270,1319,1311,8,0,601,,,58.1
3432,2003,1705,1035,1033,2,0,520,,,60.7
3433,2003,1912,1105,1098,7,0,687,,,57.8
3434,2003,1934,1021,998,23,0,543,,,52.8
3435,2003,3032,1795,1793,2,0,785,,,59.2
3436,2003,4659,2353,2337,16,0,716,,,50.5
3437,2003,4760,2618,2591,27,0,936,,,55.0
3438,2003,2624,1404,1379,25,0,544,,,53.5
3439,2003,3669,2198,2187,11,0,863,,,59.9
3440,2003,3745,1985,1970,15,0,653,,,53.0
3441,2003,4845,2820,2778,42,0,913,,,58.2
3442,2003,11546,6593,6511,82,0,2020,,,57.1
3443,2003,9926,5668,5599,69,0,1477,,,57.1
3446,2003,10180,5894,5807,87,0,1988,,,57.9
3447,2003,4739,2455,2401,54,0,820,,,51.8
3448,2003,5462,2862,2838,24,0,925,,,52.4
3449,2003,2547,1444,1437,7,0,797,,,56.7
3450,2003,1150,652,645,7,0,382,,,56.7
3451,2003,5145,2953,2941,12,0,1501,,,57.4
3452,2003,1766,1012,1000,12,0,596,,,57.3
3453,2003,2413,1356,1346,10,0,710,,,56.2
3454,2003,1254,848,843,5,0,613,,,67.6
3901,2003,19052,11336,11017,319,0,3689,,,59.5
3903,2003,21573,13157,13037,120,0,5365,,,60.99
3905,2003,28392,17887,17743,144,0,4287,,,63.0
3907,2003,42910,24815,24591,224,0,7741,,,57.83
3909,2003,33770,19993,19859,134,0,7081,,,59.2
3911,2003,18808,12685,12557,128,0,4049,,,67.45
4001,2003,25875,14749,14656,93,0,3381,,,57.0
4003,2003,39235,20834,20664,170,0,4660,,,53.1
4005,2003,9787,5422,5342,80,0,1385,,,55.4
4010,2003,1752,1144,1123,21,0,334,,,65.3
4012,2003,10708,6243,6208,35,0,2057,,,58.3
4014,2003,8302,5147,5099,48,0,1521,,,62.0
4016,2003,3273,2111,2097,14,0,712,,,64.5
4018,2003,5151,3039,3039,0,0,845,,,59.0
4020,2003,7331,4252,4234,18,0,1566,,,58.0
4022,2003,2354,1344,1341,3,0,464,,,57.1
4024,2003,1265,749,739,10,0,301,,,59.2
4026,2003,5010,3096,3074,22,0,888,,,61.8
4028,2003,2063,1139,1130,9,0,467,,,55.2
4030,2003,1124,764,760,4,0,375,,,68.0
4032,2003,1013,640,640,0,0,365,,,63.2
4034,2003,1922,1311,1309,2,0,546,,,68.2
4036,2003,2913,1710,1703,7,0,715,,,58.7
4201,2003,5435,3125,3100,25,0,1641,,,57.5
4202,2003,13911,8138,8067,71,0,4248,,,58.5
4203,2003,30691,16880,16766,114,0,7415,,,55.0
4204,2003,67800,40035,39771,264,0,16789,,,59.05
4205,2003,16424,10092,10032,60,0,5619,,,61.45
4206,2003,7186,4369,4351,18,0,2835,,,60.8
4207,2003,6841,3968,3954,14,0,2152,,,58.0
4211,2003,1937,1098,1088,10,0,564,,,56.7
4212,2003,1371,1027,1025,2,0,723,,,74.9
4213,2003,4601,2710,2687,23,0,1471,,,58.9
4214,2003,3444,1925,1922,3,0,1069,,,55.9
4215,2003,6857,4128,4099,29,0,2221,,,60.2
4216,2003,3175,2013,1979,34,0,1211,,,63.4
4217,2003,1415,873,872,1,0,572,,,61.7
4218,2003,828,515,506,9,0,311,,,62.2
4219,2003,2586,1562,1551,11,0,953,,,60.4
4220,2003,1001,675,671,4,0,489,,,67.4
4221,2003,1076,669,665,4,0,478,,,62.2
4222,2003,639,435,433,2,0,300,,,68.1
4223,2003,9048,5465,5453,12,0,2693,,,60.4
4224,2003,657,410,410,0,0,326,,,62.4
4225,2003,5282,3507,3499,8,0,2169,,,66.4
4226,2003,1183,911,906,5,0,729,,,77.0
4227,2003,4171,2686,2675,11,0,1717,,,64.4
4228,2003,1335,921,921,0,0,695,,,69.0
4601,2003,181682,112098,110685,1413,0,33170,,,61.7
4602,2003,13139,7457,7396,61,0,3554,,,56.76
4611,2003,2991,1735,1733,2,0,1153,,,58.0
4612,2003,3392,2266,2239,27,0,1422,,,66.8
4613,2003,7788,4735,4707,28,0,2940,,,60.8
4614,2003,11859,6973,6929,44,0,2827,,,58.8
4615,2003,2144,1430,1422,8,0,907,,,66.7
4616,2003,2171,1398,1396,2,0,831,,,64.4
4617,2003,9942,6174,6125,49,0,3629,,,62.1
4618,2003,9457,5872,5814,58,0,2738,,,62.09
4619,2003,704,492,487,5,0,329,,,69.9
4620,2003,911,581,578,3,0,373,,,63.8
4621,2003,11397,6993,6947,46,0,2385,,,61.36
4622,2003,6428,3947,3928,19,0,1997,,,61.4
4623,2003,1807,1075,1069,6,0,635,,,59.5
4624,2003,13477,9464,9413,51,0,4142,,,70.22
4625,2003,3241,2071,2050,21,0,1429,,,63.9
4626,2003,20406,12708,12567,141,0,5121,,,62.28
4627,2003,15655,9534,9470,64,0,3238,,,60.9
4628,2003,3232,2198,2172,26,0,864,,,68.0
4629,2003,271,187,181,6,0,150,,,69.0
4630,2003,5289,3459,3407,52,0,1745,,,65.4
4631,2003,17207,10542,10454,88,0,4931,,,61.27
4632,2003,1931,1168,1164,4,0,701,,,60.5
4633,2003,517,406,403,3,0,279,,,78.5
4634,2003,1315,936,928,8,0,673,,,71.2
4635,2003,1858,1178,1174,4,0,824,,,63.4
4636,2003,709,440,439,1,0,286,,,62.1
4637,2003,1165,648,644,4,0,462,,,55.6
4638,2003,3486,2252,2252,0,0,1181,,,64.6
4639,2003,2265,1420,1417,3,0,866,,,62.7
4640,2003,6116,3680,3654,26,0,2084,,,60.17
4641,2003,1366,899,889,10,0,555,,,65.8
4642,2003,3328,2290,2271,19,0,1348,,,68.8
4643,2003,4463,2660,2660,0,0,1325,,,59.6
4644,2003,3695,2494,2488,6,0,1882,,,67.5
4645,2003,2503,1607,1600,7,0,1019,,,64.2
4646,2003,4246,2755,2745,10,0,1658,,,64.88
4647,2003,12130,7373,7270,103,0,3121,,,60.79
4648,2003,3106,1969,1959,10,0,1220,,,63.4
4649,2003,6552,3959,3924,35,0,1970,,,60.42
4650,2003,5245,3520,3506,14,0,1905,,,67.11
4651,2003,5034,2834,2824,10,0,1634,,,56.3
5001,2003,121875,70706,70040,666,0,11689,,,58.02
5006,2003,19171,11180,11085,95,0,3677,,,58.32
5007,2003,9826,5673,5629,44,0,1927,,,57.74
5014,2003,3181,1775,1746,29,0,827,,,55.8
5020,2003,1732,1074,1066,8,0,627,,,61.99
5021,2003,4943,2971,2940,31,0,1358,,,60.1
5022,2003,2054,1282,1266,16,0,707,,,62.4
5025,2003,4429,2826,2825,1,0,1053,,,63.8
5026,2003,1718,1084,1066,18,0,398,,,63.1
5027,2003,4402,2773,2741,32,0,1202,,,63.0
5028,2003,10116,5938,5882,56,0,2038,,,58.7
5029,2003,4430,2574,2552,22,0,919,,,58.1
5031,2003,8536,5002,4963,39,0,1343,,,58.6
5032,2003,3109,1862,1849,13,0,777,,,59.9
5033,2003,704,516,514,2,0,281,,,73.3
5034,2003,2011,1277,1273,4,0,566,,,63.5
5035,2003,14378,8368,8299,69,0,2965,,,58.2
5036,2003,1846,1165,1148,17,0,660,,,63.1
5037,2003,13231,7687,7626,61,0,2611,,,58.1
5038,2003,10329,5836,5767,69,0,1709,,,56.5
5041,2003,1752,1128,1126,2,0,560,,,64.4
5042,2003,1218,731,727,4,0,386,,,60.0
5043,2003,428,314,314,0,0,172,,,73.4
5044,2003,773,489,484,5,0,337,,,63.3
5045,2003,1950,1324,1313,11,0,550,,,67.9
5046,2003,1001,712,712,0,0,432,,,71.1
5047,2003,2726,1622,1615,7,0,709,,,59.5
5049,2003,945,657,657,0,0,495,,,69.5
5052,2003,518,329,316,13,0,202,,,63.5
5053,2003,7717,4931,4922,9,0,1878,,,63.9
5054,2003,4820,2680,2661,19,0,1296,,,55.6
5055,2003,4015,2464,2464,0,0,1152,,,61.37
5056,2003,3179,1796,1788,8,0,778,,,56.5
5057,2003,7450,4279,4257,22,0,2063,,,57.43
5058,2003,2583,1599,1599,0,0,901,,,61.9
5059,2003,12569,7030,6970,60,0,2698,,,55.93
5060,2003,6904,3939,3918,21,0,2114,,,57.06
5061,2003,1640,938,938,0,0,556,,,57.2
5501,2003,46179,25491,25313,178,0,10095,,,55.2
5503,2003,18093,8291,8264,27,0,3979,,,45.82
5510,2003,2337,1290,1279,11,0,723,,,55.2
5512,2003,3606,2147,2140,7,0,1302,,,59.53
5514,2003,1380,1021,1017,4,0,833,,,74.0
5516,2003,993,607,604,3,0,369,,,61.1
5518,2003,831,540,535,5,0,400,,,65.0
5520,2003,2988,1745,1734,11,0,745,,,58.4
5522,2003,1720,989,987,2,0,647,,,57.5
5524,2003,5238,2530,2514,16,0,1367,,,48.3
5526,2003,2514,1486,1480,6,0,746,,,59.1
5528,2003,1036,640,636,4,0,337,,,61.8
5530,2003,11288,6440,6386,54,0,3367,,,57.05
5532,2003,4347,2252,2236,16,0,1101,,,51.8
5534,2003,1881,1076,1072,4,0,683,,,57.2
5536,2003,2460,1486,1485,1,0,1105,,,60.4
5538,2003,1462,918,916,2,0,675,,,62.8
5540,2003,1831,998,986,12,0,663,,,54.5
5542,2003,2237,1385,1375,10,0,930,,,61.9
5544,2003,3612,2348,2332,16,0,1298,,,65.0
5546,2003,1117,676,673,3,0,488,,,60.5
5601,2003,12411,6106,6057,49,0,3081,,,49.2
5603,2003,7788,4070,4025,45,0,2106,,,52.26
5605,2003,7209,3857,3830,27,0,1749,,,53.5
5607,2003,4447,2655,2630,25,0,1305,,,59.7
5610,2003,2082,1239,1238,1,0,754,,,59.5
5612,2003,2262,1448,1446,2,0,1081,,,64.0
5614,2003,1028,584,575,9,0,438,,,56.8
5616,2003,855,570,562,8,0,340,,,66.7
5618,2003,1138,620,615,5,0,377,,,54.5
5620,2003,2668,1478,1464,14,0,739,,,55.4
5622,2003,3316,1837,1817,20,0,1123,,,55.4
5624,2003,1147,600,600,0,0,369,,,52.3
5626,2003,917,500,487,13,0,362,,,54.5
5628,2003,2354,1521,1512,9,0,948,,,64.6
5630,2003,920,575,573,2,0,338,,,62.5
5632,2003,1812,1062,1062,0,0,510,,,58.6
5634,2003,1915,1080,1065,15,0,640,,,56.4
5636,2003,755,559,554,5,0,427,,,74.0
0301,2007,442359,272051,271835,216,,103575,57039,20.97,61.5
1101,2007,10148,6119,6115,4,,3529,1015,16.59,60.3
1103,2007,93603,56577,56524,53,,21901,6949,12.28,60.44
1106,2007,24661,14205,14169,36,,6612,2297,16.17,57.6
1108,2007,45585,27852,27839,13,,9661,3336,11.98,61.1
1111,2007,2492,1610,1610,0,,889,256,15.9,64.6
1112,2007,2311,1606,1603,3,,1073,326,20.3,69.5
1114,2007,1829,1324,1323,1,,859,195,14.73,72.4
1119,2007,10919,7032,7028,4,,3863,775,11.02,64.4
1120,2007,10858,6352,6350,2,,3028,833,13.11,58.5
1121,2007,11136,6971,6965,6,,3634,852,12.22,62.6
1122,2007,6775,4329,4326,3,,1999,543,12.54,63.9
1124,2007,15051,9768,9759,9,,3821,1491,15.26,64.9
1127,2007,6796,4553,4547,6,,2131,733,16.1,67.0
1130,2007,7878,4648,4648,0,,2487,627,13.49,59.0
1133,2007,1990,1371,1371,0,,947,234,17.07,68.9
1134,2007,2938,1995,1993,2,,1282,345,17.29,67.9
1135,2007,3682,2522,2517,5,,1121,404,16.02,68.5
1144,2007,405,305,305,0,,271,21,6.89,75.3
1145,2007,597,413,413,0,,295,53,12.83,69.2
1146,2007,6805,4151,4149,2,,1962,848,20.43,61.0
1149,2007,28548,17100,17087,13,,8462,2455,14.36,59.9
1151,2007,159,129,129,0,,118,41,31.78,81.1
1160,2007,5971,3505,3502,3,,2177,507,14.47,58.7
1505,2007,17596,10452,10438,14,,5028,1901,18.19,59.4
1506,2007,23553,14139,14109,30,,7256,2485,17.58,60.03
1508,2007,36045,20901,20868,33,,9387,3758,17.98,57.99
1511,2007,2775,1765,1764,1,,1134,283,16.03,63.6
1514,2007,1947,1351,1350,1,,1014,170,12.58,69.4
1515,2007,6333,3958,3951,7,,2343,662,16.73,62.5
1516,2007,4969,3205,3203,2,,1823,434,13.54,64.5
1517,2007,3518,2269,2267,2,,1322,404,17.81,64.5
1520,2007,7774,4851,4850,1,,2939,543,11.19,62.4
1525,2007,3448,2493,2491,2,,1535,437,17.53,72.3
1528,2007,5624,3498,3497,1,,2047,401,11.46,62.2
1531,2007,5670,3493,3481,12,,1939,452,12.94,61.6
1532,2007,4930,3298,3293,5,,2098,499,15.13,66.9
1535,2007,4853,2980,2976,4,,1717,503,16.88,61.4
1539,2007,5703,3359,3358,1,,1565,598,17.8,58.9
1547,2007,2372,1516,1509,7,,949,241,15.9,63.9
1554,2007,4121,2728,2728,0,,1641,446,16.35,66.2
1557,2007,2040,1385,1384,1,,984,205,14.8,67.9
1560,2007,2378,1579,1575,4,,915,253,16.02,66.4
1563,2007,5692,3751,3748,3,,1519,542,14.45,65.9
1566,2007,4632,2747,2741,6,,1659,420,15.29,59.3
1573,2007,1730,1194,1194,0,,663,279,23.37,69.0
1576,2007,4132,2647,2646,1,,1797,552,20.85,64.05
1577,2007,6292,4077,4073,4,,2377,636,15.6,64.8
1578,2007,2102,1411,1411,0,,899,243,17.22,67.13
1579,2007,9403,5410,5403,7,,3214,734,13.57,57.54
1580,2007,6538,4086,4085,1,,2454,434,10.62,62.5
1804,2007,34727,20350,20328,22,,6543,4401,21.63,58.6
1806,2007,16351,9556,9533,23,,4300,1695,17.74,58.44
1811,2007,1313,993,993,0,,667,260,26.18,75.6
1812,2007,1556,1083,1082,1,,540,194,17.91,69.6
1813,2007,5715,3309,3304,5,,1753,525,15.87,57.9
1815,2007,1029,772,771,1,,440,187,24.22,75.0
1816,2007,404,294,294,0,,214,80,27.21,72.8
1818,2007,1343,787,785,2,,457,122,15.5,58.6
1820,2007,5502,3158,3153,5,,1597,675,21.37,57.4
1822,2007,1646,1004,1001,3,,609,260,25.9,61.0
1824,2007,10388,5859,5853,6,,2551,1065,18.18,56.4
1825,2007,1215,775,775,0,,388,162,20.9,63.8
1826,2007,1180,860,857,3,,357,171,19.88,72.9
1827,2007,1139,809,808,1,,534,225,27.81,71.0
1828,2007,1318,888,888,0,,481,192,21.62,67.4
1832,2007,3452,2392,2387,5,,1127,348,14.55,69.3
1833,2007,19393,11209,11203,6,,3527,2434,21.71,57.8
1834,2007,1502,1053,1053,0,,770,156,14.81,70.1
1835,2007,322,183,183,0,,114,50,27.32,56.8
1836,2007,1007,684,682,2,,554,169,24.71,67.9
1837,2007,5063,3073,3061,12,,1868,555,18.06,60.7
1838,2007,1662,1077,1070,7,,641,228,21.17,64.8
1839,2007,944,720,718,2,,367,128,17.78,76.3
1840,2007,3735,2308,2293,15,,968,351,15.21,61.8
1841,2007,7352,4573,4570,3,,1889,960,20.99,62.2
1845,2007,1639,1008,1008,0,,427,170,16.87,61.5
1848,2007,2127,1393,1393,0,,760,337,24.19,65.5
1851,2007,1810,1200,1200,0,,485,268,22.33,66.3
1853,2007,1074,682,680,2,,401,91,13.34,63.5
1856,2007,462,310,308,2,,235,74,23.87,67.1
1857,2007,567,336,336,0,,227,70,20.83,59.3
1859,2007,1098,616,614,2,,367,94,15.26,56.1
1860,2007,8054,4478,4459,19,,2044,884,19.74,55.6
1865,2007,6928,4122,4121,1,,2132,921,22.34,59.5
1866,2007,6154,3686,3683,3,,1784,599,16.25,59.9
1867,2007,2325,1597,1596,1,,693,402,25.17,68.7
1868,2007,3385,2129,2127,2,,940,428,20.1,62.9
1870,2007,7286,3876,3866,10,,1622,709,18.29,53.2
1871,2007,4016,2514,2513,1,,1403,432,17.18,62.6
1874,2007,913,590,590,0,,377,143,24.24,64.6
1875,2007,3088,2027,2026,1,,1419,447,22.05,65.64
3101,2007,22187,12957,12924,33,,4133,1435,11.08,58.4
3103,2007,33372,20121,20114,7,,6884,2534,12.59,60.29
3105,2007,39721,21767,21729,38,,6428,2352,10.81,54.8
3107,2007,55993,33764,33747,17,,10337,3822,11.32,60.3
3110,2007,3177,2100,2091,9,,740,314,14.95,66.1
3112,2007,5242,3444,3444,0,,1196,338,9.81,65.7
3114,2007,3145,1906,1905,1,,796,182,9.55,60.6
3116,2007,2567,1561,1559,2,,726,157,10.06,60.8
3118,2007,30467,17506,17467,39,,7847,2125,12.14,57.46
3120,2007,5769,3352,3348,4,,1557,262,7.82,58.1
3122,2007,2821,1766,1758,8,,908,214,12.12,62.6
3124,2007,1106,749,747,2,,373,73,9.75,67.7
3201,2007,80278,53706,53543,163,,13403,9136,17.01,66.9
3203,2007,58849,38299,38215,84,,12644,6269,16.37,65.08
3205,2007,52311,32659,32587,72,,11284,4943,15.14,62.43
3207,2007,38631,25449,25427,22,,6820,3672,14.43,65.88
3209,2007,19683,11751,11723,28,,4362,1517,12.91,59.7
3212,2007,12602,7977,7951,26,,3796,1803,22.6,63.3
3214,2007,10572,7157,7145,12,,2622,1351,18.88,67.7
3216,2007,10204,6816,6814,2,,2646,959,14.07,66.8
3218,2007,10934,6921,6919,2,,2260,988,14.28,63.3
3220,2007,7291,4440,4418,22,,1605,444,10.0,60.9
3222,2007,23858,14792,14733,59,,4753,2111,14.27,62.0
3224,2007,11654,6771,6760,11,,2188,981,14.49,58.1
3226,2007,11173,7153,7153,0,,2402,676,9.45,64.02
3228,2007,13937,8028,8024,4,,2591,919,11.45,57.6
3230,2007,3919,2555,2553,2,,960,334,13.07,65.2
3232,2007,14785,9492,9488,4,,3100,1146,12.07,64.2
3234,2007,6561,4127,4125,2,,1520,474,11.49,62.9
3236,2007,4826,3127,3115,12,,1949,639,20.43,64.8
3238,2007,7978,4643,4624,19,,1531,523,11.26,58.2
3240,2007,15035,8585,8576,9,,3203,798,9.3,57.1
3242,2007,2057,1310,1310,0,,717,176,13.44,63.7
3301,2007,68149,39816,39747,69,,11687,6638,16.67,58.42
3303,2007,18596,11139,11130,9,,3834,1864,16.73,59.9
3305,2007,22551,12719,12704,15,,4284,2449,19.25,56.4
3310,2007,4278,2781,2777,4,,1229,427,15.35,65.0
3312,2007,16865,10456,10433,23,,4449,1560,14.92,62.0
3314,2007,12387,7197,7196,1,,2486,665,9.24,58.1
3316,2007,10066,5949,5944,5,,1883,636,10.69,59.1
3318,2007,1695,1144,1144,0,,543,156,13.64,67.5
3320,2007,800,588,587,1,,406,90,15.31,73.5
3322,2007,2721,1657,1657,0,,1113,313,18.89,60.9
3324,2007,3459,2065,2065,0,,1128,421,20.39,59.7
3326,2007,1469,1050,1048,2,,631,230,21.9,71.5
3328,2007,3552,2238,2235,3,,1309,360,16.09,63.0
3330,2007,3482,2239,2238,1,,1204,371,16.57,64.3
3332,2007,2781,1774,1770,4,,790,157,8.85,63.8
3334,2007,1964,1296,1294,2,,624,113,8.72,66.0
3336,2007,1102,704,702,2,,341,78,11.08,63.9
3338,2007,1969,1282,1282,0,,579,160,12.48,65.1
3401,2007,13835,7471,7456,15,,2350,1332,17.83,54.0
3403,2007,22269,14074,14054,20,,5019,2987,21.22,63.2
3405,2007,20108,11924,11912,12,,3281,2499,20.96,59.3
3407,2007,22078,12452,12435,17,,3725,1785,14.34,56.4
3411,2007,24809,13000,12981,19,,4290,2487,19.13,52.4
3412,2007,5703,3365,3362,3,,1234,492,14.62,59.0
3413,2007,14645,8875,8855,20,,3029,1196,13.48,60.6
3414,2007,4068,2575,2575,0,,881,245,9.51,63.3
3415,2007,6084,3699,3698,1,,1215,400,10.81,60.8
3416,2007,5173,2902,2897,5,,1206,333,11.47,56.1
3417,2007,4197,2409,2409,0,,945,311,12.91,57.4
3418,2007,6207,3656,3655,1,,1379,488,13.35,58.9
3419,2007,3183,1996,1995,1,,954,377,18.89,62.7
3420,2007,15070,8454,8444,10,,3089,1546,18.29,56.1
3421,2007,5485,3324,3316,8,,1404,462,13.9,60.6
3422,2007,3406,2006,2004,2,,855,353,17.6,58.9
3423,2007,2201,1475,1472,3,,612,302,20.47,67.0
3424,2007,1682,1248,1248,0,,635,227,18.19,74.2
3425,2007,1145,871,871,0,,409,161,18.48,76.1
3426,2007,1278,923,921,2,,498,107,11.59,72.2
3427,2007,4123,2651,2646,5,,1152,377,14.22,64.3
3428,2007,1850,1169,1166,3,,681,193,16.51,63.2
3429,2007,1343,991,990,1,,490,166,16.75,73.8
3430,2007,1554,1015,1013,2,,532,159,15.67,65.3
3431,2007,2220,1401,1401,0,,742,299,21.34,63.1
3432,2007,1678,1062,1061,1,,576,187,17.61,63.3
3433,2007,1844,1228,1228,0,,756,221,18.0,66.6
3434,2007,1912,1136,1134,2,,589,197,17.34,59.4
3435,2007,2931,1832,1827,5,,798,208,11.35,62.5
3436,2007,4550,2557,2552,5,,1096,272,10.64,56.2
3437,2007,4757,2526,2521,5,,854,436,17.26,53.1
3438,2007,2510,1368,1358,10,,557,294,21.49,54.5
3439,2007,3553,2089,2088,1,,776,340,16.28,58.8
3440,2007,3734,2162,2160,2,,965,232,10.73,57.9
3441,2007,4787,2872,2872,0,,1291,499,17.37,60.0
3442,2007,11352,6573,6569,4,,2375,1082,16.46,57.9
3443,2007,9922,5864,5864,0,,1659,656,11.19,59.1
3446,2007,10256,6718,6711,7,,2425,951,14.16,65.5
3447,2007,4647,2463,2454,9,,1182,372,15.1,53.0
3448,2007,5355,2881,2878,3,,1032,431,14.96,53.8
3449,2007,2482,1618,1616,2,,957,240,14.83,65.2
3450,2007,1099,730,730,0,,402,155,21.23,66.4
3451,2007,5031,3210,3209,1,,1919,464,14.45,63.8
3452,2007,1731,1066,1063,3,,667,112,10.51,61.6
3453,2007,2469,1600,1596,4,,979,224,14.0,64.8
3454,2007,1234,775,774,1,,565,123,15.87,62.8
3901,2007,19443,11510,11485,25,,3403,2192,19.04,59.2
3903,2007,22299,13650,13628,22,,6359,1595,11.68,61.21
3905,2007,29852,16926,16908,18,,7052,2439,14.41,56.7
3907,2007,44404,25838,25815,23,,10499,4625,17.9,58.19
3909,2007,34325,20536,20527,9,,8214,2890,14.07,59.83
3911,2007,19260,12440,12407,33,,5634,2351,18.9,64.59
4001,2007,26633,15820,15813,7,,4792,2073,13.1,59.4
4003,2007,39468,22102,22049,53,,5467,2622,11.86,56.0
4005,2007,9701,5801,5793,8,,2203,761,13.12,59.8
4010,2007,1773,1147,1145,2,,533,180,15.69,64.7
4012,2007,10781,6544,6539,5,,2310,894,13.66,60.7
4014,2007,8371,5274,5263,11,,2149,1019,19.32,63.0
4016,2007,3221,1984,1981,3,,788,267,13.46,61.6
4018,2007,5149,3115,3115,0,,983,325,10.43,60.5
4020,2007,7415,4351,4348,3,,1816,714,16.41,58.68
4022,2007,2349,1426,1412,14,,686,159,11.15,60.7
4024,2007,1296,853,848,5,,362,105,12.31,65.8
4026,2007,4863,3229,3227,2,,1535,809,25.05,66.4
4028,2007,2033,1183,1182,1,,551,148,12.51,58.2
4030,2007,1070,721,720,1,,361,103,14.29,67.4
4032,2007,1016,698,698,0,,359,127,18.19,68.7
4034,2007,1890,1336,1334,2,,619,172,12.87,70.7
4036,2007,2842,1759,1759,0,,807,326,18.53,61.9
4201,2007,5441,3439,3425,14,,1816,495,14.39,63.2
4202,2007,14671,8480,8463,17,,3907,1517,17.89,57.8
4203,2007,31378,17415,17400,15,,6685,3048,17.5,55.5
4204,2007,71033,42945,42920,25,,17159,6895,16.06,60.46
4205,2007,17001,10782,10767,15,,6338,1462,13.56,63.42
4206,2007,7106,4768,4764,4,,3116,886,18.58,67.1
4207,2007,6852,4125,4123,2,,2445,628,15.22,60.2
4211,2007,1952,1216,1216,0,,681,216,17.76,62.3
4212,2007,1399,1084,1083,1,,685,122,11.25,77.5
4213,2007,4597,2804,2796,8,,1405,468,16.69,61.0
4214,2007,3561,2108,2104,4,,1026,434,20.59,59.2
4215,2007,7046,4615,4611,4,,2425,718,15.56,65.5
4216,2007,3257,2081,2077,4,,1117,292,14.03,63.9
4217,2007,1407,961,958,3,,580,122,12.7,68.3
4218,2007,870,624,623,1,,390,96,15.38,71.7
4219,2007,2507,1592,1589,3,,1028,293,18.4,63.5
4220,2007,972,683,683,0,,441,108,15.81,70.3
4221,2007,1036,716,711,5,,481,136,18.99,69.1
4222,2007,700,477,477,0,,308,111,23.27,68.1
4223,2007,9459,5817,5811,6,,2568,713,12.26,61.5
4224,2007,645,497,496,1,,425,74,14.89,77.1
4225,2007,5443,3674,3671,3,,2165,469,12.77,67.5
4226,2007,1167,880,880,0,,680,62,7.05,75.4
4227,2007,4231,2826,2824,2,,1023,501,17.73,66.8
4228,2007,1322,964,958,6,,682,215,22.3,72.9
4601,2007,189283,117734,117627,107,,33435,25409,21.58,62.2
4602,2007,13054,7548,7546,2,,3951,1036,13.73,57.82
4611,2007,2944,1896,1892,4,,1191,333,17.56,64.4
4612,2007,3511,2310,2303,7,,1317,376,16.28,65.8
4613,2007,7952,5137,5130,7,,2867,1080,21.02,64.6
4614,2007,12402,7677,7674,3,,3179,1413,18.41,61.9
4615,2007,2115,1521,1521,0,,926,180,11.83,71.9
4616,2007,2142,1570,1570,0,,1054,431,27.45,73.3
4617,2007,9872,6338,6325,13,,3784,987,15.57,64.2
4618,2007,9094,6274,6269,5,,2940,1681,26.79,68.99
4619,2007,731,568,568,0,,399,171,30.11,77.7
4620,2007,869,617,614,3,,392,182,29.5,71.0
4621,2007,11393,7056,7045,11,,2789,1298,18.4,61.93
4622,2007,6295,4589,4581,8,,3489,940,20.48,72.9
4623,2007,1861,1204,1202,2,,753,204,16.94,64.7
4624,2007,14373,10106,10098,8,,4504,1828,18.09,70.31
4625,2007,3239,2358,2351,7,,1683,481,20.4,72.8
4626,2007,21993,13908,13881,27,,5896,2415,17.36,63.24
4627,2007,16937,10806,10794,12,,3486,2280,21.1,63.8
4628,2007,3204,2121,2117,4,,888,313,14.76,66.2
4629,2007,262,185,185,0,,159,23,12.43,70.6
4630,2007,5371,3883,3879,4,,1806,584,15.04,72.3
4631,2007,18137,12056,12049,7,,5228,1910,15.84,66.47
4632,2007,1948,1266,1265,1,,698,230,18.17,65.0
4633,2007,478,383,379,4,,279,139,36.29,80.1
4634,2007,1279,948,948,0,,643,149,15.72,74.1
4635,2007,1816,1255,1248,7,,903,259,20.64,69.1
4636,2007,688,475,475,0,,304,193,40.63,69.0
4637,2007,1139,687,686,1,,418,160,23.29,60.3
4638,2007,3344,2130,2126,4,,1128,303,14.23,63.7
4639,2007,2169,1358,1357,1,,785,220,16.2,62.6
4640,2007,6140,4102,4102,0,,2155,556,13.55,66.81
4641,2007,1331,869,867,2,,564,163,18.76,65.3
4642,2007,3341,2284,2281,3,,1277,452,19.79,68.35
4643,2007,4350,2632,2626,6,,1266,273,10.37,60.5
4644,2007,3727,2609,2609,0,,1901,499,19.13,70.0
4645,2007,2424,1617,1615,2,,1048,283,17.5,66.7
4646,2007,4185,2828,2823,5,,1711,421,14.89,67.57
4647,2007,12568,7566,7561,5,,3396,1108,14.64,60.2
4648,2007,3009,1959,1959,0,,1128,297,15.16,65.1
4649,2007,6575,4151,4142,9,,2462,697,16.79,63.13
4650,2007,5232,3666,3662,4,,1903,565,15.41,70.08
4651,2007,5002,3086,3085,1,,1610,375,12.15,61.7
5001,2007,129856,79212,79166,46,,18878,17400,21.97,61.0
5006,2007,19364,11634,11596,38,,3675,1921,16.51,60.08
5007,2007,9990,5965,5956,9,,2231,825,13.83,59.71
5014,2007,3140,1909,1907,2,,1057,257,13.46,60.8
5020,2007,1641,1112,1109,3,,751,275,24.73,67.78
5021,2007,4995,3082,3082,0,,1584,632,20.51,61.7
5022,2007,2051,1317,1317,0,,747,193,14.65,64.2
5025,2007,4453,3001,3001,0,,1340,458,15.26,67.4
5026,2007,1642,1264,1264,0,,573,211,16.69,77.0
5027,2007,4455,2762,2762,0,,1110,365,13.22,62.0
5028,2007,10646,6622,6622,0,,2336,753,11.37,62.2
5029,2007,4629,3060,3054,6,,1316,317,10.36,66.1
5031,2007,8967,5470,5464,6,,1558,740,13.53,61.0
5032,2007,3086,1904,1900,4,,847,229,12.03,61.7
5033,2007,680,538,536,2,,340,110,20.45,79.1
5034,2007,1968,1181,1181,0,,467,281,23.79,60.0
5035,2007,15251,10035,10027,8,,3665,1348,13.43,65.8
5036,2007,1886,1222,1221,1,,673,136,11.13,64.8
5037,2007,13682,8250,8239,11,,3401,1409,17.08,60.3
5038,2007,10598,5829,5817,12,,1962,786,13.48,55.0
5041,2007,1702,1101,1100,1,,513,155,14.08,64.7
5042,2007,1188,741,741,0,,397,94,12.69,62.4
5043,2007,411,308,308,0,,161,85,27.6,74.9
5044,2007,742,508,506,2,,308,124,24.41,68.5
5045,2007,1872,1282,1280,2,,433,214,16.69,68.5
5046,2007,992,708,708,0,,435,118,16.67,71.4
5047,2007,2668,1790,1790,0,,688,258,14.41,67.1
5049,2007,885,618,618,0,,344,105,16.99,69.8
5052,2007,478,322,322,0,,202,56,17.39,67.4
5053,2007,7753,5307,5299,8,,2082,690,13.0,68.45
5054,2007,4833,2900,2898,2,,1370,395,13.62,60.0
5055,2007,3979,2589,2589,0,,1333,474,18.31,65.06
5056,2007,3108,1949,1946,3,,1019,404,20.73,62.7
5057,2007,7419,4296,4287,9,,2149,672,15.64,57.91
5058,2007,2501,1648,1647,1,,855,289,17.54,65.9
5059,2007,12909,7884,7872,12,,3216,978,12.4,61.07
5060,2007,6922,4048,4046,2,,1932,726,17.93,58.48
5061,2007,1588,1056,1056,0,,549,269,25.47,66.5
5501,2007,48995,27976,27945,31,,10978,5184,18.53,57.1
5503,2007,18271,10336,10323,13,,5762,1941,18.78,56.57
5510,2007,2278,1335,1332,3,,738,233,17.45,58.6
5512,2007,3435,2150,2144,6,,1420,336,15.63,62.6
5514,2007,1257,841,837,4,,678,151,17.95,66.9
5516,2007,937,665,664,1,,437,139,20.9,71.0
5518,2007,807,569,569,0,,421,72,12.65,70.5
5520,2007,2976,1851,1851,0,,842,274,14.8,62.2
5522,2007,1700,1090,1086,4,,638,183,16.79,64.1
5524,2007,5091,2617,2612,5,,1460,310,11.85,51.4
5526,2007,2488,1612,1612,0,,897,249,15.45,64.8
5528,2007,978,622,620,2,,324,82,13.18,63.6
5530,2007,11177,6492,6479,13,,3843,1136,17.5,58.08
5532,2007,4319,2691,2690,1,,1424,267,9.92,62.3
5534,2007,1895,1179,1178,1,,763,153,12.98,62.2
5536,2007,2470,1603,1602,1,,1170,231,14.41,64.9
5538,2007,1448,960,959,1,,661,105,10.94,66.3
5540,2007,1778,1106,1105,1,,682,121,10.94,62.2
5542,2007,2213,1467,1461,6,,1103,287,19.56,66.3
5544,2007,3657,2406,2405,1,,1391,419,17.41,65.8
5546,2007,1063,710,710,0,,489,187,26.34,66.8
5601,2007,13114,7239,7228,11,,3543,1836,25.36,55.2
5603,2007,321073,197552,197349,203,,68192,35233,17.83,61.53
5605,2007,7260,4160,4152,8,,1755,937,22.52,57.3
5607,2007,4484,2726,2723,3,,1479,620,22.74,60.8
5610,2007,2167,1320,1315,5,,661,260,19.7,60.9
5612,2007,2290,1422,1413,9,,1014,407,28.62,62.1
5614,2007,909,637,634,3,,482,160,25.12,70.1
5616,2007,793,580,580,0,,420,162,27.93,73.1
5618,2007,1053,658,657,1,,384,155,23.56,62.5
5620,2007,2190243,1339513,1337584,1929,,522649,216574,16.17,61.16
5622,2007,3233,1898,1898,0,,1015,357,18.81,58.7
5624,2007,1057,598,592,6,,373,128,21.4,56.6
5626,2007,839,558,557,1,,452,137,24.55,66.5
5628,2007,2353,1534,1531,3,,1125,340,22.16,65.2
5630,2007,846,561,561,0,,304,108,19.25,66.3
5632,2007,1623,980,977,3,,506,184,18.78,60.4
5634,2007,1807,1133,1129,4,,658,229,20.21,62.7
5636,2007,732,568,567,1,,414,125,22.01,77.6
0301,2011,476679,311748,310312,509,927,135615,86412,27.72,65.4
1101,2011,10776,6530,6483,7,40,3562,1412,21.62,60.6
1103,2011,102740,64954,64553,43,358,21814,9069,13.96,63.22
1106,2011,26427,15645,15524,51,70,7480,3319,21.21,59.2
1108,2011,49498,31008,30833,12,163,9782,10458,33.73,62.64
1111,2011,2512,1726,1721,2,3,977,315,18.25,68.7
1112,2011,2353,1633,1627,2,4,1040,485,29.7,69.4
1114,2011,1957,1360,1360,0,0,827,187,13.75,69.5
1119,2011,11899,8091,8054,11,26,4547,1127,13.93,68.0
1120,2011,12340,7700,7668,3,29,3455,1302,16.91,62.4
1121,2011,12138,8193,8184,9,0,6900,1224,14.94,67.5
1122,2011,7931,5179,5153,5,21,2695,910,17.57,65.3
1124,2011,16911,11043,10974,18,51,4397,2208,19.99,65.3
1127,2011,7268,4993,4953,13,27,2310,1017,20.37,68.7
1130,2011,8372,5450,5412,4,34,2652,872,16.0,65.1
1133,2011,2001,1439,1430,0,9,994,251,17.44,71.9
1134,2011,2910,1973,1960,3,10,1213,316,16.02,67.8
1135,2011,3684,2557,2541,1,15,1214,584,22.84,69.4
1144,2011,394,320,318,1,1,278,40,12.5,81.2
1145,2011,623,459,456,0,3,324,66,14.38,73.7
1146,2011,7356,4627,4619,5,3,2057,1111,24.01,62.9
1149,2011,30093,18417,18329,11,77,9979,3662,19.88,61.2
1151,2011,168,133,118,0,15,106,46,34.59,79.2
1160,2011,6081,3758,3739,8,11,2447,556,14.8,61.8
1505,2011,18350,11377,11280,36,61,5486,2466,21.68,62.0
1506,2011,24228,15309,15220,20,69,7266,3228,21.09,63.19
1508,2011,39215,23607,23478,13,116,9328,8211,34.78,60.2
1511,2011,2694,1786,1774,2,10,1184,325,18.2,66.3
1514,2011,1938,1347,1341,1,5,937,212,15.74,69.5
1515,2011,6435,3996,3979,6,11,2422,724,18.12,62.1
1516,2011,5323,3561,3540,8,13,2141,575,16.15,66.9
1517,2011,3717,2386,2375,1,10,1448,446,18.69,64.2
1520,2011,7931,5187,5162,3,22,3138,829,15.98,65.4
1525,2011,3469,2435,2427,3,5,1472,607,24.93,70.2
1528,2011,5796,3715,3702,2,11,2441,533,14.35,64.1
1531,2011,6000,3738,3723,3,12,2002,523,13.99,62.3
1532,2011,5227,3408,3388,3,17,2118,538,15.79,65.2
1535,2011,5005,3198,3184,2,12,1934,611,19.11,63.9
1539,2011,5789,3369,3369,0,0,1466,860,25.53,58.2
1547,2011,2420,1595,1586,9,0,1031,344,21.57,65.9
1554,2011,4231,2687,2674,0,13,1557,512,19.05,63.5
1557,2011,1991,1402,1396,0,6,989,225,16.05,70.4
1560,2011,2414,1557,1542,2,13,1078,270,17.34,64.5
1563,2011,5662,3737,3726,2,9,1663,750,20.07,66.0
1566,2011,4648,2835,2828,3,4,1683,467,16.47,61.0
1573,2011,1719,1229,1229,0,0,780,279,22.7,71.5
1576,2011,4043,2597,2584,1,12,1697,561,21.6,64.24
1577,2011,6517,4699,4675,1,23,2862,913,19.43,72.1
1578,2011,2062,1384,1374,8,2,909,283,20.45,67.11
1579,2011,9622,5789,5764,7,18,3469,829,14.32,60.16
1580,2011,6711,4201,4169,11,21,2589,539,12.83,62.6
1804,2011,36655,23936,23808,13,115,7750,9990,41.74,65.3
1806,2011,16483,10267,10201,6,60,4725,1910,18.6,62.29
1811,2011,1263,941,931,3,7,491,235,24.97,74.5
1812,2011,1594,1092,1085,4,3,661,197,18.04,68.5
1813,2011,5900,3676,3661,0,15,1932,632,17.19,62.3
1815,2011,1001,720,713,3,4,397,198,27.5,71.9
1816,2011,408,277,276,0,1,202,98,35.38,67.9
1818,2011,1279,788,785,0,3,487,163,20.69,61.6
1820,2011,5643,3380,3361,8,11,1933,847,25.06,59.9
1822,2011,1667,1027,1017,2,8,598,273,26.58,61.6
1824,2011,10460,6161,6123,4,34,2735,2078,33.73,58.9
1825,2011,1180,729,718,2,9,337,167,22.91,61.8
1826,2011,1129,781,744,1,36,445,155,19.85,69.2
1827,2011,1114,755,748,3,4,550,180,23.84,67.8
1828,2011,1322,903,896,1,6,525,217,24.03,68.3
1832,2011,3560,2524,2515,1,8,1327,410,16.24,70.9
1833,2011,19834,12039,11987,1,51,4313,3026,25.13,60.7
1834,2011,1514,1090,1089,0,1,793,203,18.62,72.0
1835,2011,329,241,238,3,0,189,59,24.48,73.3
1836,2011,980,703,696,3,4,573,211,30.01,71.7
1837,2011,5100,3172,3163,0,9,2205,776,24.46,62.2
1838,2011,1588,1072,1066,1,5,615,185,17.26,67.5
1839,2011,907,709,703,1,5,345,152,21.44,78.2
1840,2011,3703,2455,2440,4,11,1208,383,15.6,66.3
1841,2011,7521,4904,4866,2,36,1954,996,20.31,65.2
1845,2011,1591,1031,1023,2,6,387,175,16.97,64.8
1848,2011,2067,1393,1387,3,3,745,410,29.43,67.4
1851,2011,1755,1213,1211,0,2,541,356,29.35,69.1
1853,2011,1072,749,738,1,10,450,121,16.15,69.9
1856,2011,461,303,301,1,1,207,76,25.08,65.7
1857,2011,554,344,338,6,0,238,103,29.94,62.1
1859,2011,1073,647,644,0,3,425,106,16.38,60.3
1860,2011,8227,4829,4797,12,20,2491,1325,27.44,58.7
1865,2011,6964,4067,4041,15,11,2086,1038,25.52,58.4
1866,2011,6191,3888,3876,1,11,1991,797,20.5,62.8
1867,2011,2180,1502,1497,1,4,901,397,26.43,68.9
1868,2011,3386,1964,1958,2,4,1030,471,23.98,58.0
1870,2011,7500,4590,4570,1,19,2300,1036,22.57,61.2
1871,2011,3904,2518,2503,5,10,1353,422,16.76,64.5
1874,2011,855,464,458,0,6,285,114,24.57,54.3
1875,2011,3067,2187,2166,11,10,1485,668,30.54,71.31
3101,2011,23294,14279,14125,21,133,4421,1904,13.33,61.3
3103,2011,35039,21943,21887,6,50,7931,3926,17.89,62.62
3105,2011,41306,23255,23109,27,119,7216,3130,13.46,56.3
3107,2011,58586,36206,35852,70,284,11678,5669,15.66,61.8
3110,2011,3419,2424,2401,0,23,905,481,19.84,70.9
3112,2011,5440,3694,3688,6,0,1304,525,14.21,67.9
3114,2011,3463,2147,2119,1,27,877,217,10.11,62.0
3116,2011,2698,1651,1637,4,10,819,223,13.51,61.2
3118,2011,31918,19235,19023,38,174,8408,3293,17.12,60.26
3120,2011,5923,3465,3452,2,11,1483,417,12.03,58.5
3122,2011,2923,1897,1882,0,15,959,275,14.5,64.9
3124,2011,1102,790,783,0,7,443,100,12.66,71.7
3201,2011,84604,59392,59097,72,223,16202,13396,22.56,70.2
3203,2011,62777,42766,42558,46,162,15547,8728,20.41,68.12
3205,2011,56837,36412,36187,37,188,10861,6578,18.07,64.06
3207,2011,40583,28165,28000,45,120,8060,5026,17.84,69.4
3209,2011,22474,13619,13544,10,65,5217,2492,18.3,60.6
3212,2011,13261,9296,9247,12,37,4103,2558,27.52,70.1
3214,2011,11457,7928,7864,14,50,3056,1710,21.57,69.2
3216,2011,11104,7584,7525,6,53,2946,1233,16.26,68.3
3218,2011,12331,8126,8063,16,47,2893,1272,15.65,65.9
3220,2011,7734,4803,4791,12,0,1741,649,13.51,62.1
3222,2011,26147,16682,16615,11,56,5119,2957,17.73,63.8
3224,2011,12227,7532,7480,10,42,2758,1504,19.97,61.6
3226,2011,11981,7699,7638,14,47,2719,1158,15.04,64.26
3228,2011,14819,8832,8770,12,50,3197,1734,19.63,59.6
3230,2011,4304,2974,2958,2,14,1232,478,16.07,69.1
3232,2011,15707,10461,10401,22,38,2892,1659,15.86,66.6
3234,2011,6741,4449,4403,9,37,1813,684,15.37,66.0
3236,2011,4986,3251,3209,13,29,1521,746,22.95,65.2
3238,2011,8363,5110,5041,8,61,1769,845,16.54,61.1
3240,2011,16309,9655,9558,21,76,3531,1426,14.77,59.2
3242,2011,2098,1376,1364,2,10,678,318,23.11,65.6
3301,2011,72111,43901,43570,95,236,14654,9210,20.98,60.88
3303,2011,19413,12366,12294,3,69,4743,2862,23.14,63.7
3305,2011,23095,13672,13515,20,137,4481,3085,22.56,59.2
3310,2011,4669,3170,3161,3,6,1322,646,20.38,67.9
3312,2011,17859,11644,11569,4,71,3862,2161,18.56,65.2
3314,2011,13203,7869,7814,8,47,2623,1035,13.15,59.6
3316,2011,10344,6196,6142,3,51,2299,1223,19.74,59.9
3318,2011,1712,1154,1142,3,9,535,202,17.5,67.4
3320,2011,808,615,613,2,0,439,131,21.3,76.1
3322,2011,2731,1682,1679,0,3,1091,316,18.79,61.6
3324,2011,3501,2174,2154,0,20,1132,593,27.28,62.1
3326,2011,1589,1208,1198,1,9,807,268,22.19,76.0
3328,2011,3598,2414,2411,2,1,1436,512,21.21,67.1
3330,2011,3508,2368,2356,1,11,1343,524,22.13,67.5
3332,2011,2867,1806,1781,4,21,764,199,11.02,63.0
3334,2011,2010,1361,1350,0,11,702,146,10.73,67.7
3336,2011,1104,756,747,0,9,391,88,11.64,68.5
3338,2011,1965,1342,1337,0,5,751,206,15.35,68.3
3401,2011,13977,7939,7843,17,79,2657,2013,25.36,56.8
3403,2011,23733,15830,15752,14,64,6007,4423,27.94,66.7
3405,2011,21070,13169,13095,10,64,3948,3267,24.81,62.5
3407,2011,22855,13987,13901,22,64,4584,2739,19.58,61.2
3411,2011,25608,15211,15108,18,85,5388,3645,23.96,59.4
3412,2011,5867,3561,3495,6,60,1277,642,18.03,60.7
3413,2011,15031,9710,9635,17,58,3248,1792,18.46,64.6
3414,2011,4102,2695,2674,0,21,953,444,16.47,65.7
3415,2011,6240,3950,3913,0,37,1387,479,12.13,63.3
3416,2011,5125,3111,3058,5,48,1311,721,23.18,60.7
3417,2011,4114,2374,2335,6,33,881,340,14.32,57.7
3418,2011,6236,3561,3531,3,27,1424,718,20.16,57.1
3419,2011,3193,2088,2073,3,12,1112,466,22.32,65.4
3420,2011,15732,9801,9703,27,71,3669,1973,20.13,62.3
3421,2011,5452,3598,3555,4,39,1656,602,16.73,66.0
3422,2011,3418,2034,2033,1,0,893,438,21.53,59.5
3423,2011,2141,1486,1485,1,0,690,351,23.62,69.4
3424,2011,1595,1230,1211,0,19,650,213,17.32,77.1
3425,2011,1113,848,846,2,0,480,165,19.46,76.2
3426,2011,1261,924,912,0,12,486,138,14.94,73.3
3427,2011,4162,2855,2838,3,14,1335,1144,40.07,68.6
3428,2011,1857,1281,1268,3,10,658,228,17.8,69.0
3429,2011,1309,995,975,9,11,531,199,20.0,76.0
3430,2011,1578,1084,1080,3,1,587,196,18.08,68.7
3431,2011,2169,1371,1356,1,14,694,290,21.15,63.2
3432,2011,1681,1172,1165,0,7,720,279,23.81,69.7
3433,2011,1796,1207,1196,2,9,641,329,27.26,67.2
3434,2011,1895,1222,1195,7,20,621,378,30.93,64.5
3435,2011,3034,2045,2033,1,11,862,343,16.77,67.4
3436,2011,4599,3040,3028,2,10,1388,512,16.84,66.1
3437,2011,4729,2700,2662,17,21,1011,536,19.85,57.1
3438,2011,2524,1656,1652,4,0,733,366,22.1,65.6
3439,2011,3579,2441,2422,1,18,1059,420,17.21,68.2
3440,2011,3924,2331,2297,3,31,1059,358,15.36,59.4
3441,2011,4851,2823,2799,2,22,2179,647,22.92,58.2
3442,2011,11556,6968,6961,7,0,2418,1435,20.59,60.3
3443,2011,10152,6223,6181,12,30,2012,853,13.71,61.3
3446,2011,10486,6575,6557,18,0,2365,1104,16.79,62.7
3447,2011,4571,2633,2606,9,18,1128,561,21.31,57.6
3448,2011,5378,3103,3087,5,11,1144,600,19.34,57.7
3449,2011,2461,1629,1625,3,1,1048,258,15.84,66.2
3450,2011,1056,674,674,0,0,408,178,26.41,63.8
3451,2011,5022,3154,3135,0,19,1658,563,17.85,62.8
3452,2011,1731,1139,1128,5,6,660,154,13.52,65.8
3453,2011,2492,1555,1518,3,34,824,234,15.05,62.4
3454,2011,1227,875,871,1,3,653,150,17.14,71.3
3901,2011,20265,13253,13137,17,99,4354,3471,26.19,65.4
3903,2011,23672,15182,15056,14,112,6601,3064,20.18,64.13
3905,2011,31589,19680,19549,24,107,6208,3657,18.58,62.3
3907,2011,46633,28765,28627,15,123,11813,6443,22.4,61.68
3909,2011,35403,22058,21833,23,202,8280,3476,15.76,62.31
3911,2011,20086,13581,13483,34,64,5892,3083,22.7,67.61
4001,2011,28351,17294,17288,6,0,6069,2816,16.28,61.0
4003,2011,40742,24119,23924,55,140,8170,4110,17.04,59.2
4005,2011,9759,5826,5777,6,43,2257,945,16.22,59.7
4010,2011,1852,1135,1122,0,13,470,180,15.86,61.3
4012,2011,10940,6772,6712,15,45,2714,1283,18.95,61.9
4014,2011,8518,5477,5443,11,23,2247,1221,22.29,64.3
4016,2011,3238,2108,2094,0,14,939,350,16.6,65.1
4018,2011,5180,3305,3291,0,14,1095,448,13.56,63.8
4020,2011,7649,4857,4820,6,31,2376,904,18.61,63.5
4022,2011,2340,1474,1468,1,5,637,220,14.93,63.0
4024,2011,1288,922,908,4,10,475,120,13.02,71.6
4026,2011,4750,3026,3004,5,17,1571,709,23.43,63.7
4028,2011,2003,1206,1205,1,0,515,179,14.84,60.2
4030,2011,1122,867,862,1,4,488,151,17.42,77.3
4032,2011,1030,730,722,0,8,458,155,21.23,70.9
4034,2011,1834,1324,1316,1,7,617,194,14.65,72.2
4036,2011,2874,1845,1841,0,4,868,355,19.24,64.2
4201,2011,5475,3597,3557,7,33,1634,695,19.32,65.7
4202,2011,16227,10093,10000,9,84,4414,2467,24.44,62.2
4203,2011,32942,19963,19879,30,54,8150,5149,25.79,60.6
4204,2011,74876,46630,46374,66,190,20671,9402,20.16,62.28
4205,2011,18230,11728,11687,12,29,6304,2923,24.92,64.33
4206,2011,7166,4737,4709,9,19,2810,1187,25.06,66.1
4207,2011,6937,4405,4394,3,8,2685,879,19.95,63.5
4211,2011,1917,1313,1307,0,6,695,301,22.92,68.5
4212,2011,1434,1150,1144,0,6,761,190,16.52,80.2
4213,2011,4714,3064,3040,7,17,1533,602,19.65,65.0
4214,2011,3881,2406,2385,5,16,1235,614,25.52,62.0
4215,2011,7450,4962,4922,18,22,2687,1230,24.79,66.6
4216,2011,3514,2221,2207,4,10,1271,561,25.26,63.2
4217,2011,1397,1006,997,0,9,608,144,14.31,72.0
4218,2011,970,687,685,1,1,437,102,14.85,70.8
4219,2011,2625,1654,1644,0,10,966,294,17.78,63.0
4220,2011,974,700,691,5,4,416,146,20.86,71.9
4221,2011,986,723,718,2,3,511,188,26.0,73.3
4222,2011,742,510,507,2,1,368,120,23.53,68.7
4223,2011,10066,6100,6063,3,34,2759,796,13.05,60.6
4224,2011,644,462,456,0,6,377,68,14.72,71.7
4225,2011,5724,3812,3809,3,0,2098,784,20.57,66.6
4226,2011,1230,956,951,1,4,763,108,11.3,77.7
4227,2011,4408,3024,3010,5,9,1953,732,24.21,68.6
4228,2011,1322,985,978,3,4,729,253,25.69,74.5
4601,2011,201149,131149,130229,189,731,42345,36757,28.03,65.2
4602,2011,13090,8425,8374,5,46,4888,1812,21.51,64.36
4611,2011,2957,1993,1987,1,5,684,432,21.68,67.4
4612,2011,3798,2613,2598,4,11,1608,498,19.06,68.8
4613,2011,8303,5563,5525,12,26,3187,1393,25.04,67.0
4614,2011,13115,8643,8573,13,57,3991,2084,24.11,65.9
4615,2011,2151,1570,1557,4,9,972,229,14.59,73.0
4616,2011,2186,1576,1565,1,10,1000,397,25.19,72.1
4617,2011,9997,6538,6504,2,32,3686,1240,18.97,65.4
4618,2011,8935,6213,6158,15,40,3036,1748,28.13,69.54
4619,2011,753,543,542,1,0,354,142,26.15,72.1
4620,2011,860,645,636,2,7,361,195,30.23,75.0
4621,2011,11547,7733,7670,5,58,3134,1746,22.58,66.97
4622,2011,6455,4512,4492,11,9,2916,1190,26.37,69.9
4623,2011,1861,1290,1275,5,10,787,189,14.65,69.3
4624,2011,15579,10855,10805,7,43,4947,2507,23.1,69.68
4625,2011,3529,2573,2567,0,6,1789,693,26.93,72.9
4626,2011,23828,15801,15691,18,92,6412,3323,21.03,66.31
4627,2011,18581,12505,12417,16,72,4600,2610,20.87,67.3
4628,2011,3208,2156,2130,11,15,1119,449,20.83,67.2
4629,2011,283,223,222,1,0,172,51,22.87,78.8
4630,2011,5621,3974,3951,5,18,1776,663,16.68,70.7
4631,2011,19401,13117,13037,17,63,6509,2947,22.47,67.61
4632,2011,2079,1422,1414,0,8,795,352,24.75,68.4
4633,2011,455,393,393,0,0,284,139,35.37,86.4
4634,2011,1313,1012,1005,2,5,670,194,19.17,77.1
4635,2011,1760,1332,1331,1,0,992,355,26.65,75.7
4636,2011,690,478,475,1,2,316,195,40.79,69.3
4637,2011,1135,705,698,1,6,464,150,21.28,62.1
4638,2011,3256,2149,2129,6,14,1158,358,16.66,66.0
4639,2011,2148,1424,1413,4,7,897,252,17.7,66.3
4640,2011,6445,4421,4409,11,1,2323,949,21.47,68.6
4641,2011,1321,931,928,0,3,571,186,19.98,70.5
4642,2011,3415,2468,2461,1,6,1493,572,23.18,72.28
4643,2011,4361,2861,2830,10,21,1438,528,18.46,65.6
4644,2011,3969,2909,2900,1,8,2057,646,22.21,73.3
4645,2011,2381,1581,1574,7,0,1006,329,20.81,66.4
4646,2011,4197,2827,2817,2,8,1830,452,15.99,67.36
4647,2011,13169,8633,8609,9,15,4277,1689,19.56,65.55
4648,2011,2954,1938,1923,3,12,1209,601,31.01,65.6
4649,2011,6642,4565,4543,10,12,2948,969,21.23,68.73
4650,2011,5249,3743,3726,5,12,2345,713,19.05,71.31
4651,2011,5147,3212,3185,7,20,1975,470,14.63,62.4
5001,2011,138628,92882,92234,114,534,26913,28283,30.45,67.0
5006,2011,19952,12501,12406,26,69,4872,2512,20.09,62.65
5007,2011,10195,6180,6146,5,29,2619,1106,17.9,60.62
5014,2011,3209,1964,1954,4,6,1110,374,19.04,61.2
5020,2011,1639,1215,1214,1,0,814,403,33.17,74.13
5021,2011,5199,3291,3281,1,9,1808,818,24.86,63.3
5022,2011,2047,1320,1312,2,6,738,194,14.7,64.5
5025,2011,4420,3107,3081,3,23,1272,536,17.25,70.3
5026,2011,1651,1258,1246,0,12,595,236,18.76,76.2
5027,2011,4608,2949,2940,2,7,1382,533,18.07,64.0
5028,2011,11271,7484,7441,15,28,2880,1503,20.08,66.4
5029,2011,5012,3383,3348,6,29,1488,492,14.54,67.5
5031,2011,9292,6207,6181,1,25,1976,1635,26.34,66.8
5032,2011,3149,1962,1947,1,14,970,279,14.22,62.3
5033,2011,707,524,514,3,7,320,141,26.91,74.1
5034,2011,1974,1228,1227,0,1,594,257,20.93,62.2
5035,2011,16336,10553,10471,12,70,4099,1869,17.71,64.6
5036,2011,1904,1304,1294,3,7,755,159,12.19,68.5
5037,2011,14308,8928,8876,9,43,3541,2105,23.58,62.4
5038,2011,10895,6559,6515,7,37,2448,1373,20.93,60.2
5041,2011,1717,1214,1209,2,3,569,223,18.37,70.7
5042,2011,1120,682,672,2,8,379,81,11.88,60.9
5043,2011,396,325,322,0,3,210,109,33.54,82.1
5044,2011,725,527,524,1,2,314,114,21.63,72.7
5045,2011,1833,1307,1303,0,4,648,232,17.75,71.3
5046,2011,968,730,725,2,3,428,133,18.22,75.4
5047,2011,2775,1937,1931,0,6,875,385,19.88,69.8
5049,2011,861,622,619,1,2,433,157,25.24,72.2
5052,2011,479,378,370,3,5,260,79,20.9,78.9
5053,2011,7811,5251,5218,8,25,2305,875,16.66,67.22
5054,2011,4954,3334,3314,0,20,1793,509,15.27,67.3
5055,2011,4031,2600,2588,2,10,1182,525,20.19,64.5
5056,2011,3189,1936,1920,7,9,990,507,26.19,60.7
5057,2011,7618,4641,4636,5,0,2400,1018,21.93,60.93
5058,2011,2582,1717,1710,0,7,937,398,23.18,66.5
5059,2011,13279,8592,8536,10,46,4165,1631,18.98,64.7
5060,2011,6984,4201,4184,6,11,2331,790,18.81,60.15
5061,2011,1616,1146,1143,2,1,666,210,18.32,70.9
5501,2011,52085,33855,33762,26,67,14521,8202,24.23,65.0
5503,2011,18650,12058,11994,23,41,5856,2554,21.18,64.65
5510,2011,2326,1477,1467,2,8,811,275,18.62,63.5
5512,2011,3384,2193,2173,4,16,1413,367,16.74,64.8
5514,2011,1179,844,833,3,8,636,178,21.09,71.6
5516,2011,879,619,617,0,2,418,163,26.33,70.4
5518,2011,791,626,621,0,5,444,121,19.33,79.1
5520,2011,2972,1994,1980,4,10,1069,377,18.91,67.1
5522,2011,1658,1104,1094,4,6,623,248,22.46,66.6
5524,2011,5050,2929,2907,4,18,1514,390,13.32,58.0
5526,2011,2547,1615,1607,2,6,820,320,19.81,63.4
5528,2011,979,662,659,1,2,357,142,21.45,67.6
5530,2011,11180,6977,6937,5,35,3792,1747,25.04,62.4
5532,2011,4351,2767,2753,6,8,1317,367,13.26,63.6
5534,2011,1869,1153,1143,6,4,724,221,19.17,61.7
5536,2011,2425,1547,1538,1,8,1115,280,18.1,63.8
5538,2011,1472,1014,1006,1,7,724,138,13.61,68.9
5540,2011,1830,1144,1134,6,4,673,138,12.06,62.5
5542,2011,2198,1455,1446,1,8,999,281,19.31,66.2
5544,2011,3707,2465,2451,2,12,1250,546,22.15,66.5
5546,2011,1031,655,654,1,0,473,206,31.45,63.5
5601,2011,13912,8403,8341,3,59,5186,2993,35.62,60.4
5603,2011,336165,219628,218202,277,1149,84039,54493,24.81,65.33
5605,2011,7448,4536,4477,5,54,2404,1294,28.53,60.9
5607,2011,4527,2920,2890,6,24,1464,647,22.16,64.5
5610,2011,2121,1425,1421,2,2,927,344,24.14,67.2
5612,2011,2388,1550,1534,11,5,1233,562,36.26,64.9
5614,2011,863,618,614,2,2,488,137,22.17,71.6
5616,2011,757,530,524,3,3,358,137,25.85,70.0
5618,2011,976,621,621,0,0,373,197,31.72,63.6
5620,2011,2292034,1468128,1458324,2021,7783,590604,307419,20.94,64.05
5622,2011,3151,1944,1923,3,18,1060,435,22.38,61.7
5624,2011,1033,560,550,9,1,376,116,20.71,54.2
5626,2011,786,534,531,1,2,398,116,21.72,67.9
5628,2011,2310,1499,1491,0,8,1065,309,20.61,64.9
5630,2011,806,571,571,0,0,353,119,20.84,70.8
5632,2011,1576,1040,1028,1,11,520,267,25.67,66.0
5634,2011,1719,1088,1075,0,13,689,202,18.57,63.3
5636,2011,741,536,535,1,0,409,231,43.1,72.3
0301,2015,510811,321811,320423,135,1253,157326,108053,33.58,63.0
1101,2015,11300,6407,6342,13,52,3836,1364,21.29,56.7
1103,2015,108559,63775,63402,58,315,29272,8780,13.77,58.75
1106,2015,28078,15752,15635,30,87,8162,4013,25.48,56.1
1108,2015,55306,31184,30998,34,152,14127,5021,16.1,56.38
1111,2015,2522,1624,1607,1,16,1006,277,17.06,64.4
1112,2015,2424,1590,1580,0,10,1108,376,23.65,65.6
1114,2015,2050,1478,1472,0,6,1053,212,14.34,72.1
1119,2015,13830,8865,8834,5,26,5225,1704,19.22,64.1
1120,2015,13624,8038,7983,7,48,4211,1620,20.15,59.0
1121,2015,13597,8648,8604,5,39,4626,1361,15.74,63.6
1122,2015,8496,5157,5117,8,32,2937,1051,20.38,60.7
1124,2015,18877,10911,10863,11,37,4624,2146,19.67,57.8
1127,2015,7923,4968,4914,7,47,2368,1000,20.13,62.7
1130,2015,9082,5331,5303,2,26,2906,892,16.73,58.7
1133,2015,2019,1417,1412,2,3,998,282,19.9,70.2
1134,2015,2934,1966,1957,0,9,1399,316,16.07,67.0
1135,2015,3702,2506,2486,6,14,1401,602,24.02,67.7
1144,2015,394,317,310,2,5,253,38,11.99,80.5
1145,2015,648,487,481,6,0,381,113,23.2,75.2
1146,2015,7932,4934,4909,10,15,3056,1169,23.69,62.2
1149,2015,31781,18179,18058,9,112,10443,4565,25.11,57.2
1151,2015,159,134,130,3,1,115,60,44.78,84.3
1160,2015,6468,3797,3779,5,13,2463,582,15.33,58.7
1505,2015,19760,11105,10903,44,158,5538,2525,22.74,56.2
1506,2015,25477,14977,14902,15,60,7893,3329,22.23,58.79
1508,2015,40654,21581,21447,16,118,11332,5490,25.44,53.08
1511,2015,2638,1670,1660,0,10,1082,346,20.72,63.3
1514,2015,2011,1247,1241,3,3,912,223,17.88,62.0
1515,2015,6787,4038,4020,3,15,2759,792,19.61,59.5
1516,2015,6087,3622,3604,1,17,2282,618,17.06,59.5
1517,2015,3911,2370,2349,8,13,1466,390,16.46,60.6
1520,2015,8168,4672,4639,8,25,3094,883,18.9,57.2
1525,2015,3546,2266,2254,2,10,1316,684,30.19,63.9
1528,2015,5877,3538,3518,5,15,2462,715,20.21,60.2
1531,2015,6460,3553,3520,4,29,1841,521,14.66,55.0
1532,2015,5848,3567,3543,8,16,2185,549,15.39,61.0
1535,2015,5232,3040,3024,6,10,1887,636,20.92,58.1
1539,2015,5877,3579,3555,13,11,2145,1015,28.36,60.9
1547,2015,2576,1636,1617,4,15,1151,302,18.46,63.5
1554,2015,4501,2705,2686,6,13,1653,628,23.22,60.1
1557,2015,1997,1280,1273,0,7,960,268,20.94,64.1
1560,2015,2425,1574,1558,2,14,1137,305,19.38,64.9
1563,2015,5608,3505,3488,3,14,1928,771,22.0,62.5
1566,2015,4742,2935,2921,2,12,1915,524,17.85,61.9
1573,2015,1731,1120,1112,2,6,728,278,24.82,64.7
1576,2015,4038,2564,2540,4,20,1730,679,26.48,63.5
1577,2015,6853,4393,4359,6,28,2598,839,19.1,64.1
1578,2015,2075,1275,1185,10,80,811,241,18.9,61.45
1579,2015,10061,5639,5592,9,38,3701,903,16.01,56.05
1580,2015,6967,3971,3949,2,20,2508,515,12.97,57.0
1804,2015,38721,22884,22719,62,103,9302,6291,27.49,59.1
1806,2015,16811,9320,9172,11,137,5058,1676,17.98,55.44
1811,2015,1211,959,958,0,1,587,286,29.82,79.2
1812,2015,1587,1135,1130,2,3,741,199,17.53,71.5
1813,2015,6114,3552,3511,6,35,2008,639,17.99,58.1
1815,2015,1007,739,731,2,6,463,235,31.8,73.4
1816,2015,402,277,274,2,1,222,125,45.13,68.9
1818,2015,1387,721,715,0,6,432,158,21.91,52.0
1820,2015,5747,3109,3086,9,14,1760,836,26.89,54.1
1822,2015,1732,1107,1102,1,4,761,301,27.19,63.9
1824,2015,10598,6221,6179,6,36,3744,1644,26.43,58.7
1825,2015,1154,834,830,0,4,489,272,32.61,72.3
1826,2015,1158,867,862,1,4,504,210,24.22,74.9
1827,2015,1105,717,704,2,11,471,159,22.18,64.9
1828,2015,1388,866,846,3,17,524,222,25.64,62.4
1832,2015,3576,2410,2399,1,10,1451,394,16.35,67.4
1833,2015,20504,11277,11184,35,58,4911,3283,29.11,55.0
1834,2015,1521,990,987,0,3,732,176,17.78,65.1
1835,2015,349,222,214,3,5,183,82,36.94,63.6
1836,2015,966,661,657,2,2,538,191,28.9,68.4
1837,2015,5023,3124,3111,7,6,2333,947,30.31,62.2
1838,2015,1593,1026,1019,4,3,629,209,20.37,64.4
1839,2015,871,651,639,1,11,367,150,23.04,74.7
1840,2015,3746,2446,2412,5,29,1244,443,18.11,65.3
1841,2015,7652,4859,4828,6,25,2314,1072,22.06,63.5
1845,2015,1564,1040,1025,3,12,512,236,22.69,66.5
1848,2015,2067,1296,1288,5,3,754,375,28.94,62.7
1851,2015,1712,1185,1176,1,8,583,313,26.41,69.2
1853,2015,1076,693,685,4,4,425,161,23.23,64.4
1856,2015,436,335,320,2,13,233,108,32.24,76.8
1857,2015,589,371,367,2,2,283,158,42.59,63.0
1859,2015,1093,614,605,1,8,402,102,16.61,56.2
1860,2015,8526,4911,4871,15,25,2715,1275,25.96,57.6
1865,2015,7176,3918,3893,12,13,2270,1015,25.91,54.6
1866,2015,6331,3767,3730,13,24,1959,943,25.03,59.5
1867,2015,2167,1595,1584,3,8,969,527,33.04,73.6
1868,2015,3470,1926,1906,1,19,1059,605,31.41,55.5
1870,2015,7842,4666,4652,3,11,2418,1170,25.08,59.5
1871,2015,3938,2418,2403,4,11,1370,469,19.4,61.4
1874,2015,852,483,473,2,8,318,196,40.58,56.7
1875,2015,3114,2246,2231,8,7,1617,778,34.64,72.12
3101,2015,24352,13905,13686,36,183,5068,2111,15.18,57.1
3103,2015,37443,21839,21624,73,142,9016,3946,18.07,58.33
3105,2015,42915,22273,22064,45,164,7962,3757,16.87,51.9
3107,2015,62345,33417,33083,20,314,12937,5786,17.31,53.6
3110,2015,3700,2475,2450,3,22,954,466,18.83,66.9
3112,2015,5750,3628,3591,9,28,1547,510,14.06,63.1
3114,2015,3875,2290,2266,0,24,1168,246,10.74,59.1
3116,2015,2849,1675,1658,0,17,902,267,15.94,58.8
3118,2015,33879,18726,18503,35,188,9027,3624,19.35,55.27
3120,2015,6295,3374,3340,7,27,1569,434,12.86,53.6
3122,2015,3068,1930,1907,2,21,980,347,17.98,62.9
3124,2015,1121,794,789,1,4,446,99,12.47,70.8
3201,2015,91308,58072,57778,56,238,16559,15649,26.95,63.6
3203,2015,68145,42611,42321,51,239,16753,9985,23.43,62.53
3205,2015,61186,35248,35009,31,208,12726,7327,20.79,57.61
3207,2015,43607,28482,28317,34,131,8969,5290,18.57,65.32
3209,2015,25088,13648,13494,44,110,5696,2530,18.54,54.4
3212,2015,14159,9600,9533,20,47,4465,2847,29.66,67.8
3214,2015,12308,8074,8005,14,55,3385,1903,23.57,65.6
3216,2015,12406,7878,7800,29,49,3542,1405,17.83,63.5
3218,2015,13754,8211,8131,19,61,3086,1379,16.79,59.7
3220,2015,8080,4654,4617,5,32,1954,561,12.05,57.6
3222,2015,27361,15705,15620,14,71,5036,2794,17.79,57.4
3224,2015,13170,7296,7239,10,47,3157,1552,21.27,55.4
3226,2015,12972,7721,7645,10,66,3111,1288,16.68,59.52
3228,2015,16072,8920,8831,12,77,3915,1690,18.95,55.5
3230,2015,4741,2968,2950,0,18,1246,359,12.1,62.6
3232,2015,17101,10654,10538,45,71,3478,1773,16.64,62.3
3234,2015,6958,4425,4361,8,56,1877,727,16.43,63.6
3236,2015,5213,3253,3233,4,16,1575,725,22.29,62.4
3238,2015,9068,4679,4633,6,40,1930,683,14.6,51.6
3240,2015,17991,9661,9560,11,90,4500,1263,13.07,53.7
3242,2015,2225,1353,1340,4,9,734,322,23.8,60.8
3301,2015,76118,42220,41868,49,303,17761,11610,27.5,55.47
3303,2015,20799,12313,12199,11,103,4787,2613,21.22,59.2
3305,2015,23818,12576,12451,37,88,4854,3158,25.11,52.8
3310,2015,5150,3100,3076,3,21,1390,722,23.29,60.2
3312,2015,19275,11623,11530,14,79,4434,1964,16.9,60.3
3314,2015,14055,7618,7541,10,67,3185,1133,14.87,54.2
3316,2015,10881,6213,6161,7,45,2603,1236,19.89,57.1
3318,2015,1791,1200,1196,1,3,582,228,19.0,67.0
3320,2015,854,578,575,1,2,433,146,25.26,67.7
3322,2015,2751,1700,1685,4,11,1064,317,18.65,61.8
3324,2015,3592,2177,2166,0,11,1349,616,28.3,60.6
3326,2015,1772,1221,1215,2,4,885,351,28.75,68.9
3328,2015,3658,2334,2313,9,12,1495,491,21.04,63.8
3330,2015,3626,2183,2163,6,14,1421,597,27.35,60.2
3332,2015,2794,1830,1815,6,9,818,203,11.09,65.5
3334,2015,2053,1275,1265,1,9,639,206,16.16,62.1
3336,2015,1118,760,756,0,4,432,109,14.34,68.0
3338,2015,2032,1337,1326,1,10,818,228,17.05,65.8
3401,2015,14341,7644,7570,2,72,3097,1836,24.02,53.3
3403,2015,24751,15816,15696,31,89,6471,3788,23.95,63.9
3405,2015,21732,12474,12348,65,61,4431,3034,24.32,57.4
3407,2015,23734,13196,13101,15,80,5548,2618,19.84,55.6
3411,2015,26556,14606,14479,5,122,5962,3522,24.11,55.0
3412,2015,6025,3561,3500,11,50,1416,696,19.55,59.1
3413,2015,15791,9743,9643,25,75,3642,1760,18.06,61.7
3414,2015,4168,2438,2381,4,53,954,378,15.5,58.5
3415,2015,6362,3817,3766,15,36,1494,875,22.92,60.0
3416,2015,5140,2858,2826,3,29,1322,747,26.14,55.6
3417,2015,4040,2351,2300,8,43,1007,411,17.48,58.2
3418,2015,6187,3316,3271,14,31,1472,753,22.71,53.6
3419,2015,3122,1817,1790,8,19,1037,513,28.23,58.2
3420,2015,16506,9656,9547,15,94,4108,2228,23.07,58.5
3421,2015,5398,3482,3460,0,22,1691,667,19.16,64.5
3422,2015,3538,2084,2050,4,30,1034,489,23.46,58.9
3423,2015,2083,1308,1289,1,18,666,336,25.69,62.8
3424,2015,1562,1109,1100,1,8,608,217,19.57,71.0
3425,2015,1074,827,815,1,11,434,161,19.47,77.0
3426,2015,1294,921,910,3,8,477,127,13.79,71.2
3427,2015,4268,2736,2728,1,7,1504,420,15.35,64.1
3428,2015,1833,1263,1248,2,13,738,234,18.53,68.9
3429,2015,1284,973,957,7,9,611,193,19.84,75.8
3430,2015,1598,1069,1057,2,10,682,192,17.96,66.9
3431,2015,2172,1362,1348,1,13,667,336,24.67,62.7
3432,2015,1615,1108,1094,1,13,737,301,27.17,68.6
3433,2015,1811,1246,1202,4,40,643,385,30.9,68.8
3434,2015,1883,1188,1166,3,19,638,298,25.08,63.1
3435,2015,2943,1907,1875,6,26,1018,373,19.56,64.8
3436,2015,4591,2718,2701,3,14,1237,590,21.71,59.2
3437,2015,4719,2624,2594,7,23,1158,726,27.67,55.6
3438,2015,2514,1506,1495,7,4,739,241,16.0,59.9
3439,2015,3593,2116,2113,2,1,819,325,15.36,58.9
3440,2015,4018,2459,2430,1,28,1134,507,20.62,61.2
3441,2015,5149,2868,2842,5,21,1067,639,22.28,55.7
3442,2015,11885,6917,6853,12,52,2799,1095,15.83,58.2
3443,2015,10485,5767,5719,12,36,2254,779,13.51,55.0
3446,2015,10744,6629,6561,25,43,2551,1291,19.48,61.7
3447,2015,4630,2500,2482,3,15,1145,521,20.84,54.0
3448,2015,5400,3364,3346,2,16,1523,708,21.05,62.3
3449,2015,2467,1527,1512,3,12,1000,180,11.79,61.9
3450,2015,1041,710,698,1,11,468,239,33.66,68.2
3451,2015,5175,2815,2782,12,21,1301,459,16.31,54.4
3452,2015,1738,1175,1160,7,8,728,158,13.45,67.6
3453,2015,2549,1491,1480,7,4,899,241,16.16,58.5
3454,2015,1237,876,868,5,3,689,184,21.0,70.8
3901,2015,21792,12901,12758,17,126,4826,3404,26.39,59.2
3903,2015,25109,15459,15290,27,142,7163,2663,17.23,61.57
3905,2015,33320,19392,19201,38,153,6856,3605,18.59,58.2
3907,2015,49248,28300,28075,22,203,12287,6886,24.33,57.46
3909,2015,36605,21113,20961,32,120,9006,3546,16.8,57.68
3911,2015,21020,13550,13423,27,100,5064,3134,23.13,64.46
4001,2015,29255,16500,16344,19,137,6559,3126,18.95,56.4
4003,2015,42579,23376,23215,18,143,9780,4056,17.35,54.9
4005,2015,10010,5836,5805,1,30,2875,1178,20.19,58.3
4010,2015,1832,1235,1232,1,2,670,226,18.3,67.4
4012,2015,11174,6503,6452,16,35,3079,1292,19.87,58.2
4014,2015,8579,5216,5187,1,28,2635,1286,24.65,60.8
4016,2015,3254,1998,1971,3,24,996,356,17.82,61.4
4018,2015,5201,3058,3047,0,11,1130,425,13.9,58.8
4020,2015,7985,4443,4394,5,44,2292,772,17.38,55.64
4022,2015,2354,1431,1427,0,4,768,236,16.49,60.8
4024,2015,1258,898,886,1,11,490,150,16.7,71.4
4026,2015,4707,2984,2936,10,38,1524,671,22.49,63.4
4028,2015,2017,1168,1162,0,6,611,188,16.1,57.9
4030,2015,1143,789,777,4,8,478,186,23.57,69.0
4032,2015,1020,677,658,0,19,455,154,22.75,66.4
4034,2015,1803,1289,1253,3,33,666,237,18.39,71.5
4036,2015,2921,1770,1753,4,13,864,377,21.3,60.6
4201,2015,5486,3308,3287,9,12,1728,603,18.23,60.3
4202,2015,16810,9464,9398,2,64,4758,2439,25.77,56.3
4203,2015,34534,19063,18952,25,86,8824,4850,25.44,55.2
4204,2015,80837,47208,46989,25,194,22413,10374,21.98,58.4
4205,2015,18994,11915,11814,33,68,7116,2280,19.14,62.73
4206,2015,7370,4540,4507,16,17,2845,1056,23.26,61.6
4207,2015,7028,4231,4213,8,10,2743,917,21.67,60.2
4211,2015,1971,1283,1272,1,10,797,308,24.01,65.1
4212,2015,1528,1128,1123,0,5,753,253,22.43,73.8
4213,2015,4772,2978,2961,3,14,1928,675,22.67,62.4
4214,2015,4210,2391,2371,5,15,1470,545,22.79,56.8
4215,2015,8238,5297,5274,5,18,2984,1076,20.31,64.3
4216,2015,3751,2198,2182,2,14,1275,536,24.39,58.6
4217,2015,1443,916,902,0,14,632,147,16.05,63.5
4218,2015,976,687,679,0,8,469,88,12.81,70.4
4219,2015,2731,1625,1605,4,16,1079,307,18.89,59.5
4220,2015,961,659,639,9,11,431,118,17.91,68.6
4221,2015,985,701,693,3,5,561,230,32.81,71.2
4222,2015,717,483,476,4,3,378,105,21.74,67.4
4223,2015,10756,6228,6197,5,26,3391,876,14.07,57.9
4224,2015,696,526,520,3,3,417,87,16.54,75.6
4225,2015,6047,3743,3730,3,10,2191,812,21.69,61.9
4226,2015,1290,947,943,0,4,785,99,10.45,73.4
4227,2015,4532,2937,2934,1,2,2011,740,25.2,64.8
4228,2015,1391,1031,1024,1,6,827,318,30.84,74.1
4601,2015,214406,132074,130846,98,1130,49564,44590,33.76,61.6
4602,2015,13601,8336,8280,12,44,5315,1968,23.61,61.29
4611,2015,3100,2024,2012,6,6,1392,461,22.78,65.3
4612,2015,4052,2553,2530,4,19,1692,668,26.17,63.0
4613,2015,8704,5492,5458,3,31,3547,1207,21.98,63.1
4614,2015,13952,8776,8675,11,90,4534,2325,26.49,62.9
4615,2015,2284,1617,1604,2,11,946,274,16.94,70.8
4616,2015,2208,1517,1505,0,12,961,366,24.13,68.7
4617,2015,10179,5731,5704,3,24,3416,1912,33.36,56.3
4618,2015,9074,5860,5793,21,46,3231,1866,31.84,64.58
4619,2015,763,521,516,3,2,349,134,25.72,68.3
4620,2015,887,651,636,7,8,380,193,29.65,73.4
4621,2015,11836,7434,7377,13,44,3322,1784,24.0,62.81
4622,2015,6582,4239,4216,7,16,2797,1039,24.51,64.4
4623,2015,1922,1265,1257,0,8,782,250,19.76,65.8
4624,2015,17168,11497,11403,22,72,5968,2903,25.25,66.97
4625,2015,3813,2570,2555,1,14,1742,562,21.87,67.4
4626,2015,26655,15602,15450,26,126,7546,3684,23.61,58.53
4627,2015,20448,12494,12386,8,100,5073,2624,21.0,61.1
4628,2015,3229,2086,2065,4,17,1084,443,21.24,64.6
4629,2015,281,230,228,1,1,177,39,16.96,81.9
4630,2015,5982,3978,3932,1,45,2041,757,19.03,66.5
4631,2015,21027,13179,13069,25,85,7058,2666,20.23,62.68
4632,2015,2177,1380,1369,3,8,810,400,28.99,63.4
4633,2015,439,365,362,1,2,256,120,32.88,83.1
4634,2015,1347,948,944,1,3,637,234,24.68,70.4
4635,2015,1841,1285,1275,2,8,901,326,25.37,69.8
4636,2015,639,408,397,3,8,278,175,42.89,63.8
4637,2015,1118,674,672,0,2,444,213,31.6,60.3
4638,2015,3229,2099,2083,5,11,1208,398,18.96,65.0
4639,2015,2119,1358,1355,2,1,861,254,18.7,64.1
4640,2015,6912,4585,4555,6,24,2840,889,19.39,66.33
4641,2015,1380,944,937,0,7,641,198,20.97,68.4
4642,2015,3477,2498,2473,0,25,1648,540,21.62,71.84
4643,2015,4308,2938,2909,6,23,1775,630,21.44,68.2
4644,2015,4044,2972,2967,1,4,2216,712,23.96,73.5
4645,2015,2404,1611,1595,1,15,1094,331,20.55,67.0
4646,2015,4315,2906,2884,6,16,1961,621,21.37,67.34
4647,2015,13914,8907,8858,14,35,5390,1966,22.07,64.01
4648,2015,2985,1806,1789,5,12,1222,359,19.88,60.5
4649,2015,6961,4568,4532,10,26,3108,1056,23.12,65.62
4650,2015,5355,3835,3814,8,13,2558,944,24.62,71.61
4651,2015,5340,3124,3103,4,17,2240,644,20.61,58.5
5001,2015,149095,90558,89876,109,573,31017,28253,31.2,60.74
5006,2015,20382,12003,11885,26,92,5233,2903,24.19,58.89
5007,2015,10458,5885,5843,13,29,2694,1174,19.95,56.27
5014,2015,3495,1842,1832,1,9,1105,488,26.49,52.7
5020,2015,1584,1055,1045,0,10,766,291,27.58,66.6
5021,2015,5341,3199,3169,1,29,1881,775,24.23,59.9
5022,2015,2049,1293,1275,4,14,801,223,17.25,63.1
5025,2015,4602,3286,3239,1,46,1666,543,16.52,71.4
5026,2015,1627,1168,1147,1,20,614,249,21.32,71.8
5027,2015,4864,2996,2977,5,14,1550,661,22.06,61.6
5028,2015,12071,7339,7276,10,53,3262,1518,20.68,60.8
5029,2015,5651,3509,3489,0,20,1678,536,15.28,62.1
5031,2015,10097,6139,6080,21,38,2290,1645,26.8,60.8
5032,2015,3220,2074,2055,1,18,1078,310,14.95,64.4
5033,2015,710,554,545,1,8,349,173,31.23,78.0
5034,2015,2014,1291,1274,3,14,843,356,27.58,64.1
5035,2015,17601,11036,10952,17,67,5198,2516,22.8,62.7
5036,2015,2011,1315,1303,3,9,819,244,18.56,65.4
5037,2015,14958,8900,8839,6,55,4029,2327,26.15,59.5
5038,2015,11495,6311,6272,3,36,2802,1877,29.74,54.9
5041,2015,1701,1228,1222,1,5,669,261,21.25,72.2
5042,2015,1099,712,705,3,4,444,151,21.21,64.8
5043,2015,383,289,286,1,2,196,94,32.53,75.5
5044,2015,713,492,482,1,9,297,128,26.02,69.0
5045,2015,1919,1330,1324,0,6,637,309,23.23,69.3
5046,2015,939,713,713,0,0,419,141,19.78,75.9
5047,2015,2835,1874,1866,1,7,901,342,18.25,66.1
5049,2015,896,588,586,1,1,392,157,26.7,65.6
5052,2015,479,323,306,0,17,213,75,23.22,67.4
5053,2015,7926,5376,5332,10,34,2613,1107,20.59,67.82
5054,2015,5127,3271,3250,4,17,1837,665,20.33,63.8
5055,2015,4119,2628,2609,1,18,1335,439,16.7,63.8
5056,2015,3550,1839,1831,3,5,980,452,24.58,51.8
5057,2015,7773,4625,4566,12,47,2616,1142,24.69,59.5
5058,2015,2597,1670,1659,5,6,945,343,20.54,64.3
5059,2015,13591,8198,8140,11,47,4100,1845,22.51,60.32
5060,2015,7286,4243,4198,20,25,2522,857,20.2,58.24
5061,2015,1604,1105,1086,0,19,664,245,22.17,68.9
5501,2015,55987,33704,33348,64,292,15085,8676,25.74,60.2
5503,2015,19241,10602,10525,7,70,5660,2415,22.78,55.1
5510,2015,2396,1368,1354,5,9,741,259,18.93,57.1
5512,2015,3432,2166,2154,3,9,1296,417,19.25,63.11
5514,2015,1164,703,698,1,4,534,193,27.45,60.4
5516,2015,901,603,594,3,6,364,176,29.19,66.9
5518,2015,790,580,573,4,3,356,115,19.83,73.4
5520,2015,3099,1850,1818,6,26,1014,391,21.14,59.7
5522,2015,1721,1115,1092,4,19,670,240,21.52,64.8
5524,2015,5450,3030,2996,10,24,1708,526,17.36,55.6
5526,2015,2647,1567,1554,3,10,849,289,18.44,59.2
5528,2015,957,674,666,2,6,357,158,23.44,70.4
5530,2015,11376,6316,6257,11,48,3654,1536,24.32,55.52
5532,2015,4545,2559,2540,4,15,1385,384,15.01,56.3
5534,2015,1881,1014,996,5,13,658,203,20.02,53.9
5536,2015,2355,1571,1557,6,8,634,447,28.45,66.7
5538,2015,1492,1131,1126,0,5,847,249,22.02,75.8
5540,2015,1771,1057,1051,0,6,706,122,11.54,59.7
5542,2015,2265,1341,1337,2,2,918,273,20.36,59.2
5544,2015,3840,2135,2108,4,23,1212,476,22.3,55.6
5546,2015,1002,649,645,1,3,447,249,38.37,64.8
5601,2015,14886,8351,8278,9,64,5354,3617,43.31,56.1
5603,2015,355214,215609,213858,313,1438,93829,56952,26.41,60.7
5605,2015,7886,4432,4394,9,29,2644,1091,24.62,56.2
5607,2015,4842,3055,3018,3,34,1779,730,23.9,63.1
5610,2015,2170,1441,1430,1,10,1004,367,25.47,66.4
5612,2015,2348,1580,1577,1,2,1267,619,39.18,67.3
5614,2015,827,542,536,0,6,406,137,25.28,65.5
5616,2015,825,519,515,0,4,322,128,24.66,62.9
5618,2015,996,554,545,2,7,358,202,36.46,55.6
5620,2015,2417711,1440341,1427899,2183,10259,644211,327101,22.71,59.57
5622,2015,3184,2149,2129,7,13,1343,638,29.69,67.5
5624,2015,1055,687,680,3,4,495,258,37.55,65.1
5626,2015,870,564,560,1,3,451,187,33.16,64.8
5628,2015,2336,1390,1377,0,13,917,315,22.66,59.5
5630,2015,809,448,428,4,16,254,117,26.12,55.4
5632,2015,1671,1036,1010,2,24,563,355,34.27,62.0
5634,2015,1705,1016,1006,0,10,708,256,25.2,59.6
5636,2015,750,526,515,3,8,380,179,34.03,70.1
0301,2019,545234,368578,367389,59,1922,158486,156012,42.33,67.6
1101,2019,11533,7623,7599,20,78,4785,2256,29.59,66.1
1103,2019,109660,72485,72063,52,511,32533,23066,31.82,66.1
1106,2019,29538,17575,17496,31,155,8910,7113,40.47,59.5
1108,2019,59144,37320,37150,26,305,16401,8737,23.41,63.1
1111,2019,2536,1844,1837,4,15,1259,419,22.72,72.7
1112,2019,2419,1679,1696,3,23,1086,479,28.53,69.4
1114,2019,2073,1528,1511,2,25,1095,331,21.66,73.7
1119,2019,13847,9070,9019,20,58,4953,3336,36.78,65.5
1120,2019,14557,9535,9511,8,83,4768,2857,29.96,65.5
1121,2019,14217,9895,9814,18,105,5314,2692,27.21,69.6
1122,2019,8777,5758,5721,11,68,3310,1951,33.88,65.6
1124,2019,20124,13342,13305,29,114,5708,4110,30.8,66.3
1127,2019,8422,5845,5808,12,79,2685,1840,31.48,69.4
1130,2019,9697,6313,6277,0,51,3246,1285,20.35,65.1
1133,2019,1957,1354,1352,1,18,851,300,22.16,69.2
1134,2019,2939,2119,2106,1,10,1450,453,21.38,72.1
1135,2019,3642,2491,2485,4,14,1470,831,33.36,68.4
1144,2019,416,354,351,1,1,283,85,24.01,85.1
1145,2019,672,508,504,4,5,347,153,30.12,75.6
1146,2019,8214,5561,5523,22,62,3280,1875,33.72,67.7
1149,2019,32515,19964,19863,42,181,11304,7834,39.24,61.4
1151,2019,155,128,129,0,5,110,74,57.81,82.7
1160,2019,6726,4271,4243,3,28,2584,968,22.66,63.5
1505,2019,19499,11602,11475,27,132,5784,3578,30.84,59.5
1506,2019,25228,15742,15657,4,92,7926,4802,30.5,62.4
1508,2019,51153,31101,30868,30,210,16803,11166,35.9,60.8
1511,2019,2650,1757,1751,3,11,1155,517,29.43,66.3
1514,2019,1974,1293,1297,7,6,987,268,20.73,65.5
1515,2019,6928,4254,4273,21,32,2771,1123,26.4,61.4
1516,2019,6553,4220,4202,9,30,2617,1205,28.55,64.4
1517,2019,3957,2509,2495,7,13,1709,675,26.9,63.4
1520,2019,8417,5395,5355,9,24,3541,1428,26.47,64.1
1525,2019,3633,2289,2278,3,14,1221,716,31.28,63.0
1528,2019,5980,3893,3885,4,27,2776,1188,30.52,65.1
1531,2019,6935,4300,4247,22,36,2493,1002,23.3,62.0
1532,2019,6264,4015,3997,8,22,2320,852,21.22,64.1
1535,2019,5219,3241,3209,11,25,1874,842,25.98,62.1
1539,2019,5907,3940,3921,10,19,2395,1643,41.7,66.7
1547,2019,2751,1843,1833,5,15,1327,594,32.23,67.0
1554,2019,4551,2858,2847,7,25,1710,940,32.89,62.8
1557,2019,2067,1335,1318,3,9,932,462,34.61,64.6
1560,2019,2430,1660,1643,0,5,1101,394,23.73,68.3
1563,2019,5694,3929,3918,4,15,2434,1124,28.61,69.0
1566,2019,4805,3075,3049,6,15,1814,735,23.9,64.0
1573,2019,1729,1207,1197,4,14,774,446,36.95,69.8
1576,2019,2858,2046,2020,3,10,1429,804,39.3,71.6
1577,2019,8130,5634,5610,5,34,3349,1742,30.92,69.3
1578,2019,2072,1345,1339,2,11,933,379,28.18,64.9
1579,2019,10216,6375,6336,8,43,3980,1298,20.36,62.4
1804,2019,40935,25625,25525,62,216,11059,8385,32.72,62.6
1806,2019,17535,9995,10000,6,92,5202,2549,25.5,57.0
1811,2019,1156,932,928,2,10,522,389,41.74,80.6
1812,2019,1600,1192,1185,5,2,746,304,25.5,74.5
1813,2019,6242,3920,3904,3,24,2040,1031,26.3,62.8
1815,2019,991,741,734,2,7,483,224,30.23,74.8
1816,2019,403,269,264,2,12,185,120,44.61,66.7
1818,2019,1375,902,896,1,5,581,282,31.26,65.6
1820,2019,5922,3814,3784,13,10,2117,1832,48.03,64.4
1822,2019,1765,1241,1231,4,10,815,597,48.11,70.3
1824,2019,10743,6897,6882,12,38,3887,2690,39.0,64.2
1825,2019,1188,878,874,0,5,463,396,45.1,73.9
1826,2019,1094,790,789,1,7,439,211,26.71,72.2
1827,2019,1117,814,809,3,7,517,232,28.5,72.9
1828,2019,1382,956,944,9,8,583,328,34.31,69.2
1832,2019,3593,2472,2453,13,31,1519,618,25.0,68.8
1833,2019,20934,13251,13172,19,136,5650,5675,42.83,63.3
1834,2019,1532,1091,1086,3,12,738,264,24.2,71.2
1835,2019,350,248,250,0,4,182,99,39.92,70.8
1836,2019,981,723,721,1,5,565,335,46.33,73.7
1837,2019,5002,3201,3186,8,31,2267,1097,34.27,64.0
1838,2019,1592,1065,1054,6,9,656,295,27.7,66.9
1839,2019,874,611,610,2,9,320,167,27.33,69.9
1840,2019,3721,2560,2553,1,17,1303,609,23.79,68.8
1841,2019,7866,4979,4963,7,60,2411,1483,29.79,63.3
1845,2019,1546,1082,1076,1,11,523,353,32.62,70.0
1848,2019,1949,1329,1441,2,5,851,511,38.45,68.2
1851,2019,1719,1164,1161,4,10,637,374,32.13,67.7
1853,2019,1116,859,852,20,11,533,248,28.87,77.0
1856,2019,431,345,343,1,7,252,180,52.17,80.0
1857,2019,576,424,423,1,4,336,216,50.94,73.6
1859,2019,1058,671,676,3,7,451,164,24.44,63.4
1860,2019,8896,5293,5269,7,34,2947,1692,31.97,59.5
1865,2019,7482,4347,4321,13,24,2420,1452,33.4,58.1
1866,2019,6469,3972,3945,2,33,2143,1218,30.66,61.4
1867,2019,2172,1562,1559,2,9,911,538,34.44,71.9
1868,2019,3551,2198,2186,8,35,1223,778,35.4,61.9
1870,2019,8300,5055,5020,11,37,2479,1437,28.43,60.9
1871,2019,3860,2710,2702,10,20,1572,764,28.19,70.2
1874,2019,850,486,475,2,4,320,177,36.42,57.2
1875,2019,2279,1593,1586,2,6,1232,599,37.6,69.9
3101,2019,25295,15152,15069,65,225,5629,3120,20.59,59.9
3103,2019,39350,24318,24173,31,309,9874,6186,25.44,61.8
3105,2019,44860,25615,25431,127,307,9853,5538,21.62,57.1
3107,2019,65845,38190,37974,34,477,14662,11917,31.2,58.0
3110,2019,3910,2796,2789,4,22,1221,807,28.86,71.5
3112,2019,5984,3752,3706,25,35,1419,916,24.41,62.7
3114,2019,4324,2733,2710,0,47,1346,396,14.49,63.2
3116,2019,2989,1904,1891,8,26,1148,377,19.8,63.7
3118,2019,35439,20413,20307,72,295,10279,6144,30.1,57.6
3120,2019,6570,4047,4019,6,49,1966,607,15.0,61.6
3122,2019,3006,1966,1949,10,61,856,441,22.43,65.4
3124,2019,1114,853,846,5,12,462,144,16.88,76.6
3201,2019,97045,68708,68541,74,345,23516,34398,50.06,70.8
3203,2019,72075,49155,48965,58,339,21698,17084,34.76,68.2
3205,2019,66010,40002,39753,130,342,15360,10818,27.04,60.6
3207,2019,45043,31395,31260,67,258,11533,8045,25.63,69.7
3209,2019,29386,16662,16492,61,214,6777,5048,30.3,56.7
3212,2019,15043,10921,10900,29,90,4560,4294,39.32,72.6
3214,2019,12647,8878,8828,29,57,3731,2672,30.1,70.2
3216,2019,13702,8906,8868,6,78,4031,2206,24.77,65.0
3218,2019,15375,9917,9859,41,135,3820,2803,28.26,64.5
3220,2019,8433,5296,5257,32,53,2363,1071,20.22,62.8
3222,2019,31609,19092,18941,83,267,6469,5475,28.68,60.4
3224,2019,13845,8598,8550,37,89,3520,2488,28.94,62.1
3226,2019,13706,8525,8467,23,95,3859,1871,21.95,62.2
3228,2019,17859,10876,10822,39,164,4632,2759,25.37,60.9
3230,2019,5224,3479,3437,13,18,1481,622,17.88,66.6
3232,2019,18292,12274,12147,59,121,4392,2706,22.05,67.1
3234,2019,7137,4739,4708,16,87,2352,1058,22.33,66.4
3236,2019,5459,3494,3474,8,42,1730,959,27.45,64.0
3238,2019,10573,6122,6072,23,61,2656,1359,22.2,57.9
3240,2019,19499,11524,11452,47,112,4870,2814,24.42,59.1
3242,2019,2292,1529,1514,18,12,753,492,32.18,66.7
3301,2019,79551,48367,48164,56,482,19891,18852,38.98,60.8
3303,2019,21796,13470,13408,9,157,5348,4155,30.85,61.8
3305,2019,24619,14525,14360,24,191,5828,6479,44.61,59.0
3310,2019,5275,3534,3511,20,40,1633,1249,35.34,67.0
3312,2019,20456,13317,13230,79,152,5225,3690,27.71,65.1
3314,2019,15160,8884,8864,17,67,3825,2250,25.33,58.6
3316,2019,11250,6975,6939,41,86,2971,1907,27.34,62.0
3318,2019,1739,1155,1140,4,24,602,315,27.27,66.4
3320,2019,853,629,617,12,5,430,205,32.59,73.7
3322,2019,2750,1790,1778,4,16,1144,483,26.98,65.1
3324,2019,3669,2319,2312,8,16,1393,802,34.58,63.2
3326,2019,1903,1336,1333,3,7,933,434,32.49,70.2
3328,2019,3729,2599,2591,9,22,1538,762,29.32,69.7
3330,2019,3644,2372,2339,18,31,1453,808,34.06,65.1
3332,2019,2795,1864,1858,5,18,914,336,18.03,66.7
3334,2019,2121,1385,1379,2,15,723,305,22.02,65.3
3336,2019,1163,793,787,1,41,410,158,19.92,68.2
3338,2019,2014,1301,1300,0,18,756,223,17.14,64.6
3401,2019,14614,8783,8811,8,77,3656,3049,34.71,60.1
3403,2019,25185,16219,16169,27,116,6894,5740,35.39,64.4
3405,2019,22636,14555,14509,14,110,5214,6297,43.26,64.3
3407,2019,24509,14436,14397,17,139,6316,3687,25.54,58.9
3411,2019,27654,16371,16289,24,103,6420,5815,35.52,59.2
3412,2019,6166,3983,3927,14,49,1602,976,24.5,64.6
3413,2019,16707,11411,11324,29,92,4680,2756,24.15,68.3
3414,2019,4222,2664,2629,12,99,1012,808,30.33,63.1
3415,2019,6496,3969,3939,7,47,1545,1233,31.07,61.1
3416,2019,5217,3240,3224,3,42,1635,1044,32.22,62.1
3417,2019,3995,2465,2450,8,51,1097,594,24.1,61.7
3418,2019,6042,3722,3689,17,48,1806,1337,35.92,61.6
3419,2019,3075,2057,2048,6,22,1169,741,36.02,66.9
3420,2019,16897,10172,10106,18,200,4237,2468,24.26,60.2
3421,2019,5450,3804,3788,2,33,1892,997,26.21,69.8
3422,2019,3549,2190,2170,12,56,1061,578,26.39,61.7
3423,2019,2006,1358,1350,5,26,757,478,35.2,67.7
3424,2019,1503,1144,1128,4,11,619,343,29.98,76.1
3425,2019,1066,828,823,2,16,435,232,28.02,77.7
3426,2019,1229,924,921,3,13,515,189,20.45,75.2
3427,2019,4427,3050,3031,4,12,1606,810,26.56,68.9
3428,2019,1887,1387,1382,3,15,819,290,20.91,73.5
3429,2019,1295,1006,1000,6,9,572,278,27.63,77.7
3430,2019,1593,1147,1143,0,5,678,245,21.36,72.0
3431,2019,2174,1435,1430,4,23,814,537,37.42,66.0
3432,2019,1584,1126,1116,3,8,661,481,42.72,71.1
3433,2019,1820,1283,1282,1,12,697,704,54.87,70.5
3434,2019,1834,1174,1167,3,19,669,471,40.12,64.0
3435,2019,2898,2008,1998,4,29,1026,698,34.76,69.3
3436,2019,4667,2945,2925,4,17,1405,840,28.52,63.1
3437,2019,4723,3339,3311,8,18,1510,1262,37.8,70.7
3438,2019,2486,1581,1572,5,12,755,347,21.95,63.6
3439,2019,3600,2257,2244,4,27,894,624,27.65,62.7
3440,2019,4113,2665,2646,11,25,1341,837,31.41,64.8
3441,2019,5027,3177,3137,6,23,1223,1127,35.47,63.2
3442,2019,12074,7329,7303,27,65,2859,1582,21.59,60.7
3443,2019,10909,6698,6618,8,79,2867,1164,17.38,61.4
3446,2019,10961,7004,6980,13,57,3078,2424,34.61,63.9
3447,2019,4599,2764,2746,9,29,1359,764,27.64,60.1
3448,2019,5402,3398,3373,1,28,1598,1040,30.61,62.9
3449,2019,2419,1587,1575,4,12,1002,342,21.55,65.6
3450,2019,1062,740,738,2,10,490,298,40.27,69.7
3451,2019,5246,3200,3188,15,34,1606,955,29.84,61.0
3452,2019,1698,1109,1101,5,12,662,273,24.62,65.3
3453,2019,2570,1614,1596,6,10,951,403,24.97,62.8
3454,2019,1240,904,897,2,3,693,371,41.04,72.9
3901,2019,21880,13850,13775,36,156,5726,4630,33.43,63.3
3903,2019,19453,12411,12344,70,146,5604,3389,27.31,63.8
3905,2019,44421,28385,28248,34,318,11899,6492,22.87,63.9
3907,2019,50054,30533,30297,28,234,13711,8178,26.78,61.0
3909,2019,37967,23008,22841,59,208,9439,5200,22.6,60.6
3911,2019,21332,14015,13956,27,135,5185,4324,30.85,65.7
4001,2019,29162,17672,17623,11,215,7603,4240,23.99,60.6
4003,2019,43779,25523,25413,31,231,11331,6560,25.7,58.3
4005,2019,10498,6498,6464,0,54,3209,1914,29.46,61.9
4010,2019,1877,1331,1319,8,15,635,307,23.07,70.9
4012,2019,11351,7015,6976,21,50,3220,1623,23.14,61.8
4014,2019,8527,5551,5537,13,41,2692,1878,33.83,65.1
4016,2019,3275,2201,2192,6,20,1032,553,25.12,67.2
4018,2019,5290,3343,3325,12,35,1356,806,24.11,63.2
4020,2019,8126,4786,4775,17,44,2370,1681,35.12,58.9
4022,2019,2317,1587,1579,4,13,829,465,29.3,68.5
4024,2019,1248,922,918,3,19,486,178,19.31,73.9
4026,2019,4702,3122,3128,10,46,1651,946,30.3,66.4
4028,2019,1988,1292,1275,2,20,640,322,24.92,65.0
4030,2019,1145,854,850,4,5,557,271,31.73,74.6
4032,2019,1021,763,763,0,9,463,190,24.9,74.7
4034,2019,1804,1310,1279,8,9,634,332,25.34,72.6
4036,2019,2952,1987,1966,11,9,951,520,26.17,67.3
4201,2019,5610,3770,3758,6,22,2122,968,25.68,67.2
4202,2019,17957,10846,10821,11,88,5669,3883,35.8,60.4
4203,2019,35555,22044,22037,13,135,11229,6339,28.76,62.0
4204,2019,86276,56597,56381,36,382,27955,18630,32.92,65.6
4205,2019,17774,11802,11787,20,50,7328,4079,34.56,66.4
4206,2019,7624,4963,4942,18,39,3100,1470,29.62,65.1
4207,2019,7055,4508,4488,14,21,2898,1431,31.74,63.9
4211,2019,1964,1259,1249,2,36,707,408,32.41,64.1
4212,2019,1595,1252,1247,6,10,786,376,30.03,78.5
4213,2019,4901,3303,3276,0,16,1875,1286,38.93,67.4
4214,2019,4538,2818,2801,9,23,1622,745,26.44,62.1
4215,2019,8484,5523,5515,1,39,2878,1529,27.68,65.1
4216,2019,3877,2512,2491,10,13,1614,931,37.06,64.8
4217,2019,1465,977,969,4,15,698,217,22.21,66.7
4218,2019,978,707,717,2,6,458,152,21.5,72.3
4219,2019,2804,1842,1835,3,12,1111,603,32.74,65.7
4220,2019,969,708,704,3,10,453,179,25.28,73.1
4221,2019,950,672,665,0,13,454,237,35.27,70.7
4222,2019,751,530,526,3,3,391,123,23.21,70.6
4223,2019,11252,7055,7002,13,38,4063,1496,21.2,62.7
4224,2019,732,580,579,0,4,475,159,27.41,79.2
4225,2019,7737,5060,5040,14,15,3219,1446,28.58,65.4
4226,2019,1282,982,978,3,15,765,140,14.26,76.6
4227,2019,4651,3195,3184,6,23,2153,1084,33.93,68.7
4228,2019,1410,1111,1107,3,7,865,521,46.89,78.8
4601,2019,223674,152322,151680,232,1406,52764,65000,42.67,68.1
4602,2019,13381,8390,8355,19,88,5510,2753,32.81,62.7
4611,2019,3148,2210,2208,6,9,1429,627,28.37,70.2
4612,2019,4297,2892,2887,9,18,1861,969,33.51,67.3
4613,2019,9029,6248,6222,4,42,3884,1716,27.46,69.2
4614,2019,14397,9315,9280,16,109,4616,3276,35.17,64.7
4615,2019,2436,1725,1700,11,33,992,391,22.67,70.8
4616,2019,2278,1624,1612,8,16,1009,533,32.82,71.3
4617,2019,10355,6503,6455,29,73,2483,2649,40.74,62.8
4618,2019,8947,6272,6249,14,37,3914,2744,43.75,70.1
4619,2019,725,527,524,1,6,397,170,32.26,72.7
4620,2019,862,660,653,5,8,370,280,42.42,76.6
4621,2019,12280,8363,8300,9,54,4028,2931,35.05,68.1
4622,2019,6595,4597,4560,10,30,2653,1422,30.93,69.7
4623,2019,1970,1357,1346,1,17,814,379,27.93,68.9
4624,2019,18683,13377,13317,39,101,7354,4987,37.28,71.6
4625,2019,3865,2771,2751,7,16,1921,835,30.13,71.7
4626,2019,28845,18403,18278,38,176,8708,6091,33.1,63.8
4627,2019,21880,14594,14496,61,128,6242,4657,31.91,66.7
4628,2019,3168,2281,2267,12,17,1218,841,36.87,72.0
4629,2019,287,215,211,1,3,162,37,17.21,74.9
4630,2019,6268,4394,4366,14,53,2364,1394,31.73,70.1
4631,2019,22181,15682,15631,4,100,7888,4682,29.86,70.7
4632,2019,2255,1452,1444,9,18,792,461,31.75,64.4
4633,2019,439,362,360,3,4,232,151,41.71,82.5
4634,2019,1327,983,980,3,11,634,417,42.42,74.1
4635,2019,1826,1287,1285,4,7,910,398,30.92,70.5
4636,2019,650,454,450,2,11,268,204,44.93,69.8
4637,2019,1097,738,729,4,11,457,300,40.65,67.3
4638,2019,3389,2264,2234,23,17,1334,551,24.34,66.8
4639,2019,2094,1470,1456,9,15,946,405,27.55,70.2
4640,2019,9100,6379,6333,17,34,3975,1830,28.69,70.1
4641,2019,1413,1033,1026,5,3,755,357,34.56,73.1
4642,2019,1731,1229,1227,4,16,896,393,31.98,71.0
4643,2019,4280,2906,2896,11,10,1714,802,27.6,67.9
4644,2019,4035,3006,2997,7,19,2019,861,28.64,74.5
4645,2019,2387,1616,1595,6,14,1072,466,28.84,67.7
4646,2019,2043,1469,1466,2,6,1005,330,22.46,71.9
4647,2019,16713,11248,11198,9,54,6959,3557,31.62,67.3
4648,2019,2949,2032,2018,1,13,1436,680,33.46,68.9
4649,2019,7364,5096,5076,24,36,3372,1494,29.32,69.2
4650,2019,4544,3235,3219,7,9,2040,1098,33.94,71.2
4651,2019,5447,3475,3454,6,9,2364,876,25.21,63.8
5001,2019,159601,105496,105044,96,906,39143,39187,37.15,66.1
5006,2019,19354,12232,12202,7,88,5284,4355,35.6,63.2
5007,2019,12043,7551,7487,21,31,3835,3371,44.64,62.7
5014,2019,3922,2357,2351,4,18,1460,1116,47.35,60.1
5020,2019,793,512,505,3,16,300,205,40.04,64.6
5021,2019,5499,3679,3666,3,43,2056,1390,37.78,66.9
5022,2019,1994,1436,1433,4,13,881,403,28.06,72.0
5025,2019,4591,3370,3353,4,24,1577,893,26.5,73.4
5026,2019,1652,1322,1316,5,23,692,364,27.53,80.0
5027,2019,4958,3153,3133,15,24,1655,672,21.31,63.6
5028,2019,12717,8279,8249,19,69,3711,2682,32.4,65.1
5029,2019,6100,3953,3921,10,26,1884,918,23.22,64.8
5031,2019,10600,7134,7059,34,60,2909,2180,30.56,67.3
5032,2019,3251,2139,2130,6,37,1131,615,28.75,65.8
5033,2019,657,517,515,2,9,329,203,39.26,78.7
5034,2019,1978,1329,1321,5,8,814,400,30.1,67.2
5035,2019,18676,12345,12289,40,67,5974,4431,35.89,66.1
5036,2019,2078,1459,1451,3,9,873,358,24.54,70.2
5037,2019,15665,10339,10283,25,81,4527,3469,33.55,66.0
5038,2019,11871,7467,7425,21,52,3220,2697,36.12,62.9
5041,2019,1669,1265,1263,1,5,703,440,34.78,75.8
5042,2019,1120,735,733,0,4,417,235,31.97,65.6
5043,2019,379,285,285,0,5,180,145,50.88,75.2
5044,2019,702,534,529,6,8,348,226,42.32,76.1
5045,2019,1873,1362,1356,5,7,652,420,30.84,72.7
5046,2019,957,708,714,0,12,321,186,26.27,74.0
5047,2019,2923,1961,1951,6,4,887,508,25.91,67.1
5049,2019,892,664,677,0,5,426,232,34.94,74.4
5052,2019,469,390,390,3,5,265,179,45.9,83.2
5053,2019,5313,3799,3777,14,42,1843,970,25.53,71.5
5054,2019,7944,5354,5332,17,22,2970,1931,36.07,67.4
5055,2019,4820,3268,3240,21,28,1742,860,26.32,67.8
5056,2019,4012,2295,2280,9,13,1286,753,32.81,57.2
5057,2019,8132,5294,5268,19,72,3315,1815,34.28,65.1
5058,2019,3467,2389,2380,5,19,1461,942,39.43,68.9
5059,2019,14394,9097,9061,3,60,4601,2538,27.9,63.2
5060,2019,7418,4814,4785,7,43,3123,1453,30.18,64.9
5061,2019,1622,1103,1091,1,24,618,298,27.02,68.0
5501,2019,59981,38148,38070,45,421,17371,12672,33.22,63.6
5503,2019,19613,12062,12024,37,136,5778,3648,30.24,61.5
5510,2019,2327,1489,1479,5,18,800,348,23.37,64.0
5512,2019,3492,2228,2218,5,16,1327,551,24.73,63.8
5514,2019,1147,821,819,1,5,590,352,42.87,71.6
5516,2019,894,580,578,1,11,355,174,30.0,64.9
5518,2019,823,596,594,1,15,357,146,24.5,72.4
5520,2019,3153,2201,2173,18,23,1111,695,31.58,69.8
5522,2019,1740,1169,1159,4,20,595,370,31.65,67.2
5524,2019,5383,3391,3375,6,37,1688,798,23.53,63.0
5526,2019,2746,1733,1724,3,22,977,493,28.45,63.1
5528,2019,938,679,675,1,9,387,201,29.6,72.4
5530,2019,11658,7065,7046,7,57,3978,2153,30.47,60.6
5532,2019,4559,2831,2820,6,36,1552,526,18.58,62.1
5534,2019,1874,1205,1194,6,7,789,319,26.47,64.3
5536,2019,2347,1669,1664,4,14,1304,620,37.15,71.1
5538,2019,1496,1113,1111,1,3,793,297,26.68,74.4
5540,2019,1725,1130,1131,0,8,702,217,19.2,65.5
5542,2019,2309,1443,1433,6,3,1026,427,29.59,62.5
5544,2019,3847,2408,2392,11,33,1354,794,32.97,62.6
5546,2019,1001,679,676,2,16,461,273,40.21,67.8
5601,2019,15867,8917,8881,16,262,5396,3880,43.51,56.2
5603,2019,8966,5281,5256,7,83,3652,2148,40.67,58.9
5605,2019,8118,4887,4859,12,93,2891,1306,26.72,60.2
5607,2019,4680,2995,2967,11,26,1541,966,32.25,64.0
5610,2019,2178,1492,1486,3,27,1023,620,41.55,68.5
5612,2019,2294,1457,1456,2,10,1116,634,43.51,63.5
5614,2019,771,545,542,2,7,412,249,45.69,70.7
5616,2019,818,507,504,0,8,355,154,30.37,62.0
5618,2019,1013,615,616,0,8,427,348,56.59,60.7
5620,2019,2587,1806,1791,5,12,1200,775,42.91,69.8
5622,2019,1493455,940212,935255,2263,9825,407205,286915,30.52,62.96
5624,2019,1057,729,718,8,3,489,368,50.48,69.0
5626,2019,932,600,597,4,1,454,198,33.0,64.4
5628,2019,2426,1681,1675,3,11,1193,510,30.34,69.3
5630,2019,795,555,548,1,7,295,193,34.77,69.8
5632,2019,1761,1136,1134,2,17,647,503,44.28,64.5
5634,2019,1722,1085,1080,7,18,676,293,27.0,63.0
5636,2019,764,597,598,1,6,435,293,49.08,78.1
0301,2023,570301,366133,364854,66,2469,153684,197453,53.93,64.2
1101,2023,11701,7711,7689,2,63,4749,2813,36.48,65.9
1103,2023,112819,75250,74968,30,480,35939,42159,56.03,66.7
1106,2023,30028,17987,17948,8,152,9157,11306,62.86,59.9
1108,2023,62442,37590,37449,49,470,17145,15299,40.7,60.2
1111,2023,2527,1804,1797,2,29,1222,724,40.13,71.4
1112,2023,2447,1730,1728,2,28,1194,547,31.62,70.7
1114,2023,2140,1515,1511,0,10,1064,572,37.76,70.8
1119,2023,14374,9386,9356,18,60,5106,4726,50.35,65.3
1120,2023,15402,9765,9750,15,95,4863,4085,41.83,63.4
1121,2023,14932,10139,10112,10,80,5549,4610,45.47,67.9
1122,2023,8991,5763,5732,13,65,3097,3074,53.34,64.1
1124,2023,21215,13493,13454,16,124,6122,7227,53.56,63.6
1127,2023,8875,6017,5973,15,68,2871,2939,48.84,67.8
1130,2023,10126,6572,6528,11,65,3358,3075,46.79,64.9
1133,2023,1975,1428,1420,8,20,960,458,32.07,72.3
1134,2023,2894,2211,2206,3,11,1631,771,34.87,76.4
1135,2023,3547,2497,2487,5,42,1574,1349,54.02,70.4
1144,2023,426,364,359,4,8,284,166,45.6,85.4
1145,2023,707,509,501,4,8,358,202,39.69,72.0
1146,2023,8488,5619,5593,14,55,2958,2782,49.51,66.2
1149,2023,33220,20530,20453,29,209,11370,11095,54.04,61.8
1151,2023,157,142,140,1,4,105,75,52.82,90.4
1160,2023,6771,4367,4332,17,57,2756,1307,29.93,64.5
1505,2023,19543,11550,11474,15,162,5937,7875,68.18,59.1
1506,2023,25678,15792,15716,7,132,8214,6874,43.53,61.5
1508,2023,45631,28337,28232,27,277,13879,15753,55.59,62.1
1511,2023,2506,1799,1791,3,12,1220,713,39.63,71.8
1514,2023,1897,1269,1255,6,13,946,447,35.22,66.9
1515,2023,6950,4323,4269,5,22,2816,1615,37.36,62.2
1516,2023,6737,4352,4315,4,37,2503,2130,48.94,64.6
1517,2023,3940,2506,2491,9,14,1665,1115,44.49,63.6
1520,2023,8484,5421,5389,10,82,3235,2066,38.11,63.9
1525,2023,3492,2214,2201,4,38,1273,938,42.37,63.4
1528,2023,5961,3845,3827,5,36,2601,1885,49.02,64.5
1531,2023,7222,4788,4749,22,53,2788,2031,42.42,66.3
1532,2023,6508,4321,4291,13,38,2536,1562,36.15,66.4
1535,2023,5578,3425,3407,2,37,1870,1303,38.04,61.4
1539,2023,5576,3797,3773,13,31,2396,2073,54.6,68.1
1547,2023,2750,1768,1748,11,42,1128,747,42.25,64.3
1554,2023,4641,2780,2762,11,48,1544,1502,54.03,59.9
1557,2023,2070,1385,1377,6,11,966,662,47.8,66.9
1560,2023,2404,1570,1569,0,20,1028,560,35.67,65.3
1563,2023,5599,3505,3485,14,46,1798,1353,38.6,62.6
1566,2023,4736,2908,2890,8,28,1867,1116,38.38,61.4
1573,2023,1720,1123,1112,5,34,669,544,48.44,65.3
1576,2023,2719,1754,1745,9,26,1096,1060,60.43,64.5
1577,2023,8498,5668,5645,10,64,3193,2357,41.58,66.7
1578,2023,2021,1338,1327,7,6,946,509,38.04,66.2
1579,2023,10407,6244,6228,6,66,3549,2251,36.05,60.0
1580,2023,7350,4836,4814,10,33,3189,2472,51.12,65.8
1804,2023,41908,26360,26214,54,326,10836,12387,46.99,62.9
1806,2023,17285,10233,10197,19,156,5156,4327,42.28,59.2
1811,2023,1108,748,738,3,105,322,309,41.31,67.5
1812,2023,1592,1116,1108,3,12,735,353,31.63,70.1
1813,2023,6148,3695,3662,12,72,2147,1416,38.32,60.1
1815,2023,984,787,763,0,8,496,343,43.58,80.0
1816,2023,376,272,271,1,2,235,138,50.74,72.3
1818,2023,1399,897,888,3,15,558,464,51.73,64.1
1820,2023,5805,3187,3173,2,47,1650,1809,56.76,54.9
1822,2023,1707,1108,1100,6,14,731,685,61.82,64.9
1824,2023,10780,6414,6391,14,78,3740,3310,51.61,59.5
1825,2023,1164,760,748,2,49,389,328,43.16,65.3
1826,2023,1048,703,695,2,30,405,216,30.73,67.1
1827,2023,1096,787,778,3,7,564,313,39.77,71.8
1828,2023,1369,886,882,4,8,529,455,51.35,64.7
1832,2023,3580,2388,2374,5,39,1400,726,30.4,66.7
1833,2023,20903,12228,12142,180,147,5473,6543,53.51,58.5
1834,2023,1491,956,943,3,11,620,266,27.82,64.1
1835,2023,324,255,255,0,3,184,163,63.92,78.7
1836,2023,912,697,689,2,5,528,377,54.09,76.4
1837,2023,4910,3162,3147,12,53,2165,1321,41.78,64.4
1838,2023,1559,1018,1020,5,11,686,446,43.81,65.3
1839,2023,840,658,658,0,12,379,265,40.27,78.3
1840,2023,3687,2437,2472,6,36,1377,824,33.81,66.1
1841,2023,7884,4817,4781,12,93,2201,1998,41.48,61.1
1845,2023,1519,1004,988,2,19,434,348,34.66,66.1
1848,2023,2098,1309,1287,2,11,823,883,67.46,62.4
1851,2023,1636,1121,1119,4,9,587,475,42.37,68.5
1853,2023,1100,811,806,3,11,474,380,46.86,73.7
1856,2023,389,251,243,6,28,155,135,53.78,64.5
1857,2023,535,364,353,8,5,212,157,43.13,68.0
1859,2023,987,601,585,3,5,378,181,30.12,60.9
1860,2023,9000,5148,5105,17,66,2929,2118,41.14,57.2
1865,2023,7636,4261,4238,6,59,2543,1883,44.19,55.8
1866,2023,6518,3976,3963,15,46,2358,1749,43.99,61.0
1867,2023,2167,1495,1492,6,11,839,606,40.54,69.0
1868,2023,3543,2023,2004,4,38,1045,989,48.89,57.1
1870,2023,8193,4842,4815,6,68,2542,2066,42.67,59.1
1871,2023,3676,2485,2469,8,54,1529,821,33.04,67.6
1874,2023,788,443,446,5,14,305,203,45.82,56.2
1875,2023,2185,1549,1547,4,13,1129,760,49.06,70.9
3101,2023,26021,15066,15027,36,229,5894,6360,42.21,57.9
3103,2023,41423,24357,24239,26,307,9697,10939,44.91,58.8
3105,2023,47360,25764,25625,29,335,9535,9965,38.68,54.4
3107,2023,68608,40204,40115,19,533,15016,19072,47.44,58.6
3110,2023,4054,2939,2934,0,23,1195,1421,48.35,72.5
3112,2023,6136,3749,3729,24,70,1557,1480,39.48,61.1
3114,2023,4578,2683,2671,10,74,1310,900,33.54,58.6
3116,2023,3084,1829,1819,5,40,1032,740,40.46,59.3
3118,2023,37079,20208,20128,43,337,9865,10123,50.09,54.5
3120,2023,6823,3903,3883,12,65,1885,978,25.06,57.2
3122,2023,3022,1931,1918,8,44,945,742,38.43,63.9
3124,2023,1120,842,836,3,12,443,176,20.9,75.2
3201,2023,100267,68783,68662,33,437,23050,44805,65.14,68.6
3203,2023,75498,49451,49360,25,400,19927,27667,55.95,65.5
3205,2023,72034,40483,40382,51,488,14960,19839,49.01,56.2
3207,2023,48202,31958,31872,43,317,10256,13402,41.94,66.3
3209,2023,32589,17207,17084,82,293,6945,8331,48.42,52.8
3212,2023,15710,11201,11164,37,93,4469,5653,50.47,71.3
3214,2023,13066,8911,8878,16,92,3368,4183,46.94,68.2
3216,2023,14750,9263,9229,18,109,3664,3480,37.57,62.8
3218,2023,16260,10195,10161,19,104,3732,4339,42.56,62.7
3220,2023,8807,4985,4958,17,108,2085,1384,27.76,56.6
3222,2023,36412,20245,20153,7,224,6938,11012,54.39,55.6
3224,2023,14968,8771,8716,23,108,3435,3367,38.39,58.6
3226,2023,14349,8294,8263,12,141,3831,3044,36.7,57.8
3228,2023,19125,10978,10921,28,223,4427,4220,38.44,57.4
3230,2023,5683,3586,3568,9,44,1618,1424,39.71,63.1
3232,2023,19453,12197,12115,43,164,4215,5334,43.73,62.7
3234,2023,7365,4706,4688,5,80,2345,1736,36.89,63.9
3236,2023,5564,3316,3287,6,45,1569,1506,45.42,59.6
3238,2023,12029,6207,6186,15,91,2588,2155,34.72,51.6
3240,2023,21463,12320,12166,18,230,5261,6015,48.82,57.4
3242,2023,2356,1428,1420,5,18,641,608,42.58,60.6
3301,2023,82506,45461,45280,27,600,17753,23526,51.75,55.1
3303,2023,22602,13516,13469,27,212,5619,6303,46.63,59.8
3305,2023,25546,14306,14251,20,198,6053,9638,67.37,56.0
3310,2023,5308,3307,3272,26,43,1435,1931,58.39,62.3
3312,2023,21694,13255,13166,73,171,4900,6287,47.43,61.1
3314,2023,16125,9030,8969,21,172,3693,4860,53.82,56.0
3316,2023,11713,6618,6593,2,168,2699,2822,42.64,56.5
3318,2023,1739,1301,1294,4,16,758,637,48.96,74.8
3320,2023,862,620,614,3,7,448,278,44.84,71.9
3322,2023,2729,1779,1771,9,34,1103,722,40.58,65.2
3324,2023,3860,2293,2281,9,32,1413,1059,46.18,59.4
3326,2023,1999,1385,1382,1,3,926,646,46.64,69.3
3328,2023,3793,2678,2675,3,24,1711,999,37.3,70.6
3330,2023,3658,2407,2400,5,35,1502,1118,46.45,65.8
3332,2023,2837,1790,1777,5,26,830,444,24.8,63.1
3334,2023,2160,1363,1349,8,26,646,461,33.82,63.1
3336,2023,1130,801,792,4,13,395,256,31.96,70.9
3338,2023,1997,1294,1285,4,15,757,337,26.04,64.8
3401,2023,14844,8105,8064,11,130,3130,4022,49.62,54.6
3403,2023,26288,16325,16261,20,177,6608,7552,46.26,62.1
3405,2023,23067,14117,14073,12,166,5276,7577,53.67,61.2
3407,2023,24662,13811,13772,27,231,6175,5366,38.85,56.0
3411,2023,28423,15860,15806,9,255,5794,7418,46.77,55.8
3412,2023,6280,3774,3736,18,82,1567,1449,38.39,60.1
3413,2023,16932,10515,10472,19,172,4194,3611,34.34,62.1
3414,2023,4242,2520,2502,3,117,1059,1007,39.96,59.4
3415,2023,6642,3859,3844,7,59,1466,1601,41.49,58.1
3416,2023,5227,2880,2854,5,77,1299,1118,38.82,55.1
3417,2023,3937,2142,2127,7,45,908,1128,52.66,54.4
3418,2023,6049,3575,3542,14,98,1690,1774,49.62,59.1
3419,2023,3027,1783,1764,11,53,1022,763,42.79,58.9
3420,2023,17377,9870,9804,25,222,4015,4342,43.99,56.8
3421,2023,5400,3548,3520,8,85,1808,1138,32.07,65.7
3422,2023,3461,1990,1965,10,73,1039,796,40.0,57.5
3423,2023,1914,1250,1244,2,38,692,530,42.4,65.3
3424,2023,1489,1112,1104,6,10,679,458,41.19,74.7
3425,2023,1073,790,786,3,44,386,327,41.39,73.6
3426,2023,1197,892,891,0,13,470,235,26.35,74.5
3427,2023,4413,2979,2949,5,21,1640,1263,42.4,67.5
3428,2023,1914,1361,1353,5,13,799,524,38.5,71.1
3429,2023,1255,936,928,4,7,529,362,38.68,74.6
3430,2023,1576,1113,1101,8,24,711,448,40.25,70.6
3431,2023,2033,1240,1231,3,22,651,586,47.26,61.0
3432,2023,1578,1038,1032,0,23,612,457,44.03,65.8
3433,2023,1794,1177,1152,9,49,574,754,64.06,65.6
3434,2023,1825,1252,1251,1,50,683,611,48.8,68.6
3435,2023,2858,1912,1904,9,20,1031,870,45.5,66.9
3436,2023,4548,2606,2594,1,32,1226,1057,40.56,57.3
3437,2023,4536,2726,2689,21,75,1367,1192,43.73,60.1
3438,2023,2477,1578,1561,7,27,787,445,28.2,63.7
3439,2023,3549,2229,2217,3,28,1004,768,34.45,62.8
3440,2023,4055,2453,2436,5,38,1152,1047,42.68,60.5
3441,2023,5079,2880,2848,15,52,1266,1254,43.54,56.7
3442,2023,12058,6873,6846,17,120,2746,2381,34.64,57.0
3443,2023,11178,6349,6299,12,156,2603,1926,30.34,56.8
3446,2023,11099,6959,6931,18,105,3357,2774,39.86,62.7
3447,2023,4550,2598,2577,12,52,1141,1000,38.49,57.1
3448,2023,5297,3189,3178,1,50,1489,1526,47.85,60.2
3449,2023,2360,1416,1404,5,26,892,427,30.16,60.0
3450,2023,1023,656,647,2,26,370,316,48.17,64.1
3451,2023,5164,2923,2909,9,33,1562,1386,47.42,56.6
3452,2023,1714,1054,1042,6,14,615,457,43.36,61.5
3453,2023,2626,1515,1504,7,43,879,631,41.65,57.7
3454,2023,1249,877,868,4,6,683,414,47.21,70.2
3901,2023,22305,13829,13796,9,137,5444,6742,48.75,62.0
3903,2023,21117,12860,12850,32,173,5310,5888,45.79,60.9
3905,2023,46900,28937,28860,44,342,11272,13565,46.88,61.7
3907,2023,52488,29551,29431,16,314,12621,13850,46.87,56.3
3909,2023,39000,23751,23647,52,261,9669,8410,35.41,60.9
3911,2023,21958,14778,14720,29,159,5459,6911,46.77,67.3
4001,2023,29752,17970,17956,14,253,7500,7386,41.1,60.4
4003,2023,45115,25806,25711,37,384,10927,9457,36.65,57.2
4005,2023,10547,6012,5898,7,0,2898,2257,37.54,57.0
4010,2023,1889,1256,1246,7,44,608,480,38.22,66.5
4012,2023,11470,7146,7105,19,94,3620,2691,37.66,62.3
4014,2023,8559,5401,5380,7,63,2771,2304,42.66,63.1
4016,2023,3278,2085,2072,2,38,1033,640,30.7,63.6
4018,2023,5277,3177,3151,19,54,1378,1170,36.83,60.2
4020,2023,8381,4836,4814,9,84,2463,2312,47.81,57.7
4022,2023,2327,1536,1525,6,22,790,575,37.43,66.0
4024,2023,1254,825,817,8,39,418,198,24.0,65.8
4026,2023,4600,2852,2829,6,87,1497,1104,38.71,62.0
4028,2023,1991,1268,1255,13,46,636,388,30.6,63.7
4030,2023,1152,866,864,1,17,520,371,42.84,75.2
4032,2023,979,666,663,1,65,394,240,36.04,68.0
4034,2023,1758,1222,1216,6,20,655,337,27.58,69.5
4036,2023,2981,2000,1992,3,21,1016,644,32.2,67.1
4201,2023,5599,3729,3696,23,40,2159,1375,36.87,66.6
4202,2023,19144,11601,11576,13,114,5378,5802,50.01,60.6
4203,2023,36788,22073,21988,62,175,11280,9352,42.37,60.0
4204,2023,90541,57584,57417,33,596,26873,29458,51.16,63.6
4205,2023,18369,12234,12206,28,73,6910,6149,50.26,66.6
4206,2023,7660,5178,5172,6,46,3160,2633,50.85,67.6
4207,2023,7123,4758,4740,4,28,3354,2483,52.19,66.8
4211,2023,1981,1256,1251,3,29,619,627,49.92,63.4
4212,2023,1664,1260,1240,8,24,738,465,36.9,75.7
4213,2023,5013,3113,3099,7,24,1673,1595,51.24,62.1
4214,2023,4803,2949,2934,8,43,1545,1049,35.57,61.4
4215,2023,8863,5761,5737,13,58,2795,2401,41.68,65.0
4216,2023,4065,2488,2477,8,28,1472,1172,47.11,61.2
4217,2023,1420,944,933,4,23,665,411,43.54,66.5
4218,2023,1010,701,704,0,11,430,188,26.82,69.4
4219,2023,2894,1832,1826,3,17,1080,854,46.62,63.3
4220,2023,932,667,662,4,5,456,254,38.08,71.6
4221,2023,969,662,658,2,17,433,247,37.31,68.3
4222,2023,793,564,564,0,4,398,256,45.39,71.1
4223,2023,11869,7145,7116,17,71,3765,2578,36.08,60.2
4224,2023,714,530,530,0,7,382,254,47.92,74.2
4225,2023,8051,5354,5340,4,26,3475,2483,46.38,66.5
4226,2023,1342,1044,1044,0,11,854,362,34.67,77.8
4227,2023,4671,3167,3162,5,23,2083,1430,45.15,67.8
4228,2023,1399,1107,1106,0,9,846,610,55.1,79.1
4601,2023,232067,148755,148116,91,1482,50634,81972,55.11,64.1
4602,2023,13289,8146,8078,2,141,4881,3788,46.5,61.3
4611,2023,3158,2173,2164,5,6,1375,831,38.24,68.8
4612,2023,4374,2974,2961,8,23,1855,1380,46.4,68.0
4613,2023,9275,6344,6323,10,64,3796,2489,39.23,68.4
4614,2023,14607,9334,9304,29,104,4373,4172,44.7,63.9
4615,2023,2469,1790,1770,6,17,1035,656,36.65,72.5
4616,2023,2290,1699,1688,6,19,984,827,48.68,74.2
4617,2023,10390,6587,6566,1,98,3256,3552,53.92,63.4
4618,2023,8705,6041,6026,11,37,3745,3310,54.79,69.4
4619,2023,733,569,566,2,14,412,250,43.94,77.6
4620,2023,846,635,634,2,13,382,331,52.13,75.1
4621,2023,12618,8353,8314,14,82,3780,4363,52.23,66.2
4622,2023,6665,4712,4697,16,25,2708,1937,41.11,70.7
4623,2023,1957,1417,1410,3,9,862,603,42.55,72.4
4624,2023,19621,13499,13478,19,107,6779,6643,49.21,68.8
4625,2023,3909,2850,2843,5,9,1922,1266,44.42,72.9
4626,2023,30195,18902,18774,40,224,8092,9411,49.79,62.6
4627,2023,22622,14501,14441,51,167,5143,7473,51.53,64.1
4628,2023,3055,2181,2178,7,17,1187,992,45.48,71.4
4629,2023,286,221,219,1,2,165,82,37.1,77.3
4630,2023,6387,4375,4359,15,44,2263,1867,42.67,68.5
4631,2023,23096,14989,14930,44,185,6762,5659,37.75,64.9
4632,2023,2276,1420,1428,7,21,738,654,46.06,62.4
4633,2023,408,344,342,0,5,198,178,51.74,84.3
4634,2023,1303,1011,1004,6,8,642,557,55.09,77.6
4635,2023,1768,1287,1280,5,13,933,560,43.51,72.8
4636,2023,625,409,408,1,13,264,233,56.97,65.4
4637,2023,1061,700,693,7,14,373,414,59.14,66.0
4638,2023,3245,2223,2209,6,23,1298,716,32.21,68.5
4639,2023,2011,1406,1404,6,10,842,519,36.91,69.9
4640,2023,9429,6374,6346,11,65,3929,2927,45.92,67.6
4641,2023,1404,1018,1013,5,14,742,408,40.08,72.5
4642,2023,1697,1191,1190,1,14,723,542,45.51,70.2
4643,2023,4201,2567,2544,13,179,1586,1033,40.24,61.1
4644,2023,4091,2937,2932,2,23,2035,1561,53.15,71.8
4645,2023,2297,1507,1489,13,26,967,578,38.35,65.6
4646,2023,2107,1424,1414,7,16,965,491,34.48,67.6
4647,2023,17134,11154,11117,20,124,6191,4997,44.8,65.1
4648,2023,2792,1876,1862,6,9,1265,743,39.61,67.2
4649,2023,7458,4803,4782,6,54,2921,1953,40.66,64.4
4650,2023,4586,3215,3206,8,38,1921,1476,45.91,70.1
4651,2023,5491,3388,3370,10,23,2157,1524,44.98,61.7
5001,2023,168963,111009,110651,83,1298,41216,68341,61.56,65.7
5006,2023,19118,12121,12067,24,114,5360,5358,44.2,63.4
5007,2023,11937,7246,7138,30,84,3432,3402,46.95,60.7
5014,2023,3989,2226,2217,8,28,1289,1109,49.82,55.8
5020,2023,740,530,518,8,6,364,215,40.57,71.6
5021,2023,5643,3730,3723,8,54,2254,1970,52.82,66.1
5022,2023,1972,1288,1275,8,25,719,779,60.48,65.3
5025,2023,4567,3220,3206,10,53,1636,1507,46.8,70.5
5026,2023,1626,1229,1220,6,20,597,380,30.92,75.6
5027,2023,4752,3032,3013,18,40,1627,921,30.38,63.8
5028,2023,13391,8423,8387,22,114,3793,3547,42.11,62.9
5029,2023,6326,4093,4055,22,66,1719,1453,35.5,64.7
5031,2023,11035,7327,7280,25,79,2728,3675,50.16,66.4
5032,2023,3361,2198,2179,13,30,1131,998,45.4,65.4
5033,2023,632,488,486,1,19,302,211,43.24,77.2
5034,2023,1943,1236,1232,5,20,754,615,49.76,63.6
5035,2023,19261,12231,12173,28,112,5317,6870,56.17,63.5
5036,2023,2096,1413,1405,8,15,744,546,38.64,67.4
5037,2023,15909,9752,9722,12,123,3932,4699,48.18,61.3
5038,2023,12065,7480,7432,3,74,3468,4040,54.01,62.0
5041,2023,1637,1203,1199,5,19,662,500,41.56,73.5
5042,2023,1085,726,721,0,6,446,253,34.85,66.9
5043,2023,348,290,291,2,9,220,156,53.79,83.4
5044,2023,649,457,450,1,6,345,201,43.98,70.4
5045,2023,1808,1166,1161,1,23,560,502,43.05,64.5
5046,2023,939,705,707,1,12,368,210,29.79,75.1
5047,2023,2896,1865,1858,9,26,873,621,33.3,64.4
5049,2023,911,700,684,3,5,429,268,38.29,76.8
5052,2023,460,363,362,0,2,241,168,46.28,78.9
5053,2023,5396,3691,3657,33,89,1551,1426,38.63,68.4
5054,2023,7899,5095,5048,3,30,2798,2774,54.45,64.5
5055,2023,4713,3082,3063,10,25,1637,1343,43.58,65.4
5056,2023,4122,2403,2385,7,28,1393,1091,45.4,58.3
5057,2023,8245,5038,5005,17,129,2831,2241,44.48,61.1
5058,2023,3429,2328,2319,5,21,1464,1173,50.39,67.9
5059,2023,14852,8807,8784,24,71,4386,3351,38.05,59.3
5060,2023,7629,4684,4662,11,54,3064,2484,53.03,61.4
5061,2023,1594,1052,1048,1,26,572,367,34.89,66.0
5501,2023,61483,39103,38937,80,499,17508,17366,44.41,63.6
5503,2023,19939,11724,11688,48,147,5730,6840,58.34,58.8
5510,2023,2255,1371,1360,11,24,825,443,32.31,60.8
5512,2023,3434,2277,2260,12,31,1421,1022,44.88,66.3
5514,2023,1057,707,728,4,13,545,400,56.58,66.9
5516,2023,866,567,564,0,5,375,366,64.55,65.5
5518,2023,779,517,515,2,13,306,199,38.49,66.4
5520,2023,3129,2087,2076,9,54,1271,828,39.67,66.7
5522,2023,1674,1018,1013,0,26,522,365,35.85,60.8
5524,2023,5336,3148,3141,5,86,1780,921,29.26,59.0
5526,2023,2731,1693,1680,5,41,961,617,36.44,62.0
5528,2023,888,604,593,2,9,340,205,33.94,68.0
5530,2023,11697,6597,6570,4,77,3442,3070,46.54,56.4
5532,2023,4488,2675,2665,8,67,1382,697,26.06,59.6
5534,2023,1821,1187,1176,15,15,799,459,38.67,65.2
5536,2023,2266,1552,1540,8,14,1120,693,44.65,68.5
5538,2023,1523,1077,1074,4,16,766,426,39.55,70.7
5540,2023,1667,1065,1062,2,16,683,306,28.73,63.9
5542,2023,2178,1396,1394,2,11,1094,670,47.99,64.1
5544,2023,3774,2291,2274,9,38,1281,920,40.16,60.7
5546,2023,941,617,612,2,11,433,297,48.14,65.6
5601,2023,16300,9079,9009,23,246,5828,5010,55.18,55.7
5603,2023,8884,5126,5080,16,118,3260,2943,57.41,57.7
5605,2023,8008,4725,4686,2,93,2861,2123,44.93,59.0
5607,2023,4548,2856,2834,0,87,1525,1543,54.03,62.8
5610,2023,2133,1331,1318,10,34,912,665,49.96,62.4
5612,2023,2232,1502,1494,6,13,1123,770,51.26,67.3
5614,2023,715,474,468,4,10,350,209,44.09,66.3
5616,2023,793,600,597,3,5,434,271,45.17,75.7
5618,2023,896,519,513,5,7,318,322,62.04,57.9
5620,2023,2450,1546,1526,8,46,1001,751,48.58,63.1
5622,2023,3212,2078,2058,12,34,1252,913,43.94,64.7
5624,2023,998,650,646,2,9,425,408,62.77,65.1
5626,2023,853,575,577,7,10,433,232,40.35,67.4
5628,2023,2313,1487,1477,3,28,991,604,40.62,64.3
5630,2023,737,494,493,2,20,298,199,40.28,67.0
5632,2023,1696,936,930,3,17,705,417,44.55,55.2
5634,2023,1543,924,948,15,19,583,374,40.48,59.9
5636,2023,704,563,563,1,11,448,372,66.07,80.0
