kom2024,navn,periode,t0,t1,fylke,landsdel,sent_klasse,sent_indeks,estimert,vekt_stemmer_t0,ap_t0,ap_t1,d_ap,frp_t0,frp_t1,d_frp,h_t0,h_t1,d_h,krf_t0,krf_t1,d_krf,sp_t0,sp_t1,d_sp,sv_t0,sv_t1,d_sv,v_t0,v_t1,d_v,mdg_t0,mdg_t1,d_mdg,rodt_t0,rodt_t1,d_rodt,andre_t0,andre_t1,d_andre,d_sp_frp,kv_sp_t0,kv_d_sp,bef_t0,ln_bef_t0,vekst4_pst,vekst10_pst,nettoinnfl_per1000,fodselsovsk_per1000,andel_67p_t0,andel_19_34_t0,d_andel_67p,andel_hoyutd_t0,inntekt_median_t0,andel_primaer_t0,andel_industri_t0,andel_offentlig_t0,reform_2017_20,d_ap_forrige,d_sp_forrige,d_h_forrige,h_resid_forrige,par
0301,Oslo - Oslove,1997-2001,1997,2001,Oslo,Oslo/Akershus,1,1000,False,294668.0,33.37,22.41,-10.96,17.93,13.0,-4.93,21.71,29.06,7.35,6.82,6.07,-0.75,1.28,0.69,-0.59,8.81,16.89,8.08,4.23,5.93,1.7,0.44,0.23,-0.21,3.99,2.97,-1.02,1.42,2.75,1.33,-5.52,1.48,-0.91,494793.0,13.1119,2.8159,10.1988,10.8995,19.0585,14.7247,28.1223,-1.4154,30.7893,,,,,0,-3.23,-3.11,-5.71,-0.4460960491341872,1993-1997→1997-2001
1101,Eigersund,1997-2001,1997,2001,Rogaland,Vestlandet,4,747,False,7324.0,31.17,22.01,-9.16,15.51,14.4,-1.11,11.16,22.01,10.85,19.65,18.95,-0.7,6.8,4.21,-2.59,2.38,5.47,3.09,11.84,9.98,-1.86,0.03,0.03,0.0,0.45,0.21,-0.24,1.02,2.73,1.71,-3.7,11.2,-3.65,12904.0,9.4653,2.9991,7.2028,9.4544,20.3038,12.8797,22.4659,-0.3901,11.8025,,,,,0,-0.34,-11.69,-4.08,-1.6955668208205261,1993-1997→1997-2001
1103,Stavanger,1997-2001,1997,2001,Rogaland,Vestlandet,2,890,False,64585.0,30.54,19.82,-10.72,18.55,15.8,-2.75,18.0,27.42,9.42,14.48,14.05,-0.43,3.88,2.52,-1.36,5.74,11.63,5.89,5.89,5.12,-0.77,0.2,0.18,-0.02,1.4,0.96,-0.44,1.32,2.52,1.2,-4.11,5.15,-2.6,111324.0,11.6202,3.1853,10.9469,2.1559,29.9935,12.3459,25.768,-0.5004,24.6671,,,,,1,-2.93,-6.39,-2.47,1.1113447827185245,1993-1997→1997-2001
1106,Haugesund,1997-2001,1997,2001,Rogaland,Vestlandet,3,836,False,17302.0,31.43,21.12,-10.31,21.95,23.35,1.4,15.4,23.86,8.46,15.69,12.33,-3.36,2.53,1.22,-1.31,4.05,9.61,5.56,6.35,4.5,-1.85,0.14,0.15,0.01,0.84,0.51,-0.33,1.62,3.35,1.73,0.09,3.11,-1.29,29385.0,10.2882,4.1654,10.1519,26.0337,15.7904,15.6542,24.2505,-0.9756,19.1526,,,,,0,-2.41,-7.27,-2.23,0.6799860181837936,1993-1997→1997-2001
1108,Sandnes,1997-2001,1997,2001,Rogaland,Vestlandet,2,882,False,29439.0,28.38,17.88,-10.5,19.38,18.16,-1.22,15.09,24.17,9.08,18.83,18.93,0.1,6.18,4.19,-1.99,3.73,8.59,4.86,5.54,4.43,-1.11,0.19,0.18,-0.01,0.95,0.59,-0.36,1.73,2.89,1.16,-3.21,9.56,-4.62,50974.0,10.8391,7.6882,19.3767,38.0194,39.1965,10.2994,24.6949,-0.2325,18.6838,,,,,1,-1.91,-9.71,-2.69,0.1619569124147615,1993-1997→1997-2001
1111,Sokndal,1997-2001,1997,2001,Rogaland,Vestlandet,5,652,False,2074.0,24.98,17.64,-7.34,20.64,21.99,1.35,8.73,16.54,7.81,26.62,24.14,-2.48,9.06,5.13,-3.93,2.75,4.97,2.22,5.21,6.18,0.97,0.05,0.05,0.0,0.48,0.16,-0.32,1.49,3.19,1.7,-2.58,12.64,-3.47,3484.0,8.1559,-3.7313,-2.8671,-39.6096,2.2962,17.4225,20.8955,-0.0701,9.0469,,,,,0,0.12,-16.13,-2.83,-1.2673708293873416,1993-1997→1997-2001
1112,Lund,1997-2001,1997,2001,Rogaland,Vestlandet,5,625,False,1806.0,22.37,16.76,-5.61,14.23,16.36,2.13,9.69,14.79,5.1,28.96,25.99,-2.97,14.01,11.31,-2.7,1.77,4.76,2.99,6.31,5.45,-0.86,0.0,0.12,0.12,1.16,0.46,-0.7,1.5,4.0,2.5,-0.57,22.4,-3.79,3091.0,8.0362,0.7441,0.9073,-5.8234,13.2643,15.2054,21.1582,-1.0757,12.8935,,,,,0,-1.56,-14.72,-3.22,-1.3023326216271318,1993-1997→1997-2001
1114,Bjerkreim,1997-2001,1997,2001,Rogaland,Vestlandet,4,687,False,1476.0,12.53,7.2,-5.33,9.49,9.86,0.37,6.1,12.8,6.7,32.86,34.9,2.04,31.1,23.22,-7.88,2.24,4.13,1.89,4.34,5.17,0.83,0.07,0.07,0.0,0.47,0.21,-0.26,0.81,2.45,1.64,-7.51,46.4,-12.04,2449.0,7.8034,1.3883,4.6355,-7.7583,22.0498,14.0057,22.5398,-0.7959,10.5753,,,,,0,0.63,-19.83,-0.41,-0.1736289396723674,1993-1997→1997-2001
1119,Hå,1997-2001,1997,2001,Rogaland,Vestlandet,4,773,False,7766.0,19.82,11.88,-7.94,14.78,16.87,2.09,9.22,14.38,5.16,30.16,31.52,1.36,19.5,13.06,-6.44,2.21,5.34,3.13,2.97,3.3,0.33,0.1,0.05,-0.05,0.39,0.25,-0.14,0.85,3.36,2.51,-4.35,24.81,-5.49,13356.0,9.4997,4.9491,7.6409,10.1078,39.7574,10.7517,23.8245,-0.1717,11.1044,,,,,0,0.55,-16.82,-0.45,0.5435707904688625,1993-1997→1997-2001
1120,Klepp,1997-2001,1997,2001,Rogaland,Vestlandet,3,851,False,7510.0,20.87,13.12,-7.75,18.71,20.01,1.3,13.56,20.15,6.59,23.02,23.29,0.27,14.57,9.86,-4.71,2.53,5.83,3.3,5.3,5.0,-0.3,0.07,0.07,0.0,0.45,0.2,-0.25,0.93,2.46,1.53,-3.41,28.73,-10.54,12950.0,9.4689,7.2124,16.9573,18.8417,52.7413,8.1853,26.4788,0.04,12.9988,,,,,0,-1.4,-17.57,-0.99,1.1233190810246254,1993-1997→1997-2001
1121,Time,1997-2001,1997,2001,Rogaland,Vestlandet,3,836,False,7576.0,24.58,16.64,-7.94,14.9,14.76,-0.14,13.38,19.27,5.89,23.56,24.15,0.59,12.26,9.68,-2.58,3.74,7.65,3.91,5.73,4.59,-1.14,0.13,0.05,-0.08,0.75,0.43,-0.32,0.96,2.79,1.83,-2.72,19.63,-5.34,12893.0,9.4644,4.7157,11.9579,8.2215,39.8666,9.6099,23.7028,0.0265,17.1266,,,,,0,-0.25,-14.24,-2.08,0.25666752013966043,1993-1997→1997-2001
1122,Gjesdal,1997-2001,1997,2001,Rogaland,Vestlandet,3,792,False,4538.0,30.59,18.15,-12.44,13.77,15.52,1.75,10.31,18.36,8.05,25.32,25.89,0.57,10.42,7.7,-2.72,3.26,7.25,3.99,4.25,3.72,-0.53,0.2,0.11,-0.09,0.42,0.28,-0.14,1.45,3.03,1.58,-0.97,19.96,-8.92,8360.0,9.0312,7.5957,20.2379,29.6651,46.2919,8.0861,25.0718,-0.4374,12.7848,,,,,0,-0.55,-13.61,-0.15,0.8658787185859599,1993-1997→1997-2001
1124,Sola,1997-2001,1997,2001,Rogaland,Vestlandet,2,878,False,10160.0,23.51,13.42,-10.09,23.86,21.72,-2.14,18.71,28.14,9.43,17.8,18.26,0.46,6.75,4.2,-2.55,2.7,6.92,4.22,4.25,4.06,-0.19,0.12,0.09,-0.03,0.63,0.42,-0.21,1.67,2.78,1.11,-4.69,13.42,-6.76,18182.0,9.8082,4.6255,19.0277,2.64,43.6696,7.6614,24.9258,0.5602,18.7861,,,,,0,-1.77,-11.37,-1.33,2.0695791625187456,1993-1997→1997-2001
1127,Randaberg,1997-2001,1997,2001,Rogaland,Vestlandet,3,867,False,4901.0,25.55,15.45,-10.1,16.98,15.33,-1.65,15.75,23.86,8.11,23.4,23.18,-0.22,7.81,5.62,-2.19,3.2,7.57,4.37,5.28,5.43,0.15,0.14,0.06,-0.08,0.92,0.6,-0.32,0.96,2.9,1.94,-3.84,18.87,-3.84,8445.0,9.0413,3.7537,14.0737,-8.7626,46.5364,6.5956,25.7904,0.5375,17.8027,,,,,0,-0.95,-11.25,-0.41,2.0512262983600245,1993-1997→1997-2001
1130,Strand,1997-2001,1997,2001,Rogaland,Vestlandet,3,787,False,5517.0,25.14,15.92,-9.22,17.15,16.64,-0.51,9.04,16.37,7.33,30.11,28.4,-1.71,8.27,5.71,-2.56,3.81,9.12,5.31,4.62,4.08,-0.54,0.11,0.07,-0.04,0.4,0.34,-0.06,1.36,3.34,1.98,-3.07,8.54,-1.86,9792.0,9.1893,3.9828,6.7855,11.3358,28.3905,12.3672,22.498,-0.2478,12.5222,,,,,0,-2.58,-12.86,-2.18,-0.8208366217582244,1993-1997→1997-2001
1133,Hjelmeland,1997-2001,1997,2001,Rogaland,Vestlandet,5,593,False,1664.0,11.66,7.0,-4.66,9.68,8.95,-0.73,8.71,12.8,4.09,24.88,28.88,4.0,32.39,28.25,-4.14,2.76,5.67,2.91,8.11,5.49,-2.62,0.42,0.13,-0.29,0.42,0.44,0.02,0.96,2.4,1.44,-4.87,32.79,-5.07,2762.0,7.9237,-0.6155,-2.3826,-11.5858,5.0688,17.958,19.189,-0.3259,13.743,,,,,0,1.38,-14.55,-0.65,0.4139191656472293,1993-1997→1997-2001
1134,Suldal,1997-2001,1997,2001,Rogaland,Vestlandet,6,518,False,2417.0,19.98,15.41,-4.57,8.32,10.22,1.9,5.3,8.78,3.48,22.96,22.53,-0.43,28.18,21.92,-6.26,5.96,10.09,4.13,7.16,6.81,-0.35,0.0,0.17,0.17,1.03,0.39,-0.64,1.12,3.67,2.55,-4.36,29.39,-2.32,4106.0,8.3202,-1.5587,-2.2964,-22.1627,7.0628,16.9995,20.7258,-0.1514,14.169,,,,,0,-0.83,-13.11,-1.26,-0.8442997090209474,1993-1997→1997-2001
1135,Sauda,1997-2001,1997,2001,Rogaland,Vestlandet,5,604,False,3203.0,35.87,28.51,-7.36,12.46,15.16,2.7,9.58,13.7,4.12,19.51,16.1,-3.41,9.05,7.18,-1.87,5.37,12.08,6.71,5.09,3.99,-1.1,0.16,0.13,-0.03,1.53,0.58,-0.95,1.37,2.56,1.19,0.83,21.84,-9.51,5166.0,8.5499,-2.8455,-5.0511,-30.391,2.3229,17.0538,19.2605,1.4758,13.9269,,,,,0,-1.89,-10.99,2.85,3.27473764893103,1993-1997→1997-2001
1144,Kvitsøy,1997-2001,1997,2001,Rogaland,Vestlandet,6,525,False,336.0,22.92,15.03,-7.89,12.2,13.73,1.53,7.44,13.73,6.29,38.69,31.05,-7.64,5.65,3.59,-2.06,3.87,5.56,1.69,7.14,7.19,0.05,0.6,1.31,0.71,0.89,0.98,0.09,0.6,7.84,7.24,-0.53,0.0,0.0,518.0,6.25,2.1236,10.2083,11.583,9.6525,14.4788,18.5328,2.7235,11.4428,,,,,0,-3.7,-10.58,-6.85,-4.556461222854784,1993-1997→1997-2001
1145,Bokn,1997-2001,1997,2001,Rogaland,Vestlandet,5,624,False,469.0,17.91,9.29,-8.62,14.29,15.27,0.98,13.01,15.27,2.26,29.0,25.22,-3.78,19.4,13.27,-6.13,2.56,7.3,4.74,2.13,3.54,1.41,0.21,0.44,0.23,0.64,0.22,-0.42,0.85,10.18,9.33,-5.15,40.93,-7.6,771.0,6.6477,2.7237,7.6087,18.1582,9.0791,15.6939,22.4384,-0.6687,9.0461,,,,,0,3.06,-26.23,2.09,3.475005231520663,1993-1997→1997-2001
1146,Tysvær,1997-2001,1997,2001,Rogaland,Vestlandet,4,724,False,4734.0,24.23,15.62,-8.61,17.7,20.38,2.68,10.03,16.66,6.63,25.37,23.23,-2.14,11.83,8.08,-3.75,1.86,6.42,4.56,6.78,4.99,-1.79,0.21,0.23,0.02,0.49,0.19,-0.3,1.5,4.2,2.7,-1.07,18.6,-6.0,8393.0,9.0352,6.148,11.7256,25.8549,34.91,10.1275,23.0073,-0.3845,12.8259,,,,,0,1.8,-19.69,-0.25,0.8932078755342909,1993-1997→1997-2001
1149,Karmøy,1997-2001,1997,2001,Rogaland,Vestlandet,4,758,False,19831.0,27.09,16.34,-10.75,23.17,26.88,3.71,10.71,18.17,7.46,25.47,22.0,-3.47,4.76,2.43,-2.33,2.58,6.48,3.9,4.1,3.5,-0.6,0.07,0.03,-0.04,0.5,0.21,-0.29,1.56,3.97,2.41,1.38,7.04,-3.58,36041.0,10.4924,3.0632,5.7328,2.8579,27.6907,10.9292,23.6675,-0.0583,12.4346,,,,,0,-0.3,-11.47,-1.6,0.060734585800058305,1993-1997→1997-2001
1151,Utsira,1997-2001,1997,2001,Rogaland,Vestlandet,6,293,False,135.0,37.78,27.07,-10.71,11.85,3.76,-8.09,9.63,12.03,2.4,16.3,20.3,4.0,14.07,10.53,-3.54,1.48,9.02,7.54,7.41,6.02,-1.39,0.0,0.0,0.0,1.48,3.01,1.53,0.0,8.27,8.27,-11.63,0.0,0.0,214.0,5.366,8.4112,0.8696,79.4393,4.6729,23.3645,21.4953,-5.261,15.7895,,,,,0,3.65,-14.5,-9.42,-5.705682537464476,1993-1997→1997-2001
1160,Vindafjord,1997-2001,1997,2001,Rogaland,Vestlandet,5,643,False,4681.0,20.47,12.85,-7.62,11.28,16.46,5.18,8.25,13.94,5.69,27.49,26.53,-0.96,23.07,15.8,-7.27,3.08,6.42,3.34,4.79,4.18,-0.61,0.04,0.02,-0.02,0.36,0.4,0.04,1.17,3.41,2.24,-2.09,26.11,-9.66,8109.0,9.0007,0.4686,1.5076,-11.2221,16.0316,15.9946,21.7536,-0.406,12.0837,,,,,0,1.62,-20.39,-1.89,-0.69033546675235,1993-1997→1997-2001
1505,Kristiansund,1997-2001,1997,2001,Møre og Romsdal,Vestlandet,4,749,False,12945.0,40.27,30.86,-9.41,14.58,17.56,2.98,17.33,19.1,1.77,9.39,7.91,-1.48,2.89,1.57,-1.32,4.94,10.88,5.94,8.57,8.57,0.0,0.21,0.0,-0.21,0.91,0.56,-0.35,0.9,2.99,2.09,1.66,2.54,2.51,22076.0,10.0022,1.1007,1.1145,7.746,3.5785,14.7536,21.888,-0.6759,15.6008,,,,,0,-6.44,-8.11,1.29,3.9226440737321626,1993-1997→1997-2001
1506,Molde,1997-2001,1997,2001,Møre og Romsdal,Vestlandet,4,740,False,16935.0,30.28,21.2,-9.08,12.77,13.73,0.96,10.1,16.68,6.58,23.8,20.49,-3.31,7.07,4.97,-2.1,5.89,11.42,5.53,7.42,8.07,0.65,0.11,0.0,-0.11,0.92,0.82,-0.1,1.65,2.6,0.95,-1.14,17.32,-3.94,28586.0,10.2607,1.4762,4.881,3.3583,11.4392,14.8954,21.7519,-0.2891,21.209,,,,,1,-1.09,-13.43,-3.3,-1.3670153402481044,1993-1997→1997-2001
1508,Ålesund,1997-2001,1997,2001,Møre og Romsdal,Vestlandet,3,800,False,26021.0,26.19,16.77,-9.42,20.85,22.6,1.75,14.52,23.49,8.97,20.17,17.5,-2.67,4.04,2.23,-1.81,5.09,8.78,3.69,5.64,4.5,-1.14,0.1,0.0,-0.1,0.88,0.43,-0.45,2.52,3.69,1.17,-0.06,6.96,-2.48,44425.0,10.7016,3.8582,8.0235,19.2234,19.8762,14.0754,23.2167,-0.3777,19.008,,,,,1,-5.43,-9.85,-4.63,-1.2938329729064746,1993-1997→1997-2001
1511,Vanylven,1997-2001,1997,2001,Møre og Romsdal,Vestlandet,6,535,False,2171.0,19.99,13.55,-6.44,11.42,16.74,5.32,8.01,10.76,2.75,31.64,23.54,-8.1,18.47,10.6,-7.87,1.84,5.12,3.28,7.55,4.72,-2.83,0.0,0.0,0.0,0.32,0.41,0.09,0.74,14.56,13.82,-2.55,21.94,-5.12,3704.0,8.2172,-4.6436,-10.287,-50.7559,4.0497,17.0896,21.7333,-0.272,9.9354,,,,,0,-0.83,-17.81,-0.98,0.04179521274444631,1993-1997→1997-2001
1514,Sande,1997-2001,1997,2001,Møre og Romsdal,Vestlandet,6,560,False,1918.0,17.67,10.14,-7.53,13.4,18.89,5.49,10.17,14.63,4.46,36.24,30.75,-5.49,12.62,6.81,-5.81,2.03,7.26,5.23,5.89,4.76,-1.13,0.1,0.0,-0.1,0.73,0.33,-0.4,1.15,6.43,5.28,-0.32,5.69,-0.13,3136.0,8.0507,-3.125,-7.9673,-30.9311,0.0,16.4541,21.1416,0.3333,10.1002,,,,,0,-1.45,-19.81,-0.46,0.9839302291781626,1993-1997→1997-2001
1515,Herøy (Møre og Romsdal),1997-2001,1997,2001,Møre og Romsdal,Vestlandet,5,664,False,4826.0,21.11,12.95,-8.16,18.05,20.86,2.81,10.46,19.19,8.73,35.79,30.32,-5.47,6.63,3.08,-3.55,1.82,5.26,3.44,4.75,3.92,-0.83,0.0,0.0,0.0,0.29,0.09,-0.2,1.1,4.33,3.23,-0.74,9.45,-6.05,8330.0,9.0276,0.3481,2.6652,-13.9256,17.527,13.7335,23.0012,0.2634,10.8702,,,,,0,-2.59,-16.31,-2.19,-0.3895894589907525,1993-1997→1997-2001
1516,Ulstein,1997-2001,1997,2001,Møre og Romsdal,Vestlandet,4,719,False,3674.0,23.03,15.23,-7.8,15.0,18.25,3.25,13.85,21.89,8.04,31.11,25.6,-5.51,7.59,3.91,-3.68,3.24,7.1,3.86,4.76,4.47,-0.29,0.0,0.0,0.0,0.35,0.31,-0.04,1.06,3.25,2.19,-0.43,14.23,-6.47,6295.0,8.7475,5.0834,15.0235,7.3074,42.5735,11.0405,25.56,-0.3376,18.3987,,,,,0,-3.16,-14.35,-1.43,0.9265236318160117,1993-1997→1997-2001
1517,Hareid,1997-2001,1997,2001,Møre og Romsdal,Vestlandet,4,683,False,2686.0,19.21,14.25,-4.96,19.92,22.83,2.91,12.84,19.98,7.14,26.58,20.14,-6.44,9.42,4.29,-5.13,3.8,7.3,3.5,5.96,6.32,0.36,0.07,0.0,-0.07,0.74,0.35,-0.39,1.45,4.53,3.08,-2.22,8.35,-2.19,4709.0,8.4572,1.1467,5.7974,-6.7955,18.2629,14.1219,23.0835,-0.0551,13.5922,,,,,0,-3.76,-14.4,-1.12,0.9608459413669128,1993-1997→1997-2001
1520,Ørsta,1997-2001,1997,2001,Møre og Romsdal,Vestlandet,4,718,False,6044.0,23.64,16.1,-7.54,12.95,16.26,3.31,9.03,13.93,4.9,24.92,21.0,-3.92,16.89,11.68,-5.21,4.53,10.55,6.02,5.87,5.87,0.0,0.18,0.0,-0.18,0.63,0.4,-0.23,1.34,4.22,2.88,-1.9,29.76,-6.42,10333.0,9.2431,-0.7162,0.1073,-12.1939,5.9034,15.9295,22.433,-0.1678,15.0464,,,,,0,0.9,-15.91,-0.06,0.845258274217566,1993-1997→1997-2001
1525,Stranda,1997-2001,1997,2001,Møre og Romsdal,Vestlandet,5,628,False,2750.0,22.76,15.04,-7.72,12.95,20.83,7.88,8.69,14.34,5.65,25.6,21.38,-4.22,16.0,11.0,-5.0,2.29,6.14,3.85,10.65,6.57,-4.08,0.04,0.0,-0.04,0.29,0.19,-0.1,0.73,4.51,3.78,2.88,26.42,-6.23,4592.0,8.4321,1.3937,1.3275,-1.9599,16.9861,16.7247,22.5828,0.2211,13.6077,,,,,0,-2.27,-17.36,-3.52,-1.758261436653625,1993-1997→1997-2001
1528,Sykkylven,1997-2001,1997,2001,Møre og Romsdal,Vestlandet,4,695,False,4166.0,22.76,15.47,-7.29,15.29,17.57,2.28,10.68,17.3,6.62,29.26,24.01,-5.25,10.97,7.44,-3.53,3.12,8.08,4.96,6.1,5.07,-1.03,0.1,0.0,-0.1,0.58,0.2,-0.38,1.15,4.87,3.72,-1.25,18.52,-5.48,7096.0,8.8673,4.0445,7.202,13.3878,26.4938,13.9233,23.5062,-0.3245,14.0291,,,,,0,-2.97,-13.66,-2.77,-0.7957239113220524,1993-1997→1997-2001
1531,Sula,1997-2001,1997,2001,Møre og Romsdal,Vestlandet,4,737,False,4038.0,23.35,15.15,-8.2,19.91,23.39,3.48,11.29,18.8,7.51,30.81,24.51,-6.3,4.48,2.73,-1.75,2.82,6.74,3.92,4.73,3.53,-1.2,0.05,0.0,-0.05,0.4,0.15,-0.25,2.15,5.01,2.86,1.73,5.17,-2.15,6861.0,8.8336,3.0899,5.206,8.8908,21.717,13.5695,21.236,0.5264,13.6054,,,,,0,-4.55,-10.86,-3.45,-1.147639119649357,1993-1997→1997-2001
1532,Giske,1997-2001,1997,2001,Møre og Romsdal,Vestlandet,4,714,False,3570.0,17.25,9.45,-7.8,15.21,21.15,5.94,10.87,19.54,8.67,35.99,30.04,-5.95,7.0,4.11,-2.89,2.52,5.56,3.04,8.49,6.5,-1.99,0.08,0.0,-0.08,0.48,0.25,-0.23,2.1,3.39,1.29,3.05,20.21,-8.89,6198.0,8.732,3.1784,3.0953,2.4201,29.5257,12.8267,21.991,-0.3169,12.3619,,,,,0,-3.16,-19.05,-2.49,-0.5162122558387465,1993-1997→1997-2001
1535,Vestnes,1997-2001,1997,2001,Møre og Romsdal,Vestlandet,5,644,False,3624.0,24.75,16.83,-7.92,15.59,15.45,-0.14,9.66,17.18,7.52,25.91,23.12,-2.79,12.8,8.33,-4.47,2.92,8.65,5.73,6.32,5.22,-1.1,0.08,0.0,-0.08,0.36,0.72,0.36,1.6,4.5,2.9,-4.61,22.13,-3.72,6512.0,8.7814,-0.3993,1.1383,-7.8317,3.8391,14.957,21.7752,-0.5259,11.005,,,,,0,-3.26,-15.58,-0.92,0.3819642993343525,1993-1997→1997-2001
1539,Rauma,1997-2001,1997,2001,Møre og Romsdal,Vestlandet,5,627,False,4473.0,28.26,21.52,-6.74,15.02,16.23,1.21,9.7,14.22,4.52,22.74,21.2,-1.54,13.39,9.06,-4.33,4.0,8.15,4.15,4.92,5.12,0.2,0.22,0.0,-0.22,0.74,0.26,-0.48,1.01,4.23,3.22,-3.12,25.63,-8.44,7646.0,8.9419,-2.9296,-5.1502,-22.2338,-6.5394,17.8656,21.0044,0.2428,11.8605,,,,,0,-0.12,-14.97,-1.94,-0.32911768580783995,1993-1997→1997-2001
1547,Aukra,1997-2001,1997,2001,Møre og Romsdal,Vestlandet,5,616,False,1755.0,22.74,14.58,-8.16,13.11,15.84,2.73,6.84,13.8,6.96,30.37,28.43,-1.94,10.83,5.72,-5.11,4.33,9.34,5.01,9.69,7.59,-2.1,0.0,0.0,0.0,0.63,0.12,-0.51,1.48,4.58,3.1,-2.38,30.37,-9.55,2988.0,8.0024,-0.6693,-0.3693,-15.3949,8.7015,14.5917,20.3146,0.1657,13.4951,,,,,0,-1.34,-16.68,-3.15,-1.9555332101222649,1993-1997→1997-2001
1554,Averøy,1997-2001,1997,2001,Møre og Romsdal,Vestlandet,5,611,False,3262.0,27.77,21.11,-6.66,11.31,14.51,3.2,4.69,10.28,5.59,15.57,14.3,-1.27,9.84,5.86,-3.98,2.33,6.57,4.24,27.31,22.95,-4.36,0.0,0.0,0.0,0.43,0.23,-0.2,0.74,4.19,3.45,-0.78,15.62,5.9,5569.0,8.625,-2.5319,-2.2686,-30.8853,5.5665,15.6761,21.7274,-0.5876,10.6373,,,,,0,-6.92,-17.48,-3.37,-2.6558322407917343,1993-1997→1997-2001
1557,Gjemnes,1997-2001,1997,2001,Møre og Romsdal,Vestlandet,5,576,False,1681.0,23.08,18.05,-5.03,8.63,11.78,3.15,4.34,8.71,4.37,28.55,25.48,-3.07,23.5,16.58,-6.92,3.21,7.43,4.22,7.08,8.64,1.56,0.0,0.0,0.0,0.71,0.26,-0.45,0.89,3.07,2.18,-3.77,39.22,-10.59,2770.0,7.9266,-4.1155,-7.5531,-31.4079,-9.7473,17.2563,20.0,-0.6901,12.9322,,,,,0,-0.11,-20.3,-2.78,-2.2474017257400165,1993-1997→1997-2001
1560,Tingvoll,1997-2001,1997,2001,Møre og Romsdal,Vestlandet,5,568,False,1958.0,33.86,27.7,-6.16,8.68,11.69,3.01,7.41,10.34,2.93,18.64,17.58,-1.06,18.13,14.55,-3.58,4.34,7.7,3.36,7.25,7.19,-0.06,0.2,0.0,-0.2,0.82,0.67,-0.15,0.66,2.58,1.92,-0.57,29.36,1.28,3142.0,8.0526,-0.4456,-9.0962,6.0471,-10.8211,20.3692,19.7327,-1.3155,14.3804,,,,,0,-2.27,-12.65,0.51,1.017298048008275,1993-1997→1997-2001
1563,Sunndal,1997-2001,1997,2001,Møre og Romsdal,Vestlandet,5,640,False,4711.0,51.48,42.19,-9.29,9.23,10.68,1.45,8.98,11.16,2.18,11.82,11.04,-0.78,8.51,7.0,-1.51,4.84,10.94,6.1,3.42,3.71,0.29,0.13,0.0,-0.13,0.68,0.33,-0.35,0.91,2.95,2.04,-0.06,15.42,-4.19,7419.0,8.9118,0.0944,-1.2631,-0.8087,2.0218,16.4847,21.3775,0.3346,14.178,,,,,0,-0.97,-9.26,0.41,1.2360158285133356,1993-1997→1997-2001
1566,Surnadal,1997-2001,1997,2001,Møre og Romsdal,Vestlandet,5,607,False,3629.0,39.85,31.42,-8.43,7.74,8.79,1.05,7.83,12.15,4.32,16.07,12.52,-3.55,19.21,20.49,1.28,3.39,8.24,4.85,4.3,3.48,-0.82,0.11,0.0,-0.11,0.28,0.24,-0.04,1.24,2.66,1.42,2.33,33.82,10.49,6372.0,8.7597,-1.946,-2.2375,-16.6353,-2.511,17.9535,21.6259,-1.0041,11.8889,,,,,0,-0.28,-13.38,0.81,1.2770078100017275,1993-1997→1997-2001
1573,Smøla,1997-2001,1997,2001,Møre og Romsdal,Vestlandet,6,501,False,1509.0,32.67,23.05,-9.62,8.35,9.84,1.49,6.63,11.38,4.75,18.03,17.69,-0.34,15.9,7.86,-8.04,3.78,9.47,5.69,14.12,10.43,-3.69,0.07,0.0,-0.07,0.2,0.29,0.09,0.27,9.99,9.72,-6.55,15.75,-0.4,2526.0,7.8344,-4.711,-10.7527,-32.8583,-14.2518,18.1314,20.2296,0.7718,9.253,,,,,0,-0.17,-16.33,-3.12,-1.8500107384129842,1993-1997→1997-2001
1576,Aure,1997-2001,1997,2001,Møre og Romsdal,Vestlandet,6,501,False,2322.0,30.66,23.74,-6.92,7.49,8.95,1.46,8.7,13.35,4.65,20.03,17.31,-2.72,18.73,13.73,-5.0,2.89,7.35,4.46,9.47,9.48,0.01,0.52,0.0,-0.52,0.73,0.39,-0.34,0.78,5.71,4.93,-3.54,25.71,-7.04,3959.0,8.2837,-4.3445,-2.8476,-34.6047,-7.8303,18.1864,21.0154,0.113,10.712,,,,,0,-0.87,-17.11,-0.74,0.39213371687491394,1993-1997→1997-2001
1577,Volda,1997-2001,1997,2001,Møre og Romsdal,Vestlandet,4,705,False,5703.0,20.29,14.97,-5.32,7.79,10.23,2.44,13.27,15.56,2.29,24.83,24.18,-0.65,20.04,10.15,-9.89,5.44,12.39,6.95,7.01,7.88,0.87,0.19,0.0,-0.19,0.72,0.65,-0.07,0.42,3.99,3.57,-7.45,23.68,-4.98,9474.0,9.1563,0.6966,3.2803,-2.5332,8.7608,15.875,21.6698,-0.8017,22.0676,,,,,1,-0.46,-12.3,-0.57,1.4999545378028007,1993-1997→1997-2001
1578,Fjord,1997-2001,1997,2001,Møre og Romsdal,Vestlandet,6,564,False,1812.0,18.71,12.91,-5.8,10.21,14.78,4.57,6.9,12.03,5.13,25.28,20.89,-4.39,25.33,19.39,-5.94,4.36,8.67,4.31,7.06,5.49,-1.57,0.0,0.0,0.0,0.99,0.62,-0.37,1.16,5.24,4.08,-1.37,32.24,0.65,3082.0,8.0333,-1.8819,-0.885,-23.3615,6.1648,18.5918,22.9396,-0.9662,12.5911,,,,,1,0.75,-17.73,-2.08,-1.110557162259905,1993-1997→1997-2001
1579,Hustadvika,1997-2001,1997,2001,Møre og Romsdal,Vestlandet,5,651,False,6975.0,23.76,16.9,-6.86,16.54,19.44,2.9,6.9,13.8,6.9,25.79,22.75,-3.04,14.12,9.2,-4.92,2.45,6.35,3.9,8.03,8.14,0.11,0.04,0.0,-0.04,0.44,0.21,-0.23,1.92,3.22,1.3,-2.02,35.04,-12.95,12184.0,9.4079,0.6566,2.5504,-8.3716,15.9225,13.132,22.9481,-0.3058,10.6655,,,,,1,-0.66,-21.16,-1.81,-0.9695185959436986,1993-1997→1997-2001
1580,Haram,1997-2001,1997,2001,Møre og Romsdal,Vestlandet,5,625,False,5171.0,21.25,14.06,-7.19,14.31,18.16,3.85,10.38,17.68,7.3,31.5,24.56,-6.94,10.62,7.26,-3.36,3.04,6.92,3.88,6.88,6.28,-0.6,0.12,0.0,-0.12,0.56,0.26,-0.3,1.33,4.82,3.49,0.49,14.18,1.28,8634.0,9.0635,1.83,2.7583,4.8645,13.3194,16.0528,21.6933,-0.061,11.8409,,,,,0,-4.31,-17.06,-0.61,0.8277834011678883,1993-1997→1997-2001
1804,Bodø,1997-2001,1997,2001,Nordland,Nord-Norge,3,793,False,23093.0,39.64,24.86,-14.78,12.67,15.04,2.37,14.57,18.3,3.73,11.69,10.54,-1.15,5.08,4.7,-0.38,7.44,15.13,7.69,3.46,2.42,-1.04,0.26,0.0,-0.26,1.29,0.88,-0.41,3.9,8.13,4.23,1.99,9.36,-2.58,41050.0,10.6225,3.8343,11.6688,7.2594,31.4982,9.9878,25.7905,0.1825,23.1395,,,,,0,0.88,-10.71,-2.84,0.008211539875175866,1993-1997→1997-2001
1806,Narvik,1997-2001,1997,2001,Nordland,Nord-Norge,4,686,True,12705.18,37.73,25.22,-12.51,14.7,15.59,0.89,9.76,15.26,5.5,12.55,11.98,-0.57,7.88,4.65,-3.23,7.8,15.66,7.86,3.2,2.02,-1.18,0.27,0.0,-0.27,1.15,0.62,-0.53,4.95,8.99,4.04,-2.34,10.81,-2.82,22510.4511,10.0217,-1.0885,-2.3755,-15.1964,4.2231,15.7406,22.0958,-0.0454,15.6656,,,,,1,-4.3,-9.55,-1.52,-0.031064772807472885,1993-1997→1997-2001
1811,Bindal,1997-2001,1997,2001,Nordland,Nord-Norge,6,426,False,1214.0,33.36,27.06,-6.3,5.19,7.63,2.44,3.95,6.33,2.38,18.37,16.74,-1.63,20.92,13.96,-6.96,7.83,11.88,4.05,5.27,2.95,-2.32,0.0,0.0,0.0,0.49,0.52,0.03,4.61,12.92,8.31,-4.52,0.0,12.32,2008.0,7.6049,-4.8307,-8.8698,-30.3785,-16.9323,19.7211,17.7291,-1.0398,8.349,,,,,0,4.33,-17.67,-1.86,-1.55992548864347,1993-1997→1997-2001
1812,Sømna,1997-2001,1997,2001,Nordland,Nord-Norge,6,505,False,1259.0,25.58,18.53,-7.05,5.56,6.62,1.06,5.16,7.53,2.37,18.03,13.81,-4.22,27.08,21.42,-5.66,8.74,15.3,6.56,3.26,0.74,-2.52,0.08,0.0,-0.08,0.87,0.66,-0.21,5.64,15.38,9.74,-4.6,0.0,29.09,2119.0,7.6587,-0.9438,-0.6626,-8.0227,-1.4158,16.9891,21.9915,-0.791,10.725,,,,,0,2.89,-21.33,0.19,0.19744939624837432,1993-1997→1997-2001
1813,Brønnøy,1997-2001,1997,2001,Nordland,Nord-Norge,5,613,False,3973.0,31.26,22.27,-8.99,9.97,10.88,0.91,8.1,11.9,3.8,14.1,10.53,-3.57,13.24,8.73,-4.51,10.07,14.4,4.33,3.3,1.92,-1.38,0.15,0.0,-0.15,1.13,0.73,-0.4,8.68,18.63,9.95,-3.6,27.97,-12.81,7206.0,8.8827,3.6497,7.8712,23.1751,14.1549,14.6822,23.4804,-0.6509,12.6068,,,,,0,-0.36,-19.07,-1.81,-0.6812328601854154,1993-1997→1997-2001
1815,Vega,1997-2001,1997,2001,Nordland,Nord-Norge,6,400,False,903.0,26.36,19.24,-7.12,7.53,7.08,-0.45,3.65,6.61,2.96,13.07,10.15,-2.92,24.14,16.88,-7.26,7.53,13.93,6.4,4.98,2.36,-2.62,0.11,0.0,-0.11,0.89,0.35,-0.54,11.74,23.38,11.64,-7.71,35.81,-1.78,1448.0,7.2779,-2.4862,-8.6675,-8.2873,-15.884,18.8536,18.7845,-0.5816,10.0257,,,,,0,1.36,-16.46,-1.99,-1.6970877495999424,1993-1997→1997-2001
1816,Vevelstad,1997-2001,1997,2001,Nordland,Nord-Norge,6,373,False,374.0,30.75,15.9,-14.85,4.81,6.42,1.61,7.75,7.95,0.2,13.1,11.93,-1.17,20.32,17.13,-3.19,7.75,11.62,3.87,2.67,0.61,-2.06,0.0,0.0,0.0,0.27,0.61,0.34,12.57,27.83,15.26,-1.58,39.41,-10.03,624.0,6.4362,-7.6923,-12.5948,-56.0897,-19.2308,19.0705,19.5513,-1.3622,10.7843,,,,,0,-1.12,-13.36,-1.58,-0.3189525621039886,1993-1997→1997-2001
1818,Herøy (Nordland),1997-2001,1997,2001,Nordland,Nord-Norge,6,480,False,1037.0,36.07,24.42,-11.65,10.22,9.85,-0.37,6.65,6.5,-0.15,14.95,11.11,-3.84,10.51,6.81,-3.7,4.73,9.43,4.7,3.18,1.57,-1.61,0.19,0.0,-0.19,0.77,0.84,0.07,12.73,29.45,16.72,-4.07,0.0,0.0,1934.0,7.5673,-3.1024,-8.9407,-8.7901,-23.2678,18.2006,20.424,-1.3917,8.458,,,,,0,-4.99,-15.81,-1.48,-0.6237963112269034,1993-1997→1997-2001
1820,Alstahaug,1997-2001,1997,2001,Nordland,Nord-Norge,5,653,False,3902.0,35.47,22.38,-13.09,13.71,12.23,-1.48,9.46,14.3,4.84,11.25,8.82,-2.43,9.58,7.49,-2.09,6.82,12.6,5.78,3.92,2.34,-1.58,0.21,0.0,-0.21,2.13,2.66,0.53,7.46,17.18,9.72,-3.57,16.06,-3.6,7418.0,8.9117,-0.1887,-1.1614,-12.5371,10.7846,10.8924,24.0226,0.1286,15.9475,,,,,0,-3.21,-11.8,-2.72,-0.9885805597361057,1993-1997→1997-2001
1822,Leirfjord,1997-2001,1997,2001,Nordland,Nord-Norge,6,559,False,1207.0,33.39,22.88,-10.51,9.78,11.49,1.71,4.06,6.82,2.76,12.43,9.41,-3.02,21.79,18.57,-3.22,5.8,13.13,7.33,3.4,1.12,-2.28,0.25,0.0,-0.25,1.57,1.55,-0.02,7.54,15.03,7.49,-1.51,24.26,2.43,2349.0,7.7617,-5.5343,-6.6077,-34.4828,-20.8599,17.9225,19.1997,-0.8878,9.9438,,,,,0,-0.67,-15.02,-2.17,-1.8863679345727513,1993-1997→1997-2001
1824,Vefsn,1997-2001,1997,2001,Nordland,Nord-Norge,4,686,False,7945.0,45.46,32.94,-12.52,11.59,13.02,1.43,7.75,11.72,3.97,10.08,9.23,-0.85,10.5,8.66,-1.84,6.88,13.65,6.77,3.05,1.82,-1.23,0.14,0.0,-0.14,1.07,1.06,-0.01,3.47,7.91,4.44,-0.41,14.8,-3.34,13635.0,9.5204,-0.9828,0.6261,-19.0686,9.2409,13.8907,23.2343,0.6934,14.3041,,,,,0,0.0,-9.8,-1.87,-0.8379582135316594,1993-1997→1997-2001
1825,Grane,1997-2001,1997,2001,Nordland,Nord-Norge,6,494,False,964.0,46.16,39.36,-6.8,8.92,8.2,-0.72,4.05,7.43,3.38,9.65,10.75,1.1,19.5,16.41,-3.09,4.46,8.87,4.41,1.66,0.33,-1.33,0.0,0.0,0.0,0.62,0.44,-0.18,4.98,8.2,3.22,-3.81,24.09,-24.09,1654.0,7.411,-2.5998,-6.0093,-25.393,-0.6046,18.6215,19.5889,0.1246,9.1046,,,,,0,1.22,-8.74,-1.62,-1.398898273734956,1993-1997→1997-2001
1826,Aarborte - Hattfjelldal,1997-2001,1997,2001,Nordland,Nord-Norge,6,453,False,1053.0,41.12,34.72,-6.4,4.46,6.22,1.76,3.23,4.87,1.64,10.45,11.09,0.64,30.58,28.19,-2.39,4.75,7.98,3.23,3.32,1.45,-1.87,0.09,0.0,-0.09,0.47,0.41,-0.06,1.52,5.08,3.56,-0.63,39.73,-2.4,1640.0,7.4025,-0.4878,-5.5556,-1.2195,-3.6585,17.8659,21.8293,-1.1379,9.3423,,,,,0,2.09,-7.37,-0.19,-0.5039549190050591,1993-1997→1997-2001
1827,Dønna,1997-2001,1997,2001,Nordland,Nord-Norge,6,429,False,919.0,27.75,18.83,-8.92,9.9,7.95,-1.95,7.29,7.95,0.66,11.21,8.77,-2.44,17.52,15.2,-2.32,7.73,8.65,0.92,2.18,0.23,-1.95,0.0,0.0,0.0,1.74,1.52,-0.22,14.69,30.88,16.19,-4.27,18.43,7.12,1678.0,7.4254,-4.9464,-11.0429,-35.7569,-13.1108,18.5936,20.441,-0.976,11.0778,,,,,0,-2.32,-14.86,-3.39,-1.8298214548139697,1993-1997→1997-2001
1828,Nesna,1997-2001,1997,2001,Nordland,Nord-Norge,6,494,False,1043.0,32.12,17.91,-14.21,7.09,12.74,5.65,9.68,9.65,-0.03,11.31,9.95,-1.36,14.86,12.44,-2.42,8.72,18.31,9.59,4.12,2.89,-1.23,0.1,0.0,-0.1,1.82,1.09,-0.73,10.16,15.02,4.86,3.23,23.81,-6.48,1836.0,7.5153,4.1939,8.3853,27.2331,14.1612,16.5033,22.3312,-1.9711,18.4898,,,,,0,0.46,-14.79,-0.17,1.0216860924493223,1993-1997→1997-2001
1832,Hemnes,1997-2001,1997,2001,Nordland,Nord-Norge,5,567,False,2874.0,36.88,27.51,-9.37,9.15,11.92,2.77,7.2,9.71,2.51,11.27,10.55,-0.72,18.27,12.42,-5.85,8.35,15.44,7.09,2.4,1.38,-1.02,0.03,0.0,-0.03,1.25,0.46,-0.79,5.18,10.62,5.44,-3.08,20.18,11.44,4733.0,8.4623,-1.479,-3.6968,-7.1836,-7.8175,17.1773,20.0085,-0.0424,10.0157,,,,,0,0.15,-11.65,-1.1,-0.28793377085436567,1993-1997→1997-2001
1833,Rana - Raane,1997-2001,1997,2001,Nordland,Nord-Norge,4,713,False,14193.0,48.4,32.35,-16.05,10.18,11.86,1.68,7.24,12.24,5.0,8.38,7.49,-0.89,5.79,4.39,-1.4,12.13,21.03,8.9,2.62,2.05,-0.57,0.1,0.0,-0.1,1.66,0.91,-0.75,3.49,7.68,4.19,0.28,11.59,-4.42,25261.0,10.137,0.0673,2.5851,-16.3097,16.7848,13.2457,23.5897,0.3946,14.7343,,,,,0,0.04,-7.73,-1.79,-0.8959912062413455,1993-1997→1997-2001
1834,Lurøy,1997-2001,1997,2001,Nordland,Nord-Norge,6,362,False,1263.0,27.4,18.64,-8.76,8.39,6.82,-1.57,6.33,9.1,2.77,15.36,13.65,-1.71,16.47,11.99,-4.48,6.33,9.1,2.77,3.48,2.1,-1.38,0.0,0.0,0.0,0.63,0.26,-0.37,15.6,28.35,12.75,-6.05,30.3,-7.86,2189.0,7.6912,-3.3349,-5.9556,-26.9529,-7.7661,17.4052,21.471,-0.3447,8.9647,,,,,0,-0.29,-19.81,-2.84,-1.6532927116400369,1993-1997→1997-2001
1835,Træna,1997-2001,1997,2001,Nordland,Nord-Norge,6,323,False,290.0,17.59,13.13,-4.46,3.45,4.25,0.8,6.55,6.18,-0.37,15.52,14.29,-1.23,13.45,10.04,-3.41,2.76,5.02,2.26,3.45,0.77,-2.68,0.0,0.0,0.0,0.34,0.0,-0.34,36.9,46.33,9.43,-2.61,31.79,-31.79,520.0,6.2538,-10.7692,-7.7535,-105.7692,-1.9231,17.1154,23.8462,0.9881,10.3194,,,,,0,-1.2,-31.59,-4.8,-3.098283648475199,1993-1997→1997-2001
1836,Rødøy,1997-2001,1997,2001,Nordland,Nord-Norge,6,338,False,894.0,22.26,10.77,-11.49,6.82,6.98,0.16,4.25,4.77,0.52,27.96,23.13,-4.83,16.78,11.38,-5.4,3.91,7.34,3.43,2.57,1.59,-0.98,0.0,0.0,0.0,0.67,0.24,-0.43,14.77,33.78,19.01,-5.24,26.13,9.36,1651.0,7.4091,-7.3289,-11.3043,-85.4028,12.7196,17.3834,20.109,0.0676,9.708,,,,,0,0.43,-25.29,-2.78,-2.116889155958427,1993-1997→1997-2001
1837,Meløy,1997-2001,1997,2001,Nordland,Nord-Norge,6,488,False,3899.0,34.29,22.71,-11.58,9.52,11.92,2.4,9.64,12.74,3.1,18.24,15.75,-2.49,9.93,6.49,-3.44,5.72,11.24,5.52,3.18,2.31,-0.87,0.13,0.0,-0.13,0.77,0.19,-0.58,8.59,16.65,8.06,-1.04,28.47,-12.67,6931.0,8.8438,-1.7025,-3.7984,-27.9902,10.9652,15.5966,22.0747,0.2701,10.8902,,,,,0,0.84,-16.24,-1.8,-0.17754446048424133,1993-1997→1997-2001
1838,Gildeskål,1997-2001,1997,2001,Nordland,Nord-Norge,6,478,False,1460.0,33.15,22.98,-10.17,10.55,13.93,3.38,8.9,12.4,3.5,15.82,13.77,-2.05,12.53,9.59,-2.94,4.79,9.51,4.72,3.97,3.88,-0.09,0.07,0.0,-0.07,0.68,0.53,-0.15,9.52,13.39,3.87,0.44,25.41,-13.01,2458.0,7.8071,-7.7299,-11.7853,-52.4817,-25.2238,21.725,18.2262,-0.2523,11.4737,,,,,0,1.67,-16.28,-2.62,-0.9154991969706896,1993-1997→1997-2001
1839,Beiarn,1997-2001,1997,2001,Nordland,Nord-Norge,6,448,False,836.0,41.87,28.3,-13.57,9.93,11.4,1.47,5.62,8.52,2.9,8.97,10.03,1.06,23.21,16.9,-6.31,4.9,9.48,4.58,0.84,0.82,-0.02,0.0,0.0,0.0,1.2,0.27,-0.93,3.47,14.29,10.82,-4.84,0.0,26.68,1410.0,7.2513,-9.5745,-14.3145,-84.3972,-11.3475,17.7305,19.2199,1.2499,7.754,,,,,0,0.9,-10.04,-1.39,-0.7914397141361104,1993-1997→1997-2001
1840,Saltdal,1997-2001,1997,2001,Nordland,Nord-Norge,5,603,False,2819.0,40.94,26.72,-14.22,12.03,20.98,8.95,9.4,11.25,1.85,9.76,8.42,-1.34,9.08,7.57,-1.51,8.12,14.63,6.51,3.83,2.06,-1.77,0.39,0.0,-0.39,1.92,0.96,-0.96,4.54,7.42,2.88,7.44,19.26,0.91,5067.0,8.5305,-3.809,-5.5975,-29.0112,-9.2757,14.7227,22.163,0.583,14.6712,,,,,0,0.93,-9.85,-1.37,0.04378586959086617,1993-1997→1997-2001
1841,Fauske - Fuossko,1997-2001,1997,2001,Nordland,Nord-Norge,4,679,False,5726.0,44.74,31.36,-13.38,15.98,19.13,3.15,9.08,11.26,2.18,8.84,7.39,-1.45,5.38,5.61,0.23,6.81,14.6,7.79,4.3,2.61,-1.69,0.12,0.0,-0.12,1.14,0.68,-0.46,3.62,7.36,3.74,3.38,7.18,-3.03,9769.0,9.187,-1.1465,-3.43,-20.3706,9.1105,14.7405,22.3257,-0.3779,13.7025,,,,,0,1.98,-9.01,-1.17,0.07229500113875287,1993-1997→1997-2001
1845,Sørfold - Fuolldá,1997-2001,1997,2001,Nordland,Nord-Norge,6,547,False,1486.0,45.9,32.36,-13.54,9.62,9.88,0.26,5.05,6.95,1.9,10.7,10.61,-0.09,11.71,13.98,2.27,6.26,10.83,4.57,1.95,0.88,-1.07,0.0,0.0,0.0,1.21,0.95,-0.26,7.6,13.54,5.94,2.53,27.43,18.08,2536.0,7.8383,-7.2555,-16.7728,-58.7539,-13.4069,17.429,20.0315,-0.5923,10.6582,,,,,0,5.05,-18.0,-0.73,-0.44480769163049266,1993-1997→1997-2001
1848,Steigen,1997-2001,1997,2001,Nordland,Nord-Norge,6,403,False,1730.0,25.61,17.67,-7.94,9.13,9.93,0.8,4.68,6.37,1.69,17.57,17.6,0.03,18.73,15.48,-3.25,4.91,9.49,4.58,4.62,3.0,-1.62,0.06,0.0,-0.06,1.68,0.94,-0.74,13.01,19.54,6.53,-2.45,30.29,-7.98,3091.0,8.0362,-5.0146,-10.0766,-27.1757,-22.9699,20.4788,17.7936,-1.2349,9.5277,,,,,0,0.18,-22.8,-1.68,-1.206188374092141,1993-1997→1997-2001
1851,Lødingen,1997-2001,1997,2001,Nordland,Nord-Norge,6,537,False,1532.0,25.59,15.71,-9.88,9.6,13.34,3.74,10.97,18.15,7.18,16.45,10.83,-5.62,10.57,9.61,-0.96,7.25,11.26,4.01,6.14,5.95,-0.19,0.13,0.0,-0.13,0.65,0.57,-0.08,12.66,14.56,1.9,2.78,11.72,-5.7,2576.0,7.854,-6.7547,-14.1836,-49.3012,-19.4099,18.3618,18.7112,-0.0021,13.6646,,,,,0,-6.5,-12.57,-6.43,-3.257657140703473,1993-1997→1997-2001
1853,Evenes - Evenássi,1997-2001,1997,2001,Nordland,Nord-Norge,6,528,False,935.0,29.63,19.22,-10.41,14.01,15.9,1.89,7.38,11.67,4.29,15.08,12.7,-2.38,17.11,10.98,-6.13,6.31,11.67,5.36,4.28,4.0,-0.28,0.11,0.0,-0.11,0.75,0.46,-0.29,5.35,13.39,8.04,-4.24,42.41,-4.03,1543.0,7.3415,-2.5275,-11.8406,-10.3694,-20.7388,19.8315,19.2482,-0.882,11.2753,,,,,0,-5.39,-11.21,-3.54,-1.9684683045790392,1993-1997→1997-2001
1856,Røst,1997-2001,1997,2001,Nordland,Nord-Norge,6,366,False,375.0,42.67,27.14,-15.53,7.47,8.57,1.1,5.07,11.43,6.36,10.13,8.86,-1.27,7.2,3.14,-4.06,2.67,5.14,2.47,4.27,3.14,-1.13,0.27,0.0,-0.27,0.8,0.57,-0.23,19.47,32.0,12.53,-2.96,0.0,0.0,695.0,6.5439,-6.1871,4.9919,-57.554,-4.3165,15.9712,22.446,0.2864,7.9482,,,,,0,10.64,-26.23,0.33,0.34737790909862554,1993-1997→1997-2001
1857,Værøy,1997-2001,1997,2001,Nordland,Nord-Norge,6,370,False,452.0,28.32,24.63,-3.69,8.19,10.95,2.76,5.53,5.22,-0.31,14.6,11.94,-2.66,10.84,6.72,-4.12,1.99,7.71,5.72,1.77,0.25,-1.52,0.22,0.0,-0.22,0.44,0.0,-0.44,28.1,32.59,4.49,-1.36,0.0,0.0,837.0,6.7298,-7.049,-10.882,-84.8268,15.5317,16.129,23.6559,0.0663,7.8341,,,,,0,-5.25,-19.4,-1.61,-0.9231405829242615,1993-1997→1997-2001
1859,Flakstad,1997-2001,1997,2001,Nordland,Nord-Norge,6,522,False,867.0,18.34,12.98,-5.36,6.69,8.65,1.96,5.77,7.63,1.86,20.18,15.9,-4.28,20.65,19.85,-0.8,5.31,8.91,3.6,1.5,1.4,-0.1,0.12,0.0,-0.12,0.69,0.25,-0.44,20.76,24.43,3.67,1.16,17.26,-4.13,1628.0,7.3951,-4.5455,-3.9555,-49.7543,4.2998,16.4619,20.9459,0.7196,7.7107,,,,,0,0.1,-30.14,-0.42,-0.11351839471473696,1993-1997→1997-2001
1860,Vestvågøy,1997-2001,1997,2001,Nordland,Nord-Norge,5,631,False,5901.0,23.69,16.45,-7.24,11.15,13.8,2.65,8.86,11.53,2.67,24.98,18.1,-6.88,13.27,10.72,-2.55,4.54,11.87,7.33,1.56,1.08,-0.48,0.05,0.0,-0.05,1.32,0.85,-0.47,10.57,15.6,5.03,0.1,28.19,-12.79,10744.0,9.2821,0.2327,1.8923,-3.1646,5.1191,16.0741,21.7517,-0.7523,12.339,,,,,0,-0.44,-22.92,-0.99,0.1525897974441628,1993-1997→1997-2001
1865,Vågan,1997-2001,1997,2001,Nordland,Nord-Norge,5,650,False,4924.0,28.13,16.41,-11.72,10.11,12.07,1.96,9.67,14.15,4.48,14.36,8.62,-5.74,10.82,12.82,2.0,5.65,12.74,7.09,2.21,1.03,-1.18,0.16,0.0,-0.16,5.65,2.19,-3.46,13.24,19.97,6.73,3.96,16.47,1.26,9362.0,9.1444,-2.0295,-1.8197,-28.3059,8.652,15.2104,22.6875,0.2061,13.3209,,,,,0,-6.25,-15.58,-2.31,-0.6359677365844763,1993-1997→1997-2001
1866,Hadsel,1997-2001,1997,2001,Nordland,Nord-Norge,5,605,False,4596.0,30.09,20.82,-9.27,12.4,12.09,-0.31,8.12,12.66,4.54,12.88,10.51,-2.37,12.34,10.58,-1.76,6.24,13.83,7.59,9.86,2.58,-7.28,0.2,0.0,-0.2,1.02,0.64,-0.38,6.85,16.27,9.42,-2.07,18.14,-6.04,8540.0,9.0525,-3.9813,-4.7398,-38.1733,-1.7564,16.2763,21.733,-0.3495,15.2478,,,,,0,-2.11,-11.66,-1.86,-0.652937138825672,1993-1997→1997-2001
1867,Bø,1997-2001,1997,2001,Nordland,Nord-Norge,6,497,False,2129.0,20.1,11.76,-8.34,9.53,13.36,3.83,5.73,8.56,2.83,17.29,14.74,-2.55,23.39,16.68,-6.71,5.64,14.36,8.72,4.74,3.53,-1.21,0.0,0.0,0.0,0.42,0.22,-0.2,13.15,16.79,3.64,-2.88,24.63,6.56,3463.0,8.1499,-6.4684,-13.9251,-39.5611,-22.2351,23.881,18.5677,-0.5405,7.5112,,,,,0,-2.02,-17.18,-1.44,-0.7848158590867322,1993-1997→1997-2001
1868,Øksnes,1997-2001,1997,2001,Nordland,Nord-Norge,5,584,False,2480.0,23.99,14.97,-9.02,9.8,12.65,2.85,7.38,12.05,4.67,20.16,17.2,-2.96,15.2,12.26,-2.94,5.36,9.95,4.59,3.47,1.46,-2.01,0.04,0.0,-0.04,0.81,0.51,-0.3,13.79,18.95,5.16,-0.09,20.22,-5.24,4796.0,8.4755,-2.1685,-2.6152,-36.6972,14.804,13.3445,23.5822,0.0187,8.7597,,,,,0,2.1,-17.45,-3.26,-1.8594000145764535,1993-1997→1997-2001
1870,Sortland - Suortá,1997-2001,1997,2001,Nordland,Nord-Norge,4,670,False,4790.0,29.06,19.36,-9.7,11.84,11.86,0.02,10.71,16.75,6.04,14.36,11.92,-2.44,13.34,11.69,-1.65,8.54,14.67,6.13,4.51,1.83,-2.68,0.17,0.0,-0.17,1.21,0.96,-0.25,6.26,10.97,4.71,-1.63,19.12,-7.63,8862.0,9.0895,5.6534,12.3335,24.148,19.7472,13.8456,23.7644,-0.6875,14.5462,,,,,0,-0.35,-13.28,-2.61,-0.6794104158026415,1993-1997→1997-2001
1871,Andøy,1997-2001,1997,2001,Nordland,Nord-Norge,6,517,False,3439.0,30.94,18.97,-11.97,10.29,13.17,2.88,8.84,13.66,4.82,11.89,9.39,-2.5,20.41,21.55,1.14,4.19,8.56,4.37,7.85,3.9,-3.95,0.09,0.0,-0.09,0.47,0.37,-0.1,5.03,10.44,5.41,4.02,20.67,-1.06,5968.0,8.6942,-6.0824,-13.5964,-59.6515,-0.8378,16.9403,22.5536,0.1159,12.4433,,,,,0,-2.3,-7.79,-5.9,-3.3858328853487105,1993-1997→1997-2001
1874,Moskenes,1997-2001,1997,2001,Nordland,Nord-Norge,6,442,False,760.0,30.53,20.91,-9.62,8.55,12.57,4.02,2.5,5.85,3.35,14.08,14.33,0.25,13.82,9.8,-4.02,6.97,11.11,4.14,0.66,1.46,0.8,0.13,0.0,-0.13,1.18,0.73,-0.45,21.58,23.25,1.67,0.0,0.0,0.0,1398.0,7.2428,-6.7239,-9.6953,-72.2461,5.0072,18.0973,22.2461,1.0745,8.7148,,,,,0,-3.5,-22.43,-1.67,-1.7847326150230918,1993-1997→1997-2001
1875,Hábmer - Hamarøy,1997-2001,1997,2001,Nordland,Nord-Norge,6,405,True,2004.82,30.76,20.34,-10.42,11.15,14.8,3.65,5.42,7.73,2.31,18.53,15.59,-2.94,13.89,10.36,-3.53,6.86,11.58,4.72,4.25,1.31,-2.94,0.08,0.0,-0.08,0.91,0.66,-0.25,8.16,17.63,9.47,0.12,14.59,-4.46,3543.5489,8.1729,-7.7601,-12.74,-54.4431,-23.4406,19.0406,19.4478,-0.7028,13.0977,,,,,1,0.95,-13.76,-2.63,-1.7396898666659748,1993-1997→1997-2001
3101,Halden,1997-2001,1997,2001,Østfold,Østlandet,3,842,False,15612.0,46.62,31.95,-14.67,14.02,16.16,2.14,9.79,15.75,5.96,13.75,13.67,-0.08,5.66,4.4,-1.26,4.36,11.84,7.48,2.33,2.32,-0.01,0.26,0.0,-0.26,1.52,0.79,-0.73,1.68,3.11,1.43,0.88,10.55,-5.44,26162.0,10.1721,3.7115,4.9551,39.6759,-2.0641,17.2464,22.1925,-0.8162,15.6587,,,,,0,0.35,-7.13,-0.33,0.7610346728388437,1993-1997→1997-2001
3103,Moss,1997-2001,1997,2001,Østfold,Østlandet,2,900,False,22630.0,40.73,25.87,-14.86,16.78,16.89,0.11,17.94,25.67,7.73,8.64,8.68,0.04,3.44,1.73,-1.71,5.22,14.21,8.99,2.57,2.43,-0.14,0.21,0.0,-0.21,2.32,0.89,-1.43,2.13,3.63,1.5,-1.6,2.75,-0.52,38132.0,10.5488,6.4932,10.3898,55.0194,9.9129,14.3554,23.5052,-0.4246,17.3797,,,,,1,-2.76,-4.13,-2.46,1.1380523639760822,1993-1997→1997-2001
3105,Sarpsborg,1997-2001,1997,2001,Østfold,Østlandet,2,877,False,27826.0,44.78,33.48,-11.3,15.79,17.33,1.54,10.07,17.04,6.97,13.24,12.67,-0.57,5.06,3.28,-1.78,4.54,10.53,5.99,3.08,2.0,-1.08,0.15,0.0,-0.15,1.47,0.37,-1.1,1.83,3.31,1.48,-0.24,6.72,-2.42,46440.0,10.7459,3.3441,2.9716,31.9767,1.5719,15.3596,22.4419,-0.5824,13.5471,,,,,0,-2.79,-6.61,-0.94,0.365692895825261,1993-1997→1997-2001
3107,Fredrikstad,1997-2001,1997,2001,Østfold,Østlandet,2,870,False,39298.0,40.98,29.42,-11.56,15.71,17.22,1.51,12.48,19.68,7.2,12.73,11.55,-1.18,4.23,2.19,-2.04,5.58,12.24,6.66,3.89,2.58,-1.31,0.18,0.0,-0.18,1.59,0.55,-1.04,2.63,4.58,1.95,-0.53,3.58,-1.25,66034.0,11.0979,3.1938,5.4013,31.4838,0.6815,15.9781,22.6565,-0.7998,15.9782,,,,,0,-4.12,-4.83,-1.94,0.19596684884400695,1993-1997→1997-2001
3110,Hvaler,1997-2001,1997,2001,Østfold,Østlandet,4,723,False,2053.0,33.85,24.27,-9.58,20.36,18.9,-1.46,15.49,24.94,9.45,11.89,9.8,-2.09,4.87,2.57,-2.3,5.02,11.8,6.78,5.26,3.0,-2.26,0.1,0.0,-0.1,1.41,0.48,-0.93,1.75,4.24,2.49,-3.76,9.61,2.55,3462.0,8.1496,1.2132,8.7523,20.7972,-9.8209,14.067,18.4864,-0.5111,15.2237,,,,,0,-4.02,-7.89,-1.86,0.9858160669594251,1993-1997→1997-2001
3112,Råde,1997-2001,1997,2001,Østfold,Østlandet,3,836,False,3735.0,32.5,21.77,-10.73,16.44,19.21,2.77,12.88,19.86,6.98,17.64,18.16,0.52,13.31,7.25,-6.06,2.78,7.95,5.17,2.2,2.21,0.01,0.05,0.0,-0.05,0.94,0.22,-0.72,1.26,3.37,2.11,-3.29,18.64,-6.39,6045.0,8.707,3.8048,4.5833,21.0091,16.2117,12.1919,20.579,1.338,14.4108,,,,,0,-3.73,-8.57,-0.52,1.3802705920312917,1993-1997→1997-2001
3114,Våler (Østfold),1997-2001,1997,2001,Østfold,Østlandet,3,824,False,2260.0,30.8,16.95,-13.85,16.77,17.04,0.27,16.28,24.48,8.2,14.38,14.36,-0.02,13.81,10.9,-2.91,3.58,9.75,6.17,2.48,2.36,-0.12,0.09,0.0,-0.09,1.02,0.28,-0.74,0.8,3.88,3.08,-2.64,22.95,-4.28,3900.0,8.2687,5.4615,0.5132,41.2821,12.5641,9.4872,21.6923,-0.6129,15.359,,,,,0,1.09,-12.64,-0.45,2.279458426082368,1993-1997→1997-2001
3116,Skiptvet,1997-2001,1997,2001,Østfold,Østlandet,3,792,False,1844.0,31.18,21.71,-9.47,16.38,17.03,0.65,7.48,14.86,7.38,18.0,15.71,-2.29,18.66,15.71,-2.95,2.87,8.29,5.42,2.71,3.43,0.72,0.33,0.0,-0.33,1.08,0.23,-0.85,1.3,3.03,1.73,-2.3,32.27,-1.8,3120.0,8.0456,2.9808,2.7174,16.9872,12.5,14.2308,23.0449,-0.692,10.2935,,,,,0,2.28,-18.59,-1.21,-0.4343163821849494,1993-1997→1997-2001
3118,Indre Østfold,1997-2001,1997,2001,Østfold,Østlandet,3,858,False,21089.0,33.15,21.59,-11.56,18.23,18.79,0.56,12.3,20.06,7.76,14.66,13.35,-1.31,11.72,9.13,-2.59,3.84,10.09,6.25,3.5,3.36,-0.14,0.17,0.0,-0.17,1.28,0.49,-0.79,1.15,3.14,1.99,-2.03,22.68,-2.68,35455.0,10.476,5.5874,6.1532,51.3327,4.7948,14.218,21.9264,-0.7577,13.2033,,,,,1,-1.94,-12.06,-1.45,0.5322560750317888,1993-1997→1997-2001
3120,Rakkestad,1997-2001,1997,2001,Østfold,Østlandet,3,785,False,4233.0,30.71,20.76,-9.95,10.09,13.44,3.35,8.6,13.22,4.62,22.35,22.53,0.18,21.71,17.59,-4.12,2.24,7.22,4.98,2.55,1.85,-0.7,0.09,0.0,-0.09,0.83,0.25,-0.58,0.83,3.14,2.31,-0.77,40.71,-16.18,7034.0,8.8585,1.7629,-0.0419,22.3202,-4.5493,16.4487,20.3867,-0.2151,9.8147,,,,,0,1.62,-12.95,-0.13,0.6655929317587235,1993-1997→1997-2001
3122,Marker,1997-2001,1997,2001,Østfold,Østlandet,4,732,False,2017.0,36.19,25.8,-10.39,9.07,8.93,-0.14,7.83,15.38,7.55,23.3,23.53,0.23,18.54,15.33,-3.21,2.48,6.45,3.97,1.29,1.81,0.52,0.1,0.0,-0.1,0.74,0.21,-0.53,0.45,2.58,2.13,-3.35,35.11,-11.66,3244.0,8.0846,3.4525,-2.2999,49.0136,-13.5635,19.5129,20.0678,-1.3067,10.6152,,,,,0,3.99,-12.69,-0.12,0.5395175398866816,1993-1997→1997-2001
3124,Aremark,1997-2001,1997,2001,Østfold,Østlandet,5,662,False,932.0,31.87,22.09,-9.78,9.12,11.74,2.62,7.3,13.14,5.84,22.64,22.44,-0.2,20.92,17.56,-3.36,3.43,7.79,4.36,2.47,1.51,-0.96,1.07,0.0,-1.07,0.43,0.0,-0.43,0.75,3.72,2.97,-0.74,36.17,-11.23,1465.0,7.2896,-3.1399,-4.6371,-19.7952,-11.6041,18.5666,20.1365,-0.3847,11.4853,,,,,0,0.45,-13.81,0.35,0.7775788031638071,1993-1997→1997-2001
3201,Bærum,1997-2001,1997,2001,Akershus,Oslo/Akershus,1,966,False,60465.0,24.63,16.12,-8.51,16.67,11.16,-5.51,35.52,46.23,10.71,7.74,6.22,-1.52,2.0,1.11,-0.89,5.4,10.93,5.53,5.61,5.56,-0.05,0.45,0.29,-0.16,1.08,0.74,-0.34,0.89,1.63,0.74,-6.4,2.25,-0.83,98298.0,11.4958,3.0947,11.8802,4.2524,26.6943,13.4479,21.9862,0.1361,39.1555,,,,,0,-2.35,-3.51,-7.87,1.3690107310634607,1993-1997→1997-2001
3203,Asker,1997-2001,1997,2001,Akershus,Oslo/Akershus,2,910,False,42219.0,30.77,19.84,-10.93,18.03,13.88,-4.15,26.3,37.71,11.41,9.61,7.48,-2.13,3.02,1.83,-1.19,5.45,11.59,6.14,4.78,4.64,-0.14,0.39,0.27,-0.12,0.96,0.62,-0.34,0.72,2.14,1.42,-5.34,4.43,-1.96,69751.0,11.1527,7.0881,16.114,43.4976,27.6268,10.6665,22.7094,0.187,30.4878,,,,,1,-3.15,-5.11,-6.03,0.4769130020765653,1993-1997→1997-2001
3205,Lillestrøm,1997-2001,1997,2001,Akershus,Oslo/Akershus,1,940,False,34980.0,43.84,30.35,-13.49,17.33,16.11,-1.22,14.09,23.79,9.7,8.93,8.24,-0.69,5.31,3.54,-1.77,5.38,12.59,7.21,2.72,2.55,-0.17,0.25,0.2,-0.05,0.93,0.6,-0.33,1.2,2.03,0.83,-2.99,8.63,-3.3,56846.0,10.9481,6.9345,12.4558,49.7484,19.6496,11.8812,23.7994,-0.2983,18.5466,,,,,1,-4.15,-6.28,-2.7,-0.061725520404930734,1993-1997→1997-2001
3207,Nordre Follo,1997-2001,1997,2001,Akershus,Oslo/Akershus,2,923,False,28601.0,33.19,21.68,-11.51,17.67,13.57,-4.1,24.23,34.09,9.86,9.24,8.44,-0.8,3.01,1.95,-1.06,5.89,13.19,7.3,3.84,4.21,0.37,0.43,0.18,-0.25,1.18,0.71,-0.47,1.33,1.99,0.66,-5.16,3.75,-1.81,46810.0,10.7539,3.7001,12.7573,8.9938,28.0496,9.3741,22.6276,0.7677,26.823,,,,,1,-2.6,-5.0,-4.74,0.9199482869172257,1993-1997→1997-2001
3209,Ullensaker,1997-2001,1997,2001,Akershus,Oslo/Akershus,2,920,False,11535.0,39.57,26.03,-13.54,20.33,19.96,-0.37,15.41,25.98,10.57,8.87,7.31,-1.56,7.21,5.18,-2.03,4.66,10.1,5.44,2.12,2.22,0.1,0.17,0.14,-0.03,0.62,0.47,-0.15,1.06,2.62,1.56,-2.4,12.03,-3.58,18779.0,9.8405,11.7578,15.8479,93.988,23.8564,10.6768,24.357,-0.1131,16.2746,,,,,0,-3.96,-8.65,-1.87,0.9303603898777646,1993-1997→1997-2001
3212,Nesodden,1997-2001,1997,2001,Akershus,Oslo/Akershus,3,850,False,8274.0,31.7,20.07,-11.63,15.89,12.19,-3.7,19.2,26.75,7.55,8.28,7.76,-0.52,3.01,1.38,-1.63,10.96,21.18,10.22,5.4,5.82,0.42,1.45,0.73,-0.72,3.03,2.41,-0.62,1.06,1.72,0.66,-5.33,2.64,-2.64,14350.0,9.5715,8.2509,17.486,54.3554,28.5017,8.9826,20.2648,0.3003,29.5167,,,,,0,-3.86,-5.1,-4.01,0.20889081423641276,1993-1997→1997-2001
3214,Frogn,1997-2001,1997,2001,Akershus,Oslo/Akershus,2,891,False,7322.0,30.28,19.97,-10.31,19.27,14.21,-5.06,24.04,36.41,12.37,8.69,6.44,-2.25,4.33,2.69,-1.64,5.98,11.83,5.85,5.14,5.43,0.29,0.26,0.19,-0.07,0.86,0.5,-0.36,1.16,2.33,1.17,-6.7,8.55,-4.91,12165.0,9.4063,7.0284,26.4446,42.4168,27.4558,10.3658,23.4032,0.1795,23.9668,,,,,0,-4.07,-6.36,-4.59,0.9206421056246468,1993-1997→1997-2001
3216,Vestby,1997-2001,1997,2001,Akershus,Oslo/Akershus,2,877,False,6683.0,34.91,23.64,-11.27,18.64,15.61,-3.03,18.9,29.1,10.2,8.77,7.85,-0.92,6.43,4.64,-1.79,5.45,12.52,7.07,4.06,3.55,-0.51,0.39,0.31,-0.08,1.27,0.83,-0.44,1.18,1.95,0.77,-4.82,10.65,-2.6,11431.0,9.3441,7.086,9.129,50.3018,19.9458,9.1331,21.7654,-0.3184,19.3152,,,,,0,-1.89,-8.53,-4.68,-0.2515299530108601,1993-1997→1997-2001
3218,Ås,1997-2001,1997,2001,Akershus,Oslo/Akershus,2,895,False,7609.0,30.99,21.34,-9.65,14.34,12.25,-2.09,15.85,22.93,7.08,10.99,10.13,-0.86,10.87,9.05,-1.82,8.53,15.57,7.04,5.9,5.69,-0.21,0.5,0.33,-0.17,1.27,1.1,-0.17,0.76,1.63,0.87,-3.91,16.01,-5.45,12734.0,9.452,8.6697,15.9447,61.803,25.8363,10.4052,24.2972,0.0443,29.5398,,,,,0,-1.7,-10.12,-4.62,-1.050152206724083,1993-1997→1997-2001
3220,Enebakk,1997-2001,1997,2001,Akershus,Oslo/Akershus,3,827,False,4786.0,36.54,22.93,-13.61,20.46,21.28,0.82,12.91,20.71,7.8,12.98,11.3,-1.68,7.27,5.48,-1.79,5.68,12.66,6.98,2.21,2.63,0.42,0.23,0.19,-0.04,0.88,0.72,-0.16,0.84,2.1,1.26,-0.97,16.54,-5.68,8291.0,9.0229,7.7192,10.9441,53.552,23.1576,7.9846,24.1708,0.0101,14.7288,,,,,0,-4.02,-10.62,-1.74,0.44601279578592945,1993-1997→1997-2001
3222,Lørenskog,1997-2001,1997,2001,Akershus,Oslo/Akershus,1,978,False,17511.0,42.12,29.42,-12.7,19.32,17.05,-2.27,15.02,26.1,11.08,8.79,7.5,-1.29,2.64,1.36,-1.28,6.23,13.04,6.81,3.36,3.06,-0.3,0.21,0.22,0.01,1.18,0.64,-0.54,1.12,1.6,0.48,-3.55,3.61,-1.66,28799.0,10.2681,2.9758,11.6566,0.2778,29.9663,8.601,24.8724,0.5877,21.7937,,,,,0,-3.8,-5.0,-4.2,-1.0349211958998614,1993-1997→1997-2001
3224,Rælingen,1997-2001,1997,2001,Akershus,Oslo/Akershus,1,948,False,8327.0,45.78,30.54,-15.24,17.91,16.91,-1.0,14.53,23.36,8.83,8.79,8.22,-0.57,2.85,1.78,-1.07,5.36,13.9,8.54,2.29,2.38,0.09,0.34,0.31,-0.03,1.15,0.69,-0.46,1.01,1.93,0.92,-2.07,4.38,-4.38,14196.0,9.5607,3.2615,5.9483,-4.1561,37.264,7.8966,26.7963,0.4601,16.9964,,,,,0,-1.9,-5.21,-3.58,-0.5782978177759124,1993-1997→1997-2001
3226,Aurskog-Høland,1997-2001,1997,2001,Akershus,Oslo/Akershus,3,797,False,8075.0,43.75,34.41,-9.34,14.43,14.75,0.32,6.91,12.56,5.65,14.74,14.07,-0.67,13.81,11.61,-2.2,3.43,8.5,5.07,1.6,1.52,-0.08,0.11,0.04,-0.07,0.53,0.31,-0.22,0.69,2.23,1.54,-1.88,25.16,-9.57,13006.0,9.4732,2.891,1.2407,31.1395,-2.076,16.477,21.6208,-0.6797,10.2095,,,,,1,-1.54,-10.55,-1.49,-0.7815271654028577,1993-1997→1997-2001
3228,Nes,1997-2001,1997,2001,Akershus,Oslo/Akershus,3,826,False,9433.0,46.53,34.33,-12.2,14.86,14.83,-0.03,7.65,15.34,7.69,10.95,9.08,-1.87,11.64,9.31,-2.33,4.71,12.19,7.48,2.09,2.27,0.18,0.12,0.14,0.02,0.58,0.37,-0.21,0.87,2.14,1.27,-2.36,14.55,-14.55,15771.0,9.6659,7.3997,7.9816,73.1723,0.5073,13.9623,21.3557,-1.2336,11.1832,,,,,0,-2.97,-9.23,-1.66,-0.783769575500746,1993-1997→1997-2001
3230,Gjerdrum,1997-2001,1997,2001,Akershus,Oslo/Akershus,2,880,False,2517.0,37.31,25.12,-12.19,14.7,14.14,-0.56,14.82,24.93,10.11,15.57,12.05,-3.52,9.38,7.85,-1.53,4.37,10.52,6.15,2.03,3.24,1.21,0.28,0.19,-0.09,0.75,0.5,-0.25,0.79,1.45,0.66,-2.09,18.05,-2.17,4144.0,8.3294,12.3552,23.8298,91.2162,32.0946,9.0975,24.8793,-0.1843,18.9623,,,,,0,-1.1,-10.49,-2.55,0.22323846496940858,1993-1997→1997-2001
3232,Nittedal,1997-2001,1997,2001,Akershus,Oslo/Akershus,2,886,False,10516.0,40.16,26.33,-13.83,20.91,17.21,-3.7,16.03,26.14,10.11,7.56,7.25,-0.31,3.85,2.92,-0.93,5.91,13.62,7.71,3.39,3.92,0.53,0.26,0.21,-0.05,1.1,0.76,-0.34,0.83,1.64,0.81,-4.63,7.3,-0.1,17378.0,9.763,8.9999,17.1791,51.9047,38.497,7.6994,24.4389,0.209,21.3913,,,,,0,-3.69,-5.77,-3.86,-0.43823567018116405,1993-1997→1997-2001
3234,Lunner,1997-2001,1997,2001,Akershus,Oslo/Akershus,3,785,False,4986.0,43.62,31.73,-11.89,13.66,13.7,0.04,10.03,16.89,6.86,11.31,10.95,-0.36,9.97,7.59,-2.38,7.48,13.44,5.96,2.31,2.59,0.28,0.2,0.14,-0.06,0.6,0.72,0.12,0.82,2.24,1.42,-2.34,16.83,-2.33,8087.0,8.998,4.229,5.6795,35.6127,6.9247,12.1429,21.0832,-0.7062,14.1176,,,,,0,-3.65,-8.86,-0.96,0.3490409827231806,1993-1997→1997-2001
3236,Jevnaker,1997-2001,1997,2001,Akershus,Oslo/Akershus,3,793,False,3653.0,46.32,33.55,-12.77,15.38,16.55,1.17,13.25,19.01,5.76,7.77,7.03,-0.74,5.83,4.48,-1.35,7.69,14.71,7.02,1.48,1.5,0.02,0.22,0.23,0.01,0.74,0.65,-0.09,1.31,2.3,0.99,-0.18,11.21,9.39,5907.0,8.6839,2.6748,3.9239,38.429,-11.5118,15.9303,22.2109,-0.7612,11.5781,,,,,0,-7.29,-7.6,0.64,2.3666468819566604,1993-1997→1997-2001
3238,Nannestad,1997-2001,1997,2001,Akershus,Oslo/Akershus,3,834,False,4807.0,42.27,29.81,-12.46,17.29,17.35,0.06,9.24,17.84,8.6,11.92,10.9,-1.02,9.82,8.27,-1.55,4.33,11.14,6.81,3.18,2.16,-1.02,0.04,0.22,0.18,0.85,0.49,-0.36,1.06,1.82,0.76,-1.49,17.65,-0.6,8283.0,9.022,10.9622,15.8578,100.6882,7.4852,12.7852,22.5884,-1.5351,11.2057,,,,,0,-2.63,-10.13,-0.95,0.13282303558589925,1993-1997→1997-2001
3240,Eidsvoll,1997-2001,1997,2001,Akershus,Oslo/Akershus,3,851,False,10060.0,45.33,33.37,-11.96,17.59,16.63,-0.96,10.49,18.33,7.84,9.37,9.19,-0.18,7.54,5.44,-2.1,5.62,12.19,6.57,2.1,2.15,0.05,0.15,0.14,-0.01,0.76,0.49,-0.27,1.05,2.07,1.02,-3.06,8.42,-1.23,16873.0,9.7335,5.0258,6.4452,47.7686,2.3114,14.6803,22.4145,-0.8774,13.1307,,,,,0,-3.26,-8.32,-1.73,-0.15149059763714567,1993-1997→1997-2001
3242,Hurdal,1997-2001,1997,2001,Akershus,Oslo/Akershus,4,736,False,1554.0,40.86,32.02,-8.84,14.29,14.34,0.05,7.34,13.28,5.94,18.79,17.28,-1.51,9.59,7.74,-1.85,3.28,8.14,4.86,4.83,3.8,-1.03,0.06,0.13,0.07,0.45,0.4,-0.05,0.51,2.87,2.36,-1.8,11.81,-11.81,2598.0,7.8625,1.6936,4.0157,12.3172,5.0038,17.0901,20.4003,-1.0416,11.6425,,,,,0,-1.87,-10.15,0.33,0.6832656399252408,1993-1997→1997-2001
3301,Drammen,1997-2001,1997,2001,Buskerud,Østlandet,2,912,False,47081.0,42.26,27.92,-14.34,20.3,18.4,-1.9,17.77,27.15,9.38,9.17,8.64,-0.53,2.91,1.59,-1.32,4.7,11.63,6.93,1.62,1.85,0.23,0.17,0.14,-0.03,0.61,0.39,-0.22,0.49,2.29,1.8,-3.22,1.91,-0.6,78851.0,11.2753,4.4667,7.3795,36.9685,7.8376,14.6821,23.6065,-1.0381,16.6399,,,,,1,-2.21,-3.73,-4.26,-0.2578920382761112,1993-1997→1997-2001
3303,Kongsberg,1997-2001,1997,2001,Buskerud,Østlandet,3,848,False,13346.0,40.38,27.05,-13.33,14.96,13.59,-1.37,16.59,25.96,9.37,7.91,7.9,-0.01,6.48,4.45,-2.03,6.07,13.47,7.4,6.06,4.63,-1.43,0.15,0.1,-0.05,0.91,0.93,0.02,0.49,1.91,1.42,-3.4,7.99,-2.02,21757.0,9.9877,3.3415,6.2119,26.3364,7.308,14.0185,23.2845,-0.4399,23.7904,,,,,0,-3.31,-6.92,-2.11,1.1104331651301256,1993-1997→1997-2001
3305,Ringerike,1997-2001,1997,2001,Buskerud,Østlandet,3,838,False,16468.0,47.24,33.2,-14.04,16.99,16.16,-0.83,12.08,19.98,7.9,8.71,7.73,-0.98,5.74,4.02,-1.72,4.96,12.85,7.89,2.7,2.83,0.13,0.18,0.11,-0.07,0.89,0.99,0.1,0.51,2.13,1.62,-2.55,8.95,-3.95,27453.0,10.2202,2.1018,2.4264,25.9717,-4.6989,16.8397,21.8956,-0.7141,15.3493,,,,,0,-3.08,-7.38,-2.33,-0.1743098403223593,1993-1997→1997-2001
3310,Hole,1997-2001,1997,2001,Buskerud,Østlandet,3,832,False,2906.0,34.21,21.66,-12.55,16.38,14.95,-1.43,20.85,30.44,9.59,10.22,10.18,-0.04,9.98,7.21,-2.77,4.13,10.01,5.88,3.13,3.44,0.31,0.34,0.07,-0.27,0.41,0.43,0.02,0.34,1.6,1.26,-4.2,24.12,-7.3,4736.0,8.4629,6.0811,10.8806,53.4206,7.6014,14.0203,21.8539,-1.5999,21.7827,,,,,0,-0.78,-11.04,-2.01,2.1956559293661844,1993-1997→1997-2001
3312,Lier,1997-2001,1997,2001,Buskerud,Østlandet,2,887,False,12803.0,41.54,24.69,-16.85,16.48,15.22,-1.26,19.35,30.78,11.43,8.41,7.82,-0.59,6.28,4.7,-1.58,4.15,11.57,7.42,2.67,2.54,-0.13,0.19,0.15,-0.04,0.57,0.36,-0.21,0.37,2.17,1.8,-2.84,10.75,-1.85,20889.0,9.947,3.1165,13.4879,12.9733,17.8084,11.6329,23.06,-0.2077,22.0451,,,,,0,1.43,-8.04,-3.61,0.5741243976340384,1993-1997→1997-2001
3314,Øvre Eiker,1997-2001,1997,2001,Buskerud,Østlandet,3,848,False,8648.0,39.36,26.32,-13.04,18.36,18.6,0.24,12.92,20.54,7.62,9.44,9.44,0.0,12.05,9.53,-2.52,4.58,11.56,6.98,2.04,1.46,-0.58,0.12,0.12,0.0,0.62,0.32,-0.3,0.52,2.12,1.6,-2.28,15.73,-2.81,14708.0,9.5961,3.3247,2.8283,33.1112,0.136,15.155,22.0628,-0.6653,13.3475,,,,,0,-1.57,-8.28,-1.8,0.42462047461098407,1993-1997→1997-2001
3316,Modum,1997-2001,1997,2001,Buskerud,Østlandet,3,812,False,7340.0,45.94,32.78,-13.16,14.2,15.67,1.47,10.61,16.89,6.28,9.28,8.89,-0.39,12.3,10.53,-1.77,4.59,10.65,6.06,1.91,1.74,-0.17,0.04,0.09,0.05,0.64,0.32,-0.32,0.49,2.43,1.94,-0.3,15.11,-1.14,12213.0,9.4103,2.3008,1.892,33.2433,-9.9075,17.2521,21.2233,-1.2044,12.1598,,,,,0,-2.86,-7.98,-0.18,1.1027196973227402,1993-1997→1997-2001
3318,Krødsherad,1997-2001,1997,2001,Buskerud,Østlandet,5,656,False,1318.0,43.93,32.01,-11.92,14.72,15.5,0.78,9.86,17.91,8.05,9.41,8.57,-0.84,13.96,10.75,-3.21,5.31,10.51,5.2,2.35,2.49,0.14,0.08,0.31,0.23,0.23,0.08,-0.15,0.15,1.87,1.72,-2.43,0.0,0.0,2253.0,7.72,0.0888,-5.0926,17.3103,-17.3103,17.8429,20.0178,-0.9471,10.6616,,,,,0,-1.02,-9.48,-1.39,0.12252380563861864,1993-1997→1997-2001
3320,Flå,1997-2001,1997,2001,Buskerud,Østlandet,5,617,False,722.0,44.74,29.0,-15.74,12.47,16.14,3.67,13.99,17.87,3.88,10.94,13.79,2.85,14.68,11.6,-3.08,1.8,8.62,6.82,0.83,0.78,-0.05,0.0,0.0,0.0,0.42,0.31,-0.11,0.14,1.88,1.74,0.59,0.0,0.0,1126.0,7.0264,-5.3286,-10.2694,-12.4334,-39.9645,24.2451,19.8934,-1.8249,10.7741,,,,,0,-2.36,-11.01,2.94,4.468082906938287,1993-1997→1997-2001
3322,Nesbyen,1997-2001,1997,2001,Buskerud,Østlandet,5,640,False,2115.0,38.25,28.95,-9.3,10.02,11.51,1.49,13.48,16.4,2.92,14.0,13.34,-0.66,17.21,13.83,-3.38,3.45,10.47,7.02,2.55,2.92,0.37,0.19,0.0,-0.19,0.43,0.25,-0.18,0.43,2.32,1.89,-1.89,23.01,-4.92,3520.0,8.1662,1.5341,4.4418,15.0568,0.2841,17.017,20.6818,0.0227,15.4532,,,,,0,0.85,-11.18,-0.57,1.5882578102344822,1993-1997→1997-2001
3324,Gol,1997-2001,1997,2001,Buskerud,Østlandet,4,683,False,2557.0,30.74,22.5,-8.24,11.69,12.09,0.4,14.43,22.25,7.82,15.88,14.63,-1.25,18.42,13.43,-4.99,4.18,9.29,5.11,3.56,3.61,0.05,0.04,0.09,0.05,0.66,0.26,-0.4,0.39,1.85,1.46,-4.59,32.23,-5.45,4321.0,8.3712,1.6431,3.2197,8.3314,7.4057,16.362,24.4619,-0.5377,14.422,,,,,0,0.38,-13.14,0.07,2.2734062378284725,1993-1997→1997-2001
3326,Hemsedal,1997-2001,1997,2001,Buskerud,Østlandet,5,625,False,1052.0,23.57,16.68,-6.89,8.37,6.85,-1.52,19.39,26.23,6.84,17.49,18.51,1.02,24.62,18.9,-5.72,3.33,6.85,3.52,2.57,2.51,-0.06,0.1,0.29,0.19,0.38,0.68,0.3,0.19,2.51,2.32,-7.24,35.6,-8.75,1795.0,7.4928,12.2563,25.3889,95.2646,28.9694,14.6518,26.8524,-2.1952,14.4144,,,,,0,3.0,-17.21,2.95,5.666318965090767,1993-1997→1997-2001
3328,Ål,1997-2001,1997,2001,Buskerud,Østlandet,5,635,False,2850.0,27.96,20.58,-7.38,7.37,8.96,1.59,14.32,15.09,0.77,17.93,16.8,-1.13,20.95,18.48,-2.47,4.53,11.43,6.9,5.75,6.01,0.26,0.18,0.11,-0.07,0.84,0.49,-0.35,0.18,2.05,1.87,-0.88,27.36,-2.67,4738.0,8.4634,0.5065,-0.5638,11.3972,-6.5428,18.7632,20.4939,-1.1445,15.8006,,,,,0,1.59,-12.63,2.12,3.843846853436699,1993-1997→1997-2001
3330,Hol,1997-2001,1997,2001,Buskerud,Østlandet,5,629,False,2744.0,32.62,21.91,-10.71,15.38,14.18,-1.2,21.1,28.98,7.88,11.92,12.18,0.26,10.79,7.23,-3.56,2.7,8.61,5.91,4.26,4.84,0.58,0.18,0.04,-0.14,0.58,0.27,-0.31,0.47,1.77,1.3,-4.76,15.0,1.29,4602.0,8.4342,1.369,-0.9554,11.734,2.6076,16.4928,22.2077,-0.287,12.9456,,,,,0,-3.19,-11.98,-0.09,3.8977788896748833,1993-1997→1997-2001
3332,Sigdal,1997-2001,1997,2001,Buskerud,Østlandet,5,663,False,2310.0,33.9,23.91,-9.99,11.34,13.66,2.32,12.03,17.16,5.13,6.62,7.28,0.66,29.91,26.65,-3.26,2.29,6.71,4.42,3.03,2.08,-0.95,0.09,0.05,-0.04,0.39,0.28,-0.11,0.39,2.22,1.83,-0.94,42.54,-2.98,3596.0,8.1876,-0.8899,-3.6757,-2.5028,-6.6741,19.6051,20.8009,-0.7218,8.409,,,,,0,3.44,-8.79,0.56,2.126806761819068,1993-1997→1997-2001
3334,Flesberg,1997-2001,1997,2001,Buskerud,Østlandet,4,688,False,1508.0,31.43,22.53,-8.9,13.99,19.47,5.48,13.99,18.92,4.93,10.01,8.21,-1.8,21.02,15.3,-5.72,4.11,9.94,5.83,4.11,3.34,-0.77,0.2,0.28,0.08,0.73,0.14,-0.59,0.4,1.88,1.48,-0.24,25.58,0.85,2485.0,7.818,2.0121,-0.9766,9.2555,10.4628,16.0563,20.6036,-0.4745,13.1962,,,,,0,0.03,-14.85,-0.44,1.8361371824404542,1993-1997→1997-2001
3336,Rollag,1997-2001,1997,2001,Buskerud,Østlandet,5,578,False,921.0,33.01,23.89,-9.12,8.14,10.69,2.55,6.95,12.29,5.34,13.14,13.31,0.17,28.77,22.64,-6.13,5.97,9.56,3.59,2.61,2.28,-0.33,0.22,0.34,0.12,0.87,0.91,0.04,0.33,4.1,3.77,-3.58,42.98,6.81,1463.0,7.2882,1.8455,1.1541,12.3035,6.1517,19.0021,19.7539,-0.6128,13.3499,,,,,0,3.83,-16.06,1.09,1.2614487653148776,1993-1997→1997-2001
3338,Nore og Uvdal,1997-2001,1997,2001,Buskerud,Østlandet,6,530,False,1672.0,32.12,23.3,-8.82,11.36,15.55,4.19,9.27,12.51,3.24,11.66,13.24,1.58,29.43,22.37,-7.06,4.01,7.41,3.4,1.38,1.85,0.47,0.12,0.07,-0.05,0.42,0.66,0.24,0.24,3.04,2.8,-2.87,38.44,3.43,2836.0,7.9501,-2.8561,-4.6713,-22.567,-5.6417,19.2172,21.897,0.6376,11.2473,,,,,0,3.93,-14.52,-0.3,0.8597165670589415,1993-1997→1997-2001
3401,Kongsvinger,1997-2001,1997,2001,Innlandet,Innlandet,3,792,False,10381.0,46.62,37.05,-9.57,15.94,15.26,-0.68,9.18,14.75,5.57,7.95,6.27,-1.68,7.05,4.22,-2.83,8.93,16.97,8.04,2.32,1.6,-0.72,0.05,0.12,0.07,0.57,0.27,-0.3,1.39,3.48,2.09,-3.51,9.26,-3.46,17233.0,9.7546,0.9749,-0.3607,13.4045,-3.6558,15.2962,22.6194,-0.0902,13.8612,,,,,0,-4.82,-7.23,-0.31,0.6728963916649291,1993-1997→1997-2001
3403,Hamar,1997-2001,1997,2001,Innlandet,Innlandet,2,873,False,16412.0,49.51,38.24,-11.27,9.96,7.91,-2.05,12.02,17.89,5.87,8.59,7.39,-1.2,4.71,3.0,-1.71,8.97,15.47,6.5,3.62,2.68,-0.94,0.15,0.1,-0.05,0.89,0.53,-0.36,1.58,6.79,5.21,-3.76,5.23,-3.32,26262.0,10.1759,2.1819,5.4255,28.7868,-6.854,17.6757,20.7753,-0.0644,22.4385,,,,,0,-2.88,-5.44,-1.06,0.7123846688840958,1993-1997→1997-2001
3405,Lillehammer,1997-2001,1997,2001,Innlandet,Innlandet,3,818,False,14865.0,42.74,32.72,-10.02,10.39,9.84,-0.55,13.56,18.28,4.72,11.27,9.48,-1.79,6.79,6.27,-0.52,8.29,15.51,7.22,4.08,3.78,-0.3,0.24,0.19,-0.05,1.48,0.92,-0.56,1.16,3.0,1.84,-1.07,11.39,-3.63,24489.0,10.106,1.5681,8.6679,9.0653,6.8602,15.5743,22.2549,-0.148,25.9319,,,,,0,-2.42,-8.55,-2.25,0.20753569291937213,1993-1997→1997-2001
3407,Gjøvik,1997-2001,1997,2001,Innlandet,Innlandet,3,805,False,16595.0,51.03,40.16,-10.87,10.72,10.69,-0.03,10.29,14.74,4.45,11.01,10.72,-0.29,7.48,6.73,-0.75,4.77,10.51,5.74,2.71,2.38,-0.33,0.34,0.31,-0.03,0.9,0.66,-0.24,0.75,3.1,2.35,-0.78,11.61,-4.12,26852.0,10.1981,1.2178,3.539,9.3848,2.9793,16.0472,23.1677,-0.3991,17.3059,,,,,0,-1.68,-6.37,-1.27,0.18422536140423884,1993-1997→1997-2001
3411,Ringsaker,1997-2001,1997,2001,Innlandet,Innlandet,3,797,False,18300.0,52.14,40.74,-11.4,9.03,8.8,-0.23,8.28,13.23,4.95,8.63,7.99,-0.64,11.64,8.82,-2.82,5.75,11.88,6.13,2.38,1.96,-0.42,0.15,0.1,-0.05,0.52,0.34,-0.18,1.46,6.14,4.68,-3.05,19.06,-6.12,31300.0,10.3514,1.3419,1.0223,9.9681,3.3546,15.3387,21.7955,-0.4837,13.4774,,,,,0,-1.25,-7.36,-0.47,0.29642596699982193,1993-1997→1997-2001
3412,Løten,1997-2001,1997,2001,Innlandet,Innlandet,3,790,False,4287.0,53.37,41.73,-11.64,10.38,10.89,0.51,5.9,9.92,4.02,7.16,6.82,-0.34,11.9,9.15,-2.75,7.11,13.0,5.89,1.87,1.41,-0.46,0.05,0.12,0.07,0.44,0.46,0.02,1.82,6.5,4.68,-2.24,25.62,-5.3,7088.0,8.8662,2.2009,2.8247,28.0756,-5.3612,15.759,20.2173,-0.8087,12.0476,,,,,0,0.48,-8.52,-0.41,-0.24388301773137402,1993-1997→1997-2001
3413,Stange,1997-2001,1997,2001,Innlandet,Innlandet,3,820,False,10761.0,52.1,40.6,-11.5,9.7,9.65,-0.05,5.95,10.35,4.4,9.54,8.91,-0.63,10.2,6.96,-3.24,8.05,13.88,5.83,2.45,2.25,-0.2,0.17,0.11,-0.06,0.7,0.43,-0.27,1.13,6.87,5.74,-3.29,17.65,-6.82,17655.0,9.7788,2.5942,2.6523,23.9026,1.5293,16.0125,20.5777,-0.2945,15.0951,,,,,0,-2.67,-7.5,-0.19,-0.06986624595778951,1993-1997→1997-2001
3414,Nord-Odal,1997-2001,1997,2001,Innlandet,Innlandet,4,708,False,3326.0,53.55,42.86,-10.69,11.88,13.34,1.46,3.91,7.37,3.46,8.09,6.26,-1.83,10.61,6.75,-3.86,9.17,17.68,8.51,0.87,0.88,0.01,0.09,0.0,-0.09,0.42,0.23,-0.19,1.41,4.63,3.22,-2.4,14.59,-1.19,5115.0,8.5399,-0.3519,-4.2997,6.8426,-10.3617,19.4135,20.4106,-0.5593,8.3082,,,,,0,-2.19,-9.0,0.14,-0.24376352183748562,1993-1997→1997-2001
3415,Sør-Odal,1997-2001,1997,2001,Innlandet,Innlandet,3,777,False,4567.0,51.54,43.09,-8.45,13.55,13.94,0.39,6.85,11.62,4.77,6.9,5.64,-1.26,11.32,7.49,-3.83,6.88,12.27,5.39,1.27,1.44,0.17,0.07,0.16,0.09,0.59,0.28,-0.31,1.03,4.06,3.03,-3.44,9.68,2.32,7289.0,8.8941,1.5914,-0.3096,30.4569,-14.4053,18.4525,21.0317,-0.8022,10.1898,,,,,0,-2.82,-8.37,0.09,0.40411509675271884,1993-1997→1997-2001
3416,Eidskog,1997-2001,1997,2001,Innlandet,Innlandet,4,691,False,3748.0,51.09,41.37,-9.72,13.47,13.97,0.5,6.86,11.76,4.9,9.36,8.92,-0.44,11.02,7.23,-3.79,5.63,11.13,5.5,1.2,1.49,0.29,0.13,0.06,-0.07,0.19,0.14,-0.05,1.04,3.93,2.89,-3.29,25.06,-10.21,6352.0,8.7565,1.0548,-0.496,29.1247,-18.7343,19.7103,19.8205,-0.6108,7.8736,,,,,0,-3.12,-7.9,-0.68,-0.13738287044102127,1993-1997→1997-2001
3417,Grue,1997-2001,1997,2001,Innlandet,Innlandet,5,662,False,3360.0,46.96,41.48,-5.48,11.93,11.42,-0.51,6.25,10.36,4.11,7.98,7.51,-0.47,16.79,12.51,-4.28,6.07,10.56,4.49,2.14,1.48,-0.66,0.03,0.1,0.07,0.27,0.22,-0.05,1.58,4.36,2.78,-4.79,22.78,-22.78,5508.0,8.614,0.3268,-4.2951,33.5875,-30.6826,23.4931,18.7001,-1.4518,9.985,,,,,0,-1.9,-8.95,-0.14,0.18930066157317654,1993-1997→1997-2001
3418,Åsnes,1997-2001,1997,2001,Innlandet,Innlandet,5,665,False,5050.0,43.29,35.2,-8.09,14.46,17.41,2.95,4.44,8.19,3.75,9.52,9.15,-0.37,16.4,10.26,-6.14,8.24,13.43,5.19,1.45,1.26,-0.19,0.22,0.2,-0.02,0.34,0.17,-0.17,1.66,4.74,3.08,-3.19,23.69,-8.72,8175.0,9.0088,-1.3945,-5.6089,10.2752,-24.7095,21.6147,19.7676,-0.5751,10.1572,,,,,0,1.05,-10.36,-0.8,-0.7823888243483977,1993-1997→1997-2001
3419,Våler (Innlandet),1997-2001,1997,2001,Innlandet,Innlandet,5,669,False,2579.0,38.81,30.6,-8.21,16.79,19.23,2.44,7.79,11.12,3.33,7.37,6.54,-0.83,18.03,12.95,-5.08,8.14,13.57,5.43,0.89,1.21,0.32,0.08,0.17,0.09,0.66,0.12,-0.54,1.43,4.5,3.07,-2.64,24.65,1.06,4157.0,8.3325,-3.1513,-8.6661,-3.3678,-28.1453,19.5814,21.2172,-0.108,10.2023,,,,,0,0.2,-10.86,-0.52,0.2884902185932039,1993-1997→1997-2001
3420,Elverum,1997-2001,1997,2001,Innlandet,Innlandet,3,787,False,10533.0,41.77,33.78,-7.99,15.03,14.34,-0.69,10.18,15.73,5.55,8.25,7.2,-1.05,11.15,5.98,-5.17,8.59,13.33,4.74,2.47,2.96,0.49,0.09,0.1,0.01,1.1,0.44,-0.66,1.37,6.14,4.77,-5.86,17.43,-6.11,17802.0,9.7871,2.6345,4.9696,26.3454,0.5617,15.5207,22.3233,-0.1247,18.6017,,,,,0,-2.05,-9.53,-1.8,-0.2432067617791247,1993-1997→1997-2001
3421,Trysil,1997-2001,1997,2001,Innlandet,Innlandet,5,604,False,4322.0,41.62,35.69,-5.93,8.03,9.97,1.94,8.07,12.32,4.25,10.53,9.94,-0.59,18.88,11.7,-7.18,8.45,11.97,3.52,2.48,2.92,0.44,0.07,0.15,0.08,0.58,0.3,-0.28,1.3,5.05,3.75,-5.24,23.74,-10.06,7154.0,8.8754,-1.6774,-3.8546,7.2687,-24.3221,20.1426,20.4082,-0.6373,10.141,,,,,0,0.2,-8.9,0.39,1.0282787798528128,1993-1997→1997-2001
3422,Åmot,1997-2001,1997,2001,Innlandet,Innlandet,5,638,False,2547.0,36.83,29.5,-7.33,9.82,11.36,1.54,6.79,13.19,6.4,8.13,6.9,-1.23,21.12,10.02,-11.1,12.13,18.3,6.17,1.65,1.42,-0.23,0.16,0.08,-0.08,1.3,0.81,-0.49,2.08,8.4,6.32,-9.56,42.41,-15.75,4281.0,8.3619,2.6863,-0.588,51.1563,-23.5926,21.7706,20.0654,-2.0481,11.4782,,,,,0,-4.48,-6.47,0.24,0.6049215725294742,1993-1997→1997-2001
3423,Stor-Elvdal,1997-2001,1997,2001,Innlandet,Innlandet,6,538,False,1877.0,43.85,38.0,-5.85,8.9,11.14,2.24,8.26,10.85,2.59,6.82,5.51,-1.31,18.43,11.2,-7.23,9.32,13.81,4.49,2.13,2.25,0.12,0.16,0.06,-0.1,0.64,0.12,-0.52,1.49,7.05,5.56,-4.99,12.39,-1.61,3099.0,8.0388,-4.9048,-11.6871,-10.3259,-38.7222,22.5879,18.8771,-1.9907,11.6162,,,,,0,-4.36,-5.96,-0.57,0.44531547963037277,1993-1997→1997-2001
3424,Rendalen,1997-2001,1997,2001,Innlandet,Innlandet,6,486,False,1607.0,45.74,39.84,-5.9,7.03,7.5,0.47,3.86,5.25,1.39,7.34,6.07,-1.27,25.58,23.47,-2.11,7.53,10.91,3.38,1.24,1.71,0.47,0.06,0.0,-0.06,0.75,0.34,-0.41,0.87,4.91,4.04,-1.64,30.35,10.04,2335.0,7.7558,-2.1842,-8.4936,26.1242,-49.2505,27.3662,15.8887,-2.1473,10.6339,,,,,0,1.41,-8.7,-1.58,-1.3728675431610877,1993-1997→1997-2001
3425,Engerdal,1997-2001,1997,2001,Innlandet,Innlandet,6,421,False,999.0,34.83,31.87,-2.96,5.81,7.94,2.13,6.71,8.37,1.66,8.71,6.97,-1.74,35.34,25.97,-9.37,5.31,10.09,4.78,2.4,2.25,-0.15,0.0,0.0,0.0,0.6,0.32,-0.28,0.3,6.22,5.92,-7.24,0.0,0.0,1569.0,7.3582,-1.4659,-7.8116,-3.1867,-10.8349,20.3314,21.2237,-0.0856,10.1866,,,,,0,-2.47,-9.09,-0.81,-0.06772248663827685,1993-1997→1997-2001
3426,Tolga,1997-2001,1997,2001,Innlandet,Innlandet,5,567,False,1088.0,24.17,21.45,-2.72,5.24,5.46,0.22,4.04,6.95,2.91,9.83,9.73,-0.1,43.93,35.85,-8.08,7.81,13.41,5.6,2.76,2.48,-0.28,0.18,0.1,-0.08,1.47,1.29,-0.18,0.55,3.28,2.73,-7.86,50.51,-9.14,1850.0,7.5229,-1.4595,-2.8769,-15.1351,0.0,19.2973,19.3514,-1.8535,16.0952,,,,,0,-2.17,-10.77,0.09,-0.19948035184983196,1993-1997→1997-2001
3427,Tynset,1997-2001,1997,2001,Innlandet,Innlandet,5,647,False,3203.0,33.0,26.03,-6.97,6.28,7.85,1.57,6.49,9.84,3.35,11.33,11.1,-0.23,29.94,24.27,-5.67,6.59,12.33,5.74,4.62,3.72,-0.9,0.25,0.07,-0.18,0.78,0.43,-0.35,0.72,4.36,3.64,-4.1,43.55,-3.02,5421.0,8.598,0.5719,1.0004,1.8447,4.0583,16.6021,20.107,-0.3145,16.5778,,,,,0,2.04,-14.75,-0.34,0.03983495004203308,1993-1997→1997-2001
3428,Alvdal,1997-2001,1997,2001,Innlandet,Innlandet,5,573,False,1438.0,34.01,29.11,-4.9,5.01,5.29,0.28,4.52,8.56,4.04,11.13,10.65,-0.48,33.87,28.52,-5.35,5.84,9.46,3.62,4.17,4.54,0.37,0.21,0.07,-0.14,0.56,0.45,-0.11,0.7,3.35,2.65,-5.07,38.63,-7.86,2421.0,7.7919,-0.2478,-0.6173,-3.7175,2.4783,18.133,20.3635,0.1279,13.3718,,,,,0,1.0,-8.42,-1.3,-1.1175161123142427,1993-1997→1997-2001
3429,Folldal,1997-2001,1997,2001,Innlandet,Innlandet,6,492,False,1220.0,45.08,34.09,-10.99,4.67,6.7,2.03,3.2,7.18,3.98,8.52,8.5,-0.02,29.75,25.78,-3.97,5.57,11.52,5.95,1.15,1.13,-0.02,0.16,0.09,-0.07,1.39,0.57,-0.82,0.49,4.44,3.95,-1.94,33.98,0.13,1878.0,7.538,-3.5144,-8.8989,-25.0266,-10.1171,20.1278,20.8733,-1.364,11.7799,,,,,0,-2.27,-9.52,-0.13,-0.47942833663376155,1993-1997→1997-2001
3430,Os,1997-2001,1997,2001,Innlandet,Innlandet,6,551,False,1244.0,33.44,30.2,-3.24,3.86,4.31,0.45,2.25,4.82,2.57,9.73,10.07,0.34,36.33,29.44,-6.89,9.89,14.89,5.0,1.69,1.69,0.0,0.0,0.0,0.0,1.05,0.59,-0.46,1.77,3.98,2.21,-6.44,48.06,0.74,2059.0,7.63,5.4881,6.8898,62.6518,-8.2564,17.1442,20.7382,-0.7999,14.7896,,,,,0,0.61,-10.13,-0.19,-0.8623958989332996,1993-1997→1997-2001
3431,Dovre,1997-2001,1997,2001,Innlandet,Innlandet,6,563,False,1776.0,39.92,35.89,-4.03,9.85,8.93,-0.92,8.11,9.3,1.19,9.23,8.61,-0.62,25.28,24.2,-1.08,4.84,9.05,4.21,1.86,1.82,-0.04,0.06,0.0,-0.06,0.28,0.13,-0.15,0.56,2.07,1.51,-2.0,43.27,7.27,2939.0,7.9858,-2.1776,-6.3823,-18.7138,-2.3818,18.5777,21.572,0.2744,11.9048,,,,,0,0.78,-13.0,-0.22,0.6293822935306066,1993-1997→1997-2001
3432,Lesja,1997-2001,1997,2001,Innlandet,Innlandet,6,520,False,1368.0,27.05,23.92,-3.13,7.75,8.8,1.05,6.43,6.32,-0.11,16.81,12.88,-3.93,33.77,34.24,0.47,4.31,7.76,3.45,2.78,2.72,-0.06,0.07,0.16,0.09,0.51,0.4,-0.11,0.51,2.8,2.29,1.52,38.73,-1.55,2303.0,7.742,-3.2132,-9.1687,-26.4872,-6.079,19.4963,18.1502,-0.6089,10.5092,,,,,0,0.6,-17.8,0.69,0.918959595401164,1993-1997→1997-2001
3433,Skjåk,1997-2001,1997,2001,Innlandet,Innlandet,6,550,False,1344.0,35.71,26.06,-9.65,7.66,11.11,3.45,6.1,7.92,1.82,12.5,9.48,-3.02,25.97,26.72,0.75,7.89,10.54,2.65,2.68,2.04,-0.64,0.15,0.25,0.1,0.45,0.41,-0.04,0.89,5.47,4.58,4.2,60.46,-11.21,2453.0,7.8051,-2.6091,-7.1873,-7.338,-18.3449,19.6086,20.2201,-0.0607,9.5567,,,,,0,2.42,-23.05,0.52,0.7047811435995883,1993-1997→1997-2001
3434,Lom,1997-2001,1997,2001,Innlandet,Innlandet,6,547,False,1495.0,36.66,29.28,-7.38,6.89,10.13,3.24,3.21,6.48,3.27,17.66,12.97,-4.69,26.96,26.6,-0.36,5.95,9.91,3.96,1.4,1.64,0.24,0.13,0.0,-0.13,0.67,0.15,-0.52,0.47,2.83,2.36,2.88,37.7,-7.5,2634.0,7.8763,-2.0881,-2.716,-3.0372,-18.9825,18.0714,20.0076,-0.3513,11.3882,,,,,0,2.26,-20.65,0.09,-0.37824004799416777,1993-1997→1997-2001
3435,Vågå,1997-2001,1997,2001,Innlandet,Innlandet,5,610,False,2298.0,48.96,41.22,-7.74,7.05,8.43,1.38,3.66,6.3,2.64,9.83,9.26,-0.57,20.58,18.62,-1.96,6.48,11.81,5.33,1.87,1.02,-0.85,0.17,0.0,-0.17,0.44,0.05,-0.39,0.96,3.29,2.33,-0.58,22.15,5.47,3888.0,8.2657,-1.4146,-2.839,-8.4877,-4.8868,18.4928,20.5761,-0.2303,10.6863,,,,,0,4.42,-15.18,0.06,-0.313216535714373,1993-1997→1997-2001
3436,Nord-Fron,1997-2001,1997,2001,Innlandet,Innlandet,5,629,False,3601.0,52.76,43.6,-9.16,8.36,10.32,1.96,6.36,8.81,2.45,8.97,8.36,-0.61,16.41,15.14,-1.27,4.08,9.26,5.18,1.94,1.63,-0.31,0.11,0.18,0.07,0.33,0.12,-0.21,0.67,2.57,1.9,0.69,24.88,-5.1,6002.0,8.6998,-0.8997,-3.5512,-4.3319,-3.9987,16.6278,22.7924,-0.2862,11.0507,,,,,0,2.77,-11.56,-0.34,0.04863636737457083,1993-1997→1997-2001
3437,Sel,1997-2001,1997,2001,Innlandet,Innlandet,5,627,False,3601.0,50.68,40.88,-9.8,7.69,9.54,1.85,5.89,9.43,3.54,10.97,9.54,-1.43,14.16,12.49,-1.67,7.33,13.69,6.36,1.89,1.34,-0.55,0.08,0.09,0.01,0.69,0.7,0.01,0.61,2.31,1.7,0.18,21.58,-7.86,6299.0,8.7481,-1.1272,-2.3977,-21.432,10.7954,15.5739,21.8606,0.8037,9.7072,,,,,0,1.05,-13.7,0.15,0.2993662675906462,1993-1997→1997-2001
3438,Sør-Fron,1997-2001,1997,2001,Innlandet,Innlandet,5,615,False,2019.0,50.82,41.89,-8.93,8.17,9.31,1.14,4.9,8.08,3.18,10.15,7.49,-2.66,20.85,21.51,0.66,2.58,7.12,4.54,1.78,1.5,-0.28,0.0,0.11,0.11,0.25,0.7,0.45,0.5,2.3,1.8,1.8,30.37,4.49,3382.0,8.1262,-1.3306,-4.4661,-2.0698,-10.9403,19.6925,21.851,-0.7833,9.9782,,,,,0,1.18,-11.54,-0.49,-0.4180926152135469,1993-1997→1997-2001
3439,Ringebu,1997-2001,1997,2001,Innlandet,Innlandet,5,647,False,2899.0,45.02,38.18,-6.84,8.07,8.73,0.66,6.0,8.77,2.77,11.35,10.14,-1.21,21.63,20.37,-1.26,3.93,7.78,3.85,2.66,3.13,0.47,0.17,0.15,-0.02,0.31,0.31,0.0,0.86,2.44,1.58,-0.6,37.54,-0.42,4863.0,8.4894,-2.6116,-8.6067,-9.8705,-15.8338,20.7691,21.3037,-0.4143,10.5695,,,,,0,-1.19,-10.84,-0.07,0.17238751243292838,1993-1997→1997-2001
3440,Øyer,1997-2001,1997,2001,Innlandet,Innlandet,4,698,False,2768.0,41.87,33.71,-8.16,8.96,8.14,-0.82,8.27,11.76,3.49,13.44,11.22,-2.22,18.21,17.74,-0.47,5.31,11.07,5.76,2.75,3.01,0.26,0.04,0.04,0.0,0.43,0.39,-0.04,0.72,2.93,2.21,-1.29,35.07,-8.57,4752.0,8.4663,1.915,5.604,19.5707,-0.6313,15.0884,21.0438,-0.6965,13.9678,,,,,0,0.63,-13.98,0.24,0.8494686510062748,1993-1997→1997-2001
3441,Gausdal,1997-2001,1997,2001,Innlandet,Innlandet,4,673,False,3740.0,47.81,37.56,-10.25,8.05,8.39,0.34,4.68,6.78,2.1,10.56,7.64,-2.92,20.19,24.28,4.09,4.76,9.93,5.17,2.22,2.23,0.01,0.16,0.17,0.01,0.86,0.4,-0.46,0.72,2.61,1.89,4.43,32.32,-0.41,6237.0,8.7383,-0.5932,-3.8462,1.6033,-8.3373,17.7329,21.5969,-0.3458,11.0433,,,,,0,1.02,-10.06,0.48,0.22179336423035523,1993-1997→1997-2001
3442,Østre Toten,1997-2001,1997,2001,Innlandet,Innlandet,4,747,False,8513.0,46.49,37.86,-8.63,10.08,10.21,0.13,7.86,11.5,3.64,10.91,10.37,-0.54,14.38,13.44,-0.94,3.77,9.49,5.72,4.6,2.93,-1.67,0.31,0.27,-0.04,0.48,0.28,-0.2,1.12,3.64,2.52,-0.81,22.94,-1.41,14076.0,9.5522,0.5115,-1.1597,12.5036,-7.8147,17.6186,21.3413,-0.4784,12.5606,,,,,0,-2.63,-9.99,0.39,0.8826732475227193,1993-1997→1997-2001
3443,Vestre Toten,1997-2001,1997,2001,Innlandet,Innlandet,3,789,False,8158.0,52.75,43.11,-9.64,11.24,11.31,0.07,8.16,12.26,4.1,9.97,9.77,-0.2,9.24,8.94,-0.3,4.51,9.74,5.23,2.53,1.98,-0.55,0.13,0.21,0.08,0.59,0.36,-0.23,0.88,2.32,1.44,-0.23,16.67,-0.88,13036.0,9.4755,0.7594,-1.6694,10.7395,-3.0684,15.3345,23.0746,-0.6637,13.1349,,,,,0,-3.38,-6.34,-1.08,-0.1440487107291748,1993-1997→1997-2001
3446,Gran,1997-2001,1997,2001,Innlandet,Innlandet,3,801,False,7813.0,43.85,33.07,-10.78,12.13,12.71,0.58,9.57,14.64,5.07,10.6,10.44,-0.16,13.89,11.8,-2.09,5.59,11.23,5.64,2.78,2.61,-0.17,0.19,0.16,-0.03,0.51,0.45,-0.06,0.88,2.9,2.02,-1.51,21.4,-5.67,12570.0,9.4391,3.5084,3.0493,41.0501,-6.2053,17.5656,21.424,-0.995,11.8349,,,,,0,-1.82,-10.21,0.11,1.063364378225214,1993-1997→1997-2001
3447,Søndre Land,1997-2001,1997,2001,Innlandet,Innlandet,4,692,False,3696.0,55.71,44.45,-11.26,10.09,11.63,1.54,6.14,9.21,3.07,7.17,7.57,0.4,9.85,8.3,-1.55,6.36,12.83,6.47,2.68,2.47,-0.21,0.16,0.24,0.08,0.76,0.29,-0.47,1.08,3.0,1.92,-0.01,8.5,-2.21,6151.0,8.7244,-0.8291,-3.2514,10.5674,-19.509,18.5336,20.1431,-1.2221,11.2768,,,,,0,-1.5,-5.58,0.17,0.3334458383340685,1993-1997→1997-2001
3448,Nordre Land,1997-2001,1997,2001,Innlandet,Innlandet,4,695,False,4145.0,55.73,44.2,-11.53,8.66,8.6,-0.06,5.09,8.34,3.25,10.54,9.89,-0.65,11.51,10.8,-0.71,4.56,13.05,8.49,2.94,2.12,-0.82,0.05,0.15,0.1,0.41,0.21,-0.2,0.51,2.63,2.12,-0.77,17.91,-8.37,7010.0,8.8551,-1.4408,-1.8329,0.9986,-15.2639,18.2168,21.127,-0.4284,9.4369,,,,,0,1.83,-9.56,-1.12,-0.9151151300499056,1993-1997→1997-2001
3449,Sør-Aurdal,1997-2001,1997,2001,Innlandet,Innlandet,5,581,False,2055.0,42.97,35.68,-7.29,8.47,11.98,3.51,7.74,9.12,1.38,13.92,15.43,1.51,19.37,14.26,-5.11,4.23,6.26,2.03,2.09,5.3,3.21,0.05,0.11,0.06,0.24,0.11,-0.13,0.92,1.75,0.83,-1.6,0.0,14.31,3455.0,8.1476,-2.547,-5.1282,-11.8669,-13.6035,21.534,19.5369,-1.5756,9.9179,,,,,0,0.89,-13.77,1.03,1.4526571545685,1993-1997→1997-2001
3450,Etnedal,1997-2001,1997,2001,Innlandet,Innlandet,5,587,False,876.0,30.82,25.69,-5.13,8.45,9.7,1.25,6.62,9.7,3.08,18.72,18.77,0.05,25.57,21.28,-4.29,3.42,7.43,4.01,5.25,4.66,-0.59,0.11,0.13,0.02,0.46,0.13,-0.33,0.57,2.52,1.95,-3.04,33.56,5.99,1431.0,7.2661,-0.9085,-9.393,19.5667,-28.6513,21.7331,20.0559,-1.4228,9.4431,,,,,0,-0.14,-12.2,0.12,0.5548697256934143,1993-1997→1997-2001
3451,Nord-Aurdal,1997-2001,1997,2001,Innlandet,Innlandet,4,686,False,3931.0,41.44,30.01,-11.43,10.3,13.86,3.56,8.47,13.29,4.82,12.01,10.92,-1.09,21.06,12.35,-8.71,2.9,7.8,4.9,2.44,9.29,6.85,0.1,0.06,-0.04,0.41,0.29,-0.12,0.86,2.14,1.28,-5.15,31.0,-4.48,6514.0,8.7817,0.4145,0.3991,14.891,-10.7461,17.3319,21.2465,-1.371,14.1926,,,,,0,4.14,-10.15,-2.29,-0.9427633674172329,1993-1997→1997-2001
3452,Vestre Slidre,1997-2001,1997,2001,Innlandet,Innlandet,5,583,False,1403.0,31.93,22.85,-9.08,8.55,9.97,1.42,5.56,6.06,0.5,10.83,7.52,-3.31,36.28,19.17,-17.11,2.85,5.29,2.44,2.78,25.84,23.06,0.14,0.08,-0.06,0.29,0.08,-0.21,0.78,3.14,2.36,-15.69,35.18,-7.63,2343.0,7.7592,-2.0487,-9.2527,5.9752,-24.7546,18.2245,21.5109,-1.4925,11.731,,,,,0,3.16,-10.07,0.56,0.5401315546447217,1993-1997→1997-2001
3453,Øystre Slidre,1997-2001,1997,2001,Innlandet,Innlandet,5,602,False,1793.0,27.83,22.6,-5.23,7.53,10.52,2.99,6.75,12.2,5.45,9.15,10.88,1.73,38.04,19.23,-18.81,5.02,9.07,4.05,3.68,12.62,8.94,0.22,0.06,-0.16,1.0,0.54,-0.46,0.78,2.28,1.5,-15.82,43.52,-14.07,3089.0,8.0356,-0.4532,-1.0299,-7.4458,1.6186,15.9922,23.0819,-1.163,13.1758,,,,,0,0.12,-6.76,-0.21,0.2287215330424884,1993-1997→1997-2001
3454,Vang,1997-2001,1997,2001,Innlandet,Innlandet,6,541,False,973.0,25.59,19.55,-6.04,9.76,9.32,-0.44,6.17,11.14,4.97,9.76,12.5,2.74,41.83,27.16,-14.67,3.08,7.5,4.42,2.47,9.89,7.42,0.0,0.11,0.11,0.51,0.8,0.29,0.82,2.05,1.23,-15.11,61.11,-18.77,1671.0,7.4212,0.3591,-5.9978,26.93,-23.9378,19.988,18.073,-1.5623,11.0272,,,,,0,0.22,-9.32,-0.75,-0.25434357760259113,1993-1997→1997-2001
3901,Horten,1997-2001,1997,2001,Vestfold,Østlandet,2,874,False,13793.0,38.29,25.03,-13.26,19.07,15.98,-3.09,17.57,24.38,6.81,9.91,8.9,-1.01,3.5,1.86,-1.64,6.36,14.74,8.38,2.83,2.36,-0.47,0.2,0.13,-0.07,1.78,0.81,-0.97,0.49,5.8,5.31,-4.73,4.83,-1.89,23228.0,10.0531,3.5345,6.6475,,,14.4739,22.4212,-0.4609,19.6105,,,,,0,-4.29,-5.6,-4.74,-0.6511652375398853,1993-1997→1997-2001
3903,Holmestrand,1997-2001,1997,2001,Vestfold,Østlandet,3,837,False,11561.0,39.2,27.8,-11.4,19.02,17.99,-1.03,14.33,21.47,7.14,10.23,10.04,-0.19,8.78,5.71,-3.07,4.24,10.55,6.31,2.6,2.44,-0.16,0.23,0.25,0.02,0.96,0.56,-0.4,0.4,3.2,2.8,-4.1,12.96,-0.44,19077.0,9.8562,3.9576,5.1928,36.3265,3.5645,14.0693,22.231,-0.6314,15.1537,,,,,1,-2.03,-8.31,-3.27,-0.325437301925227,1993-1997→1997-2001
3905,Tønsberg,1997-2001,1997,2001,Vestfold,Østlandet,2,879,False,25327.0,30.78,20.04,-10.74,19.8,18.51,-1.29,18.58,25.88,7.3,13.68,12.38,-1.3,6.96,4.09,-2.87,5.69,12.47,6.78,2.9,3.01,0.11,0.28,0.26,-0.02,0.95,0.58,-0.37,0.37,2.79,2.42,-4.16,10.72,-2.84,41265.0,10.6278,4.648,10.9019,36.0111,3.7804,15.4271,22.9589,-0.8195,20.4884,,,,,1,-2.45,-7.42,-6.46,-1.7191023866034945,1993-1997→1997-2001
3907,Sandefjord,1997-2001,1997,2001,Vestfold,Østlandet,3,861,False,30521.0,30.2,17.55,-12.65,21.37,19.46,-1.91,19.34,26.6,7.26,13.93,11.49,-2.44,5.18,2.84,-2.34,4.89,10.36,5.47,3.41,2.8,-0.61,0.29,0.42,0.13,1.03,0.42,-0.61,0.36,8.05,7.69,-4.25,8.95,-3.1,51534.0,10.85,5.1267,9.4067,44.3008,6.9275,14.278,22.1291,-0.5117,16.5175,,,,,1,-1.12,-8.45,-4.2,0.19250195963700367,1993-1997→1997-2001
3909,Larvik,1997-2001,1997,2001,Vestfold,Østlandet,3,842,False,25167.0,36.41,25.21,-11.2,18.23,18.36,0.13,15.18,22.36,7.18,13.99,12.16,-1.83,6.14,4.1,-2.04,4.74,10.5,5.76,3.89,2.8,-1.09,0.22,0.24,0.02,0.75,0.43,-0.32,0.46,3.84,3.38,-1.91,10.91,-2.47,41700.0,10.6383,3.3381,6.0674,31.9664,1.3189,15.9856,21.2926,-0.6463,15.517,,,,,1,-0.61,-8.94,-4.05,-0.7181303020038761,1993-1997→1997-2001
3911,Færder,1997-2001,1997,2001,Vestfold,Østlandet,3,846,False,14020.0,28.79,17.23,-11.56,23.04,20.97,-2.07,23.3,31.6,8.3,10.21,9.02,-1.19,2.8,1.18,-1.62,6.21,12.18,5.97,3.52,3.77,0.25,0.36,0.56,0.2,1.38,0.76,-0.62,0.41,2.72,2.31,-3.69,2.96,-1.12,23229.0,10.0532,4.5331,10.7048,42.9635,3.1426,14.3226,20.44,-0.0651,23.1776,,,,,1,-1.9,-5.78,-8.18,-1.8264829322568445,1993-1997→1997-2001
4001,Porsgrunn,1997-2001,1997,2001,Telemark,Østlandet,3,855,False,19403.0,42.77,31.66,-11.11,17.33,19.06,1.73,11.81,16.39,4.58,11.73,10.33,-1.4,3.19,1.29,-1.9,7.01,15.04,8.03,3.38,2.8,-0.58,0.13,0.0,-0.13,0.98,0.65,-0.33,1.67,2.78,1.11,-0.17,5.14,-3.46,31959.0,10.3722,3.7141,6.0333,32.5104,4.5996,16.687,22.5289,-1.1255,15.9325,,,,,0,-0.95,-5.72,-1.79,0.15720600339559732,1993-1997→1997-2001
4003,Skien,1997-2001,1997,2001,Telemark,Østlandet,3,849,False,28902.0,38.07,28.87,-9.2,18.02,18.63,0.61,10.89,16.13,5.24,14.11,12.87,-1.24,4.51,2.27,-2.24,7.56,15.5,7.94,3.42,2.75,-0.67,0.15,0.0,-0.15,1.06,0.69,-0.37,2.21,2.29,0.08,-1.63,6.28,-3.35,48847.0,10.7964,1.8282,3.9108,16.1729,2.0882,15.4523,22.7731,-0.6413,16.0689,,,,,0,-0.35,-6.86,-1.76,-0.05592082114539565,1993-1997→1997-2001
4005,Notodden,1997-2001,1997,2001,Telemark,Østlandet,4,774,False,7423.0,43.27,32.33,-10.94,15.41,19.43,4.02,6.99,10.38,3.39,14.37,13.67,-0.7,7.58,4.54,-3.04,7.19,14.4,7.21,2.29,2.03,-0.26,0.08,0.0,-0.08,1.98,1.35,-0.63,0.82,1.87,1.05,0.98,11.71,-0.82,12171.0,9.4068,0.6984,-1.3681,17.172,-10.3525,19.8505,20.7378,-0.7659,15.0361,,,,,0,1.35,-6.18,1.12,1.2156547485699147,1993-1997→1997-2001
4010,Siljan,1997-2001,1997,2001,Telemark,Østlandet,4,739,False,1343.0,42.89,31.17,-11.72,10.57,13.43,2.86,7.82,12.04,4.22,17.65,16.74,-0.91,9.61,5.02,-4.59,6.78,15.12,8.34,2.76,2.7,-0.06,0.15,0.0,-0.15,0.22,0.85,0.63,1.56,2.93,1.37,-1.73,14.0,-14.0,2274.0,7.7293,1.9349,4.5557,17.1504,1.3193,11.7414,20.9763,0.036,13.3638,,,,,0,2.31,-11.89,0.4,0.8331040794740563,1993-1997→1997-2001
4012,Bamble,1997-2001,1997,2001,Telemark,Østlandet,3,786,False,8031.0,40.19,28.68,-11.51,17.17,19.95,2.78,12.34,18.04,5.7,13.88,13.4,-0.48,5.18,2.17,-3.01,5.64,12.2,6.56,3.23,2.04,-1.19,0.12,0.0,-0.12,1.21,0.92,-0.29,1.03,2.61,1.58,-0.23,8.19,-4.01,14035.0,9.5493,1.3466,3.1323,0.2138,13.1101,10.8871,22.4866,0.01,14.9715,,,,,0,-0.35,-7.35,-0.26,1.4540331048637127,1993-1997→1997-2001
4014,Kragerø,1997-2001,1997,2001,Telemark,Østlandet,4,755,False,6342.0,38.41,28.29,-10.12,13.75,15.46,1.71,9.68,15.63,5.95,15.96,14.84,-1.12,5.82,2.45,-3.37,6.58,15.99,9.41,5.9,3.59,-2.31,0.24,0.0,-0.24,1.83,1.17,-0.66,1.84,2.58,0.74,-1.66,9.69,-5.88,10742.0,9.2819,-1.1357,-1.7758,2.048,-13.4053,16.254,21.2996,-1.1598,13.6447,,,,,0,1.14,-8.2,-1.61,-0.16258599982207333,1993-1997→1997-2001
4016,Drangedal,1997-2001,1997,2001,Telemark,Østlandet,5,645,False,2588.0,39.41,33.57,-5.84,8.62,13.93,5.31,5.26,8.63,3.37,19.9,17.17,-2.73,12.67,7.6,-5.07,6.92,11.71,4.79,5.56,4.35,-1.21,0.08,0.0,-0.08,0.66,0.21,-0.45,0.93,2.83,1.9,0.24,20.77,-9.32,4201.0,8.3431,-0.0238,-4.5455,11.6639,-11.6639,19.7334,20.7332,-1.1382,9.1599,,,,,0,5.4,-12.14,0.06,0.0881182986081422,1993-1997→1997-2001
4018,Nome,1997-2001,1997,2001,Telemark,Østlandet,4,709,False,3970.0,37.66,28.08,-9.58,13.02,17.32,4.3,8.64,13.63,4.99,15.01,13.44,-1.57,12.34,8.86,-3.48,8.44,14.03,5.59,3.07,2.33,-0.74,0.15,0.0,-0.15,0.4,0.5,0.1,1.26,1.8,0.54,0.82,16.35,-3.07,6573.0,8.7907,1.2019,-2.7201,30.8839,-18.7129,19.0476,20.9493,-1.504,13.7135,,,,,0,-0.46,-10.89,0.86,1.5024948615655682,1993-1997→1997-2001
4020,Midt-Telemark,1997-2001,1997,2001,Telemark,Østlandet,4,731,False,5408.0,31.53,23.79,-7.74,12.54,16.57,4.03,7.27,12.09,4.82,16.11,14.65,-1.46,16.05,10.75,-5.3,8.84,14.94,6.1,5.14,5.09,-0.05,0.28,0.0,-0.28,0.8,0.54,-0.26,1.46,1.59,0.13,-1.27,25.65,-8.98,9201.0,9.1271,2.891,4.0673,32.2791,-3.6953,16.5091,22.2693,-1.1188,18.1195,,,,,1,0.5,-13.01,0.47,0.7783885286333836,1993-1997→1997-2001
4022,Seljord,1997-2001,1997,2001,Telemark,Østlandet,5,650,False,1784.0,28.03,19.7,-8.33,11.38,15.21,3.83,7.74,14.39,6.65,19.39,17.6,-1.79,19.45,14.69,-4.76,8.35,12.0,3.65,3.92,3.96,0.04,0.39,0.0,-0.39,0.67,0.52,-0.15,0.67,1.92,1.25,-0.93,33.86,-11.85,3086.0,8.0346,-4.8931,-5.475,-31.4323,-18.7946,17.466,21.3221,-0.4643,13.9709,,,,,0,1.69,-15.22,1.36,1.6504030454865142,1993-1997→1997-2001
4024,Hjartdal,1997-2001,1997,2001,Telemark,Østlandet,5,599,False,1054.0,33.78,26.97,-6.81,10.44,15.32,4.88,3.61,7.12,3.51,20.59,19.96,-0.63,23.91,16.18,-7.73,3.23,9.71,6.48,2.47,1.51,-0.96,0.09,0.0,-0.09,1.23,0.54,-0.69,0.66,2.7,2.04,-2.85,50.05,-10.64,1650.0,7.4085,1.6364,-3.1755,30.9091,-14.5455,20.6061,19.4545,-1.5244,11.848,,,,,0,3.68,-15.13,0.51,0.019949794099384188,1993-1997→1997-2001
4026,Tinn,1997-2001,1997,2001,Telemark,Østlandet,5,595,False,4107.0,44.44,33.08,-11.36,11.98,17.34,5.36,8.74,14.37,5.63,9.4,8.75,-0.65,13.05,7.72,-5.33,7.91,14.07,6.16,2.51,2.13,-0.38,0.12,0.0,-0.12,0.58,0.68,0.1,1.27,1.85,0.58,0.03,44.72,-27.25,6655.0,8.8031,-1.4275,-4.415,-1.5026,-11.8708,20.3456,22.5695,-1.9615,13.0363,,,,,0,-0.93,-8.35,-1.4,-0.1149452829735198,1993-1997→1997-2001
4028,Kviteseid,1997-2001,1997,2001,Telemark,Østlandet,5,601,False,1604.0,30.74,23.96,-6.78,9.16,12.6,3.44,7.61,9.49,1.88,18.95,19.94,0.99,21.88,18.14,-3.74,7.67,10.39,2.72,2.87,2.84,-0.03,0.25,0.0,-0.25,0.25,0.35,0.1,0.62,2.29,1.67,-0.3,44.16,-15.55,2658.0,7.8853,0.4515,-7.6763,25.9594,-20.6922,19.4883,20.6546,-1.5857,14.8975,,,,,0,0.19,-11.35,1.25,1.6108012070514888,1993-1997→1997-2001
4030,Nissedal,1997-2001,1997,2001,Telemark,Østlandet,6,543,False,902.0,32.82,26.6,-6.22,10.31,12.95,2.64,6.54,9.68,3.14,24.39,28.12,3.73,16.41,10.5,-5.91,5.88,8.17,2.29,2.33,2.33,0.0,0.33,0.0,-0.33,0.67,0.47,-0.2,0.33,1.17,0.84,-3.27,22.15,-3.61,1486.0,7.3038,-1.5478,-2.3364,4.0377,-20.8614,17.7658,19.852,-1.2245,12.3195,,,,,0,0.1,-9.56,1.16,1.2492703911775067,1993-1997→1997-2001
4032,Fyresdal,1997-2001,1997,2001,Telemark,Østlandet,6,491,False,791.0,40.58,34.01,-6.57,7.08,10.57,3.49,4.8,5.42,0.62,11.63,10.3,-1.33,23.89,23.31,-0.58,7.71,10.7,2.99,2.65,1.9,-0.75,0.0,0.0,0.0,0.63,0.27,-0.36,1.01,3.52,2.51,2.91,39.73,-14.3,1356.0,7.2123,-0.59,-4.8694,3.6873,-9.587,18.8791,20.5752,-1.4458,14.3514,,,,,0,1.13,-5.0,0.15,0.11677430444766869,1993-1997→1997-2001
4034,Tokke,1997-2001,1997,2001,Telemark,Østlandet,6,533,False,1613.0,40.3,32.96,-7.34,7.25,10.66,3.41,6.45,9.61,3.16,12.46,13.88,1.42,21.57,18.58,-2.99,8.56,10.38,1.82,2.05,1.68,-0.37,0.06,0.0,-0.06,0.56,0.28,-0.28,0.74,1.96,1.22,0.42,45.65,-5.72,2567.0,7.8505,-3.1165,-7.6495,-15.5824,-15.5824,21.231,18.7378,-1.4883,11.2554,,,,,0,5.86,-10.1,0.6,0.8492849843450628,1993-1997→1997-2001
4036,Vinje,1997-2001,1997,2001,Telemark,Østlandet,6,550,False,2249.0,26.1,23.46,-2.64,7.38,12.62,5.24,6.8,9.51,2.71,13.65,13.9,0.25,22.99,17.99,-5.0,18.9,17.35,-1.55,2.93,2.96,0.03,0.22,0.0,-0.22,0.62,0.59,-0.03,0.4,1.63,1.23,0.24,28.7,-7.93,3988.0,8.291,-3.9117,-3.2079,-34.6038,-5.015,15.9729,22.5176,-0.1065,14.4225,,,,,0,1.1,-12.83,0.12,0.5110930814904042,1993-1997→1997-2001
4201,Risør,1997-2001,1997,2001,Agder,Agder,4,709,False,4110.0,36.35,25.67,-10.68,14.72,14.18,-0.54,11.09,20.07,8.98,16.55,16.83,0.28,6.42,2.95,-3.47,4.79,11.91,7.12,7.66,4.77,-2.89,0.32,0.0,-0.32,1.53,0.77,-0.76,0.56,2.85,2.29,-4.01,12.02,11.83,6924.0,8.8427,1.6898,1.1347,16.8977,-1.1554,17.3021,20.6817,-0.4863,15.4656,,,,,0,0.43,-9.4,-2.4,-0.38078350036279884,1993-1997→1997-2001
4202,Grimstad,1997-2001,1997,2001,Agder,Agder,3,809,False,9537.0,25.5,14.5,-11.0,17.51,18.49,0.98,14.4,22.72,8.32,25.34,24.91,-0.43,8.45,3.48,-4.97,3.82,9.34,5.52,3.84,3.82,-0.02,0.2,0.0,-0.2,0.4,0.4,0.0,0.55,2.34,1.79,-3.99,12.88,-5.37,17003.0,9.7411,6.1695,15.2599,38.8167,23.0548,11.8391,24.0781,-0.7544,19.6358,,,,,0,-0.5,-10.67,-3.03,-0.18793036766789717,1993-1997→1997-2001
4203,Arendal,1997-2001,1997,2001,Agder,Agder,3,805,False,22540.0,32.65,21.22,-11.43,20.21,18.55,-1.66,14.09,22.44,8.35,17.51,16.62,-0.89,4.61,2.01,-2.6,4.82,12.43,7.61,4.68,3.69,-0.99,0.18,0.0,-0.18,0.79,0.52,-0.27,0.45,2.52,2.07,-4.26,7.62,-4.32,39051.0,10.5726,1.2701,3.9562,5.1983,7.4262,13.9996,22.6089,-0.5271,19.1045,,,,,0,-4.65,-7.97,-2.45,0.23660619625440438,1993-1997→1997-2001
4204,Kristiansand,1997-2001,1997,2001,Agder,Agder,3,832,False,47951.0,27.4,17.13,-10.27,18.21,9.28,-8.93,15.2,25.51,10.31,24.63,24.08,-0.55,3.75,1.93,-1.82,4.19,12.43,8.24,4.29,3.54,-0.75,0.34,0.32,-0.02,0.92,0.45,-0.47,1.08,5.34,4.26,-10.75,5.38,-2.26,83646.0,11.3343,4.8598,11.8078,29.5173,19.3673,12.5864,23.7656,-0.19,21.366,,,,,1,-2.29,-7.15,-4.28,-0.9201808576233046,1993-1997→1997-2001
4205,Lindesnes,1997-2001,1997,2001,Agder,Agder,4,733,False,11238.0,24.78,15.82,-8.96,15.76,12.49,-3.27,13.99,23.46,9.47,24.97,24.26,-0.71,10.2,5.73,-4.47,3.75,9.77,6.02,4.81,4.31,-0.5,0.08,0.13,0.05,0.71,0.46,-0.25,0.96,3.57,2.61,-7.74,14.79,-6.37,19616.0,9.8841,1.7639,5.4238,5.3018,11.929,14.9011,21.9209,-0.2783,15.5112,,,,,1,-0.79,-11.87,-2.11,0.5019670883813903,1993-1997→1997-2001
4206,Farsund,1997-2001,1997,2001,Agder,Agder,4,686,False,5199.0,22.27,14.35,-7.92,27.99,15.59,-12.4,14.48,28.18,13.7,20.25,21.95,1.7,7.83,3.48,-4.35,2.62,7.78,5.16,3.23,3.09,-0.14,0.13,0.1,-0.03,0.27,0.31,0.04,0.92,5.17,4.25,-16.75,8.57,-3.02,9286.0,9.1363,3.6507,3.2282,23.5839,13.2457,15.1088,21.7532,-0.9373,14.1903,,,,,0,-1.21,-15.82,5.99,6.784727277281503,1993-1997→1997-2001
4207,Flekkefjord,1997-2001,1997,2001,Agder,Agder,4,689,False,5062.0,26.31,17.97,-8.34,17.23,11.65,-5.58,14.38,21.93,7.55,25.31,25.82,0.51,8.83,4.42,-4.41,2.61,7.13,4.52,4.33,4.5,0.17,0.04,0.08,0.04,0.41,0.27,-0.14,0.55,6.24,5.69,-9.99,14.76,-6.11,8824.0,9.0852,0.476,0.922,10.3128,-5.2131,17.3731,20.7049,-0.8831,14.9471,,,,,0,0.15,-11.04,-3.29,-0.2268071910692382,1993-1997→1997-2001
4211,Gjerstad,1997-2001,1997,2001,Agder,Agder,5,661,False,1459.0,36.94,25.68,-11.26,11.93,11.99,0.06,9.46,21.39,11.93,19.95,17.62,-2.33,12.41,7.77,-4.64,3.5,9.7,6.2,5.21,3.26,-1.95,0.0,0.0,0.0,0.21,0.22,0.01,0.41,2.37,1.96,-4.58,20.63,14.48,2555.0,7.8458,-2.4266,-3.5217,-9.3933,-14.09,16.3209,21.8787,-1.1184,9.2105,,,,,0,3.72,-13.36,0.82,1.6786965349802059,1993-1997→1997-2001
4212,Vegårshei,1997-2001,1997,2001,Agder,Agder,5,653,False,1149.0,34.38,26.14,-8.24,9.75,11.93,2.18,11.05,16.03,4.98,27.24,29.23,1.99,11.4,5.83,-5.57,1.74,7.01,5.27,3.83,2.46,-1.37,0.0,0.0,0.0,0.35,0.18,-0.17,0.26,1.18,0.92,-3.39,13.88,-3.99,1860.0,7.5283,-1.1828,-0.8095,-10.7527,-1.6129,18.172,21.2366,-1.3603,13.6364,,,,,0,-0.27,-13.75,1.38,2.4636436554664938,1993-1997→1997-2001
4213,Tvedestrand,1997-2001,1997,2001,Agder,Agder,4,729,False,3462.0,30.36,21.23,-9.13,17.62,15.46,-2.16,14.44,22.05,7.61,17.22,18.66,1.44,8.95,5.1,-3.85,4.33,11.06,6.73,5.72,4.12,-1.6,0.17,0.0,-0.17,0.75,0.34,-0.41,0.43,1.99,1.56,-6.01,15.94,-2.95,5881.0,8.6795,0.9182,1.5224,19.0444,-9.6922,16.1877,20.1326,-0.7539,16.0829,,,,,0,-1.08,-9.05,-0.4,1.9331878710141832,1993-1997→1997-2001
4214,Froland,1997-2001,1997,2001,Agder,Agder,4,726,False,2424.0,29.95,19.5,-10.45,16.54,22.34,5.8,6.19,11.19,5.0,27.35,26.14,-1.21,12.0,6.05,-5.95,3.3,9.06,5.76,3.63,3.38,-0.25,0.17,0.0,-0.17,0.58,0.17,-0.41,0.29,2.17,1.88,-0.15,23.56,-11.87,4373.0,8.3832,3.9561,8.626,31.0999,10.5191,12.6686,24.8113,-1.362,10.4491,,,,,0,-3.13,-17.91,0.06,0.13918139367917062,1993-1997→1997-2001
4215,Lillesand,1997-2001,1997,2001,Agder,Agder,3,788,False,4945.0,25.7,15.95,-9.75,16.18,13.25,-2.93,18.26,25.27,7.01,21.66,19.7,-1.96,5.22,3.1,-2.12,5.38,13.45,8.07,5.8,6.08,0.28,0.24,0.0,-0.24,1.21,0.53,-0.68,0.34,2.67,2.33,-5.05,7.26,-1.88,8683.0,9.0691,2.3609,8.8282,9.6741,13.8201,12.035,22.308,0.0825,19.0349,,,,,0,-2.83,-7.42,-3.68,0.30873869455518577,1993-1997→1997-2001
4216,Birkenes,1997-2001,1997,2001,Agder,Agder,4,705,False,2421.0,23.92,17.14,-6.78,12.02,13.07,1.05,14.95,18.4,3.45,29.12,29.66,0.54,13.63,6.89,-6.74,2.23,6.97,4.74,3.43,4.37,0.94,0.08,0.0,-0.08,0.37,0.42,0.05,0.25,3.07,2.82,-5.69,23.38,-5.97,4192.0,8.3409,3.6737,8.2171,26.7176,9.542,13.001,21.8989,-1.5652,13.4438,,,,,0,-0.59,-12.04,2.96,4.572748138053148,1993-1997→1997-2001
4217,Åmli,1997-2001,1997,2001,Agder,Agder,5,591,False,1113.0,38.19,30.41,-7.78,10.24,12.52,2.28,4.76,9.6,4.84,15.9,15.73,-0.17,20.31,14.6,-5.71,7.64,13.09,5.45,2.07,1.22,-0.85,0.0,0.0,0.0,0.81,0.47,-0.34,0.09,2.35,2.26,-3.43,23.49,-2.27,1900.0,7.5496,-2.4211,-6.2215,-14.7368,-9.4737,18.2632,20.0526,-1.4347,13.4577,,,,,0,-2.25,-7.62,0.8,0.5649335777873012,1993-1997→1997-2001
4218,Iveland,1997-2001,1997,2001,Agder,Agder,5,624,False,637.0,20.88,13.95,-6.93,12.72,13.17,0.45,7.54,13.32,5.78,30.77,33.54,2.77,17.58,10.5,-7.08,2.67,5.33,2.66,6.91,4.39,-2.52,0.63,0.0,-0.63,0.31,0.47,0.16,0.0,5.33,5.33,-6.63,30.7,-4.19,1140.0,7.0388,-0.5263,-0.439,-11.4035,6.1404,11.0526,20.1754,0.1467,8.9915,,,,,0,-3.55,-13.16,0.42,0.8957156318811825,1993-1997→1997-2001
4219,Evje og Hornnes,1997-2001,1997,2001,Agder,Agder,4,691,False,1890.0,33.65,20.0,-13.65,12.59,10.67,-1.92,10.26,17.04,6.78,24.44,28.58,4.14,11.59,6.84,-4.75,3.44,9.39,5.95,3.44,3.19,-0.25,0.11,0.0,-0.11,0.21,0.35,0.14,0.26,3.94,3.68,-6.67,15.77,-3.0,3354.0,8.1179,0.1491,0.6894,-7.1556,9.5408,14.8479,22.093,0.1268,15.251,,,,,0,-3.46,-9.37,-1.4,0.17577713850984966,1993-1997→1997-2001
4220,Bygland,1997-2001,1997,2001,Agder,Agder,6,551,False,771.0,25.03,16.2,-8.83,10.25,10.56,0.31,8.3,14.79,6.49,22.44,23.8,1.36,26.72,17.75,-8.97,3.5,10.7,7.2,2.59,2.25,-0.34,0.13,0.0,-0.13,0.91,0.14,-0.77,0.13,3.8,3.67,-8.66,33.99,7.52,1346.0,7.2049,-0.3715,-2.9667,6.6865,-8.9153,17.6077,20.1337,-0.7546,16.3488,,,,,0,-7.71,-6.02,1.14,1.7126817389514932,1993-1997→1997-2001
4221,Valle,1997-2001,1997,2001,Agder,Agder,6,466,False,802.0,26.81,18.61,-8.2,8.35,11.04,2.69,7.61,11.17,3.56,22.94,25.03,2.09,28.3,18.87,-9.43,3.12,9.37,6.25,2.24,2.95,0.71,0.0,0.0,0.0,0.37,0.13,-0.24,0.25,2.82,2.57,-6.74,43.14,-6.18,1458.0,7.2848,-0.1372,3.4826,4.8011,-6.8587,18.1756,21.8107,-1.3487,16.2437,,,,,0,-1.09,-9.74,1.35,1.6891970909128609,1993-1997→1997-2001
4222,Bykle,1997-2001,1997,2001,Agder,Agder,6,467,False,453.0,26.49,17.38,-9.11,8.39,14.76,6.37,10.15,18.33,8.18,19.43,21.43,2.0,25.83,10.24,-15.59,6.18,13.33,7.15,3.53,1.9,-1.63,0.0,0.0,0.0,0.0,0.24,0.24,0.0,2.38,2.38,-9.22,14.22,1.29,862.0,6.7593,2.5522,16.9312,2.3202,24.3619,11.4849,27.8422,-1.6433,20.2417,,,,,0,-4.33,-3.62,0.79,1.737364308548748,1993-1997→1997-2001
4223,Vennesla,1997-2001,1997,2001,Agder,Agder,3,775,False,6941.0,32.08,20.31,-11.77,14.44,10.68,-3.76,5.42,11.4,5.98,35.27,36.54,1.27,7.15,4.3,-2.85,2.07,8.92,6.85,2.26,2.38,0.12,0.12,0.2,0.08,0.32,0.18,-0.14,0.88,5.09,4.21,-6.61,9.93,0.23,11835.0,9.3788,3.2531,5.7825,5.4077,27.2074,11.7448,24.1741,0.1946,9.8505,,,,,0,-1.89,-7.88,-0.49,-0.4494717666745592,1993-1997→1997-2001
4224,Åseral,1997-2001,1997,2001,Agder,Agder,6,536,False,508.0,17.72,12.28,-5.44,10.83,10.89,0.06,5.91,9.7,3.79,34.25,43.96,9.71,27.56,11.68,-15.88,0.79,5.74,4.95,1.57,1.19,-0.38,0.0,0.0,0.0,0.59,0.0,-0.59,0.79,4.55,3.76,-15.82,16.19,-16.19,849.0,6.7441,2.1201,6.7734,22.3793,-1.1779,21.437,23.3216,-3.5592,9.8214,,,,,0,1.45,-16.8,-2.04,-1.3588508913301682,1993-1997→1997-2001
4225,Lyngdal,1997-2001,1997,2001,Agder,Agder,4,695,False,4797.0,18.7,12.81,-5.89,15.68,12.34,-3.34,11.8,19.97,8.17,35.17,35.77,0.6,12.99,6.84,-6.15,1.38,5.52,4.14,3.38,2.66,-0.72,0.1,0.11,0.01,0.31,0.26,-0.05,0.5,3.71,3.21,-9.49,16.42,-5.34,8546.0,9.0532,1.802,4.4167,1.6382,16.616,13.7491,23.1921,-1.0365,13.7984,,,,,1,-0.95,-15.01,1.18,2.453185446860104,1993-1997→1997-2001
4226,Hægebostad,1997-2001,1997,2001,Agder,Agder,5,575,False,961.0,16.86,10.66,-6.2,8.32,9.79,1.47,8.74,12.62,3.88,37.15,42.87,5.72,26.22,13.93,-12.29,0.52,4.68,4.16,1.35,1.09,-0.26,0.1,0.0,-0.1,0.31,0.11,-0.2,0.42,4.24,3.82,-10.82,26.91,-11.94,1568.0,7.3576,4.7832,7.0358,49.7449,-0.6378,15.8163,22.6403,-2.2436,9.943,,,,,0,1.21,-19.04,1.71,2.199846821208134,1993-1997→1997-2001
4227,Kvinesdal,1997-2001,1997,2001,Agder,Agder,5,650,False,3173.0,23.98,16.85,-7.13,16.1,15.82,-0.28,10.12,17.64,7.52,28.81,27.38,-1.43,14.09,6.82,-7.27,2.36,6.39,4.03,2.99,3.67,0.68,0.13,0.07,-0.06,0.6,0.2,-0.4,0.82,5.16,4.34,-7.55,18.87,-3.42,5657.0,8.6406,-1.9445,-2.0657,-19.6217,0.0,15.0256,23.2632,-0.4412,10.5335,,,,,0,-1.57,-10.04,-0.86,0.5601124452154368,1993-1997→1997-2001
4228,Sirdal,1997-2001,1997,2001,Agder,Agder,5,575,False,1083.0,20.04,15.89,-4.15,10.99,10.03,-0.96,8.59,15.99,7.4,27.42,28.5,1.08,24.28,15.39,-8.89,1.85,5.66,3.81,5.91,5.26,-0.65,0.0,0.1,0.1,0.46,0.1,-0.36,0.46,3.08,2.62,-9.85,25.53,0.55,1753.0,7.4691,-0.9127,1.9366,-5.7045,-2.2818,18.8819,21.2208,-1.3229,16.365,,,,,0,3.14,-16.14,-1.23,-0.094486100231302,1993-1997→1997-2001
4601,Bergen,1997-2001,1997,2001,Vestland,Vestlandet,2,895,False,132982.0,32.65,20.24,-12.41,16.85,16.2,-0.65,16.31,25.4,9.09,12.88,11.96,-0.92,2.95,1.63,-1.32,5.59,12.19,6.6,6.77,4.38,-2.39,0.14,0.13,-0.01,4.57,5.21,0.64,1.29,2.67,1.38,-1.97,3.94,-2.22,224308.0,12.3208,2.9602,8.2515,9.6742,19.9904,13.8212,25.3339,-0.4238,25.477,,,,,0,-3.03,-7.36,-4.13,-0.5357861176881684,1993-1997→1997-2001
4602,Kinn,1997-2001,1997,2001,Vestland,Vestlandet,5,663,False,9613.0,29.47,21.42,-8.05,10.57,15.09,4.52,12.9,18.34,5.44,14.25,14.39,0.14,5.71,4.77,-0.94,4.49,17.03,12.54,21.47,5.59,-15.88,0.11,0.0,-0.11,0.61,0.3,-0.31,0.41,3.07,2.66,3.58,8.8,-2.55,17424.0,9.7656,1.6701,7.7489,-7.3462,24.3916,13.1485,24.1162,0.1735,14.5956,,,,,1,-6.66,-8.74,-5.48,-2.289099857816839,1993-1997→1997-2001
4611,Etne,1997-2001,1997,2001,Vestland,Vestlandet,5,604,False,2342.0,21.39,14.16,-7.23,13.54,17.42,3.88,9.95,14.52,4.57,24.64,21.42,-3.22,18.15,12.93,-5.22,2.99,7.8,4.81,7.13,5.72,-1.41,0.13,0.23,0.1,0.77,0.54,-0.23,1.32,5.26,3.94,-1.34,22.53,-6.45,3959.0,8.2837,-0.3536,-1.6455,-18.6916,14.9028,16.292,21.6469,-0.1957,11.9883,,,,,0,-0.63,-20.97,0.13,1.3035003115454504,1993-1997→1997-2001
4612,Sveio,1997-2001,1997,2001,Vestland,Vestlandet,4,673,False,2713.0,23.52,13.06,-10.46,17.4,22.74,5.34,8.15,15.28,7.13,23.04,19.36,-3.68,11.28,7.53,-3.75,2.69,7.86,5.17,12.05,8.72,-3.33,0.15,0.04,-0.11,0.7,0.63,-0.07,1.03,4.78,3.75,1.59,13.79,-2.14,4580.0,8.4295,1.9432,1.8987,5.0218,14.4105,12.1834,20.3493,-0.425,12.9381,,,,,0,0.13,-16.81,-1.93,-0.7507523182794829,1993-1997→1997-2001
4613,Bømlo,1997-2001,1997,2001,Vestland,Vestlandet,5,644,False,6047.0,21.38,11.75,-9.63,14.67,17.44,2.77,10.63,16.3,5.67,37.64,31.95,-5.69,5.79,2.13,-3.66,1.77,5.26,3.49,5.89,3.92,-1.97,0.1,0.12,0.02,0.73,0.84,0.11,1.41,10.28,8.87,-0.89,8.79,-4.02,10477.0,9.2569,3.4552,11.4321,7.254,27.7751,12.9426,23.0791,-0.3954,12.4822,,,,,0,1.41,-15.62,-2.27,-0.4434827308192053,1993-1997→1997-2001
4614,Stord,1997-2001,1997,2001,Vestland,Vestlandet,4,746,False,8919.0,31.39,23.16,-8.23,15.63,16.87,1.24,10.66,16.13,5.47,20.97,18.76,-2.21,4.46,2.81,-1.65,6.21,11.37,5.16,7.42,4.54,-2.88,0.12,0.16,0.04,1.87,1.9,0.03,1.26,4.3,3.04,-0.41,7.33,-3.02,15781.0,9.6666,2.9149,10.6034,-11.9764,41.569,9.1819,26.3165,0.4788,20.3751,,,,,0,-2.46,-10.83,-1.32,0.2029599515453091,1993-1997→1997-2001
4615,Fitjar,1997-2001,1997,2001,Vestland,Vestlandet,5,603,False,1821.0,17.79,10.86,-6.93,18.56,20.72,2.16,10.6,16.66,6.06,32.62,29.69,-2.93,9.28,6.24,-3.04,3.35,6.07,2.72,6.1,3.62,-2.48,0.05,0.0,-0.05,0.71,0.67,-0.04,0.93,5.46,4.53,-0.88,17.63,-2.78,2935.0,7.9845,1.4651,-3.4997,-23.1687,38.1601,11.8569,22.8961,0.2653,12.8054,,,,,0,1.69,-20.33,0.14,1.472999620055988,1993-1997→1997-2001
4616,Tysnes,1997-2001,1997,2001,Vestland,Vestlandet,5,578,False,1704.0,18.72,12.48,-6.24,13.56,17.25,3.69,10.5,18.23,7.73,28.23,23.43,-4.8,14.91,10.21,-4.7,2.82,6.79,3.97,7.69,5.26,-2.43,0.29,0.06,-0.23,1.53,1.28,-0.25,1.76,5.02,3.26,-1.01,29.04,-15.93,2791.0,7.9342,5.2669,1.4853,58.7603,-5.3744,21.1394,17.4848,-1.0917,12.4319,,,,,0,-0.11,-18.12,-2.18,-0.2703364130413648,1993-1997→1997-2001
4617,Kvinnherad,1997-2001,1997,2001,Vestland,Vestlandet,5,587,False,7444.0,27.38,18.39,-8.99,15.01,18.74,3.73,7.97,14.49,6.52,21.9,19.94,-1.96,12.98,7.82,-5.16,4.25,9.57,5.32,7.74,5.2,-2.54,0.12,0.12,0.0,1.57,1.17,-0.4,1.1,4.55,3.45,-1.43,23.87,-5.99,13111.0,9.4812,0.7703,0.932,-7.4746,14.9493,14.3467,22.5917,-0.3822,13.1325,,,,,0,-1.32,-16.8,-1.7,-0.5734941939620133,1993-1997→1997-2001
4618,Ullensvang,1997-2001,1997,2001,Vestland,Vestlandet,5,583,False,7650.0,33.92,26.21,-7.71,10.44,9.46,-0.98,8.86,14.48,5.62,12.95,12.67,-0.28,13.97,10.19,-3.78,6.54,13.57,7.03,7.84,5.87,-1.97,0.24,0.15,-0.09,4.12,4.31,0.19,1.11,3.09,1.98,-4.76,19.72,-3.91,12828.0,9.4594,-3.4768,-8.1522,-31.8834,-1.9489,18.8416,20.884,0.0003,14.2651,,,,,1,-1.78,-11.89,-0.97,0.24713790315136652,1993-1997→1997-2001
4619,Eidfjord,1997-2001,1997,2001,Vestland,Vestlandet,6,531,False,570.0,28.95,22.08,-6.87,15.26,13.17,-2.09,13.68,25.79,12.11,8.95,9.83,0.88,17.72,11.5,-6.22,3.33,7.98,4.65,8.42,3.71,-4.71,0.18,0.37,0.19,2.11,1.67,-0.44,1.4,3.9,2.5,-8.31,43.75,-22.73,1070.0,6.9754,-6.4486,-7.4006,-49.5327,-14.9533,17.5701,19.5327,-0.5871,11.6082,,,,,0,-7.44,-17.69,4.5,5.510986815835795,1993-1997→1997-2001
4620,Ulvik,1997-2001,1997,2001,Vestland,Vestlandet,6,529,False,733.0,21.01,14.91,-6.1,7.09,6.43,-0.66,5.05,11.7,6.65,9.14,9.21,0.07,21.01,16.67,-4.34,6.55,12.57,6.02,25.65,22.66,-2.99,0.0,0.15,0.15,3.55,3.22,-0.33,0.95,2.49,1.54,-5.0,35.93,-8.56,1264.0,7.142,-4.2722,-2.3406,-22.1519,-21.3608,19.9367,20.8861,-1.259,17.3347,,,,,0,3.62,-12.24,-2.24,-1.6866185231159876,1993-1997→1997-2001
4621,Voss,1997-2001,1997,2001,Vestland,Vestlandet,4,720,False,8801.0,31.34,24.03,-7.31,8.53,9.95,1.42,7.18,11.53,4.35,12.93,14.4,1.47,19.35,14.38,-4.97,6.16,11.33,5.17,10.54,8.29,-2.25,0.12,0.15,0.03,2.77,3.4,0.63,1.07,2.52,1.45,-3.55,29.55,-8.13,14830.0,9.6044,0.0202,-1.9371,-2.8995,2.6298,17.6534,20.7755,0.0167,16.7777,,,,,1,-1.14,-13.76,-0.63,-0.026659730820267513,1993-1997→1997-2001
4622,Kvam,1997-2001,1997,2001,Vestland,Vestlandet,4,674,False,5132.0,24.14,17.63,-6.51,11.13,11.31,0.18,9.06,14.35,5.29,21.82,20.29,-1.53,14.32,11.01,-3.31,4.21,9.81,5.6,12.24,8.86,-3.38,0.29,0.2,-0.09,1.46,2.17,0.71,1.33,4.38,3.05,-3.13,26.91,-6.12,8555.0,9.0543,0.5143,-1.0472,6.5459,-1.1689,17.7557,20.3156,-0.5211,15.2326,,,,,0,-0.66,-17.4,-1.42,-0.1275350185071511,1993-1997→1997-2001
4623,Samnanger,1997-2001,1997,2001,Vestland,Vestlandet,4,683,False,1387.0,35.11,27.06,-8.05,11.25,16.15,4.9,6.92,12.35,5.43,20.76,18.59,-2.17,12.18,8.11,-4.07,4.4,7.97,3.57,6.49,4.09,-2.4,0.0,0.14,0.14,1.8,1.29,-0.51,1.08,4.24,3.16,0.83,15.34,-3.94,2371.0,7.7711,-2.868,-3.3165,-12.2311,-17.714,17.2079,20.2024,-0.6209,12.8357,,,,,0,-2.22,-12.94,-1.57,-0.7806660344901942,1993-1997→1997-2001
4624,Bjørnafjorden,1997-2001,1997,2001,Vestland,Vestlandet,4,766,False,10141.0,27.32,16.51,-10.81,20.58,21.71,1.13,11.52,20.28,8.76,18.68,17.3,-1.38,7.63,5.4,-2.23,4.04,8.8,4.76,7.21,5.0,-2.21,0.1,0.08,-0.02,1.9,1.91,0.01,1.02,3.0,1.98,-1.1,11.63,-2.75,16969.0,9.7391,4.3491,7.3021,20.6258,23.7492,11.6389,22.2759,-0.0615,16.8836,,,,,1,-2.53,-15.87,-3.67,-1.3169146848309348,1993-1997→1997-2001
4625,Austevoll,1997-2001,1997,2001,Vestland,Vestlandet,5,598,False,2475.0,22.91,10.93,-11.98,15.96,19.66,3.7,15.15,26.96,11.81,30.14,24.47,-5.67,6.79,4.2,-2.59,2.14,4.08,1.94,4.61,3.18,-1.43,0.08,0.0,-0.08,0.89,1.67,0.78,1.33,4.85,3.52,1.11,18.7,-6.1,4274.0,8.3603,4.0243,7.1842,18.0159,22.2274,14.4127,21.3617,-0.8275,11.5457,,,,,0,2.63,-21.07,-5.7,-1.808253507411667,1993-1997→1997-2001
4626,Øygarden,1997-2001,1997,2001,Vestland,Vestlandet,4,769,False,14724.0,30.05,18.12,-11.93,20.16,20.56,0.4,12.75,21.9,9.15,21.84,19.88,-1.96,3.95,2.08,-1.87,3.24,8.2,4.96,5.33,3.14,-2.19,0.16,0.11,-0.05,1.42,1.59,0.17,1.09,4.42,3.33,-1.47,9.49,-5.85,25836.0,10.1595,6.1774,19.0263,26.5134,35.2996,9.0842,24.1253,-0.1749,13.3893,,,,,1,-1.56,-12.7,-3.51,-1.0101645499106078,1993-1997→1997-2001
4627,Askøy,1997-2001,1997,2001,Vestland,Vestlandet,3,810,False,11040.0,35.81,22.19,-13.62,16.88,18.32,1.44,13.04,22.43,9.39,16.73,15.3,-1.43,3.22,1.4,-1.82,4.43,11.01,6.58,6.77,3.91,-2.86,0.11,0.11,0.0,1.99,2.22,0.23,1.02,3.11,2.09,-0.38,3.41,-1.88,19064.0,9.8556,5.4133,8.1593,19.5132,34.9874,10.4752,23.6781,-0.324,13.8651,,,,,0,-2.54,-9.08,-3.41,-0.7384555111083735,1993-1997→1997-2001
4628,Vaksdal,1997-2001,1997,2001,Vestland,Vestlandet,5,644,False,2653.0,38.41,29.07,-9.34,9.84,13.53,3.69,5.88,10.92,5.04,18.06,17.21,-0.85,12.78,7.71,-5.07,4.94,11.63,6.69,6.37,3.6,-2.77,0.19,0.2,0.01,1.96,1.94,-0.02,1.58,4.19,2.61,-1.38,14.92,-5.96,4286.0,8.3631,-1.9365,-6.183,-10.4993,-9.3327,21.6986,18.4088,-0.5946,10.5613,,,,,0,-0.94,-14.11,-0.4,-0.0971400767887472,1993-1997→1997-2001
4629,Modalen,1997-2001,1997,2001,Vestland,Vestlandet,6,530,False,179.0,15.64,15.88,0.24,3.91,11.18,7.27,6.15,12.35,6.2,25.14,24.12,-1.02,27.93,15.29,-12.64,7.82,5.88,-1.94,7.82,2.94,-4.88,0.0,0.0,0.0,2.79,2.35,-0.44,2.79,10.0,7.21,-5.37,0.0,0.0,345.0,5.8435,2.8986,8.2317,43.4783,0.0,14.7826,20.0,-0.9798,16.4122,,,,,0,-3.25,-18.74,-0.52,-0.041665742260164895,1993-1997→1997-2001
4630,Osterøy,1997-2001,1997,2001,Vestland,Vestlandet,4,717,False,4141.0,26.76,19.77,-6.99,15.91,17.82,1.91,9.56,15.62,6.06,23.38,21.58,-1.8,9.76,6.43,-3.33,3.86,7.67,3.81,7.85,5.33,-2.52,0.07,0.07,0.0,1.64,1.76,0.12,1.21,3.96,2.75,-1.42,15.58,-10.18,7009.0,8.855,0.7704,0.4551,-11.9846,19.8316,14.5099,21.5865,-0.2667,10.5618,,,,,0,-2.63,-20.0,-0.52,0.6270468740303838,1993-1997→1997-2001
4631,Alver,1997-2001,1997,2001,Vestland,Vestlandet,4,731,False,13055.0,26.24,17.01,-9.23,13.87,16.67,2.8,9.37,16.09,6.72,25.77,24.49,-1.28,11.88,7.66,-4.22,3.68,7.76,4.08,6.5,4.67,-1.83,0.05,0.08,0.03,1.43,1.89,0.46,1.22,3.68,2.46,-1.42,24.82,-7.98,22001.0,9.9988,2.8499,7.3995,7.5451,21.09,12.6222,22.449,-0.4514,13.7088,,,,,1,0.78,-17.63,-2.25,-0.7816009811409501,1993-1997→1997-2001
4632,Austrheim,1997-2001,1997,2001,Vestland,Vestlandet,5,641,False,1551.0,24.69,16.58,-8.11,16.89,16.91,0.02,16.31,25.57,9.26,23.86,21.3,-2.56,8.19,4.53,-3.66,2.32,5.99,3.67,5.09,3.66,-1.43,0.06,0.27,0.21,1.48,1.26,-0.22,1.1,3.93,2.83,-3.64,10.91,-2.78,2602.0,7.864,-3.0746,-5.5784,-39.2006,8.8394,13.4512,22.8286,-0.2077,11.7245,,,,,0,-0.73,-12.14,-4.97,-0.9702032832271978,1993-1997→1997-2001
4633,Fedje,1997-2001,1997,2001,Vestland,Vestlandet,6,436,False,431.0,26.22,18.95,-7.27,17.17,5.48,-11.69,13.92,21.69,7.77,27.38,30.14,2.76,6.03,1.14,-4.89,0.46,4.79,4.33,3.25,3.65,0.4,0.0,0.0,0.0,1.39,1.6,0.21,4.18,12.56,8.38,-16.58,0.0,0.0,670.0,6.5073,2.6866,-4.577,40.2985,-14.9254,20.0,18.6567,1.0756,10.9489,,,,,0,-2.44,-5.65,-4.98,-1.3700529513741486,1993-1997→1997-2001
4634,Masfjorden,1997-2001,1997,2001,Vestland,Vestlandet,6,552,False,1076.0,21.38,15.68,-5.7,9.67,12.18,2.51,9.67,15.58,5.91,26.67,26.35,-0.32,19.89,12.94,-6.95,3.16,6.52,3.36,7.81,5.38,-2.43,0.0,0.0,0.0,0.56,0.94,0.38,1.21,4.44,3.23,-4.44,12.81,-2.51,1821.0,7.5071,-3.2949,-5.9797,-32.9489,-2.1966,17.5178,18.9456,1.1647,10.149,,,,,0,0.79,-17.01,-1.03,0.4114821845166059,1993-1997→1997-2001
4635,Gulen,1997-2001,1997,2001,Vestland,Vestlandet,6,483,False,1457.0,22.44,15.12,-7.32,8.37,8.45,0.08,8.85,15.12,6.27,25.19,25.14,-0.05,24.16,18.26,-5.9,3.71,8.72,5.01,6.45,3.41,-3.04,0.27,0.0,-0.27,0.21,0.48,0.27,0.34,5.31,4.97,-5.82,43.73,-21.8,2475.0,7.814,-0.0808,-4.3327,10.101,-10.9091,19.8788,19.5556,-1.4396,10.8136,,,,,0,-0.16,-17.67,-1.11,0.19174175155500928,1993-1997→1997-2001
4636,Solund,1997-2001,1997,2001,Vestland,Vestlandet,6,350,False,571.0,20.32,11.79,-8.53,9.11,13.16,4.05,16.99,21.61,4.62,23.82,17.68,-6.14,17.34,11.0,-6.34,3.33,5.89,2.56,7.88,4.32,-3.56,0.0,0.0,0.0,0.7,0.2,-0.5,0.53,14.34,13.81,-2.29,15.5,-3.54,1039.0,6.946,-9.8171,-17.2992,-69.2974,-29.8364,21.8479,17.9018,-0.8234,10.6587,,,,,0,-1.6,-16.72,-1.73,1.8542544360825621,1993-1997→1997-2001
4637,Hyllestad,1997-2001,1997,2001,Vestland,Vestlandet,6,481,False,958.0,30.27,20.92,-9.35,4.8,7.51,2.71,6.37,8.09,1.72,22.03,24.51,2.48,27.14,19.42,-7.72,4.7,9.71,5.01,4.18,3.24,-0.94,0.0,0.0,0.0,0.42,0.12,-0.3,0.1,6.47,6.37,-5.01,43.48,-3.93,1663.0,7.4164,-6.3139,-9.5238,-51.7138,-12.0265,19.0018,22.3091,-1.4152,11.2024,,,,,0,2.5,-13.71,-2.08,-1.157868438144188,1993-1997→1997-2001
4638,Høyanger,1997-2001,1997,2001,Vestland,Vestlandet,6,547,False,2817.0,44.2,32.29,-11.91,7.53,9.89,2.36,7.85,11.98,4.13,14.2,12.4,-1.8,12.64,12.44,-0.2,6.18,14.11,7.93,5.25,2.32,-2.93,0.11,0.0,-0.11,1.81,1.14,-0.67,0.25,3.42,3.17,2.16,16.69,-4.11,4799.0,8.4762,-3.0423,-3.7642,-28.9644,-2.2921,18.7539,23.6924,-1.1309,13.2468,,,,,0,-3.61,-5.91,-1.95,-0.7611330726832024,1993-1997→1997-2001
4639,Vik,1997-2001,1997,2001,Vestland,Vestlandet,6,532,False,1824.0,29.71,18.68,-11.03,6.2,8.84,2.64,6.41,7.37,0.96,18.04,12.43,-5.61,30.26,39.42,9.16,4.88,8.01,3.13,3.89,3.18,-0.71,0.0,0.0,0.0,0.44,0.24,-0.2,0.16,1.83,1.67,11.8,34.42,0.9,3073.0,8.0304,-4.2304,16.7394,-25.7078,-15.9453,21.4448,18.6137,-0.1061,11.6619,,,,,0,3.51,-14.03,-1.59,-1.008154870572016,1993-1997→1997-2001
4640,Sogndal,1997-2001,1997,2001,Vestland,Vestlandet,5,659,False,6149.0,35.19,22.01,-13.18,7.12,7.92,0.8,9.2,10.02,0.82,16.51,12.23,-4.28,16.38,28.27,11.89,6.94,11.99,5.05,7.27,4.97,-2.3,0.13,0.0,-0.13,0.99,0.58,-0.41,0.26,2.01,1.75,12.69,27.24,-4.94,10379.0,9.2475,-0.1349,-2.8858,-18.7879,17.6318,14.2114,23.4608,-0.2413,24.0305,,,,,1,0.56,-9.94,-2.39,-0.8198430162147918,1993-1997→1997-2001
4641,Aurland,1997-2001,1997,2001,Vestland,Vestlandet,6,528,False,1089.0,33.15,24.58,-8.57,7.99,9.34,1.35,11.11,17.5,6.39,11.11,9.44,-1.67,20.2,22.03,1.83,5.23,10.82,5.59,9.92,3.93,-5.99,0.28,0.0,-0.28,0.83,0.2,-0.63,0.18,2.16,1.98,3.18,35.28,5.63,1885.0,7.5417,-3.0769,-1.8797,-23.3422,-7.4271,17.2944,22.3342,-0.3815,13.715,,,,,0,-1.09,-7.4,-1.64,0.2894496377085498,1993-1997→1997-2001
4642,Lærdal,1997-2001,1997,2001,Vestland,Vestlandet,5,570,False,1288.0,40.61,29.99,-10.62,6.91,10.34,3.43,6.29,7.38,1.09,11.49,6.26,-5.23,20.89,30.63,9.74,6.91,10.51,3.6,6.13,3.05,-3.08,0.23,0.0,-0.23,0.39,0.4,0.01,0.16,1.44,1.28,13.17,0.0,0.0,2250.0,7.7187,-2.1778,-0.1814,-21.3333,-3.1111,18.9778,20.5778,-1.8492,16.9126,,,,,0,-1.18,-7.64,-1.07,-0.513015968556139,1993-1997→1997-2001
4643,Årdal,1997-2001,1997,2001,Vestland,Vestlandet,5,592,False,3614.0,71.58,60.21,-11.37,6.72,7.78,1.06,5.31,7.28,1.97,5.89,4.87,-1.02,3.24,6.07,2.83,4.51,9.21,4.7,2.16,1.76,-0.4,0.0,0.0,0.0,0.25,0.21,-0.04,0.33,2.61,2.28,3.89,0.0,0.0,5884.0,8.68,-2.1074,-7.4253,-33.3107,12.0666,14.123,23.1815,1.8665,13.435,,,,,0,-2.21,-1.89,-0.85,-0.5609134784679328,1993-1997→1997-2001
4644,Luster,1997-2001,1997,2001,Vestland,Vestlandet,5,567,False,2989.0,39.51,29.51,-10.0,6.26,6.6,0.34,4.05,6.99,2.94,23.02,17.25,-5.77,19.64,28.76,9.12,2.88,6.42,3.54,3.95,1.9,-2.05,0.03,0.0,-0.03,0.33,0.14,-0.19,0.33,2.44,2.11,9.46,25.8,-25.8,5115.0,8.5399,-3.1476,-3.2044,-22.0919,-9.3842,18.9834,20.0196,-1.1594,14.0539,,,,,0,2.19,-12.78,-1.9,-1.6855722267470177,1993-1997→1997-2001
4645,Askvoll,1997-2001,1997,2001,Vestland,Vestlandet,6,504,False,1929.0,25.92,18.39,-7.53,7.0,7.07,0.07,7.52,10.73,3.21,21.82,19.15,-2.67,22.4,15.43,-6.97,4.2,6.9,2.7,10.11,9.06,-1.05,0.0,0.0,0.0,0.47,0.38,-0.09,0.57,12.89,12.32,-6.9,37.55,-10.55,3442.0,8.1438,-1.8303,-4.3589,-13.0738,-5.2295,18.129,18.7682,-0.1651,12.4404,,,,,0,-0.59,-15.03,-0.35,0.3612940975304453,1993-1997→1997-2001
4646,Fjaler,1997-2001,1997,2001,Vestland,Vestlandet,6,562,False,1666.0,25.93,20.26,-5.67,5.16,6.9,1.74,7.86,12.06,4.2,19.87,14.19,-5.68,24.43,19.68,-4.75,6.66,11.94,5.28,8.46,6.77,-1.69,0.24,0.0,-0.24,1.14,1.48,0.34,0.24,6.71,6.47,-3.01,29.85,-6.19,3047.0,8.0219,-3.6429,1.4162,-11.4867,-24.6144,17.788,19.3633,-0.2131,13.5516,,,,,0,-2.17,-12.92,0.01,0.7614641278223799,1993-1997→1997-2001
4647,Sunnfjord,1997-2001,1997,2001,Vestland,Vestlandet,5,667,False,10519.0,26.61,19.63,-6.98,5.41,8.15,2.74,10.04,13.21,3.17,23.41,18.24,-5.17,19.49,17.05,-2.44,7.87,12.88,5.01,5.95,7.88,1.93,0.04,0.0,-0.04,0.85,0.52,-0.33,0.34,2.44,2.1,0.3,27.65,-5.04,18481.0,9.8245,3.8905,10.58,8.2788,30.5178,12.2991,23.9814,-0.8356,20.3188,,,,,1,0.56,-11.83,-0.1,1.0153874341203375,1993-1997→1997-2001
4648,Bremanger,1997-2001,1997,2001,Vestland,Vestlandet,6,476,False,2508.0,28.63,20.99,-7.64,8.45,12.2,3.75,9.21,13.0,3.79,17.07,19.94,2.87,11.64,10.39,-1.25,3.47,16.15,12.68,21.21,4.12,-17.09,0.0,0.0,0.0,0.2,0.21,0.01,0.12,2.99,2.87,2.5,27.65,-7.42,4246.0,8.3537,-2.52,-8.8527,-18.8413,-6.83,18.8177,20.9374,0.2207,9.899,,,,,0,-6.23,-11.98,-2.7,-0.878857330011926,1993-1997→1997-2001
4649,Stad,1997-2001,1997,2001,Vestland,Vestlandet,5,607,False,5224.0,21.27,14.26,-7.01,9.92,15.22,5.3,17.44,15.28,-2.16,22.21,19.61,-2.6,17.67,16.71,-0.96,3.62,10.34,6.72,7.25,5.06,-2.19,0.04,0.0,-0.04,0.36,0.29,-0.07,0.23,3.22,2.99,4.34,24.35,-5.48,8995.0,9.1044,-1.4564,1.3376,-30.9061,16.1201,14.1968,21.8455,-0.1963,14.5882,,,,,1,-1.52,-17.59,4.37,6.310184335155132,1993-1997→1997-2001
4650,Gloppen,1997-2001,1997,2001,Vestland,Vestlandet,5,617,False,3587.0,17.73,10.67,-7.06,4.35,5.65,1.3,9.73,10.96,1.23,25.15,25.47,0.32,28.41,27.43,-0.98,5.27,10.64,5.37,8.48,6.97,-1.51,0.11,0.0,-0.11,0.5,0.38,-0.12,0.28,1.84,1.56,0.32,43.93,-8.14,5893.0,8.6815,-3.3769,-8.6475,-28.8478,-5.0908,17.3426,20.1934,-0.0788,19.8789,,,,,0,1.13,-15.41,0.42,1.4839978901080983,1993-1997→1997-2001
4651,Stryn,1997-2001,1997,2001,Vestland,Vestlandet,5,603,False,3904.0,23.13,16.63,-6.5,13.86,10.49,-3.37,8.56,13.0,4.44,20.52,19.72,-0.8,25.2,22.56,-2.64,3.02,7.92,4.9,5.15,6.39,1.24,0.05,0.0,-0.05,0.33,0.19,-0.14,0.18,3.09,2.91,-6.01,37.0,-3.32,6682.0,8.8072,1.3768,0.2219,5.3876,9.578,15.9982,22.4633,-1.2949,14.3919,,,,,0,-0.35,-14.82,-3.06,-1.4647721663155266,1993-1997→1997-2001
5001,Trondheim - Tråante,1997-2001,1997,2001,Trøndelag,Trøndelag,2,885,False,88621.0,39.6,28.37,-11.23,13.49,12.24,-1.25,16.77,20.98,4.21,8.85,7.68,-1.17,3.7,2.51,-1.19,8.29,18.49,10.2,4.13,3.51,-0.62,0.45,0.56,0.11,3.13,1.48,-1.65,1.58,4.18,2.6,-2.44,4.28,-1.91,149391.0,11.9143,3.863,8.9751,15.8778,22.9532,12.5791,25.8811,-0.5039,25.4833,,,,,1,-1.53,-6.79,-3.89,-0.23866276331605318,1993-1997→1997-2001
5006,Steinkjer - Stïentje,1997-2001,1997,2001,Trøndelag,Trøndelag,4,721,False,13645.0,41.7,35.36,-6.34,8.77,9.4,0.63,6.82,9.7,2.88,9.59,8.19,-1.4,20.43,17.07,-3.36,6.11,13.78,7.67,4.92,3.54,-1.38,0.07,0.1,0.03,0.95,0.49,-0.46,0.65,2.38,1.73,-2.73,35.9,-11.02,23461.0,10.0631,-0.8482,-2.3549,-10.2724,1.8328,16.3207,21.5677,0.0622,16.1762,,,,,1,0.83,-9.92,-2.04,-1.1825451235551054,1993-1997→1997-2001
5007,Namsos - Nåavmesjenjaelmie,1997-2001,1997,2001,Trøndelag,Trøndelag,4,690,False,8474.0,44.35,35.07,-9.28,10.3,11.4,1.1,6.54,10.78,4.24,11.69,10.22,-1.47,13.48,9.18,-4.3,6.92,15.87,8.95,4.89,3.49,-1.4,0.15,0.16,0.01,0.91,0.31,-0.6,0.78,3.51,2.73,-3.2,18.15,-8.43,14927.0,9.6109,0.5091,1.3716,-7.7042,12.6616,15.1203,22.5698,-0.3765,16.4423,,,,,1,2.99,-11.17,-2.17,-1.3506316062435184,1993-1997→1997-2001
5014,Frøya,1997-2001,1997,2001,Trøndelag,Trøndelag,6,531,False,2314.0,40.06,27.65,-12.41,12.62,15.17,2.55,9.59,13.16,3.57,18.71,16.27,-2.44,6.7,3.43,-3.27,5.06,10.69,5.63,4.75,3.38,-1.37,0.26,0.05,-0.21,0.82,0.37,-0.45,1.43,9.83,8.4,-0.72,10.67,-3.37,4104.0,8.3197,0.2193,-3.041,9.9903,-7.7973,19.5419,21.4912,-0.918,8.0757,,,,,0,-5.59,-10.65,-0.73,0.6313773768946458,1993-1997→1997-2001
5020,Osen,1997-2001,1997,2001,Trøndelag,Trøndelag,6,459,False,668.0,28.74,21.04,-7.7,7.93,10.29,2.36,5.24,8.91,3.67,17.07,16.9,-0.17,27.1,18.59,-8.51,5.69,11.21,5.52,6.44,3.69,-2.75,0.15,0.15,0.0,1.2,0.15,-1.05,0.45,9.06,8.61,-6.15,30.07,-7.25,1203.0,7.0926,-2.2444,-8.6957,-19.9501,-4.1563,19.7007,17.5395,0.5373,7.7083,,,,,0,2.0,-10.55,0.01,0.17073227100193492,1993-1997→1997-2001
5021,Oppdal,1997-2001,1997,2001,Trøndelag,Trøndelag,5,666,False,3631.0,33.16,25.8,-7.36,10.58,10.06,-0.52,9.67,14.63,4.96,17.85,17.28,-0.57,19.66,15.71,-3.95,3.83,9.89,6.06,4.19,3.78,-0.41,0.25,0.09,-0.16,0.44,0.26,-0.18,0.39,2.5,2.11,-4.47,34.66,-2.78,6279.0,8.745,0.7645,1.8349,5.2556,1.9111,15.512,21.6754,-0.5286,12.1291,,,,,0,0.08,-13.51,-0.2,0.9112580783782136,1993-1997→1997-2001
5022,Rennebu,1997-2001,1997,2001,Trøndelag,Trøndelag,5,602,False,1673.0,30.66,24.7,-5.96,5.2,7.24,2.04,5.2,7.37,2.17,25.16,27.24,2.08,24.03,18.79,-5.24,2.99,8.13,5.14,5.08,3.56,-1.52,0.18,0.0,-0.18,0.6,0.25,-0.35,0.9,2.73,1.83,-3.2,30.82,-4.25,2774.0,7.928,-2.5955,-7.97,-19.106,-8.6518,19.5386,20.1514,0.0025,9.8214,,,,,0,0.33,-11.59,-0.1,-0.019616776538396413,1993-1997→1997-2001
5025,Røros - Rosse,1997-2001,1997,2001,Trøndelag,Trøndelag,5,644,False,3383.0,45.46,38.52,-6.94,8.39,7.34,-1.05,8.01,12.74,4.73,7.95,7.22,-0.73,12.56,8.3,-4.26,9.05,16.24,7.19,3.87,3.04,-0.83,0.3,0.19,-0.11,3.07,1.77,-1.3,1.33,4.65,3.32,-5.31,0.0,0.0,5476.0,8.6081,2.1549,3.997,25.7487,-3.8349,18.4441,20.3251,-0.8181,15.0756,,,,,0,1.38,-10.55,-2.0,-0.8382833064420576,1993-1997→1997-2001
5026,Holtålen,1997-2001,1997,2001,Trøndelag,Trøndelag,6,524,False,1466.0,50.14,43.65,-6.49,5.8,6.68,0.88,3.96,6.24,2.28,9.69,8.14,-1.55,18.89,14.75,-4.14,6.75,13.94,7.19,1.98,1.47,-0.51,0.0,0.07,0.07,1.3,0.51,-0.79,1.5,4.55,3.05,-3.26,19.96,-19.96,2288.0,7.7354,-3.9336,-11.0841,-3.4965,-36.2762,23.6451,19.6241,-2.2165,9.8746,,,,,0,-0.19,-7.27,0.64,0.3009900889618097,1993-1997→1997-2001
5027,Midtre Gauldal,1997-2001,1997,2001,Trøndelag,Trøndelag,5,657,False,3536.0,35.69,30.79,-4.9,6.31,7.49,1.18,5.57,7.3,1.73,18.52,17.44,-1.08,25.06,21.43,-3.63,3.54,8.7,5.16,3.62,3.56,-0.06,0.06,0.09,0.03,0.74,0.31,-0.43,0.9,2.9,2.0,-2.45,35.25,-11.11,5820.0,8.6691,-0.6357,-4.2233,-2.4055,-4.4674,19.1065,21.2715,-0.5003,10.3552,,,,,0,1.67,-12.97,-0.69,-0.41288334264523624,1993-1997→1997-2001
5028,Melhus,1997-2001,1997,2001,Trøndelag,Trøndelag,3,776,False,7603.0,37.54,30.76,-6.78,12.5,12.35,-0.15,9.71,12.73,3.02,15.43,13.39,-2.04,14.68,11.84,-2.84,4.42,11.3,6.88,3.58,2.65,-0.93,0.13,0.34,0.21,0.84,0.41,-0.43,1.18,4.23,3.05,-2.99,23.55,-3.36,12932.0,9.4675,2.8611,6.433,6.1089,23.3529,11.6919,23.6545,-0.0997,14.1371,,,,,0,-0.71,-12.45,-0.47,0.6353680387734695,1993-1997→1997-2001
5029,Skaun,1997-2001,1997,2001,Trøndelag,Trøndelag,4,746,False,3281.0,37.79,28.54,-9.25,11.16,11.54,0.38,9.23,11.41,2.18,12.77,12.07,-0.7,18.44,15.75,-2.69,5.0,13.3,8.3,3.47,2.67,-0.8,0.18,0.16,-0.02,1.19,0.5,-0.69,0.76,4.06,3.3,-2.31,30.13,-7.3,5783.0,8.6627,1.4007,5.2027,-2.9397,17.1191,12.7788,21.8572,-0.2618,13.9409,,,,,0,1.92,-12.78,-0.6,0.4294245947136818,1993-1997→1997-2001
5031,Malvik,1997-2001,1997,2001,Trøndelag,Trøndelag,3,807,False,6095.0,46.05,35.63,-10.42,14.08,13.0,-1.08,12.72,17.23,4.51,8.47,6.85,-1.62,5.58,4.11,-1.47,6.5,15.15,8.65,3.53,3.18,-0.35,0.28,0.21,-0.07,1.41,0.44,-0.97,1.39,4.21,2.82,-2.55,9.87,-5.01,10685.0,9.2766,5.7932,15.9504,30.8844,26.8601,9.7988,22.9761,-0.7489,18.9329,,,,,0,-2.0,-8.15,-1.74,0.33761918917145084,1993-1997→1997-2001
5032,Selbu,1997-2001,1997,2001,Trøndelag,Trøndelag,5,643,False,2409.0,36.28,30.97,-5.31,8.3,11.25,2.95,10.42,12.28,1.86,13.12,9.77,-3.35,18.26,17.35,-0.91,7.43,11.21,3.78,3.57,3.05,-0.52,0.04,0.04,0.0,1.29,0.85,-0.44,1.29,3.23,1.94,2.04,0.0,0.0,4041.0,8.3042,-1.3363,-2.2075,5.1967,-18.5598,20.3415,19.5744,-1.7059,12.0245,,,,,0,0.24,-10.52,-0.34,1.0404497502573382,1993-1997→1997-2001
5033,Tydal,1997-2001,1997,2001,Trøndelag,Trøndelag,6,519,False,603.0,33.33,27.81,-5.52,9.12,12.52,3.4,8.29,10.87,2.58,7.63,4.24,-3.39,25.21,22.28,-2.93,8.46,11.05,2.59,4.64,5.52,0.88,0.5,0.18,-0.32,0.66,0.0,-0.66,2.16,5.52,3.36,0.47,15.85,11.99,982.0,6.8896,-4.7862,-7.15,-28.5132,-19.3483,17.6171,20.7739,0.5647,11.9384,,,,,0,-1.46,-8.12,-0.93,0.1284934526045397,1993-1997→1997-2001
5034,Meråker,1997-2001,1997,2001,Trøndelag,Trøndelag,5,626,False,1482.0,48.04,37.99,-10.05,12.21,14.92,2.71,4.86,8.73,3.87,6.68,6.19,-0.49,12.28,9.61,-2.67,6.48,15.57,9.09,5.87,4.0,-1.87,0.07,0.15,0.08,1.69,0.29,-1.4,1.82,2.55,0.73,0.04,16.72,0.74,2643.0,7.8797,-1.8918,-5.7776,0.3784,-18.9179,21.8313,18.0855,-0.736,11.038,,,,,0,0.85,-4.73,-2.0,-1.5371837799628238,1993-1997→1997-2001
5035,Stjørdal,1997-2001,1997,2001,Trøndelag,Trøndelag,3,802,False,10249.0,41.31,32.67,-8.64,10.8,10.97,0.17,10.46,15.24,4.78,11.48,9.96,-1.52,13.64,11.44,-2.2,5.81,12.98,7.17,4.09,3.58,-0.51,0.16,0.19,0.03,1.22,0.51,-0.71,1.03,2.46,1.43,-2.03,20.47,-4.23,17728.0,9.7829,4.1742,6.5052,22.0555,19.63,12.8384,23.5785,-0.3033,15.2623,,,,,0,0.46,-10.38,-1.7,-0.10463713201129465,1993-1997→1997-2001
5036,Frosta,1997-2001,1997,2001,Trøndelag,Trøndelag,5,657,False,1461.0,28.41,26.25,-2.16,7.53,8.8,1.27,4.86,9.97,5.11,12.39,13.71,1.32,27.1,23.61,-3.49,2.67,6.6,3.93,15.67,7.7,-7.97,0.27,0.07,-0.2,0.82,0.22,-0.6,0.27,3.08,2.81,-2.22,44.23,-13.2,2459.0,7.8075,-1.0573,-1.498,-3.66,-6.1,17.5681,18.6661,-1.1686,11.0068,,,,,0,-0.31,-17.99,-1.89,-1.5313327844573361,1993-1997→1997-2001
5037,Levanger - Levangke,1997-2001,1997,2001,Trøndelag,Trøndelag,4,752,False,9964.0,38.3,31.15,-7.15,8.75,12.19,3.44,7.23,10.74,3.51,14.88,12.23,-2.65,17.26,14.23,-3.03,7.67,13.91,6.24,4.18,2.86,-1.32,0.11,0.08,-0.03,1.1,0.52,-0.58,0.52,2.09,1.57,0.41,27.69,-8.91,17369.0,9.7624,0.5066,3.4305,-6.9089,12.4935,13.4147,22.6783,-0.3311,21.5591,,,,,0,0.89,-10.29,-1.65,-0.8502125680204172,1993-1997→1997-2001
5038,Verdal,1997-2001,1997,2001,Trøndelag,Trøndelag,4,747,False,7670.0,47.03,39.14,-7.89,9.26,12.17,2.91,6.11,8.75,2.64,11.07,9.49,-1.58,15.05,11.99,-3.06,5.8,13.17,7.37,3.14,2.31,-0.83,0.16,0.07,-0.09,1.16,0.61,-0.55,1.23,2.3,1.07,-0.15,28.31,-10.75,13720.0,9.5266,-0.605,0.8579,-25.9475,19.8251,13.484,22.981,-0.3726,12.2815,,,,,0,0.9,-11.94,-0.77,-0.45378634356755604,1993-1997→1997-2001
5041,Snåase - Snåsa,1997-2001,1997,2001,Trøndelag,Trøndelag,6,561,False,1415.0,33.0,25.97,-7.03,4.45,6.94,2.49,4.52,6.42,1.9,9.82,7.24,-2.58,35.69,29.48,-6.21,6.29,16.04,9.75,3.75,3.58,-0.17,0.14,0.0,-0.14,2.12,0.75,-1.37,0.21,3.58,3.37,-3.72,42.33,-16.29,2417.0,7.7903,-2.441,-6.3914,-23.1692,-1.6549,17.3769,20.0662,0.3924,13.6459,,,,,0,2.51,-12.25,0.92,0.5855828389556956,1993-1997→1997-2001
5042,Lierne,1997-2001,1997,2001,Trøndelag,Trøndelag,6,398,False,813.0,34.44,24.38,-10.06,5.04,8.5,3.46,3.57,4.25,0.68,14.51,16.62,2.11,28.78,25.37,-3.41,5.17,13.75,8.58,7.75,4.38,-3.37,0.0,0.0,0.0,0.37,0.0,-0.37,0.37,2.75,2.38,0.05,42.83,-1.57,1599.0,7.3771,-2.1889,-6.4593,-23.7649,1.8762,18.324,18.3865,0.6019,10.0233,,,,,0,1.81,-12.16,-0.41,-0.5325705566549258,1993-1997→1997-2001
5043,Raarvihke - Røyrvik,1997-2001,1997,2001,Trøndelag,Trøndelag,6,389,False,394.0,35.79,26.4,-9.39,5.58,5.9,0.32,5.84,4.97,-0.87,20.81,21.43,0.62,16.24,15.22,-1.02,6.85,19.25,12.4,7.61,4.66,-2.95,0.0,0.0,0.0,0.0,0.0,0.0,1.27,2.17,0.9,-0.7,0.0,0.0,678.0,6.5191,-13.5693,-20.1635,-134.2183,-1.4749,11.5044,23.3038,1.1236,12.0527,,,,,0,5.65,-15.34,-0.38,0.00845081954337673,1993-1997→1997-2001
5044,Namsskogan,1997-2001,1997,2001,Trøndelag,Trøndelag,6,427,False,627.0,44.82,29.16,-15.66,7.66,8.77,1.11,1.59,4.11,2.52,13.4,11.27,-2.13,18.18,9.12,-9.06,10.37,32.92,22.55,0.96,0.54,-0.42,0.64,0.18,-0.46,1.12,0.0,-1.12,1.28,3.94,2.66,-7.95,20.9,-20.9,1046.0,6.9527,-8.6998,-16.0808,-88.9101,1.912,17.4952,21.0325,1.8765,10.1296,,,,,0,3.65,-7.42,-1.55,-1.848635795151957,1993-1997→1997-2001
5045,Grong,1997-2001,1997,2001,Trøndelag,Trøndelag,5,593,False,1585.0,39.18,28.59,-10.59,6.75,8.22,1.47,5.17,6.75,1.58,7.82,6.01,-1.81,25.68,24.38,-1.3,8.64,20.84,12.2,4.92,3.07,-1.85,0.06,0.0,-0.06,1.14,0.27,-0.87,0.63,1.87,1.24,0.17,44.52,-7.92,2562.0,7.8485,0.3903,3.2932,9.758,-7.0258,20.3747,19.2037,-1.129,14.0127,,,,,0,4.32,-11.53,-0.95,-0.7055939813574529,1993-1997→1997-2001
5046,Høylandet,1997-2001,1997,2001,Trøndelag,Trøndelag,6,525,False,879.0,35.95,30.51,-5.44,3.64,4.56,0.92,1.93,4.95,3.02,10.24,9.65,-0.59,35.04,31.16,-3.88,4.44,12.13,7.69,7.85,4.69,-3.16,0.34,0.0,-0.34,0.46,0.0,-0.46,0.11,2.35,2.24,-2.96,30.86,0.39,1365.0,7.2189,-2.4176,-5.3977,-17.5824,-6.5934,17.4359,20.3663,-1.5951,14.3113,,,,,0,5.97,-11.84,-0.04,-0.7553338536705504,1993-1997→1997-2001
5047,Overhalla,1997-2001,1997,2001,Trøndelag,Trøndelag,5,611,False,2210.0,36.56,28.84,-7.72,7.33,7.73,0.4,4.43,7.59,3.16,10.18,8.25,-1.93,29.19,25.0,-4.19,6.65,16.94,10.29,4.48,3.13,-1.35,0.14,0.05,-0.09,0.54,0.24,-0.3,0.5,2.23,1.73,-3.79,55.49,-22.17,3713.0,8.2196,-2.3431,-4.3776,-32.5882,8.8877,14.355,21.7614,0.4272,15.3899,,,,,0,3.69,-16.81,-0.8,-0.7976301984171593,1993-1997→1997-2001
5049,Flatanger,1997-2001,1997,2001,Trøndelag,Trøndelag,6,475,False,785.0,24.97,21.31,-3.66,10.7,13.79,3.09,8.03,10.72,2.69,17.32,12.53,-4.79,24.84,17.83,-7.01,7.52,10.31,2.79,5.22,6.82,1.6,0.0,0.0,0.0,1.02,0.28,-0.74,0.38,6.41,6.03,-3.92,28.08,-0.99,1330.0,7.1929,-6.6165,-12.2881,-62.406,-3.7594,18.1955,20.3759,-0.0795,9.9526,,,,,0,-0.97,-13.48,-1.52,-0.27815444987844096,1993-1997→1997-2001
5052,Leka,1997-2001,1997,2001,Trøndelag,Trøndelag,6,386,False,429.0,31.0,23.62,-7.38,7.46,8.04,0.58,3.96,4.52,0.56,18.65,11.06,-7.59,30.54,26.38,-4.16,4.43,11.06,6.63,1.86,1.26,-0.6,0.23,0.75,0.52,0.7,0.0,-0.7,1.17,13.32,12.15,-3.58,0.0,0.0,782.0,6.6619,-12.532,-19.4346,-99.7442,-25.5754,16.1125,19.6931,-0.9079,10.467,,,,,0,3.04,-19.78,0.3,0.1452718319727867,1993-1997→1997-2001
5053,Inderøy,1997-2001,1997,2001,Trøndelag,Trøndelag,4,670,False,4032.0,38.96,33.4,-5.56,6.15,7.52,1.37,5.16,7.75,2.59,11.81,10.69,-1.12,24.5,21.0,-3.5,6.97,12.84,5.87,4.64,3.67,-0.97,0.22,0.18,-0.04,0.99,0.26,-0.73,0.6,2.69,2.09,-2.13,35.91,-3.17,6725.0,8.8136,0.0446,-0.7377,-7.4349,6.9888,15.2416,20.6543,-0.854,16.3897,,,,,0,2.09,-10.42,-0.53,-0.44886890891722364,1993-1997→1997-2001
5054,Indre Fosen,1997-2001,1997,2001,Trøndelag,Trøndelag,5,621,False,5624.0,30.49,25.0,-5.49,11.06,11.91,0.85,7.81,11.91,4.1,16.48,14.72,-1.76,24.29,18.58,-5.71,4.32,9.6,5.28,3.79,3.18,-0.61,0.18,0.08,-0.1,0.66,0.41,-0.25,0.92,4.61,3.69,-4.86,35.81,-9.97,9899.0,9.2002,1.2122,0.19,3.0306,9.2939,16.729,22.0123,-0.9789,11.0261,,,,,1,1.08,-13.38,-1.1,-0.14597137515348224,1993-1997→1997-2001
5055,Heim,1997-2001,1997,2001,Trøndelag,Trøndelag,5,588,True,3763.11,39.27,29.51,-9.76,8.71,9.23,0.52,8.69,13.29,4.6,14.33,14.49,0.16,19.54,16.32,-3.22,3.54,8.72,5.18,4.19,3.76,-0.43,0.11,0.06,-0.05,0.67,0.27,-0.4,0.95,4.36,3.41,-2.7,29.96,-20.27,6440.5796,8.7704,-1.8999,-4.0314,-17.0295,-1.7907,16.9793,21.1657,-1.3633,10.9318,,,,,1,1.6,-13.04,-1.13,0.058787375491380356,1993-1997→1997-2001
5056,Hitra,1997-2001,1997,2001,Trøndelag,Trøndelag,6,551,True,2571.21,32.21,22.69,-9.52,14.91,17.39,2.48,10.78,15.97,5.19,17.44,14.01,-3.43,15.74,9.71,-6.03,4.18,9.6,5.42,2.39,2.06,-0.33,0.27,0.31,0.04,1.23,0.82,-0.41,0.84,7.45,6.61,-3.55,21.81,-4.87,4485.3947,8.4086,-0.4875,-4.8572,-2.26,-2.0936,18.5283,20.7252,-0.5464,9.6332,,,,,1,-2.21,-11.24,-2.42,-0.3456863516033719,1993-1997→1997-2001
5057,Ørland,1997-2001,1997,2001,Trøndelag,Trøndelag,5,603,False,5639.0,30.84,21.74,-9.1,13.76,14.25,0.49,11.85,18.04,6.19,13.35,11.36,-1.99,18.14,14.58,-3.56,4.54,9.69,5.15,3.69,2.54,-1.15,0.23,0.23,0.0,1.03,0.56,-0.47,2.57,7.01,4.44,-3.07,32.4,-7.08,9879.0,9.1982,-1.6702,-1.6503,-18.2205,1.9233,14.7586,22.4719,-0.0067,13.0502,,,,,1,0.18,-14.11,-1.74,0.3469346854729929,1993-1997→1997-2001
5058,Åfjord,1997-2001,1997,2001,Trøndelag,Trøndelag,6,512,False,2769.0,21.78,16.74,-5.04,9.79,9.49,-0.3,8.67,14.47,5.8,20.91,20.22,-0.69,28.71,20.37,-8.34,3.79,8.37,4.58,4.66,3.09,-1.57,0.11,0.0,-0.11,0.61,0.31,-0.3,0.98,6.94,5.96,-8.64,35.77,0.51,4665.0,8.4478,-2.9368,-4.9339,-24.866,-4.716,17.9421,22.0793,0.5208,9.2568,,,,,1,-0.03,-12.96,-2.18,-0.6829707704765029,1993-1997→1997-2001
5059,Orkland,1997-2001,1997,2001,Trøndelag,Trøndelag,4,728,True,9657.67,41.65,33.58,-8.07,9.6,10.85,1.25,7.9,11.46,3.56,13.97,13.1,-0.87,15.6,13.41,-2.19,4.61,9.95,5.34,4.9,4.04,-0.86,0.16,0.18,0.02,0.81,0.34,-0.47,0.81,3.1,2.29,-0.94,23.14,-6.03,16594.0257,9.7168,0.5618,-1.7297,11.0773,-5.2474,17.7194,20.6653,-0.6482,12.9361,,,,,1,0.85,-11.58,-0.77,0.051562203846964194,1993-1997→1997-2001
5060,Nærøysund,1997-2001,1997,2001,Trøndelag,Trøndelag,5,581,False,5161.0,33.37,23.35,-10.02,10.13,11.79,1.66,6.47,10.24,3.77,16.76,14.31,-2.45,22.4,16.61,-5.79,4.92,11.22,6.3,4.61,3.42,-1.19,0.14,0.06,-0.08,0.68,0.35,-0.33,0.52,8.65,8.13,-4.13,39.07,-12.48,9214.0,9.1285,0.3147,-0.6663,-5.5351,9.2251,15.9865,22.4224,-0.8724,9.8547,,,,,1,4.36,-22.68,0.71,0.8830529106676657,1993-1997→1997-2001
5061,Rindal,1997-2001,1997,2001,Trøndelag,Trøndelag,5,607,False,1275.0,32.71,28.63,-4.08,5.1,4.39,-0.71,7.53,9.97,2.44,16.47,14.79,-1.68,32.78,33.1,0.32,2.35,5.59,3.24,2.04,1.29,-0.75,0.08,0.0,-0.08,0.47,0.09,-0.38,0.47,2.15,1.68,-0.39,50.46,-10.02,2176.0,7.6852,-2.6195,-5.4862,-17.4632,-9.1912,22.4265,20.818,-0.0102,10.5942,,,,,0,2.25,-14.05,0.09,0.6927517136472252,1993-1997→1997-2001
5501,Tromsø,1997-2001,1997,2001,Troms,Nord-Norge,3,803,False,31194.0,34.5,21.55,-12.95,12.89,13.24,0.35,12.73,17.17,4.44,12.89,10.35,-2.54,7.24,3.49,-3.75,9.78,19.47,9.69,3.7,3.08,-0.62,0.36,0.16,-0.2,5.47,1.29,-4.18,0.44,10.19,9.75,-3.4,6.61,-2.83,57384.0,10.9575,4.7086,17.0628,10.3339,37.1358,8.8387,27.7063,-0.266,26.1874,,,,,0,-0.76,-9.53,-1.9,0.21786291093601085,1993-1997→1997-2001
5503,Harstad - Hárstták,1997-2001,1997,2001,Troms,Nord-Norge,4,738,False,13020.0,35.83,24.02,-11.81,15.35,17.54,2.19,16.22,20.57,4.35,13.65,10.57,-3.08,7.69,5.25,-2.44,5.35,12.24,6.89,3.41,2.43,-0.98,0.14,0.21,0.07,2.05,0.73,-1.32,0.31,6.45,6.14,-0.25,7.51,-1.43,23618.0,10.0698,0.0254,2.3836,-14.5652,14.6498,12.8123,23.4228,0.1153,18.489,,,,,0,-0.98,-8.77,-5.59,-1.5388685216200448,1993-1997→1997-2001
5510,Kvæfjord,1997-2001,1997,2001,Troms,Nord-Norge,5,587,False,1729.0,34.76,23.7,-11.06,9.95,11.53,1.58,10.53,12.89,2.36,14.05,11.72,-2.33,15.79,12.24,-3.55,6.3,12.82,6.52,5.96,4.27,-1.69,0.0,0.13,0.13,2.43,1.1,-1.33,0.23,9.59,9.36,-1.97,18.65,-0.22,3377.0,8.1247,-4.501,-7.8571,-6.8108,-7.1069,14.9245,20.1066,-1.126,14.2964,,,,,0,1.52,-9.51,-3.27,-1.0510375539213195,1993-1997→1997-2001
5512,Dielddanuorri - Tjeldsund,1997-2001,1997,2001,Troms,Nord-Norge,6,542,False,2769.0,31.82,22.65,-9.17,15.02,16.89,1.87,11.48,17.43,5.95,16.83,12.1,-4.73,13.0,6.81,-6.19,4.73,8.91,4.18,3.47,5.6,2.13,0.07,0.12,0.05,0.9,0.39,-0.51,2.67,9.11,6.44,-4.32,6.1,10.47,4780.0,8.4722,-4.6653,-9.5654,-39.1213,-7.9498,16.318,19.477,0.9083,13.0413,,,,,1,-6.74,-10.0,-3.64,-1.0483996872867523,1993-1997→1997-2001
5514,Ibestad,1997-2001,1997,2001,Troms,Nord-Norge,6,447,False,1193.0,31.68,22.78,-8.9,10.39,15.09,4.7,10.9,14.51,3.61,22.05,14.9,-7.15,14.17,9.44,-4.73,4.78,7.69,2.91,4.69,2.24,-2.45,0.08,0.1,0.02,0.84,0.0,-0.84,0.42,13.24,12.82,-0.03,9.55,0.07,1956.0,7.5787,-11.8609,-21.4936,-79.2434,-40.8998,24.4888,18.7628,1.5553,10.3574,,,,,0,-6.34,-9.55,-2.16,0.019029691077373734,1993-1997→1997-2001
5516,Gratangen - Rivtták,1997-2001,1997,2001,Troms,Nord-Norge,6,509,False,820.0,35.49,24.34,-11.15,12.93,14.29,1.36,7.32,8.86,1.54,15.0,13.49,-1.51,19.51,13.62,-5.89,6.46,11.11,4.65,1.95,1.06,-0.89,0.0,0.0,0.0,1.22,0.93,-0.29,0.12,12.3,12.18,-4.53,35.48,3.96,1380.0,7.2298,-5.2899,-11.0884,-23.1884,-31.1594,21.7391,18.4058,0.5256,9.991,,,,,0,-4.89,-10.3,-0.98,-0.07450182739338884,1993-1997→1997-2001
5518,Loabák - Lavangen,1997-2001,1997,2001,Troms,Nord-Norge,6,517,False,708.0,38.56,29.43,-9.13,12.99,13.56,0.57,9.75,14.64,4.89,17.37,14.48,-2.89,13.98,6.01,-7.97,3.53,8.63,5.1,1.98,0.77,-1.21,0.42,0.0,-0.42,0.99,0.15,-0.84,0.42,12.33,11.91,-7.4,18.94,-8.65,1090.0,6.9939,-5.4128,-9.9563,-24.7706,-29.3578,21.7431,19.3578,-0.6956,12.0267,,,,,0,-5.52,-7.92,-4.99,-2.5168419494498653,1993-1997→1997-2001
5520,Bardu,1997-2001,1997,2001,Troms,Nord-Norge,5,597,False,2247.0,38.72,25.89,-12.83,11.48,12.88,1.4,15.0,21.66,6.66,9.57,7.72,-1.85,15.67,13.9,-1.77,4.63,8.93,4.3,3.38,2.14,-1.24,0.18,0.05,-0.13,1.25,0.6,-0.65,0.13,6.23,6.1,-0.37,23.1,-0.24,3879.0,8.2633,-0.8765,0.4441,-31.967,22.6863,11.8072,26.1665,0.5465,18.7865,,,,,0,0.85,-11.12,-3.01,0.2081813575964846,1993-1997→1997-2001
5522,Salangen,1997-2001,1997,2001,Troms,Nord-Norge,6,552,False,1391.0,35.44,22.67,-12.77,10.64,11.17,0.53,7.91,11.9,3.99,12.8,10.36,-2.44,20.56,17.09,-3.47,8.12,14.66,6.54,2.73,1.3,-1.43,0.14,0.0,-0.14,1.44,0.57,-0.87,0.22,10.28,10.06,-2.94,30.61,-1.14,2450.0,7.8038,-3.7551,-7.4931,-40.0,0.8163,15.0204,22.2041,-0.3894,14.9822,,,,,0,-2.61,-9.11,-0.97,-0.0018982942347366416,1993-1997→1997-2001
5524,Målselv,1997-2001,1997,2001,Troms,Nord-Norge,5,576,False,3830.0,30.78,20.29,-10.49,12.32,12.62,0.3,12.74,20.1,7.36,11.91,8.78,-3.13,14.49,17.86,3.37,5.95,10.22,4.27,10.03,3.53,-6.5,0.31,0.19,-0.12,1.31,0.52,-0.79,0.16,5.88,5.72,3.67,18.74,0.21,7170.0,8.8777,-2.2176,-4.9871,-47.8382,26.0809,12.9149,27.9358,0.4641,19.4773,,,,,0,-2.55,-12.84,-3.2,-0.4816722760443741,1993-1997→1997-2001
5526,Sørreisa,1997-2001,1997,2001,Troms,Nord-Norge,5,610,False,1930.0,39.59,27.59,-12.0,12.59,14.07,1.48,10.36,15.46,5.1,16.22,13.01,-3.21,11.4,7.45,-3.95,5.7,12.12,6.42,2.64,1.39,-1.25,0.1,0.17,0.07,1.14,0.17,-0.97,0.26,8.57,8.31,-2.47,19.46,-7.58,3391.0,8.1289,-3.3618,-3.1619,-39.2215,6.7827,14.0077,22.6482,-0.4587,13.0921,,,,,0,-5.14,-11.85,0.53,1.6875470383484743,1993-1997→1997-2001
5528,Dyrøy,1997-2001,1997,2001,Troms,Nord-Norge,6,496,False,854.0,33.72,23.7,-10.02,10.42,14.06,3.64,4.57,6.64,2.07,21.19,19.14,-2.05,19.44,11.72,-7.72,6.91,10.81,3.9,2.11,1.04,-1.07,0.12,0.0,-0.12,1.17,0.26,-0.91,0.35,12.63,12.28,-4.08,35.17,-17.31,1427.0,7.2633,-7.6384,-16.635,-46.9516,-28.7316,21.5137,19.131,-0.1176,9.8712,,,,,0,-0.39,-19.85,-1.96,-1.4563350047557877,1993-1997→1997-2001
5530,Senja,1997-2001,1997,2001,Troms,Nord-Norge,5,611,False,8385.0,35.58,21.77,-13.81,11.33,15.0,3.67,8.24,12.98,4.74,19.28,15.29,-3.99,14.07,6.0,-8.07,7.18,10.67,3.49,2.4,1.31,-1.09,0.18,0.05,-0.13,1.3,0.34,-0.96,0.44,16.59,16.15,-4.4,19.05,-7.16,15173.0,9.6273,-0.6854,-1.4776,-13.8404,7.1179,14.9937,23.0739,-0.3013,12.1369,,,,,1,-1.7,-12.89,-1.36,-0.23055518358569382,1993-1997→1997-2001
5532,Balsfjord,1997-2001,1997,2001,Troms,Nord-Norge,6,557,False,3322.0,31.73,22.34,-9.39,13.4,12.53,-0.87,5.57,9.03,3.46,15.89,13.6,-2.29,21.79,13.6,-8.19,5.24,12.82,7.58,3.73,1.65,-2.08,0.18,0.1,-0.08,2.17,0.29,-1.88,0.3,14.02,13.72,-9.06,27.81,-7.07,5910.0,8.6844,-2.8426,-9.1312,-27.4112,-0.846,15.8037,22.0643,0.0618,8.5195,,,,,0,-0.77,-13.82,-1.04,-0.5796344193880796,1993-1997→1997-2001
5534,Karlsøy,1997-2001,1997,2001,Troms,Nord-Norge,6,452,False,1346.0,34.7,14.73,-19.97,13.3,10.14,-3.16,4.75,5.03,0.28,14.34,7.66,-6.68,22.81,3.57,-19.24,5.57,8.53,2.96,1.56,0.58,-0.98,0.07,0.29,0.22,2.3,0.29,-2.01,0.59,49.16,48.57,-22.4,35.34,-3.18,2553.0,7.845,-3.4469,-9.2749,-38.7779,5.4837,14.0227,21.7783,1.4742,7.9024,,,,,0,-0.5,-11.48,-1.14,-0.8021667216406854,1993-1997→1997-2001
5536,Lyngen - Ivgu - Yykeä,1997-2001,1997,2001,Troms,Nord-Norge,6,486,False,1901.0,33.51,22.65,-10.86,10.78,12.72,1.94,5.94,8.96,3.02,21.25,16.14,-5.11,17.15,8.1,-9.05,6.73,13.86,7.13,1.68,0.86,-0.82,0.32,0.0,-0.32,2.26,0.23,-2.03,0.37,16.49,16.12,-7.11,13.27,-3.36,3395.0,8.1301,-5.9499,-11.3548,-62.4448,4.1237,15.9941,21.6495,0.2915,10.65,,,,,0,-3.8,-8.17,-0.86,-0.3411080431227296,1993-1997→1997-2001
5538,Storfjord - Omasvuotna - Omasvuono,1997-2001,1997,2001,Troms,Nord-Norge,6,516,False,1058.0,31.29,22.46,-8.83,11.72,13.87,2.15,5.1,7.78,2.68,19.38,14.27,-5.11,16.82,8.18,-8.64,9.74,17.17,7.43,2.08,1.7,-0.38,0.76,0.3,-0.46,2.93,0.2,-2.73,0.19,14.07,13.88,-6.49,23.01,-8.81,1912.0,7.5559,-2.9289,-1.747,-39.2259,9.9372,12.9707,25.3138,0.0681,11.6612,,,,,0,-4.24,-12.42,-2.06,-1.5487094128124477,1993-1997→1997-2001
5540,Gáivuotna - Kåfjord - Kaivuono,1997-2001,1997,2001,Troms,Nord-Norge,6,431,False,1397.0,25.48,15.05,-10.43,12.17,15.44,3.27,1.86,4.15,2.29,30.78,24.22,-6.56,17.47,7.68,-9.79,5.73,13.4,7.67,1.5,1.02,-0.48,0.93,0.39,-0.54,3.72,0.47,-3.25,0.36,18.18,17.82,-6.52,11.51,2.07,2536.0,7.8383,-8.8722,-16.2378,-73.3438,-14.5899,15.3391,22.7524,0.4116,10.2312,,,,,0,-0.76,-15.21,-2.41,-2.4557909042334156,1993-1997→1997-2001
5542,Skjervøy,1997-2001,1997,2001,Troms,Nord-Norge,6,556,False,1549.0,28.6,15.25,-13.35,8.26,10.45,2.19,6.71,8.85,2.14,31.89,25.43,-6.46,12.91,4.86,-8.05,6.97,12.25,5.28,2.26,1.4,-0.86,0.26,0.0,-0.26,1.81,0.47,-1.34,0.32,21.04,20.72,-5.86,9.18,-3.65,3030.0,8.0163,-1.1221,-1.1547,-22.1122,10.231,12.1452,23.7294,0.2046,11.2992,,,,,0,0.81,-16.96,-6.4,-4.361131912779889,1993-1997→1997-2001
5544,Nordreisa - Ráisa - Raisi,1997-2001,1997,2001,Troms,Nord-Norge,5,570,False,2628.0,36.11,22.37,-13.74,10.92,16.18,5.26,6.54,10.08,3.54,20.62,18.19,-2.43,16.4,6.99,-9.41,5.67,13.73,8.06,1.98,1.08,-0.9,0.11,0.08,-0.03,1.45,0.48,-0.97,0.19,10.8,10.61,-4.15,17.42,-8.25,4855.0,8.4878,-0.8033,1.3255,-15.654,7.415,13.7384,22.8424,0.2774,13.7204,,,,,0,-0.88,-12.88,-1.8,-1.0220628193931014,1993-1997→1997-2001
5546,Kvænangen,1997-2001,1997,2001,Troms,Nord-Norge,6,438,False,867.0,30.91,20.13,-10.78,12.69,12.7,0.01,9.11,10.94,1.83,23.07,23.65,0.58,17.88,5.91,-11.97,3.69,9.18,5.49,0.92,0.63,-0.29,0.12,0.13,0.01,1.38,0.13,-1.25,0.23,16.6,16.37,-11.96,11.88,-5.17,1550.0,7.346,-7.9355,-12.8816,-66.4516,-10.9677,18.0,21.6774,1.131,10.3236,,,,,0,-2.84,-6.3,-1.58,-0.05676056485910563,1993-1997→1997-2001
5601,Alta,1997-2001,1997,2001,Finnmark,Nord-Norge,4,713,False,8053.0,25.17,20.78,-4.39,9.25,11.1,1.85,7.56,14.52,6.96,15.39,14.12,-1.27,6.11,2.55,-3.56,32.25,27.22,-5.03,2.45,1.67,-0.78,0.35,0.14,-0.21,0.94,0.72,-0.22,0.53,7.18,6.65,-1.71,8.5,-4.2,16417.0,9.7061,4.0324,12.1921,-11.147,51.0446,8.3267,27.3071,0.2218,19.1548,,,,,0,-10.8,-11.15,-4.63,-3.06395790000815,1993-1997→1997-2001
5603,Hammerfest - Hámmerfeasta,1997-2001,1997,2001,Finnmark,Nord-Norge,4,682,False,5646.0,44.03,35.9,-8.13,10.54,9.27,-1.27,12.88,20.03,7.15,9.67,6.87,-2.8,6.75,2.27,-4.48,11.58,16.35,4.77,1.9,0.82,-1.08,0.23,0.06,-0.17,1.84,1.18,-0.66,0.58,7.27,6.69,-5.75,9.69,-6.9,10552.0,9.2641,-2.6156,-3.148,-43.9727,17.9113,10.9079,26.3268,0.6238,17.6702,,,,,1,-1.81,-7.78,0.16,2.0113271057949755,1993-1997→1997-2001
5605,Sør-Varanger,1997-2001,1997,2001,Finnmark,Nord-Norge,5,634,False,5170.0,38.12,29.15,-8.97,9.07,10.62,1.55,18.9,17.2,-1.7,9.69,7.97,-1.72,5.98,6.53,0.55,10.6,19.47,8.87,4.87,1.75,-3.12,0.21,0.04,-0.17,1.7,0.94,-0.76,0.85,6.32,5.47,2.1,15.92,-6.64,9843.0,9.1945,-3.505,-2.0118,-54.3533,19.6078,12.9127,26.7297,0.0374,17.5221,,,,,0,-3.77,-8.84,3.58,6.0826784967048875,1993-1997→1997-2001
5607,Vadsø,1997-2001,1997,2001,Finnmark,Nord-Norge,5,641,False,3447.0,38.15,28.05,-10.1,10.21,7.73,-2.48,15.29,17.8,2.51,13.0,10.86,-2.14,3.37,3.41,0.04,13.03,22.94,9.91,4.03,1.98,-2.05,0.17,0.09,-0.08,0.84,0.88,0.04,1.91,6.27,4.36,-2.44,5.08,-2.27,6234.0,8.7378,-1.0748,2.6807,-40.4235,30.3176,10.2342,27.4783,0.4679,21.4417,,,,,0,-4.27,-7.36,-1.78,1.1147673652160826,1993-1997→1997-2001
5610,Kárásjohka - Karasjok,1997-2001,1997,2001,Finnmark,Nord-Norge,6,554,False,1454.0,42.92,28.58,-14.34,4.4,4.29,-0.11,4.47,8.8,4.33,15.75,21.24,5.49,25.65,7.56,-18.09,2.2,4.51,2.31,2.96,4.51,1.55,0.0,0.15,0.15,1.44,1.16,-0.28,0.21,19.2,18.99,-18.2,9.84,-1.29,2867.0,7.961,0.3488,6.9517,-35.9261,38.3676,8.5106,26.1597,1.187,20.5258,,,,,0,11.39,-9.39,-2.39,-2.0085651040804495,1993-1997→1997-2001
5612,Guovdageaidnu - Kautokeino,1997-2001,1997,2001,Finnmark,Nord-Norge,6,495,False,1568.0,26.98,15.95,-11.03,4.15,5.25,1.1,5.42,14.33,8.91,22.64,26.24,3.6,32.78,5.59,-27.19,2.17,2.89,0.72,4.4,5.65,1.25,0.13,0.07,-0.06,1.08,1.21,0.13,0.26,22.81,22.55,-26.09,10.57,-0.61,3176.0,8.0634,-3.1486,3.8137,-62.6574,33.3753,6.927,27.9912,0.7779,16.8279,,,,,0,10.83,-12.9,-4.92,-3.6514893823694052,1993-1997→1997-2001
5614,Loppa,1997-2001,1997,2001,Finnmark,Nord-Norge,6,351,False,822.0,36.13,22.24,-13.89,9.61,10.78,1.17,4.01,10.51,6.5,17.64,14.15,-3.49,16.18,4.04,-12.14,13.26,13.88,0.62,2.43,0.4,-2.03,0.12,0.4,0.28,0.24,0.67,0.43,0.36,22.91,22.55,-10.97,13.89,0.85,1486.0,7.3038,-4.3742,-14.139,-34.9933,-8.7483,16.8237,22.6783,-0.5675,9.5833,,,,,0,0.53,-10.17,-2.78,-2.0969819719046154,1993-1997→1997-2001
5616,Hasvik,1997-2001,1997,2001,Finnmark,Nord-Norge,6,351,False,688.0,42.73,31.54,-11.19,9.45,12.25,2.8,5.09,10.29,5.2,12.79,10.29,-2.5,18.17,5.72,-12.45,9.74,12.42,2.68,1.16,0.65,-0.51,0.0,0.0,0.0,0.44,0.49,0.05,0.44,16.34,15.9,-9.65,15.69,2.25,1265.0,7.1428,-4.8221,-11.5356,-55.336,7.9051,13.3597,26.5613,0.0124,9.1342,,,,,0,-3.78,2.1,-1.6,-0.9944301635482966,1993-1997→1997-2001
5618,Måsøy,1997-2001,1997,2001,Finnmark,Nord-Norge,6,397,False,816.0,37.13,25.53,-11.6,8.09,7.14,-0.95,5.15,9.52,4.37,13.48,8.99,-4.49,20.1,12.57,-7.53,12.62,19.44,6.82,2.33,0.53,-1.8,0.25,0.0,-0.25,0.74,0.26,-0.48,0.12,16.01,15.89,-8.48,34.57,-10.1,1611.0,7.3846,-8.8144,-19.2413,-78.2123,-8.6903,14.0286,22.5947,1.7645,9.1046,,,,,0,-4.74,-10.6,-0.38,-0.05254032057397784,1993-1997→1997-2001
5620,Nordkapp,1997-2001,1997,2001,Finnmark,Nord-Norge,6,525,False,1962.0,43.93,28.77,-15.16,9.89,8.16,-1.73,10.19,16.49,6.3,11.37,9.1,-2.27,9.23,4.27,-4.96,12.08,18.03,5.95,1.22,0.55,-0.67,0.1,0.16,0.06,1.27,0.44,-0.83,0.71,14.03,13.32,-6.69,10.14,-3.96,3771.0,8.2351,-7.0538,-12.0672,-80.6152,10.8724,13.3652,25.9082,1.699,12.8703,,,,,0,-4.7,-4.78,0.0,1.365790996370053,1993-1997→1997-2001
5622,Porsanger - Porsángu - Porsanki,1997-2001,1997,2001,Finnmark,Nord-Norge,6,543,False,2303.0,33.91,22.2,-11.71,14.76,18.18,3.42,12.16,19.46,7.3,10.81,10.28,-0.53,13.03,6.26,-6.77,10.68,15.49,4.81,3.0,1.37,-1.63,0.17,0.09,-0.08,1.17,0.87,-0.3,0.3,5.8,5.5,-3.35,15.47,-1.71,4471.0,8.4054,-2.5274,-3.4559,-43.1671,17.8931,10.4227,26.3699,0.6833,17.4134,,,,,0,-0.46,-9.68,-5.05,-2.0308617823738198,1993-1997→1997-2001
5624,Lebesby,1997-2001,1997,2001,Finnmark,Nord-Norge,6,430,False,793.0,35.31,21.7,-13.61,10.09,10.92,0.83,7.69,12.65,4.96,19.67,16.25,-3.42,8.7,4.13,-4.57,11.1,19.31,8.21,4.04,1.46,-2.58,0.0,0.0,0.0,2.27,1.2,-1.07,1.13,12.38,11.25,-3.74,0.0,0.0,1576.0,7.3626,-3.2995,-10.0885,-39.9746,5.7107,13.8325,23.9848,0.0783,10.2057,,,,,0,-4.71,-11.6,0.61,1.2622997902534152,1993-1997→1997-2001
5626,Gamvik,1997-2001,1997,2001,Finnmark,Nord-Norge,6,407,False,702.0,49.57,32.72,-16.85,8.4,13.0,4.6,4.42,7.49,3.07,10.68,10.09,-0.59,9.83,3.82,-6.01,11.4,15.9,4.5,4.7,1.22,-3.48,0.43,0.0,-0.43,0.43,0.46,0.03,0.14,15.29,15.15,-1.41,0.0,0.0,1326.0,7.1899,-4.2986,-9.2275,-48.2655,6.7873,14.1026,27.0739,-0.6274,9.7628,,,,,0,3.18,-5.27,-2.52,-1.9038028990124505,1993-1997→1997-2001
5628,Deatnu - Tana,1997-2001,1997,2001,Finnmark,Nord-Norge,6,490,False,1740.0,30.29,25.02,-5.27,12.13,13.08,0.95,13.39,14.29,0.9,14.89,17.59,2.7,16.38,7.94,-8.44,4.48,11.05,6.57,7.18,1.65,-5.53,0.11,0.13,0.02,0.75,0.32,-0.43,0.4,8.95,8.55,-7.49,13.76,-4.39,3142.0,8.0526,-3.119,-5.8168,-41.6932,11.4577,12.1579,24.3157,0.7199,13.7945,,,,,0,0.04,-13.37,-0.83,1.5155275192667146,1993-1997→1997-2001
5630,Berlevåg,1997-2001,1997,2001,Finnmark,Nord-Norge,6,426,False,683.0,40.12,24.32,-15.8,12.59,7.94,-4.65,9.66,17.57,7.91,12.59,10.47,-2.12,8.49,1.35,-7.14,10.83,20.44,9.61,3.07,0.68,-2.39,0.0,0.0,0.0,0.59,0.34,-0.25,2.05,16.89,14.84,-11.79,0.0,0.0,1264.0,7.142,-4.1139,-9.5522,-32.4367,-8.7025,15.8228,21.7563,0.4313,8.9844,,,,,0,-1.92,-8.47,1.11,2.144762648482611,1993-1997→1997-2001
5632,Båtsfjord,1997-2001,1997,2001,Finnmark,Nord-Norge,6,538,False,1201.0,48.13,33.21,-14.92,12.24,14.09,1.85,13.41,17.2,3.79,11.49,6.5,-4.99,4.0,2.29,-1.71,6.91,14.09,7.18,2.41,0.82,-1.59,0.33,0.0,-0.33,0.33,0.73,0.4,0.75,11.07,10.32,0.14,0.0,0.0,2550.0,7.8438,-3.8824,4.6988,-70.5882,32.549,8.5098,30.9804,0.7109,8.5771,,,,,0,-1.46,-7.12,1.83,3.457757849429441,1993-1997→1997-2001
5634,Vardø,1997-2001,1997,2001,Finnmark,Nord-Norge,6,515,False,1507.0,39.35,29.02,-10.33,19.58,13.67,-5.91,11.15,14.71,3.56,8.83,7.27,-1.56,4.25,2.0,-2.25,7.43,16.71,9.28,7.3,2.4,-4.9,0.0,0.08,0.08,0.86,0.48,-0.38,1.26,13.67,12.41,-8.16,12.07,-12.07,2983.0,8.0007,-9.6882,-10.4388,-103.9222,7.0399,14.415,26.3828,0.8411,11.4357,,,,,0,-3.67,-7.03,-2.17,-0.06099560211203725,1993-1997→1997-2001
5636,Unjárga - Nesseby,1997-2001,1997,2001,Finnmark,Nord-Norge,6,476,False,601.0,38.27,29.55,-8.72,10.32,15.14,4.82,8.32,9.37,1.05,15.81,16.4,0.59,14.98,5.59,-9.39,5.49,10.27,4.78,4.99,1.62,-3.37,0.0,0.18,0.18,1.5,0.72,-0.78,0.33,11.17,10.84,-4.57,0.0,0.0,1041.0,6.9479,-7.4928,-8.8068,-59.5581,-15.3698,16.9068,20.4611,0.7463,13.1894,,,,,0,-3.49,-8.02,-4.57,-2.6134126949782077,1993-1997→1997-2001
0301,Oslo - Oslove,2001-2005,2001,2005,Oslo,Oslo/Akershus,1,1000,False,288960.0,22.41,31.49,9.08,13.0,17.25,4.25,29.06,19.79,-9.27,6.07,3.62,-2.45,0.69,1.06,0.37,16.89,13.42,-3.47,5.93,9.27,3.34,0.23,0.22,-0.01,2.97,3.0,0.03,2.75,0.88,-1.87,4.62,0.57,-0.57,508726.0,13.1397,4.1515,9.608,17.1428,23.5883,13.3093,28.1246,-1.6465,34.4587,,,,,0,-10.96,-0.59,7.35,-1.2540997698672633,1997-2001→2001-2005
1101,Eigersund,2001-2005,2001,2005,Rogaland,Vestlandet,4,747,False,7215.0,22.01,26.51,4.5,14.4,23.01,8.61,22.01,14.8,-7.21,18.95,11.72,-7.23,4.21,6.82,2.61,5.47,4.44,-1.03,9.98,10.79,0.81,0.03,0.04,0.01,0.21,0.23,0.02,2.73,1.63,-1.1,11.22,7.55,0.71,13291.0,9.4948,0.8803,4.7664,-4.2886,13.3173,12.4897,21.8418,-0.0269,13.6059,,,,,0,-9.16,-2.59,10.85,4.51261878232422,1997-2001→2001-2005
1103,Stavanger,2001-2005,2001,2005,Rogaland,Vestlandet,2,890,False,64365.0,19.82,28.13,8.31,15.8,22.48,6.68,27.42,18.48,-8.94,14.05,8.5,-5.55,2.52,3.33,0.81,11.63,8.49,-3.14,5.12,8.36,3.24,0.18,0.19,0.01,0.96,0.74,-0.22,2.52,1.3,-1.22,7.49,2.55,0.33,114870.0,11.6516,4.5643,10.0682,20.3099,25.7421,11.8456,24.5634,-0.8334,27.6578,,,,,1,-10.72,-1.36,9.42,1.4184273944303634,1997-2001→2001-2005
1106,Haugesund,2001-2005,2001,2005,Rogaland,Vestlandet,3,836,False,16939.0,21.12,29.25,8.13,23.35,29.44,6.09,23.86,16.68,-7.18,12.33,6.89,-5.44,1.22,2.24,1.02,9.61,6.58,-3.03,4.5,6.13,1.63,0.15,0.14,-0.01,0.51,0.63,0.12,3.35,2.03,-1.32,7.11,1.82,-0.21,30609.0,10.329,3.0089,8.4847,16.0737,14.2115,14.6787,23.7447,-0.9077,20.9818,,,,,0,-10.31,-1.31,8.46,1.0052595845402257,1997-2001→2001-2005
1108,Sandnes,2001-2005,2001,2005,Rogaland,Vestlandet,2,882,False,30326.0,17.88,24.42,6.54,18.16,26.52,8.36,24.17,15.92,-8.25,18.93,12.67,-6.26,4.19,4.82,0.63,8.59,6.36,-2.23,4.43,7.12,2.69,0.18,0.18,0.0,0.59,0.49,-0.1,2.89,1.5,-1.39,8.99,4.94,0.65,54893.0,10.9131,6.9717,17.9993,36.3616,33.1736,10.0669,23.2926,-0.3632,20.7728,,,,,1,-10.5,-1.99,9.08,0.308436509468061,1997-2001→2001-2005
1111,Sokndal,2001-2005,2001,2005,Rogaland,Vestlandet,5,652,False,1910.0,17.64,23.87,6.23,21.99,29.06,7.07,16.54,9.03,-7.51,24.14,19.56,-4.58,5.13,6.38,1.25,4.97,3.89,-1.08,6.18,6.54,0.36,0.05,0.05,0.0,0.16,0.05,-0.11,3.19,1.56,-1.63,8.32,9.17,-1.17,3354.0,8.1179,-1.3417,-5.9141,-16.1002,2.6834,17.3524,19.4991,-0.0964,9.9846,,,,,0,-7.34,-3.93,7.81,3.348287792123547,1997-2001→2001-2005
1112,Lund,2001-2005,2001,2005,Rogaland,Vestlandet,5,625,False,1724.0,16.76,18.53,1.77,16.36,27.19,10.83,14.79,8.15,-6.64,25.99,20.94,-5.05,11.31,12.91,1.6,4.76,3.61,-1.15,5.45,6.25,0.8,0.12,0.11,-0.01,0.46,0.29,-0.17,4.0,2.01,-1.99,12.43,18.61,-1.94,3114.0,8.0437,0.4817,1.8555,3.2113,1.2845,14.1297,19.9422,-0.5152,13.3276,,,,,0,-5.61,-2.7,5.1,0.07512975685961454,1997-2001→2001-2005
1114,Bjerkreim,2001-2005,2001,2005,Rogaland,Vestlandet,4,687,False,1430.0,7.2,11.03,3.83,9.86,17.1,7.24,12.8,9.24,-3.56,34.9,22.55,-12.35,23.22,29.03,5.81,4.13,2.21,-1.92,5.17,7.1,1.93,0.07,0.14,0.07,0.21,0.07,-0.14,2.45,1.52,-0.93,13.05,34.36,0.08,2483.0,7.8172,-0.8055,0.2034,-36.6492,28.9972,13.2098,22.0298,-0.4205,11.8801,,,,,0,-5.33,-7.88,6.7,1.4597250807846152,1997-2001→2001-2005
1119,Hå,2001-2005,2001,2005,Rogaland,Vestlandet,4,773,False,7659.0,11.88,15.07,3.19,16.87,24.95,8.08,14.38,10.45,-3.93,31.52,23.02,-8.5,13.06,15.46,2.4,5.34,3.95,-1.39,3.3,4.89,1.59,0.05,0.07,0.02,0.25,0.21,-0.04,3.36,1.93,-1.43,10.48,19.32,-1.13,14017.0,9.548,5.4719,11.426,19.619,34.5295,10.58,23.6927,-0.5218,12.6105,,,,,0,-7.94,-6.44,5.16,-1.0631721155235256,1997-2001→2001-2005
1120,Klepp,2001-2005,2001,2005,Rogaland,Vestlandet,3,851,False,7513.0,13.12,17.97,4.85,20.01,29.43,9.42,20.15,13.85,-6.3,23.29,15.09,-8.2,9.86,11.42,1.56,5.83,4.13,-1.7,5.0,6.3,1.3,0.07,0.18,0.11,0.2,0.3,0.1,2.46,1.34,-1.12,10.98,18.19,-2.01,13884.0,9.5385,4.6961,15.3193,8.571,38.3175,8.2253,24.8127,0.3809,14.7455,,,,,0,-7.75,-4.71,6.59,-1.597754506813386,1997-2001→2001-2005
1121,Time,2001-2005,2001,2005,Rogaland,Vestlandet,3,836,False,7739.0,16.64,22.03,5.39,14.76,23.05,8.29,19.27,13.19,-6.08,24.15,16.6,-7.55,9.68,10.29,0.61,7.65,5.52,-2.13,4.59,7.39,2.8,0.05,0.08,0.03,0.43,0.43,0.0,2.79,1.42,-1.37,8.9,14.29,1.01,13501.0,9.5105,7.1106,13.9828,34.8122,36.9602,9.6363,23.065,0.1901,19.3086,,,,,0,-7.94,-2.58,5.89,-1.5652519790641755,1997-2001→2001-2005
1122,Gjesdal,2001-2005,2001,2005,Rogaland,Vestlandet,3,792,False,4651.0,18.15,23.4,5.25,15.52,25.07,9.55,18.36,11.39,-6.97,25.89,17.59,-8.3,7.7,10.06,2.36,7.25,4.96,-2.29,3.72,5.66,1.94,0.11,0.12,0.01,0.28,0.24,-0.04,3.03,1.51,-1.52,11.91,11.04,-0.63,8995.0,9.1044,3.0906,13.8071,-4.4469,34.9083,7.6487,23.3574,-0.1538,14.6617,,,,,0,-12.44,-2.72,8.05,-0.051850270341647686,1997-2001→2001-2005
1124,Sola,2001-2005,2001,2005,Rogaland,Vestlandet,2,878,False,10227.0,13.42,19.69,6.27,21.72,32.41,10.69,28.14,18.73,-9.41,18.26,11.09,-7.17,4.2,4.55,0.35,6.92,5.22,-1.7,4.06,6.83,2.77,0.09,0.09,0.0,0.42,0.33,-0.09,2.78,1.05,-1.73,11.04,6.66,-0.98,19023.0,9.8534,4.2527,11.5473,9.4097,33.9589,8.2216,22.5201,0.6176,21.0964,,,,,0,-10.09,-2.55,9.43,0.278315340413096,1997-2001→2001-2005
1127,Randaberg,2001-2005,2001,2005,Rogaland,Vestlandet,3,867,False,4861.0,15.45,23.92,8.47,15.33,24.66,9.33,23.86,16.3,-7.56,23.18,16.23,-6.95,5.62,6.17,0.55,7.57,4.25,-3.32,5.43,6.72,1.29,0.06,0.06,0.0,0.6,0.39,-0.21,2.9,1.31,-1.59,9.88,15.03,-7.53,8762.0,9.0782,3.8462,11.4527,-0.2283,38.6898,7.1331,23.3737,1.2415,20.1421,,,,,0,-10.1,-2.19,8.11,0.010667442380123404,1997-2001→2001-2005
1130,Strand,2001-2005,2001,2005,Rogaland,Vestlandet,3,787,False,5535.0,15.92,21.9,5.98,16.64,26.97,10.33,16.37,10.52,-5.85,28.4,20.23,-8.17,5.71,6.86,1.15,9.12,5.27,-3.85,4.08,6.0,1.92,0.07,0.09,0.02,0.34,0.31,-0.03,3.34,1.86,-1.48,11.48,6.68,2.02,10182.0,9.2284,2.5437,7.3294,2.75,22.196,12.1194,22.255,-0.4443,13.9146,,,,,0,-9.22,-2.56,7.33,1.21157193963447,1997-2001→2001-2005
1133,Hjelmeland,2001-2005,2001,2005,Rogaland,Vestlandet,5,593,False,1586.0,7.0,11.63,4.63,8.95,15.46,6.51,12.8,10.07,-2.73,28.88,18.91,-9.97,28.25,30.86,2.61,5.67,5.07,-0.6,5.49,6.24,0.75,0.13,0.06,-0.07,0.44,0.32,-0.12,2.4,1.36,-1.04,9.12,27.72,-2.41,2745.0,7.9175,-0.3279,-0.2552,7.286,-9.8361,17.6321,18.6521,-1.5502,14.9581,,,,,0,-4.66,-4.14,4.09,-0.2973882962175143,1997-2001→2001-2005
1134,Suldal,2001-2005,2001,2005,Rogaland,Vestlandet,6,518,False,2290.0,15.41,21.45,6.04,10.22,12.02,1.8,8.78,6.57,-2.21,22.53,16.18,-6.35,21.92,25.47,3.55,10.09,8.67,-1.42,6.81,7.06,0.25,0.17,0.09,-0.08,0.39,0.36,-0.03,3.67,2.14,-1.53,5.35,27.07,3.49,4042.0,8.3045,-3.4884,-4.9,-31.9149,-3.2162,16.8481,20.0148,0.0963,15.4983,,,,,0,-4.57,-6.26,3.48,-0.3330786330857829,1997-2001→2001-2005
1135,Sauda,2001-2005,2001,2005,Rogaland,Vestlandet,5,604,False,3080.0,28.51,42.55,14.04,15.16,19.66,4.5,13.7,8.98,-4.72,16.1,7.0,-9.1,7.18,8.15,0.97,12.08,6.8,-5.28,3.99,5.34,1.35,0.13,0.07,-0.06,0.58,0.59,0.01,2.56,0.87,-1.69,5.47,12.33,-1.55,5019.0,8.521,-3.9849,-7.788,-22.5144,-17.9319,18.5296,17.9916,0.5615,14.4597,,,,,0,-7.36,-1.87,4.12,-0.03719166500411042,1997-2001→2001-2005
1144,Kvitsøy,2001-2005,2001,2005,Rogaland,Vestlandet,6,525,False,306.0,15.03,24.37,9.34,13.73,16.77,3.04,13.73,8.86,-4.87,31.05,29.75,-1.3,3.59,6.01,2.42,5.56,5.38,-0.18,7.19,5.38,-1.81,1.31,0.63,-0.68,0.98,0.0,-0.98,7.84,2.85,-4.99,5.46,0.0,0.0,529.0,6.271,-3.4026,-0.7767,-24.5747,-9.4518,17.2023,17.9584,2.3672,10.4116,,,,,0,-7.89,-2.06,6.29,0.5120256244052328,1997-2001→2001-2005
1145,Bokn,2001-2005,2001,2005,Rogaland,Vestlandet,5,624,False,452.0,9.29,15.4,6.11,15.27,24.3,9.03,15.27,12.58,-2.69,25.22,14.75,-10.47,13.27,19.31,6.04,7.3,4.12,-3.18,3.54,3.25,-0.29,0.44,0.0,-0.44,0.22,0.65,0.43,10.18,5.64,-4.54,15.07,33.33,-1.25,792.0,6.6746,-2.904,-0.3886,-56.8182,27.7778,15.0253,23.2323,1.2296,10.3728,,,,,0,-8.62,-6.13,2.26,-4.068922084541543,1997-2001→2001-2005
1146,Tysvær,2001-2005,2001,2005,Rogaland,Vestlandet,4,724,False,4813.0,15.62,22.31,6.69,20.38,28.42,8.04,16.66,12.75,-3.91,23.23,12.94,-10.29,8.08,10.19,2.11,6.42,4.71,-1.71,4.99,5.93,0.94,0.23,0.1,-0.13,0.19,0.29,0.1,4.2,2.34,-1.86,10.15,12.6,1.49,8909.0,9.0948,5.1745,15.2096,23.1227,28.1738,9.743,22.0002,0.1823,14.5016,,,,,0,-8.61,-3.75,6.63,-0.1289493416935681,1997-2001→2001-2005
1149,Karmøy,2001-2005,2001,2005,Rogaland,Vestlandet,4,758,False,19540.0,16.34,21.31,4.97,26.88,37.29,10.41,18.17,11.87,-6.3,22.0,13.93,-8.07,2.43,3.39,0.96,6.48,4.56,-1.92,3.5,5.03,1.53,0.03,0.03,0.0,0.21,0.29,0.08,3.97,2.3,-1.67,11.37,3.46,0.07,37145.0,10.5226,1.1361,5.3536,-8.4534,19.9219,10.8709,22.9641,0.2852,13.9977,,,,,0,-10.75,-2.33,7.46,1.350001567512737,1997-2001→2001-2005
1151,Utsira,2001-2005,2001,2005,Rogaland,Vestlandet,6,293,False,133.0,27.07,30.0,2.93,3.76,11.54,7.78,12.03,15.38,3.35,20.3,9.23,-11.07,10.53,15.38,4.85,9.02,5.38,-3.64,6.02,7.69,1.67,0.0,0.0,0.0,3.01,1.54,-1.47,8.27,3.85,-4.42,12.63,0.0,0.0,232.0,5.4467,-8.1897,0.4717,-60.3448,-21.5517,18.1034,23.7069,-2.6105,19.3548,,,,,0,-10.71,-3.54,2.4,-1.8393139194053991,1997-2001→2001-2005
1160,Vindafjord,2001-2005,2001,2005,Rogaland,Vestlandet,5,643,False,4520.0,12.85,22.08,9.23,16.46,21.1,4.64,13.94,11.17,-2.77,26.53,13.14,-13.39,15.8,21.48,5.68,6.42,4.4,-2.02,4.18,4.94,0.76,0.02,0.04,0.02,0.4,0.11,-0.29,3.41,1.53,-1.88,10.32,16.45,8.26,8147.0,9.0054,-0.3314,-0.1598,-17.5525,13.7474,15.5886,20.9157,-0.2807,13.2379,,,,,0,-7.62,-7.27,5.69,0.7157369886779499,1997-2001→2001-2005
1505,Kristiansund,2001-2005,2001,2005,Møre og Romsdal,Vestlandet,4,749,False,12257.0,30.86,40.63,9.77,17.56,26.33,8.77,19.1,12.79,-6.31,7.91,3.26,-4.65,1.57,2.63,1.06,10.88,6.96,-3.92,8.57,6.1,-2.47,0.0,0.09,0.09,0.56,0.45,-0.11,2.99,0.76,-2.23,9.83,5.05,-1.43,22319.0,10.0132,0.0358,1.0637,-0.6273,1.5234,14.0777,21.3047,-0.641,17.1446,,,,,0,-9.41,-1.32,1.77,-4.493155554543701,1997-2001→2001-2005
1506,Molde,2001-2005,2001,2005,Møre og Romsdal,Vestlandet,4,740,False,16424.0,21.2,27.31,6.11,13.73,22.46,8.73,16.68,14.38,-2.3,20.49,10.92,-9.57,4.97,6.44,1.47,11.42,8.27,-3.15,8.07,8.83,0.76,0.0,0.11,0.11,0.82,0.62,-0.2,2.6,0.67,-1.93,10.2,13.38,-3.35,29008.0,10.2753,0.8136,3.6507,-1.6892,9.1009,14.6063,20.5461,-0.3059,22.7104,,,,,1,-9.08,-2.1,6.58,0.7006498833281629,1997-2001→2001-2005
1508,Ålesund,2001-2005,2001,2005,Møre og Romsdal,Vestlandet,3,800,False,25468.0,16.77,23.24,6.47,22.6,31.3,8.7,23.49,17.0,-6.49,17.5,10.56,-6.94,2.23,3.51,1.28,8.78,5.89,-2.89,4.5,6.81,2.31,0.0,0.07,0.07,0.43,0.5,0.07,3.69,1.11,-2.58,9.98,4.48,-0.85,46139.0,10.7394,2.4881,8.5361,6.8272,18.0541,13.6977,22.5167,-0.4637,20.9792,,,,,1,-9.42,-1.81,8.97,1.9929756744525804,1997-2001→2001-2005
1511,Vanylven,2001-2005,2001,2005,Møre og Romsdal,Vestlandet,6,535,False,1971.0,13.55,20.22,6.67,16.74,22.8,6.06,10.76,6.99,-3.77,23.54,13.56,-9.98,10.6,15.34,4.74,5.12,3.61,-1.51,4.72,5.49,0.77,0.0,0.0,0.0,0.41,0.19,-0.22,14.56,11.82,-2.74,10.8,16.82,0.52,3532.0,8.1696,4.5583,-2.4306,-58.607,-3.9638,16.8177,20.3851,0.8915,11.198,,,,,0,-6.44,-7.87,2.75,-0.34930053818840356,1997-2001→2001-2005
1514,Sande,2001-2005,2001,2005,Møre og Romsdal,Vestlandet,6,560,False,1805.0,10.14,18.1,7.96,18.89,31.07,12.18,14.63,11.04,-3.59,30.75,13.51,-17.24,6.81,10.71,3.9,7.26,3.73,-3.53,4.76,8.52,3.76,0.0,0.07,0.07,0.33,0.13,-0.2,6.43,3.13,-3.3,16.08,5.56,9.83,3038.0,8.019,-15.2074,-19.4748,-22.054,-2.9625,16.7874,19.289,1.0698,10.942,,,,,0,-7.53,-5.81,4.46,0.7283566633192682,1997-2001→2001-2005
1515,Herøy (Møre og Romsdal),2001-2005,2001,2005,Møre og Romsdal,Vestlandet,5,664,False,4617.0,12.95,20.52,7.57,20.86,31.51,10.65,19.19,14.77,-4.42,30.32,18.46,-11.86,3.08,3.9,0.82,5.26,2.84,-2.42,3.92,6.36,2.44,0.0,0.02,0.02,0.09,0.13,0.04,4.33,1.5,-2.83,11.47,3.4,-1.0,8359.0,9.0311,0.323,1.7471,-10.5276,13.1595,13.9969,21.5935,0.0623,11.8255,,,,,0,-8.16,-3.55,8.73,3.2837811486679938,1997-2001→2001-2005
1516,Ulstein,2001-2005,2001,2005,Møre og Romsdal,Vestlandet,4,719,False,3605.0,15.23,20.26,5.03,18.25,25.36,7.11,21.89,19.26,-2.63,25.6,16.25,-9.35,3.91,5.28,1.37,7.1,4.49,-2.61,4.47,6.94,2.47,0.0,0.08,0.08,0.31,0.18,-0.13,3.25,1.9,-1.35,8.48,7.76,-1.51,6615.0,8.7971,2.7211,10.7941,-5.7445,34.1648,10.7029,23.7339,0.2021,19.8881,,,,,0,-7.8,-3.68,8.04,0.38611985882762756,1997-2001→2001-2005
1517,Hareid,2001-2005,2001,2005,Møre og Romsdal,Vestlandet,4,683,False,2562.0,14.25,18.38,4.13,22.83,31.01,8.18,19.98,13.39,-6.59,20.14,11.02,-9.12,4.29,8.7,4.41,7.3,4.73,-2.57,6.32,10.26,3.94,0.0,0.04,0.04,0.35,0.5,0.15,4.53,1.98,-2.55,12.59,6.16,-6.16,4763.0,8.4686,-2.2045,0.9317,-32.9624,10.0777,14.0668,20.7222,0.6821,14.3841,,,,,0,-4.96,-5.13,7.14,0.9390374647803235,1997-2001→2001-2005
1520,Ørsta,2001-2005,2001,2005,Møre og Romsdal,Vestlandet,4,718,False,5763.0,16.1,23.12,7.02,16.26,24.86,8.6,13.93,10.65,-3.28,21.0,11.11,-9.89,11.68,14.21,2.53,10.55,6.61,-3.94,5.87,7.18,1.31,0.0,0.12,0.12,0.4,0.39,-0.01,4.22,1.74,-2.48,11.13,23.34,0.13,10259.0,9.2359,-0.2534,-0.6987,-17.4481,15.1087,15.7618,21.1814,0.0303,16.1922,,,,,0,-7.54,-5.21,4.9,-0.15371134619750837,1997-2001→2001-2005
1525,Stranda,2001-2005,2001,2005,Møre og Romsdal,Vestlandet,5,628,False,2573.0,15.04,20.01,4.97,20.83,27.72,6.89,14.34,10.47,-3.87,21.38,12.02,-9.36,11.0,15.16,4.16,6.14,4.07,-2.07,6.57,8.92,2.35,0.0,0.0,0.0,0.19,0.31,0.12,4.51,1.32,-3.19,11.05,20.19,-6.66,4656.0,8.4459,-1.0954,1.3647,-24.055,13.5309,16.9459,20.7689,0.8826,13.8881,,,,,0,-7.72,-5.0,5.65,0.68194952533337,1997-2001→2001-2005
1528,Sykkylven,2001-2005,2001,2005,Møre og Romsdal,Vestlandet,4,695,False,4086.0,15.47,20.16,4.69,17.57,30.06,12.49,17.3,12.7,-4.6,24.01,13.64,-10.37,7.44,9.12,1.68,8.08,4.71,-3.37,5.07,8.08,3.01,0.0,0.12,0.12,0.2,0.12,-0.08,4.87,1.3,-3.57,14.17,13.04,0.61,7383.0,8.9069,0.8533,5.9326,-15.4409,24.3803,13.5988,22.4841,-0.2359,14.8541,,,,,0,-7.29,-3.53,6.62,0.4617281973223273,1997-2001→2001-2005
1531,Sula,2001-2005,2001,2005,Møre og Romsdal,Vestlandet,4,737,False,3994.0,15.15,21.21,6.06,23.39,34.82,11.43,18.8,13.45,-5.35,24.51,15.93,-8.58,2.73,3.29,0.56,6.74,3.83,-2.91,3.53,5.7,2.17,0.0,0.12,0.12,0.15,0.14,-0.01,5.01,1.51,-3.5,11.99,3.02,0.4,7073.0,8.864,5.3725,9.2335,35.0629,18.6625,14.0959,20.9105,-0.4235,15.5052,,,,,0,-8.2,-1.75,7.51,1.450171831613094,1997-2001→2001-2005
1532,Giske,2001-2005,2001,2005,Møre og Romsdal,Vestlandet,4,714,False,3598.0,9.45,15.63,6.18,21.15,29.77,8.62,19.54,13.31,-6.23,30.04,21.81,-8.23,4.11,5.11,1.0,5.56,3.09,-2.47,6.5,9.35,2.85,0.0,0.08,0.08,0.25,0.24,-0.01,3.39,1.62,-1.77,9.62,11.32,-4.2,6395.0,8.7633,3.0649,6.4266,3.7529,27.0524,12.5098,21.0321,-0.0989,14.079,,,,,0,-7.8,-2.89,8.67,2.9997364976630374,1997-2001→2001-2005
1535,Vestnes,2001-2005,2001,2005,Møre og Romsdal,Vestlandet,5,644,False,3469.0,16.83,22.6,5.77,15.45,27.35,11.9,17.18,11.99,-5.19,23.12,11.4,-11.72,8.33,12.05,3.72,8.65,5.26,-3.39,5.22,7.78,2.56,0.0,0.11,0.11,0.72,0.57,-0.15,4.5,0.9,-3.6,15.62,18.41,-6.32,6486.0,8.7774,-1.4801,-1.1907,-19.889,5.0879,14.4311,19.8273,-0.0649,12.0515,,,,,0,-7.92,-4.47,7.52,2.423269058400783,1997-2001→2001-2005
1539,Rauma,2001-2005,2001,2005,Møre og Romsdal,Vestlandet,5,627,False,4183.0,21.52,27.67,6.15,16.23,25.78,9.55,14.22,10.99,-3.23,21.2,10.87,-10.33,9.06,10.85,1.79,8.15,6.24,-1.91,5.12,6.07,0.95,0.0,0.07,0.07,0.26,0.38,0.12,4.23,1.09,-3.14,11.34,17.19,0.03,7422.0,8.9122,-1.1587,-4.9125,-7.9493,-4.4462,18.1083,18.8089,-1.0418,12.8292,,,,,0,-6.74,-4.33,4.52,0.30816527269388505,1997-2001→2001-2005
1547,Aukra,2001-2005,2001,2005,Møre og Romsdal,Vestlandet,5,616,False,1660.0,14.58,20.54,5.96,15.84,25.69,9.85,13.8,10.76,-3.04,28.43,16.55,-11.88,5.72,6.54,0.82,9.34,7.18,-2.16,7.59,11.46,3.87,0.0,0.0,0.0,0.12,0.12,0.0,4.58,1.16,-3.42,10.67,20.82,-13.72,2968.0,7.9956,2.7628,3.9536,13.814,14.4879,14.7574,20.8221,0.4557,14.8973,,,,,0,-8.16,-5.11,6.96,2.4724171824900987,1997-2001→2001-2005
1554,Averøy,2001-2005,2001,2005,Møre og Romsdal,Vestlandet,5,611,False,2985.0,21.11,32.15,11.04,14.51,23.56,9.05,10.28,6.89,-3.39,14.3,7.02,-7.28,5.86,9.91,4.05,6.57,4.57,-2.0,22.95,14.29,-8.66,0.0,0.03,0.03,0.23,0.32,0.09,4.19,1.26,-2.93,13.1,21.52,3.5,5428.0,8.5993,0.3685,-2.5403,-2.395,6.2638,15.0884,19.9153,-1.0099,11.825,,,,,0,-6.66,-3.98,5.59,1.630141239393664,1997-2001→2001-2005
1557,Gjemnes,2001-2005,2001,2005,Møre og Romsdal,Vestlandet,5,576,False,1562.0,18.05,23.61,5.56,11.78,21.56,9.78,8.71,5.58,-3.13,25.48,14.44,-11.04,16.58,20.26,3.68,7.43,5.2,-2.23,8.64,7.93,-0.71,0.0,0.06,0.06,0.26,0.25,-0.01,3.07,1.12,-1.95,13.46,28.63,1.35,2656.0,7.8846,1.6566,-3.9829,4.1416,11.6717,16.5663,21.0467,-1.0848,13.7644,,,,,0,-5.03,-6.92,4.37,1.2482696267447357,1997-2001→2001-2005
1560,Tingvoll,2001-2005,2001,2005,Møre og Romsdal,Vestlandet,5,568,False,1780.0,27.7,33.88,6.18,11.69,19.8,8.11,10.34,6.0,-4.34,17.58,8.08,-9.5,14.55,17.78,3.23,7.7,5.95,-1.75,7.19,7.52,0.33,0.0,0.0,0.0,0.67,0.34,-0.33,2.58,0.67,-1.91,11.34,30.64,0.2,3128.0,8.0481,-0.7353,-4.6669,0.6394,-8.6317,19.0537,18.0946,-0.5674,16.0094,,,,,0,-6.16,-3.58,2.93,-0.3347710150008223,1997-2001→2001-2005
1563,Sunndal,2001-2005,2001,2005,Møre og Romsdal,Vestlandet,5,640,False,4231.0,42.19,47.41,5.22,10.68,17.7,7.02,11.16,6.77,-4.39,11.04,5.04,-6.0,7.0,8.49,1.49,10.94,8.01,-2.93,3.71,5.36,1.65,0.0,0.07,0.07,0.33,0.55,0.22,2.95,0.6,-2.35,8.51,11.23,7.4,7426.0,8.9127,-0.7541,-1.9034,-8.349,0.808,16.8193,19.9165,-0.4014,15.3355,,,,,0,-9.29,-1.51,2.18,-2.5007586419852124,1997-2001→2001-2005
1566,Surnadal,2001-2005,2001,2005,Møre og Romsdal,Vestlandet,5,607,False,3275.0,31.42,39.08,7.66,8.79,15.9,7.11,12.15,7.42,-4.73,12.52,6.51,-6.01,20.49,20.45,-0.04,8.24,5.43,-2.81,3.48,4.08,0.6,0.0,0.23,0.23,0.24,0.23,-0.01,2.66,0.65,-2.01,7.07,44.31,4.57,6248.0,8.74,-1.4085,-4.1842,-7.8425,-6.5621,16.9494,19.8624,-0.8131,12.781,,,,,0,-8.43,1.28,4.32,-0.01347073245543573,1997-2001→2001-2005
1573,Smøla,2001-2005,2001,2005,Møre og Romsdal,Vestlandet,6,501,False,1362.0,23.05,29.92,6.87,9.84,19.39,9.55,11.38,7.56,-3.82,17.69,7.25,-10.44,7.86,10.76,2.9,9.47,8.78,-0.69,10.43,13.36,2.93,0.0,0.0,0.0,0.29,0.15,-0.14,9.99,2.82,-7.17,12.45,15.35,-5.73,2407.0,7.7861,-8.8076,-16.4128,-63.5646,-24.0964,18.9032,19.2356,0.9601,10.5716,,,,,0,-9.62,-8.04,4.75,1.9592872619639756,1997-2001→2001-2005
1576,Aure,2001-2005,2001,2005,Møre og Romsdal,Vestlandet,6,501,False,2068.0,23.74,33.75,10.01,8.95,18.2,9.25,13.35,9.1,-4.25,17.31,8.09,-9.22,13.73,15.45,1.72,7.35,5.06,-2.29,9.48,7.9,-1.58,0.0,0.05,0.05,0.39,0.48,0.09,5.71,1.93,-3.78,10.97,18.67,-7.93,3787.0,8.2393,-4.2514,-6.0135,-23.2374,-20.3327,18.2994,19.7254,-1.0904,11.5195,,,,,0,-6.92,-5.0,4.65,0.5409467312747598,1997-2001→2001-2005
1577,Volda,2001-2005,2001,2005,Møre og Romsdal,Vestlandet,4,705,False,5417.0,14.97,20.74,5.77,10.23,15.98,5.75,15.56,12.5,-3.06,24.18,14.98,-9.2,10.15,13.81,3.66,12.39,9.9,-2.49,7.88,9.44,1.56,0.0,0.11,0.11,0.65,0.7,0.05,3.99,1.83,-2.16,9.41,18.7,0.42,9540.0,9.1632,0.0839,1.4989,-6.1845,7.3375,15.0734,21.1426,-0.5258,24.1785,,,,,1,-5.32,-9.89,2.29,-3.6737826134633016,1997-2001→2001-2005
1578,Fjord,2001-2005,2001,2005,Møre og Romsdal,Vestlandet,6,564,False,1604.0,12.91,18.33,5.42,14.78,21.58,6.8,12.03,11.16,-0.87,20.89,10.42,-10.47,19.39,23.24,3.85,8.67,6.84,-1.83,5.49,6.91,1.42,0.0,0.0,0.0,0.62,0.6,-0.02,5.24,0.93,-4.31,10.65,32.89,-4.74,3024.0,8.0143,-6.6138,-7.6822,-65.1455,-1.3228,17.6257,20.2381,0.3984,13.4817,,,,,1,-5.8,-5.94,5.13,0.8260039487092135,1997-2001→2001-2005
1579,Hustadvika,2001-2005,2001,2005,Møre og Romsdal,Vestlandet,5,651,False,6682.0,16.9,21.49,4.59,19.44,31.48,12.04,13.8,10.97,-2.83,22.75,10.87,-11.88,9.2,11.26,2.06,6.35,4.73,-1.62,8.14,7.58,-0.56,0.0,0.06,0.06,0.21,0.31,0.1,3.22,1.26,-1.96,14.1,22.09,-1.94,12264.0,9.4144,0.5137,1.6492,-12.8832,16.8787,12.8262,22.0157,-0.2278,11.723,,,,,1,-6.86,-4.92,6.9,1.9289583694003536,1997-2001→2001-2005
1580,Haram,2001-2005,2001,2005,Møre og Romsdal,Vestlandet,5,625,False,5016.0,14.06,19.59,5.53,18.16,26.96,8.8,17.68,12.49,-5.19,24.56,14.05,-10.51,7.26,11.85,4.59,6.92,3.83,-3.09,6.28,9.54,3.26,0.0,0.06,0.06,0.26,0.26,0.0,4.82,1.38,-3.44,13.39,15.46,5.53,8792.0,9.0816,-0.8758,0.9849,-16.8335,8.8717,15.9918,20.8712,-0.1111,12.426,,,,,0,-7.19,-3.36,7.3,1.941674591747403,1997-2001→2001-2005
1804,Bodø,2001-2005,2001,2005,Nordland,Nord-Norge,3,793,False,23178.0,24.86,34.75,9.89,15.04,25.07,10.03,18.3,13.07,-5.23,10.54,4.33,-6.21,4.7,4.5,-0.2,15.13,11.18,-3.95,2.42,4.17,1.75,0.0,0.11,0.11,0.88,1.03,0.15,8.13,1.77,-6.36,9.83,6.78,-1.75,42624.0,10.6602,4.1995,9.884,14.71,27.1209,10.1703,24.1836,0.1665,25.0378,,,,,0,-14.78,-0.38,3.73,-3.729551855702843,1997-2001→2001-2005
1806,Narvik,2001-2005,2001,2005,Nordland,Nord-Norge,4,686,True,12019.39,25.22,36.3,11.08,15.59,25.75,10.16,15.26,9.03,-6.23,11.98,4.82,-7.16,4.65,4.84,0.19,15.66,12.72,-2.94,2.02,3.13,1.11,0.0,0.13,0.13,0.62,0.44,-0.18,8.99,2.84,-6.15,10.35,7.99,-0.75,22265.4357,10.0108,-0.4914,-3.2152,-3.8688,-0.8656,15.6953,20.5437,-0.2842,17.1155,,,,,1,-12.51,-3.23,5.5,0.7684130410818897,1997-2001→2001-2005
1811,Bindal,2001-2005,2001,2005,Nordland,Nord-Norge,6,426,False,1153.0,27.06,38.8,11.74,7.63,12.06,4.43,6.33,5.17,-1.16,16.74,5.17,-11.57,13.96,20.22,6.26,11.88,9.43,-2.45,2.95,4.81,1.86,0.0,0.09,0.09,0.52,1.18,0.66,12.92,3.08,-9.84,10.69,12.32,-12.32,1911.0,7.5554,-6.9597,-12.9285,-50.7588,-18.8383,18.6813,17.4254,-0.1774,9.8168,,,,,0,-6.3,-6.96,2.38,-0.167342050960261,1997-2001→2001-2005
1812,Sømna,2001-2005,2001,2005,Nordland,Nord-Norge,6,505,False,1209.0,18.53,29.76,11.23,6.62,14.38,7.76,7.53,3.08,-4.45,13.81,5.65,-8.16,21.42,29.01,7.59,15.3,10.31,-4.99,0.74,2.41,1.67,0.0,0.25,0.25,0.66,0.75,0.09,15.38,4.41,-10.97,15.35,29.09,28.53,2099.0,7.6492,-1.1434,-2.9467,-4.2878,-7.6227,16.1982,20.343,-0.1982,13.8788,,,,,0,-7.05,-5.66,2.37,-1.6167857611592615,1997-2001→2001-2005
1813,Brønnøy,2001-2005,2001,2005,Nordland,Nord-Norge,5,613,False,3951.0,22.27,33.2,10.93,10.88,22.59,11.71,11.9,8.37,-3.53,10.53,3.47,-7.06,8.73,11.49,2.76,14.4,11.61,-2.79,1.92,3.62,1.7,0.0,0.1,0.1,0.73,0.8,0.07,18.63,4.75,-13.88,14.47,15.16,2.01,7469.0,8.9185,1.5531,7.9715,8.301,6.8282,14.0313,21.1541,-0.386,15.0649,,,,,0,-8.99,-4.51,3.8,-1.9465821462026263,1997-2001→2001-2005
1815,Vega,2001-2005,2001,2005,Nordland,Nord-Norge,6,400,False,847.0,19.24,34.23,14.99,7.08,14.85,7.77,6.61,3.8,-2.81,10.15,2.09,-8.06,16.88,21.72,4.84,13.93,11.78,-2.15,2.36,3.07,0.71,0.0,0.0,0.0,0.35,0.61,0.26,23.38,7.85,-15.53,12.61,34.03,-2.33,1412.0,7.2528,-3.966,-8.871,-9.2068,-26.204,18.272,17.068,-0.1304,10.8036,,,,,0,-7.12,-7.26,2.96,0.48204686194872837,1997-2001→2001-2005
1816,Vevelstad,2001-2005,2001,2005,Nordland,Nord-Norge,6,373,False,327.0,15.9,29.8,13.9,6.42,12.91,6.49,7.95,2.98,-4.97,11.93,4.3,-7.63,17.13,28.15,11.02,11.62,10.26,-1.36,0.61,2.32,1.71,0.0,0.0,0.0,0.61,0.33,-0.28,27.83,8.94,-18.89,17.51,29.38,-29.38,576.0,6.3561,-9.0278,-21.4393,-81.5972,-13.8889,17.7083,19.9653,-0.5328,9.8532,,,,,0,-14.85,-3.19,0.2,-2.178659486418622,1997-2001→2001-2005
1818,Herøy (Nordland),2001-2005,2001,2005,Nordland,Nord-Norge,6,480,False,954.0,24.42,41.24,16.82,9.85,21.36,11.51,6.5,5.88,-0.62,11.11,3.73,-7.38,6.81,8.7,1.89,9.43,7.68,-1.75,1.57,2.26,0.69,0.0,0.23,0.23,0.84,0.68,-0.16,29.45,8.25,-21.2,13.4,0.0,11.54,1874.0,7.5358,-7.2038,-10.0362,-56.5635,-18.6766,16.809,18.9434,-0.6503,9.2443,,,,,0,-11.65,-3.7,-0.15,-3.139176454938297,1997-2001→2001-2005
1820,Alstahaug,2001-2005,2001,2005,Nordland,Nord-Norge,5,653,False,3754.0,22.38,36.01,13.63,12.23,22.6,10.37,14.3,8.2,-6.1,8.82,2.57,-6.25,7.49,10.89,3.4,12.6,10.1,-2.5,2.34,3.18,0.84,0.0,0.15,0.15,2.66,2.52,-0.14,17.18,3.77,-13.41,13.77,12.46,2.24,7404.0,8.9098,-0.081,-1.6616,-12.0205,11.8855,11.0211,21.826,0.6172,18.089,,,,,0,-13.09,-2.09,4.84,0.057321913643110456,1997-2001→2001-2005
1822,Leirfjord,2001-2005,2001,2005,Nordland,Nord-Norge,6,559,False,1158.0,22.88,32.62,9.74,11.49,20.18,8.69,6.82,4.53,-2.29,9.41,3.82,-5.59,18.57,20.89,2.32,13.13,11.11,-2.02,1.12,2.04,0.92,0.0,0.09,0.09,1.55,1.6,0.05,15.03,3.11,-11.92,11.01,26.69,-2.86,2219.0,7.7048,-2.8391,-7.5472,-16.6742,-11.2663,17.0347,18.2064,-0.9865,11.0532,,,,,0,-10.51,-3.22,2.76,-0.41617257106769223,1997-2001→2001-2005
1824,Vefsn,2001-2005,2001,2005,Nordland,Nord-Norge,4,686,False,7358.0,32.94,43.32,10.38,13.02,20.34,7.32,11.72,6.33,-5.39,9.23,3.86,-5.37,8.66,9.38,0.72,13.65,11.58,-2.07,1.82,2.18,0.36,0.0,0.06,0.06,1.06,1.38,0.32,7.91,1.54,-6.37,8.04,11.46,-2.16,13501.0,9.5105,-0.1111,-0.8309,-9.2586,6.7402,14.5841,20.1837,-0.0134,15.3939,,,,,0,-12.52,-1.84,3.97,-0.9249350861476366,1997-2001→2001-2005
1825,Grane,2001-2005,2001,2005,Nordland,Nord-Norge,6,494,False,902.0,39.36,47.04,7.68,8.2,15.24,7.04,7.43,3.18,-4.25,10.75,3.07,-7.68,16.41,20.72,4.31,8.87,6.25,-2.62,0.33,1.32,0.99,0.0,0.0,0.0,0.44,0.99,0.55,8.2,2.19,-6.01,11.35,0.0,0.0,1611.0,7.3846,-4.1589,-7.9857,-13.6561,-26.6915,18.7461,17.9392,-0.7409,10.1852,,,,,0,-6.8,-3.09,3.38,0.2755212427622027,1997-2001→2001-2005
1826,Aarborte - Hattfjelldal,2001-2005,2001,2005,Nordland,Nord-Norge,6,453,False,965.0,34.72,44.75,10.03,6.22,10.07,3.85,4.87,2.97,-1.9,11.09,3.61,-7.48,28.19,29.16,0.97,7.98,7.0,-0.98,1.45,1.48,0.03,0.0,0.0,0.0,0.41,0.32,-0.09,5.08,0.64,-4.44,4.82,37.33,-37.33,1632.0,7.3976,-6.25,-8.1633,-54.5343,-7.9657,16.7279,20.2819,1.9649,12.0664,,,,,0,-6.4,-2.39,1.64,-1.3314227098177602,1997-2001→2001-2005
1827,Dønna,2001-2005,2001,2005,Nordland,Nord-Norge,6,429,False,855.0,18.83,31.25,12.42,7.95,17.77,9.82,7.95,6.25,-1.7,8.77,4.66,-4.11,15.2,20.71,5.51,8.65,9.68,1.03,0.23,2.08,1.85,0.0,0.0,0.0,1.52,1.1,-0.42,30.88,6.5,-24.38,15.33,25.55,-9.01,1595.0,7.3746,-4.2006,-12.0829,-36.9906,-5.0157,17.6176,19.6865,-1.3872,12.2862,,,,,0,-8.92,-2.32,0.66,-2.0033986661688523,1997-2001→2001-2005
1828,Nesna,2001-2005,2001,2005,Nordland,Nord-Norge,6,494,False,1005.0,17.91,27.56,9.65,12.74,19.45,6.71,9.65,6.89,-2.76,9.95,3.75,-6.2,12.44,15.7,3.26,18.31,16.01,-2.3,2.89,3.55,0.66,0.0,0.1,0.1,1.09,1.72,0.63,15.02,5.27,-9.75,9.97,17.33,-6.11,1913.0,7.5564,-5.8547,0.3343,-71.6153,14.114,14.5321,20.4914,1.2924,20.9464,,,,,0,-14.21,-2.42,-0.03,-5.7595008611683065,1997-2001→2001-2005
1832,Hemnes,2001-2005,2001,2005,Nordland,Nord-Norge,5,567,False,2617.0,27.51,37.48,9.97,11.92,20.75,8.83,9.71,4.96,-4.75,10.55,3.54,-7.01,12.42,12.89,0.47,15.44,12.56,-2.88,1.38,2.42,1.04,0.0,0.11,0.11,0.46,1.04,0.58,10.62,4.25,-6.37,9.3,31.62,-7.49,4663.0,8.4474,-2.0802,-5.7974,-15.0118,-6.2192,17.1349,20.0086,-0.4463,11.79,,,,,0,-9.37,-5.85,2.51,-1.4570459568551954,1997-2001→2001-2005
1833,Rana - Raane,2001-2005,2001,2005,Nordland,Nord-Norge,4,713,False,13794.0,32.35,46.5,14.15,11.86,20.49,8.63,12.24,5.15,-7.09,7.49,2.66,-4.83,4.39,4.67,0.28,21.03,15.39,-5.64,2.05,2.23,0.18,0.0,0.07,0.07,0.91,1.05,0.14,7.68,1.78,-5.9,8.91,7.17,-2.17,25278.0,10.1377,0.1662,0.6759,-6.8043,8.545,13.6403,20.7414,0.2973,16.0114,,,,,0,-16.05,-1.4,5.0,-0.16113799398585904,1997-2001→2001-2005
1834,Lurøy,2001-2005,2001,2005,Nordland,Nord-Norge,6,362,False,1143.0,18.64,29.03,10.39,6.82,16.38,9.56,9.1,5.98,-3.12,13.65,6.76,-6.89,11.99,15.51,3.52,9.1,6.85,-2.25,2.1,3.64,1.54,0.0,0.0,0.0,0.26,0.61,0.35,28.35,15.25,-13.1,13.08,22.44,-8.17,2116.0,7.6573,-4.1588,-7.355,-36.862,-8.034,17.0605,19.6125,0.4937,10.6179,,,,,0,-8.76,-4.48,2.77,-0.30930906433636185,1997-2001→2001-2005
1835,Træna,2001-2005,2001,2005,Nordland,Nord-Norge,6,323,False,259.0,13.13,21.85,8.72,4.25,14.71,10.46,6.18,2.52,-3.66,14.29,8.4,-5.89,10.04,19.75,9.71,5.02,5.46,0.44,0.77,0.42,-0.35,0.0,0.0,0.0,0.0,2.52,2.52,46.33,24.37,-21.96,20.17,0.0,0.0,464.0,6.1399,-4.3103,-10.664,-56.0345,10.7759,18.1034,22.4138,-0.0854,10.6267,,,,,0,-4.46,-3.41,-0.37,-3.141959424327257,1997-2001→2001-2005
1836,Rødøy,2001-2005,2001,2005,Nordland,Nord-Norge,6,338,False,817.0,10.77,22.48,11.71,6.98,19.9,12.92,4.77,3.75,-1.02,23.13,12.4,-10.73,11.38,23.0,11.62,7.34,6.2,-1.14,1.59,2.84,1.25,0.0,0.0,0.0,0.24,0.39,0.15,33.78,9.04,-24.74,24.54,35.49,-7.95,1530.0,7.333,-5.6863,-13.5928,-62.0915,6.5359,17.451,19.4771,-1.6506,9.8107,,,,,0,-11.49,-5.4,0.52,-1.5294606562218318,1997-2001→2001-2005
1837,Meløy,2001-2005,2001,2005,Nordland,Nord-Norge,6,488,False,3682.0,22.71,34.42,11.71,11.92,22.87,10.95,12.74,8.67,-4.07,15.75,10.21,-5.54,6.49,7.65,1.16,11.24,8.21,-3.03,2.31,3.56,1.25,0.0,0.13,0.13,0.19,0.48,0.29,16.65,3.8,-12.85,12.11,15.8,-5.84,6813.0,8.8266,-0.7926,-3.4429,-13.3568,5.5776,15.8667,19.7857,-0.1395,11.8434,,,,,0,-11.58,-3.44,3.1,-0.9636158278687996,1997-2001→2001-2005
1838,Gildeskål,2001-2005,2001,2005,Nordland,Nord-Norge,6,478,False,1314.0,22.98,34.42,11.44,13.93,21.57,7.64,12.4,6.11,-6.29,13.77,7.69,-6.08,9.59,10.71,1.12,9.51,9.75,0.24,3.88,3.01,-0.87,0.0,0.08,0.08,0.53,0.63,0.1,13.39,6.03,-7.36,8.76,12.4,-5.42,2268.0,7.7267,-3.9683,-13.3996,-16.3139,-22.4868,21.4727,17.1517,-0.9033,12.5336,,,,,0,-10.17,-2.94,3.5,0.6286581454115425,1997-2001→2001-2005
1839,Beiarn,2001-2005,2001,2005,Nordland,Nord-Norge,6,448,False,728.0,28.3,45.2,16.9,11.4,14.88,3.48,8.52,4.87,-3.65,10.03,4.03,-6.0,16.9,19.19,2.29,9.48,7.79,-1.69,0.82,1.39,0.57,0.0,0.42,0.42,0.27,0.56,0.29,14.29,1.67,-12.62,5.77,26.68,-11.54,1275.0,7.1507,-8.6275,-19.7105,-57.2549,-28.2353,18.9804,17.4902,1.5346,8.3097,,,,,0,-13.57,-6.31,2.9,0.8360538110810456,1997-2001→2001-2005
1840,Saltdal,2001-2005,2001,2005,Nordland,Nord-Norge,5,603,False,2721.0,26.72,40.35,13.63,20.98,25.6,4.62,11.25,6.3,-4.95,8.42,3.2,-5.22,7.57,8.35,0.78,14.63,10.99,-3.64,2.06,2.96,0.9,0.0,0.18,0.18,0.96,0.7,-0.26,7.42,1.37,-6.05,5.4,20.17,-10.4,4874.0,8.4917,-1.5183,-6.7961,-4.7189,-9.2327,15.3057,19.8195,-0.3057,14.6834,,,,,0,-14.22,-1.51,1.85,-2.209285841544918,1997-2001→2001-2005
1841,Fauske - Fuossko,2001-2005,2001,2005,Nordland,Nord-Norge,4,679,False,5437.0,31.36,44.91,13.55,19.13,24.99,5.86,11.26,6.81,-4.45,7.39,2.74,-4.65,5.61,5.05,-0.56,14.6,9.47,-5.13,2.61,4.11,1.5,0.0,0.16,0.16,0.68,0.62,-0.06,7.36,1.16,-6.2,5.3,4.15,-0.24,9657.0,9.1754,-1.1184,-4.1458,-9.6303,-1.3462,14.3626,21.1246,-0.1936,15.2857,,,,,0,-13.38,0.23,2.18,-2.3107120441463125,1997-2001→2001-2005
1845,Sørfold - Fuolldá,2001-2005,2001,2005,Nordland,Nord-Norge,6,547,False,1366.0,32.36,51.39,19.03,9.88,18.18,8.3,6.95,4.24,-2.71,10.61,3.08,-7.53,13.98,9.4,-4.58,10.83,9.32,-1.51,0.88,1.85,0.97,0.0,0.08,0.08,0.95,0.39,-0.56,13.54,2.08,-11.46,3.72,45.51,-23.61,2352.0,7.763,-8.4609,-18.1369,-64.2007,-19.983,16.8367,18.7075,0.2557,10.6862,,,,,0,-13.54,2.27,1.9,0.006565459756879166,1997-2001→2001-2005
1848,Steigen,2001-2005,2001,2005,Nordland,Nord-Norge,6,403,False,1602.0,17.67,28.42,10.75,9.93,19.56,9.63,6.37,4.49,-1.88,17.6,6.21,-11.39,15.48,20.29,4.81,9.49,10.31,0.82,3.0,5.02,2.02,0.0,0.2,0.2,0.94,1.19,0.25,19.54,4.3,-15.24,14.44,22.31,8.23,2936.0,7.9848,-4.564,-11.1604,-22.8202,-22.4796,19.2439,17.3706,-0.4716,10.3286,,,,,0,-7.94,-3.25,1.69,-0.7286780581356087,1997-2001→2001-2005
1851,Lødingen,2001-2005,2001,2005,Nordland,Nord-Norge,6,537,False,1394.0,15.71,28.82,13.11,13.34,21.58,8.24,18.15,11.8,-6.35,10.83,3.55,-7.28,9.61,10.14,0.53,11.26,12.53,1.27,5.95,5.36,-0.59,0.0,0.0,0.0,0.57,0.36,-0.21,14.56,5.87,-8.69,8.77,6.02,1.3,2402.0,7.7841,-2.2065,-12.1541,-7.0774,-14.9875,18.3597,17.4854,0.84,14.3004,,,,,0,-9.88,-0.96,7.18,4.245800655443679,1997-2001→2001-2005
1853,Evenes - Evenássi,2001-2005,2001,2005,Nordland,Nord-Norge,6,528,False,874.0,19.22,33.86,14.64,15.9,23.34,7.44,11.67,7.62,-4.05,12.7,5.68,-7.02,10.98,12.7,1.72,11.67,9.31,-2.36,4.0,3.02,-0.98,0.0,0.0,0.0,0.46,0.6,0.14,13.39,3.87,-9.52,9.16,38.38,-12.83,1504.0,7.3159,-5.7846,-12.5848,-33.9096,-24.6011,18.9495,18.6835,-0.6714,11.9531,,,,,0,-10.41,-6.13,4.29,1.493015937303137,1997-2001→2001-2005
1856,Røst,2001-2005,2001,2005,Nordland,Nord-Norge,6,366,False,350.0,27.14,35.94,8.8,8.57,17.5,8.93,11.43,5.62,-5.81,8.86,2.5,-6.36,3.14,10.94,7.8,5.14,6.88,1.74,3.14,10.62,7.48,0.0,0.0,0.0,0.57,0.94,0.37,32.0,9.06,-22.94,16.73,0.0,0.0,652.0,6.48,-7.6687,-13.1313,-65.9509,-9.2025,16.2577,19.1718,0.852,7.8585,,,,,0,-15.53,-4.06,6.36,1.9433793150961263,1997-2001→2001-2005
1857,Værøy,2001-2005,2001,2005,Nordland,Nord-Norge,6,370,False,402.0,24.63,33.33,8.7,10.95,17.76,6.81,5.22,9.73,4.51,11.94,9.0,-2.94,6.72,12.9,6.18,7.71,4.38,-3.33,0.25,1.7,1.45,0.0,0.0,0.0,0.0,0.49,0.49,32.59,10.71,-21.88,12.99,0.0,0.0,778.0,6.6567,-4.4987,-10.9113,-29.563,-15.4242,16.1954,21.3368,-0.1792,6.6236,,,,,0,-3.69,-4.12,-0.31,-2.6454620792198416,1997-2001→2001-2005
1859,Flakstad,2001-2005,2001,2005,Nordland,Nord-Norge,6,522,False,786.0,12.98,24.45,11.47,8.65,14.23,5.58,7.63,4.79,-2.84,15.9,5.05,-10.85,19.85,27.55,7.7,8.91,10.87,1.96,1.4,2.33,0.93,0.0,0.13,0.13,0.25,1.03,0.78,24.43,9.57,-14.86,13.28,13.13,22.46,1554.0,7.3486,-5.4054,-9.9816,-54.0541,0.0,17.1815,17.825,1.9342,8.692,,,,,0,-5.36,-0.8,1.86,-1.7947925504938722,1997-2001→2001-2005
1860,Vestvågøy,2001-2005,2001,2005,Nordland,Nord-Norge,5,631,False,5636.0,16.45,26.17,9.72,13.8,24.26,10.46,11.53,9.52,-2.01,18.1,8.96,-9.14,10.72,12.53,1.81,11.87,8.69,-3.18,1.08,2.67,1.59,0.0,0.05,0.05,0.85,0.87,0.02,15.6,6.28,-9.32,12.27,15.4,0.78,10769.0,9.2844,-0.0464,-0.2502,-5.4787,5.0144,15.3218,20.624,-0.2344,13.8177,,,,,0,-7.24,-2.55,2.67,-2.4018955959595596,1997-2001→2001-2005
1865,Vågan,2001-2005,2001,2005,Nordland,Nord-Norge,5,650,False,4663.0,16.41,31.55,15.14,12.07,22.47,10.4,14.15,10.69,-3.46,8.62,3.13,-5.49,12.82,9.51,-3.31,12.74,12.12,-0.62,1.03,2.85,1.82,0.0,0.02,0.02,2.19,1.74,-0.45,19.97,5.92,-14.05,7.09,17.73,-8.9,9172.0,9.1239,-1.5046,-4.0365,-7.5229,-7.5229,15.4165,21.1404,-0.8714,14.4564,,,,,0,-11.72,2.0,4.48,-0.23202570241731735,1997-2001→2001-2005
1866,Hadsel,2001-2005,2001,2005,Nordland,Nord-Norge,5,605,False,4375.0,20.82,35.43,14.61,12.09,23.24,11.15,12.66,7.25,-5.41,10.51,3.91,-6.6,10.58,9.35,-1.23,13.83,11.25,-2.58,2.58,3.09,0.51,0.0,0.14,0.14,0.64,0.81,0.17,16.27,5.53,-10.74,9.92,12.1,-2.56,8200.0,9.0119,-1.9634,-6.9452,-10.3659,-8.6585,15.9268,19.3049,-0.4274,16.3078,,,,,0,-9.27,-1.76,4.54,0.5144898133393188,1997-2001→2001-2005
1867,Bø,2001-2005,2001,2005,Nordland,Nord-Norge,6,497,False,1811.0,11.76,26.21,14.45,13.36,23.1,9.74,8.56,6.34,-2.22,14.74,5.51,-9.23,16.68,15.74,-0.94,14.36,11.37,-2.99,3.53,4.07,0.54,0.0,0.0,0.0,0.22,0.42,0.2,16.79,7.24,-9.55,8.8,31.19,7.81,3239.0,8.083,-7.2862,-14.9292,-35.196,-37.6659,23.3405,16.1778,-0.197,8.324,,,,,0,-8.34,-6.71,2.83,0.5860240660758018,1997-2001→2001-2005
1868,Øksnes,2001-2005,2001,2005,Nordland,Nord-Norge,5,584,False,2332.0,14.97,26.27,11.3,12.65,25.66,13.01,12.05,6.86,-5.19,17.2,8.78,-8.42,12.26,10.55,-1.71,9.95,8.17,-1.78,1.46,2.18,0.72,0.0,0.04,0.04,0.51,0.33,-0.18,18.95,11.17,-7.78,11.3,14.98,4.35,4692.0,8.4536,-3.0264,-5.0104,-36.0188,5.9676,13.3632,21.4834,0.5709,9.3381,,,,,0,-9.02,-2.94,4.67,0.4954319935576539,1997-2001→2001-2005
1870,Sortland - Suortá,2001-2005,2001,2005,Nordland,Nord-Norge,4,670,False,4705.0,19.36,29.99,10.63,11.86,24.62,12.76,16.75,11.61,-5.14,11.92,3.92,-8.0,11.69,8.97,-2.72,14.67,12.13,-2.54,1.83,3.36,1.53,0.0,0.14,0.14,0.96,0.98,0.02,10.97,4.3,-6.67,10.04,11.49,-0.54,9363.0,9.1445,1.8477,8.561,10.3599,8.6511,13.1582,20.9762,-0.5638,15.8761,,,,,0,-9.7,-1.65,6.04,-0.7573813412921542,1997-2001→2001-2005
1871,Andøy,2001-2005,2001,2005,Nordland,Nord-Norge,6,517,False,3258.0,18.97,33.45,14.48,13.17,22.81,9.64,13.66,9.37,-4.29,9.39,3.25,-6.14,21.55,12.3,-9.25,8.56,8.66,0.1,3.9,4.78,0.88,0.0,0.1,0.1,0.37,0.42,0.05,10.44,4.85,-5.59,0.39,19.61,-8.92,5605.0,8.6314,-4.7101,-14.0074,-39.4291,-7.6717,17.0562,19.6253,0.375,13.13,,,,,0,-11.97,1.14,4.82,2.109902969084107,1997-2001→2001-2005
1874,Moskenes,2001-2005,2001,2005,Nordland,Nord-Norge,6,442,False,684.0,20.91,35.08,14.17,12.57,16.83,4.26,5.85,2.38,-3.47,14.33,4.92,-9.41,9.8,13.49,3.69,11.11,13.49,2.38,1.46,3.33,1.87,0.0,0.0,0.0,0.73,0.16,-0.57,23.25,10.32,-12.93,7.95,0.0,0.0,1304.0,7.1732,-7.8988,-15.3629,-58.2822,-22.2393,19.1718,20.092,1.2279,9.4607,,,,,0,-9.62,-4.02,3.35,1.051879927365528,1997-2001→2001-2005
1875,Hábmer - Hamarøy,2001-2005,2001,2005,Nordland,Nord-Norge,6,405,True,1809.61,20.34,33.1,12.76,14.8,22.02,7.22,7.73,6.03,-1.7,15.59,5.76,-9.83,10.36,12.6,2.24,11.58,9.91,-1.67,1.31,5.13,3.82,0.0,0.21,0.21,0.66,1.01,0.35,17.63,4.23,-13.4,9.46,10.13,0.65,3268.5643,8.0921,-5.8309,-15.4156,-33.9167,-25.3102,18.3378,17.1287,-0.4521,14.3159,,,,,1,-10.42,-3.53,2.31,0.1574696182983586,1997-2001→2001-2005
3101,Halden,2001-2005,2001,2005,Østfold,Østlandet,3,842,False,15150.0,31.95,39.47,7.52,16.16,23.09,6.93,15.75,10.59,-5.16,13.67,7.36,-6.31,4.4,4.33,-0.07,11.84,8.47,-3.37,2.32,4.01,1.69,0.0,0.18,0.18,0.79,0.88,0.09,3.11,1.6,-1.51,6.86,5.11,0.29,27133.0,10.2085,1.6548,6.2767,16.7324,0.2948,16.4302,21.2103,-1.0071,17.5602,,,,,0,-14.67,-1.26,5.96,-0.12953408071181371,1997-2001→2001-2005
3103,Moss,2001-2005,2001,2005,Østfold,Østlandet,2,900,False,22718.0,25.87,35.12,9.25,16.89,26.45,9.56,25.67,16.21,-9.46,8.68,4.06,-4.62,1.73,1.93,0.2,14.21,8.8,-5.41,2.43,4.67,2.24,0.0,0.14,0.14,0.89,0.91,0.02,3.63,1.71,-1.92,9.76,2.23,-0.95,40608.0,10.6117,2.8172,11.2141,22.4833,5.6885,13.9308,22.0301,-0.0248,19.7603,,,,,1,-14.86,-1.71,7.73,-0.21231261989351413,1997-2001→2001-2005
3105,Sarpsborg,2001-2005,2001,2005,Østfold,Østlandet,2,877,False,27058.0,33.48,42.56,9.08,17.33,26.06,8.73,17.04,9.79,-7.25,12.67,6.87,-5.8,3.28,3.4,0.12,10.53,6.12,-4.41,2.0,2.87,0.87,0.0,0.11,0.11,0.37,0.41,0.04,3.31,1.81,-1.5,8.85,4.3,-0.32,47993.0,10.7788,3.6672,7.1132,34.4634,2.5837,14.7772,21.4427,-0.5649,15.1473,,,,,0,-11.3,-1.78,6.97,1.0333247604513573,1997-2001→2001-2005
3107,Fredrikstad,2001-2005,2001,2005,Østfold,Østlandet,2,870,False,38315.0,29.42,36.1,6.68,17.22,28.13,10.91,19.68,12.14,-7.54,11.55,6.01,-5.54,2.19,2.32,0.13,12.24,8.4,-3.84,2.58,3.97,1.39,0.0,0.13,0.13,0.55,0.72,0.17,4.58,2.09,-2.49,11.04,2.33,-0.08,68143.0,11.1294,3.3386,7.9799,32.9601,0.5283,15.1784,20.9369,-0.5145,18.3778,,,,,0,-11.56,-2.04,7.2,0.6604856792087777,1997-2001→2001-2005
3110,Hvaler,2001-2005,2001,2005,Østfold,Østlandet,4,723,False,2101.0,24.27,34.05,9.78,18.9,28.54,9.64,24.94,15.14,-9.8,9.8,4.58,-5.22,2.57,2.59,0.02,11.8,7.51,-4.29,3.0,5.05,2.05,0.0,0.0,0.0,0.48,0.98,0.5,4.24,1.57,-2.67,9.66,12.16,-3.52,3504.0,8.1617,7.6769,10.7426,83.6187,-10.5594,13.5559,17.9224,-0.0918,17.4447,,,,,0,-9.58,-2.3,9.45,2.4367884776388333,1997-2001→2001-2005
3112,Råde,2001-2005,2001,2005,Østfold,Østlandet,3,836,False,3711.0,21.77,28.91,7.14,19.21,30.43,11.22,19.86,11.35,-8.51,18.16,11.75,-6.41,7.25,7.23,-0.02,7.95,4.7,-3.25,2.21,3.91,1.7,0.0,0.03,0.03,0.22,0.28,0.06,3.37,1.42,-1.95,11.2,12.25,-1.26,6275.0,8.7443,3.0279,7.8759,25.8167,6.3745,13.5299,19.5857,0.9481,16.0056,,,,,0,-10.73,-6.06,6.98,0.5820096796522058,1997-2001→2001-2005
3114,Våler (Østfold),2001-2005,2001,2005,Østfold,Østlandet,3,824,False,2165.0,16.95,24.67,7.72,17.04,32.25,15.21,24.48,13.8,-10.68,14.36,6.49,-7.87,10.9,10.12,-0.78,9.75,5.87,-3.88,2.36,4.47,2.11,0.0,0.04,0.04,0.28,0.48,0.2,3.88,1.8,-2.08,14.43,18.67,-1.08,4113.0,8.3219,-2.2611,0.1245,-33.0659,11.1841,8.8743,19.5721,0.8521,16.0537,,,,,0,-13.85,-2.91,8.2,1.9701021860789005,1997-2001→2001-2005
3116,Skiptvet,2001-2005,2001,2005,Østfold,Østlandet,3,792,False,1750.0,21.71,26.18,4.47,17.03,29.76,12.73,14.86,9.0,-5.86,15.71,9.49,-6.22,15.71,16.42,0.71,8.29,4.44,-3.85,3.43,3.2,-0.23,0.0,0.11,0.11,0.23,0.22,-0.01,3.03,1.19,-1.84,13.44,30.47,9.52,3213.0,8.075,4.4195,6.5418,31.746,13.3831,13.5387,20.6349,-0.424,12.12,,,,,0,-9.47,-2.95,7.38,1.9880398380006463,1997-2001→2001-2005
3118,Indre Østfold,2001-2005,2001,2005,Østfold,Østlandet,3,858,False,20590.0,21.59,29.44,7.85,18.79,29.12,10.33,20.06,11.75,-8.31,13.35,7.54,-5.81,9.13,9.64,0.51,10.09,5.9,-4.19,3.36,4.8,1.44,0.0,0.11,0.11,0.49,0.59,0.1,3.14,1.1,-2.04,10.84,20.0,0.43,37436.0,10.5304,3.1333,9.8407,25.9109,5.1822,13.4603,21.7972,-0.5618,14.33,,,,,1,-11.56,-2.59,7.76,1.1684961202897615,1997-2001→2001-2005
3120,Rakkestad,2001-2005,2001,2005,Østfold,Østlandet,3,785,False,3950.0,20.76,26.91,6.15,13.44,23.3,9.86,13.22,8.42,-4.8,22.53,14.44,-8.09,17.59,17.22,-0.37,7.22,3.85,-3.37,1.85,4.44,2.59,0.0,0.02,0.02,0.25,0.27,0.02,3.14,1.12,-2.02,9.49,24.53,3.24,7158.0,8.876,1.7603,3.3485,22.7717,-5.5882,16.2336,20.1313,-1.2556,11.1961,,,,,0,-9.95,-4.12,4.62,-0.5177199081906458,1997-2001→2001-2005
3122,Marker,2001-2005,2001,2005,Østfold,Østlandet,4,732,False,1938.0,25.8,34.78,8.98,8.93,18.26,9.33,15.38,8.21,-7.17,23.53,15.19,-8.34,15.33,14.75,-0.58,6.45,3.51,-2.94,1.81,3.91,2.1,0.0,0.15,0.15,0.21,0.25,0.04,2.58,0.99,-1.59,8.75,23.45,5.89,3356.0,8.1185,2.4732,2.8409,36.3528,-12.2169,18.2062,19.0405,-1.05,11.5921,,,,,0,-10.39,-3.21,7.55,2.933841867347321,1997-2001→2001-2005
3124,Aremark,2001-2005,2001,2005,Østfold,Østlandet,5,662,False,860.0,22.09,31.54,9.45,11.74,17.83,6.09,13.14,9.71,-3.43,22.44,14.86,-7.58,17.56,16.11,-1.45,7.79,4.8,-2.99,1.51,2.97,1.46,0.0,0.11,0.11,0.0,0.23,0.23,3.72,1.83,-1.89,4.64,24.94,-1.63,1419.0,7.2577,0.4228,-2.7967,11.9803,-9.8661,18.1818,18.957,-1.4801,12.3468,,,,,0,-9.78,-3.36,5.84,1.7667562290515901,1997-2001→2001-2005
3201,Bærum,2001-2005,2001,2005,Akershus,Oslo/Akershus,1,966,False,59618.0,16.12,22.82,6.7,11.16,19.18,8.02,46.23,31.94,-14.29,6.22,3.19,-3.03,1.11,1.55,0.44,10.93,7.19,-3.74,5.56,12.32,6.76,0.29,0.21,-0.08,0.74,0.72,-0.02,1.63,0.88,-0.75,8.46,1.42,0.0,101340.0,11.5262,3.3057,9.568,11.9499,21.9558,13.584,19.9586,-0.2026,41.4409,,,,,0,-8.51,-0.89,10.71,0.29212103791983957,1997-2001→2001-2005
3203,Asker,2001-2005,2001,2005,Akershus,Oslo/Akershus,2,910,False,42508.0,19.84,27.16,7.32,13.88,22.55,8.67,37.71,25.47,-12.24,7.48,3.96,-3.52,1.83,2.3,0.47,11.59,7.4,-4.19,4.64,9.34,4.7,0.27,0.16,-0.11,0.62,0.74,0.12,2.14,0.93,-1.21,9.14,2.47,-0.31,74695.0,11.2212,3.0015,14.3042,8.7021,21.4472,10.8535,20.407,0.3115,32.9253,,,,,1,-10.93,-1.19,11.41,1.6622346251995452,1997-2001→2001-2005
3205,Lillestrøm,2001-2005,2001,2005,Akershus,Oslo/Akershus,1,940,False,34813.0,30.35,36.87,6.52,16.11,25.23,9.12,23.79,14.96,-8.83,8.24,4.07,-4.17,3.54,4.59,1.05,12.59,7.7,-4.89,2.55,4.58,2.03,0.2,0.13,-0.07,0.6,0.7,0.1,2.03,1.17,-0.86,10.17,5.33,0.1,60788.0,11.0151,6.2479,15.731,41.6036,20.9416,11.5829,22.307,-0.116,20.5863,,,,,1,-13.49,-1.77,9.7,1.849588676434422,1997-2001→2001-2005
3207,Nordre Follo,2001-2005,2001,2005,Akershus,Oslo/Akershus,2,923,False,28528.0,21.68,30.0,8.32,13.57,22.43,8.86,34.09,22.9,-11.19,8.44,4.26,-4.18,1.95,2.82,0.87,13.19,7.95,-5.24,4.21,7.52,3.31,0.18,0.16,-0.02,0.71,0.72,0.01,1.99,1.24,-0.75,9.73,1.94,0.53,48542.0,10.7902,3.7988,10.9311,13.0197,26.1629,10.1417,20.5039,0.4743,28.9101,,,,,1,-11.51,-1.06,9.86,0.7854105280568184,1997-2001→2001-2005
3209,Ullensaker,2001-2005,2001,2005,Akershus,Oslo/Akershus,2,920,False,11778.0,26.03,32.05,6.02,19.96,32.37,12.41,25.98,14.74,-11.24,7.31,3.22,-4.09,5.18,5.47,0.29,10.1,5.63,-4.47,2.22,4.2,1.98,0.14,0.1,-0.04,0.47,0.52,0.05,2.62,1.69,-0.93,12.7,8.45,-0.48,20987.0,9.9517,17.0058,31.986,136.3701,33.6399,10.5637,23.3811,-0.6883,17.7755,,,,,0,-13.54,-2.03,10.57,2.148389474929031,1997-2001→2001-2005
3212,Nesodden,2001-2005,2001,2005,Akershus,Oslo/Akershus,3,850,False,8674.0,20.07,29.29,9.22,12.19,18.06,5.87,26.75,16.49,-10.26,7.76,3.9,-3.86,1.38,2.79,1.41,21.18,16.68,-4.5,5.82,8.76,2.94,0.73,0.66,-0.07,2.41,2.38,-0.03,1.72,1.0,-0.72,7.28,0.0,1.68,15534.0,9.6508,4.4869,16.0435,22.7243,22.145,9.2829,18.6945,0.4701,32.6137,,,,,0,-11.63,-1.63,7.55,-1.3871543501810288,1997-2001→2001-2005
3214,Frogn,2001-2005,2001,2005,Akershus,Oslo/Akershus,2,891,False,7471.0,19.97,28.04,8.07,14.21,23.51,9.3,36.41,23.64,-12.77,6.44,3.06,-3.38,2.69,3.03,0.34,11.83,7.86,-3.97,5.43,8.46,3.03,0.19,0.11,-0.08,0.5,0.51,0.01,2.33,1.77,-0.56,9.64,3.64,-0.65,13020.0,9.4742,2.596,17.7227,10.9831,14.8233,10.5453,19.6851,0.5117,26.321,,,,,0,-10.31,-1.64,12.37,1.5424995648305586,1997-2001→2001-2005
3216,Vestby,2001-2005,2001,2005,Akershus,Oslo/Akershus,2,877,False,6869.0,23.64,30.07,6.43,15.61,25.6,9.99,29.1,18.11,-10.99,7.85,3.15,-4.7,4.64,5.33,0.69,12.52,8.67,-3.85,3.55,6.56,3.01,0.31,0.31,0.0,0.83,0.9,0.07,1.95,1.3,-0.65,10.68,8.05,-2.31,12241.0,9.4125,6.1188,14.5402,37.2519,23.936,8.8146,22.1469,0.1384,22.0675,,,,,0,-11.27,-1.79,10.2,2.365910611101894,1997-2001→2001-2005
3218,Ås,2001-2005,2001,2005,Akershus,Oslo/Akershus,2,895,False,7668.0,21.34,28.81,7.47,12.25,19.53,7.28,22.93,14.55,-8.38,10.13,4.82,-5.31,9.05,10.25,1.2,15.57,11.13,-4.44,5.69,8.54,2.85,0.33,0.26,-0.07,1.1,1.26,0.16,1.63,0.85,-0.78,8.48,10.56,0.9,13838.0,9.5352,4.5816,17.1442,19.0056,26.0153,10.4495,21.8601,0.3369,31.562,,,,,0,-9.65,-1.82,7.08,-1.3495416188701785,1997-2001→2001-2005
3220,Enebakk,2001-2005,2001,2005,Akershus,Oslo/Akershus,3,827,False,4858.0,22.93,30.73,7.8,21.28,31.26,9.98,20.71,12.66,-8.05,11.3,5.55,-5.75,5.48,6.3,0.82,12.66,7.81,-4.85,2.63,3.84,1.21,0.19,0.11,-0.08,0.72,0.77,0.05,2.1,0.96,-1.14,10.8,10.86,-1.3,8931.0,9.0973,4.0981,14.6221,20.9383,19.9306,7.9946,22.9873,-0.0351,15.2403,,,,,0,-13.61,-1.79,7.8,0.5594501187113776,1997-2001→2001-2005
3222,Lørenskog,2001-2005,2001,2005,Akershus,Oslo/Akershus,1,978,False,17020.0,29.42,36.95,7.53,17.05,25.79,8.74,26.1,16.23,-9.87,7.5,3.67,-3.83,1.36,1.77,0.41,13.04,8.23,-4.81,3.06,4.83,1.77,0.22,0.08,-0.14,0.64,1.08,0.44,1.6,1.36,-0.24,9.15,1.95,-0.57,29656.0,10.2974,3.4361,11.3632,8.3626,26.9086,9.1887,22.6396,0.4478,23.6274,,,,,0,-12.7,-1.28,11.08,3.1369595545520372,1997-2001→2001-2005
3224,Rælingen,2001-2005,2001,2005,Akershus,Oslo/Akershus,1,948,False,8154.0,30.54,39.36,8.82,16.91,25.53,8.62,23.36,13.72,-9.64,8.22,4.42,-3.8,1.78,2.6,0.82,13.9,7.99,-5.91,2.38,4.01,1.63,0.31,0.12,-0.19,0.69,0.76,0.07,1.93,1.49,-0.44,9.44,0.0,1.64,14659.0,9.5928,0.9414,5.7382,-19.7831,29.9475,8.3566,24.5788,0.7195,19.3243,,,,,0,-15.24,-1.07,8.83,1.7876213373478649,1997-2001→2001-2005
3226,Aurskog-Høland,2001-2005,2001,2005,Akershus,Oslo/Akershus,3,797,False,7788.0,34.41,39.33,4.92,14.75,24.62,9.87,12.56,7.26,-5.3,14.07,7.23,-6.84,11.61,12.01,0.4,8.5,4.81,-3.69,1.52,3.43,1.91,0.04,0.07,0.03,0.31,0.46,0.15,2.23,0.78,-1.45,10.27,15.59,1.18,13382.0,9.5017,4.1847,7.7101,41.6978,0.0,15.7973,20.7816,-1.0218,11.4993,,,,,1,-9.34,-2.2,5.65,0.5147758027377778,1997-2001→2001-2005
3228,Nes,2001-2005,2001,2005,Akershus,Oslo/Akershus,3,826,False,9256.0,34.33,39.54,5.21,14.83,25.39,10.56,15.34,8.51,-6.83,9.08,4.01,-5.07,9.31,9.87,0.56,12.19,7.23,-4.96,2.27,3.68,1.41,0.14,0.06,-0.08,0.37,0.55,0.18,2.14,1.16,-0.98,11.12,0.0,10.76,16938.0,9.7373,6.4175,15.242,53.5482,11.2764,12.7288,20.8171,-0.8175,12.6829,,,,,0,-12.2,-2.33,7.69,1.486695014808995,1997-2001→2001-2005
3230,Gjerdrum,2001-2005,2001,2005,Akershus,Oslo/Akershus,2,880,False,2623.0,25.12,31.74,6.62,14.14,22.87,8.73,24.93,16.7,-8.23,12.05,6.8,-5.25,7.85,8.11,0.26,10.52,6.07,-4.45,3.24,6.28,3.04,0.19,0.0,-0.19,0.5,0.66,0.16,1.45,0.79,-0.66,8.99,15.88,-4.02,4656.0,8.4459,8.7629,29.6467,61.8557,24.9141,8.9132,22.4871,0.4865,20.7989,,,,,0,-12.19,-1.53,10.11,0.7736554477950168,1997-2001→2001-2005
3232,Nittedal,2001-2005,2001,2005,Akershus,Oslo/Akershus,2,886,False,10590.0,26.33,33.58,7.25,17.21,27.92,10.71,26.14,15.13,-11.01,7.25,3.19,-4.06,2.92,3.55,0.63,13.62,8.44,-5.18,3.92,5.76,1.84,0.21,0.13,-0.08,0.76,0.92,0.16,1.64,1.4,-0.24,11.34,7.2,5.49,18942.0,9.8491,3.3576,17.6633,4.9097,30.7782,7.9084,22.1624,0.8515,23.2175,,,,,0,-13.83,-0.93,10.11,1.5128332556742077,1997-2001→2001-2005
3234,Lunner,2001-2005,2001,2005,Akershus,Oslo/Akershus,3,785,False,4860.0,31.73,38.98,7.25,13.7,21.2,7.5,16.89,11.77,-5.12,10.95,5.03,-5.92,7.59,7.55,-0.04,13.44,8.82,-4.62,2.59,4.88,2.29,0.14,0.1,-0.04,0.72,0.73,0.01,2.24,0.93,-1.31,7.46,14.5,-4.07,8429.0,9.0394,0.9016,5.6653,-6.7624,14.8298,11.4367,21.8413,-0.1022,15.8863,,,,,0,-11.89,-2.38,6.86,0.7763410504048931,1997-2001→2001-2005
3236,Jevnaker,2001-2005,2001,2005,Akershus,Oslo/Akershus,3,793,False,3529.0,33.55,44.46,10.91,16.55,23.23,6.68,19.01,10.61,-8.4,7.03,2.55,-4.48,4.48,5.79,1.31,14.71,8.72,-5.99,1.5,2.92,1.42,0.23,0.11,-0.12,0.65,0.49,-0.16,2.3,1.11,-1.19,7.99,20.6,-10.86,6065.0,8.7103,4.4518,7.282,46.0016,-3.4625,15.169,20.1154,-0.9306,13.0245,,,,,0,-12.77,-1.35,5.76,-0.49332784994750334,1997-2001→2001-2005
3238,Nannestad,2001-2005,2001,2005,Akershus,Oslo/Akershus,3,834,False,4945.0,29.81,34.57,4.76,17.35,29.1,11.75,17.84,10.27,-7.57,10.9,5.18,-5.72,8.27,8.1,-0.17,11.14,6.38,-4.76,2.16,4.7,2.54,0.22,0.04,-0.18,0.49,0.66,0.17,1.82,1.0,-0.82,11.58,17.05,-2.38,9191.0,9.126,10.3362,24.0793,83.56,21.978,11.2501,22.0868,-1.3004,13.0791,,,,,0,-12.46,-1.55,8.6,1.1215235793664462,1997-2001→2001-2005
3240,Eidsvoll,2001-2005,2001,2005,Akershus,Oslo/Akershus,3,851,False,9838.0,33.37,37.9,4.53,16.63,27.21,10.58,18.33,10.1,-8.23,9.19,3.79,-5.4,5.44,6.88,1.44,12.19,8.1,-4.09,2.15,3.46,1.31,0.14,0.15,0.01,0.49,0.68,0.19,2.07,1.73,-0.34,12.02,7.19,2.53,17721.0,9.7825,5.169,10.9609,50.3358,1.8058,13.8028,21.1839,-1.3169,14.5916,,,,,0,-11.96,-2.1,7.84,1.4436330119611531,1997-2001→2001-2005
3242,Hurdal,2001-2005,2001,2005,Akershus,Oslo/Akershus,4,736,False,1499.0,32.02,34.93,2.91,14.34,23.4,9.06,13.28,6.09,-7.19,17.28,10.69,-6.59,7.74,9.07,1.33,8.14,7.52,-0.62,3.8,6.22,2.42,0.13,0.13,0.0,0.4,0.45,0.05,2.87,1.49,-1.38,10.39,0.0,10.48,2642.0,7.8793,-1.514,2.1193,-12.112,-4.542,16.0484,19.7578,0.3236,13.2581,,,,,0,-8.84,-1.85,5.94,0.5198345410470218,1997-2001→2001-2005
3301,Drammen,2001-2005,2001,2005,Buskerud,Østlandet,2,912,False,45649.0,27.92,37.43,9.51,18.4,26.67,8.27,27.15,16.54,-10.61,8.64,4.49,-4.15,1.59,2.06,0.47,11.63,7.21,-4.42,1.85,4.16,2.31,0.14,0.14,0.0,0.39,0.53,0.14,2.29,0.78,-1.51,8.74,1.31,-0.02,82373.0,11.319,3.3239,8.9895,22.9444,10.7195,13.644,22.8133,-0.5223,19.0309,,,,,1,-14.34,-1.32,9.38,1.8371992960975767,1997-2001→2001-2005
3303,Kongsberg,2001-2005,2001,2005,Buskerud,Østlandet,3,848,False,12955.0,27.05,38.01,10.96,13.59,21.22,7.63,25.96,14.73,-11.23,7.9,3.26,-4.64,4.45,6.21,1.76,13.47,8.71,-4.76,4.63,6.14,1.51,0.1,0.11,0.01,0.93,1.1,0.17,1.91,0.5,-1.41,9.39,5.97,0.62,22484.0,10.0206,3.3802,8.0011,25.3958,8.7618,13.5785,22.3804,-0.5472,26.4544,,,,,0,-13.33,-2.03,9.37,2.2764223833985016,1997-2001→2001-2005
3305,Ringerike,2001-2005,2001,2005,Buskerud,Østlandet,3,838,False,15932.0,33.2,42.5,9.3,16.16,21.81,5.65,19.98,11.42,-8.56,7.73,2.95,-4.78,4.02,4.54,0.52,12.85,8.48,-4.37,2.83,6.32,3.49,0.11,0.07,-0.04,0.99,1.02,0.03,2.13,0.87,-1.26,6.17,5.0,-0.08,28030.0,10.241,0.1748,2.4519,6.6001,-4.0671,16.1256,21.0667,-0.4804,17.5239,,,,,0,-14.04,-1.72,7.9,1.8854281847079752,1997-2001→2001-2005
3310,Hole,2001-2005,2001,2005,Buskerud,Østlandet,3,832,False,2996.0,21.66,27.84,6.18,14.95,24.7,9.75,30.44,19.74,-10.7,10.18,5.06,-5.12,7.21,7.73,0.52,10.01,6.16,-3.85,3.44,7.07,3.63,0.07,0.06,-0.01,0.43,0.72,0.29,1.6,0.91,-0.69,10.27,16.82,-5.88,5024.0,8.522,4.0804,12.9374,25.2787,11.5446,12.4204,20.0637,0.278,24.9189,,,,,0,-12.55,-2.77,9.59,1.3887255465489154,1997-2001→2001-2005
3312,Lier,2001-2005,2001,2005,Buskerud,Østlandet,2,887,False,12181.0,24.69,32.61,7.92,15.22,23.36,8.14,30.78,20.13,-10.65,7.82,3.67,-4.15,4.7,5.42,0.72,11.57,7.31,-4.26,2.54,6.2,3.66,0.15,0.21,0.06,0.36,0.46,0.1,2.17,0.64,-1.53,8.86,8.9,-2.13,21540.0,9.9777,0.8589,7.9181,-6.0353,15.5525,11.4253,20.6453,0.073,24.2219,,,,,0,-16.85,-1.58,11.43,2.9290753395253244,1997-2001→2001-2005
3314,Øvre Eiker,2001-2005,2001,2005,Buskerud,Østlandet,3,848,False,8383.0,26.32,33.47,7.15,18.6,27.38,8.78,20.54,13.54,-7.0,9.44,4.42,-5.02,9.53,10.05,0.52,11.56,6.46,-5.1,1.46,3.46,2.0,0.12,0.09,-0.03,0.32,0.47,0.15,2.12,0.67,-1.45,9.3,12.92,-2.5,15197.0,9.6289,2.869,6.318,25.992,1.8425,14.4897,20.9252,-0.8263,15.0729,,,,,0,-13.04,-2.52,7.62,1.4264918045564077,1997-2001→2001-2005
3316,Modum,2001-2005,2001,2005,Buskerud,Østlandet,3,812,False,6949.0,32.78,40.82,8.04,15.67,23.48,7.81,16.89,9.37,-7.52,8.89,4.52,-4.37,10.53,10.9,0.37,10.65,6.03,-4.62,1.74,3.5,1.76,0.09,0.07,-0.02,0.32,0.44,0.12,2.43,0.87,-1.56,8.18,13.97,-3.91,12494.0,9.433,0.3762,2.8288,11.2854,-7.0434,16.0477,20.6419,-1.1845,13.6198,,,,,0,-13.16,-1.77,6.28,0.5755266361793057,1997-2001→2001-2005
3318,Krødsherad,2001-2005,2001,2005,Buskerud,Østlandet,5,656,False,1284.0,32.01,40.19,8.18,15.5,24.94,9.44,17.91,9.53,-8.38,8.57,2.7,-5.87,10.75,11.12,0.37,10.51,5.64,-4.87,2.49,5.0,2.51,0.31,0.0,-0.31,0.08,0.4,0.32,1.87,0.48,-1.39,9.81,0.0,0.0,2255.0,7.7209,-4.612,-5.6165,-18.1818,-29.2683,16.8958,19.9557,-2.2049,12.4386,,,,,0,-11.92,-3.21,8.05,3.743539881137904,1997-2001→2001-2005
3320,Flå,2001-2005,2001,2005,Buskerud,Østlandet,5,617,False,638.0,29.0,39.41,10.41,16.14,25.86,9.72,17.87,6.85,-11.02,13.79,4.67,-9.12,11.6,13.86,2.26,8.62,5.61,-3.01,0.78,2.65,1.87,0.0,0.0,0.0,0.31,0.0,-0.31,1.88,1.09,-0.79,11.98,0.0,0.0,1066.0,6.9717,-4.878,-13.1849,-5.6285,-44.0901,22.4203,17.5422,-1.2171,12.8177,,,,,0,-15.74,-3.08,3.88,-0.1339199707012959,1997-2001→2001-2005
3322,Nesbyen,2001-2005,2001,2005,Buskerud,Østlandet,5,640,False,2024.0,28.95,35.48,6.53,11.51,19.23,7.72,16.4,11.41,-4.99,13.34,7.27,-6.07,13.83,14.95,1.12,10.47,6.38,-4.09,2.92,4.53,1.61,0.0,0.1,0.1,0.25,0.1,-0.15,2.32,0.55,-1.77,8.84,18.09,-1.9,3574.0,8.1814,-2.4902,1.2493,-21.5445,-4.197,17.0397,20.789,-0.1387,16.1698,,,,,0,-9.3,-3.38,2.92,-3.0747477772191933,1997-2001→2001-2005
3324,Gol,2001-2005,2001,2005,Buskerud,Østlandet,4,683,False,2324.0,22.5,28.79,6.29,12.09,21.97,9.88,22.25,13.51,-8.74,14.63,6.86,-7.77,13.43,15.16,1.73,9.29,6.53,-2.76,3.61,5.95,2.34,0.09,0.12,0.03,0.26,0.29,0.03,1.85,0.83,-1.02,11.61,26.78,-9.36,4392.0,8.3875,-0.3871,1.367,-10.4736,6.1475,15.8242,22.4499,0.0158,15.045,,,,,0,-8.24,-4.99,7.82,1.7757368109158458,1997-2001→2001-2005
3326,Hemsedal,2001-2005,2001,2005,Buskerud,Østlandet,5,625,False,1037.0,16.68,19.92,3.24,6.85,14.42,7.57,26.23,20.97,-5.26,18.51,12.52,-5.99,18.9,18.69,-0.21,6.85,5.98,-0.87,2.51,6.07,3.56,0.29,0.19,-0.1,0.68,0.66,-0.02,2.51,0.57,-1.94,7.36,26.85,1.27,2015.0,7.6084,-5.2605,9.5238,-65.0124,14.3921,12.4566,26.1538,0.325,17.6015,,,,,0,-6.89,-5.72,6.84,-2.6644241692266384,1997-2001→2001-2005
3328,Ål,2001-2005,2001,2005,Buskerud,Østlandet,5,635,False,2678.0,20.58,28.7,8.12,8.96,14.79,5.83,15.09,10.52,-4.57,16.8,11.03,-5.77,18.48,18.21,-0.27,11.43,7.32,-4.11,6.01,7.9,1.89,0.11,0.07,-0.04,0.49,0.62,0.13,2.05,0.84,-1.21,5.56,24.69,-7.19,4762.0,8.4684,-1.932,-2.7286,-10.2898,-8.1898,17.6186,19.2986,-0.8735,17.2032,,,,,0,-7.38,-2.47,0.77,-4.637721789778279,1997-2001→2001-2005
3330,Hol,2001-2005,2001,2005,Buskerud,Østlandet,5,629,False,2602.0,21.91,27.82,5.91,14.18,23.79,9.61,28.98,17.65,-11.33,12.18,5.49,-6.69,7.23,10.05,2.82,8.61,6.37,-2.24,4.84,7.25,2.41,0.04,0.15,0.11,0.27,0.5,0.23,1.77,0.92,-0.85,12.43,16.29,-6.02,4665.0,8.4478,-2.3151,-1.7253,-22.0793,-4.0729,16.2058,21.3934,-1.0204,14.2285,,,,,0,-10.71,-3.56,7.88,1.7214381823723297,1997-2001→2001-2005
3332,Sigdal,2001-2005,2001,2005,Buskerud,Østlandet,5,663,False,2116.0,23.91,28.65,4.74,13.66,21.7,8.04,17.16,10.0,-7.16,7.28,2.33,-4.95,26.65,27.94,1.29,6.71,3.81,-2.9,2.08,5.14,3.06,0.05,0.0,-0.05,0.28,0.19,-0.09,2.22,0.24,-1.98,9.33,39.56,5.91,3564.0,8.1786,-0.7576,-2.7495,6.1728,-14.8709,18.8833,19.3042,-0.9019,9.6941,,,,,0,-9.99,-3.26,5.13,0.3539601583036802,1997-2001→2001-2005
3334,Flesberg,2001-2005,2001,2005,Buskerud,Østlandet,4,688,False,1438.0,22.53,28.97,6.44,19.47,26.69,7.22,18.92,10.06,-8.86,8.21,3.76,-4.45,15.3,18.38,3.08,9.94,6.17,-3.77,3.34,4.56,1.22,0.28,0.27,-0.01,0.14,0.47,0.33,1.88,0.67,-1.21,10.3,26.43,-3.78,2535.0,7.8379,-0.7101,-0.6317,-11.0454,3.1558,15.5819,19.7239,-1.0407,13.5576,,,,,0,-8.9,-5.72,4.93,-0.5055503404184449,1997-2001→2001-2005
3336,Rollag,2001-2005,2001,2005,Buskerud,Østlandet,5,578,False,879.0,23.89,35.98,12.09,10.69,12.38,1.69,12.29,3.97,-8.32,13.31,6.66,-6.65,22.64,29.79,7.15,9.56,5.84,-3.72,2.28,3.62,1.34,0.34,0.0,-0.34,0.91,1.17,0.26,4.1,0.58,-3.52,8.84,49.79,-5.27,1490.0,7.3065,-3.2886,-2.5693,-22.8188,-11.4094,18.3893,18.4564,-0.3462,14.2857,,,,,0,-9.12,-6.13,5.34,0.7217062506953003,1997-2001→2001-2005
3338,Nore og Uvdal,2001-2005,2001,2005,Buskerud,Østlandet,6,530,False,1511.0,23.3,31.45,8.15,15.55,19.92,4.37,12.51,7.37,-5.14,13.24,5.39,-7.85,22.37,26.47,4.1,7.41,5.32,-2.09,1.85,2.66,0.81,0.07,0.0,-0.07,0.66,0.48,-0.18,3.04,0.95,-2.09,8.47,41.87,-5.94,2755.0,7.9212,-4.3557,-7.7704,-25.0454,-18.5118,19.8548,19.2015,-0.6518,12.1512,,,,,0,-8.82,-7.06,3.24,-0.7588011705617488,1997-2001→2001-2005
3401,Kongsvinger,2001-2005,2001,2005,Innlandet,Innlandet,3,792,False,9618.0,37.05,45.05,8.0,15.26,22.93,7.67,14.75,8.97,-5.78,6.27,2.56,-3.71,4.22,4.92,0.7,16.97,9.18,-7.79,1.6,2.82,1.22,0.12,0.0,-0.12,0.27,0.46,0.19,3.48,3.11,-0.37,8.37,5.8,-0.82,17401.0,9.7643,-0.7011,0.0289,2.2413,-8.9075,15.206,20.5793,-0.182,15.5574,,,,,0,-9.57,-2.83,5.57,0.3891197327115634,1997-2001→2001-2005
3403,Hamar,2001-2005,2001,2005,Innlandet,Innlandet,2,873,False,15959.0,38.24,46.81,8.57,7.91,13.91,6.0,17.89,12.48,-5.41,7.39,3.82,-3.57,3.0,3.62,0.62,15.47,10.96,-4.51,2.68,4.92,2.24,0.1,0.0,-0.1,0.53,0.7,0.17,6.79,2.77,-4.02,6.62,1.91,-0.15,26835.0,10.1975,2.2508,4.3943,26.607,-3.6519,17.6113,19.795,-0.8542,24.6293,,,,,0,-11.27,-1.71,5.87,-0.6242910209610137,1997-2001→2001-2005
3405,Lillehammer,2001-2005,2001,2005,Innlandet,Innlandet,3,818,False,14499.0,32.72,42.26,9.54,9.84,14.83,4.99,18.28,12.29,-5.99,9.48,4.13,-5.35,6.27,6.43,0.16,15.51,12.23,-3.28,3.78,5.81,2.03,0.19,0.16,-0.03,0.92,0.99,0.07,3.0,0.87,-2.13,5.15,7.76,-0.25,24873.0,10.1215,0.8121,3.7443,4.3019,4.5833,15.4264,20.8499,-0.0246,28.0948,,,,,0,-10.02,-0.52,4.72,-2.2702729216039543,1997-2001→2001-2005
3407,Gjøvik,2001-2005,2001,2005,Innlandet,Innlandet,3,805,False,15724.0,40.16,47.13,6.97,10.69,17.32,6.63,14.74,9.72,-5.02,10.72,5.08,-5.64,6.73,6.57,-0.16,10.51,7.76,-2.75,2.38,4.16,1.78,0.31,0.24,-0.07,0.66,0.74,0.08,3.1,1.28,-1.82,6.47,7.49,-0.77,27179.0,10.2102,1.7256,2.9951,18.7277,-1.5453,15.6481,21.2885,-0.5801,18.925,,,,,0,-10.87,-0.75,4.45,-1.4222286107210502,1997-2001→2001-2005
3411,Ringsaker,2001-2005,2001,2005,Innlandet,Innlandet,3,797,False,17306.0,40.74,47.59,6.85,8.8,15.61,6.81,13.23,8.47,-4.76,7.99,3.36,-4.63,8.82,9.75,0.93,11.88,7.91,-3.97,1.96,4.35,2.39,0.1,0.0,-0.1,0.34,0.42,0.08,6.14,2.53,-3.61,7.74,12.94,1.73,31720.0,10.3647,0.3279,1.951,5.2963,-1.797,14.855,19.773,-0.2874,14.8411,,,,,0,-11.4,-2.82,4.95,-0.3209384654011167,1997-2001→2001-2005
3412,Løten,2001-2005,2001,2005,Innlandet,Innlandet,3,790,False,4122.0,41.73,50.47,8.74,10.89,15.82,4.93,9.92,6.05,-3.87,6.82,3.19,-3.63,9.15,11.04,1.89,13.0,8.68,-4.32,1.41,2.13,0.72,0.12,0.0,-0.12,0.46,0.54,0.08,6.5,2.08,-4.42,6.82,20.32,19.54,7244.0,8.8879,0.3727,2.5818,9.3871,-4.9696,14.9503,18.4843,-0.6332,14.1514,,,,,0,-11.64,-2.75,4.02,-1.1912399217570595,1997-2001→2001-2005
3413,Stange,2001-2005,2001,2005,Innlandet,Innlandet,3,820,False,10305.0,40.6,48.13,7.53,9.65,15.27,5.62,10.35,6.45,-3.9,8.91,4.87,-4.04,6.96,8.3,1.34,13.88,9.37,-4.51,2.25,4.32,2.07,0.11,0.0,-0.11,0.43,0.48,0.05,6.87,2.8,-4.07,6.96,10.83,-0.61,18113.0,9.8044,1.7336,4.4851,17.446,-0.6073,15.718,19.1741,-0.6314,16.7347,,,,,0,-11.5,-3.24,4.4,-0.863833736378532,1997-2001→2001-2005
3414,Nord-Odal,2001-2005,2001,2005,Innlandet,Innlandet,4,708,False,3066.0,42.86,54.08,11.22,13.34,18.11,4.77,7.37,4.3,-3.07,6.26,2.72,-3.54,6.75,8.79,2.04,17.68,8.28,-9.4,0.88,1.45,0.57,0.0,0.0,0.0,0.23,0.22,-0.01,4.63,2.05,-2.58,6.81,13.4,-6.36,5097.0,8.5364,-0.4709,-0.6463,14.7145,-19.4232,18.8542,18.7954,-0.6599,9.4752,,,,,0,-10.69,-3.86,3.46,-0.35711268930641626,1997-2001→2001-2005
3415,Sør-Odal,2001-2005,2001,2005,Innlandet,Innlandet,3,777,False,4310.0,43.09,48.69,5.6,13.94,21.18,7.24,11.62,6.91,-4.71,5.64,1.89,-3.75,7.49,9.06,1.57,12.27,7.44,-4.83,1.44,2.35,0.91,0.16,0.0,-0.16,0.28,0.55,0.27,4.06,1.93,-2.13,8.81,12.0,-2.59,7405.0,8.9099,2.944,4.439,45.9149,-17.1506,17.6502,18.7171,-1.646,11.0796,,,,,0,-8.45,-3.83,4.77,-0.10182622110841333,1997-2001→2001-2005
3416,Eidskog,2001-2005,2001,2005,Innlandet,Innlandet,4,691,False,3486.0,41.37,50.41,9.04,13.97,20.88,6.91,11.76,8.24,-3.52,8.92,3.86,-5.06,7.23,7.51,0.28,11.13,5.38,-5.75,1.49,1.81,0.32,0.06,0.0,-0.06,0.14,0.27,0.13,3.93,1.65,-2.28,7.19,14.85,-6.51,6419.0,8.767,1.2463,1.4993,29.1323,-17.1366,19.0995,18.1804,-0.7121,9.2889,,,,,0,-9.72,-3.79,4.9,0.25245934616638177,1997-2001→2001-2005
3417,Grue,2001-2005,2001,2005,Innlandet,Innlandet,5,662,False,3117.0,41.48,48.81,7.33,11.42,16.81,5.39,10.36,6.35,-4.01,7.51,2.29,-5.22,12.51,14.07,1.56,10.56,6.74,-3.82,1.48,2.85,1.37,0.1,0.0,-0.1,0.22,0.29,0.07,4.36,1.8,-2.56,6.95,0.0,0.0,5526.0,8.6172,-4.5422,-5.8372,-17.7343,-27.5063,22.0413,18.4582,-0.9228,11.7289,,,,,0,-5.48,-4.28,4.11,0.11716526208432532,1997-2001→2001-2005
3418,Åsnes,2001-2005,2001,2005,Innlandet,Innlandet,5,665,False,4602.0,35.2,43.69,8.49,17.41,20.04,2.63,8.19,6.16,-2.03,9.15,3.49,-5.66,10.26,12.47,2.21,13.43,8.14,-5.29,1.26,2.07,0.81,0.2,0.0,-0.2,0.17,0.55,0.38,4.74,3.4,-1.34,4.84,14.97,-7.35,8061.0,8.9948,-3.4983,-6.0621,-7.5673,-26.5476,21.0396,18.6825,-0.3814,11.1243,,,,,0,-8.09,-6.14,3.75,0.14609674483278745,1997-2001→2001-2005
3419,Våler (Innlandet),2001-2005,2001,2005,Innlandet,Innlandet,5,669,False,2402.0,30.6,44.78,14.18,19.23,20.55,1.32,11.12,6.06,-5.06,6.54,2.17,-4.37,12.95,11.81,-1.14,13.57,7.72,-5.85,1.21,1.71,0.5,0.17,0.0,-0.17,0.12,0.38,0.26,4.5,4.82,0.32,0.18,25.71,-8.27,4026.0,8.3005,-2.5335,-7.8657,3.229,-28.3159,19.4734,19.0263,0.1494,11.61,,,,,0,-8.21,-5.08,3.33,-0.27397551838803835,1997-2001→2001-2005
3420,Elverum,2001-2005,2001,2005,Innlandet,Innlandet,3,787,False,10197.0,33.78,44.01,10.23,14.34,21.37,7.03,15.73,9.13,-6.6,7.2,2.15,-5.05,5.98,7.05,1.07,13.33,8.65,-4.68,2.96,4.24,1.28,0.1,0.0,-0.1,0.44,0.54,0.1,6.14,2.86,-3.28,8.1,11.32,-2.17,18271.0,9.8131,3.1361,7.0743,28.0225,3.667,15.396,20.8746,-0.6114,20.2644,,,,,0,-7.99,-5.17,5.55,-0.4604390476986131,1997-2001→2001-2005
3421,Trysil,2001-2005,2001,2005,Innlandet,Innlandet,5,604,False,4043.0,35.69,41.74,6.05,9.97,18.11,8.14,12.32,7.82,-4.5,9.94,4.28,-5.66,11.7,12.04,0.34,11.97,8.15,-3.82,2.92,4.28,1.36,0.15,0.0,-0.15,0.3,0.56,0.26,5.05,3.04,-2.01,8.48,13.68,1.6,7034.0,8.8585,-2.1609,-5.8034,1.5638,-23.031,19.5053,18.7518,-0.3393,11.5179,,,,,0,-5.93,-7.18,4.25,0.11318125897986953,1997-2001→2001-2005
3422,Åmot,2001-2005,2001,2005,Innlandet,Innlandet,5,638,False,2464.0,29.5,44.22,14.72,11.36,19.57,8.21,13.19,6.73,-6.46,6.9,1.49,-5.41,10.02,10.67,0.65,18.3,11.08,-7.22,1.42,2.09,0.67,0.08,0.0,-0.08,0.81,0.77,-0.04,8.4,3.38,-5.02,8.86,26.66,-2.94,4396.0,8.3885,0.0455,1.6174,9.3267,-9.3267,19.7225,20.4277,-1.2595,14.9682,,,,,0,-7.33,-11.1,6.4,1.8967756988772537,1997-2001→2001-2005
3423,Stor-Elvdal,2001-2005,2001,2005,Innlandet,Innlandet,6,538,False,1687.0,38.0,46.0,8.0,11.14,16.66,5.52,10.85,7.1,-3.75,5.51,0.96,-4.55,11.2,15.09,3.89,13.81,8.66,-5.15,2.25,2.53,0.28,0.06,0.0,-0.06,0.12,0.12,0.0,7.05,2.89,-4.16,9.41,10.78,4.53,2947.0,7.9885,-3.9023,-11.5829,-9.8405,-30.2002,20.5972,17.8147,-0.7173,13.4734,,,,,0,-5.85,-7.23,2.59,-0.3571643174111063,1997-2001→2001-2005
3424,Rendalen,2001-2005,2001,2005,Innlandet,Innlandet,6,486,False,1466.0,39.84,46.52,6.68,7.5,10.01,2.51,5.25,3.41,-1.84,6.07,2.1,-3.97,23.47,23.51,0.04,10.91,8.06,-2.85,1.71,2.83,1.12,0.0,0.0,0.0,0.34,1.09,0.75,4.91,2.47,-2.44,2.55,40.39,0.74,2284.0,7.7337,-7.8371,-12.728,-23.6427,-52.5394,25.2189,14.6235,-2.1785,11.859,,,,,0,-5.9,-2.11,1.39,-1.3370836314901668,1997-2001→2001-2005
3425,Engerdal,2001-2005,2001,2005,Innlandet,Innlandet,6,421,False,932.0,31.87,41.16,9.29,7.94,11.12,3.18,8.37,6.34,-2.03,6.97,1.33,-5.64,25.97,26.14,0.17,10.09,7.12,-2.97,2.25,2.45,0.2,0.0,0.0,0.0,0.32,0.22,-0.1,6.22,4.12,-2.1,3.35,0.0,0.0,1546.0,7.3434,-3.0401,-11.7197,-6.4683,-23.9327,20.2458,17.7232,-0.6327,11.1551,,,,,0,-2.96,-9.37,1.66,-1.3516435555956614,1997-2001→2001-2005
3426,Tolga,2001-2005,2001,2005,Innlandet,Innlandet,5,567,False,1007.0,21.45,28.52,7.07,5.46,7.51,2.05,6.95,2.6,-4.35,9.73,1.93,-7.8,35.85,41.91,6.06,13.41,9.73,-3.68,2.48,4.91,2.43,0.1,0.0,-0.1,1.29,1.35,0.06,3.28,1.54,-1.74,8.11,41.37,-0.71,1823.0,7.5082,-2.4685,-2.9476,-16.4564,-9.3253,17.4438,17.2792,-0.4584,18.0828,,,,,0,-2.72,-8.08,2.91,-0.7867505427103172,1997-2001→2001-2005
3427,Tynset,2001-2005,2001,2005,Innlandet,Innlandet,5,647,False,3008.0,26.03,32.8,6.77,7.85,11.55,3.7,9.84,5.6,-4.24,11.1,4.09,-7.01,24.27,29.48,5.21,12.33,9.11,-3.22,3.72,3.86,0.14,0.07,0.0,-0.07,0.43,0.39,-0.04,4.36,3.12,-1.24,8.91,40.53,9.79,5452.0,8.6037,-0.8621,0.4274,-4.9523,-3.8518,16.2876,19.3874,-0.1729,18.1418,,,,,0,-6.97,-5.67,3.35,-1.3527335582919835,1997-2001→2001-2005
3428,Alvdal,2001-2005,2001,2005,Innlandet,Innlandet,5,573,False,1343.0,29.11,35.47,6.36,5.29,10.23,4.94,8.56,4.93,-3.63,10.65,4.93,-5.72,28.52,30.32,1.8,9.46,6.57,-2.89,4.54,5.9,1.36,0.07,0.0,-0.07,0.45,0.15,-0.3,3.35,1.49,-1.86,6.74,30.77,-3.76,2415.0,7.7895,0.0414,-0.6987,8.2816,-4.5549,18.2609,18.6749,-1.4562,15.0475,,,,,0,-4.9,-5.35,4.04,-0.03408867290299611,1997-2001→2001-2005
3429,Folldal,2001-2005,2001,2005,Innlandet,Innlandet,6,492,False,1059.0,34.09,44.27,10.18,6.7,9.38,2.68,7.18,3.03,-4.15,8.5,1.99,-6.51,25.78,28.25,2.47,11.52,8.25,-3.27,1.13,2.46,1.33,0.09,0.0,-0.09,0.57,0.47,-0.1,4.44,1.9,-2.54,5.15,34.11,-5.92,1812.0,7.5022,-5.2428,-10.4797,-30.9051,-21.5232,18.7638,18.0464,-0.1266,12.6886,,,,,0,-10.99,-3.97,3.98,1.373338359789026,1997-2001→2001-2005
3430,Os,2001-2005,2001,2005,Innlandet,Innlandet,6,551,False,1182.0,30.2,34.39,4.19,4.31,5.15,0.84,4.82,1.58,-3.24,10.07,2.82,-7.25,29.44,41.78,12.34,14.89,10.22,-4.67,1.69,1.66,-0.03,0.0,0.0,0.0,0.59,0.75,0.16,3.98,1.66,-2.32,13.18,48.8,-6.01,2172.0,7.6834,-3.9134,2.5553,-37.7532,-0.9208,16.3444,19.6593,-0.1489,16.2777,,,,,0,-3.24,-6.89,2.57,-2.193928126120007,1997-2001→2001-2005
3431,Dovre,2001-2005,2001,2005,Innlandet,Innlandet,6,563,False,1591.0,35.89,41.96,6.07,8.93,14.35,5.42,9.3,5.34,-3.96,8.61,2.7,-5.91,24.2,24.85,0.65,9.05,6.12,-2.93,1.82,2.82,1.0,0.0,0.12,0.12,0.13,0.3,0.17,2.07,1.44,-0.63,6.07,50.54,4.07,2875.0,7.9638,0.0,-6.4736,15.6522,-16.0,18.8522,18.9913,-0.8696,12.693,,,,,0,-4.03,-1.08,1.19,-2.5144408648596253,1997-2001→2001-2005
3432,Lesja,2001-2005,2001,2005,Innlandet,Innlandet,6,520,False,1250.0,23.92,30.04,6.12,8.8,13.1,4.3,6.32,4.29,-2.03,12.88,5.44,-7.44,34.24,38.47,4.23,7.76,3.83,-3.93,2.72,3.52,0.8,0.16,0.0,-0.16,0.4,0.38,-0.02,2.8,0.92,-1.88,8.53,37.18,16.06,2229.0,7.7093,-2.0188,-7.6533,-7.6267,-13.0103,18.8874,17.0929,-0.5724,11.4381,,,,,0,-3.13,0.47,-0.11,-3.134978278650852,1997-2001→2001-2005
3433,Skjåk,2001-2005,2001,2005,Innlandet,Innlandet,6,550,False,1224.0,26.06,36.21,10.15,11.11,14.05,2.94,7.92,4.09,-3.83,9.48,2.53,-6.95,26.72,31.97,5.25,10.54,7.06,-3.48,2.04,2.38,0.34,0.25,0.0,-0.25,0.41,0.67,0.26,5.47,1.04,-4.43,8.19,49.25,5.03,2389.0,7.7786,0.2093,-4.0096,21.3478,-18.8363,19.5479,19.5898,-1.461,10.7305,,,,,0,-9.65,0.75,1.82,-1.502906614682167,1997-2001→2001-2005
3434,Lom,2001-2005,2001,2005,Innlandet,Innlandet,6,547,False,1342.0,29.28,39.09,9.81,10.13,13.5,3.37,6.48,3.1,-3.38,12.97,3.32,-9.65,26.6,30.83,4.23,9.91,6.64,-3.27,1.64,2.51,0.87,0.0,0.15,0.15,0.15,0.0,-0.15,2.83,0.88,-1.95,7.6,30.2,23.71,2579.0,7.8552,-4.3428,-6.1263,-30.632,-12.4079,17.72,19.1159,-0.2089,12.4582,,,,,0,-7.38,-0.36,3.27,-0.3018140880868958,1997-2001→2001-2005
3435,Vågå,2001-2005,2001,2005,Innlandet,Innlandet,5,610,False,2159.0,41.22,50.29,9.07,8.43,13.02,4.59,6.3,3.62,-2.68,9.26,2.08,-7.18,18.62,20.18,1.56,11.81,7.77,-4.04,1.02,2.03,1.01,0.0,0.04,0.04,0.05,0.22,0.17,3.29,0.75,-2.54,6.15,27.62,-11.89,3833.0,8.2514,-1.5654,-3.4297,-4.6961,-11.4793,18.2625,18.8886,-0.0011,11.2099,,,,,0,-7.74,-1.96,2.64,-1.1161877193277152,1997-2001→2001-2005
3436,Nord-Fron,2001-2005,2001,2005,Innlandet,Innlandet,5,629,False,3303.0,43.6,49.61,6.01,10.32,14.7,4.38,8.81,5.64,-3.17,8.36,3.3,-5.06,15.14,16.8,1.66,9.26,6.41,-2.85,1.63,2.59,0.96,0.18,0.09,-0.09,0.12,0.28,0.16,2.57,0.59,-1.98,6.04,19.78,4.1,5948.0,8.6908,-0.8742,-3.3759,-3.0262,-5.7162,16.3416,21.0491,-0.1781,12.7682,,,,,0,-9.16,-1.27,2.45,-1.5798117668113871,1997-2001→2001-2005
3437,Sel,2001-2005,2001,2005,Innlandet,Innlandet,5,627,False,3427.0,40.88,52.11,11.23,9.54,13.92,4.38,9.43,5.18,-4.25,9.54,2.72,-6.82,12.49,13.18,0.69,13.69,9.11,-4.58,1.34,2.12,0.78,0.09,0.09,0.0,0.7,0.57,-0.13,2.31,1.0,-1.31,5.07,13.72,3.3,6228.0,8.7368,-2.7136,-4.402,-24.2453,-3.693,16.3776,19.9904,0.6219,10.568,,,,,0,-9.8,-1.67,3.54,-0.5844049081784748,1997-2001→2001-2005
3438,Sør-Fron,2001-2005,2001,2005,Innlandet,Innlandet,5,615,False,1869.0,41.89,48.93,7.04,9.31,13.96,4.65,8.08,4.13,-3.95,7.49,2.09,-5.4,21.51,22.58,1.07,7.12,4.34,-2.78,1.5,2.82,1.32,0.11,0.1,-0.01,0.7,0.16,-0.54,2.3,0.89,-1.41,5.72,34.86,-2.08,3337.0,8.1128,-1.9778,-4.6356,-9.2898,-10.7881,18.9092,18.9392,-0.4745,11.7104,,,,,0,-8.93,0.66,3.18,-0.5174283329836995,1997-2001→2001-2005
3439,Ringebu,2001-2005,2001,2005,Innlandet,Innlandet,5,647,False,2622.0,38.18,44.79,6.61,8.73,14.2,5.47,8.77,5.12,-3.65,10.14,3.39,-6.75,20.37,21.55,1.18,7.78,6.27,-1.51,3.13,3.31,0.18,0.15,0.12,-0.03,0.31,0.35,0.04,2.44,0.92,-1.52,6.65,37.12,-1.5,4736.0,8.4629,-3.1672,-7.5403,-11.8243,-20.6926,20.3547,19.8269,-1.2313,11.5256,,,,,0,-6.84,-1.26,2.77,-0.5748714415213003,1997-2001→2001-2005
3440,Øyer,2001-2005,2001,2005,Innlandet,Innlandet,4,698,False,2593.0,33.71,41.7,7.99,8.14,13.54,5.4,11.76,6.55,-5.21,11.22,4.33,-6.89,17.74,19.8,2.06,11.07,8.52,-2.55,3.01,4.0,0.99,0.04,0.07,0.03,0.39,0.55,0.16,2.93,0.95,-1.98,7.46,26.5,-6.04,4843.0,8.4853,-0.0619,2.8474,3.3037,-3.7167,14.3919,19.7811,0.0089,15.8476,,,,,0,-8.16,-0.47,3.49,-2.168552408210325,1997-2001→2001-2005
3441,Gausdal,2001-2005,2001,2005,Innlandet,Innlandet,4,673,False,3493.0,37.56,45.33,7.77,8.39,12.55,4.16,6.78,4.32,-2.46,7.64,2.93,-4.71,24.28,23.01,-1.27,9.93,7.14,-2.79,2.23,3.4,1.17,0.17,0.14,-0.03,0.4,0.39,-0.01,2.61,0.78,-1.83,2.89,31.91,2.47,6200.0,8.7323,-0.4032,-2.6179,7.2581,-11.4516,17.3871,19.8548,-0.3345,12.0215,,,,,0,-10.25,4.09,2.1,-1.789777552576398,1997-2001→2001-2005
3442,Østre Toten,2001-2005,2001,2005,Innlandet,Innlandet,4,747,False,8101.0,37.86,45.43,7.57,10.21,17.07,6.86,11.5,7.04,-4.46,10.37,4.64,-5.73,13.44,12.59,-0.85,9.49,5.77,-3.72,2.93,5.47,2.54,0.27,0.16,-0.11,0.28,0.43,0.15,3.64,1.39,-2.25,6.01,21.53,4.81,14148.0,9.5573,3.2231,2.4267,9.8954,-9.6833,17.1402,20.3492,-0.6995,14.2882,,,,,0,-8.63,-0.94,3.64,-1.168852322338298,1997-2001→2001-2005
3443,Vestre Toten,2001-2005,2001,2005,Innlandet,Innlandet,3,789,False,7594.0,43.11,48.31,5.2,11.31,19.32,8.01,12.26,7.63,-4.63,9.77,4.21,-5.56,8.94,8.19,-0.75,9.74,6.67,-3.07,1.98,3.48,1.5,0.21,0.19,-0.02,0.36,0.59,0.23,2.32,1.42,-0.9,7.26,15.79,-2.5,13135.0,9.483,-4.4842,-3.9871,-8.2984,-1.5988,14.6707,21.6978,-0.4192,14.4734,,,,,0,-9.64,-0.3,4.1,-0.7739482888111189,1997-2001→2001-2005
3446,Gran,2001-2005,2001,2005,Innlandet,Innlandet,3,801,False,7560.0,33.07,40.1,7.03,12.71,21.55,8.84,14.64,9.49,-5.15,10.44,3.99,-6.45,11.8,12.08,0.28,11.23,6.97,-4.26,2.61,4.35,1.74,0.16,0.13,-0.03,0.45,0.41,-0.04,2.9,0.92,-1.98,9.12,15.73,0.61,13011.0,9.4736,-0.0077,3.806,9.3767,-8.9924,16.5706,20.0599,-0.7981,13.4481,,,,,0,-10.78,-2.09,5.07,-0.6398701706126273,1997-2001→2001-2005
3447,Søndre Land,2001-2005,2001,2005,Innlandet,Innlandet,4,692,False,3397.0,44.45,52.84,8.39,11.63,18.29,6.66,9.21,4.78,-4.43,7.57,2.39,-5.18,8.3,8.37,0.07,12.83,9.53,-3.3,2.47,2.87,0.4,0.24,0.09,-0.15,0.29,0.21,-0.08,3.0,0.63,-2.37,6.73,6.29,0.21,6100.0,8.716,-1.5082,-3.5789,-0.6557,-13.9344,17.3115,18.2623,-0.3008,13.2981,,,,,0,-11.26,-1.55,3.07,-1.1205323219051437,1997-2001→2001-2005
3448,Nordre Land,2001-2005,2001,2005,Innlandet,Innlandet,4,695,False,3871.0,44.2,51.86,7.66,8.6,14.13,5.53,8.34,5.18,-3.16,9.89,3.51,-6.38,10.8,11.21,0.41,13.05,9.21,-3.84,2.12,3.21,1.09,0.15,0.05,-0.1,0.21,0.51,0.3,2.63,1.13,-1.5,5.94,9.54,1.63,6909.0,8.8406,-0.8974,-2.6308,7.8159,-17.0792,17.7884,19.3516,-0.204,11.235,,,,,0,-11.53,-0.71,3.25,-1.0126398237927319,1997-2001→2001-2005
3449,Sør-Aurdal,2001-2005,2001,2005,Innlandet,Innlandet,5,581,False,1886.0,35.68,40.79,5.11,11.98,18.84,6.86,9.12,5.56,-3.56,15.43,5.82,-9.61,14.26,18.94,4.68,6.26,4.76,-1.5,5.3,4.34,-0.96,0.11,0.16,0.05,0.11,0.05,-0.06,1.75,0.74,-1.01,11.54,14.31,5.24,3367.0,8.1218,-3.0294,-8.2092,-11.286,-19.305,19.9584,18.2655,-1.8267,10.9131,,,,,0,-7.29,-5.11,1.38,-2.4912748493461336,1997-2001→2001-2005
3450,Etnedal,2001-2005,2001,2005,Innlandet,Innlandet,5,587,False,794.0,25.69,33.33,7.64,9.7,15.5,5.8,9.7,5.68,-4.02,18.77,6.07,-12.7,21.28,24.03,2.75,7.43,6.2,-1.23,4.66,7.62,2.96,0.13,0.13,0.0,0.13,0.65,0.52,2.52,0.78,-1.74,8.55,39.55,1.38,1418.0,7.257,-1.481,-6.9287,0.7052,-19.7461,20.3103,18.8293,1.5222,12.291,,,,,0,-5.13,-4.29,3.08,-0.09361405675811385,1997-2001→2001-2005
3451,Nord-Aurdal,2001-2005,2001,2005,Innlandet,Innlandet,4,686,False,3499.0,30.01,40.33,10.32,13.86,20.17,6.31,13.29,8.18,-5.11,10.92,4.56,-6.36,12.35,13.45,1.1,7.8,5.39,-2.41,9.29,6.66,-2.63,0.06,0.06,0.0,0.29,0.36,0.07,2.14,0.86,-1.28,7.41,26.52,-3.7,6541.0,8.7858,-1.5135,-1.6789,-4.5865,-9.4787,15.9609,20.2874,-0.6395,15.0066,,,,,0,-11.43,-8.71,4.82,-0.13108854794905245,1997-2001→2001-2005
3452,Vestre Slidre,2001-2005,2001,2005,Innlandet,Innlandet,5,583,False,1304.0,22.85,30.93,8.08,9.97,19.91,9.94,6.06,4.03,-2.03,7.52,3.04,-4.48,19.17,24.32,5.15,5.29,5.7,0.41,25.84,10.94,-14.9,0.08,0.23,0.15,0.08,0.15,0.07,3.14,0.76,-2.38,15.09,27.55,-1.35,2295.0,7.7385,-2.1786,-8.6656,-12.6362,-10.4575,16.732,21.0458,-0.2064,12.9512,,,,,0,-9.08,-17.11,0.5,-2.55541559500022,1997-2001→2001-2005
3453,Øystre Slidre,2001-2005,2001,2005,Innlandet,Innlandet,5,602,False,1664.0,22.6,29.48,6.88,10.52,20.38,9.86,12.2,6.72,-5.48,10.88,3.19,-7.69,19.23,22.31,3.08,9.07,6.77,-2.3,12.62,9.28,-3.34,0.06,0.17,0.11,0.54,0.46,-0.08,2.28,1.25,-1.03,12.94,29.45,-0.48,3075.0,8.0311,1.2683,0.842,14.9593,-1.9512,14.8293,20.813,-0.3784,15.1129,,,,,0,-5.23,-18.81,5.45,1.095183113107609,1997-2001→2001-2005
3454,Vang,2001-2005,2001,2005,Innlandet,Innlandet,6,541,False,880.0,19.55,26.45,6.9,9.32,19.34,10.02,11.14,5.14,-6.0,12.5,4.37,-8.13,27.16,30.93,3.77,7.5,6.56,-0.94,9.89,5.79,-4.1,0.11,0.22,0.11,0.8,0.11,-0.69,2.05,1.09,-0.96,13.79,42.34,3.69,1677.0,7.4248,-3.8163,-5.7276,-18.4854,-19.0817,18.4258,18.6643,-1.4388,13.1424,,,,,0,-6.04,-14.67,4.97,1.4988055748035811,1997-2001→2001-2005
3901,Horten,2001-2005,2001,2005,Vestfold,Østlandet,2,874,False,14141.0,25.03,36.18,11.15,15.98,26.19,10.21,24.38,14.18,-10.2,8.9,4.5,-4.4,1.86,2.24,0.38,14.74,10.0,-4.74,2.36,4.38,2.02,0.13,0.16,0.03,0.81,1.13,0.32,5.8,1.03,-4.77,10.59,2.94,-0.2,24049.0,10.0878,2.9897,7.9451,,,14.0131,20.5663,-0.3583,21.5675,,,,,0,-13.26,-1.64,6.81,-0.5212193459039671,1997-2001→2001-2005
3903,Holmestrand,2001-2005,2001,2005,Vestfold,Østlandet,3,837,False,11300.0,27.8,35.87,8.07,17.99,27.06,9.07,21.47,12.88,-8.59,10.04,4.82,-5.22,5.71,5.76,0.05,10.55,7.67,-2.88,2.44,4.28,1.84,0.25,0.18,-0.07,0.56,0.71,0.15,3.2,0.77,-2.43,9.12,12.52,-3.87,19832.0,9.8951,2.5716,7.4307,20.8249,5.3953,13.4379,20.6182,-0.1845,16.7295,,,,,1,-11.4,-3.07,7.14,0.482395505276763,1997-2001→2001-2005
3905,Tønsberg,2001-2005,2001,2005,Vestfold,Østlandet,2,879,False,25366.0,20.04,27.01,6.97,18.51,29.09,10.58,25.88,14.88,-11.0,12.38,7.07,-5.31,4.09,4.56,0.47,12.47,9.57,-2.9,3.01,5.44,2.43,0.26,0.18,-0.08,0.58,0.53,-0.05,2.79,1.68,-1.11,11.05,7.88,-1.39,43183.0,10.6732,3.3601,10.36,27.1635,3.5431,14.6076,22.0457,-0.4368,22.6529,,,,,1,-10.74,-2.87,7.3,-0.7398256339014351,1997-2001→2001-2005
3907,Sandefjord,2001-2005,2001,2005,Vestfold,Østlandet,3,861,False,30512.0,17.55,27.67,10.12,19.46,30.67,11.21,26.6,17.06,-9.54,11.49,6.47,-5.02,2.84,3.21,0.37,10.36,7.63,-2.73,2.8,5.09,2.29,0.42,0.3,-0.12,0.42,0.47,0.05,8.05,1.42,-6.63,11.58,5.85,-1.76,54176.0,10.9,4.0793,11.1032,36.8613,4.2085,13.7662,21.0093,-0.4101,18.4782,,,,,1,-12.65,-2.34,7.26,-0.627436805380194,1997-2001→2001-2005
3909,Larvik,2001-2005,2001,2005,Vestfold,Østlandet,3,842,False,24833.0,25.21,33.64,8.43,18.36,28.29,9.93,22.36,13.67,-8.69,12.16,6.73,-5.43,4.1,4.04,-0.06,10.5,7.05,-3.45,2.8,5.1,2.3,0.24,0.21,-0.03,0.43,0.53,0.1,3.84,0.74,-3.1,9.87,8.44,-2.63,43092.0,10.6711,1.0884,5.319,10.8373,0.2089,15.3393,20.3727,-0.1927,17.3561,,,,,1,-11.2,-2.04,7.18,0.2899946885800313,1997-2001→2001-2005
3911,Færder,2001-2005,2001,2005,Vestfold,Østlandet,3,846,False,14175.0,17.23,24.23,7.0,20.97,32.96,11.99,31.6,18.09,-13.51,9.02,4.85,-4.17,1.18,1.56,0.38,12.18,9.55,-2.63,3.77,5.7,1.93,0.56,0.43,-0.13,0.76,0.77,0.01,2.72,1.87,-0.85,12.37,1.84,-1.84,24282.0,10.0975,1.3261,7.8366,11.2429,2.3886,14.2575,18.4993,0.1223,25.6194,,,,,1,-11.56,-1.62,8.3,-0.20561511844119806,1997-2001→2001-2005
4001,Porsgrunn,2001-2005,2001,2005,Telemark,Østlandet,3,855,False,18628.0,31.66,41.38,9.72,19.06,23.99,4.93,16.39,11.15,-5.24,10.33,6.2,-4.13,1.29,2.16,0.87,15.04,9.33,-5.71,2.8,3.62,0.82,0.0,0.0,0.0,0.65,0.82,0.17,2.78,1.36,-1.42,5.8,1.68,0.09,33146.0,10.4087,0.7874,5.548,10.2275,-2.2325,15.5615,21.345,-0.6813,17.9107,,,,,0,-11.11,-1.9,4.58,-1.9292077419234275,1997-2001→2001-2005
4003,Skien,2001-2005,2001,2005,Telemark,Østlandet,3,849,False,27037.0,28.87,39.62,10.75,18.63,23.39,4.76,16.13,10.68,-5.45,12.87,8.3,-4.57,2.27,3.1,0.83,15.5,9.73,-5.77,2.75,3.5,0.75,0.0,0.0,0.0,0.69,0.69,0.0,2.29,0.99,-1.3,5.59,2.93,0.26,49740.0,10.8146,1.8818,4.878,16.8074,2.2718,14.811,21.3611,-0.6722,18.0223,,,,,0,-9.2,-2.24,5.24,-0.8573343027735882,1997-2001→2001-2005
4005,Notodden,2001-2005,2001,2005,Telemark,Østlandet,4,774,False,7050.0,32.33,43.39,11.06,19.43,18.55,-0.88,10.38,6.93,-3.45,13.67,8.24,-5.43,4.54,8.45,3.91,14.4,9.27,-5.13,2.03,2.94,0.91,0.0,0.0,0.0,1.35,1.42,0.07,1.87,0.81,-1.06,3.03,10.89,0.06,12256.0,9.4138,0.8404,1.4363,12.8916,-5.8747,19.0845,20.186,-1.2271,17.1514,,,,,0,-10.94,-3.04,3.39,-1.3486288295612163,1997-2001→2001-2005
4010,Siljan,2001-2005,2001,2005,Telemark,Østlandet,4,739,False,1296.0,31.17,39.39,8.22,13.43,19.44,6.01,12.04,7.02,-5.02,16.74,9.83,-6.91,5.02,8.06,3.04,15.12,9.61,-5.51,2.7,4.66,1.96,0.0,0.0,0.0,0.85,0.44,-0.41,2.93,1.55,-1.38,9.05,0.0,7.57,2318.0,7.7485,2.3296,4.1264,22.0017,2.5884,11.7774,18.7662,0.0691,14.8709,,,,,0,-11.72,-4.59,4.22,-1.3380478317283124,1997-2001→2001-2005
4012,Bamble,2001-2005,2001,2005,Telemark,Østlandet,3,786,False,7829.0,28.68,37.6,8.92,19.95,28.4,8.45,18.04,10.71,-7.33,13.4,7.78,-5.62,2.17,3.29,1.12,12.2,6.93,-5.27,2.04,3.4,1.36,0.0,0.0,0.0,0.92,0.91,-0.01,2.61,0.97,-1.64,9.57,4.18,2.94,14224.0,9.5627,-0.4921,0.9126,-15.6777,10.7565,10.8971,21.1684,0.2235,15.9931,,,,,0,-11.51,-3.01,5.7,-0.32025288797813367,1997-2001→2001-2005
4014,Kragerø,2001-2005,2001,2005,Telemark,Østlandet,4,755,False,6079.0,28.29,39.51,11.22,15.46,21.52,6.06,15.63,9.93,-5.7,14.84,7.45,-7.39,2.45,4.21,1.76,15.99,9.94,-6.05,3.59,4.83,1.24,0.0,0.0,0.0,1.17,1.36,0.19,2.58,1.26,-1.32,7.82,3.81,-0.53,10620.0,9.2705,-0.8569,-3.0032,2.7307,-11.1111,15.0942,20.6309,-0.1355,15.0332,,,,,0,-10.12,-3.37,5.95,0.9862900149826919,1997-2001→2001-2005
4016,Drangedal,2001-2005,2001,2005,Telemark,Østlandet,5,645,False,2434.0,33.57,42.25,8.68,13.93,18.57,4.64,8.63,4.95,-3.68,17.17,9.78,-7.39,7.6,11.0,3.4,11.71,7.69,-4.02,4.35,4.79,0.44,0.0,0.0,0.0,0.21,0.29,0.08,2.83,0.7,-2.13,8.04,11.45,-1.44,4200.0,8.3428,-1.3571,-2.997,-5.2381,-8.0952,18.5952,20.2857,-1.2165,10.4491,,,,,0,-5.84,-5.07,3.37,-0.4299845124605337,1997-2001→2001-2005
4018,Nome,2001-2005,2001,2005,Telemark,Østlandet,4,709,False,3771.0,28.08,39.48,11.4,17.32,21.1,3.78,13.63,7.98,-5.65,13.44,7.51,-5.93,8.86,11.96,3.1,14.03,8.11,-5.92,2.33,2.63,0.3,0.0,0.0,0.0,0.5,0.53,0.03,1.8,0.71,-1.09,6.88,13.28,17.59,6652.0,8.8027,-1.3079,-1.4412,-7.5165,-5.4119,17.5436,19.3325,-0.7424,15.1941,,,,,0,-9.58,-3.48,4.99,0.3865181916675535,1997-2001→2001-2005
4020,Midt-Telemark,2001-2005,2001,2005,Telemark,Østlandet,4,731,False,5209.0,23.79,33.31,9.52,16.57,18.88,2.31,12.09,7.57,-4.52,14.65,7.72,-6.93,10.75,14.99,4.24,14.94,10.41,-4.53,5.09,5.71,0.62,0.0,0.0,0.0,0.54,0.68,0.14,1.59,0.73,-0.86,6.55,16.67,-0.09,9467.0,9.1556,1.1091,4.2474,14.3657,-2.5351,15.3903,21.8654,-0.9419,20.396,,,,,1,-7.74,-5.3,4.82,-0.5870533385201755,1997-2001→2001-2005
4022,Seljord,2001-2005,2001,2005,Telemark,Østlandet,5,650,False,1716.0,19.7,26.94,7.24,15.21,21.09,5.88,14.39,8.92,-5.47,17.6,10.82,-6.78,14.69,16.61,1.92,12.0,8.12,-3.88,3.96,5.66,1.7,0.0,0.0,0.0,0.52,0.68,0.16,1.92,1.17,-0.75,7.8,22.01,-4.93,2935.0,7.9845,-0.5451,-5.6256,4.0886,-9.54,17.0017,20.1704,0.0589,15.41,,,,,0,-8.33,-4.76,6.65,2.664908292949003,1997-2001→2001-2005
4024,Hjartdal,2001-2005,2001,2005,Telemark,Østlandet,5,599,False,927.0,26.97,32.54,5.57,15.32,13.16,-2.16,7.12,4.56,-2.56,19.96,12.33,-7.63,16.18,30.67,14.49,9.71,3.11,-6.6,1.51,2.07,0.56,0.0,0.0,0.0,0.54,0.21,-0.33,2.7,1.35,-1.35,12.33,39.41,-4.5,1677.0,7.4248,-2.6237,-2.7976,-19.0817,-4.7704,19.0817,18.6643,0.4529,13.6796,,,,,0,-6.81,-7.73,3.51,-0.16904758749735826,1997-2001→2001-2005
4026,Tinn,2001-2005,2001,2005,Telemark,Østlandet,5,595,False,3667.0,33.08,45.6,12.52,17.34,18.33,0.99,14.37,6.97,-7.4,8.75,3.51,-5.24,7.72,13.25,5.53,14.07,8.75,-5.32,2.13,2.44,0.31,0.0,0.0,0.0,0.68,0.58,-0.1,1.85,0.58,-1.27,6.52,17.47,-9.86,6560.0,8.7887,-2.7439,-5.9136,-20.5793,-6.5549,18.3841,21.2195,-1.2838,14.4623,,,,,0,-11.36,-5.33,5.63,1.5090908772555043,1997-2001→2001-2005
4028,Kviteseid,2001-2005,2001,2005,Telemark,Østlandet,5,601,False,1444.0,23.96,31.84,7.88,12.6,15.04,2.44,9.49,6.1,-3.39,19.94,13.48,-6.46,18.14,21.42,3.28,10.39,5.74,-4.65,2.84,4.47,1.63,0.0,0.0,0.0,0.35,0.85,0.5,2.29,1.06,-1.23,5.72,28.61,8.12,2670.0,7.8898,-2.6966,-5.1825,-16.1049,-12.3596,17.9026,19.6255,0.1882,15.9926,,,,,0,-6.78,-3.74,1.88,-1.6777030807798345,1997-2001→2001-2005
4030,Nissedal,2001-2005,2001,2005,Telemark,Østlandet,6,543,False,857.0,26.6,32.89,6.29,12.95,17.82,4.87,9.68,6.34,-3.34,28.12,22.13,-5.99,10.5,11.24,0.74,8.17,4.78,-3.39,2.33,3.23,0.9,0.0,0.0,0.0,0.47,0.96,0.49,1.17,0.6,-0.57,5.61,18.54,-0.51,1463.0,7.2882,-3.7594,-5.3763,-17.7717,-19.1388,16.5414,19.959,-0.9874,13.5579,,,,,0,-6.22,-5.91,3.14,-0.8754553747982574,1997-2001→2001-2005
4032,Fyresdal,2001-2005,2001,2005,Telemark,Østlandet,6,491,False,738.0,34.01,40.11,6.1,10.57,17.41,6.84,5.42,3.3,-2.12,10.3,5.8,-4.5,23.31,20.84,-2.47,10.7,5.8,-4.9,1.9,5.01,3.11,0.0,0.0,0.0,0.27,0.13,-0.14,3.52,1.58,-1.94,4.37,25.43,-0.74,1348.0,7.2064,0.3709,-0.3682,17.8042,-14.095,17.4332,19.2878,-1.1731,16.6512,,,,,0,-6.57,-0.58,0.62,-2.7220517363640475,1997-2001→2001-2005
4034,Tokke,2001-2005,2001,2005,Telemark,Østlandet,6,533,False,1426.0,32.96,38.34,5.38,10.66,15.36,4.7,9.61,5.31,-4.3,13.88,8.31,-5.57,18.58,22.49,3.91,10.38,6.98,-3.4,1.68,2.37,0.69,0.0,0.0,0.0,0.28,0.42,0.14,1.96,0.42,-1.54,8.61,39.93,0.25,2487.0,7.8188,-0.965,-4.014,4.0209,-13.6711,19.7427,17.4507,-0.5384,12.6518,,,,,0,-7.34,-2.99,3.16,-0.10304451822557281,1997-2001→2001-2005
4036,Vinje,2001-2005,2001,2005,Telemark,Østlandet,6,550,False,2029.0,23.46,29.6,6.14,12.62,18.42,5.8,9.51,5.13,-4.38,13.9,6.4,-7.5,17.99,23.74,5.75,17.35,12.26,-5.09,2.96,3.22,0.26,0.0,0.0,0.0,0.59,0.54,-0.05,1.63,0.68,-0.95,11.55,20.77,-3.68,3832.0,8.2511,-1.9311,-6.2375,-8.0898,-11.7432,15.8664,20.5637,-0.9648,15.2403,,,,,0,-2.64,-5.0,2.71,-1.2353014482946745,1997-2001→2001-2005
4201,Risør,2001-2005,2001,2005,Agder,Agder,4,709,False,4005.0,25.67,33.98,8.31,14.18,21.22,7.04,20.07,12.44,-7.63,16.83,9.28,-7.55,2.95,4.87,1.92,11.91,9.36,-2.55,4.77,5.4,0.63,0.0,0.0,0.0,0.77,0.96,0.19,2.85,2.5,-0.35,8.96,23.85,-8.04,7041.0,8.8595,-1.8747,-1.6092,-5.9651,-11.362,16.8158,19.3722,-0.359,17.0736,,,,,0,-10.68,-3.47,8.98,3.55989569267523,1997-2001→2001-2005
4202,Grimstad,2001-2005,2001,2005,Agder,Agder,3,809,False,9615.0,14.5,22.21,7.71,18.49,28.03,9.54,22.72,13.35,-9.37,24.91,17.65,-7.26,3.48,3.92,0.44,9.34,7.09,-2.25,3.82,6.03,2.21,0.0,0.0,0.0,0.4,0.31,-0.09,2.34,1.4,-0.94,9.98,7.51,1.04,18052.0,9.801,4.6144,13.3417,25.3712,21.3273,11.0846,23.2717,0.2259,22.1837,,,,,0,-11.0,-4.97,8.32,0.3582159082474128,1997-2001→2001-2005
4203,Arendal,2001-2005,2001,2005,Agder,Agder,3,805,False,21587.0,21.22,32.66,11.44,18.55,25.37,6.82,22.44,13.56,-8.88,16.62,9.53,-7.09,2.01,2.94,0.93,12.43,8.57,-3.86,3.69,4.94,1.25,0.0,0.0,0.0,0.52,0.47,-0.05,2.52,1.95,-0.57,7.75,3.3,0.06,39547.0,10.5852,0.3262,2.4108,0.6827,3.3378,13.4726,21.7134,-0.127,20.9302,,,,,0,-11.43,-2.6,8.35,1.9630431812554452,1997-2001→2001-2005
4204,Kristiansand,2001-2005,2001,2005,Agder,Agder,3,832,False,47781.0,17.13,25.05,7.92,9.28,21.73,12.45,25.51,17.11,-8.4,24.08,17.59,-6.49,1.93,2.48,0.55,12.43,7.79,-4.64,3.54,5.52,1.98,0.32,0.34,0.02,0.45,0.47,0.02,5.34,1.92,-3.42,13.0,3.12,0.32,87711.0,11.3818,3.9425,11.2672,23.2012,16.7368,12.3964,22.7919,-0.3649,23.3446,,,,,1,-10.27,-1.82,10.31,2.6648406998417187,1997-2001→2001-2005
4205,Lindesnes,2001-2005,2001,2005,Agder,Agder,4,733,False,10976.0,15.82,23.51,7.69,12.49,25.6,13.11,23.46,14.03,-9.43,24.26,16.35,-7.91,5.73,6.22,0.49,9.77,6.17,-3.6,4.31,6.44,2.13,0.13,0.13,0.0,0.46,0.2,-0.26,3.57,1.33,-2.24,13.6,8.42,-1.4,19962.0,9.9016,3.5017,6.2371,25.0476,9.468,14.6228,20.9949,-0.9013,17.2292,,,,,1,-8.96,-4.47,9.47,3.064389857827278,1997-2001→2001-2005
4206,Farsund,2001-2005,2001,2005,Agder,Agder,4,686,False,5088.0,14.35,19.94,5.59,15.59,37.7,22.11,28.18,11.52,-16.66,21.95,14.81,-7.14,3.48,4.64,1.16,7.78,5.05,-2.73,3.09,4.39,1.3,0.1,0.06,-0.04,0.31,0.23,-0.08,5.17,1.66,-3.51,23.27,5.55,0.45,9625.0,9.1721,-1.5169,2.6088,-15.7922,-0.4156,14.1714,21.974,-0.1299,15.3633,,,,,0,-7.92,-4.35,13.7,7.641570130415397,1997-2001→2001-2005
4207,Flekkefjord,2001-2005,2001,2005,Agder,Agder,4,689,False,4842.0,17.97,23.6,5.63,11.65,24.1,12.45,21.93,13.93,-8.0,25.82,17.37,-8.45,4.42,5.54,1.12,7.13,5.16,-1.97,4.5,8.21,3.71,0.08,0.06,-0.02,0.27,0.2,-0.07,6.24,1.84,-4.4,13.57,8.65,0.43,8866.0,9.09,0.1353,0.6462,3.6093,-2.143,16.49,19.885,-0.6643,16.4625,,,,,0,-8.34,-4.41,7.55,1.8084143550028804,1997-2001→2001-2005
4211,Gjerstad,2001-2005,2001,2005,Agder,Agder,5,661,False,1351.0,25.68,35.34,9.66,11.99,20.65,8.66,21.39,11.33,-10.06,17.62,10.25,-7.37,7.77,9.03,1.26,9.7,8.17,-1.53,3.26,3.15,-0.11,0.0,0.0,0.0,0.22,0.36,0.14,2.37,1.72,-0.65,9.92,35.11,-13.23,2493.0,7.8212,0.2808,-1.9223,10.4292,-9.2258,15.2026,21.6205,-0.4026,9.98,,,,,0,-11.26,-4.64,11.93,7.447773609006938,1997-2001→2001-2005
4212,Vegårshei,2001-2005,2001,2005,Agder,Agder,5,653,False,1098.0,26.14,34.37,8.23,11.93,17.63,5.7,16.03,9.21,-6.82,29.23,20.9,-8.33,5.83,8.15,2.32,7.01,4.16,-2.85,2.46,3.81,1.35,0.0,0.0,0.0,0.18,0.0,-0.18,1.18,1.77,0.59,8.02,9.89,-0.43,1838.0,7.5164,0.8705,-0.4296,11.9695,-3.2644,16.8118,19.4777,-0.253,14.4774,,,,,0,-8.24,-5.57,4.98,-0.04202468366293921,1997-2001→2001-2005
4213,Tvedestrand,2001-2005,2001,2005,Agder,Agder,4,729,False,3274.0,21.23,28.16,6.93,15.46,23.6,8.14,22.05,12.03,-10.02,18.66,10.56,-8.1,5.1,5.33,0.23,11.06,10.0,-1.06,4.12,7.74,3.62,0.0,0.0,0.0,0.34,0.56,0.22,1.99,2.03,0.04,8.37,12.99,-3.69,5935.0,8.6886,-0.7751,0.1701,-0.5055,-8.2561,15.4339,19.5451,-0.1851,17.1604,,,,,0,-9.13,-3.85,7.61,1.6868514955056018,1997-2001→2001-2005
4214,Froland,2001-2005,2001,2005,Agder,Agder,4,726,False,2395.0,19.5,29.02,9.52,22.34,30.24,7.9,11.19,5.94,-5.25,26.14,15.41,-10.73,6.05,8.53,2.48,9.06,4.88,-4.18,3.38,4.05,0.67,0.0,0.0,0.0,0.17,0.28,0.11,2.17,1.65,-0.52,10.38,11.69,16.77,4546.0,8.422,2.7717,8.0981,16.498,10.7787,11.3066,22.6133,-0.4762,11.6647,,,,,0,-10.45,-5.95,5.0,-0.8814270602246923,1997-2001→2001-2005
4215,Lillesand,2001-2005,2001,2005,Agder,Agder,3,788,False,4935.0,15.95,23.53,7.58,13.25,25.44,12.19,25.27,17.48,-7.79,19.7,11.96,-7.74,3.1,4.04,0.94,13.45,8.64,-4.81,6.08,7.35,1.27,0.0,0.0,0.0,0.53,0.44,-0.09,2.67,1.12,-1.55,13.13,5.38,-0.06,8888.0,9.0925,1.7439,6.9165,9.901,7.7633,12.1175,21.6134,-0.2409,20.8763,,,,,0,-9.75,-2.12,7.01,-0.49895319981483066,1997-2001→2001-2005
4216,Birkenes,2001-2005,2001,2005,Agder,Agder,4,705,False,2380.0,17.14,22.51,5.37,13.07,23.02,9.95,18.4,13.45,-4.95,29.66,19.8,-9.86,6.89,8.48,1.59,6.97,5.35,-1.62,4.37,5.35,0.98,0.0,0.0,0.0,0.42,0.5,0.08,3.07,1.55,-1.52,11.54,17.41,-5.23,4346.0,8.377,-0.1381,5.7505,-10.3543,10.5844,11.4358,22.2964,-0.422,15.4173,,,,,0,-6.78,-6.74,3.45,-3.3838065207919126,1997-2001→2001-2005
4217,Åmli,2001-2005,2001,2005,Agder,Agder,5,591,False,1062.0,30.41,38.71,8.3,12.52,19.21,6.69,9.6,5.6,-4.0,15.73,7.92,-7.81,14.6,16.22,1.62,13.09,7.92,-5.17,1.22,3.09,1.87,0.0,0.0,0.0,0.47,0.58,0.11,2.35,0.77,-1.58,8.31,21.22,6.19,1854.0,7.5251,-2.8587,-5.8054,-2.6969,-28.5868,16.8285,19.2557,-0.6708,14.5322,,,,,0,-7.78,-5.71,4.84,1.4526615923518778,1997-2001→2001-2005
4218,Iveland,2001-2005,2001,2005,Agder,Agder,5,624,False,638.0,13.95,17.72,3.77,13.17,27.48,14.31,13.32,7.66,-5.66,33.54,22.97,-10.57,10.5,12.01,1.51,5.33,2.55,-2.78,4.39,7.21,2.82,0.0,0.0,0.0,0.47,0.6,0.13,5.33,1.8,-3.53,15.82,26.51,3.53,1134.0,7.0335,1.7637,3.4978,21.164,-8.8183,11.1993,19.1358,-1.1473,9.2941,,,,,0,-6.93,-7.08,5.78,1.1987790651603598,1997-2001→2001-2005
4219,Evje og Hornnes,2001-2005,2001,2005,Agder,Agder,4,691,False,1725.0,20.0,30.97,10.97,10.67,22.6,11.93,17.04,7.19,-9.85,28.58,19.16,-9.42,6.84,8.7,1.86,9.39,5.37,-4.02,3.19,4.29,1.1,0.0,0.0,0.0,0.35,0.43,0.08,3.94,1.29,-2.65,13.79,12.77,-3.16,3359.0,8.1194,-1.6076,-1.4903,-11.6106,-3.8702,14.9747,21.167,0.0026,15.322,,,,,0,-13.65,-4.75,6.78,1.562124973118717,1997-2001→2001-2005
4220,Bygland,2001-2005,2001,2005,Agder,Agder,6,551,False,710.0,16.2,26.3,10.1,10.56,15.75,5.19,14.79,10.28,-4.51,23.8,14.15,-9.65,17.75,24.97,7.22,10.7,3.6,-7.1,2.25,3.6,1.35,0.0,0.0,0.0,0.14,0.13,-0.01,3.8,1.2,-2.6,12.41,41.51,-4.1,1341.0,7.2012,-1.044,-2.7126,13.4228,-22.3714,16.8531,18.7919,-1.7061,18.1985,,,,,0,-8.83,-8.97,6.49,2.3288433843214174,1997-2001→2001-2005
4221,Valle,2001-2005,2001,2005,Agder,Agder,6,466,False,779.0,18.61,24.44,5.83,11.04,24.17,13.13,11.17,6.67,-4.5,25.03,14.31,-10.72,18.87,19.17,0.3,9.37,4.86,-4.51,2.95,3.75,0.8,0.0,0.0,0.0,0.13,0.42,0.29,2.82,2.22,-0.6,13.43,36.96,-1.92,1456.0,7.2834,-4.9451,-4.3538,-44.6429,-4.8077,16.8269,21.7033,-0.7142,17.642,,,,,0,-8.2,-9.43,3.56,-1.1918363623959158,1997-2001→2001-2005
4222,Bykle,2001-2005,2001,2005,Agder,Agder,6,467,False,420.0,17.38,24.28,6.9,14.76,22.08,7.32,18.33,11.92,-6.41,21.43,13.02,-8.41,10.24,13.25,3.01,13.33,9.05,-4.28,1.9,3.53,1.63,0.0,0.0,0.0,0.24,0.88,0.64,2.38,1.99,-0.39,10.33,15.51,-5.12,884.0,6.7845,-3.0543,4.2579,-32.8054,1.1312,9.8416,25.3394,-1.2069,21.4815,,,,,0,-9.11,-15.59,8.18,1.30139307480015,1997-2001→2001-2005
4223,Vennesla,2001-2005,2001,2005,Agder,Agder,3,775,False,6647.0,20.31,27.41,7.1,10.68,24.21,13.53,11.4,7.23,-4.17,36.54,27.45,-9.09,4.3,4.36,0.06,8.92,4.24,-4.68,2.38,3.09,0.71,0.2,0.14,-0.06,0.18,0.17,-0.01,5.09,1.69,-3.4,13.59,10.16,-2.24,12220.0,9.4108,1.6939,6.1592,-0.4092,17.2668,11.9394,21.9313,0.1793,10.6506,,,,,0,-11.77,-2.85,5.98,0.461730664214949,1997-2001→2001-2005
4224,Åseral,2001-2005,2001,2005,Agder,Agder,6,536,False,505.0,12.28,17.86,5.58,10.89,23.61,12.72,9.7,5.95,-3.75,43.96,28.54,-15.42,11.68,15.81,4.13,5.74,3.08,-2.66,1.19,3.49,2.3,0.0,0.21,0.21,0.0,0.0,0.0,4.55,1.44,-3.11,16.85,0.0,0.0,867.0,6.765,4.6136,8.753,27.6817,18.4544,17.8777,19.7232,-1.5602,11.1952,,,,,0,-5.44,-15.88,3.79,-1.3646996288584834,1997-2001→2001-2005
4225,Lyngdal,2001-2005,2001,2005,Agder,Agder,4,695,False,4691.0,12.81,16.49,3.68,12.34,25.89,13.55,19.97,12.47,-7.5,35.77,27.89,-7.88,6.84,7.63,0.79,5.52,3.71,-1.81,2.66,4.49,1.83,0.11,0.04,-0.07,0.26,0.19,-0.07,3.71,1.2,-2.51,14.34,11.08,0.5,8700.0,9.0711,1.3678,4.5153,-5.7471,19.0805,12.7126,23.2299,-0.5684,14.5035,,,,,1,-5.89,-6.15,8.17,2.2531804374629987,1997-2001→2001-2005
4226,Hægebostad,2001-2005,2001,2005,Agder,Agder,5,575,False,919.0,10.66,14.74,4.08,9.79,22.44,12.65,12.62,8.25,-4.37,42.87,33.66,-9.21,13.93,15.95,2.02,4.68,0.99,-3.69,1.09,2.31,1.22,0.0,0.22,0.22,0.11,0.11,0.0,4.24,1.32,-2.92,14.67,14.97,-8.57,1643.0,7.4043,-2.9823,1.0139,-34.6926,7.3037,13.5727,23.3719,-0.2101,11.6009,,,,,0,-6.2,-12.29,3.88,-1.7423369645121678,1997-2001→2001-2005
4227,Kvinesdal,2001-2005,2001,2005,Agder,Agder,5,650,False,3021.0,16.85,23.96,7.11,15.82,29.44,13.62,17.64,9.65,-7.99,27.38,19.4,-7.98,6.82,7.36,0.54,6.39,3.95,-2.44,3.67,4.17,0.5,0.07,0.1,0.03,0.2,0.29,0.09,5.16,1.69,-3.47,14.16,15.45,0.92,5547.0,8.621,0.631,-3.2247,2.1633,4.8675,14.5845,21.5973,-0.1273,11.5081,,,,,0,-7.13,-7.27,7.52,2.7869548052637523,1997-2001→2001-2005
4228,Sirdal,2001-2005,2001,2005,Agder,Agder,5,575,False,1007.0,15.89,17.33,1.44,10.03,18.25,8.22,15.99,9.17,-6.82,28.5,21.61,-6.89,15.39,18.55,3.16,5.66,4.59,-1.07,5.26,8.66,3.4,0.1,0.1,0.0,0.1,0.1,0.0,3.08,1.63,-1.45,11.38,26.08,-3.82,1737.0,7.4599,1.3241,1.6166,6.3328,7.4842,17.559,21.0132,-0.8545,16.7638,,,,,0,-4.15,-8.89,7.4,2.485104145898349,1997-2001→2001-2005
4601,Bergen,2001-2005,2001,2005,Vestland,Vestlandet,2,895,False,134112.0,20.24,28.88,8.64,16.2,20.35,4.15,25.4,19.49,-5.91,11.96,6.74,-5.22,1.63,2.33,0.7,12.19,8.88,-3.31,4.38,7.23,2.85,0.13,0.17,0.04,5.21,4.66,-0.55,2.67,1.28,-1.39,4.85,1.72,-0.1,230948.0,12.3499,3.577,7.8893,16.2591,19.0865,13.3974,24.0271,-0.6261,28.0459,,,,,0,-12.41,-1.32,9.09,1.6450027484438268,1997-2001→2001-2005
4602,Kinn,2001-2005,2001,2005,Vestland,Vestlandet,5,663,False,9429.0,21.42,29.85,8.43,15.09,21.97,6.88,18.34,13.12,-5.22,14.39,7.16,-7.23,4.77,7.74,2.97,17.03,11.27,-5.76,5.59,6.91,1.32,0.0,0.0,0.0,0.3,0.66,0.36,3.07,1.32,-1.75,9.85,6.25,2.2,17715.0,9.7822,-0.7508,1.6418,-24.3861,16.3139,13.322,21.8628,-0.0414,15.5335,,,,,1,-8.05,-0.94,5.44,-0.9854384280421113,1997-2001→2001-2005
4611,Etne,2001-2005,2001,2005,Vestland,Vestlandet,5,604,False,2204.0,14.16,21.74,7.58,17.42,23.98,6.56,14.52,10.1,-4.42,21.42,13.08,-8.34,12.93,17.32,4.39,7.8,5.45,-2.35,5.72,5.59,-0.13,0.23,0.05,-0.18,0.54,1.12,0.58,5.26,1.58,-3.68,10.95,16.08,-0.67,3945.0,8.2802,-1.0393,-0.9388,-17.4905,7.0976,16.0963,20.3802,-0.0871,12.7143,,,,,0,-7.23,-5.22,4.57,-0.09221362610097472,1997-2001→2001-2005
4612,Sveio,2001-2005,2001,2005,Vestland,Vestlandet,4,673,False,2696.0,13.06,19.48,6.42,22.74,28.85,6.11,15.28,11.86,-3.42,19.36,11.35,-8.01,7.53,9.12,1.59,7.86,5.09,-2.77,8.72,8.53,-0.19,0.04,0.18,0.14,0.63,1.14,0.51,4.78,4.39,-0.39,7.7,11.65,0.05,4669.0,8.4487,0.0643,1.6979,-12.4224,13.0649,11.7584,20.9467,-0.0718,14.3869,,,,,0,-10.46,-3.75,7.13,2.0450567844920524,1997-2001→2001-2005
4613,Bømlo,2001-2005,2001,2005,Vestland,Vestlandet,5,644,False,6043.0,11.75,19.03,7.28,17.44,27.84,10.4,16.3,11.21,-5.09,31.95,22.32,-9.63,2.13,4.96,2.83,5.26,4.03,-1.23,3.92,6.2,2.28,0.12,0.08,-0.04,0.84,0.98,0.14,10.28,3.34,-6.94,13.23,4.77,3.49,10839.0,9.2909,-0.083,5.1456,-26.2017,26.0172,12.5473,22.3083,-0.1188,14.0104,,,,,0,-9.63,-3.66,5.67,-0.9353205148819725,1997-2001→2001-2005
4614,Stord,2001-2005,2001,2005,Vestland,Vestlandet,4,746,False,8692.0,23.16,33.86,10.7,16.87,22.65,5.78,16.13,10.23,-5.9,18.76,10.96,-7.8,2.81,4.63,1.82,11.37,7.82,-3.55,4.54,5.42,0.88,0.16,0.12,-0.04,1.9,2.08,0.18,4.3,2.25,-2.05,7.6,4.31,-0.21,16241.0,9.6953,1.6932,6.2327,-10.7752,28.2618,9.6607,23.5022,0.6989,21.1442,,,,,0,-8.23,-1.65,5.47,-1.264465290655096,1997-2001→2001-2005
4615,Fitjar,2001-2005,2001,2005,Vestland,Vestlandet,5,603,False,1795.0,10.86,16.67,5.81,20.72,26.62,5.9,16.66,10.98,-5.68,29.69,22.92,-6.77,6.24,10.24,4.0,6.07,3.36,-2.71,3.62,5.06,1.44,0.0,0.11,0.11,0.67,1.08,0.41,5.46,2.96,-2.5,9.9,14.85,-5.29,2978.0,7.999,-2.7871,-1.3292,-59.1001,29.8858,12.1222,22.9349,0.1748,14.5751,,,,,0,-6.93,-3.04,6.06,1.572382236608128,1997-2001→2001-2005
4616,Tysnes,2001-2005,2001,2005,Vestland,Vestlandet,5,578,False,1635.0,12.48,21.38,8.9,17.25,25.06,7.81,18.23,11.78,-6.45,23.43,11.53,-11.9,10.21,14.86,4.65,6.79,4.65,-2.14,5.26,7.07,1.81,0.06,0.12,0.06,1.28,1.27,-0.01,5.02,2.29,-2.73,12.46,13.11,6.8,2938.0,7.9855,-3.8462,-0.9467,-20.4221,-21.1028,20.0477,19.401,-0.6848,13.9213,,,,,0,-6.24,-4.7,7.73,2.638757337309843,1997-2001→2001-2005
4617,Kvinnherad,2001-2005,2001,2005,Vestland,Vestlandet,5,587,False,7323.0,18.39,27.69,9.3,18.74,24.93,6.19,14.49,10.37,-4.12,19.94,9.61,-10.33,7.82,10.1,2.28,9.57,5.71,-3.86,5.2,7.09,1.89,0.12,0.13,0.01,1.17,1.8,0.63,4.55,2.57,-1.98,8.47,17.88,2.38,13212.0,9.4889,-0.6812,-0.4476,-20.3603,13.0185,13.9646,21.488,0.3625,14.2551,,,,,0,-8.99,-5.16,6.52,1.787745723967335,1997-2001→2001-2005
4618,Ullensvang,2001-2005,2001,2005,Vestland,Vestlandet,5,583,False,7176.0,26.21,33.73,7.52,9.46,14.66,5.2,14.48,9.75,-4.73,12.67,6.15,-6.52,10.19,14.09,3.9,13.57,7.78,-5.79,5.87,7.36,1.49,0.15,0.18,0.03,4.31,5.12,0.81,3.09,1.17,-1.92,9.1,15.81,2.65,12382.0,9.424,-3.3032,-8.5053,-23.4211,-9.1262,18.8419,19.3022,-0.0162,15.1688,,,,,1,-7.71,-3.78,5.62,2.017788729648882,1997-2001→2001-2005
4619,Eidfjord,2001-2005,2001,2005,Vestland,Vestlandet,6,531,False,539.0,22.08,31.05,8.97,13.17,18.85,5.68,25.79,20.52,-5.27,9.83,4.44,-5.39,11.5,13.68,2.18,7.98,3.33,-4.65,3.71,5.73,2.02,0.37,0.0,-0.37,1.67,1.11,-0.56,3.9,1.29,-2.61,7.86,21.02,13.27,1001.0,6.9088,-8.6913,-15.1346,-57.9421,-28.971,16.983,19.7802,-0.0246,15.2062,,,,,0,-6.87,-6.22,12.11,7.94593610850514,1997-2001→2001-2005
4620,Ulvik,2001-2005,2001,2005,Vestland,Vestlandet,6,529,False,684.0,14.91,24.7,9.79,6.43,11.53,5.1,11.7,4.79,-6.91,9.21,4.79,-4.42,16.67,19.01,2.34,12.57,10.48,-2.09,22.66,20.06,-2.6,0.15,0.15,0.0,3.22,2.99,-0.23,2.49,1.5,-0.99,7.44,27.37,3.6,1210.0,7.0984,-3.8843,-7.4781,-35.5372,-1.6529,18.6777,17.2727,-0.535,17.8719,,,,,0,-6.1,-4.34,6.65,2.8474309808481224,1997-2001→2001-2005
4621,Voss,2001-2005,2001,2005,Vestland,Vestlandet,4,720,False,8463.0,24.03,33.8,9.77,9.95,14.44,4.49,11.53,7.35,-4.18,14.4,6.33,-8.07,14.38,17.14,2.76,11.33,7.82,-3.51,8.29,8.69,0.4,0.15,0.21,0.06,3.4,3.04,-0.36,2.52,1.19,-1.33,7.25,21.42,-0.58,14833.0,9.6046,0.1685,-0.5555,-2.5619,4.3147,17.6701,19.2004,-0.2047,18.2756,,,,,1,-7.31,-4.97,4.35,-0.208858226452862,1997-2001→2001-2005
4622,Kvam,2001-2005,2001,2005,Vestland,Vestlandet,4,674,False,4934.0,17.63,23.28,5.65,11.31,19.17,7.86,14.35,10.24,-4.11,20.29,12.82,-7.47,11.01,14.07,3.06,9.81,6.09,-3.72,8.86,10.56,1.7,0.2,0.16,-0.04,2.17,2.06,-0.11,4.38,1.57,-2.81,10.92,20.79,1.66,8599.0,9.0594,-3.0818,-3.0592,-27.5613,-3.1399,17.2346,19.5837,-0.3879,17.0912,,,,,0,-6.51,-3.31,5.29,0.49121983412437853,1997-2001→2001-2005
4623,Samnanger,2001-2005,2001,2005,Vestland,Vestlandet,4,683,False,1393.0,27.06,34.84,7.78,16.15,21.27,5.12,12.35,8.27,-4.08,18.59,12.23,-6.36,8.11,10.6,2.49,7.97,4.45,-3.52,4.09,5.16,1.07,0.14,0.14,0.0,1.29,1.41,0.12,4.24,1.63,-2.61,7.61,11.4,1.88,2303.0,7.742,0.825,-2.6823,4.3422,2.6053,16.5871,19.4095,-1.3846,14.3014,,,,,0,-8.05,-4.07,5.43,1.1751514325056993,1997-2001→2001-2005
4624,Bjørnafjorden,2001-2005,2001,2005,Vestland,Vestlandet,4,766,False,10086.0,16.51,22.72,6.21,21.71,29.05,7.34,20.28,15.87,-4.41,17.3,9.02,-8.28,5.4,6.66,1.26,8.8,5.47,-3.33,5.0,7.86,2.86,0.08,0.17,0.09,1.91,1.74,-0.17,3.0,1.44,-1.56,8.6,8.88,-1.21,17707.0,9.7817,5.1392,11.0137,30.6094,20.3309,11.5773,21.3475,-0.2168,18.694,,,,,1,-10.81,-2.23,8.76,2.3215233913720956,1997-2001→2001-2005
4625,Austevoll,2001-2005,2001,2005,Vestland,Vestlandet,5,598,False,2452.0,10.93,16.65,5.72,19.66,28.6,8.94,26.96,23.28,-3.68,24.47,13.01,-11.46,4.2,4.71,0.51,4.08,3.03,-1.05,3.18,6.83,3.65,0.0,0.08,0.08,1.67,1.02,-0.65,4.85,2.78,-2.07,9.45,12.6,0.08,4446.0,8.3998,0.1125,4.5572,-13.7202,13.9451,13.5852,21.0301,-0.9813,13.3273,,,,,0,-11.98,-2.59,11.81,5.340907739719598,1997-2001→2001-2005
4626,Øygarden,2001-2005,2001,2005,Vestland,Vestlandet,4,769,False,15105.0,18.12,24.14,6.02,20.56,30.88,10.32,21.9,16.66,-5.24,19.88,12.01,-7.87,2.08,3.0,0.92,8.2,4.85,-3.35,3.14,5.23,2.09,0.11,0.1,-0.01,1.59,1.56,-0.03,4.42,1.56,-2.86,11.24,3.64,-0.65,27432.0,10.2195,7.7391,18.8858,44.2184,33.7197,8.9093,22.7508,-0.3558,14.9537,,,,,1,-11.93,-1.87,9.15,0.9712150724108763,1997-2001→2001-2005
4627,Askøy,2001-2005,2001,2005,Vestland,Vestlandet,3,810,False,11455.0,22.19,30.08,7.89,18.32,26.4,8.08,22.43,16.11,-6.32,15.3,8.23,-7.07,1.4,2.19,0.79,11.01,7.11,-3.9,3.91,5.94,2.03,0.11,0.14,0.03,2.22,2.07,-0.15,3.11,1.74,-1.37,8.87,1.53,-0.56,20096.0,9.9083,9.574,18.1457,62.2512,34.0864,10.1513,22.8254,-0.2784,15.6767,,,,,0,-13.62,-1.82,9.39,2.5498339854508654,1997-2001→2001-2005
4628,Vaksdal,2001-2005,2001,2005,Vestland,Vestlandet,5,644,False,2528.0,29.07,40.51,11.44,13.53,17.08,3.55,10.92,7.47,-3.45,17.21,8.62,-8.59,7.71,9.73,2.02,11.63,7.63,-4.0,3.6,4.85,1.25,0.2,0.04,-0.16,1.94,2.46,0.52,4.19,1.63,-2.56,5.57,8.96,1.12,4203.0,8.3436,-1.1658,-5.1165,7.8515,-18.7961,21.104,17.0355,-0.9788,11.3292,,,,,0,-9.34,-5.07,5.04,1.3889345494936847,1997-2001→2001-2005
4629,Modalen,2001-2005,2001,2005,Vestland,Vestlandet,6,530,False,170.0,15.88,18.56,2.68,11.18,19.07,7.89,12.35,9.79,-2.56,24.12,11.86,-12.26,15.29,18.04,2.75,5.88,6.19,0.31,2.94,10.31,7.37,0.0,0.0,0.0,2.35,4.12,1.77,10.0,2.06,-7.94,10.64,0.0,0.0,355.0,5.8721,1.6901,7.4405,2.8169,0.0,13.8028,20.0,0.6016,16.791,,,,,0,0.24,-12.64,6.2,0.8331830043461821,1997-2001→2001-2005
4630,Osterøy,2001-2005,2001,2005,Vestland,Vestlandet,4,717,False,4092.0,19.77,25.46,5.69,17.82,26.49,8.67,15.62,11.92,-3.7,21.58,10.1,-11.48,6.43,9.21,2.78,7.67,5.38,-2.29,5.33,7.62,2.29,0.07,0.1,0.03,1.76,2.02,0.26,3.96,1.71,-2.25,11.45,5.4,4.37,7063.0,8.8626,2.0388,3.1782,5.2386,15.7157,14.2432,20.1897,-0.2291,10.8524,,,,,0,-6.99,-3.33,6.06,0.8976746702359142,1997-2001→2001-2005
4631,Alver,2001-2005,2001,2005,Vestland,Vestlandet,4,731,False,13024.0,17.01,24.55,7.54,16.67,23.58,6.91,16.09,12.7,-3.39,24.49,14.43,-10.06,7.66,9.05,1.39,7.76,5.23,-2.53,4.67,6.76,2.09,0.08,0.11,0.03,1.89,1.8,-0.09,3.68,1.8,-1.88,8.3,16.84,-0.55,22628.0,10.0269,4.1188,9.1448,21.3894,19.3124,12.1708,22.0435,-0.473,15.1867,,,,,1,-9.23,-4.22,6.72,0.6091876758178083,1997-2001→2001-2005
4632,Austrheim,2001-2005,2001,2005,Vestland,Vestlandet,5,641,False,1502.0,16.58,25.53,8.95,16.91,24.2,7.29,25.57,19.1,-6.47,21.3,12.4,-8.9,4.53,6.03,1.5,5.99,2.85,-3.14,3.66,6.56,2.9,0.27,0.07,-0.2,1.26,1.19,-0.07,3.93,2.06,-1.87,8.79,8.13,1.06,2522.0,7.8328,0.1983,-1.5582,0.3965,3.5686,13.2435,20.0238,-0.3824,12.2233,,,,,0,-8.11,-3.66,9.26,4.27619755966837,1997-2001→2001-2005
4633,Fedje,2001-2005,2001,2005,Vestland,Vestlandet,6,436,False,438.0,18.95,27.05,8.1,5.48,16.67,11.19,21.69,14.49,-7.2,30.14,20.77,-9.37,1.14,2.42,1.28,4.79,2.9,-1.89,3.65,3.38,-0.27,0.0,0.0,0.0,1.6,1.45,-0.15,12.56,10.87,-1.69,12.47,0.0,0.0,688.0,6.5338,-3.9244,-5.3009,-23.2558,-14.5349,21.0756,17.8779,-0.3494,11.6364,,,,,0,-7.27,-4.89,7.77,3.416526605191203,1997-2001→2001-2005
4634,Masfjorden,2001-2005,2001,2005,Vestland,Vestlandet,6,552,False,1059.0,15.68,28.2,12.52,12.18,18.41,6.23,15.58,10.66,-4.92,26.35,12.4,-13.95,12.94,17.15,4.21,6.52,4.26,-2.26,5.38,6.01,0.63,0.0,0.0,0.0,0.94,0.97,0.03,4.44,1.94,-2.5,10.44,10.3,2.52,1761.0,7.4736,-3.8614,-8.2385,-28.9608,-11.3572,18.6826,16.2976,-0.49,11.1597,,,,,0,-5.7,-6.95,5.91,1.9885957325622012,1997-2001→2001-2005
4635,Gulen,2001-2005,2001,2005,Vestland,Vestlandet,6,483,False,1468.0,15.12,23.39,8.27,8.45,15.22,6.77,15.12,8.38,-6.74,25.14,12.36,-12.78,18.26,26.68,8.42,8.72,6.22,-2.5,3.41,5.52,2.11,0.0,0.0,0.0,0.48,0.42,-0.06,5.31,1.82,-3.49,15.19,21.93,3.79,2473.0,7.8132,-0.5661,-1.2053,1.2131,-6.0655,18.4391,18.6818,-1.5217,12.4095,,,,,0,-7.32,-5.9,6.27,2.3855438516563976,1997-2001→2001-2005
4636,Solund,2001-2005,2001,2005,Vestland,Vestlandet,6,350,False,509.0,11.79,19.4,7.61,13.16,17.06,3.9,21.61,16.42,-5.19,17.68,9.38,-8.3,11.0,21.96,10.96,5.89,4.9,-0.99,4.32,4.48,0.16,0.0,0.0,0.0,0.2,1.07,0.87,14.34,5.33,-9.01,14.86,11.96,24.26,937.0,6.8427,-6.6169,-20.6709,-34.1515,-30.9498,21.0245,15.5816,-1.1388,11.4927,,,,,0,-8.53,-6.34,4.62,1.8164238230881091,1997-2001→2001-2005
4637,Hyllestad,2001-2005,2001,2005,Vestland,Vestlandet,6,481,False,865.0,20.92,31.55,10.63,7.51,11.89,4.38,8.09,6.07,-2.02,24.51,9.71,-14.8,19.42,31.07,11.65,9.71,5.1,-4.61,3.24,3.28,0.04,0.0,0.0,0.0,0.12,0.73,0.61,6.47,0.61,-5.86,16.03,39.55,-0.11,1558.0,7.3512,-2.0539,-10.6034,-7.0603,-14.7625,17.5866,19.0629,-0.8108,11.9838,,,,,0,-9.35,-7.72,1.72,-1.158905951691165,1997-2001→2001-2005
4638,Høyanger,2001-2005,2001,2005,Vestland,Vestlandet,6,547,False,2629.0,32.29,45.86,13.57,9.89,13.27,3.38,11.98,6.35,-5.63,12.4,4.96,-7.44,12.44,15.08,2.64,14.11,8.43,-5.68,2.32,3.0,0.68,0.0,0.0,0.0,1.14,1.65,0.51,3.42,1.39,-2.03,6.02,12.58,-0.9,4653.0,8.4453,-3.2452,-6.5587,-30.303,-1.5044,17.623,20.5459,-0.7417,14.4484,,,,,0,-11.91,-0.2,4.13,0.14024720172394733,1997-2001→2001-2005
4639,Vik,2001-2005,2001,2005,Vestland,Vestlandet,6,532,False,1697.0,18.68,25.96,7.28,8.84,13.31,4.47,7.37,5.64,-1.73,12.43,6.18,-6.25,39.42,36.81,-2.61,8.01,6.12,-1.89,3.18,4.68,1.5,0.0,0.0,0.0,0.24,0.36,0.12,1.83,0.96,-0.87,1.86,35.32,-3.7,2943.0,7.9872,-2.1067,-6.248,-2.3785,-18.3486,21.3388,16.7516,0.0427,13.5364,,,,,0,-11.03,9.16,0.96,-5.592970804591131,1997-2001→2001-2005
4640,Sogndal,2001-2005,2001,2005,Vestland,Vestlandet,5,659,False,5871.0,22.01,29.46,7.45,7.92,14.62,6.7,10.02,6.52,-3.5,12.23,8.69,-3.54,28.27,23.29,-4.98,11.99,10.31,-1.68,4.97,5.88,0.91,0.0,0.0,0.0,0.58,0.56,-0.02,2.01,0.66,-1.35,1.72,22.3,2.63,10365.0,9.2462,0.6657,1.1047,-8.6831,15.726,13.9701,21.8234,-0.8591,25.7647,,,,,1,-13.18,11.89,0.82,-3.712175015306826,1997-2001→2001-2005
4641,Aurland,2001-2005,2001,2005,Vestland,Vestlandet,6,528,False,1017.0,24.58,33.17,8.59,9.34,16.04,6.7,17.5,10.4,-7.1,9.44,4.46,-4.98,22.03,20.59,-1.44,10.82,9.01,-1.81,3.93,5.64,1.71,0.0,0.0,0.0,0.2,0.4,0.2,2.16,0.3,-1.86,5.26,40.91,-8.63,1827.0,7.5104,-2.4083,-5.9599,-21.3465,-1.642,16.913,20.0876,-0.5361,15.3472,,,,,0,-8.57,1.83,6.39,1.7965395716125965,1997-2001→2001-2005
4642,Lærdal,2001-2005,2001,2005,Vestland,Vestlandet,5,570,False,1247.0,29.99,34.96,4.97,10.34,12.05,1.71,7.38,5.51,-1.87,6.26,2.31,-3.95,30.63,31.44,0.81,10.51,9.42,-1.09,3.05,3.51,0.46,0.0,0.0,0.0,0.4,0.64,0.24,1.44,0.16,-1.28,2.52,0.0,0.0,2201.0,7.6967,-1.9537,-4.1315,-17.2649,-4.0891,17.1286,19.3548,-0.8635,19.0612,,,,,0,-10.62,9.74,1.09,-3.2495143524643133,1997-2001→2001-2005
4643,Årdal,2001-2005,2001,2005,Vestland,Vestlandet,5,592,False,3408.0,60.21,72.41,12.2,7.78,8.99,1.21,7.28,3.37,-3.91,4.87,2.12,-2.75,6.07,4.73,-1.34,9.21,6.09,-3.12,1.76,1.65,-0.11,0.0,0.0,0.0,0.21,0.29,0.08,2.61,0.35,-2.26,-0.13,0.0,10.0,5760.0,8.6587,-2.2396,-5.1381,-19.6181,-3.125,15.9896,20.0868,0.9523,14.0151,,,,,0,-11.37,2.83,1.97,-1.3232653473120244,1997-2001→2001-2005
4644,Luster,2001-2005,2001,2005,Vestland,Vestlandet,5,567,False,2789.0,29.51,31.9,2.39,6.6,14.4,7.8,6.99,4.11,-2.88,17.25,11.79,-5.46,28.76,26.15,-2.61,6.42,6.38,-0.04,1.9,3.94,2.04,0.0,0.0,0.0,0.14,0.38,0.24,2.44,0.94,-1.5,5.19,0.0,20.86,4954.0,8.508,-0.545,-3.1453,2.2204,-6.6613,17.824,17.8644,-1.1607,15.8796,,,,,0,-10.0,9.12,2.94,-0.7136826905599594,1997-2001→2001-2005
4645,Askvoll,2001-2005,2001,2005,Vestland,Vestlandet,6,504,False,1854.0,18.39,23.44,5.05,7.07,12.4,5.33,10.73,7.92,-2.81,19.15,10.44,-8.71,15.43,24.1,8.67,6.9,6.78,-0.12,9.06,8.63,-0.43,0.0,0.0,0.0,0.38,0.38,0.0,12.89,5.9,-6.99,14.0,27.0,-10.44,3379.0,8.1253,-4.4392,-6.9721,-38.4729,-5.623,17.9639,18.1119,1.2061,13.4983,,,,,0,-7.53,-6.97,3.21,-0.5594081512376059,1997-2001→2001-2005
4646,Fjaler,2001-2005,2001,2005,Vestland,Vestlandet,6,562,False,1550.0,20.26,26.53,6.27,6.9,10.93,4.03,12.06,9.28,-2.78,14.19,7.11,-7.08,19.68,26.07,6.39,11.94,11.65,-0.29,6.77,5.53,-1.24,0.0,0.0,0.0,1.48,0.66,-0.82,6.71,2.24,-4.47,10.42,23.66,0.38,2936.0,7.9848,-0.6812,0.0343,1.0218,-8.1744,17.5749,18.9033,-0.6339,15.5611,,,,,0,-5.67,-4.75,4.2,-0.5262201607694905,1997-2001→2001-2005
4647,Sunnfjord,2001-2005,2001,2005,Vestland,Vestlandet,5,667,False,10560.0,19.63,25.3,5.67,8.15,13.55,5.4,13.21,9.93,-3.28,18.24,10.65,-7.59,17.05,22.39,5.34,12.88,11.08,-1.8,7.88,5.36,-2.52,0.0,0.0,0.0,0.52,0.8,0.28,2.44,0.94,-1.5,10.74,22.61,2.63,19200.0,9.8627,1.5625,7.6515,-12.2396,27.9688,11.4635,22.8958,-0.1712,21.4969,,,,,1,-6.98,-2.44,3.17,-3.3025322761706164,1997-2001→2001-2005
4648,Bremanger,2001-2005,2001,2005,Vestland,Vestlandet,6,476,False,2377.0,20.99,28.75,7.76,12.2,17.74,5.54,13.0,8.18,-4.82,19.94,9.64,-10.3,10.39,17.47,7.08,16.15,11.99,-4.16,4.12,4.87,0.75,0.0,0.0,0.0,0.21,0.27,0.06,2.99,1.11,-1.88,12.62,20.23,-5.48,4139.0,8.3282,-2.6093,-6.8192,-24.1604,-2.1744,19.0384,19.8599,0.7085,10.93,,,,,0,-7.64,-1.25,3.79,0.48947470170416363,1997-2001→2001-2005
4649,Stad,2001-2005,2001,2005,Vestland,Vestlandet,5,607,False,4901.0,14.26,20.43,6.17,15.22,21.33,6.11,15.28,6.9,-8.38,19.61,8.99,-10.62,16.71,22.67,5.96,10.34,7.76,-2.58,5.06,10.61,5.55,0.0,0.0,0.0,0.29,0.27,-0.02,3.22,1.04,-2.18,12.07,18.87,2.82,8864.0,9.0898,-1.1169,-2.3942,-18.1634,7.6715,14.0005,20.2392,-0.1271,15.7833,,,,,1,-7.01,-0.96,-2.16,-8.135867463730776,1997-2001→2001-2005
4650,Gloppen,2001-2005,2001,2005,Vestland,Vestlandet,5,617,False,3431.0,10.67,14.98,4.31,5.65,9.95,4.3,10.96,5.18,-5.78,25.47,18.12,-7.35,27.43,35.72,8.29,10.64,9.15,-1.49,6.97,5.26,-1.71,0.0,0.0,0.0,0.38,0.72,0.34,1.84,0.92,-0.92,12.59,35.79,11.43,5694.0,8.6472,1.7387,-2.4419,9.1324,9.1324,17.2638,19.4766,-0.3468,20.9437,,,,,0,-7.06,-0.98,1.23,-2.489371244405713,1997-2001→2001-2005
4651,Stryn,2001-2005,2001,2005,Vestland,Vestlandet,5,603,False,3661.0,16.63,20.99,4.36,10.49,16.98,6.49,13.0,9.75,-3.25,19.72,10.74,-8.98,22.56,27.64,5.08,7.92,6.43,-1.49,6.39,5.93,-0.46,0.0,0.0,0.0,0.19,0.36,0.17,3.09,1.18,-1.91,11.57,33.68,-4.5,6774.0,8.8208,1.0186,2.6553,-1.9191,12.548,14.7033,21.6563,-0.0752,15.2665,,,,,0,-6.5,-2.64,4.44,-0.3046826706683854,1997-2001→2001-2005
5001,Trondheim - Tråante,2001-2005,2001,2005,Trøndelag,Trøndelag,2,885,False,88471.0,28.37,38.54,10.17,12.24,17.28,5.04,20.98,15.11,-5.87,7.68,3.93,-3.75,2.51,3.71,1.2,18.49,13.16,-5.33,3.51,4.86,1.35,0.56,0.3,-0.26,1.48,1.53,0.05,4.18,1.57,-2.61,6.24,2.37,0.85,155162.0,11.9522,4.0461,9.5006,18.4775,22.3251,12.0751,24.564,-0.7303,28.6289,,,,,1,-11.23,-1.19,4.21,-3.365011033750611,1997-2001→2001-2005
5006,Steinkjer - Stïentje,2001-2005,2001,2005,Trøndelag,Trøndelag,4,721,False,13038.0,35.36,43.22,7.86,9.4,13.85,4.45,9.7,6.26,-3.44,8.19,2.84,-5.35,17.07,17.02,-0.05,13.78,10.59,-3.19,3.54,5.16,1.62,0.1,0.04,-0.06,0.49,0.47,-0.02,2.38,0.54,-1.84,4.4,24.88,-0.13,23262.0,10.0546,-0.2794,-1.795,0.043,-2.9662,16.3829,19.0826,-0.2645,17.6678,,,,,1,-6.34,-3.36,2.88,-1.581285245021502,1997-2001→2001-2005
5007,Namsos - Nåavmesjenjaelmie,2001-2005,2001,2005,Trøndelag,Trøndelag,4,690,False,8080.0,35.07,39.8,4.73,11.4,16.77,5.37,10.78,7.15,-3.63,10.22,4.93,-5.29,9.18,10.9,1.72,15.87,15.38,-0.49,3.49,3.93,0.44,0.16,0.14,-0.02,0.31,0.33,0.02,3.51,0.66,-2.85,7.09,9.72,1.15,15003.0,9.616,-0.0467,-0.6953,-8.9982,8.6649,14.7437,20.8358,-0.3199,18.1934,,,,,1,-9.28,-4.3,4.24,-0.6190922211526866,1997-2001→2001-2005
5014,Frøya,2001-2005,2001,2005,Trøndelag,Trøndelag,6,531,False,2188.0,27.65,38.71,11.06,15.17,23.38,8.21,13.16,9.26,-3.9,16.27,5.99,-10.28,3.43,6.45,3.02,10.69,7.08,-3.61,3.38,5.32,1.94,0.05,0.08,0.03,0.37,0.59,0.22,9.83,3.14,-6.69,11.23,7.3,3.3,4113.0,8.3219,0.0243,1.405,11.9134,-10.4547,18.6239,20.9093,-0.6851,8.8896,,,,,0,-12.41,-3.27,3.57,-0.690122727752605,1997-2001→2001-2005
5020,Osen,2001-2005,2001,2005,Trøndelag,Trøndelag,6,459,False,651.0,21.04,33.17,12.13,10.29,17.62,7.33,8.91,4.6,-4.31,16.9,5.56,-11.34,18.59,23.02,4.43,11.21,6.35,-4.86,3.69,4.29,0.6,0.15,0.0,-0.15,0.15,0.48,0.33,9.06,4.92,-4.14,11.76,22.82,-5.71,1176.0,7.0699,-10.5442,-13.1296,-64.6259,-40.8163,20.2381,18.9626,-0.4662,8.8727,,,,,0,-7.7,-8.51,3.67,0.8666750071138432,1997-2001→2001-2005
5021,Oppdal,2001-2005,2001,2005,Trøndelag,Trøndelag,5,666,False,3438.0,25.8,32.86,7.06,10.06,17.93,7.87,14.63,9.29,-5.34,17.28,9.32,-7.96,15.71,18.48,2.77,9.89,6.35,-3.54,3.78,4.26,0.48,0.09,0.14,0.05,0.26,0.25,-0.01,2.5,1.13,-1.37,10.64,31.88,-9.81,6327.0,8.7526,2.3076,3.024,17.3858,5.2157,14.9834,19.9937,-0.3997,13.9174,,,,,0,-7.36,-3.95,4.96,-0.283346501173499,1997-2001→2001-2005
5022,Rennebu,2001-2005,2001,2005,Trøndelag,Trøndelag,5,602,False,1575.0,24.7,30.86,6.16,7.24,9.94,2.7,7.37,4.33,-3.04,27.24,15.88,-11.36,18.79,27.05,8.26,8.13,6.65,-1.48,3.56,4.13,0.57,0.0,0.0,0.0,0.25,0.13,-0.12,2.73,1.03,-1.7,10.96,26.57,20.27,2702.0,7.9017,-1.5544,-7.4783,6.2916,-21.8357,19.5411,17.8756,-1.7215,10.9091,,,,,0,-5.96,-5.24,2.17,-1.0596510592094774,1997-2001→2001-2005
5025,Røros - Rosse,2001-2005,2001,2005,Trøndelag,Trøndelag,5,644,False,3227.0,38.52,46.75,8.23,7.34,11.87,4.53,12.74,8.15,-4.59,7.22,2.75,-4.47,8.3,10.03,1.73,16.24,12.72,-3.52,3.04,3.96,0.92,0.19,0.12,-0.07,1.77,1.81,0.04,4.65,1.84,-2.81,6.26,0.0,0.0,5594.0,8.6294,0.7508,4.4284,18.9489,-11.2621,17.626,19.1634,-0.5749,16.3709,,,,,0,-6.94,-4.26,4.73,-0.554181280772192,1997-2001→2001-2005
5026,Holtålen,2001-2005,2001,2005,Trøndelag,Trøndelag,6,524,False,1363.0,43.65,52.01,8.36,6.68,12.0,5.32,6.24,2.63,-3.61,8.14,2.12,-6.02,14.75,19.02,4.27,13.94,8.34,-5.6,1.47,1.54,0.07,0.07,0.07,0.0,0.51,0.51,0.0,4.55,1.76,-2.79,9.59,0.0,0.0,2198.0,7.6953,-3.0027,-9.5844,6.3694,-36.3967,21.4286,17.6979,-2.0571,11.5512,,,,,0,-6.49,-4.14,2.28,-0.19744253070282403,1997-2001→2001-2005
5027,Midtre Gauldal,2001-2005,2001,2005,Trøndelag,Trøndelag,5,657,False,3206.0,30.79,37.17,6.38,7.49,14.51,7.02,7.3,4.96,-2.34,17.44,7.76,-9.68,21.43,25.79,4.36,8.7,4.74,-3.96,3.56,3.95,0.39,0.09,0.03,-0.06,0.31,0.36,0.05,2.9,0.73,-2.17,11.38,24.14,-4.04,5783.0,8.6627,0.2421,-2.2758,11.2398,-7.9543,18.6063,19.2979,-1.5457,11.6249,,,,,0,-4.9,-3.63,1.73,-2.1788797215907842,1997-2001→2001-2005
5028,Melhus,2001-2005,2001,2005,Trøndelag,Trøndelag,3,776,False,7399.0,30.76,37.12,6.36,12.35,20.23,7.88,12.73,9.23,-3.5,13.39,7.56,-5.83,11.84,13.76,1.92,11.3,6.41,-4.89,2.65,3.85,1.2,0.34,0.08,-0.26,0.41,0.5,0.09,4.23,1.26,-2.97,9.8,20.19,-1.25,13302.0,9.4957,5.0744,8.9995,31.7246,19.9218,11.5922,21.914,-0.3237,15.5968,,,,,0,-6.78,-2.84,3.02,-3.105965999179493,1997-2001→2001-2005
5029,Skaun,2001-2005,2001,2005,Trøndelag,Trøndelag,4,746,False,3181.0,28.54,37.47,8.93,11.54,18.72,7.18,11.41,6.71,-4.7,12.07,6.48,-5.59,15.75,16.96,1.21,13.3,8.07,-5.23,2.67,3.92,1.25,0.16,0.09,-0.07,0.5,0.47,-0.03,4.06,1.12,-2.94,8.39,22.83,7.26,5864.0,8.6766,3.3936,5.1691,15.6889,18.0764,12.5171,20.1569,-0.7572,15.4759,,,,,0,-9.25,-2.69,2.18,-3.6518809509374557,1997-2001→2001-2005
5031,Malvik,2001-2005,2001,2005,Trøndelag,Trøndelag,3,807,False,6133.0,35.63,43.0,7.37,13.0,19.28,6.28,17.23,13.63,-3.6,6.85,3.32,-3.53,4.11,5.06,0.95,15.15,9.79,-5.36,3.18,3.81,0.63,0.21,0.17,-0.04,0.44,0.63,0.19,4.21,1.3,-2.91,7.23,4.86,-4.86,11304.0,9.3329,6.9975,16.7696,44.4975,26.1854,9.0499,21.5587,-0.3686,22.0155,,,,,0,-10.42,-1.47,4.51,-3.337844069301414,1997-2001→2001-2005
5032,Selbu,2001-2005,2001,2005,Trøndelag,Trøndelag,5,643,False,2231.0,30.97,36.77,5.8,11.25,17.25,6.0,12.28,9.25,-3.03,9.77,4.31,-5.46,17.35,18.67,1.32,11.21,8.27,-2.94,3.05,3.25,0.2,0.04,0.04,0.0,0.85,0.8,-0.05,3.23,1.38,-1.85,7.32,0.0,0.0,3987.0,8.2908,0.0251,-2.0869,4.5147,-4.013,18.6356,18.8362,-0.7319,14.103,,,,,0,-5.31,-0.91,1.86,-2.873756462612886,1997-2001→2001-2005
5033,Tydal,2001-2005,2001,2005,Trøndelag,Trøndelag,6,519,False,543.0,27.81,32.9,5.09,12.52,17.01,4.49,10.87,4.44,-6.43,4.24,1.48,-2.76,22.28,27.73,5.45,11.05,8.87,-2.18,5.52,5.18,-0.34,0.18,0.18,0.0,0.0,1.11,1.11,5.52,1.11,-4.41,9.94,27.84,-4.3,935.0,6.8405,-3.5294,-7.0103,-25.6684,-8.5561,18.1818,16.3636,1.3304,12.4829,,,,,0,-5.52,-2.93,2.58,-0.9398921849420883,1997-2001→2001-2005
5034,Meråker,2001-2005,2001,2005,Trøndelag,Trøndelag,5,626,False,1374.0,37.99,47.91,9.92,14.92,17.34,2.42,8.73,4.25,-4.48,6.19,1.91,-4.28,9.61,9.84,0.23,15.57,12.6,-2.97,4.0,4.39,0.39,0.15,0.07,-0.08,0.29,0.99,0.7,2.55,0.71,-1.84,2.65,17.46,-5.76,2593.0,7.8606,-1.2727,-6.3985,6.9418,-19.6683,21.0953,17.6629,-2.189,12.654,,,,,0,-10.05,-2.67,3.87,0.32907603141359987,1997-2001→2001-2005
5035,Stjørdal,2001-2005,2001,2005,Trøndelag,Trøndelag,3,802,False,10170.0,32.67,40.44,7.77,10.97,17.12,6.15,15.24,10.29,-4.95,9.96,5.28,-4.68,11.44,11.39,-0.05,12.98,9.55,-3.43,3.58,4.57,0.99,0.19,0.17,-0.02,0.51,0.62,0.11,2.46,0.56,-1.9,6.1,16.24,3.73,18468.0,9.8238,5.9238,11.4898,41.6396,17.0565,12.5352,21.6104,-0.4454,17.6092,,,,,0,-8.64,-2.2,4.78,-1.5067396124772303,1997-2001→2001-2005
5036,Frosta,2001-2005,2001,2005,Trøndelag,Trøndelag,5,657,False,1364.0,26.25,31.77,5.52,8.8,14.29,5.49,9.97,7.46,-2.51,13.71,7.11,-6.6,23.61,26.15,2.54,6.6,6.61,0.01,7.7,4.98,-2.72,0.07,0.28,0.21,0.22,0.36,0.14,3.08,1.0,-2.08,8.03,31.03,3.99,2433.0,7.7969,2.4661,1.5065,28.7711,-4.1102,16.3995,17.8792,-0.3546,12.395,,,,,0,-2.16,-3.49,5.11,0.9183281342174903,1997-2001→2001-2005
5037,Levanger - Levangke,2001-2005,2001,2005,Trøndelag,Trøndelag,4,752,False,9697.0,31.15,40.32,9.17,12.19,14.19,2.0,10.74,7.28,-3.46,12.23,7.05,-5.18,14.23,14.31,0.08,13.91,11.68,-2.23,2.86,3.81,0.95,0.08,0.05,-0.03,0.52,0.62,0.1,2.09,0.68,-1.41,2.08,18.78,-0.57,17457.0,9.7675,3.1162,4.7422,17.2997,13.5762,13.0836,20.3529,-0.301,23.6429,,,,,0,-7.15,-3.03,3.51,-1.8550499776725475,1997-2001→2001-2005
5038,Verdal,2001-2005,2001,2005,Trøndelag,Trøndelag,4,747,False,7215.0,39.14,49.95,10.81,12.17,15.43,3.26,8.75,5.26,-3.49,9.49,3.48,-6.01,11.99,12.57,0.58,13.17,9.11,-4.06,2.31,2.89,0.58,0.07,0.12,0.05,0.61,0.69,0.08,2.3,0.5,-1.8,3.84,17.56,-1.36,13637.0,9.5205,1.3053,0.6777,1.1733,11.6595,13.1114,21.4123,-0.6467,13.5957,,,,,0,-7.89,-3.06,2.64,-2.2305350102268107,1997-2001→2001-2005
5041,Snåase - Snåsa,2001-2005,2001,2005,Trøndelag,Trøndelag,6,561,False,1340.0,25.97,32.82,6.85,6.94,8.02,1.08,6.42,4.05,-2.37,7.24,1.76,-5.48,29.48,33.66,4.18,16.04,13.82,-2.22,3.58,4.81,1.23,0.0,0.15,0.15,0.75,0.53,-0.22,3.58,0.38,-3.2,5.26,26.04,10.9,2358.0,7.7656,-4.1561,-8.2792,-30.9584,-11.0263,17.7693,17.8965,0.5935,15.0543,,,,,0,-7.03,-6.21,1.9,-1.3655534420261235,1997-2001→2001-2005
5042,Lierne,2001-2005,2001,2005,Trøndelag,Trøndelag,6,398,False,800.0,24.38,32.43,8.05,8.5,10.48,1.98,4.25,1.6,-2.65,16.62,6.54,-10.08,25.37,28.11,2.74,13.75,15.41,1.66,4.38,4.81,0.43,0.0,0.0,0.0,0.0,0.12,0.12,2.75,0.49,-2.26,4.72,41.26,2.48,1564.0,7.355,-3.5166,-7.8755,-23.6573,-10.8696,18.9258,18.2225,-0.238,12.3125,,,,,0,-10.06,-3.41,0.68,-2.082167682486162,1997-2001→2001-2005
5043,Raarvihke - Røyrvik,2001-2005,2001,2005,Trøndelag,Trøndelag,6,389,False,322.0,26.4,32.44,6.04,5.9,10.71,4.81,4.97,3.87,-1.1,21.43,8.93,-12.5,15.22,19.35,4.13,19.25,19.64,0.39,4.66,3.87,-0.79,0.0,0.0,0.0,0.0,0.0,0.0,2.17,1.19,-0.98,8.94,0.0,0.0,586.0,6.3733,-7.5085,-26.4586,-76.7918,1.7065,12.628,18.43,2.8702,14.0998,,,,,0,-9.39,-1.02,-0.87,-2.0323578796736643,1997-2001→2001-2005
5044,Namsskogan,2001-2005,2001,2005,Trøndelag,Trøndelag,6,427,False,559.0,29.16,36.02,6.86,8.77,12.19,3.42,4.11,2.87,-1.24,11.27,4.12,-7.15,9.12,12.37,3.25,32.92,29.75,-3.17,0.54,1.43,0.89,0.18,0.0,-0.18,0.0,0.54,0.54,3.94,0.72,-3.22,6.67,0.0,12.81,955.0,6.8617,-1.466,-12.3836,-12.5654,1.0471,19.3717,16.5445,1.0321,11.5288,,,,,0,-15.66,-9.06,2.52,1.2298133534887337,1997-2001→2001-2005
5045,Grong,2001-2005,2001,2005,Trøndelag,Trøndelag,5,593,False,1497.0,28.59,33.78,5.19,8.22,10.54,2.32,6.75,3.9,-2.85,6.01,1.21,-4.8,24.38,29.08,4.7,20.84,17.86,-2.98,3.07,2.62,-0.45,0.0,0.2,0.2,0.27,0.2,-0.07,1.87,0.6,-1.27,7.02,36.6,8.49,2572.0,7.8524,-3.5381,-2.0142,-22.9393,-12.8305,19.2457,17.6516,-1.1482,15.2872,,,,,0,-10.59,-1.3,1.58,-3.147718140707175,1997-2001→2001-2005
5046,Høylandet,2001-2005,2001,2005,Trøndelag,Trøndelag,6,525,False,767.0,30.51,34.76,4.25,4.56,6.27,1.71,4.95,3.01,-1.94,9.65,2.26,-7.39,31.16,35.63,4.47,12.13,11.92,-0.21,4.69,5.65,0.96,0.0,0.13,0.13,0.0,0.13,0.13,2.35,0.25,-2.1,6.18,31.25,11.87,1332.0,7.1944,-6.3814,-8.7783,-63.8138,-6.006,15.8408,20.7958,0.0373,16.0482,,,,,0,-5.44,-3.88,3.02,0.016340619541370227,1997-2001→2001-2005
5047,Overhalla,2001-2005,2001,2005,Trøndelag,Trøndelag,5,611,False,2108.0,28.84,35.12,6.28,7.73,10.48,2.75,7.59,4.77,-2.82,8.25,2.71,-5.54,25.0,25.63,0.63,16.94,16.97,0.03,3.13,3.79,0.66,0.05,0.05,0.0,0.24,0.1,-0.14,2.23,0.39,-1.84,3.38,33.32,3.21,3626.0,8.1959,-4.1368,-7.4547,-39.7132,-1.3789,14.7821,19.9669,-0.0526,16.5666,,,,,0,-7.72,-4.19,3.16,-0.4833885831174811,1997-2001→2001-2005
5049,Flatanger,2001-2005,2001,2005,Trøndelag,Trøndelag,6,475,False,718.0,21.31,25.97,4.66,13.79,19.51,5.72,10.72,7.46,-3.26,12.53,4.88,-7.65,17.83,18.08,0.25,10.31,14.2,3.89,6.82,7.46,0.64,0.0,0.0,0.0,0.28,0.57,0.29,6.41,1.87,-4.54,5.97,27.09,-7.91,1242.0,7.1245,-2.9791,-11.9152,-20.1288,-9.6618,18.1159,17.7939,-0.8545,11.7886,,,,,0,-3.66,-7.01,2.69,-0.0014495498143580754,1997-2001→2001-2005
5052,Leka,2001-2005,2001,2005,Trøndelag,Trøndelag,6,386,False,398.0,23.62,26.49,2.87,8.04,11.43,3.39,4.52,1.3,-3.22,11.06,3.12,-7.94,26.38,33.25,6.87,11.06,16.36,5.3,1.26,2.6,1.34,0.75,0.0,-0.75,0.0,0.52,0.52,13.32,4.94,-8.38,10.26,0.0,0.0,684.0,6.528,-10.9649,-23.875,-86.2573,-20.4678,15.2047,17.8363,4.3356,11.7229,,,,,0,-7.38,-4.16,0.56,-0.4671575601456637,1997-2001→2001-2005
5053,Inderøy,2001-2005,2001,2005,Trøndelag,Trøndelag,4,670,False,3871.0,33.4,39.94,6.54,7.52,10.28,2.76,7.75,5.76,-1.99,10.69,4.94,-5.75,21.0,22.23,1.23,12.84,11.35,-1.49,3.67,4.45,0.78,0.18,0.07,-0.11,0.26,0.45,0.19,2.69,0.52,-2.17,3.99,32.74,-5.3,6728.0,8.814,1.0107,1.2515,8.6207,0.2973,14.3876,19.3371,-0.9238,18.2852,,,,,0,-5.56,-3.5,2.59,-1.7709156737659262,1997-2001→2001-2005
5054,Indre Fosen,2001-2005,2001,2005,Trøndelag,Trøndelag,5,621,False,5313.0,25.0,33.48,8.48,11.91,17.03,5.12,11.91,7.92,-3.99,14.72,7.83,-6.89,18.58,21.88,3.3,9.6,6.29,-3.31,3.18,3.68,0.5,0.08,0.16,0.08,0.41,0.42,0.01,4.61,1.3,-3.31,8.42,25.84,0.4,10019.0,9.2122,-0.7785,0.2825,-12.2767,4.7909,15.7501,21.2197,0.0632,12.4207,,,,,1,-5.49,-5.71,4.1,-0.5918324585655839,1997-2001→2001-2005
5055,Heim,2001-2005,2001,2005,Trøndelag,Trøndelag,5,588,True,3361.17,29.51,40.61,11.1,9.23,16.24,7.01,13.29,8.52,-4.77,14.49,5.66,-8.83,16.32,18.63,2.31,8.72,4.23,-4.49,3.76,4.53,0.77,0.06,0.09,0.03,0.27,0.39,0.12,4.36,1.13,-3.23,9.32,9.69,19.2,6318.213,8.7512,-2.958,-5.8818,-27.9383,-1.6418,15.616,19.1701,0.7094,12.2947,,,,,1,-9.76,-3.22,4.6,0.4495663925320965,1997-2001→2001-2005
5056,Hitra,2001-2005,2001,2005,Trøndelag,Trøndelag,6,551,True,2366.95,22.69,32.31,9.62,17.39,27.75,10.36,15.97,8.57,-7.4,14.01,5.78,-8.23,9.71,12.35,2.64,9.6,6.89,-2.71,2.06,2.61,0.55,0.31,0.3,-0.01,0.82,0.9,0.08,7.45,2.55,-4.9,13.0,16.94,-5.72,4463.528,8.4037,-2.0312,-3.6017,-16.1768,-4.3596,17.9818,19.4643,-0.49,10.7635,,,,,1,-9.52,-6.03,5.19,0.9852965128559177,1997-2001→2001-2005
5057,Ørland,2001-2005,2001,2005,Trøndelag,Trøndelag,5,603,False,5193.0,21.74,30.04,8.3,14.25,23.92,9.67,18.04,11.85,-6.19,11.36,4.51,-6.85,14.58,15.5,0.92,9.69,6.36,-3.33,2.54,3.36,0.82,0.23,0.24,0.01,0.56,0.48,-0.08,7.01,3.73,-3.28,10.59,25.32,4.04,9714.0,9.1813,1.1015,-1.0578,10.1915,0.7206,14.7519,19.7138,0.0429,13.9281,,,,,1,-9.1,-3.56,6.19,1.3016003141685202,1997-2001→2001-2005
5058,Åfjord,2001-2005,2001,2005,Trøndelag,Trøndelag,6,512,False,2592.0,16.74,24.27,7.53,9.49,20.0,10.51,14.47,8.61,-5.86,20.22,10.88,-9.34,20.37,24.23,3.86,8.37,5.52,-2.85,3.09,3.44,0.35,0.0,0.0,0.0,0.31,0.12,-0.19,6.94,2.94,-4.0,14.37,36.28,2.1,4528.0,8.418,-2.5839,-5.9488,-13.2509,-13.03,18.4629,18.9267,0.2857,10.9232,,,,,1,-5.04,-8.34,5.8,1.9509884148149808,1997-2001→2001-2005
5059,Orkland,2001-2005,2001,2005,Trøndelag,Trøndelag,4,728,True,9086.88,33.58,43.59,10.01,10.85,17.35,6.5,11.46,6.31,-5.15,13.1,5.8,-7.3,13.41,14.59,1.18,9.95,5.98,-3.97,4.04,4.88,0.84,0.18,0.12,-0.06,0.34,0.32,-0.02,3.1,1.07,-2.03,7.68,17.11,0.39,16687.259,9.7224,0.4708,0.3985,10.8302,-6.0626,17.0712,19.5778,-0.8946,14.2467,,,,,1,-8.07,-2.19,3.56,-1.1323691129533109,1997-2001→2001-2005
5060,Nærøysund,2001-2005,2001,2005,Trøndelag,Trøndelag,5,581,False,4912.0,23.35,29.61,6.26,11.79,19.33,7.54,10.24,8.8,-1.44,14.31,6.22,-8.09,16.61,18.45,1.84,11.22,9.21,-2.01,3.42,5.3,1.88,0.06,0.12,0.06,0.35,0.37,0.02,8.65,2.58,-6.07,9.38,26.59,-2.6,9243.0,9.1316,0.0325,0.1191,-6.1668,5.6259,15.1141,20.6535,-0.47,11.0628,,,,,1,-10.02,-5.79,3.77,-0.5512909297765209,1997-2001→2001-2005
5061,Rindal,2001-2005,2001,2005,Trøndelag,Trøndelag,5,607,False,1163.0,28.63,35.63,7.0,4.39,7.74,3.35,9.97,5.7,-4.27,14.79,8.33,-6.46,33.1,35.29,2.19,5.59,2.98,-2.61,1.29,3.74,2.45,0.0,0.0,0.0,0.09,0.17,0.08,2.15,0.43,-1.72,5.54,40.44,10.52,2119.0,7.6587,-0.8495,-3.5796,-1.4158,-7.0788,22.4162,18.6409,-0.9979,12.068,,,,,0,-4.08,0.32,2.44,-1.4181026067790943,1997-2001→2001-2005
5501,Tromsø,2001-2005,2001,2005,Troms,Nord-Norge,3,803,False,32168.0,21.55,32.55,11.0,13.24,22.28,9.04,17.17,10.42,-6.75,10.35,4.3,-6.05,3.49,4.18,0.69,19.47,12.63,-6.84,3.08,3.83,0.75,0.16,0.18,0.02,1.29,1.87,0.58,10.19,7.75,-2.44,9.73,3.78,-1.07,60086.0,11.0035,4.1141,12.3608,8.6376,33.0193,8.5727,26.0344,-0.0606,28.6251,,,,,0,-12.95,-3.75,4.44,-3.5501170750080604,1997-2001→2001-2005
5503,Harstad - Hárstták,2001-2005,2001,2005,Troms,Nord-Norge,4,738,False,12597.0,24.02,34.76,10.74,17.54,27.27,9.73,20.57,11.93,-8.64,10.57,3.45,-7.12,5.25,6.17,0.92,12.24,8.1,-4.14,2.43,3.08,0.65,0.21,0.13,-0.08,0.73,1.07,0.34,6.45,4.03,-2.42,10.65,6.08,1.81,23624.0,10.07,0.0804,0.1525,-5.2912,6.6881,12.9275,21.2284,-0.1373,20.6684,,,,,0,-11.81,-2.44,4.35,-1.925223466180931,1997-2001→2001-2005
5510,Kvæfjord,2001-2005,2001,2005,Troms,Nord-Norge,5,587,False,1544.0,23.7,30.58,6.88,11.53,24.66,13.13,12.89,8.02,-4.87,11.72,2.63,-9.09,12.24,12.81,0.57,12.82,10.05,-2.77,4.27,4.85,0.58,0.13,0.06,-0.07,1.1,1.2,0.1,9.59,5.15,-4.44,13.7,18.43,-3.03,3225.0,8.0787,-4.7442,-10.0703,-40.0,-8.6822,13.7984,19.2868,0.2966,15.479,,,,,0,-11.06,-3.55,2.36,-1.4928441530666308,1997-2001→2001-2005
5512,Dielddanuorri - Tjeldsund,2001-2005,2001,2005,Troms,Nord-Norge,6,542,False,2570.0,22.65,35.74,13.09,16.89,26.62,9.73,17.43,9.39,-8.04,12.1,3.57,-8.53,6.81,7.81,1.0,8.91,7.09,-1.82,5.6,3.17,-2.43,0.12,0.12,0.0,0.39,0.55,0.16,9.11,5.94,-3.17,10.73,16.57,-7.55,4557.0,8.4244,-3.9939,-10.8417,-31.8192,-8.1194,17.2262,19.7718,-0.2205,13.5979,,,,,1,-9.17,-6.19,5.95,2.318319376542078,1997-2001→2001-2005
5514,Ibestad,2001-2005,2001,2005,Troms,Nord-Norge,6,447,False,1027.0,22.78,31.55,8.77,15.09,25.36,10.27,14.51,8.87,-5.64,14.9,5.36,-9.54,9.44,11.34,1.9,7.69,4.54,-3.15,2.24,2.89,0.65,0.1,0.1,0.0,0.0,0.31,0.31,13.24,9.69,-3.55,12.17,9.62,-9.62,1724.0,7.4524,-4.3503,-19.7957,6.3805,-49.3039,26.0441,15.8933,-1.605,10.9756,,,,,0,-8.9,-4.73,3.61,1.8820744101923346,1997-2001→2001-2005
5516,Gratangen - Rivtták,2001-2005,2001,2005,Troms,Nord-Norge,6,509,False,756.0,24.34,40.54,16.2,14.29,17.48,3.19,8.86,5.01,-3.85,13.49,5.44,-8.05,13.62,14.33,0.71,11.11,8.17,-2.94,1.06,1.15,0.09,0.0,0.0,0.0,0.93,0.86,-0.07,12.3,7.02,-5.28,3.9,39.44,-7.16,1307.0,7.1755,-2.9839,-10.452,-14.5371,-17.5976,22.2647,17.4445,-0.8136,10.7547,,,,,0,-11.15,-5.89,1.54,-1.3071847959129776,1997-2001→2001-2005
5518,Loabák - Lavangen,2001-2005,2001,2005,Troms,Nord-Norge,6,517,False,649.0,29.43,40.67,11.24,13.56,19.57,6.01,14.64,6.12,-8.52,14.48,6.57,-7.91,6.01,14.98,8.97,8.63,4.89,-3.74,0.77,1.53,0.76,0.0,0.0,0.0,0.15,0.15,0.0,12.33,5.5,-6.83,14.98,10.29,29.15,1031.0,6.9383,-0.194,-7.8782,8.7294,-10.6693,21.0475,17.4588,-0.7365,12.8725,,,,,0,-9.13,-7.97,4.89,1.5780486821140691,1997-2001→2001-2005
5520,Bardu,2001-2005,2001,2005,Troms,Nord-Norge,5,597,False,2151.0,25.89,34.13,8.24,12.88,21.52,8.64,21.66,12.24,-9.42,7.72,2.74,-4.98,13.9,16.55,2.65,8.93,5.65,-3.28,2.14,3.14,1.0,0.05,0.13,0.08,0.6,0.45,-0.15,6.23,3.45,-2.78,11.29,22.86,6.26,3845.0,8.2545,0.7542,1.096,-11.1834,19.5059,12.3537,25.3836,0.3722,20.5657,,,,,0,-12.83,-1.77,6.66,1.1225073641897758,1997-2001→2001-2005
5522,Salangen,2001-2005,2001,2005,Troms,Nord-Norge,6,552,False,1235.0,22.67,30.38,7.71,11.17,15.66,4.49,11.9,4.75,-7.15,10.36,3.32,-7.04,17.09,31.88,14.79,14.66,8.23,-6.43,1.3,1.58,0.28,0.0,0.08,0.08,0.57,0.4,-0.17,10.28,3.72,-6.56,19.28,29.47,13.89,2358.0,7.7656,-4.8346,-10.4192,-29.6862,-19.084,14.631,19.8473,-1.1729,15.7219,,,,,0,-12.77,-3.47,3.99,0.4854670087334978,1997-2001→2001-2005
5524,Målselv,2001-2005,2001,2005,Troms,Nord-Norge,5,576,False,3622.0,20.29,34.37,14.08,12.62,22.62,10.0,20.1,8.45,-11.65,8.78,2.95,-5.83,17.86,16.41,-1.45,10.22,7.1,-3.12,3.53,3.9,0.37,0.19,0.0,-0.19,0.52,0.53,0.01,5.88,3.68,-2.2,8.55,18.95,-5.39,7011.0,8.8552,-5.0349,-7.5535,-63.1864,13.8354,13.379,24.8895,0.1236,20.7894,,,,,0,-10.49,3.37,7.36,2.878232072980122,1997-2001→2001-2005
5526,Sørreisa,2001-2005,2001,2005,Troms,Nord-Norge,5,610,False,1798.0,27.59,42.02,14.43,14.07,22.78,8.71,15.46,7.74,-7.72,13.01,5.1,-7.91,7.45,8.28,0.83,12.12,6.88,-5.24,1.39,1.72,0.33,0.17,0.11,-0.06,0.17,0.21,0.04,8.57,5.16,-3.41,9.54,11.88,-5.93,3277.0,8.0947,1.6173,-4.1175,14.0372,1.8309,13.549,19.6216,-0.6361,14.887,,,,,0,-12.0,-3.95,5.1,0.5793599552565087,1997-2001→2001-2005
5528,Dyrøy,2001-2005,2001,2005,Troms,Nord-Norge,6,496,False,768.0,23.7,32.55,8.85,14.06,20.87,6.81,6.64,2.76,-3.88,19.14,7.35,-11.79,11.72,14.04,2.32,10.81,9.32,-1.49,1.04,1.71,0.67,0.0,0.13,0.13,0.26,0.39,0.13,12.63,10.89,-1.74,9.13,17.86,-1.35,1318.0,7.1839,-2.2762,-12.2616,6.0698,-30.349,21.3961,15.7815,-0.8215,12.8913,,,,,0,-10.02,-7.72,2.07,0.3346088719024083,1997-2001→2001-2005
5530,Senja,2001-2005,2001,2005,Troms,Nord-Norge,5,611,False,8029.0,21.77,32.09,10.32,15.0,23.97,8.97,12.98,7.37,-5.61,15.29,6.15,-9.14,6.0,8.86,2.86,10.67,6.16,-4.51,1.31,3.07,1.76,0.05,0.09,0.04,0.34,0.6,0.26,16.59,11.65,-4.94,11.83,11.89,-3.56,15069.0,9.6204,-2.3558,-3.1081,-27.3409,4.2471,14.6924,20.5389,0.2933,13.3622,,,,,1,-13.81,-8.07,4.74,0.24503301252021004,1997-2001→2001-2005
5532,Balsfjord,2001-2005,2001,2005,Troms,Nord-Norge,6,557,False,3088.0,22.34,31.94,9.6,12.53,22.82,10.29,9.03,5.67,-3.36,13.6,4.89,-8.71,13.6,13.66,0.06,12.82,8.15,-4.67,1.65,2.05,0.4,0.1,0.16,0.06,0.29,0.39,0.1,14.02,10.27,-3.75,10.35,20.74,-2.49,5742.0,8.6556,-3.1696,-8.6278,-19.3312,-13.41,15.8656,18.4779,1.1488,9.4253,,,,,0,-9.39,-8.19,3.46,0.44750657872590294,1997-2001→2001-2005
5534,Karlsøy,2001-2005,2001,2005,Troms,Nord-Norge,6,452,False,1371.0,14.73,28.3,13.57,10.14,17.67,7.53,5.03,2.81,-2.22,7.66,2.74,-4.92,3.57,4.77,1.2,8.53,5.47,-3.06,0.58,1.8,1.22,0.29,0.08,-0.21,0.29,0.23,-0.06,49.16,36.12,-13.04,8.73,32.16,-22.46,2465.0,7.8099,-3.7728,-9.1536,-25.5578,-11.359,15.497,19.0669,0.6076,8.2998,,,,,0,-19.97,-19.24,0.28,-2.36962119582629,1997-2001→2001-2005
5536,Lyngen - Ivgu - Yykeä,2001-2005,2001,2005,Troms,Nord-Norge,6,486,False,1753.0,22.65,32.85,10.2,12.72,20.1,7.38,8.96,5.46,-3.5,16.14,6.57,-9.57,8.1,7.63,-0.47,13.86,10.08,-3.78,0.86,1.45,0.59,0.0,0.11,0.11,0.23,0.39,0.16,16.49,15.37,-1.12,6.91,9.91,-1.22,3193.0,8.0687,-1.0961,-9.2268,-1.2527,-9.0824,16.2856,20.2944,-0.0095,11.3663,,,,,0,-10.86,-9.05,3.02,0.42884125769280734,1997-2001→2001-2005
5538,Storfjord - Omasvuotna - Omasvuono,2001-2005,2001,2005,Troms,Nord-Norge,6,516,False,1002.0,22.46,32.44,9.98,13.87,21.29,7.42,7.78,3.69,-4.09,14.27,4.52,-9.75,8.18,12.07,3.89,17.17,11.71,-5.46,1.7,1.29,-0.41,0.3,0.18,-0.12,0.2,0.55,0.35,14.07,12.26,-1.81,11.31,14.2,8.07,1856.0,7.5262,4.2026,-0.2579,42.0259,2.1552,13.0388,21.8211,-0.4742,12.8188,,,,,0,-8.83,-8.64,2.68,-1.1785702758310257,1997-2001→2001-2005
5540,Gáivuotna - Kåfjord - Kaivuono,2001-2005,2001,2005,Troms,Nord-Norge,6,431,False,1276.0,15.05,32.65,17.6,15.44,16.8,1.36,4.15,1.35,-2.8,24.22,7.53,-16.69,7.68,8.64,0.96,13.4,7.69,-5.71,1.02,1.58,0.56,0.39,0.87,0.48,0.47,1.19,0.72,18.18,21.71,3.53,2.32,13.58,-5.36,2311.0,7.7454,-0.9952,-14.5312,3.029,-12.9814,15.7508,19.6019,0.4643,10.9325,,,,,0,-10.43,-9.79,2.29,0.9791564830170625,1997-2001→2001-2005
5542,Skjervøy,2001-2005,2001,2005,Troms,Nord-Norge,6,556,False,1502.0,15.25,21.72,6.47,10.45,16.25,5.8,8.85,3.55,-5.3,25.43,5.72,-19.71,4.86,5.17,0.31,12.25,7.04,-5.21,1.4,1.08,-0.32,0.0,0.0,0.0,0.47,0.72,0.25,21.04,38.75,17.71,6.11,5.53,3.78,2996.0,8.005,0.2336,-2.5316,-7.0093,9.3458,12.3498,22.0628,0.6039,11.4398,,,,,0,-13.35,-8.05,2.14,-2.085987649445977,1997-2001→2001-2005
5544,Nordreisa - Ráisa - Raisi,2001-2005,2001,2005,Troms,Nord-Norge,5,570,False,2490.0,22.37,32.18,9.81,16.18,24.74,8.56,10.08,5.16,-4.92,18.19,5.93,-12.26,6.99,9.6,2.61,13.73,8.94,-4.79,1.08,1.81,0.73,0.08,0.23,0.15,0.48,0.35,-0.13,10.8,11.06,0.26,11.17,9.17,0.82,4816.0,8.4797,-1.495,-3.2824,-10.7973,-4.5681,14.0158,21.4701,0.297,15.0289,,,,,0,-13.74,-9.41,3.54,-1.0333818779311859,1997-2001→2001-2005
5546,Kvænangen,2001-2005,2001,2005,Troms,Nord-Norge,6,438,False,795.0,20.13,30.9,10.77,12.7,16.82,4.12,10.94,5.48,-5.46,23.65,6.78,-16.87,5.91,8.34,2.43,9.18,5.87,-3.31,0.63,1.43,0.8,0.13,0.13,0.0,0.13,0.65,0.52,16.6,23.6,7.0,6.55,6.71,-0.32,1427.0,7.2633,-1.822,-12.5468,3.5039,-27.3301,19.131,17.4492,0.1409,10.92,,,,,0,-10.78,-11.97,1.83,-0.8253048077338003,1997-2001→2001-2005
5601,Alta,2001-2005,2001,2005,Finnmark,Nord-Norge,4,713,False,8079.0,20.78,30.51,9.73,11.1,19.85,8.75,14.52,8.7,-5.82,14.12,6.03,-8.09,2.55,5.78,3.23,27.22,21.62,-5.6,1.67,2.66,0.99,0.14,0.0,-0.14,0.72,0.85,0.13,7.18,3.99,-3.19,11.98,4.3,0.16,17079.0,9.7456,3.2145,7.8957,-3.5716,35.9506,8.5485,24.738,0.3124,20.5339,,,,,0,-4.39,-3.56,6.96,0.4615175505250617,1997-2001→2001-2005
5603,Hammerfest - Hámmerfeasta,2001-2005,2001,2005,Finnmark,Nord-Norge,4,682,False,5243.0,35.9,46.67,10.77,9.27,17.89,8.62,20.03,11.63,-8.4,6.87,2.83,-4.04,2.27,3.04,0.77,16.35,9.51,-6.84,0.82,1.79,0.97,0.06,0.0,-0.06,1.18,1.31,0.13,7.27,5.32,-1.95,9.39,2.79,-0.45,10276.0,9.2376,0.6325,-4.4182,-6.1308,12.9428,11.5317,23.2094,-0.0822,19.4673,,,,,1,-8.13,-4.48,7.15,2.1558501727911246,1997-2001→2001-2005
5605,Sør-Varanger,2001-2005,2001,2005,Finnmark,Nord-Norge,5,634,False,4792.0,29.15,43.22,14.07,10.62,20.24,9.62,17.2,8.98,-8.22,7.97,2.51,-5.46,6.53,7.58,1.05,19.47,12.38,-7.09,1.75,2.07,0.32,0.04,0.0,-0.04,0.94,0.74,-0.2,6.32,2.27,-4.05,10.67,9.28,3.64,9498.0,9.1588,-0.3685,-4.5395,-11.4761,7.2647,12.9501,23.3312,-0.3114,19.3103,,,,,0,-8.97,0.55,-1.7,-7.462046708566424,1997-2001→2001-2005
5607,Vadsø,2001-2005,2001,2005,Finnmark,Nord-Norge,5,641,False,3287.0,28.05,42.99,14.94,7.73,15.03,7.3,17.8,12.24,-5.56,10.86,4.48,-6.38,3.41,4.32,0.91,22.94,13.16,-9.78,1.98,2.39,0.41,0.09,0.0,-0.09,0.88,1.04,0.16,6.27,4.35,-1.92,8.21,2.81,0.08,6167.0,8.727,0.227,-3.6477,-9.0806,12.1615,10.7021,23.4798,0.2346,22.5132,,,,,0,-10.1,0.04,2.51,-3.467306480508052,1997-2001→2001-2005
5610,Kárásjohka - Karasjok,2001-2005,2001,2005,Finnmark,Nord-Norge,6,554,False,1375.0,28.58,41.09,12.51,4.29,9.23,4.94,8.8,4.33,-4.47,21.24,4.33,-16.91,7.56,8.66,1.1,4.51,3.69,-0.82,4.51,2.77,-1.74,0.15,0.0,-0.15,1.16,0.35,-0.81,19.2,25.55,6.35,6.04,8.55,1.47,2877.0,7.9645,-0.0348,3.1564,-22.2454,22.593,9.6976,22.593,1.5333,22.3144,,,,,0,-14.34,-18.09,4.33,-0.7170431793543406,1997-2001→2001-2005
5612,Guovdageaidnu - Kautokeino,2001-2005,2001,2005,Finnmark,Nord-Norge,6,495,False,1486.0,15.95,31.42,15.47,5.25,9.94,4.69,14.33,13.43,-0.9,26.24,9.29,-16.95,5.59,9.0,3.41,2.89,5.59,2.7,5.65,6.75,1.1,0.07,0.0,-0.07,1.21,1.02,-0.19,22.81,13.57,-9.24,8.1,9.96,6.02,3076.0,8.0314,-2.5683,-4.5845,-51.6905,26.3329,7.7048,26.9831,0.7703,18.6066,,,,,0,-11.03,-27.19,8.91,4.310004021773053,1997-2001→2001-2005
5614,Loppa,2001-2005,2001,2005,Finnmark,Nord-Norge,6,351,False,742.0,22.24,35.83,13.59,10.78,16.74,5.96,10.51,4.26,-6.25,14.15,2.79,-11.36,4.04,6.17,2.13,13.88,13.07,-0.81,0.4,2.35,1.95,0.4,0.0,-0.4,0.67,0.88,0.21,22.91,17.91,-5.0,8.09,14.74,-14.74,1421.0,7.2591,-10.9078,-18.4278,-99.2259,-7.0373,16.2562,19.7748,1.9113,11.0717,,,,,0,-13.89,-12.14,6.5,4.832426193500052,1997-2001→2001-2005
5616,Hasvik,2001-2005,2001,2005,Finnmark,Nord-Norge,6,351,False,612.0,31.54,47.53,15.99,12.25,14.63,2.38,10.29,4.02,-6.27,10.29,2.93,-7.36,5.72,11.7,5.98,12.42,7.86,-4.56,0.65,0.91,0.26,0.0,0.0,0.0,0.49,0.37,-0.12,16.34,10.05,-6.29,8.36,17.94,34.73,1204.0,7.0934,-12.8738,-21.3643,-124.5847,-4.9834,13.3721,24.6678,2.3572,10.4723,,,,,0,-11.19,-12.45,5.2,3.0502168729655827,1997-2001→2001-2005
5618,Måsøy,2001-2005,2001,2005,Finnmark,Nord-Norge,6,397,False,756.0,25.53,39.97,14.44,7.14,16.93,9.79,9.52,9.39,-0.13,8.99,1.71,-7.28,12.57,8.25,-4.32,19.44,10.95,-8.49,0.53,1.71,1.18,0.0,0.0,0.0,0.26,0.57,0.31,16.01,10.53,-5.48,5.47,24.47,0.57,1469.0,7.2923,-5.1736,-19.0116,-34.0368,-17.6991,15.7931,18.9925,1.077,10.2159,,,,,0,-11.6,-7.53,4.37,3.147562822058073,1997-2001→2001-2005
5620,Nordkapp,2001-2005,2001,2005,Finnmark,Nord-Norge,6,525,False,1825.0,28.77,44.83,16.06,8.16,15.88,7.72,16.49,8.79,-7.7,9.1,2.06,-7.04,4.27,5.2,0.93,18.03,12.11,-5.92,0.55,1.88,1.33,0.16,0.0,-0.16,0.44,0.86,0.42,14.03,8.4,-5.63,8.65,6.18,1.4,3505.0,8.1619,-2.5678,-12.7491,-17.9743,-7.9886,15.0642,21.1983,-0.6279,13.3858,,,,,0,-15.16,-4.96,6.3,3.201715014881958,1997-2001→2001-2005
5622,Porsanger - Porsángu - Porsanki,2001-2005,2001,2005,Finnmark,Nord-Norge,6,543,False,2189.0,22.2,39.82,17.62,18.18,20.55,2.37,19.46,12.51,-6.95,10.28,3.06,-7.22,6.26,8.13,1.87,15.49,11.1,-4.39,1.37,1.1,-0.27,0.09,0.0,-0.09,0.87,0.73,-0.14,5.8,3.01,-2.79,4.24,13.76,-4.95,4358.0,8.3798,-1.3538,-3.6315,-27.5356,13.5383,11.106,23.084,0.5944,18.8212,,,,,0,-11.71,-6.77,7.3,2.758044448484612,1997-2001→2001-2005
5624,Lebesby,2001-2005,2001,2005,Finnmark,Nord-Norge,6,430,False,751.0,21.7,38.41,16.71,10.92,17.74,6.82,12.65,6.28,-6.37,16.25,3.91,-12.34,4.13,7.12,2.99,19.31,12.29,-7.02,1.46,1.4,-0.06,0.0,0.0,0.0,1.2,1.26,0.06,12.38,11.59,-0.79,9.81,0.0,14.33,1524.0,7.3291,-6.168,-9.379,-68.8976,7.874,13.9108,21.3255,0.1452,10.7705,,,,,0,-13.61,-4.57,4.96,2.1170041481014983,1997-2001→2001-2005
5626,Gamvik,2001-2005,2001,2005,Finnmark,Nord-Norge,6,407,False,654.0,32.72,49.66,16.94,13.0,14.86,1.86,7.49,4.73,-2.76,10.09,4.39,-5.7,3.82,4.56,0.74,15.9,10.14,-5.76,1.22,1.52,0.3,0.0,0.0,0.0,0.46,0.51,0.05,15.29,9.63,-5.66,2.6,0.0,0.0,1269.0,7.146,-12.2143,-23.4364,-112.6872,-7.0922,13.4752,23.7195,0.5284,11.1646,,,,,0,-16.85,-6.01,3.07,0.558577386257209,1997-2001→2001-2005
5628,Deatnu - Tana,2001-2005,2001,2005,Finnmark,Nord-Norge,6,490,False,1575.0,25.02,39.63,14.61,13.08,18.81,5.73,14.29,8.18,-6.11,17.59,5.28,-12.31,7.94,12.44,4.5,11.05,6.19,-4.86,1.65,2.06,0.41,0.13,0.0,-0.13,0.32,0.26,-0.06,8.95,7.15,-1.8,10.23,9.37,-2.69,3044.0,8.0209,-0.23,-7.1822,-8.8699,5.9133,12.8778,22.4376,0.5894,14.7528,,,,,0,-5.27,-8.44,0.9,-3.347708165622778,1997-2001→2001-2005
5630,Berlevåg,2001-2005,2001,2005,Finnmark,Nord-Norge,6,426,False,592.0,24.32,44.16,19.84,7.94,17.21,9.27,17.57,7.63,-9.94,10.47,1.62,-8.85,1.35,2.76,1.41,20.44,13.64,-6.8,0.68,0.65,-0.03,0.0,0.0,0.0,0.34,0.16,-0.18,16.89,12.18,-4.71,10.68,0.0,0.0,1212.0,7.1,-6.5182,-14.426,-66.8317,0.8251,16.2541,20.3795,0.0742,10.2429,,,,,0,-15.8,-7.14,7.91,4.766212085800509,1997-2001→2001-2005
5632,Båtsfjord,2001-2005,2001,2005,Finnmark,Nord-Norge,6,538,False,1093.0,33.21,53.36,20.15,14.09,16.45,2.36,17.2,9.53,-7.67,6.5,1.87,-4.63,2.29,3.18,0.89,14.09,7.29,-6.8,0.82,0.93,0.11,0.0,0.0,0.0,0.73,0.37,-0.36,11.07,7.01,-4.06,3.25,0.0,0.0,2451.0,7.8043,-10.8527,-14.2128,-130.967,21.6238,9.2207,27.7438,1.3056,9.4636,,,,,0,-14.92,-1.71,3.79,-1.9934916780110443,1997-2001→2001-2005
5634,Vardø,2001-2005,2001,2005,Finnmark,Nord-Norge,6,515,False,1251.0,29.02,49.64,20.62,13.67,18.19,4.52,14.71,5.42,-9.29,7.27,1.94,-5.33,2.0,3.48,1.48,16.71,8.89,-7.82,2.4,2.18,-0.22,0.08,0.0,-0.08,0.48,0.24,-0.24,13.67,10.02,-3.65,6.0,0.0,0.0,2694.0,7.8988,-12.1752,-21.3953,-106.9042,-14.4766,15.2561,23.3111,0.9738,11.7727,,,,,0,-10.33,-2.25,3.56,0.14907708246317997,1997-2001→2001-2005
5636,Unjárga - Nesseby,2001-2005,2001,2005,Finnmark,Nord-Norge,6,476,False,555.0,29.55,40.69,11.14,15.14,19.16,4.02,9.37,5.29,-4.08,16.4,5.47,-10.93,5.59,8.39,2.8,10.27,11.5,1.23,1.62,1.64,0.02,0.18,0.0,-0.18,0.72,0.73,0.01,11.17,7.12,-4.05,6.82,0.0,0.0,963.0,6.8701,-6.4382,-14.0267,-43.6137,-18.6916,17.6532,18.0685,2.1027,14.717,,,,,0,-8.72,-9.39,1.05,-2.149385197958952,1997-2001→2001-2005
0301,Oslo - Oslove,2005-2009,2005,2009,Oslo,Oslo/Akershus,1,1000,False,308834.0,31.49,35.0,3.51,17.25,17.63,0.38,19.79,21.66,1.87,3.62,2.72,-0.9,1.06,0.97,-0.09,13.42,10.28,-3.14,9.27,6.43,-2.84,0.22,0.57,0.35,3.0,4.0,1.0,0.88,0.75,-0.13,0.29,0.0,0.81,529846.0,13.1803,8.6117,14.4388,50.9072,36.3407,11.6628,27.8364,-1.3152,37.2198,284000.0,,,,0,9.08,0.37,-9.27,0.2507713196119479,2001-2005→2005-2009
1101,Eigersund,2005-2009,2005,2009,Rogaland,Vestlandet,4,747,False,7302.0,26.51,26.13,-0.38,23.01,28.01,5.0,14.8,17.18,2.38,11.72,11.09,-0.63,6.82,5.55,-1.27,4.44,3.0,-1.44,10.79,7.59,-3.2,0.04,0.15,0.11,0.23,0.33,0.1,1.63,0.98,-0.65,3.73,8.26,-2.24,13408.0,9.5036,4.1841,6.5604,25.1342,16.5573,12.4627,20.4952,-0.0137,16.0487,363000.0,,,,0,4.5,2.61,-7.21,0.2609247920232134,2001-2005→2005-2009
1103,Stavanger,2005-2009,2005,2009,Rogaland,Vestlandet,2,890,False,67621.0,28.13,29.64,1.51,22.48,22.08,-0.4,18.48,23.12,4.64,8.5,7.43,-1.07,3.33,2.98,-0.35,8.49,6.91,-1.58,8.36,5.99,-2.37,0.19,0.34,0.15,0.74,0.57,-0.17,1.3,0.94,-0.36,-0.75,2.88,0.01,120113.0,11.6962,6.8061,12.6391,36.857,31.3788,11.0121,23.7518,-0.5973,30.2868,350441.6869,,,,1,8.31,0.81,-8.94,0.12215286397177749,2001-2005→2005-2009
1106,Haugesund,2005-2009,2005,2009,Rogaland,Vestlandet,3,836,False,17616.0,29.25,30.6,1.35,29.44,28.75,-0.69,16.68,21.82,5.14,6.89,6.03,-0.86,2.24,1.99,-0.25,6.58,4.19,-2.39,6.13,3.91,-2.22,0.14,0.29,0.15,0.63,0.52,-0.11,2.03,1.87,-0.16,-0.94,1.61,-0.28,31530.0,10.3587,6.7713,12.6372,54.6781,13.0986,13.771,22.347,-1.0011,23.5856,307000.0,,,,0,8.13,1.02,-7.18,0.8024452450935824,2001-2005→2005-2009
1108,Sandnes,2005-2009,2005,2009,Rogaland,Vestlandet,2,882,False,32095.0,24.42,25.85,1.43,26.52,27.61,1.09,15.92,20.09,4.17,12.67,10.95,-1.72,4.82,4.31,-0.51,6.36,4.56,-1.8,7.12,4.62,-2.5,0.18,0.23,0.05,0.49,0.45,-0.04,1.5,1.31,-0.19,0.58,5.59,-0.56,58720.0,10.9805,9.954,21.6097,60.5926,38.8624,9.7037,22.391,-0.3224,23.1135,388947.8941,,,,1,6.54,0.63,-8.25,-0.25027162776167877,2001-2005→2005-2009
1111,Sokndal,2005-2009,2005,2009,Rogaland,Vestlandet,5,652,False,1927.0,23.87,24.72,0.85,29.06,29.61,0.55,9.03,11.8,2.77,19.56,19.72,0.16,6.38,5.58,-0.8,3.89,2.6,-1.29,6.54,3.4,-3.14,0.05,0.48,0.43,0.05,0.11,0.06,1.56,1.97,0.41,-0.25,8.0,-2.04,3309.0,8.1044,-1.9039,-4.3606,-21.4566,2.4176,17.256,18.9785,-0.7741,11.2135,324000.0,,,,0,6.23,1.25,-7.51,-1.6436126844626218,2001-2005→2005-2009
1112,Lund,2005-2009,2005,2009,Rogaland,Vestlandet,5,625,False,1743.0,18.53,24.48,5.95,27.19,29.63,2.44,8.15,10.42,2.27,20.94,18.46,-2.48,12.91,9.72,-3.19,3.61,1.68,-1.93,6.25,3.7,-2.55,0.11,0.12,0.01,0.29,0.23,-0.06,2.01,1.56,-0.45,-0.75,16.67,1.3,3129.0,8.0485,-0.5753,0.6145,-23.0105,17.5775,13.6146,20.1981,0.5288,15.0538,361000.0,,,,0,1.77,1.6,-6.64,-1.353866985720198,2001-2005→2005-2009
1114,Bjerkreim,2005-2009,2005,2009,Rogaland,Vestlandet,4,687,False,1450.0,11.03,14.27,3.24,17.1,16.75,-0.35,9.24,13.16,3.92,22.55,22.95,0.4,29.03,25.78,-3.25,2.21,1.52,-0.69,7.1,4.34,-2.76,0.14,0.62,0.48,0.07,0.21,0.14,1.52,0.41,-1.11,-3.6,34.44,-3.37,2463.0,7.8091,4.7503,5.1345,34.5108,12.9923,12.7893,20.3004,-1.0063,12.8302,410000.0,,,,0,3.83,5.81,-3.56,1.0775625351208151,2001-2005→2005-2009
1119,Hå,2005-2009,2005,2009,Rogaland,Vestlandet,4,773,False,8103.0,15.07,17.59,2.52,24.95,26.63,1.68,10.45,13.59,3.14,23.02,21.61,-1.41,15.46,13.93,-1.53,3.95,2.91,-1.04,4.89,1.92,-2.97,0.07,0.21,0.14,0.21,0.08,-0.13,1.93,1.53,-0.4,0.15,18.19,-6.44,14784.0,9.6013,7.8801,16.2209,38.8934,40.1109,10.0582,22.5514,-0.0387,14.5264,383000.0,,,,0,3.19,2.4,-3.93,1.0922382520062404,2001-2005→2005-2009
1120,Klepp,2005-2009,2005,2009,Rogaland,Vestlandet,3,851,False,7778.0,17.97,19.22,1.25,29.43,30.47,1.04,13.85,17.95,4.1,15.09,14.1,-0.99,11.42,10.88,-0.54,4.13,2.77,-1.36,6.3,3.19,-3.11,0.18,0.23,0.05,0.3,0.33,0.03,1.34,0.85,-0.49,0.5,16.18,-3.64,14536.0,9.5844,12.4794,20.682,83.9983,41.4832,8.6062,21.003,0.0238,16.4024,397000.0,,,,0,4.85,1.56,-6.3,0.4696049159315958,2001-2005→2005-2009
1121,Time,2005-2009,2005,2009,Rogaland,Vestlandet,3,836,False,8444.0,22.03,25.48,3.45,23.05,22.47,-0.58,13.19,17.16,3.97,16.6,14.99,-1.61,10.29,10.1,-0.19,5.52,4.25,-1.27,7.39,4.13,-3.26,0.08,0.14,0.06,0.43,0.22,-0.21,1.42,1.06,-0.36,-0.77,15.3,-3.5,14461.0,9.5792,9.5083,20.8855,55.0446,39.2781,9.8264,22.5987,-0.0197,21.902,397000.0,,,,0,5.39,0.61,-6.08,0.4290972614596651,2001-2005→2005-2009
1122,Gjesdal,2005-2009,2005,2009,Rogaland,Vestlandet,3,792,False,5021.0,23.4,24.46,1.06,25.07,25.76,0.69,11.39,14.43,3.04,17.59,18.31,0.72,10.06,9.69,-0.37,4.96,3.52,-1.44,5.66,2.87,-2.79,0.12,0.28,0.16,0.24,0.15,-0.09,1.51,0.54,-0.97,0.32,10.41,0.52,9273.0,9.1349,7.5057,13.9705,38.9302,36.0185,7.4949,21.4925,-0.423,16.5195,419000.0,,,,0,5.25,2.36,-6.97,-0.7220175906825173,2001-2005→2005-2009
1124,Sola,2005-2009,2005,2009,Rogaland,Vestlandet,2,878,False,10811.0,19.69,21.82,2.13,32.41,31.89,-0.52,18.73,23.74,5.01,11.09,9.24,-1.85,4.55,4.11,-0.44,5.22,3.29,-1.93,6.83,4.25,-2.58,0.09,0.27,0.18,0.33,0.3,-0.03,1.05,1.09,0.04,-0.96,5.68,-1.77,19832.0,9.8951,11.315,18.0156,73.215,39.6329,8.8392,20.2501,0.2747,22.8971,436000.0,,,,0,6.27,0.35,-9.41,-0.12391778080403171,2001-2005→2005-2009
1127,Randaberg,2005-2009,2005,2009,Rogaland,Vestlandet,3,867,False,5134.0,23.92,24.85,0.93,24.66,25.75,1.09,16.3,20.99,4.69,16.23,14.61,-1.62,6.17,4.99,-1.18,4.25,3.37,-0.88,6.72,4.28,-2.44,0.06,0.15,0.09,0.39,0.27,-0.12,1.31,0.73,-0.58,-0.09,7.5,0.18,9099.0,9.1159,8.4405,12.8818,48.9065,35.8281,8.3745,19.145,1.0305,22.0476,447000.0,,,,0,8.47,0.55,-7.56,0.38853140646649553,2001-2005→2005-2009
1130,Strand,2005-2009,2005,2009,Rogaland,Vestlandet,3,787,False,5848.0,21.9,22.94,1.04,26.97,29.02,2.05,10.52,14.67,4.15,20.23,18.75,-1.48,6.86,6.08,-0.78,5.27,4.17,-1.1,6.0,2.56,-3.44,0.09,0.28,0.19,0.31,0.22,-0.09,1.86,1.31,-0.55,1.27,8.7,2.51,10441.0,9.2535,5.7849,10.7935,32.4682,24.1356,11.6751,21.5975,-0.1948,16.2955,395000.0,,,,0,5.98,1.15,-5.85,-0.18653793100997174,2001-2005→2005-2009
1133,Hjelmeland,2005-2009,2005,2009,Rogaland,Vestlandet,5,593,False,1539.0,11.63,13.66,2.03,15.46,17.38,1.92,10.07,12.24,2.17,18.91,17.99,-0.92,30.86,29.21,-1.65,5.07,3.31,-1.76,6.24,4.06,-2.18,0.06,0.2,0.14,0.32,0.27,-0.05,1.36,1.69,0.33,0.27,25.31,9.7,2736.0,7.9143,-1.2792,-2.2085,-10.2339,-5.117,16.0819,18.5673,-1.0504,17.0732,361000.0,,,,0,4.63,2.61,-2.73,1.960694543869534,2001-2005→2005-2009
1134,Suldal,2005-2009,2005,2009,Rogaland,Vestlandet,6,518,False,2238.0,21.45,22.64,1.19,12.02,15.48,3.46,6.57,8.69,2.12,16.18,14.74,-1.44,25.47,26.52,1.05,8.67,7.21,-1.46,7.06,3.84,-3.22,0.09,0.09,0.0,0.36,0.28,-0.08,2.14,0.51,-1.63,4.51,30.56,4.31,3901.0,8.269,-1.7431,-5.6608,-17.1751,1.2817,16.9444,17.9954,-0.4821,17.6813,339000.0,,,,0,6.04,3.55,-2.21,1.2856259640480467,2001-2005→2005-2009
1135,Sauda,2005-2009,2005,2009,Rogaland,Vestlandet,5,604,False,2884.0,42.55,45.2,2.65,19.66,17.46,-2.2,8.98,12.26,3.28,7.0,6.84,-0.16,8.15,7.61,-0.54,6.8,6.19,-0.61,5.34,2.96,-2.38,0.07,0.11,0.04,0.59,0.4,-0.19,0.87,0.95,0.08,-2.74,10.78,-4.46,4819.0,8.4803,-1.8469,-7.2913,-3.5277,-15.9784,19.0911,17.0575,-0.9938,15.146,314000.0,,,,0,14.04,0.97,-4.72,0.29124312992144397,2001-2005→2005-2009
1144,Kvitsøy,2005-2009,2005,2009,Rogaland,Vestlandet,6,525,False,316.0,24.37,27.73,3.36,16.77,19.31,2.54,8.86,10.59,1.73,29.75,28.66,-1.09,6.01,5.3,-0.71,5.38,2.8,-2.58,5.38,3.74,-1.64,0.63,0.93,0.3,0.0,0.0,0.0,2.85,0.93,-1.92,1.83,0.0,0.0,511.0,6.2364,6.0665,6.2745,50.8806,9.7847,19.5695,17.2211,1.8327,11.5288,354000.0,,,,0,9.34,2.42,-4.87,0.15227347585523354,2001-2005→2005-2009
1145,Bokn,2005-2009,2005,2009,Rogaland,Vestlandet,5,624,False,461.0,15.4,21.46,6.06,24.3,22.92,-1.38,12.58,13.54,0.96,14.75,11.88,-2.87,19.31,23.75,4.44,4.12,2.71,-1.41,3.25,1.88,-1.37,0.0,0.0,0.0,0.65,0.42,-0.23,5.64,1.46,-4.18,3.06,32.08,3.03,769.0,6.6451,5.4616,7.7025,48.1144,6.502,16.2549,18.3355,-0.9651,9.2749,329000.0,,,,0,6.11,6.04,-2.69,2.760458669562945,2001-2005→2005-2009
1146,Tysvær,2005-2009,2005,2009,Rogaland,Vestlandet,4,724,False,5091.0,22.31,24.48,2.17,28.42,28.61,0.19,12.75,17.22,4.47,12.94,11.41,-1.53,10.19,10.53,0.34,4.71,2.91,-1.8,5.93,3.38,-2.55,0.1,0.15,0.05,0.29,0.23,-0.06,2.34,1.07,-1.27,0.53,14.09,0.59,9370.0,9.1453,3.6499,12.0314,3.842,33.5112,9.9253,20.619,0.3095,17.0105,405000.0,,,,0,6.69,2.11,-3.91,1.8324917883523675,2001-2005→2005-2009
1149,Karmøy,2005-2009,2005,2009,Rogaland,Vestlandet,4,758,False,20451.0,21.31,22.22,0.91,37.29,36.74,-0.55,11.87,15.77,3.9,13.93,15.51,1.58,3.39,2.8,-0.59,4.56,2.84,-1.72,5.03,2.32,-2.71,0.03,0.13,0.1,0.29,0.28,-0.01,2.3,1.4,-0.9,-1.14,3.53,-0.55,37567.0,10.5339,4.7568,7.416,25.022,22.4399,11.1561,20.6351,0.3472,15.9403,366000.0,,,,0,4.97,0.96,-6.3,-0.04423527377071501,2001-2005→2005-2009
1151,Utsira,2005-2009,2005,2009,Rogaland,Vestlandet,6,293,False,130.0,30.0,40.94,10.94,11.54,12.08,0.54,15.38,14.09,-1.29,9.23,7.38,-1.85,15.38,16.78,1.4,5.38,4.7,-0.68,7.69,2.68,-5.01,0.0,0.0,0.0,1.54,0.67,-0.87,3.85,0.67,-3.18,1.94,0.0,0.0,213.0,5.3613,0.4695,-13.0081,28.169,-23.4742,15.493,17.8404,-2.4088,20.3704,391000.0,,,,0,2.93,4.85,3.35,7.955721920803468,2001-2005→2005-2009
1160,Vindafjord,2005-2009,2005,2009,Rogaland,Vestlandet,5,643,False,4451.0,22.08,21.69,-0.39,21.1,22.3,1.2,11.17,14.43,3.26,13.14,12.09,-1.05,21.48,23.59,2.11,4.4,3.12,-1.28,4.94,1.85,-3.09,0.04,0.14,0.1,0.11,0.16,0.05,1.53,0.63,-0.9,3.31,24.71,11.5,8120.0,9.0021,0.5049,-0.0245,-5.4187,9.1133,15.3079,19.9877,-0.2852,14.8987,369000.0,,,,0,9.23,5.68,-2.77,2.2512802794791855,2001-2005→2005-2009
1505,Kristiansund,2005-2009,2005,2009,Møre og Romsdal,Vestlandet,4,749,False,12829.0,40.63,45.38,4.75,26.33,27.59,1.26,12.79,13.34,0.55,3.26,2.49,-0.77,2.63,2.72,0.09,6.96,3.65,-3.31,6.1,3.17,-2.93,0.09,0.16,0.07,0.45,1.14,0.69,0.76,0.35,-0.41,1.35,3.62,1.97,22327.0,10.0136,2.7321,3.9096,22.3496,4.882,13.4366,19.6175,-0.0565,19.3397,310354.5287,,,,0,9.77,1.06,-6.31,0.26759936534552686,2001-2005→2005-2009
1506,Molde,2005-2009,2005,2009,Møre og Romsdal,Vestlandet,4,740,False,17051.0,27.31,32.94,5.63,22.46,22.32,-0.14,14.38,19.1,4.72,10.92,7.55,-3.37,6.44,6.75,0.31,8.27,5.81,-2.46,8.83,4.48,-4.35,0.11,0.1,-0.01,0.62,0.47,-0.15,0.67,0.47,-0.2,0.17,10.03,1.1,29244.0,10.2834,1.0532,2.3552,4.9925,4.8899,14.3004,19.6348,-0.0475,25.1577,338460.2204,,,,1,6.11,1.47,-2.3,3.507447452912941,2001-2005→2005-2009
1508,Ålesund,2005-2009,2005,2009,Møre og Romsdal,Vestlandet,3,800,False,27158.0,23.24,27.77,4.53,31.3,31.88,0.58,17.0,20.29,3.29,10.56,8.56,-2.0,3.51,3.18,-0.33,5.89,3.52,-2.37,6.81,3.66,-3.15,0.07,0.14,0.07,0.5,0.51,0.01,1.11,0.48,-0.63,0.25,3.63,0.43,47287.0,10.764,5.0331,9.9192,33.0535,17.3832,13.2341,21.0058,-0.604,23.1133,334369.2582,,,,1,6.47,1.28,-6.49,1.3952850077600747,2001-2005→2005-2009
1511,Vanylven,2005-2009,2005,2009,Møre og Romsdal,Vestlandet,6,535,False,2132.0,20.22,25.8,5.58,22.8,29.09,6.29,6.99,11.6,4.61,13.56,10.57,-2.99,15.34,15.23,-0.11,3.61,2.9,-0.71,5.49,2.7,-2.79,0.0,0.05,0.05,0.19,0.1,-0.09,11.82,1.97,-9.85,6.18,17.34,-3.22,3693.0,8.2142,-5.3886,-3.1328,-43.0544,-10.2897,17.7092,17.2218,1.0086,13.6486,328000.0,,,,0,6.67,4.74,-3.77,0.3238894981766438,2001-2005→2005-2009
1514,Sande,2005-2009,2005,2009,Møre og Romsdal,Vestlandet,6,560,False,1503.0,18.1,21.16,3.06,31.07,31.15,0.08,11.04,18.3,7.26,13.51,10.68,-2.83,10.71,11.8,1.09,3.73,2.16,-1.57,8.52,3.56,-4.96,0.07,0.0,-0.07,0.13,0.21,0.08,3.13,0.98,-2.15,1.17,15.39,1.72,2576.0,7.854,-1.3587,-17.8202,-10.4814,-3.882,17.8571,18.1289,0.5608,11.8817,336000.0,,,,0,7.96,3.9,-3.59,1.8049120968510897,2001-2005→2005-2009
1515,Herøy (Møre og Romsdal),2005-2009,2005,2009,Møre og Romsdal,Vestlandet,5,664,False,4795.0,20.52,22.51,1.99,31.51,33.94,2.43,14.77,20.98,6.21,18.46,14.26,-4.2,3.9,3.81,-0.09,2.84,1.64,-1.2,6.36,2.09,-4.27,0.02,0.09,0.07,0.13,0.11,-0.02,1.5,0.6,-0.9,2.34,2.4,-2.4,8386.0,9.0343,-0.4412,-0.1196,-14.5481,10.1359,14.0591,19.6756,0.23,13.6738,380000.0,,,,0,7.57,0.82,-4.42,2.227515959554296,2001-2005→2005-2009
1516,Ulstein,2005-2009,2005,2009,Møre og Romsdal,Vestlandet,4,719,False,3790.0,20.26,24.01,3.75,25.36,27.99,2.63,19.26,22.4,3.14,16.25,12.69,-3.56,5.28,5.6,0.32,4.49,2.85,-1.64,6.94,3.46,-3.48,0.08,0.1,0.02,0.18,0.23,0.05,1.9,0.68,-1.22,2.95,6.25,0.03,6795.0,8.8239,3.7822,7.8782,13.245,23.9882,10.9051,20.2943,0.34,22.7291,391000.0,,,,0,5.03,1.37,-2.63,4.783196959130295,2001-2005→2005-2009
1517,Hareid,2005-2009,2005,2009,Møre og Romsdal,Vestlandet,4,683,False,2622.0,18.38,23.42,5.04,31.01,32.9,1.89,13.39,16.98,3.59,11.02,9.22,-1.8,8.7,8.0,-0.7,4.73,3.54,-1.19,10.26,4.27,-5.99,0.04,0.27,0.23,0.5,0.8,0.3,1.98,0.61,-1.37,1.19,0.0,0.0,4658.0,8.4463,3.4135,1.8178,25.1181,9.2314,14.7488,18.6775,-0.7359,15.2556,349000.0,,,,0,4.13,4.41,-6.59,0.3001369800452167,2001-2005→2005-2009
1520,Ørsta,2005-2009,2005,2009,Møre og Romsdal,Vestlandet,4,718,False,5904.0,23.12,27.27,4.15,24.86,27.38,2.52,10.65,12.79,2.14,11.11,9.25,-1.86,14.21,13.19,-1.02,6.61,4.84,-1.77,7.18,4.1,-3.08,0.12,0.19,0.07,0.39,0.35,-0.04,1.74,0.63,-1.11,1.5,23.47,-3.24,10233.0,9.2334,-0.3225,-1.5159,-11.3359,8.5996,15.792,19.8769,-0.0862,18.1796,338000.0,,,,0,7.02,2.53,-3.28,1.7010128480554276,2001-2005→2005-2009
1525,Stranda,2005-2009,2005,2009,Møre og Romsdal,Vestlandet,5,628,False,2579.0,20.01,24.65,4.64,27.72,27.51,-0.21,10.47,14.18,3.71,12.02,9.13,-2.89,15.16,15.04,-0.12,4.07,2.89,-1.18,8.92,5.5,-3.42,0.0,0.12,0.12,0.31,0.45,0.14,1.32,0.53,-0.79,-0.33,13.53,3.69,4605.0,8.4349,-1.5635,-3.5327,-18.4582,3.2573,17.8284,18.5233,0.1729,15.0647,359000.0,,,,0,4.97,4.16,-3.87,1.276069493924374,2001-2005→2005-2009
1528,Sykkylven,2005-2009,2005,2009,Møre og Romsdal,Vestlandet,4,695,False,4222.0,20.16,23.09,2.93,30.06,30.59,0.53,12.7,17.91,5.21,13.64,10.09,-3.55,9.12,8.88,-0.24,4.71,3.6,-1.11,8.08,4.71,-3.37,0.12,0.1,-0.02,0.12,0.27,0.15,1.3,0.76,-0.54,0.29,13.65,-0.3,7446.0,8.9154,1.5982,4.3736,4.9691,10.744,13.3629,20.5882,-0.0912,16.8244,363000.0,,,,0,4.69,1.68,-4.6,1.4130188784751487,2001-2005→2005-2009
1531,Sula,2005-2009,2005,2009,Møre og Romsdal,Vestlandet,4,737,False,4313.0,21.21,25.67,4.46,34.82,35.48,0.66,13.45,17.27,3.82,15.93,13.02,-2.91,3.29,2.15,-1.14,3.83,2.59,-1.24,5.7,2.57,-3.13,0.12,0.14,0.02,0.14,0.21,0.07,1.51,0.89,-0.62,-0.48,3.42,-0.95,7453.0,8.9164,4.3607,11.035,19.8578,23.078,13.6723,20.8372,-0.5456,17.9447,370000.0,,,,0,6.06,0.56,-5.35,1.092292865575975,2001-2005→2005-2009
1532,Giske,2005-2009,2005,2009,Møre og Romsdal,Vestlandet,4,714,False,3756.0,15.63,20.13,4.5,29.77,30.23,0.46,13.31,18.76,5.45,21.81,19.02,-2.79,5.11,5.2,0.09,3.09,1.6,-1.49,9.35,3.78,-5.57,0.08,0.21,0.13,0.24,0.26,0.02,1.62,0.8,-0.82,0.55,7.12,-2.84,6591.0,8.7935,4.2786,8.4583,19.4204,22.4549,12.4109,19.8149,-0.0582,16.3371,397000.0,,,,0,6.18,1.0,-6.23,0.47334943961515386,2001-2005→2005-2009
1535,Vestnes,2005-2009,2005,2009,Møre og Romsdal,Vestlandet,5,644,False,3536.0,22.6,24.83,2.23,27.35,32.46,5.11,11.99,14.59,2.6,11.4,7.89,-3.51,12.05,12.17,0.12,5.26,3.72,-1.54,7.78,3.18,-4.6,0.11,0.14,0.03,0.57,0.45,-0.12,0.9,0.57,-0.33,5.23,12.09,7.77,6390.0,8.7625,1.3772,-0.4151,8.9202,5.1643,14.3662,17.5274,-0.0871,13.651,329000.0,,,,0,5.77,3.72,-5.19,0.8541681105483887,2001-2005→2005-2009
1539,Rauma,2005-2009,2005,2009,Møre og Romsdal,Vestlandet,5,627,False,4232.0,27.67,30.88,3.21,25.78,26.58,0.8,10.99,12.71,1.72,10.87,8.11,-2.76,10.85,12.39,1.54,6.24,4.45,-1.79,6.07,4.03,-2.04,0.07,0.17,0.1,0.38,0.44,0.06,1.09,0.25,-0.84,2.34,17.22,4.7,7336.0,8.9005,0.5453,-1.7058,8.1788,-3.1352,17.0665,17.2165,-0.0383,14.2299,322000.0,,,,0,6.15,1.79,-3.23,1.9154528447979895,2001-2005→2005-2009
1547,Aukra,2005-2009,2005,2009,Møre og Romsdal,Vestlandet,5,616,False,1728.0,20.54,28.55,8.01,25.69,26.78,1.09,10.76,16.65,5.89,16.55,10.25,-6.3,6.54,6.75,0.21,7.18,5.21,-1.97,11.46,4.5,-6.96,0.0,0.0,0.0,0.12,0.24,0.12,1.16,1.07,-0.09,1.3,7.1,0.72,3050.0,8.0229,4.3607,7.4975,24.2623,19.0164,15.2131,19.0492,-0.1644,17.704,392000.0,,,,0,5.96,0.82,-3.04,1.9278750923306376,2001-2005→2005-2009
1554,Averøy,2005-2009,2005,2009,Møre og Romsdal,Vestlandet,5,611,False,3107.0,32.15,34.03,1.88,23.56,27.56,4.0,6.89,9.95,3.06,7.02,6.88,-0.14,9.91,9.22,-0.69,4.57,2.91,-1.66,14.29,8.68,-5.61,0.03,0.07,0.04,0.32,0.33,0.01,1.26,0.37,-0.89,3.31,25.02,-14.72,5448.0,8.603,-0.0734,-0.4753,0.0,0.0,14.0786,18.0433,0.6349,15.0726,347000.0,,,,0,11.04,4.05,-3.39,0.5129980687317786,2001-2005→2005-2009
1557,Gjemnes,2005-2009,2005,2009,Møre og Romsdal,Vestlandet,5,576,False,1614.0,23.61,28.69,5.08,21.56,21.21,-0.35,5.58,8.86,3.28,14.44,11.1,-3.34,20.26,21.73,1.47,5.2,3.22,-1.98,7.93,3.94,-3.99,0.06,0.2,0.14,0.25,0.2,-0.05,1.12,0.85,-0.27,1.12,29.98,1.38,2700.0,7.901,-3.037,-2.2405,-30.7407,0.7407,15.4815,20.0,-0.7756,16.3813,353000.0,,,,0,5.56,3.68,-3.13,0.30717074908708186,2001-2005→2005-2009
1560,Tingvoll,2005-2009,2005,2009,Møre og Romsdal,Vestlandet,5,568,False,1783.0,33.88,36.92,3.04,19.8,18.57,-1.23,6.0,9.71,3.71,8.08,5.61,-2.47,17.78,19.53,1.75,5.95,4.55,-1.4,7.52,3.87,-3.65,0.0,0.51,0.51,0.34,0.22,-0.12,0.67,0.51,-0.16,0.52,30.84,-8.11,3105.0,8.0408,-1.3849,-1.1301,-2.8986,-9.9839,18.4863,17.3269,-0.1323,17.2112,313000.0,,,,0,6.18,3.23,-4.34,-0.38270112078641105,2001-2005→2005-2009
1563,Sunndal,2005-2009,2005,2009,Møre og Romsdal,Vestlandet,5,640,False,4345.0,47.41,57.26,9.85,17.7,14.79,-2.91,6.77,7.59,0.82,5.04,2.76,-2.28,8.49,9.68,1.19,8.01,4.55,-3.46,5.36,2.62,-2.74,0.07,0.05,-0.02,0.55,0.39,-0.16,0.6,0.3,-0.3,-1.72,18.63,1.38,7370.0,8.9052,-0.3121,-1.1304,1.6282,-5.4274,16.4179,17.8019,-0.2208,17.1467,331000.0,,,,0,5.22,1.49,-4.39,-0.22993889872723372,2001-2005→2005-2009
1566,Surnadal,2005-2009,2005,2009,Møre og Romsdal,Vestlandet,5,607,False,3408.0,39.08,41.98,2.9,15.9,14.65,-1.25,7.42,6.32,-1.1,6.51,4.13,-2.38,20.45,27.91,7.46,5.43,2.9,-2.53,4.08,1.57,-2.51,0.23,0.09,-0.14,0.23,0.12,-0.11,0.65,0.31,-0.34,6.21,48.88,-16.26,6160.0,8.7258,-2.5974,-3.9385,-13.474,-11.526,16.1364,18.4416,0.1636,15.0082,312000.0,,,,0,7.66,-0.04,-4.73,-0.22807036877641984,2001-2005→2005-2009
1573,Smøla,2005-2009,2005,2009,Møre og Romsdal,Vestlandet,6,501,False,1310.0,29.92,35.28,5.36,19.39,20.83,1.44,7.56,11.41,3.85,7.25,5.35,-1.9,10.76,13.33,2.57,8.78,4.87,-3.91,13.36,8.46,-4.9,0.0,0.16,0.16,0.15,0.08,-0.07,2.82,0.24,-2.58,4.01,9.62,-3.34,2195.0,7.6939,-3.4624,-12.8701,-20.5011,-14.123,19.8633,16.2642,-0.4202,11.7841,315000.0,,,,0,6.87,2.9,-3.82,0.5682013899041869,2001-2005→2005-2009
1576,Aure,2005-2009,2005,2009,Møre og Romsdal,Vestlandet,6,501,False,2077.0,33.75,35.06,1.31,18.2,21.04,2.84,9.1,11.27,2.17,8.09,5.64,-2.45,15.45,17.22,1.77,5.06,3.52,-1.54,7.9,5.02,-2.88,0.05,0.41,0.36,0.48,0.62,0.14,1.93,0.21,-1.72,4.61,10.74,17.03,3626.0,8.1959,-3.2543,-9.4943,-14.6167,-18.4777,17.209,17.8709,0.2083,13.5392,303000.0,,,,0,10.01,1.72,-4.25,0.6963045595869781,2001-2005→2005-2009
1577,Volda,2005-2009,2005,2009,Møre og Romsdal,Vestlandet,4,705,False,5574.0,20.74,24.43,3.69,15.98,20.8,4.82,12.5,14.0,1.5,14.98,12.11,-2.87,13.81,15.35,1.54,9.9,6.87,-3.03,9.44,4.95,-4.49,0.11,0.21,0.1,0.7,0.69,-0.01,1.83,0.59,-1.24,6.36,19.12,1.55,9548.0,9.1641,1.9271,2.5176,6.703,12.8823,14.5475,19.7214,0.0332,26.6236,332345.6517,,,,1,5.77,3.66,-3.06,2.4270562884113738,2001-2005→2005-2009
1578,Fjord,2005-2009,2005,2009,Møre og Romsdal,Vestlandet,6,564,False,1506.0,18.33,23.0,4.67,21.58,23.34,1.76,11.16,14.02,2.86,10.42,6.77,-3.65,23.24,24.1,0.86,6.84,4.49,-2.35,6.91,2.28,-4.63,0.0,0.35,0.35,0.6,1.04,0.44,0.93,0.62,-0.31,2.62,28.15,-6.53,2824.0,7.9459,-1.9122,-8.6713,-14.1643,-4.2493,18.0241,17.4221,-0.4068,14.8416,330898.3516,,,,1,5.42,3.85,-0.87,3.637687393408812,2001-2005→2005-2009
1579,Hustadvika,2005-2009,2005,2009,Møre og Romsdal,Vestlandet,5,651,False,6846.0,21.49,27.18,5.69,31.48,31.46,-0.02,10.97,15.55,4.58,10.87,7.73,-3.14,11.26,10.2,-1.06,4.73,2.79,-1.94,7.58,3.73,-3.85,0.06,0.09,0.03,0.31,0.38,0.07,1.26,0.87,-0.39,-1.08,20.15,-3.71,12327.0,9.4195,1.9956,3.1758,3.4072,16.7113,12.5984,19.6885,0.1114,13.5394,366129.2848,,,,1,4.59,2.06,-2.83,2.132495578977214,2001-2005→2005-2009
1580,Haram,2005-2009,2005,2009,Møre og Romsdal,Vestlandet,5,625,False,5012.0,19.59,26.12,6.53,26.96,27.53,0.57,12.49,18.08,5.59,14.05,9.95,-4.1,11.85,11.17,-0.68,3.83,2.32,-1.51,9.54,3.71,-5.83,0.06,0.08,0.02,0.26,0.23,-0.03,1.38,0.81,-0.57,-0.11,20.99,-4.47,8715.0,9.0728,-0.241,-0.4466,-6.6552,3.9013,15.8807,19.2312,-0.0307,15.0869,359000.0,,,,0,5.53,4.59,-5.19,1.008717772831936,2001-2005→2005-2009
1804,Bodø,2005-2009,2005,2009,Nordland,Nord-Norge,3,793,False,25228.0,34.75,39.35,4.6,25.07,24.89,-0.18,13.07,14.88,1.81,4.33,3.44,-0.89,4.5,4.36,-0.14,11.18,7.91,-3.27,4.17,2.8,-1.37,0.11,0.34,0.23,1.03,1.47,0.44,1.77,0.55,-1.22,-0.32,5.03,0.18,44414.0,10.7013,4.6855,11.0249,17.7872,28.7522,10.3368,22.207,0.4493,27.2883,352000.0,,,,0,9.89,-0.2,-5.23,1.0214340637468826,2001-2005→2005-2009
1806,Narvik,2005-2009,2005,2009,Nordland,Nord-Norge,4,686,True,12244.12,36.3,36.34,0.04,25.75,30.77,5.02,9.03,12.08,3.05,4.82,4.0,-0.82,4.84,4.53,-0.31,12.72,8.58,-4.14,3.13,1.99,-1.14,0.13,0.17,0.04,0.44,0.83,0.39,2.84,0.71,-2.13,4.71,7.24,-1.21,22156.0224,10.0059,-1.4485,-2.2233,-16.9259,2.6599,15.4111,19.1819,0.2721,19.3721,303963.6579,,,,1,11.08,0.19,-6.23,-0.7995169762774799,2001-2005→2005-2009
1811,Bindal,2005-2009,2005,2009,Nordland,Nord-Norge,6,426,False,1103.0,38.8,44.66,5.86,12.06,15.98,3.92,5.17,5.99,0.82,5.17,3.5,-1.67,20.22,17.08,-3.14,9.43,8.59,-0.84,4.81,2.8,-2.01,0.09,0.0,-0.09,1.18,0.9,-0.28,3.08,0.5,-2.58,0.78,0.0,0.0,1778.0,7.4832,-9.1114,-17.1707,-68.054,-24.7469,18.5039,15.4106,1.4837,11.9861,273000.0,,,,0,11.74,6.26,-1.16,1.662386265804838,2001-2005→2005-2009
1812,Sømna,2005-2009,2005,2009,Nordland,Nord-Norge,6,505,False,1203.0,29.76,34.31,4.55,14.38,17.02,2.64,3.08,6.45,3.37,5.65,4.64,-1.01,29.01,27.52,-1.49,10.31,5.67,-4.64,2.41,1.63,-0.78,0.25,0.34,0.09,0.75,1.46,0.71,4.41,0.95,-3.46,1.15,57.62,-57.62,2075.0,7.6377,-1.012,-3.7939,0.0,-10.1205,16.0,17.5422,-0.6154,14.7831,287000.0,,,,0,11.23,7.59,-4.45,-1.3512872097268573,2001-2005→2005-2009
1813,Brønnøy,2005-2009,2005,2009,Nordland,Nord-Norge,5,613,False,4144.0,33.2,38.9,5.7,22.59,22.82,0.23,8.37,12.24,3.87,3.47,2.98,-0.49,11.49,11.57,0.08,11.61,7.07,-4.54,3.62,2.34,-1.28,0.1,0.23,0.13,0.8,0.99,0.19,4.75,0.86,-3.89,0.31,17.17,26.08,7585.0,8.9339,0.1582,2.5513,-3.6915,5.4054,13.6454,18.853,-0.3243,17.0855,322000.0,,,,0,10.93,2.76,-3.53,0.8194657985493277,2001-2005→2005-2009
1815,Vega,2005-2009,2005,2009,Nordland,Nord-Norge,6,400,False,815.0,34.23,43.75,9.52,14.85,14.58,-0.27,3.8,6.77,2.97,2.09,2.34,0.25,21.72,19.27,-2.45,11.78,8.85,-2.93,3.07,2.08,-0.99,0.0,0.0,0.0,0.61,1.04,0.43,7.85,1.3,-6.55,-2.72,31.7,-8.74,1356.0,7.2123,-5.0147,-8.1967,-28.0236,-21.3864,18.1416,15.1917,0.6472,12.865,290000.0,,,,0,14.99,4.84,-2.81,0.0906580321171302,2001-2005→2005-2009
1816,Vevelstad,2005-2009,2005,2009,Nordland,Nord-Norge,6,373,False,302.0,29.8,38.05,8.25,12.91,15.15,2.24,2.98,5.72,2.74,4.3,3.03,-1.27,28.15,25.93,-2.22,10.26,7.07,-3.19,2.32,0.67,-1.65,0.0,0.34,0.34,0.33,2.69,2.36,8.94,1.35,-7.59,0.02,0.0,0.0,524.0,6.2615,-4.3893,-16.6389,-5.7252,-38.1679,17.1756,17.5573,0.3893,12.1212,260000.0,,,,0,13.9,11.02,-4.97,-1.5609213261602073,2001-2005→2005-2009
1818,Herøy (Nordland),2005-2009,2005,2009,Nordland,Nord-Norge,6,480,False,885.0,41.24,39.71,-1.53,21.36,25.84,4.48,5.88,9.57,3.69,3.73,2.27,-1.46,8.7,10.17,1.47,7.68,5.62,-2.06,2.26,2.63,0.37,0.23,0.24,0.01,0.68,1.32,0.64,8.25,2.63,-5.62,5.95,11.54,2.35,1739.0,7.4611,-5.0029,-12.8232,-44.2783,-6.3255,16.1587,16.2162,1.8195,9.7491,281000.0,,,,0,16.82,1.89,-0.62,2.2099489907536487,2001-2005→2005-2009
1820,Alstahaug,2005-2009,2005,2009,Nordland,Nord-Norge,5,653,False,3929.0,36.01,37.85,1.84,22.6,23.31,0.71,8.2,12.01,3.81,2.57,1.93,-0.64,10.89,11.12,0.23,10.1,6.12,-3.98,3.18,1.99,-1.19,0.15,0.11,-0.04,2.52,3.79,1.27,3.77,1.77,-2.0,0.94,14.7,0.97,7398.0,8.909,-2.5683,-2.2114,-27.3047,2.0276,11.6383,18.113,1.2363,19.6336,327000.0,,,,0,13.63,3.4,-6.1,-0.9623014395293428,2001-2005→2005-2009
1822,Leirfjord,2005-2009,2005,2009,Nordland,Nord-Norge,6,559,False,1125.0,32.62,36.52,3.9,20.18,23.6,3.42,4.53,6.12,1.59,3.82,2.15,-1.67,20.89,18.26,-2.63,11.11,6.46,-4.65,2.04,1.89,-0.15,0.09,0.17,0.08,1.6,2.93,1.33,3.11,1.89,-1.22,0.79,23.83,-6.55,2156.0,7.676,-3.154,-6.9104,-19.9443,-12.987,16.0482,17.2542,0.0916,13.6443,288000.0,,,,0,9.74,2.32,-2.29,0.5835405919128349,2001-2005→2005-2009
1824,Vefsn,2005-2009,2005,2009,Nordland,Nord-Norge,4,686,False,7737.0,43.32,45.9,2.58,20.34,22.4,2.06,6.33,8.98,2.65,3.86,2.85,-1.01,9.38,8.54,-0.84,11.58,6.53,-5.05,2.18,1.92,-0.26,0.06,0.17,0.11,1.38,2.21,0.83,1.54,0.49,-1.05,1.22,9.3,-0.93,13486.0,9.5094,-1.0678,-1.5278,-11.1968,-0.5191,14.5707,18.5896,0.8618,17.5614,311000.0,,,,0,10.38,0.72,-5.39,-1.0850235666231534,2001-2005→2005-2009
1825,Grane,2005-2009,2005,2009,Nordland,Nord-Norge,6,494,False,912.0,47.04,47.53,0.49,15.24,19.1,3.86,3.18,5.41,2.23,3.07,2.07,-1.0,20.72,19.1,-1.62,6.25,3.57,-2.68,1.32,0.69,-0.63,0.0,0.58,0.58,0.99,0.92,-0.07,2.19,1.04,-1.15,2.24,0.0,0.0,1544.0,7.3421,-2.8497,-8.9806,-9.715,-18.1347,18.0052,15.7383,-0.0052,10.8194,312000.0,,,,0,7.68,4.31,-4.25,-1.1474604828773751,2001-2005→2005-2009
1826,Aarborte - Hattfjelldal,2005-2009,2005,2009,Nordland,Nord-Norge,6,453,False,943.0,44.75,37.29,-7.46,10.07,14.76,4.69,2.97,3.77,0.8,3.61,3.0,-0.61,29.16,34.74,5.58,7.0,5.22,-1.78,1.48,0.44,-1.04,0.0,0.0,0.0,0.32,0.44,0.12,0.64,0.33,-0.31,10.27,0.0,34.77,1530.0,7.333,-6.0131,-12.1027,-43.1373,-16.9935,18.6928,17.8431,0.7787,13.28,289000.0,,,,0,10.03,0.97,-1.9,0.42169180765750536,2001-2005→2005-2009
1827,Dønna,2005-2009,2005,2009,Nordland,Nord-Norge,6,429,False,816.0,31.25,34.19,2.94,17.77,19.59,1.82,6.25,8.65,2.4,4.66,3.24,-1.42,20.71,19.32,-1.39,9.68,7.16,-2.52,2.08,0.54,-1.54,0.0,0.0,0.0,1.1,2.57,1.47,6.5,4.73,-1.77,0.43,16.54,-3.17,1528.0,7.3317,-6.2827,-10.2194,-47.1204,-16.3613,16.2304,18.9136,0.7389,15.3592,287000.0,,,,0,12.42,5.51,-1.7,1.6245677091492052,2001-2005→2005-2009
1828,Nesna,2005-2009,2005,2009,Nordland,Nord-Norge,6,494,False,987.0,27.56,33.61,6.05,19.45,20.81,1.36,6.89,8.43,1.54,3.75,3.64,-0.11,15.7,15.09,-0.61,16.01,10.51,-5.5,3.55,3.95,0.4,0.1,0.21,0.11,1.72,1.46,-0.26,5.27,2.29,-2.98,0.75,11.22,6.57,1801.0,7.4961,-0.8329,-4.2359,3.3315,-11.6602,15.8245,18.4342,-0.259,23.8061,308000.0,,,,0,9.65,3.26,-2.76,0.9912478239031355,2001-2005→2005-2009
1832,Hemnes,2005-2009,2005,2009,Nordland,Nord-Norge,5,567,False,2684.0,37.48,41.53,4.05,20.75,19.77,-0.98,4.96,6.64,1.68,3.54,3.15,-0.39,12.89,15.07,2.18,12.56,7.46,-5.1,2.42,2.29,-0.13,0.11,0.04,-0.07,1.04,1.59,0.55,4.25,2.45,-1.8,1.2,24.13,-9.17,4566.0,8.4264,-0.8541,-2.7706,-6.3513,-1.7521,16.6886,17.1266,0.3868,13.8767,297000.0,,,,0,9.97,0.47,-4.75,-0.9834183007749369,2001-2005→2005-2009
1833,Rana - Raane,2005-2009,2005,2009,Nordland,Nord-Norge,4,713,False,14676.0,46.5,49.75,3.25,20.49,20.59,0.1,5.15,8.48,3.33,2.66,2.33,-0.33,4.67,4.49,-0.18,15.39,9.85,-5.54,2.23,1.95,-0.28,0.07,0.2,0.13,1.05,1.67,0.62,1.78,0.69,-1.09,-0.08,5.0,-0.23,25320.0,10.1393,-0.154,0.1823,-8.7678,7.188,13.9376,18.4874,0.3696,18.0473,321000.0,,,,0,14.15,0.28,-7.09,-2.644996343725005,2001-2005→2005-2009
1834,Lurøy,2005-2009,2005,2009,Nordland,Nord-Norge,6,362,False,1154.0,29.03,33.18,4.15,16.38,17.33,0.95,5.98,8.29,2.31,6.76,6.08,-0.68,15.51,14.65,-0.86,6.85,4.52,-2.33,3.64,1.84,-1.8,0.0,0.0,0.0,0.61,1.01,0.4,15.25,13.09,-2.16,0.09,14.27,8.14,2028.0,7.6148,-7.1499,-10.4186,-51.2821,-20.7101,17.5542,17.1105,0.7145,10.6832,275000.0,,,,0,10.39,3.52,-3.12,0.5741463942401115,2001-2005→2005-2009
1835,Træna,2005-2009,2005,2009,Nordland,Nord-Norge,6,323,False,238.0,21.85,29.61,7.76,14.71,19.31,4.6,2.52,6.01,3.49,8.4,9.44,1.04,19.75,18.45,-1.3,5.46,3.86,-1.6,0.42,1.72,1.3,0.0,0.43,0.43,2.52,0.86,-1.66,24.37,10.3,-14.07,3.3,0.0,0.0,444.0,6.0958,2.4775,-5.9917,45.045,-22.5225,18.018,15.991,-1.7543,11.2094,269000.0,,,,0,8.72,9.71,-3.66,-0.8425997169825803,2001-2005→2005-2009
1836,Rødøy,2005-2009,2005,2009,Nordland,Nord-Norge,6,338,False,774.0,22.48,25.47,2.99,19.9,27.05,7.15,3.75,6.19,2.44,12.4,11.37,-1.03,23.0,19.42,-3.58,6.2,4.89,-1.31,2.84,0.86,-1.98,0.0,0.0,0.0,0.39,1.15,0.76,9.04,3.6,-5.44,3.57,27.54,7.36,1443.0,7.2745,-10.4643,-18.691,-93.5551,-11.088,15.8004,18.2952,0.8405,11.4754,284000.0,,,,0,11.71,11.62,-1.02,1.3636226822565356,2001-2005→2005-2009
1837,Meløy,2005-2009,2005,2009,Nordland,Nord-Norge,6,488,False,3713.0,34.42,36.65,2.23,22.87,26.26,3.39,8.67,12.87,4.2,10.21,8.02,-2.19,7.65,6.64,-1.01,8.21,5.14,-3.07,3.56,2.31,-1.25,0.13,0.17,0.04,0.48,0.63,0.15,3.8,1.3,-2.5,2.38,9.96,-2.41,6759.0,8.8186,-1.7458,-1.8039,-18.198,2.5152,15.7272,18.4495,-0.097,13.3723,329000.0,,,,0,11.71,1.16,-4.07,0.6767720783307745,2001-2005→2005-2009
1838,Gildeskål,2005-2009,2005,2009,Nordland,Nord-Norge,6,478,False,1261.0,34.42,34.94,0.52,21.57,26.84,5.27,6.11,9.7,3.59,7.69,5.74,-1.95,10.71,9.54,-1.17,9.75,7.26,-2.49,3.01,3.04,0.03,0.08,0.25,0.17,0.63,1.43,0.8,6.03,1.27,-4.76,4.1,6.98,5.92,2178.0,7.6862,-5.7392,-13.5215,-34.4353,-21.5794,20.5693,16.483,-0.014,14.1335,303000.0,,,,0,11.44,1.12,-6.29,-1.5866853024560577,2001-2005→2005-2009
1839,Beiarn,2005-2009,2005,2009,Nordland,Nord-Norge,6,448,False,719.0,45.2,40.67,-4.53,14.88,21.28,6.4,4.87,5.69,0.82,4.03,3.5,-0.53,19.19,21.14,1.95,7.79,5.25,-2.54,1.39,1.17,-0.22,0.42,0.29,-0.13,0.56,0.58,0.02,1.67,0.44,-1.23,8.35,15.14,-0.1,1165.0,7.0605,-2.4034,-13.3384,12.0172,-36.0515,20.515,14.5923,0.2414,9.375,280000.0,,,,0,16.9,2.29,-3.65,-0.11225345844361945,2001-2005→2005-2009
1840,Saltdal,2005-2009,2005,2009,Nordland,Nord-Norge,5,603,False,2840.0,40.35,41.11,0.76,25.6,25.8,0.2,6.3,10.17,3.87,3.2,3.59,0.39,8.35,7.99,-0.36,10.99,7.95,-3.04,2.96,1.48,-1.48,0.18,0.37,0.19,0.7,1.07,0.37,1.37,0.48,-0.89,-0.16,9.77,-1.44,4800.0,8.4764,-1.5208,-4.3505,-8.9583,-7.2917,15.0,18.3542,-0.0645,16.6327,311000.0,,,,0,13.63,0.78,-4.95,-0.7133417644739701,2001-2005→2005-2009
1841,Fauske - Fuossko,2005-2009,2005,2009,Nordland,Nord-Norge,4,679,False,5627.0,44.91,46.94,2.03,24.99,24.81,-0.18,6.81,11.03,4.22,2.74,2.21,-0.53,5.05,4.37,-0.68,9.47,6.52,-2.95,4.11,2.45,-1.66,0.16,0.15,-0.01,0.62,1.03,0.41,1.16,0.49,-0.67,-0.86,3.91,0.51,9549.0,9.1642,-0.754,-1.4148,-9.2156,1.5708,14.169,18.714,0.5508,16.9032,314000.0,,,,0,13.55,-0.56,-4.45,-0.26642455910735663,2001-2005→2005-2009
1845,Sørfold - Fuolldá,2005-2009,2005,2009,Nordland,Nord-Norge,6,547,False,1298.0,51.39,51.9,0.51,18.18,20.81,2.63,4.24,8.17,3.93,3.08,1.85,-1.23,9.4,9.35,-0.05,9.32,5.31,-4.01,1.85,1.18,-0.67,0.08,0.08,0.0,0.39,0.84,0.45,2.08,0.51,-1.57,2.58,21.9,-5.53,2153.0,7.6746,-6.131,-16.8655,-35.7641,-24.6168,17.0924,16.7673,0.5721,11.6913,302000.0,,,,0,19.03,-4.58,-2.71,0.27243002667489247,2001-2005→2005-2009
1848,Steigen,2005-2009,2005,2009,Nordland,Nord-Norge,6,403,False,1513.0,28.42,30.16,1.74,19.56,22.15,2.59,4.49,7.18,2.69,6.21,4.49,-1.72,20.29,17.05,-3.24,10.31,7.45,-2.86,5.02,6.35,1.33,0.2,0.41,0.21,1.19,3.31,2.12,4.3,1.45,-2.85,-0.65,30.54,4.06,2802.0,7.9381,-4.8894,-11.8134,-24.9822,-23.5546,18.7723,17.2734,-0.2357,13.0739,263000.0,,,,0,10.75,4.81,-1.88,0.9570053609031652,2001-2005→2005-2009
1851,Lødingen,2005-2009,2005,2009,Nordland,Nord-Norge,6,537,False,1381.0,28.82,32.32,3.5,21.58,24.33,2.75,11.8,17.53,5.73,3.55,1.56,-1.99,10.14,8.06,-2.08,12.53,8.92,-3.61,5.36,4.3,-1.06,0.0,0.0,0.0,0.36,0.86,0.5,5.87,2.11,-3.76,0.67,7.32,1.01,2349.0,7.7617,-4.5551,-10.2123,-22.1371,-24.2656,19.1997,15.198,1.0501,15.559,294000.0,,,,0,13.11,0.53,-6.35,0.12000933395475588,2001-2005→2005-2009
1853,Evenes - Evenássi,2005-2009,2005,2009,Nordland,Nord-Norge,6,528,False,827.0,33.86,31.85,-2.01,23.34,28.28,4.94,7.62,13.76,6.14,5.68,4.46,-1.22,12.7,12.1,-0.6,9.31,6.5,-2.81,3.02,1.53,-1.49,0.0,0.25,0.25,0.6,0.38,-0.22,3.87,0.89,-2.98,4.34,25.55,-5.7,1417.0,7.2563,-5.0812,-11.9188,-20.4658,-28.2287,18.2781,17.0078,0.0863,13.7631,278000.0,,,,0,14.64,1.72,-4.05,0.392496190706491,2001-2005→2005-2009
1856,Røst,2005-2009,2005,2009,Nordland,Nord-Norge,6,366,False,320.0,35.94,41.95,6.01,17.5,16.72,-0.78,5.62,10.33,4.71,2.5,2.74,0.24,10.94,8.51,-2.43,6.88,8.21,1.33,10.62,5.47,-5.15,0.0,0.3,0.3,0.94,1.22,0.28,9.06,4.56,-4.5,-3.21,0.0,0.0,602.0,6.4003,0.6645,-7.3394,0.0,6.6445,17.1096,17.9402,-1.2681,9.0717,326000.0,,,,0,8.8,7.8,-5.81,-1.352719791031844,2001-2005→2005-2009
1857,Værøy,2005-2009,2005,2009,Nordland,Nord-Norge,6,370,False,411.0,33.33,36.63,3.3,17.76,24.6,6.84,9.73,10.43,0.7,9.0,9.89,0.89,12.9,7.49,-5.41,4.38,5.08,0.7,1.7,0.53,-1.17,0.0,1.34,1.34,0.49,0.0,-0.49,10.71,4.01,-6.7,1.43,0.0,0.0,743.0,6.6107,-0.6729,-8.8889,-1.3459,-6.7295,16.0162,17.4966,0.9215,8.5142,283000.0,,,,0,8.7,6.18,4.51,7.002148335586449,2001-2005→2005-2009
1859,Flakstad,2005-2009,2005,2009,Nordland,Nord-Norge,6,522,False,773.0,24.45,28.51,4.06,14.23,20.22,5.99,4.79,6.04,1.25,5.05,5.2,0.15,27.55,21.21,-6.34,10.87,9.55,-1.32,2.33,1.4,-0.93,0.13,2.67,2.54,1.03,0.56,-0.47,9.57,4.63,-4.94,-0.35,35.59,-23.21,1470.0,7.293,-3.4694,-10.5296,-19.7279,-15.6463,19.1156,15.7143,-0.1586,9.6522,298000.0,,,,0,11.47,7.7,-2.84,0.3219266985278524,2001-2005→2005-2009
1860,Vestvågøy,2005-2009,2005,2009,Nordland,Nord-Norge,5,631,False,5545.0,26.17,29.09,2.92,24.26,24.91,0.65,9.52,10.73,1.21,8.96,10.11,1.15,12.53,11.35,-1.18,8.69,8.33,-0.36,2.67,1.7,-0.97,0.05,0.57,0.52,0.87,0.8,-0.07,6.28,2.41,-3.87,-0.53,16.18,0.8,10764.0,9.284,-0.5388,0.1029,-8.6399,2.6942,15.0873,18.5712,0.1658,15.8521,298000.0,,,,0,9.72,1.81,-2.01,2.261459704141009,2001-2005→2005-2009
1865,Vågan,2005-2009,2005,2009,Nordland,Nord-Norge,5,650,False,4660.0,31.55,34.57,3.02,22.47,24.82,2.35,10.69,13.22,2.53,3.13,2.62,-0.51,9.51,6.85,-2.66,12.12,10.88,-1.24,2.85,2.0,-0.85,0.02,0.15,0.13,1.74,2.96,1.22,5.92,1.92,-4.0,-0.31,8.83,-0.65,9034.0,9.1088,-0.642,-2.2222,-6.863,0.8855,14.5451,19.7255,-0.0731,16.5126,299000.0,,,,0,15.14,-3.31,-3.46,1.6460263208589945,2001-2005→2005-2009
1866,Hadsel,2005-2009,2005,2009,Nordland,Nord-Norge,5,605,False,4428.0,35.43,39.19,3.76,23.24,25.51,2.27,7.25,12.04,4.79,3.91,2.65,-1.26,9.35,7.63,-1.72,11.25,8.24,-3.01,3.09,2.21,-0.88,0.14,0.35,0.21,0.81,0.82,0.01,5.53,1.36,-4.17,0.55,9.54,0.04,8039.0,8.9921,-1.1071,-4.6991,-7.3392,-3.483,15.4994,18.0993,0.488,17.6177,295000.0,,,,0,14.61,-1.23,-5.41,-0.7307792648845286,2001-2005→2005-2009
1867,Bø,2005-2009,2005,2009,Nordland,Nord-Norge,6,497,False,1671.0,26.21,30.21,4.0,23.1,29.84,6.74,6.34,11.0,4.66,5.51,4.11,-1.4,15.74,13.21,-2.53,11.37,5.69,-5.68,4.07,2.91,-1.16,0.0,0.25,0.25,0.42,0.57,0.15,7.24,2.21,-5.03,4.21,39.0,-9.93,3003.0,8.0074,-5.4945,-14.8259,-23.643,-31.635,23.1435,13.9194,0.6056,10.2811,258000.0,,,,0,14.45,-0.94,-2.22,1.2761781876946925,2001-2005→2005-2009
1868,Øksnes,2005-2009,2005,2009,Nordland,Nord-Norge,5,584,False,2436.0,26.27,33.25,6.98,25.66,27.43,1.77,6.86,12.51,5.65,8.78,6.52,-2.26,10.55,8.66,-1.89,8.17,7.04,-1.13,2.18,1.22,-0.96,0.04,0.09,0.05,0.33,0.57,0.24,11.17,2.71,-8.46,-0.12,19.33,-9.83,4550.0,8.4229,-2.9011,-7.0873,-27.2527,-1.3187,13.9341,18.044,1.0501,11.3888,317000.0,,,,0,11.3,-1.71,-5.19,-0.7023170857347614,2001-2005→2005-2009
1870,Sortland - Suortá,2005-2009,2005,2009,Nordland,Nord-Norge,4,670,False,5005.0,29.99,32.51,2.52,24.62,28.01,3.39,11.61,14.76,3.15,3.92,2.83,-1.09,8.97,8.07,-0.9,12.13,8.36,-3.77,3.36,2.11,-1.25,0.14,0.33,0.19,0.98,1.67,0.69,4.3,1.36,-2.94,2.49,10.95,-1.46,9536.0,9.1628,2.0554,7.0156,11.745,9.2282,12.5944,19.2324,-0.2742,17.7536,316000.0,,,,0,10.63,-2.72,-5.14,0.6984333757336847,2001-2005→2005-2009
1871,Andøy,2005-2009,2005,2009,Nordland,Nord-Norge,6,517,False,3073.0,33.45,36.02,2.57,22.81,22.93,0.12,9.37,16.15,6.78,3.25,2.73,-0.52,12.3,10.62,-1.68,8.66,5.74,-2.92,4.78,2.98,-1.8,0.1,0.39,0.29,0.42,0.54,0.12,4.85,1.9,-2.95,-1.56,10.69,1.61,5341.0,8.5832,-5.748,-12.68,-46.9949,-10.1105,17.4312,17.1878,0.487,14.1026,305000.0,,,,0,14.48,-9.25,-4.29,0.7915802726565895,2001-2005→2005-2009
1874,Moskenes,2005-2009,2005,2009,Nordland,Nord-Norge,6,442,False,630.0,35.08,41.84,6.76,16.83,21.58,4.75,2.38,6.0,3.62,4.92,4.32,-0.6,13.49,10.88,-2.61,13.49,7.69,-5.8,3.33,2.44,-0.89,0.0,0.56,0.56,0.16,0.38,0.22,10.32,4.32,-6.0,2.14,0.0,0.0,1201.0,7.0909,-7.0774,-17.6384,-51.6236,-19.9833,20.3997,18.0683,2.0018,9.3973,284000.0,,,,0,14.17,3.69,-3.47,-0.7927664258527272,2001-2005→2005-2009
1875,Hábmer - Hamarøy,2005-2009,2005,2009,Nordland,Nord-Norge,6,405,True,1742.88,33.1,36.59,3.49,22.02,24.5,2.48,6.03,9.87,3.84,5.76,4.03,-1.73,12.6,11.64,-0.96,9.91,7.14,-2.77,5.13,4.05,-1.08,0.21,0.4,0.19,1.01,0.81,-0.2,4.23,0.96,-3.27,1.52,10.78,5.23,3077.9776,8.032,-4.6159,-13.5839,-24.6882,-21.4205,17.8857,16.0835,0.6967,15.7098,266679.5302,,,,1,12.76,2.24,-1.7,1.587761493252158,2001-2005→2005-2009
3101,Halden,2005-2009,2005,2009,Østfold,Østlandet,3,842,False,15850.0,39.47,41.55,2.08,23.09,24.37,1.28,10.59,12.34,1.75,7.36,6.15,-1.21,4.33,4.57,0.24,8.47,5.22,-3.25,4.01,2.62,-1.39,0.18,0.53,0.35,0.88,1.06,0.18,1.6,1.59,-0.01,1.52,5.4,-0.46,27582.0,10.2249,2.9258,7.0354,28.8231,-0.29,15.4231,19.2408,-0.4138,19.3658,296000.0,,,,0,7.52,-0.07,-5.16,0.2853691212722653,2001-2005→2005-2009
3103,Moss,2005-2009,2005,2009,Østfold,Østlandet,2,900,False,23787.0,35.12,37.77,2.65,26.45,26.76,0.31,16.21,19.62,3.41,4.06,2.92,-1.14,1.93,1.7,-0.23,8.8,5.84,-2.96,4.67,2.96,-1.71,0.14,0.29,0.15,0.91,1.05,0.14,1.71,1.09,-0.62,0.08,1.28,-0.14,41752.0,10.6395,4.6489,11.0312,39.567,6.8979,13.9059,19.2973,0.165,21.6854,322617.8764,,,,1,9.25,0.2,-9.46,-0.9594193173420056,2001-2005→2005-2009
3105,Sarpsborg,2005-2009,2005,2009,Østfold,Østlandet,2,877,False,28583.0,42.56,44.41,1.85,26.06,27.09,1.03,9.79,12.09,2.3,6.87,5.73,-1.14,3.4,3.24,-0.16,6.12,3.37,-2.75,2.87,1.84,-1.03,0.11,0.18,0.07,0.41,0.43,0.02,1.81,1.63,-0.18,0.87,3.98,-0.24,49753.0,10.8148,3.9596,9.764,33.1839,6.472,14.2122,20.2018,-0.2687,17.0832,303000.0,,,,0,9.08,0.12,-7.25,-1.4232021440431568,2001-2005→2005-2009
3107,Fredrikstad,2005-2009,2005,2009,Østfold,Østlandet,2,870,False,40399.0,36.1,42.67,6.57,28.13,24.69,-3.44,12.14,15.25,3.11,6.01,5.29,-0.72,2.32,2.1,-0.22,8.4,4.93,-3.47,3.97,2.51,-1.46,0.13,0.24,0.11,0.72,0.76,0.04,2.09,1.56,-0.53,-3.66,2.25,-0.06,70418.0,11.1622,3.3259,7.9285,30.9722,2.2579,14.6639,19.1258,-0.373,20.8553,312000.0,,,,0,6.68,0.13,-7.54,-0.8854744170757938,2001-2005→2005-2009
3110,Hvaler,2005-2009,2005,2009,Østfold,Østlandet,4,723,False,2358.0,34.05,36.95,2.9,28.54,28.07,-0.47,15.14,18.26,3.12,4.58,3.39,-1.19,2.59,2.3,-0.29,7.51,5.65,-1.86,5.05,2.91,-2.14,0.0,0.08,0.08,0.98,0.93,-0.05,1.57,1.45,-0.12,-0.76,8.64,-4.24,3773.0,8.2356,5.9634,14.6544,60.4294,-3.1805,13.4641,16.4591,0.4929,19.2034,358000.0,,,,0,9.78,0.02,-9.8,-1.430889010486073,2001-2005→2005-2009
3112,Råde,2005-2009,2005,2009,Østfold,Østlandet,3,836,False,3940.0,28.91,31.26,2.35,30.43,29.85,-0.58,11.35,15.74,4.39,11.75,8.72,-3.03,7.23,7.58,0.35,4.7,2.82,-1.88,3.91,2.4,-1.51,0.03,0.19,0.16,0.28,0.46,0.18,1.42,0.97,-0.45,-0.23,10.99,-1.76,6465.0,8.7742,5.0271,11.0021,47.9505,1.7015,14.478,18.082,0.1465,18.941,375000.0,,,,0,7.14,-0.02,-8.51,-1.7800928933072635,2001-2005→2005-2009
3114,Våler (Østfold),2005-2009,2005,2009,Østfold,Østlandet,3,824,False,2282.0,24.67,27.33,2.66,32.25,33.24,0.99,13.8,16.22,2.42,6.49,5.99,-0.5,10.12,10.71,0.59,5.87,2.8,-3.07,4.47,1.96,-2.51,0.04,0.2,0.16,0.48,0.48,0.0,1.8,1.08,-0.72,1.58,17.59,3.51,4020.0,8.299,10.3731,12.8146,88.0597,17.1642,9.7264,17.5373,0.4607,16.4714,398000.0,,,,0,7.72,-0.78,-10.68,-2.4477695445299954,2001-2005→2005-2009
3116,Skiptvet,2005-2009,2005,2009,Østfold,Østlandet,3,792,False,1845.0,26.18,31.19,5.01,29.76,28.96,-0.8,9.0,10.45,1.45,9.49,8.66,-0.83,16.42,15.41,-1.01,4.44,2.56,-1.88,3.2,1.47,-1.73,0.11,0.22,0.11,0.22,0.27,0.05,1.19,0.82,-0.37,-1.81,39.99,-6.96,3355.0,8.1182,4.0835,11.1748,28.0179,13.4128,13.1148,20.0596,-0.6577,13.2461,337000.0,,,,0,4.47,0.71,-5.86,-0.668809415280907,2001-2005→2005-2009
3118,Indre Østfold,2005-2009,2005,2009,Østfold,Østlandet,3,858,False,21770.0,29.44,32.55,3.11,29.12,27.71,-1.41,11.75,15.02,3.27,7.54,6.57,-0.97,9.64,9.99,0.35,5.9,3.59,-2.31,4.8,2.98,-1.82,0.11,0.19,0.08,0.59,0.53,-0.06,1.1,0.86,-0.24,-1.06,20.43,-4.27,38609.0,10.5612,4.2762,10.5103,34.3443,8.0292,12.8985,19.6172,-0.067,15.7967,325177.8642,,,,1,7.85,0.51,-8.31,-1.540533169321101,2001-2005→2005-2009
3120,Rakkestad,2005-2009,2005,2009,Østfold,Østlandet,3,785,False,4099.0,26.91,32.37,5.46,23.3,21.6,-1.7,8.42,10.52,2.1,14.44,11.65,-2.79,17.22,17.79,0.57,3.85,2.02,-1.83,4.44,2.8,-1.64,0.02,0.07,0.05,0.27,0.17,-0.1,1.12,1.01,-0.11,-1.13,27.77,-5.19,7284.0,8.8934,2.9105,5.8757,33.3608,-4.3932,14.978,19.0005,-0.557,12.6165,321000.0,,,,0,6.15,-0.37,-4.8,-0.10146190969847524,2001-2005→2005-2009
3122,Marker,2005-2009,2005,2009,Østfold,Østlandet,4,732,False,2021.0,34.78,36.98,2.2,18.26,18.27,0.01,8.21,10.26,2.05,15.19,13.53,-1.66,14.75,15.68,0.93,3.51,1.76,-1.75,3.91,1.95,-1.96,0.15,0.34,0.19,0.25,0.24,-0.01,0.99,0.98,-0.01,0.94,29.34,-11.25,3439.0,8.1429,0.4653,5.0152,19.4824,-15.4115,17.1562,17.476,0.2968,12.9416,296000.0,,,,0,8.98,-0.58,-7.17,-1.7617716302561934,2001-2005→2005-2009
3124,Aremark,2005-2009,2005,2009,Østfold,Østlandet,5,662,False,875.0,31.54,31.95,0.41,17.83,22.25,4.42,9.71,10.77,1.06,14.86,11.12,-3.74,16.11,18.22,2.11,4.8,2.96,-1.84,2.97,1.3,-1.67,0.11,0.12,0.01,0.23,0.24,0.01,1.83,1.07,-0.76,6.53,23.31,0.25,1425.0,7.2619,-0.3509,-2.6063,-3.5088,-4.9123,16.7018,16.7719,0.4813,13.4263,325000.0,,,,0,9.45,-1.45,-3.43,1.3452089923543329,2001-2005→2005-2009
3201,Bærum,2005-2009,2005,2009,Akershus,Oslo/Akershus,1,966,False,62291.0,22.82,25.77,2.95,19.18,20.52,1.34,31.94,35.42,3.48,3.19,2.46,-0.73,1.55,1.17,-0.38,7.19,5.46,-1.73,12.32,7.42,-4.9,0.21,0.39,0.18,0.72,0.77,0.05,0.88,0.62,-0.26,0.96,1.42,-0.18,104690.0,11.5588,4.7856,8.8585,27.825,19.9159,13.3814,17.804,-0.2757,42.9946,411000.0,,,,0,6.7,0.44,-14.29,0.6409841611178031,2001-2005→2005-2009
3203,Asker,2005-2009,2005,2009,Akershus,Oslo/Akershus,2,910,False,44794.0,27.16,29.87,2.71,22.55,23.77,1.22,25.47,28.12,2.65,3.96,2.97,-0.99,2.3,2.05,-0.25,7.4,5.66,-1.74,9.34,6.0,-3.34,0.16,0.38,0.22,0.74,0.65,-0.09,0.93,0.53,-0.4,0.97,2.16,-0.24,76937.0,11.2507,5.9373,12.0837,41.0856,18.8206,11.165,17.4181,0.3374,34.5499,423457.2647,,,,1,7.32,0.47,-12.24,0.018033619022087777,2001-2005→2005-2009
3205,Lillestrøm,2005-2009,2005,2009,Akershus,Oslo/Akershus,1,940,False,37049.0,36.87,40.26,3.39,25.23,25.34,0.11,14.96,17.58,2.62,4.07,3.14,-0.93,4.59,3.7,-0.89,7.7,4.69,-3.01,4.58,3.38,-1.2,0.13,0.35,0.22,0.7,0.73,0.03,1.17,0.82,-0.35,-0.78,5.43,-0.41,64586.0,11.0758,11.0906,21.2058,87.279,23.5345,11.4669,19.7922,-0.1929,22.2707,377292.3146,,,,1,6.52,1.05,-8.83,-0.9675363037057414,2001-2005→2005-2009
3207,Nordre Follo,2005-2009,2005,2009,Akershus,Oslo/Akershus,2,923,False,30106.0,30.0,33.56,3.56,22.43,22.58,0.15,22.9,24.98,2.08,4.26,3.57,-0.69,2.82,1.95,-0.87,7.95,6.46,-1.49,7.52,4.85,-2.67,0.16,0.35,0.19,0.72,0.9,0.18,1.24,0.8,-0.44,-0.72,2.47,-0.2,50386.0,10.8275,3.8205,8.9313,16.1553,21.9704,10.616,17.7549,0.9054,30.5413,420868.9624,,,,1,8.32,0.87,-11.19,-0.056069492442388125,2001-2005→2005-2009
3209,Ullensaker,2005-2009,2005,2009,Akershus,Oslo/Akershus,2,920,False,13586.0,32.05,35.7,3.65,32.37,32.42,0.05,14.74,17.36,2.62,3.22,2.38,-0.84,5.47,4.42,-1.05,5.63,3.31,-2.32,4.2,2.51,-1.69,0.1,0.18,0.08,0.52,0.82,0.3,1.69,0.9,-0.79,-1.0,7.97,-1.97,24556.0,10.1087,14.5871,43.5393,112.8848,32.9451,9.8754,21.7625,-0.0524,19.5774,378000.0,,,,0,6.02,0.29,-11.24,-2.773687914393131,2001-2005→2005-2009
3212,Nesodden,2005-2009,2005,2009,Akershus,Oslo/Akershus,3,850,False,9299.0,29.29,32.69,3.4,18.06,18.49,0.43,16.49,17.4,0.91,3.9,3.53,-0.37,2.79,1.64,-1.15,16.68,14.47,-2.21,8.76,6.75,-2.01,0.66,1.44,0.78,2.38,2.84,0.46,1.0,0.75,-0.25,-0.72,1.68,-0.28,16231.0,9.6947,5.5326,13.4596,38.8762,16.8813,9.7529,16.6102,0.4753,34.7099,388000.0,,,,0,9.22,1.41,-10.26,-1.4215390450326861,2001-2005→2005-2009
3214,Frogn,2005-2009,2005,2009,Akershus,Oslo/Akershus,2,891,False,8074.0,28.04,30.15,2.11,23.51,25.54,2.03,23.64,26.03,2.39,3.06,1.97,-1.09,3.03,2.6,-0.43,7.86,6.1,-1.76,8.46,5.19,-3.27,0.11,0.48,0.37,0.51,0.78,0.27,1.77,1.16,-0.61,1.6,2.99,0.19,13358.0,9.4999,8.0626,13.2334,67.8245,13.3253,11.057,15.8557,0.9485,28.9622,399000.0,,,,0,8.07,0.34,-12.77,-0.9298859505284938,2001-2005→2005-2009
3216,Vestby,2005-2009,2005,2009,Akershus,Oslo/Akershus,2,877,False,7453.0,30.07,33.82,3.75,25.6,26.31,0.71,18.11,19.46,1.35,3.15,2.87,-0.28,5.33,4.33,-1.0,8.67,6.62,-2.05,6.56,4.53,-2.03,0.31,0.41,0.1,0.9,0.89,-0.01,1.3,0.75,-0.55,-0.29,5.74,-5.74,12990.0,9.4719,8.5065,21.5401,62.3557,21.863,8.953,19.3764,0.5397,25.1401,410000.0,,,,0,6.43,0.69,-10.99,-1.4193381091883932,2001-2005→2005-2009
3218,Ås,2005-2009,2005,2009,Akershus,Oslo/Akershus,2,895,False,8042.0,28.81,33.61,4.8,19.53,20.63,1.1,14.55,17.09,2.54,4.82,3.9,-0.92,10.25,7.77,-2.48,11.13,9.64,-1.49,8.54,5.29,-3.25,0.26,0.5,0.24,1.26,1.08,-0.18,0.85,0.49,-0.36,-1.38,11.46,0.96,14472.0,9.58,9.6117,19.6305,69.859,27.0868,10.7863,19.8729,0.1952,33.0976,371000.0,,,,0,7.47,1.2,-8.38,-0.771659593071413,2001-2005→2005-2009
3220,Enebakk,2005-2009,2005,2009,Akershus,Oslo/Akershus,3,827,False,5314.0,30.73,32.81,2.08,31.26,33.1,1.84,12.66,16.33,3.67,5.55,4.16,-1.39,6.3,4.9,-1.4,7.81,4.41,-3.4,3.84,2.24,-1.6,0.11,0.43,0.32,0.77,0.68,-0.09,0.96,0.93,-0.03,0.44,9.56,0.69,9297.0,9.1374,9.2073,19.3768,59.9118,32.4836,7.9596,19.8881,0.1957,16.6667,400000.0,,,,0,7.8,0.82,-8.05,-1.0876022943221422,2001-2005→2005-2009
3222,Lørenskog,2005-2009,2005,2009,Akershus,Oslo/Akershus,1,978,False,17768.0,36.95,40.14,3.19,25.79,26.53,0.74,16.23,18.05,1.82,3.67,2.88,-0.79,1.77,1.47,-0.3,8.23,5.0,-3.23,4.83,3.74,-1.09,0.08,0.24,0.16,1.08,1.21,0.13,1.36,0.74,-0.62,0.44,1.38,0.39,30675.0,10.3312,5.2975,10.5899,26.6341,25.8191,9.6365,19.5534,0.6886,25.1797,390000.0,,,,0,7.53,0.41,-9.87,-1.27713205766171,2001-2005→2005-2009
3224,Rælingen,2005-2009,2005,2009,Akershus,Oslo/Akershus,1,948,False,8573.0,39.36,42.77,3.41,25.53,25.31,-0.22,13.72,16.48,2.76,4.42,3.38,-1.04,2.6,1.88,-0.72,7.99,5.05,-2.94,4.01,3.01,-1.0,0.12,0.38,0.26,0.76,0.68,-0.08,1.49,1.06,-0.43,-0.94,1.64,0.49,14797.0,9.6022,3.7035,6.7627,4.2576,31.8308,9.0762,21.8625,0.6078,21.1593,378000.0,,,,0,8.82,0.82,-9.64,-1.858708609050029,2001-2005→2005-2009
3226,Aurskog-Høland,2005-2009,2005,2009,Akershus,Oslo/Akershus,3,797,False,8213.0,39.33,41.88,2.55,24.62,25.52,0.9,7.26,9.79,2.53,7.23,6.47,-0.76,12.01,9.67,-2.34,4.81,3.27,-1.54,3.43,1.96,-1.47,0.07,0.26,0.19,0.46,0.45,-0.01,0.78,0.73,-0.05,-1.44,16.77,-4.2,13942.0,9.5427,6.3621,13.1035,67.2787,-4.3753,14.7755,18.1681,-0.6747,12.839,338532.107,,,,1,4.92,0.4,-5.3,-0.8405388601748243,2001-2005→2005-2009
3228,Nes,2005-2009,2005,2009,Akershus,Oslo/Akershus,3,826,False,10295.0,39.54,40.12,0.58,25.39,28.25,2.86,8.51,11.91,3.4,4.01,3.23,-0.78,9.87,7.9,-1.97,7.23,4.3,-2.93,3.68,2.63,-1.05,0.06,0.35,0.29,0.55,0.58,0.03,1.16,0.75,-0.41,0.89,10.76,0.74,18025.0,9.7995,3.3509,15.3784,25.1318,7.5451,11.9112,18.4688,-0.0265,14.5483,380000.0,,,,0,5.21,0.56,-6.83,-1.5569614870272854,2001-2005→2005-2009
3230,Gjerdrum,2005-2009,2005,2009,Akershus,Oslo/Akershus,2,880,False,2899.0,31.74,35.17,3.43,22.87,23.51,0.64,16.7,19.5,2.8,6.8,4.96,-1.84,8.11,7.18,-0.93,6.07,3.72,-2.35,6.28,4.57,-1.71,0.0,0.32,0.32,0.66,0.44,-0.22,0.79,0.64,-0.15,-0.29,11.86,-1.36,5064.0,8.5299,9.9329,25.0449,73.2622,24.8815,9.3997,18.6216,0.3003,21.939,421000.0,,,,0,6.62,0.26,-8.23,-0.05832232629273726,2001-2005→2005-2009
3232,Nittedal,2005-2009,2005,2009,Akershus,Oslo/Akershus,2,886,False,11395.0,33.58,38.14,4.56,27.92,26.46,-1.46,15.13,18.05,2.92,3.19,2.55,-0.64,3.55,2.49,-1.06,8.44,6.18,-2.26,5.76,3.96,-1.8,0.13,0.42,0.29,0.92,0.99,0.07,1.4,0.77,-0.63,-2.52,12.69,-7.18,19578.0,9.8822,4.9903,12.6055,25.9475,24.1087,8.7598,18.0764,0.6588,25.0981,416000.0,,,,0,7.25,0.63,-11.01,-2.391843856665588,2001-2005→2005-2009
3234,Lunner,2005-2009,2005,2009,Akershus,Oslo/Akershus,3,785,False,5046.0,38.98,41.51,2.53,21.2,22.98,1.78,11.77,15.39,3.62,5.03,3.71,-1.32,7.55,7.16,-0.39,8.82,5.0,-3.82,4.88,2.71,-2.17,0.1,0.31,0.21,0.73,0.45,-0.28,0.93,0.77,-0.16,1.39,10.43,-2.21,8505.0,9.0484,0.5526,4.0389,-5.5262,9.759,11.3345,18.9065,0.3937,17.967,375000.0,,,,0,7.25,-0.04,-5.12,0.7175101805872384,2001-2005→2005-2009
3236,Jevnaker,2005-2009,2005,2009,Akershus,Oslo/Akershus,3,793,False,3693.0,44.46,46.35,1.89,23.23,24.59,1.36,10.61,13.34,2.73,2.55,1.85,-0.7,5.79,5.47,-0.32,8.72,5.14,-3.58,2.92,1.69,-1.23,0.11,0.36,0.25,0.49,0.64,0.15,1.11,0.58,-0.53,1.04,9.74,-3.06,6335.0,8.7538,-1.326,4.1313,-13.2597,-1.105,14.2384,18.09,0.1273,16.0247,323000.0,,,,0,10.91,1.31,-8.4,-1.9104697418923475,2001-2005→2005-2009
3238,Nannestad,2005-2009,2005,2009,Akershus,Oslo/Akershus,3,834,False,5484.0,34.57,37.36,2.79,29.1,31.0,1.9,10.27,12.71,2.44,5.18,3.81,-1.37,8.1,7.24,-0.86,6.38,3.53,-2.85,4.7,2.79,-1.91,0.04,0.24,0.2,0.66,0.57,-0.09,1.0,0.75,-0.25,1.04,14.67,-4.22,10141.0,9.2243,6.4984,24.8122,40.5285,23.4691,9.9497,19.9487,0.0781,14.2175,374000.0,,,,0,4.76,-0.17,-7.57,-1.5676325879720423,2001-2005→2005-2009
3240,Eidsvoll,2005-2009,2005,2009,Akershus,Oslo/Akershus,3,851,False,10710.0,37.9,38.63,0.73,27.21,29.81,2.6,10.1,13.35,3.25,3.79,3.29,-0.5,6.88,5.27,-1.61,8.1,4.85,-3.25,3.46,2.32,-1.14,0.15,0.29,0.14,0.68,0.71,0.03,1.73,1.47,-0.26,0.99,9.72,2.5,18637.0,9.8329,9.0358,18.1247,76.6218,13.9507,12.4859,19.751,-0.6706,16.4238,354000.0,,,,0,4.53,1.44,-8.23,-2.0065490527347993,2001-2005→2005-2009
3242,Hurdal,2005-2009,2005,2009,Akershus,Oslo/Akershus,4,736,False,1543.0,34.93,34.49,-0.44,23.4,25.87,2.47,6.09,9.84,3.75,10.69,9.16,-1.53,9.07,8.69,-0.38,7.52,4.89,-2.63,6.22,4.75,-1.47,0.13,0.95,0.82,0.45,0.61,0.16,1.49,0.75,-0.74,2.09,10.48,-1.01,2602.0,7.864,0.7302,-0.569,13.0669,-5.7648,16.372,17.4481,0.4918,13.9139,315000.0,,,,0,2.91,1.33,-7.19,-2.4391622825141948,2001-2005→2005-2009
3301,Drammen,2005-2009,2005,2009,Buskerud,Østlandet,2,912,False,47555.0,37.43,37.76,0.33,26.67,27.04,0.37,16.54,21.29,4.75,4.49,3.28,-1.21,2.06,1.9,-0.16,7.21,4.54,-2.67,4.16,2.77,-1.39,0.14,0.28,0.14,0.53,0.57,0.04,0.78,0.56,-0.22,0.21,1.29,-0.25,85111.0,11.3517,5.9746,11.6812,46.3747,13.3473,13.1217,21.1171,-0.4049,20.6906,320070.789,,,,1,9.51,0.47,-10.61,-1.6381658694994758,2001-2005→2005-2009
3303,Kongsberg,2005-2009,2005,2009,Buskerud,Østlandet,3,848,False,13806.0,38.01,41.61,3.6,21.22,21.33,0.11,14.73,18.1,3.37,3.26,2.65,-0.61,6.21,5.8,-0.41,8.71,5.75,-2.96,6.14,3.56,-2.58,0.11,0.22,0.11,1.1,0.61,-0.49,0.5,0.38,-0.12,-0.3,6.59,2.34,23244.0,10.0538,4.8916,10.3013,33.2989,15.789,13.0313,20.8054,0.1183,28.71,351000.0,,,,0,10.96,1.76,-11.23,-2.591740171168963,2001-2005→2005-2009
3305,Ringerike,2005-2009,2005,2009,Buskerud,Østlandet,3,838,False,16403.0,42.5,41.6,-0.9,21.81,25.25,3.44,11.42,15.74,4.32,2.95,2.23,-0.72,4.54,5.09,0.55,8.48,4.72,-3.76,6.32,3.44,-2.88,0.07,0.22,0.15,1.02,1.2,0.18,0.87,0.51,-0.36,3.99,4.92,1.18,28079.0,10.2428,2.0157,3.0396,24.6448,-4.8079,15.6451,19.2884,-0.5779,18.9955,310000.0,,,,0,9.3,0.52,-8.56,-1.7619202468955892,2001-2005→2005-2009
3310,Hole,2005-2009,2005,2009,Buskerud,Østlandet,3,832,False,3182.0,27.84,28.96,1.12,24.7,25.29,0.59,19.74,24.93,5.19,5.06,3.7,-1.36,7.73,7.2,-0.53,6.16,4.89,-1.27,7.07,3.46,-3.61,0.06,0.27,0.21,0.72,0.74,0.02,0.91,0.56,-0.35,0.06,10.94,-1.04,5229.0,8.562,12.0864,19.5878,107.86,13.1956,12.6984,17.2308,-0.2603,27.3213,388000.0,,,,0,6.18,0.52,-10.7,-0.6750658656231607,2001-2005→2005-2009
3312,Lier,2005-2009,2005,2009,Buskerud,Østlandet,2,887,False,12516.0,32.61,34.25,1.64,23.36,24.42,1.06,20.13,24.6,4.47,3.67,2.69,-0.98,5.42,4.91,-0.51,7.31,4.62,-2.69,6.2,3.37,-2.83,0.21,0.35,0.14,0.46,0.47,0.01,0.64,0.32,-0.32,0.55,6.77,-1.22,21725.0,9.9862,5.2842,7.9068,39.6778,12.9344,11.4983,17.7906,0.0219,26.1218,389000.0,,,,0,7.92,0.72,-10.65,-0.5186165384928412,2001-2005→2005-2009
3314,Øvre Eiker,2005-2009,2005,2009,Buskerud,Østlandet,3,848,False,8991.0,33.47,34.74,1.27,27.38,27.15,-0.23,13.54,18.46,4.92,4.42,3.19,-1.23,10.05,9.43,-0.62,6.46,4.17,-2.29,3.46,1.41,-2.05,0.09,0.27,0.18,0.47,0.45,-0.02,0.67,0.73,0.06,-0.85,10.42,-1.98,15633.0,9.6571,4.5865,9.1601,35.3099,10.8105,13.6634,19.4333,-0.0854,16.4111,336000.0,,,,0,7.15,0.52,-7.0,-0.05393536162264656,2001-2005→2005-2009
3316,Modum,2005-2009,2005,2009,Buskerud,Østlandet,3,812,False,7324.0,40.82,41.11,0.29,23.48,24.68,1.2,9.37,13.49,4.12,4.52,3.14,-1.38,10.9,11.36,0.46,6.03,3.12,-2.91,3.5,1.95,-1.55,0.07,0.29,0.22,0.44,0.36,-0.08,0.87,0.5,-0.37,1.66,10.06,11.15,12541.0,9.4368,2.6393,4.3535,28.0679,-1.515,14.8632,19.8947,-0.7085,15.2887,311000.0,,,,0,8.04,0.37,-7.52,-1.680478134191052,2001-2005→2005-2009
3318,Krødsherad,2005-2009,2005,2009,Buskerud,Østlandet,5,656,False,1259.0,40.19,41.05,0.86,24.94,25.0,0.06,9.53,14.02,4.49,2.7,0.84,-1.86,11.12,13.51,2.39,5.64,2.53,-3.11,5.0,2.36,-2.64,0.0,0.17,0.17,0.4,0.17,-0.23,0.48,0.34,-0.14,2.45,0.0,0.0,2151.0,7.6737,-1.7201,-6.8312,-8.8331,-8.8331,14.6908,17.8522,1.0613,14.8043,325000.0,,,,0,8.18,0.37,-8.38,-2.08728416402454,2001-2005→2005-2009
3320,Flå,2005-2009,2005,2009,Buskerud,Østlandet,5,617,False,642.0,39.41,36.73,-2.68,25.86,26.02,0.16,6.85,12.07,5.22,4.67,2.72,-1.95,13.86,18.2,4.34,5.61,1.87,-3.74,2.65,1.02,-1.63,0.0,0.68,0.68,0.0,0.17,0.17,1.09,0.51,-0.58,4.5,0.0,0.0,1014.0,6.9217,-0.2959,-9.246,23.6686,-26.6272,21.2032,15.9763,0.2607,13.3492,291000.0,,,,0,10.41,2.26,-11.02,-4.674865261429387,2001-2005→2005-2009
3322,Nesbyen,2005-2009,2005,2009,Buskerud,Østlandet,5,640,False,2007.0,35.48,36.88,1.4,19.23,22.38,3.15,11.41,13.67,2.26,7.27,4.8,-2.47,14.95,13.88,-1.07,6.38,4.96,-1.42,4.53,2.61,-1.92,0.1,0.05,-0.05,0.1,0.31,0.21,0.55,0.47,-0.08,2.08,16.19,11.99,3485.0,8.1562,-0.6887,-0.8877,-0.8608,-4.878,16.901,17.8766,0.7529,16.9703,304000.0,,,,0,6.53,1.12,-4.99,0.797180600600476,2001-2005→2005-2009
3324,Gol,2005-2009,2005,2009,Buskerud,Østlandet,4,683,False,2421.0,28.79,31.18,2.39,21.97,24.37,2.4,13.51,15.59,2.08,6.86,4.33,-2.53,15.16,14.24,-0.92,6.53,4.98,-1.55,5.95,4.0,-1.95,0.12,0.37,0.25,0.29,0.37,0.08,0.83,0.57,-0.26,1.48,17.42,1.66,4375.0,8.3837,3.2229,3.6731,24.0,7.5429,15.84,19.6571,0.2362,16.1463,300000.0,,,,0,6.29,1.73,-8.74,-1.1395702348325552,2001-2005→2005-2009
3326,Hemsedal,2005-2009,2005,2009,Buskerud,Østlandet,5,625,False,1054.0,19.92,23.11,3.19,14.42,18.26,3.84,20.97,19.73,-1.24,12.52,11.23,-1.29,18.69,18.9,0.21,5.98,4.38,-1.6,6.07,3.2,-2.87,0.19,0.27,0.08,0.66,0.37,-0.29,0.57,0.55,-0.02,4.05,28.12,1.94,1909.0,7.5543,4.505,9.0164,26.1917,18.3342,12.7816,21.9487,-0.2502,19.0476,315000.0,,,,0,3.24,-0.21,-5.26,3.5739003068050366,2001-2005→2005-2009
3328,Ål,2005-2009,2005,2009,Buskerud,Østlandet,5,635,False,2746.0,28.7,32.11,3.41,14.79,17.38,2.59,10.52,12.55,2.03,11.03,7.16,-3.87,18.21,19.0,0.79,7.32,5.13,-2.19,7.9,5.09,-2.81,0.07,0.34,0.27,0.62,0.53,-0.09,0.84,0.72,-0.12,3.38,17.5,2.63,4670.0,8.4489,-0.6424,-1.3605,-2.1413,-3.212,16.7452,17.8158,-0.409,18.7992,316000.0,,,,0,8.12,-0.27,-4.57,0.8316469222092415,2001-2005→2005-2009
3330,Hol,2005-2009,2005,2009,Buskerud,Østlandet,5,629,False,2606.0,27.82,30.78,2.96,23.79,23.99,0.2,17.65,21.66,4.01,5.49,3.9,-1.59,10.05,10.97,0.92,6.37,3.98,-2.39,7.25,3.74,-3.51,0.15,0.16,0.01,0.5,0.4,-0.1,0.92,0.44,-0.48,1.12,10.27,-0.31,4557.0,8.4244,-2.7869,-4.4641,-26.3331,-1.975,15.1854,19.5084,0.4128,17.0553,311000.0,,,,0,5.91,2.82,-11.33,-1.5692294934924025,2001-2005→2005-2009
3332,Sigdal,2005-2009,2005,2009,Buskerud,Østlandet,5,663,False,2101.0,28.65,26.16,-2.49,21.7,23.87,2.17,10.0,13.27,3.27,2.33,1.42,-0.91,27.94,29.62,1.68,3.81,2.68,-1.13,5.14,2.2,-2.94,0.0,0.2,0.2,0.19,0.29,0.1,0.24,0.29,0.05,3.85,45.47,-1.85,3537.0,8.171,-0.0848,-2.1324,7.9163,-8.7645,17.9813,17.3028,-0.4941,11.1693,325000.0,,,,0,4.74,1.29,-7.16,-1.123241186792887,2001-2005→2005-2009
3334,Flesberg,2005-2009,2005,2009,Buskerud,Østlandet,4,688,False,1491.0,28.97,27.64,-1.33,26.69,28.98,2.29,10.06,15.73,5.67,3.76,2.61,-1.15,18.38,18.27,-0.11,6.17,3.68,-2.49,4.56,2.07,-2.49,0.27,0.27,0.0,0.47,0.47,0.0,0.67,0.27,-0.4,2.18,22.65,0.15,2517.0,7.8308,1.0727,1.76,3.5757,4.7676,14.5411,16.6071,0.7105,14.6526,359000.0,,,,0,6.44,3.08,-8.86,-2.2963107834323075,2001-2005→2005-2009
3336,Rollag,2005-2009,2005,2009,Buskerud,Østlandet,5,578,False,856.0,35.98,33.7,-2.28,12.38,17.22,4.84,3.97,8.79,4.82,6.66,5.01,-1.65,29.79,29.18,-0.61,5.84,2.32,-3.52,3.62,2.56,-1.06,0.0,0.12,0.12,1.17,0.49,-0.68,0.58,0.61,0.03,4.23,44.52,-12.33,1441.0,7.2731,-1.5961,-4.896,-0.694,-14.5732,18.043,15.6142,0.2221,15.9208,317000.0,,,,0,12.09,7.15,-8.32,-3.7679366728642707,2001-2005→2005-2009
3338,Nore og Uvdal,2005-2009,2005,2009,Buskerud,Østlandet,6,530,False,1466.0,31.45,32.16,0.71,19.92,20.37,0.45,7.37,9.48,2.11,5.39,3.93,-1.46,26.47,29.63,3.16,5.32,2.81,-2.51,2.66,0.42,-2.24,0.0,0.35,0.35,0.48,0.77,0.29,0.95,0.07,-0.88,3.61,35.93,3.54,2635.0,7.8766,-5.0095,-10.8618,-35.2941,-16.6983,19.203,17.1537,-0.066,13.5417,300000.0,,,,0,8.15,4.1,-5.14,-0.4628169580234145,2001-2005→2005-2009
3401,Kongsvinger,2005-2009,2005,2009,Innlandet,Innlandet,3,792,False,10023.0,45.05,44.66,-0.39,22.93,24.37,1.44,8.97,10.74,1.77,2.56,2.15,-0.41,4.92,4.24,-0.68,9.18,6.54,-2.64,2.82,2.07,-0.75,0.0,0.25,0.25,0.46,0.64,0.18,3.11,4.35,1.24,0.76,4.98,-0.25,17279.0,9.7572,0.272,0.4173,9.8385,-7.813,15.024,18.2997,0.3633,16.8035,291000.0,,,,0,8.0,0.7,-5.78,-0.5854510954747099,2001-2005→2005-2009
3403,Hamar,2005-2009,2005,2009,Innlandet,Innlandet,2,873,False,17027.0,46.81,48.62,1.81,13.91,14.11,0.2,12.48,14.2,1.72,3.82,2.8,-1.02,3.62,4.49,0.87,10.96,9.33,-1.63,4.92,3.06,-1.86,0.0,0.42,0.42,0.7,0.81,0.11,2.77,2.17,-0.6,1.07,1.76,-0.19,27439.0,10.2197,2.8135,6.7628,34.0756,-6.1956,16.7572,18.7397,-0.4621,27.0052,303000.0,,,,0,8.57,0.62,-5.41,0.7016845329797992,2001-2005→2005-2009
3405,Lillehammer,2005-2009,2005,2009,Innlandet,Innlandet,3,818,False,14933.0,42.26,43.83,1.57,14.83,15.93,1.1,12.29,15.22,2.93,4.13,3.09,-1.04,6.43,6.1,-0.33,12.23,9.31,-2.92,5.81,4.21,-1.6,0.16,0.43,0.27,0.99,1.03,0.04,0.87,0.85,-0.02,0.77,7.51,-0.94,25075.0,10.1296,4.1037,6.4036,37.4078,3.8684,15.4018,18.9591,-0.3083,30.3772,312000.0,,,,0,9.54,0.16,-5.99,0.2774613562015764,2001-2005→2005-2009
3407,Gjøvik,2005-2009,2005,2009,Innlandet,Innlandet,3,805,False,16279.0,47.13,49.16,2.03,17.32,16.11,-1.21,9.72,12.98,3.26,5.08,4.17,-0.91,6.57,6.17,-0.4,7.76,4.71,-3.05,4.16,3.37,-0.79,0.24,0.44,0.2,0.74,0.73,-0.01,1.28,2.17,0.89,-1.61,6.72,-0.13,27648.0,10.2273,3.4831,6.0924,32.4074,2.8935,15.068,20.1027,-0.1821,20.9989,303000.0,,,,0,6.97,-0.16,-5.02,0.14716851881167692,2001-2005→2005-2009
3411,Ringsaker,2005-2009,2005,2009,Innlandet,Innlandet,3,797,False,17614.0,47.59,50.86,3.27,15.61,15.5,-0.11,8.47,10.44,1.97,3.36,2.45,-0.91,9.75,10.21,0.46,7.91,5.39,-2.52,4.35,2.97,-1.38,0.0,0.32,0.32,0.42,0.38,-0.04,2.53,1.49,-1.04,0.35,14.67,-4.24,31824.0,10.368,1.8162,2.8113,16.6541,1.5711,14.5676,17.911,0.058,16.291,321000.0,,,,0,6.85,0.93,-4.76,-0.05663135027897148,2001-2005→2005-2009
3412,Løten,2005-2009,2005,2009,Innlandet,Innlandet,3,790,False,4230.0,50.47,51.67,1.2,15.82,17.37,1.55,6.05,8.01,1.96,3.19,2.11,-1.08,11.04,10.94,-0.1,8.68,5.85,-2.83,2.13,1.65,-0.48,0.0,0.17,0.17,0.54,0.36,-0.18,2.08,1.87,-0.21,1.45,39.86,-17.94,7271.0,8.8916,-0.2201,1.1009,2.7507,-5.3638,14.3172,17.838,0.514,15.6734,313000.0,,,,0,8.74,1.89,-3.87,-0.20595123391761705,2001-2005→2005-2009
3413,Stange,2005-2009,2005,2009,Innlandet,Innlandet,3,820,False,10803.0,48.13,49.94,1.81,15.27,15.55,0.28,6.45,8.9,2.45,4.87,3.76,-1.11,8.3,10.29,1.99,9.37,6.31,-3.06,4.32,2.7,-1.62,0.0,0.36,0.36,0.48,0.5,0.02,2.8,1.71,-1.09,2.27,10.22,3.17,18427.0,9.8216,3.0119,6.8626,30.0646,-0.4884,15.0866,18.0442,0.1805,18.911,321000.0,,,,0,7.53,1.34,-3.9,-0.12810371610171734,2001-2005→2005-2009
3414,Nord-Odal,2005-2009,2005,2009,Innlandet,Innlandet,4,708,False,3164.0,54.08,54.4,0.32,18.11,20.95,2.84,4.3,5.7,1.4,2.72,2.37,-0.35,8.79,7.4,-1.39,8.28,5.97,-2.31,1.45,1.13,-0.32,0.0,0.13,0.13,0.22,0.53,0.31,2.05,1.4,-0.65,1.45,7.04,2.63,5073.0,8.5317,0.4928,0.8706,20.8949,-16.3611,18.1944,16.6371,-0.0304,11.2575,304000.0,,,,0,11.22,2.04,-3.07,-0.14389637623687213,2001-2005→2005-2009
3415,Sør-Odal,2005-2009,2005,2009,Innlandet,Innlandet,3,777,False,4557.0,48.69,44.8,-3.89,21.18,24.98,3.8,6.91,9.27,2.36,1.89,1.41,-0.48,9.06,8.87,-0.19,7.44,5.43,-2.01,2.35,1.48,-0.87,0.0,0.22,0.22,0.55,0.64,0.09,1.93,2.89,0.96,3.61,9.41,8.38,7623.0,8.9389,2.2563,6.7516,31.3525,-8.5268,16.0042,17.9457,-0.7893,12.5,322000.0,,,,0,5.6,1.57,-4.71,-0.5159454861728028,2001-2005→2005-2009
3416,Eidskog,2005-2009,2005,2009,Innlandet,Innlandet,4,691,False,3702.0,50.41,44.96,-5.45,20.88,22.93,2.05,8.24,10.61,2.37,3.86,2.94,-0.92,7.51,7.7,0.19,5.38,5.81,0.43,1.81,1.63,-0.18,0.0,0.41,0.41,0.27,0.49,0.22,1.65,2.53,0.88,2.24,8.34,6.19,6499.0,8.7794,-1.6156,0.6771,12.6173,-28.9275,18.3874,16.2333,-0.6364,10.4083,282000.0,,,,0,9.04,0.28,-3.52,0.7812928835639066,2001-2005→2005-2009
3417,Grue,2005-2009,2005,2009,Innlandet,Innlandet,5,662,False,3057.0,48.81,46.48,-2.33,16.81,19.64,2.83,6.35,8.93,2.58,2.29,1.74,-0.55,14.07,13.02,-1.05,6.74,5.37,-1.37,2.85,2.38,-0.47,0.0,0.18,0.18,0.29,0.28,-0.01,1.8,1.96,0.16,1.78,0.0,0.0,5275.0,8.5707,-3.6967,-6.789,-2.2749,-34.1232,21.1185,15.3365,-1.0397,13.3197,272000.0,,,,0,7.33,1.56,-4.01,-0.0900736605011434,2001-2005→2005-2009
3418,Åsnes,2005-2009,2005,2009,Innlandet,Innlandet,5,665,False,4532.0,43.69,45.14,1.45,20.04,22.55,2.51,6.16,8.26,2.1,3.49,2.63,-0.86,12.47,10.91,-1.56,8.14,5.25,-2.89,2.07,1.4,-0.67,0.0,0.45,0.45,0.55,0.78,0.23,3.4,2.65,-0.75,0.95,7.62,1.05,7779.0,8.9592,-2.1725,-6.4536,7.8416,-30.5952,20.6582,16.1717,0.2485,12.4884,280000.0,,,,0,8.49,2.21,-2.03,1.2082006659884086,2001-2005→2005-2009
3419,Våler (Innlandet),2005-2009,2005,2009,Innlandet,Innlandet,5,669,False,2345.0,44.78,46.31,1.53,20.55,24.38,3.83,6.06,7.25,1.19,2.17,2.05,-0.12,11.81,8.81,-3.0,7.72,4.72,-3.0,1.71,1.6,-0.11,0.0,0.31,0.31,0.38,0.22,-0.16,4.82,4.36,-0.46,0.83,17.44,-7.06,3924.0,8.2749,-1.4016,-6.115,12.7421,-27.7778,19.6228,15.7492,-0.4706,12.5303,283000.0,,,,0,14.18,-1.14,-5.06,-0.8933717289089023,2001-2005→2005-2009
3420,Elverum,2005-2009,2005,2009,Innlandet,Innlandet,3,787,False,10832.0,44.01,46.02,2.01,21.37,21.83,0.46,9.13,12.58,3.45,2.15,1.75,-0.4,7.05,6.63,-0.42,8.65,5.57,-3.08,4.24,2.69,-1.55,0.0,0.31,0.31,0.54,0.68,0.14,2.86,1.94,-0.92,0.04,9.15,-1.12,18844.0,9.8439,4.4736,9.8053,38.7391,5.6251,14.7845,19.3112,-0.115,22.2627,304000.0,,,,0,10.23,1.07,-6.6,-1.1360263754585596,2001-2005→2005-2009
3421,Trysil,2005-2009,2005,2009,Innlandet,Innlandet,5,604,False,3953.0,41.74,43.55,1.81,18.11,19.56,1.45,7.82,11.25,3.43,4.28,3.24,-1.04,12.04,11.14,-0.9,8.15,6.02,-2.13,4.28,2.75,-1.53,0.0,0.32,0.32,0.56,0.49,-0.07,3.04,1.67,-1.37,0.55,15.28,0.79,6882.0,8.8367,-1.9326,-4.188,-5.9576,-13.6588,19.1659,16.5795,0.5407,12.9604,279000.0,,,,0,6.05,0.34,-4.5,0.06634621799204243,2001-2005→2005-2009
3422,Åmot,2005-2009,2005,2009,Innlandet,Innlandet,5,638,False,2483.0,44.22,44.33,0.11,19.57,19.63,0.06,6.73,9.62,2.89,1.49,0.95,-0.54,10.67,12.33,1.66,11.08,7.52,-3.56,2.09,1.93,-0.16,0.0,0.52,0.52,0.77,0.73,-0.04,3.38,2.45,-0.93,1.72,23.72,22.34,4398.0,8.3889,-2.683,-3.8202,-14.7794,-11.8236,18.4629,19.5771,-0.4956,17.7089,288000.0,,,,0,14.72,0.65,-6.46,-1.6818927453978851,2001-2005→2005-2009
3423,Stor-Elvdal,2005-2009,2005,2009,Innlandet,Innlandet,6,538,False,1663.0,46.0,46.87,0.87,16.66,17.25,0.59,7.1,7.77,0.67,0.96,1.07,0.11,15.09,15.73,0.64,8.66,6.51,-2.15,2.53,1.9,-0.63,0.0,0.19,0.19,0.12,0.69,0.57,2.89,2.02,-0.87,1.23,15.31,-0.3,2832.0,7.9487,-5.0494,-9.7045,-15.8898,-33.1921,19.8799,16.2429,0.6109,15.234,265000.0,,,,0,8.0,3.89,-3.75,0.42380080556751487,2001-2005→2005-2009
3424,Rendalen,2005-2009,2005,2009,Innlandet,Innlandet,6,486,False,1378.0,46.52,47.78,1.26,10.01,10.37,0.36,3.41,5.3,1.89,2.1,1.48,-0.62,23.51,24.79,1.28,8.06,6.16,-1.9,2.83,1.56,-1.27,0.0,0.0,0.0,1.09,0.7,-0.39,2.47,1.87,-0.6,1.64,41.13,-9.0,2105.0,7.6521,-4.323,-10.6081,-6.1758,-35.6295,23.0404,13.9192,-0.6968,13.7911,249000.0,,,,0,6.68,0.04,-1.84,0.6098670424059007,2001-2005→2005-2009
3425,Engerdal,2005-2009,2005,2009,Innlandet,Innlandet,6,421,False,899.0,41.16,39.93,-1.23,11.12,16.89,5.77,6.34,7.24,0.9,1.33,0.72,-0.61,26.14,24.85,-1.29,7.12,4.83,-2.29,2.45,3.14,0.69,0.0,0.12,0.12,0.22,0.12,-0.1,4.12,2.17,-1.95,4.48,0.0,0.0,1499.0,7.3126,-4.2028,-8.3014,-16.6778,-25.3502,19.6131,15.6771,0.373,13.6773,286000.0,,,,0,9.29,0.17,-2.03,1.428637382525722,2001-2005→2005-2009
3426,Tolga,2005-2009,2005,2009,Innlandet,Innlandet,5,567,False,1038.0,28.52,29.07,0.55,7.51,7.04,-0.47,2.6,4.33,1.73,1.93,0.7,-1.23,41.91,41.45,-0.46,9.73,11.47,1.74,4.91,3.72,-1.19,0.0,0.6,0.6,1.35,1.11,-0.24,1.54,0.5,-1.04,-0.93,40.66,12.0,1778.0,7.4832,-5.6243,-8.8539,-42.7447,-13.4983,16.9854,16.198,-0.0605,19.8251,288000.0,,,,0,7.07,6.06,-4.35,-1.4666979956709714,2001-2005→2005-2009
3427,Tynset,2005-2009,2005,2009,Innlandet,Innlandet,5,647,False,3107.0,32.8,36.12,3.32,11.55,10.46,-1.09,5.6,6.8,1.2,4.09,2.75,-1.34,29.48,28.15,-1.33,9.11,9.87,0.76,3.86,3.14,-0.72,0.0,0.36,0.36,0.39,0.62,0.23,3.12,1.73,-1.39,-2.42,50.32,-14.3,5405.0,8.5951,-0.0925,0.1484,7.4006,-8.1406,16.1147,17.5208,-0.5777,20.948,319000.0,,,,0,6.77,5.21,-4.24,-0.5117671432859536,2001-2005→2005-2009
3428,Alvdal,2005-2009,2005,2009,Innlandet,Innlandet,5,573,False,1339.0,35.47,38.27,2.8,10.23,8.9,-1.33,4.93,5.83,0.9,4.93,5.9,0.97,30.32,31.75,1.43,6.57,4.75,-1.82,5.9,3.6,-2.3,0.0,0.15,0.15,0.15,0.31,0.16,1.49,0.54,-0.95,0.1,27.01,12.18,2416.0,7.7899,-0.7036,-0.6625,-11.5894,4.553,16.8046,17.6325,0.661,16.8244,312000.0,,,,0,6.36,1.8,-3.63,-0.2574335141204376,2001-2005→2005-2009
3429,Folldal,2005-2009,2005,2009,Innlandet,Innlandet,6,492,False,1055.0,44.27,46.76,2.49,9.38,9.45,0.07,3.03,2.96,-0.07,1.99,1.34,-0.65,28.25,30.06,1.81,8.25,5.34,-2.91,2.46,1.34,-1.12,0.0,0.1,0.1,0.47,1.24,0.77,1.9,1.43,-0.47,1.88,28.19,8.88,1717.0,7.4483,-2.6791,-8.4885,-22.1316,-8.1538,18.6372,17.0646,0.8721,15.0468,286000.0,,,,0,10.18,2.47,-4.15,-1.1103785100042112,2001-2005→2005-2009
3430,Os,2005-2009,2005,2009,Innlandet,Innlandet,6,551,False,1204.0,34.39,38.09,3.7,5.15,7.39,2.24,1.58,3.3,1.72,2.82,2.87,0.05,41.78,36.78,-5.0,10.22,8.61,-1.61,1.66,0.78,-0.88,0.0,0.61,0.61,0.75,0.7,-0.05,1.66,0.87,-0.79,-2.76,42.79,5.38,2087.0,7.6435,-1.9645,-1.6819,-9.104,-9.104,16.1955,17.5371,-0.262,18.8679,304000.0,,,,0,4.19,12.34,-3.24,-1.0489946458052928,2001-2005→2005-2009
3431,Dovre,2005-2009,2005,2009,Innlandet,Innlandet,6,563,False,1666.0,41.96,43.64,1.68,14.35,12.78,-1.57,5.34,8.56,3.22,2.7,2.79,0.09,24.85,25.23,0.38,6.12,3.76,-2.36,2.82,1.49,-1.33,0.12,0.52,0.4,0.3,0.39,0.09,1.44,0.84,-0.6,-1.19,54.61,2.71,2875.0,7.9638,-3.5826,-4.7095,-17.0435,-19.4783,17.9826,16.6609,1.3175,15.0492,297000.0,,,,0,6.07,0.65,-3.96,-0.31608420932582026,2001-2005→2005-2009
3432,Lesja,2005-2009,2005,2009,Innlandet,Innlandet,6,520,False,1305.0,30.04,32.71,2.67,13.1,11.12,-1.98,4.29,8.77,4.48,5.44,3.17,-2.27,38.47,37.34,-1.13,3.83,3.17,-0.66,3.52,2.52,-1.0,0.0,0.0,0.0,0.38,0.32,-0.06,0.92,0.89,-0.03,-3.11,53.24,0.48,2184.0,7.6889,-0.641,-4.5315,-2.7473,-3.2051,18.315,17.0788,-0.8957,13.8207,304000.0,,,,0,6.12,4.23,-2.03,0.7080847948025317,2001-2005→2005-2009
3433,Skjåk,2005-2009,2005,2009,Innlandet,Innlandet,6,550,False,1345.0,36.21,39.97,3.76,14.05,13.79,-0.26,4.09,5.19,1.1,2.53,1.01,-1.52,31.97,30.91,-1.06,7.06,5.11,-1.95,2.38,1.55,-0.83,0.0,0.15,0.15,0.67,0.93,0.26,1.04,1.39,0.35,-1.32,54.28,-6.89,2394.0,7.7807,-3.6341,-3.5938,-18.797,-18.3793,18.0869,18.3793,0.7254,14.2495,297000.0,,,,0,10.15,5.25,-3.83,-0.6267919319313799,2001-2005→2005-2009
3434,Lom,2005-2009,2005,2009,Innlandet,Innlandet,6,547,False,1356.0,39.09,41.57,2.48,13.5,11.19,-2.31,3.1,5.52,2.42,3.32,2.33,-0.99,30.83,30.61,-0.22,6.64,5.36,-1.28,2.51,2.02,-0.49,0.15,0.54,0.39,0.0,0.31,0.31,0.88,0.54,-0.34,-2.53,53.91,10.9,2467.0,7.8108,-2.4726,-5.3873,-10.1338,-14.998,17.5111,17.7949,-0.3042,13.6115,299000.0,,,,0,9.81,4.23,-3.38,-0.6150528160053295,2001-2005→2005-2009
3435,Vågå,2005-2009,2005,2009,Innlandet,Innlandet,5,610,False,2265.0,50.29,54.91,4.62,13.02,12.52,-0.5,3.62,5.81,2.19,2.08,0.99,-1.09,20.18,17.06,-3.12,7.77,6.43,-1.34,2.03,1.04,-0.99,0.04,0.09,0.05,0.22,0.47,0.25,0.75,0.66,-0.09,-3.62,15.73,-1.5,3773.0,8.2356,-1.7493,-3.3629,-5.0358,-11.9268,18.2613,18.7119,0.2172,13.0547,290000.0,,,,0,9.07,1.56,-2.68,-0.02108992493605566,2001-2005→2005-2009
3436,Nord-Fron,2005-2009,2005,2009,Innlandet,Innlandet,5,629,False,3245.0,49.61,49.49,-0.12,14.7,16.52,1.82,5.64,8.77,3.13,3.3,2.08,-1.22,16.8,16.36,-0.44,6.41,3.69,-2.72,2.59,1.98,-0.61,0.09,0.28,0.19,0.28,0.34,0.06,0.59,0.5,-0.09,1.38,23.88,3.59,5896.0,8.682,-1.6282,-2.9776,-8.1411,-7.2931,16.1635,17.69,0.2158,15.0073,304000.0,,,,0,6.01,1.66,-3.17,0.2665877566734043,2001-2005→2005-2009
3437,Sel,2005-2009,2005,2009,Innlandet,Innlandet,5,627,False,3491.0,52.11,53.59,1.48,13.92,13.87,-0.05,5.18,8.76,3.58,2.72,1.73,-0.99,13.18,12.74,-0.44,9.11,5.99,-3.12,2.12,1.4,-0.72,0.09,0.33,0.24,0.57,0.52,-0.05,1.0,1.06,0.06,-0.49,17.02,-5.87,6059.0,8.7093,-0.7262,-3.4665,-6.9318,-0.9903,16.9995,18.0228,0.6397,12.4719,298000.0,,,,0,11.23,0.69,-4.25,-0.61167482445074,2001-2005→2005-2009
3438,Sør-Fron,2005-2009,2005,2009,Innlandet,Innlandet,5,615,False,1913.0,48.93,49.16,0.23,13.96,14.48,0.52,4.13,6.23,2.1,2.09,1.68,-0.41,22.58,22.05,-0.53,4.34,3.37,-0.97,2.82,2.36,-0.46,0.1,0.11,0.01,0.16,0.22,0.06,0.89,0.34,-0.55,-0.01,32.78,-3.32,3271.0,8.0929,-2.6903,-5.3805,-15.2858,-11.6172,18.4347,17.487,0.1955,12.7314,287000.0,,,,0,7.04,1.07,-3.95,-0.7278006288092356,2001-2005→2005-2009
3439,Ringebu,2005-2009,2005,2009,Innlandet,Innlandet,5,647,False,2599.0,44.79,45.9,1.11,14.2,14.15,-0.05,5.12,8.82,3.7,3.39,2.5,-0.89,21.55,21.18,-0.37,6.27,3.79,-2.48,3.31,2.29,-1.02,0.12,0.21,0.09,0.35,0.42,0.07,0.92,0.75,-0.17,-0.42,35.62,-2.81,4586.0,8.4308,-1.0685,-5.4595,13.5194,-24.4222,19.1234,17.488,-0.631,13.4891,300000.0,,,,0,6.61,1.18,-3.65,-0.21140232330662023,2001-2005→2005-2009
3440,Øyer,2005-2009,2005,2009,Innlandet,Innlandet,4,698,False,2748.0,41.7,44.95,3.25,13.54,13.93,0.39,6.55,11.14,4.59,4.33,3.8,-0.53,19.8,16.72,-3.08,8.52,5.91,-2.61,4.0,2.48,-1.52,0.07,0.15,0.08,0.55,0.3,-0.25,0.95,0.6,-0.35,-2.69,20.46,8.57,4840.0,8.4847,1.5909,1.5489,18.8017,-2.8926,14.4008,17.686,0.3236,17.4785,336000.0,,,,0,7.99,2.06,-5.21,-0.9203100237620117,2001-2005→2005-2009
3441,Gausdal,2005-2009,2005,2009,Innlandet,Innlandet,4,673,False,3585.0,45.33,47.88,2.55,12.55,13.96,1.41,4.32,6.34,2.02,2.93,2.42,-0.51,23.01,21.16,-1.85,7.14,4.3,-2.84,3.4,2.36,-1.04,0.14,0.51,0.37,0.39,0.42,0.03,0.78,0.66,-0.12,-0.44,34.38,-10.7,6175.0,8.7283,-1.3603,-2.184,-8.4211,-4.6964,17.0526,17.9433,0.268,13.8063,301000.0,,,,0,7.77,-1.27,-2.46,0.3110945439895425,2001-2005→2005-2009
3442,Østre Toten,2005-2009,2005,2009,Innlandet,Innlandet,4,747,False,8532.0,45.43,46.58,1.15,17.07,16.51,-0.56,7.04,9.87,2.83,4.64,3.6,-1.04,12.59,14.16,1.57,5.77,3.57,-2.2,5.47,3.07,-2.4,0.16,0.29,0.13,0.43,0.41,-0.02,1.39,1.95,0.56,1.01,26.34,4.56,14604.0,9.5891,-0.9586,3.1595,0.0685,-9.9288,16.4407,18.0225,0.0623,16.6059,316000.0,,,,0,7.57,-0.85,-4.46,-0.2758124277162155,2001-2005→2005-2009
3443,Vestre Toten,2005-2009,2005,2009,Innlandet,Innlandet,3,789,False,7481.0,48.31,51.16,2.85,19.32,19.26,-0.06,7.63,9.66,2.03,4.21,3.28,-0.93,8.19,8.56,0.37,6.67,3.83,-2.84,3.48,2.15,-1.33,0.19,0.36,0.17,0.59,0.65,0.06,1.42,1.09,-0.33,0.31,13.29,-1.73,12546.0,9.4372,1.3391,-2.7089,13.5501,-0.3985,14.2516,18.8985,0.4252,15.7126,327000.0,,,,0,5.2,-0.75,-4.63,-0.19238061966265363,2001-2005→2005-2009
3446,Gran,2005-2009,2005,2009,Innlandet,Innlandet,3,801,False,7795.0,40.1,40.52,0.42,21.55,22.79,1.24,9.49,13.86,4.37,3.99,2.61,-1.38,12.08,11.79,-0.29,6.97,4.31,-2.66,4.35,2.68,-1.67,0.13,0.27,0.14,0.41,0.43,0.02,0.92,0.74,-0.18,0.95,16.34,-6.1,13010.0,9.4735,1.5911,3.8746,23.9047,-8.6088,15.7725,17.8324,-0.1184,15.6432,323000.0,,,,0,7.03,0.28,-5.15,-0.016805004674042223,2001-2005→2005-2009
3447,Søndre Land,2005-2009,2005,2009,Innlandet,Innlandet,4,692,False,3346.0,52.84,52.94,0.1,18.29,19.18,0.89,4.78,7.32,2.54,2.39,2.23,-0.16,8.37,8.98,0.61,9.53,5.65,-3.88,2.87,1.98,-0.89,0.09,0.38,0.29,0.21,0.69,0.48,0.63,0.66,0.03,1.5,6.5,1.65,6008.0,8.7008,-3.512,-4.1501,-14.3142,-20.4727,17.0107,15.7623,-0.1399,14.4645,289000.0,,,,0,8.39,0.07,-4.43,-0.900443963256949,2001-2005→2005-2009
3448,Nordre Land,2005-2009,2005,2009,Innlandet,Innlandet,4,695,False,3899.0,51.86,52.97,1.11,14.13,16.06,1.93,5.18,7.62,2.44,3.51,2.65,-0.86,11.21,12.88,1.67,9.21,4.65,-4.56,3.21,1.92,-1.29,0.05,0.16,0.11,0.51,0.43,-0.08,1.13,0.67,-0.46,3.6,11.17,2.24,6847.0,8.8316,-2.439,-4.1194,-4.6736,-18.4022,17.5843,17.4091,0.3198,12.0699,281000.0,,,,0,7.66,0.41,-3.16,0.08923062205354793,2001-2005→2005-2009
3449,Sør-Aurdal,2005-2009,2005,2009,Innlandet,Innlandet,5,581,False,1890.0,40.79,39.95,-0.84,18.84,21.37,2.53,5.56,8.68,3.12,5.82,4.89,-0.93,18.94,18.68,-0.26,4.76,2.36,-2.4,4.34,2.91,-1.43,0.16,0.33,0.17,0.05,0.22,0.17,0.74,0.6,-0.14,2.27,19.55,10.52,3265.0,8.091,-1.8683,-6.0411,-8.2695,-12.2511,18.1317,16.4472,0.6261,13.6555,284000.0,,,,0,5.11,4.68,-3.56,0.027828952422654485,2001-2005→2005-2009
3450,Etnedal,2005-2009,2005,2009,Innlandet,Innlandet,5,587,False,774.0,33.33,34.42,1.09,15.5,18.18,2.68,5.68,8.73,3.05,6.07,5.45,-0.62,24.03,23.39,-0.64,6.2,5.09,-1.11,7.62,3.88,-3.74,0.13,0.0,-0.13,0.65,0.24,-0.41,0.78,0.61,-0.17,2.04,40.93,-1.75,1397.0,7.2421,-1.2169,-1.6393,10.0215,-26.4853,21.8325,16.1775,-0.2383,14.5189,258000.0,,,,0,7.64,2.75,-4.02,-0.2607119916350418,2001-2005→2005-2009
3451,Nord-Aurdal,2005-2009,2005,2009,Innlandet,Innlandet,4,686,False,3620.0,40.33,39.63,-0.7,20.17,23.35,3.18,8.18,10.79,2.61,4.56,3.15,-1.41,13.45,13.61,0.16,5.39,3.44,-1.95,6.66,4.9,-1.76,0.06,0.25,0.19,0.36,0.31,-0.05,0.86,0.56,-0.3,3.34,22.82,-4.43,6442.0,8.7706,0.1397,-1.1644,2.9494,-3.5703,15.3213,18.7364,0.0406,16.8723,292000.0,,,,0,10.32,1.1,-5.11,-0.30707703147752685,2001-2005→2005-2009
3452,Vestre Slidre,2005-2009,2005,2009,Innlandet,Innlandet,5,583,False,1316.0,30.93,33.72,2.79,19.91,21.51,1.6,4.03,7.53,3.5,3.04,2.26,-0.78,24.32,21.76,-2.56,5.7,3.43,-2.27,10.94,8.87,-2.07,0.23,0.17,-0.06,0.15,0.0,-0.15,0.76,0.75,-0.01,-0.96,26.2,2.68,2245.0,7.7165,-2.2717,-3.4331,-15.5902,-9.7996,16.5256,19.1091,0.7032,14.8046,290000.0,,,,0,8.08,5.15,-2.03,0.5985092840790971,2001-2005→2005-2009
3453,Øystre Slidre,2005-2009,2005,2009,Innlandet,Innlandet,5,602,False,1757.0,29.48,32.01,2.53,20.38,20.29,-0.09,6.72,10.9,4.18,3.19,2.22,-0.97,22.31,21.75,-0.56,6.77,4.72,-2.05,9.28,6.12,-3.16,0.17,0.58,0.41,0.46,0.99,0.53,1.25,0.41,-0.84,-0.65,28.97,1.73,3114.0,8.0437,2.1516,4.3978,23.1214,-0.6423,14.4509,17.9512,0.1986,17.1819,320000.0,,,,0,6.88,3.08,-5.48,-0.98893412639634,2001-2005→2005-2009
3454,Vang,2005-2009,2005,2009,Innlandet,Innlandet,6,541,False,915.0,26.45,24.88,-1.57,19.34,17.91,-1.43,5.14,9.65,4.51,4.37,2.79,-1.58,30.93,36.05,5.12,6.56,3.95,-2.61,5.79,3.14,-2.65,0.22,0.23,0.01,0.11,0.81,0.7,1.09,0.58,-0.51,3.69,46.03,0.48,1613.0,7.3859,-1.8599,-3.0618,-8.6795,-13.0192,16.987,18.8469,-0.4361,14.8347,289000.0,,,,0,6.9,3.77,-6.0,-1.7708176280901382,2001-2005→2005-2009
3901,Horten,2005-2009,2005,2009,Vestfold,Østlandet,2,874,False,14390.0,36.18,39.25,3.07,26.19,24.26,-1.93,14.18,17.94,3.76,4.5,3.4,-1.1,2.24,1.75,-0.49,10.0,8.28,-1.72,4.38,2.67,-1.71,0.16,0.37,0.21,1.13,1.11,-0.02,1.03,0.97,-0.06,-2.42,2.74,-0.2,24768.0,10.1173,2.8383,8.0103,27.5355,1.3727,13.6547,18.9519,0.2395,23.5398,320000.0,,,,0,11.15,0.38,-10.2,-2.0715241851514445,2001-2005→2005-2009
3903,Holmestrand,2005-2009,2005,2009,Vestfold,Østlandet,3,837,False,12127.0,35.87,38.74,2.87,27.06,25.79,-1.27,12.88,16.29,3.41,4.82,3.49,-1.33,5.76,6.1,0.34,7.67,5.48,-2.19,4.28,2.56,-1.72,0.18,0.25,0.07,0.71,0.53,-0.18,0.77,0.76,-0.01,-0.93,8.65,0.28,20342.0,9.9204,4.3948,9.3118,37.6069,6.7348,13.2534,18.7641,-0.0023,18.5655,343763.2101,,,,1,8.07,0.05,-8.59,-1.3524664078898905,2001-2005→2005-2009
3905,Tønsberg,2005-2009,2005,2009,Vestfold,Østlandet,2,879,False,26729.0,27.01,31.77,4.76,29.09,26.31,-2.78,14.88,19.06,4.18,7.07,5.64,-1.43,4.56,4.4,-0.16,9.57,7.53,-2.04,5.44,3.49,-1.95,0.18,0.36,0.18,0.53,0.56,0.03,1.68,0.88,-0.8,-2.94,6.49,2.12,44634.0,10.7063,6.2889,11.8021,52.6056,10.8438,14.1708,20.6883,-0.4822,25.2065,317575.962,,,,1,6.97,0.47,-11.0,-2.4172310903084213,2001-2005→2005-2009
3907,Sandefjord,2005-2009,2005,2009,Vestfold,Østlandet,3,861,False,32231.0,27.67,30.55,2.88,30.67,28.49,-2.18,17.06,22.29,5.23,6.47,4.89,-1.58,3.21,2.67,-0.54,7.63,5.83,-1.8,5.09,3.02,-2.07,0.3,0.45,0.15,0.47,0.53,0.06,1.42,1.28,-0.14,-2.72,4.09,-0.48,56386.0,10.94,4.212,11.2392,34.9378,6.9343,13.3562,19.5474,0.0286,20.1407,319646.8038,,,,1,10.12,0.37,-9.54,-0.7257982490634713,2001-2005→2005-2009
3909,Larvik,2005-2009,2005,2009,Vestfold,Østlandet,3,842,False,25667.0,33.64,36.05,2.41,28.29,28.04,-0.25,13.67,17.06,3.39,6.73,5.61,-1.12,4.04,3.43,-0.61,7.05,5.56,-1.49,5.1,2.63,-2.47,0.21,0.28,0.07,0.53,0.55,0.02,0.74,0.8,0.06,-0.86,5.81,-0.77,43561.0,10.6819,2.1625,4.9203,20.6836,0.7116,15.1466,18.753,-0.0959,19.1536,319217.484,,,,1,8.43,-0.06,-8.69,-1.1633839932304433,2001-2005→2005-2009
3911,Færder,2005-2009,2005,2009,Vestfold,Østlandet,3,846,False,14571.0,24.23,29.88,5.65,32.96,27.52,-5.44,18.09,23.94,5.85,4.85,3.72,-1.13,1.56,1.27,-0.29,9.55,7.7,-1.85,5.7,3.7,-2.0,0.43,0.56,0.13,0.77,0.95,0.18,1.87,0.77,-1.1,-5.73,0.0,1.16,24604.0,10.1107,2.6784,6.0001,27.4752,-1.3006,14.3798,16.1153,0.3216,27.6889,347314.6101,,,,1,7.0,0.38,-13.51,-3.0986350966267455,2001-2005→2005-2009
4001,Porsgrunn,2005-2009,2005,2009,Telemark,Østlandet,3,855,False,19161.0,41.38,43.49,2.11,23.99,24.04,0.05,11.15,15.76,4.61,6.2,4.83,-1.37,2.16,1.66,-0.5,9.33,5.38,-3.95,3.62,2.62,-1.0,0.0,0.29,0.29,0.82,1.13,0.31,1.36,0.79,-0.57,-0.45,1.77,-0.13,33407.0,10.4165,2.9036,5.5707,31.1312,-2.0056,14.8801,19.6845,-0.638,19.7149,317000.0,,,,0,9.72,0.87,-5.24,0.403603633363975,2001-2005→2005-2009
4003,Skien,2005-2009,2005,2009,Telemark,Østlandet,3,849,False,28490.0,39.62,41.72,2.1,23.39,24.63,1.24,10.68,14.23,3.55,8.3,7.2,-1.1,3.1,2.45,-0.65,9.73,5.42,-4.31,3.5,2.41,-1.09,0.0,0.22,0.22,0.69,0.89,0.2,0.99,0.83,-0.16,0.59,3.19,-0.5,50676.0,10.8332,1.3478,3.7597,11.5439,1.8747,14.1388,19.8121,-0.3068,19.9149,311000.0,,,,0,10.75,0.83,-5.45,0.1190783667510491,2001-2005→2005-2009
4005,Notodden,2005-2009,2005,2009,Telemark,Østlandet,4,774,False,7387.0,43.39,45.78,2.39,18.55,19.07,0.52,6.93,10.52,3.59,8.24,7.94,-0.3,8.45,5.08,-3.37,9.27,4.79,-4.48,2.94,1.89,-1.05,0.0,0.36,0.36,1.42,3.7,2.28,0.81,0.87,0.06,-2.85,10.95,-4.34,12359.0,9.4221,-0.3722,0.9014,4.1265,-8.6577,17.8574,19.322,-0.3312,19.1993,292000.0,,,,0,11.06,3.91,-3.45,0.3737535796844025,2001-2005→2005-2009
4010,Siljan,2005-2009,2005,2009,Telemark,Østlandet,4,739,False,1353.0,39.39,43.45,4.06,19.44,21.01,1.57,7.02,10.43,3.41,9.83,7.19,-2.64,8.06,7.12,-0.94,9.61,5.11,-4.5,4.66,3.6,-1.06,0.0,0.29,0.29,0.44,0.43,-0.01,1.55,1.37,-0.18,0.63,7.57,4.92,2372.0,7.7715,1.3491,6.09,1.2648,11.3828,11.8465,17.6223,0.2167,18.2813,375000.0,,,,0,8.22,3.04,-5.02,-0.6718378262921609,2001-2005→2005-2009
4012,Bamble,2005-2009,2005,2009,Telemark,Østlandet,3,786,False,8140.0,37.6,39.56,1.96,28.4,30.36,1.96,10.71,14.26,3.55,7.78,6.05,-1.73,3.29,2.58,-0.71,6.93,3.43,-3.5,3.4,2.07,-1.33,0.0,0.16,0.16,0.91,0.92,0.01,0.97,0.6,-0.37,1.25,7.12,-2.47,14154.0,9.5578,-0.4027,-0.0992,-12.2933,8.1956,11.1205,19.0829,0.8324,18.093,364000.0,,,,0,8.92,1.12,-7.33,-1.10424598879644,2001-2005→2005-2009
4014,Kragerø,2005-2009,2005,2009,Telemark,Østlandet,4,755,False,6176.0,39.51,42.71,3.2,21.52,21.66,0.14,9.93,13.44,3.51,7.45,6.48,-0.97,4.21,2.91,-1.3,9.94,6.17,-3.77,4.83,3.49,-1.34,0.0,0.31,0.31,1.36,1.98,0.62,1.26,0.86,-0.4,-1.16,3.28,0.08,10529.0,9.2619,0.8643,-0.0941,16.3358,-7.4081,14.9587,18.8907,0.0036,17.3999,299000.0,,,,0,11.22,1.76,-5.7,-0.19160537453664528,2001-2005→2005-2009
4016,Drangedal,2005-2009,2005,2009,Telemark,Østlandet,5,645,False,2445.0,42.25,44.85,2.6,18.57,18.65,0.08,4.95,8.65,3.7,9.78,8.61,-1.17,11.0,11.02,0.02,7.69,3.73,-3.96,4.79,3.05,-1.74,0.0,0.13,0.13,0.29,0.72,0.43,0.7,0.59,-0.11,0.1,10.01,2.16,4143.0,8.3292,-0.1207,-0.5049,13.5168,-14.965,17.3787,18.7304,-0.4382,11.6141,292000.0,,,,0,8.68,3.4,-3.68,-0.31073031328778145,2001-2005→2005-2009
4018,Nome,2005-2009,2005,2009,Telemark,Østlandet,4,709,False,3797.0,39.48,40.15,0.67,21.1,22.57,1.47,7.98,11.78,3.8,7.51,5.58,-1.93,11.96,11.97,0.01,8.11,4.43,-3.68,2.63,1.91,-0.72,0.0,0.32,0.32,0.53,0.83,0.3,0.71,0.46,-0.25,1.48,30.87,-1.43,6565.0,8.7895,-0.1219,-1.116,9.1394,-10.8149,16.8012,17.0145,-0.6048,17.0608,303000.0,,,,0,11.4,3.1,-5.65,-0.7540407982382336,2001-2005→2005-2009
4020,Midt-Telemark,2005-2009,2005,2009,Telemark,Østlandet,4,731,False,5323.0,33.31,36.44,3.13,18.88,19.74,0.86,7.57,10.93,3.36,7.72,7.15,-0.57,14.99,12.63,-2.36,10.41,7.42,-2.99,5.71,3.63,-2.08,0.0,0.38,0.38,0.68,1.15,0.47,0.73,0.51,-0.22,-1.5,16.58,-3.26,9572.0,9.1666,2.2984,4.5372,18.9093,4.2833,14.4484,21.7405,0.2473,22.7196,298000.0,,,,1,9.52,4.24,-4.52,-0.1525462035635563,2001-2005→2005-2009
4022,Seljord,2005-2009,2005,2009,Telemark,Østlandet,5,650,False,1626.0,26.94,33.07,6.13,21.09,20.67,-0.42,8.92,13.13,4.21,10.82,9.0,-1.82,16.61,13.19,-3.42,8.12,5.9,-2.22,5.66,3.16,-2.5,0.0,0.3,0.3,0.68,1.16,0.48,1.17,0.43,-0.74,-3.84,17.08,-3.91,2919.0,7.979,0.2055,-1.6807,13.3607,-10.6201,17.0606,19.3217,-0.0692,17.5715,301000.0,,,,0,7.24,1.92,-5.47,-0.2793613672194031,2001-2005→2005-2009
4024,Hjartdal,2005-2009,2005,2009,Telemark,Østlandet,5,599,False,965.0,32.54,39.15,6.61,13.16,17.13,3.97,4.56,6.7,2.14,12.33,11.49,-0.84,30.67,17.77,-12.9,3.11,3.09,-0.02,2.07,2.87,0.8,0.0,0.21,0.21,0.21,0.85,0.64,1.35,0.74,-0.61,-8.93,34.91,0.82,1633.0,7.3982,-1.2247,-4.6127,-1.8371,-15.3092,19.5346,16.3503,-0.6877,14.4884,316000.0,,,,0,5.57,14.49,-2.56,0.35863356073251396,2001-2005→2005-2009
4026,Tinn,2005-2009,2005,2009,Telemark,Østlandet,5,595,False,3645.0,45.6,45.35,-0.25,18.33,20.28,1.95,6.97,11.42,4.45,3.51,2.82,-0.69,13.25,9.72,-3.53,8.75,6.69,-2.06,2.44,1.9,-0.54,0.0,0.27,0.27,0.58,0.54,-0.04,0.58,1.01,0.43,-1.58,7.61,1.0,6380.0,8.7609,-5.7994,-8.0759,-41.0658,-15.9875,17.1003,18.6364,0.2208,15.1679,293000.0,,,,0,12.52,5.53,-7.4,-2.18443942746463,2001-2005→2005-2009
4028,Kviteseid,2005-2009,2005,2009,Telemark,Østlandet,5,601,False,1410.0,31.84,34.82,2.98,15.04,16.44,1.4,6.1,9.76,3.66,13.48,12.06,-1.42,21.42,17.44,-3.98,5.74,4.31,-1.43,4.47,3.09,-1.38,0.0,0.14,0.14,0.85,1.22,0.37,1.06,0.72,-0.34,-2.58,36.73,1.68,2598.0,7.8625,-2.0015,-4.1416,-1.1547,-20.0154,18.0908,17.7059,-0.1018,17.9944,292000.0,,,,0,7.88,3.28,-3.39,0.2856662837060746,2001-2005→2005-2009
4030,Nissedal,2005-2009,2005,2009,Telemark,Østlandet,6,543,False,836.0,32.89,35.02,2.13,17.82,21.39,3.57,6.34,9.75,3.41,22.13,17.86,-4.27,11.24,9.87,-1.37,4.78,3.29,-1.49,3.23,1.76,-1.47,0.0,0.24,0.24,0.96,0.24,-0.72,0.6,0.59,-0.01,2.2,18.03,4.05,1408.0,7.2499,-1.0653,-4.9147,1.4205,-9.9432,15.554,18.4659,-0.8375,15.7155,320000.0,,,,0,6.29,0.74,-3.34,0.4275948239630769,2001-2005→2005-2009
4032,Fyresdal,2005-2009,2005,2009,Telemark,Østlandet,6,491,False,758.0,40.11,41.87,1.76,17.41,15.28,-2.13,3.3,7.36,4.06,5.8,4.95,-0.85,20.84,23.9,3.06,5.8,3.25,-2.55,5.01,1.7,-3.31,0.0,0.0,0.0,0.13,0.71,0.58,1.58,0.99,-0.59,0.93,24.69,13.85,1353.0,7.2101,1.9217,3.1414,27.3466,-8.1301,16.2602,18.034,-1.1043,18.2243,286000.0,,,,0,6.1,-2.47,-2.12,0.3086408308587907,2001-2005→2005-2009
4034,Tokke,2005-2009,2005,2009,Telemark,Østlandet,6,533,False,1432.0,38.34,41.13,2.79,15.36,14.45,-0.91,5.31,7.73,2.42,8.31,6.58,-1.73,22.49,22.89,0.4,6.98,4.29,-2.69,2.37,1.14,-1.23,0.0,0.14,0.14,0.42,1.07,0.65,0.42,0.57,0.15,-0.51,40.18,2.02,2463.0,7.8091,-4.0601,-6.9319,-14.2103,-24.3605,19.2042,17.1336,-1.5148,16.002,287000.0,,,,0,5.38,3.91,-4.3,-0.5569457966356897,2001-2005→2005-2009
4036,Vinje,2005-2009,2005,2009,Telemark,Østlandet,6,550,False,2047.0,29.6,35.48,5.88,18.42,17.61,-0.81,5.13,7.4,2.27,6.4,5.74,-0.66,23.74,20.28,-3.46,12.26,9.56,-2.7,3.22,2.26,-0.96,0.0,0.2,0.2,0.54,0.91,0.37,0.68,0.55,-0.13,-4.27,17.09,2.18,3758.0,8.2316,-2.5546,-5.9579,-18.6269,-6.1203,14.9015,19.5583,0.1995,18.1089,315000.0,,,,0,6.14,5.75,-4.38,-0.6645349344622606,2001-2005→2005-2009
4201,Risør,2005-2009,2005,2009,Agder,Agder,4,709,False,3964.0,33.98,37.96,3.98,21.22,22.23,1.01,12.44,14.63,2.19,9.28,8.05,-1.23,4.87,3.48,-1.39,9.36,6.58,-2.78,5.4,4.23,-1.17,0.0,0.23,0.23,0.96,1.83,0.87,2.5,0.8,-1.7,-0.38,15.81,-11.23,6909.0,8.8406,-0.2895,-1.2471,9.5528,-12.737,16.4568,18.0055,-0.3587,19.0894,297000.0,,,,0,8.31,1.92,-7.63,-0.7107728567109541,2001-2005→2005-2009
4202,Grimstad,2005-2009,2005,2009,Agder,Agder,3,809,False,10374.0,22.21,26.6,4.39,28.03,27.9,-0.13,13.35,17.98,4.63,17.65,14.59,-3.06,3.92,3.26,-0.66,7.09,3.75,-3.34,6.03,4.54,-1.49,0.0,0.24,0.24,0.31,0.41,0.1,1.4,0.74,-0.66,-0.79,8.55,-2.41,18885.0,9.8461,6.4919,14.2151,44.4797,20.3336,11.3106,21.2391,0.0017,24.1664,331000.0,,,,0,7.71,0.44,-9.37,-1.7593074092305274,2001-2005→2005-2009
4203,Arendal,2005-2009,2005,2009,Agder,Agder,3,805,False,22674.0,32.66,36.6,3.94,25.37,27.0,1.63,13.56,16.02,2.46,9.53,8.15,-1.38,2.94,2.53,-0.41,8.57,4.47,-4.1,4.94,3.28,-1.66,0.0,0.18,0.18,0.47,0.64,0.17,1.95,1.13,-0.82,1.22,3.36,1.15,39676.0,10.5885,3.9445,5.0806,32.4882,6.8051,13.3456,20.2364,-0.2009,22.8622,326000.0,,,,0,11.44,0.93,-8.88,-1.29147547020749,2001-2005→2005-2009
4204,Kristiansand,2005-2009,2005,2009,Agder,Agder,3,832,False,51127.0,25.05,27.85,2.8,21.73,24.83,3.1,17.11,19.92,2.81,17.59,14.2,-3.39,2.48,1.8,-0.68,7.79,4.9,-2.89,5.52,3.39,-2.13,0.34,0.46,0.12,0.47,0.59,0.12,1.92,2.06,0.14,2.42,3.44,-0.48,91169.0,11.4205,5.6609,12.6021,35.9333,20.5881,12.0315,21.8594,-0.1681,25.7001,322575.348,,,,1,7.92,0.55,-8.4,0.0865337889129627,2001-2005→2005-2009
4205,Lindesnes,2005-2009,2005,2009,Agder,Agder,4,733,False,11422.0,23.51,25.68,2.17,25.6,30.45,4.85,14.03,16.78,2.75,16.35,13.07,-3.28,6.22,5.47,-0.75,6.17,3.46,-2.71,6.44,3.63,-2.81,0.13,0.25,0.12,0.2,0.38,0.18,1.33,0.83,-0.5,4.1,7.02,-0.46,20661.0,9.936,3.509,7.7055,20.7154,13.7457,13.7215,20.2168,-0.2688,19.6136,319008.2477,,,,1,7.69,0.49,-9.43,-1.5047885140222208,2001-2005→2005-2009
4206,Farsund,2005-2009,2005,2009,Agder,Agder,4,686,False,5302.0,19.94,23.33,3.39,37.7,39.85,2.15,11.52,14.79,3.27,14.81,11.67,-3.14,4.64,3.96,-0.68,5.05,3.22,-1.83,4.39,1.75,-2.64,0.06,0.15,0.09,0.23,0.25,0.02,1.66,1.05,-0.61,1.47,6.0,-1.55,9479.0,9.1568,-0.5486,-0.2539,-11.6046,5.0638,14.0416,20.0021,0.3851,17.5027,342000.0,,,,0,5.59,1.16,-16.66,-7.206267196914423,2001-2005→2005-2009
4207,Flekkefjord,2005-2009,2005,2009,Agder,Agder,4,689,False,5004.0,23.6,25.4,1.8,24.1,29.77,5.67,13.93,16.6,2.67,17.37,13.73,-3.64,5.54,5.64,0.1,5.16,2.77,-2.39,8.21,4.65,-3.56,0.06,0.16,0.1,0.2,0.34,0.14,1.84,0.93,-0.91,5.77,9.08,-0.18,8878.0,9.0913,1.0926,1.6882,4.3929,6.1951,15.8256,18.9682,-0.2379,19.1075,336000.0,,,,0,5.63,1.12,-8.0,-0.4990832150886275,2001-2005→2005-2009
4211,Gjerstad,2005-2009,2005,2009,Agder,Agder,5,661,False,1395.0,35.34,36.84,1.5,20.65,22.59,1.94,11.33,11.55,0.22,10.25,8.92,-1.33,9.03,10.09,1.06,8.17,5.41,-2.76,3.15,3.0,-0.15,0.0,0.37,0.37,0.36,0.44,0.08,1.72,0.8,-0.92,3.0,21.88,-6.09,2500.0,7.824,-0.16,-1.4218,12.4,-14.0,14.8,20.6,-0.4571,11.6373,316000.0,,,,0,9.66,1.26,-10.06,-2.698675644161006,2001-2005→2005-2009
4212,Vegårshei,2005-2009,2005,2009,Agder,Agder,5,653,False,1129.0,34.37,36.97,2.6,17.63,17.88,0.25,9.21,13.67,4.46,20.9,19.6,-1.3,8.15,8.17,0.02,4.16,1.12,-3.04,3.81,1.98,-1.83,0.0,0.0,0.0,0.0,0.09,0.09,1.77,0.52,-1.25,0.27,9.46,1.34,1854.0,7.5251,1.4563,2.8993,15.1025,-0.5394,16.5588,17.7454,-1.0883,15.7319,337000.0,,,,0,8.23,2.32,-6.82,-1.146215819596347,2001-2005→2005-2009
4213,Tvedestrand,2005-2009,2005,2009,Agder,Agder,4,729,False,3399.0,28.16,32.04,3.88,23.6,24.39,0.79,12.03,19.74,7.71,10.56,7.79,-2.77,5.33,5.04,-0.29,10.0,5.25,-4.75,7.74,3.44,-4.3,0.0,0.59,0.59,0.56,0.77,0.21,2.03,0.95,-1.08,0.5,9.3,5.54,5889.0,8.6808,0.849,0.4227,14.6035,-6.9621,15.2488,18.4412,-0.1115,19.0486,313000.0,,,,0,6.93,0.23,-10.02,-2.50010395093394,2001-2005→2005-2009
4214,Froland,2005-2009,2005,2009,Agder,Agder,4,726,False,2543.0,29.02,31.22,2.2,30.24,31.41,1.17,5.94,8.32,2.38,15.41,14.27,-1.14,8.53,8.7,0.17,4.88,2.51,-2.37,4.05,2.32,-1.73,0.0,0.04,0.04,0.28,0.43,0.15,1.65,0.77,-0.88,1.34,28.46,9.71,4672.0,8.4493,4.7945,8.7034,34.0325,14.3408,10.8305,21.3185,-0.4955,13.2365,349000.0,,,,0,9.52,2.48,-5.25,-1.1848885903070219,2001-2005→2005-2009
4215,Lillesand,2005-2009,2005,2009,Agder,Agder,3,788,False,5252.0,23.53,26.17,2.64,25.44,25.97,0.53,17.48,22.9,5.42,11.96,10.21,-1.75,4.04,2.55,-1.49,8.64,5.77,-2.87,7.35,4.62,-2.73,0.0,0.5,0.5,0.44,0.65,0.21,1.12,0.67,-0.45,-0.96,5.32,-1.11,9043.0,9.1097,3.1627,6.459,19.6837,12.2747,11.8766,19.8496,0.4184,24.136,368000.0,,,,0,7.58,0.94,-7.79,0.6701080871080096,2001-2005→2005-2009
4216,Birkenes,2005-2009,2005,2009,Agder,Agder,4,705,False,2394.0,22.51,24.06,1.55,23.02,26.8,3.78,13.45,17.63,4.18,19.8,17.95,-1.85,8.48,7.28,-1.2,5.35,2.9,-2.45,5.35,2.01,-3.34,0.0,0.16,0.16,0.5,0.28,-0.22,1.55,0.93,-0.62,2.58,12.18,-0.62,4340.0,8.3756,6.1751,9.9499,43.5484,18.4332,11.0138,20.1843,0.0973,17.6935,347000.0,,,,0,5.37,1.59,-4.95,1.4041323960826153,2001-2005→2005-2009
4217,Åmli,2005-2009,2005,2009,Agder,Agder,5,591,False,1036.0,38.71,39.67,0.96,19.21,19.3,0.09,5.6,9.31,3.71,7.92,9.21,1.29,16.22,13.58,-2.64,7.92,5.82,-2.1,3.09,1.55,-1.54,0.0,0.1,0.1,0.58,0.78,0.2,0.77,0.68,-0.09,-2.55,27.41,12.88,1801.0,7.4961,2.9983,-0.5895,49.9722,-17.2127,16.1577,19.7113,-0.5782,16.9734,294000.0,,,,0,8.3,1.62,-4.0,-0.2807982125943025,2001-2005→2005-2009
4218,Iveland,2005-2009,2005,2009,Agder,Agder,5,624,False,666.0,17.72,19.88,2.16,27.48,29.39,1.91,7.66,12.1,4.44,22.97,23.34,0.37,12.01,10.66,-1.35,2.55,1.3,-1.25,7.21,2.02,-5.19,0.0,0.0,0.0,0.6,0.86,0.26,1.8,0.43,-1.37,0.56,30.04,-5.16,1154.0,7.051,6.0659,11.374,39.8614,18.1976,10.052,20.0173,-0.4115,10.9111,364000.0,,,,0,3.77,1.51,-5.66,-0.844496927450761,2001-2005→2005-2009
4219,Evje og Hornnes,2005-2009,2005,2009,Agder,Agder,4,691,False,1863.0,30.97,34.27,3.3,22.6,22.72,0.12,7.19,9.82,2.63,19.16,22.07,2.91,8.7,5.88,-2.82,5.37,2.54,-2.83,4.29,1.35,-2.94,0.0,0.49,0.49,0.43,0.16,-0.27,1.29,0.7,-0.59,-2.7,9.61,5.18,3305.0,8.1032,3.1165,1.4286,25.416,5.1437,14.9773,20.4236,-0.4233,16.8306,330000.0,,,,0,10.97,1.86,-9.85,-3.873282896484482,2001-2005→2005-2009
4220,Bygland,2005-2009,2005,2009,Agder,Agder,6,551,False,749.0,26.3,30.58,4.28,15.75,17.92,2.17,10.28,14.65,4.37,14.15,13.51,-0.64,24.97,14.79,-10.18,3.6,3.27,-0.33,3.6,2.99,-0.61,0.0,0.0,0.0,0.13,0.71,0.58,1.2,1.56,0.36,-8.01,37.41,-8.42,1327.0,7.1907,-7.6865,-6.7732,-63.3007,-15.8252,15.1469,19.2163,0.3633,20.8955,303000.0,,,,0,10.1,7.22,-4.51,0.8424425858413764,2001-2005→2005-2009
4221,Valle,2005-2009,2005,2009,Agder,Agder,6,466,False,720.0,24.44,27.8,3.36,24.17,23.14,-1.03,6.67,13.1,6.43,14.31,13.83,-0.48,19.17,17.32,-1.85,4.86,1.75,-3.11,3.75,1.16,-2.59,0.0,0.15,0.15,0.42,0.44,0.02,2.22,1.31,-0.91,-2.88,35.04,-12.68,1384.0,7.2327,-6.6474,-9.0781,-51.3006,-16.6185,16.1127,19.2919,1.4569,19.457,312000.0,,,,0,5.83,0.3,-4.5,-0.22912832897102842,2001-2005→2005-2009
4222,Bykle,2005-2009,2005,2009,Agder,Agder,6,467,False,453.0,24.28,30.17,5.89,22.08,20.25,-1.83,11.92,17.09,5.17,13.02,12.03,-0.99,13.25,9.28,-3.97,9.05,5.91,-3.14,3.53,3.38,-0.15,0.0,0.63,0.63,0.88,0.21,-0.67,1.99,1.05,-0.94,-5.8,10.39,-1.58,857.0,6.7534,12.6021,11.6898,103.8506,19.8366,8.6348,25.7876,-0.4482,22.1226,296000.0,,,,0,6.9,3.01,-6.41,0.05860559288366929,2001-2005→2005-2009
4223,Vennesla,2005-2009,2005,2009,Agder,Agder,3,775,False,6997.0,27.41,28.86,1.45,24.21,28.43,4.22,7.23,10.58,3.35,27.45,22.38,-5.07,4.36,3.82,-0.54,4.24,2.03,-2.21,3.09,1.38,-1.71,0.14,0.22,0.08,0.17,0.28,0.11,1.69,2.01,0.32,3.68,7.92,-0.57,12427.0,9.4276,3.6936,7.446,15.6916,21.5659,12.1188,20.6969,0.1038,12.2754,339000.0,,,,0,7.1,0.06,-4.17,-0.05396661748144016,2001-2005→2005-2009
4224,Åseral,2005-2009,2005,2009,Agder,Agder,6,536,False,487.0,17.86,21.35,3.49,23.61,25.37,1.76,5.95,9.09,3.14,28.54,23.04,-5.5,15.81,15.43,-0.38,3.08,2.54,-0.54,3.49,1.48,-2.01,0.21,0.0,-0.21,0.0,0.0,0.0,1.44,1.69,0.25,1.38,0.0,24.8,907.0,6.8101,0.7718,2.9279,14.333,-6.6152,16.3175,16.4278,-1.4379,12.0178,300000.0,,,,0,5.58,4.13,-3.75,-0.05458956068809684,2001-2005→2005-2009
4225,Lyngdal,2005-2009,2005,2009,Agder,Agder,4,695,False,4851.0,16.49,17.16,0.67,25.89,29.19,3.3,12.47,15.8,3.33,27.89,26.05,-1.84,7.63,6.73,-0.9,3.71,1.95,-1.76,4.49,2.21,-2.28,0.04,0.08,0.04,0.19,0.14,-0.05,1.2,0.69,-0.51,2.4,11.58,-4.2,8819.0,9.0847,5.0686,8.273,30.3889,20.9774,12.1442,21.5557,-0.057,16.827,348008.9206,,,,1,3.68,0.79,-7.5,-0.6402994006332214,2001-2005→2005-2009
4226,Hægebostad,2005-2009,2005,2009,Agder,Agder,5,575,False,909.0,14.74,14.32,-0.42,22.44,29.17,6.73,8.25,10.55,2.3,33.66,30.46,-3.2,15.95,12.27,-3.68,0.99,0.86,-0.13,2.31,0.97,-1.34,0.22,0.22,0.0,0.11,0.0,-0.11,1.32,1.18,-0.14,3.05,6.4,-0.49,1594.0,7.374,1.6311,2.7267,3.7641,12.5471,13.3626,21.8946,0.3411,13.9497,349000.0,,,,0,4.08,2.02,-4.37,0.2664488037001824,2001-2005→2005-2009
4227,Kvinesdal,2005-2009,2005,2009,Agder,Agder,5,650,False,3139.0,23.96,28.97,5.01,29.44,30.37,0.93,9.65,10.98,1.33,19.4,16.13,-3.27,7.36,8.31,0.95,3.95,1.76,-2.19,4.17,2.15,-2.02,0.1,0.1,0.0,0.29,0.33,0.04,1.69,0.91,-0.78,1.88,16.37,-5.14,5582.0,8.6273,1.9348,2.3013,10.3905,9.3157,14.4572,19.5271,-0.0635,13.2319,329000.0,,,,0,7.11,0.54,-7.99,-1.7927671781296919,2001-2005→2005-2009
4228,Sirdal,2005-2009,2005,2009,Agder,Agder,5,575,False,981.0,17.33,20.56,3.23,18.25,21.57,3.32,9.17,11.29,2.12,21.61,21.07,-0.54,18.55,15.93,-2.62,4.59,3.23,-1.36,8.66,4.74,-3.92,0.1,0.81,0.71,0.1,0.4,0.3,1.63,0.4,-1.23,0.7,22.26,2.79,1760.0,7.4731,-1.1932,0.0575,6.25,-17.6136,16.7045,20.1705,-1.5809,17.8182,343000.0,,,,0,1.44,3.16,-6.82,-1.1288103067312747,2001-2005→2005-2009
4601,Bergen,2005-2009,2005,2009,Vestland,Vestlandet,2,895,False,141101.0,28.88,31.65,2.77,20.35,20.21,-0.14,19.49,22.72,3.23,6.74,5.47,-1.27,2.33,2.88,0.55,8.88,6.98,-1.9,7.23,5.43,-1.8,0.17,0.51,0.34,4.66,3.34,-1.32,1.28,0.82,-0.46,0.41,1.62,1.17,239209.0,12.3851,5.3685,10.9008,30.2706,23.2893,12.7713,23.099,-0.3793,30.6226,313000.0,,,,0,8.64,0.7,-5.91,2.527827458771325,2001-2005→2005-2009
4602,Kinn,2005-2009,2005,2009,Vestland,Vestlandet,5,663,False,9604.0,29.85,28.07,-1.78,21.97,23.41,1.44,13.12,18.05,4.93,7.16,4.9,-2.26,7.74,10.9,3.16,11.27,8.06,-3.21,6.91,4.06,-2.85,0.0,0.24,0.24,0.66,2.03,1.37,1.32,0.3,-1.02,4.6,8.45,3.62,17582.0,9.7746,-0.8247,-1.2292,-22.2955,14.5603,13.2806,19.8726,0.1448,17.2821,344758.3503,,,,1,8.43,2.97,-5.22,1.1617483778561537,2001-2005→2005-2009
4611,Etne,2005-2009,2005,2009,Vestland,Vestlandet,5,604,False,2148.0,21.74,23.47,1.73,23.98,24.81,0.83,10.1,13.17,3.07,13.08,10.87,-2.21,17.32,19.64,2.32,5.45,2.87,-2.58,5.59,2.73,-2.86,0.05,0.1,0.05,1.12,0.77,-0.35,1.58,1.58,0.0,3.15,15.41,12.18,3904.0,8.2698,-1.2807,-2.381,-5.8914,-6.4037,16.0092,19.416,0.3893,15.2018,340000.0,,,,0,7.58,4.39,-4.42,0.8088821433617586,2001-2005→2005-2009
4612,Sveio,2005-2009,2005,2009,Vestland,Vestlandet,4,673,False,2731.0,19.48,24.88,5.4,28.85,29.33,0.48,11.86,16.06,4.2,11.35,10.56,-0.79,9.12,10.2,1.08,5.09,2.93,-2.16,8.53,2.93,-5.6,0.18,0.54,0.36,1.14,0.47,-0.67,4.39,2.1,-2.29,1.56,11.7,-0.37,4672.0,8.4493,5.0086,7.0945,28.4675,20.762,11.6866,19.6062,-0.1701,16.7134,367000.0,,,,0,6.42,1.59,-3.42,1.9951515692970032,2001-2005→2005-2009
4613,Bømlo,2005-2009,2005,2009,Vestland,Vestlandet,5,644,False,6012.0,19.03,21.99,2.96,27.84,31.67,3.83,11.21,15.39,4.18,22.32,17.8,-4.52,4.96,5.6,0.64,4.03,2.34,-1.69,6.2,2.84,-3.36,0.08,0.11,0.03,0.98,0.8,-0.18,3.34,1.45,-1.89,4.47,8.26,-0.77,10830.0,9.2901,2.3546,3.6563,1.2927,22.3453,12.4284,20.7941,-0.3761,15.8211,370000.0,,,,0,7.28,2.83,-5.09,0.6409574494877806,2001-2005→2005-2009
4614,Stord,2005-2009,2005,2009,Vestland,Vestlandet,4,746,False,9250.0,33.86,37.18,3.32,22.65,23.2,0.55,10.23,15.36,5.13,10.96,8.81,-2.15,4.63,5.08,0.45,7.82,4.51,-3.31,5.42,3.13,-2.29,0.12,0.21,0.09,2.08,1.41,-0.67,2.25,1.1,-1.15,1.0,4.1,4.06,16516.0,9.7121,4.6803,7.5789,19.9806,27.1252,10.3597,21.5064,0.5953,23.2124,363000.0,,,,0,10.7,1.82,-5.9,-0.2835101783025218,2001-2005→2005-2009
4615,Fitjar,2005-2009,2005,2009,Vestland,Vestlandet,5,603,False,1758.0,16.67,18.97,2.3,26.62,28.45,1.83,10.98,17.92,6.94,22.92,18.91,-4.01,10.24,9.37,-0.87,3.36,2.4,-0.96,5.06,1.7,-3.36,0.11,0.35,0.24,1.08,0.88,-0.2,2.96,1.05,-1.91,0.96,9.56,7.86,2895.0,7.9707,0.4491,-1.8231,-18.6528,21.7617,12.2971,20.9672,0.0826,16.7499,379000.0,,,,0,5.81,4.0,-5.68,0.22369414095745288,2001-2005→2005-2009
4616,Tysnes,2005-2009,2005,2009,Vestland,Vestlandet,5,578,False,1656.0,21.38,23.12,1.74,25.06,25.95,0.89,11.78,19.31,7.53,11.53,8.98,-2.55,14.86,14.39,-0.47,4.65,3.08,-1.57,7.07,3.87,-3.2,0.12,0.18,0.06,1.27,0.55,-0.72,2.29,0.55,-1.74,0.42,19.91,-0.99,2825.0,7.9463,-1.1681,-0.4635,-2.4779,-8.8496,19.3628,16.2124,-0.1293,16.0619,301000.0,,,,0,8.9,4.65,-6.45,-0.04209889352257079,2001-2005→2005-2009
4617,Kvinnherad,2005-2009,2005,2009,Vestland,Vestlandet,5,587,False,7444.0,27.69,27.48,-0.21,24.93,28.42,3.49,10.37,15.15,4.78,9.61,8.74,-0.87,10.1,9.74,-0.36,5.71,3.86,-1.85,7.09,3.98,-3.11,0.13,0.3,0.17,1.8,1.55,-0.25,2.57,0.79,-1.78,3.13,20.26,-10.36,13122.0,9.482,-0.0762,-0.7118,-10.1357,9.7546,14.3271,19.4102,0.888,16.3019,347000.0,,,,0,9.3,2.28,-4.12,1.1057294313602561,2001-2005→2005-2009
4618,Ullensvang,2005-2009,2005,2009,Vestland,Vestlandet,5,583,False,7106.0,33.73,36.54,2.81,14.66,16.14,1.48,9.75,13.77,4.02,6.15,4.43,-1.72,14.09,16.0,1.91,7.78,4.51,-3.27,7.36,4.23,-3.13,0.18,0.33,0.15,5.12,2.98,-2.14,1.17,1.07,-0.1,3.39,18.46,1.85,11973.0,9.3904,-4.5603,-8.5913,-31.8216,-14.0316,18.8257,17.6063,0.567,17.0524,305493.8952,,,,1,7.52,3.9,-4.73,0.5416268087862504,2001-2005→2005-2009
4619,Eidfjord,2005-2009,2005,2009,Vestland,Vestlandet,6,531,False,541.0,31.05,30.97,-0.08,18.85,21.31,2.46,20.52,15.3,-5.22,4.44,3.1,-1.34,13.68,20.58,6.9,3.33,2.91,-0.42,5.73,3.64,-2.09,0.0,0.0,0.0,1.11,1.28,0.17,1.29,0.91,-0.38,9.36,34.29,11.48,914.0,6.8178,3.3917,-6.9882,50.3282,-16.4114,16.9584,15.3173,-1.0854,15.9363,308000.0,,,,0,8.97,2.18,-5.27,3.6196894075235324,2001-2005→2005-2009
4620,Ulvik,2005-2009,2005,2009,Vestland,Vestlandet,6,529,False,668.0,24.7,27.22,2.52,11.53,13.91,2.38,4.79,7.49,2.7,4.79,2.45,-2.34,19.01,20.64,1.63,10.48,8.1,-2.38,20.06,14.98,-5.08,0.15,0.61,0.46,2.99,3.36,0.37,1.5,1.22,-0.28,4.01,30.97,-8.82,1163.0,7.0588,-5.8469,-11.0479,-53.3104,-6.0189,18.1427,15.3052,2.4052,19.2849,295000.0,,,,0,9.79,2.34,-6.91,-2.48833748570799,2001-2005→2005-2009
4621,Voss,2005-2009,2005,2009,Vestland,Vestlandet,4,720,False,8761.0,33.8,34.71,0.91,14.44,15.41,0.97,7.35,10.68,3.33,6.33,4.9,-1.43,17.14,19.38,2.24,7.82,5.91,-1.91,8.69,5.23,-3.46,0.21,0.2,-0.01,3.04,2.89,-0.15,1.19,0.7,-0.49,3.21,20.84,2.64,14858.0,9.6063,-0.2692,0.6247,-1.2115,-1.4134,17.4653,18.0576,0.0741,20.1519,327009.3141,,,,1,9.77,2.76,-4.18,0.0454572785659586,2001-2005→2005-2009
4622,Kvam,2005-2009,2005,2009,Vestland,Vestlandet,4,674,False,4962.0,23.28,26.61,3.33,19.17,20.7,1.53,10.24,14.66,4.42,12.82,10.74,-2.08,14.07,14.74,0.67,6.09,4.12,-1.97,10.56,5.67,-4.89,0.16,0.23,0.07,2.06,1.81,-0.25,1.57,0.72,-0.85,2.2,22.45,-2.3,8334.0,9.0281,0.048,-2.6503,0.36,0.8399,16.8467,18.1186,0.0039,19.1277,336000.0,,,,0,5.65,3.06,-4.11,1.0402589208812074,2001-2005→2005-2009
4623,Samnanger,2005-2009,2005,2009,Vestland,Vestlandet,4,683,False,1415.0,34.84,37.25,2.41,21.27,21.9,0.63,8.27,13.62,5.35,12.23,10.16,-2.07,10.6,9.51,-1.09,4.45,2.45,-2.0,5.16,2.38,-2.78,0.14,0.36,0.22,1.41,1.51,0.1,1.63,0.86,-0.77,-0.46,13.28,-4.79,2322.0,7.7502,2.4548,2.4548,12.0586,11.1972,15.2024,19.0784,-1.0788,15.7811,353000.0,,,,0,7.78,2.49,-4.08,0.43519356957944666,2001-2005→2005-2009
4624,Bjørnafjorden,2005-2009,2005,2009,Vestland,Vestlandet,4,766,False,10951.0,22.72,25.33,2.61,29.05,30.81,1.76,15.87,19.77,3.9,9.02,7.02,-2.0,6.66,6.91,0.25,5.47,3.49,-1.98,7.86,4.16,-3.7,0.17,0.47,0.3,1.74,1.4,-0.34,1.44,0.63,-0.81,2.01,7.67,1.09,18617.0,9.8318,8.6534,16.2729,56.3464,30.1337,11.3606,20.3094,-0.1533,20.9516,394595.3014,,,,1,6.21,1.26,-4.41,2.471114827393926,2001-2005→2005-2009
4625,Austevoll,2005-2009,2005,2009,Vestland,Vestlandet,5,598,False,2444.0,16.65,18.51,1.86,28.6,33.95,5.35,23.28,28.06,4.78,13.01,8.21,-4.8,4.71,4.87,0.16,3.03,1.69,-1.34,6.83,3.14,-3.69,0.08,0.12,0.04,1.02,0.47,-0.55,2.78,0.98,-1.8,5.51,12.68,-2.56,4451.0,8.4009,-0.7639,0.8908,-23.5902,16.4008,12.6039,20.9391,0.3687,14.6168,427000.0,,,,0,5.72,0.51,-3.68,5.426532002934847,2001-2005→2005-2009
4626,Øygarden,2005-2009,2005,2009,Vestland,Vestlandet,4,769,False,16366.0,24.14,26.92,2.78,30.88,32.93,2.05,16.66,20.28,3.62,12.01,9.49,-2.52,3.0,2.96,-0.04,4.85,2.66,-2.19,5.23,2.75,-2.48,0.1,0.25,0.15,1.56,1.05,-0.51,1.56,0.72,-0.84,2.01,2.99,1.16,29555.0,10.294,7.0174,19.3097,37.4218,32.0758,8.5535,20.7985,0.2864,17.4896,414329.2135,,,,1,6.02,0.92,-5.24,2.1024069307732294,2001-2005→2005-2009
4627,Askøy,2005-2009,2005,2009,Vestland,Vestlandet,3,810,False,12540.0,30.08,33.31,3.23,26.4,25.71,-0.69,16.11,20.81,4.7,8.23,6.71,-1.52,2.19,2.08,-0.11,7.11,4.39,-2.72,5.94,3.64,-2.3,0.14,0.29,0.15,2.07,2.02,-0.05,1.74,1.04,-0.7,-0.8,0.97,0.04,22020.0,9.9997,10.9537,25.5176,69.7548,40.0545,9.8728,21.8529,-0.2093,18.5819,404000.0,,,,0,7.89,0.79,-6.32,1.1711339432364936,2001-2005→2005-2009
4628,Vaksdal,2005-2009,2005,2009,Vestland,Vestlandet,5,644,False,2518.0,40.51,42.25,1.74,17.08,16.39,-0.69,7.47,10.48,3.01,8.62,8.91,0.29,9.73,10.77,1.04,7.63,5.83,-1.8,4.85,2.11,-2.74,0.04,0.17,0.13,2.46,1.82,-0.64,1.63,1.27,-0.36,0.35,10.08,-1.01,4154.0,8.3318,-1.0592,-2.3289,-4.3332,-7.4627,20.1252,17.0679,-0.5631,13.7131,307000.0,,,,0,11.44,2.02,-3.45,0.6512468778566562,2001-2005→2005-2009
4629,Modalen,2005-2009,2005,2009,Vestland,Vestlandet,6,530,False,194.0,18.56,25.87,7.31,19.07,16.92,-2.15,9.79,11.94,2.15,11.86,8.96,-2.9,18.04,23.38,5.34,6.19,4.98,-1.21,10.31,2.49,-7.82,0.0,0.5,0.5,4.12,2.99,-1.13,2.06,1.99,-0.07,3.19,0.0,0.0,361.0,5.8889,-2.7701,1.4451,-30.4709,2.7701,14.4044,20.4986,-1.5839,17.8947,340000.0,,,,0,2.68,2.75,-2.56,1.9784229526489914,2001-2005→2005-2009
4630,Osterøy,2005-2009,2005,2009,Vestland,Vestlandet,4,717,False,4160.0,25.46,29.44,3.98,26.49,26.73,0.24,11.92,16.07,4.15,10.1,8.12,-1.98,9.21,9.66,0.45,5.38,3.66,-1.72,7.62,3.28,-4.34,0.1,0.31,0.21,2.02,1.76,-0.26,1.71,0.97,-0.74,0.69,9.77,-1.93,7207.0,8.8828,2.0119,4.3133,12.7654,6.7989,14.0142,19.4256,0.1181,13.0838,355000.0,,,,0,5.69,2.78,-3.7,1.7896830247384488,2001-2005→2005-2009
4631,Alver,2005-2009,2005,2009,Vestland,Vestlandet,4,731,False,13850.0,24.55,25.58,1.03,23.58,25.14,1.56,12.7,17.29,4.59,14.43,12.17,-2.26,9.05,10.13,1.08,5.23,3.42,-1.81,6.76,3.54,-3.22,0.11,0.29,0.18,1.8,1.55,-0.25,1.8,0.89,-0.91,2.64,16.29,3.24,23560.0,10.0673,7.5509,13.4701,51.528,24.1087,11.6978,20.1825,-0.1543,17.3759,385009.0271,,,,1,7.54,1.39,-3.39,2.2050352674532196,2001-2005→2005-2009
4632,Austrheim,2005-2009,2005,2009,Vestland,Vestlandet,5,641,False,1508.0,25.53,27.02,1.49,24.2,26.5,2.3,19.1,22.29,3.19,12.4,11.44,-0.96,6.03,5.85,-0.18,2.85,1.38,-1.47,6.56,3.48,-3.08,0.07,0.13,0.06,1.19,0.99,-0.2,2.06,0.92,-1.14,2.12,9.19,-0.81,2527.0,7.8348,1.9391,1.1386,18.2034,2.7701,12.8611,18.4013,1.7352,14.4935,402000.0,,,,0,8.95,1.5,-6.47,2.2125469870392918,2001-2005→2005-2009
4633,Fedje,2005-2009,2005,2009,Vestland,Vestlandet,6,436,False,414.0,27.05,29.1,2.05,16.67,20.9,4.23,14.49,19.31,4.82,20.77,19.31,-1.46,2.42,3.44,1.02,2.9,1.32,-1.58,3.38,1.59,-1.79,0.0,0.53,0.53,1.45,1.06,-0.39,10.87,3.44,-7.43,5.25,0.0,0.0,661.0,6.4938,-9.8336,-10.3759,-71.1044,-25.7186,20.7262,16.1876,0.247,13.8783,346000.0,,,,0,8.1,1.28,-7.2,0.39598128249530706,2001-2005→2005-2009
4634,Masfjorden,2005-2009,2005,2009,Vestland,Vestlandet,6,552,False,1032.0,28.2,27.3,-0.9,18.41,21.66,3.25,10.66,14.74,4.08,12.4,10.19,-2.21,17.15,19.29,2.14,4.26,3.17,-1.09,6.01,2.08,-3.93,0.0,0.1,0.1,0.97,0.99,0.02,1.94,0.49,-1.45,5.39,12.82,-2.27,1693.0,7.4343,-2.4217,-7.2431,-11.2227,-14.7667,18.1926,16.4206,0.5726,13.0661,348000.0,,,,0,12.52,4.21,-4.92,0.712138618591478,2001-2005→2005-2009
4635,Gulen,2005-2009,2005,2009,Vestland,Vestlandet,6,483,False,1432.0,23.39,20.63,-2.76,15.22,15.38,0.16,8.38,14.72,6.34,12.36,12.17,-0.19,26.68,30.61,3.93,6.22,3.43,-2.79,5.52,2.62,-2.9,0.0,0.0,0.0,0.42,0.36,-0.06,1.82,0.07,-1.75,4.09,25.72,3.13,2459.0,7.8075,-7.1574,-8.7895,-55.7137,-15.4534,16.9174,17.5275,0.5596,14.7275,322000.0,,,,0,8.27,8.42,-6.74,-1.2561968258529594,2001-2005→2005-2009
4636,Solund,2005-2009,2005,2009,Vestland,Vestlandet,6,350,False,469.0,19.4,20.09,0.69,17.06,23.72,6.66,16.42,18.38,1.96,9.38,6.2,-3.18,21.96,24.57,2.61,4.9,3.85,-1.05,4.48,2.35,-2.13,0.0,0.0,0.0,1.07,0.43,-0.64,5.33,0.43,-4.9,9.27,36.22,-2.11,875.0,6.7742,0.1143,-11.066,18.2857,-17.1429,19.8857,16.3429,-0.5935,12.7747,292000.0,,,,0,7.61,10.96,-5.19,2.516470896277739,2001-2005→2005-2009
4637,Hyllestad,2005-2009,2005,2009,Vestland,Vestlandet,6,481,False,824.0,31.55,30.47,-1.08,11.89,11.74,-0.15,6.07,11.08,5.01,9.71,8.58,-1.13,31.07,32.72,1.65,5.1,3.03,-2.07,3.28,1.58,-1.7,0.0,0.13,0.13,0.73,0.4,-0.33,0.61,0.26,-0.35,1.5,39.44,-6.93,1526.0,7.3304,-3.4076,-7.0618,-16.3827,-18.3486,16.7759,17.5623,0.9989,14.3325,303000.0,,,,0,10.63,11.65,-2.02,1.3120050266125673,2001-2005→2005-2009
4638,Høyanger,2005-2009,2005,2009,Vestland,Vestlandet,6,547,False,2599.0,45.86,43.62,-2.24,13.27,15.26,1.99,6.35,9.14,2.79,4.96,4.25,-0.71,15.08,19.18,4.1,8.43,4.59,-3.84,3.0,1.06,-1.94,0.0,0.17,0.17,1.65,2.3,0.65,1.39,0.43,-0.96,6.09,11.68,3.0,4502.0,8.4123,-3.8872,-7.7988,-28.8761,-9.7734,16.8814,17.259,-0.3572,15.5367,331000.0,,,,0,13.57,2.64,-5.63,-1.1354252692022575,2001-2005→2005-2009
4639,Vik,2005-2009,2005,2009,Vestland,Vestlandet,6,532,False,1668.0,25.96,24.41,-1.55,13.31,13.16,-0.15,5.64,7.16,1.52,6.18,4.41,-1.77,36.81,43.32,6.51,6.12,3.83,-2.29,4.68,2.75,-1.93,0.0,0.19,0.19,0.36,0.38,0.02,0.96,0.38,-0.58,6.36,31.62,-1.41,2881.0,7.9659,-3.5057,-6.8052,-27.0739,-8.6775,21.3815,16.9039,-0.3383,15.4604,303000.0,,,,0,7.28,-2.61,-1.73,1.3231860507926525,2001-2005→2005-2009
4640,Sogndal,2005-2009,2005,2009,Vestland,Vestlandet,5,659,False,5916.0,29.46,30.57,1.11,14.62,14.43,-0.19,6.52,9.4,2.88,8.69,6.89,-1.8,23.29,27.2,3.91,10.31,7.33,-2.98,5.88,3.42,-2.46,0.0,0.07,0.07,0.56,0.59,0.03,0.66,0.1,-0.56,3.72,24.93,-7.23,10434.0,9.2528,0.3642,1.7588,-16.4846,18.8806,13.111,20.4907,0.3057,28.3698,341100.064,,,,1,7.45,-4.98,-3.5,0.27437296362880126,2001-2005→2005-2009
4641,Aurland,2005-2009,2005,2009,Vestland,Vestlandet,6,528,False,1010.0,33.17,33.33,0.16,16.04,13.62,-2.42,10.4,14.24,3.84,4.46,2.58,-1.88,20.59,23.53,2.94,9.01,6.3,-2.71,5.64,3.61,-2.03,0.0,2.27,2.27,0.4,0.52,0.12,0.3,0.0,-0.3,0.52,32.28,11.32,1783.0,7.4861,-5.3842,-7.2567,-48.2333,-6.7302,16.3769,18.2277,0.0428,17.0407,332000.0,,,,0,8.59,-1.44,-7.1,-0.8653181602367948,2001-2005→2005-2009
4642,Lærdal,2005-2009,2005,2009,Vestland,Vestlandet,5,570,False,1253.0,34.96,33.78,-1.18,12.05,13.47,1.42,5.51,7.09,1.58,2.31,0.72,-1.59,31.44,34.5,3.06,9.42,6.37,-3.05,3.51,2.95,-0.56,0.0,0.32,0.32,0.64,0.72,0.08,0.16,0.08,-0.08,4.48,0.0,28.96,2158.0,7.6769,1.8999,-0.8566,13.4384,5.5607,16.2651,16.5894,-0.1214,21.0896,330000.0,,,,0,4.97,0.81,-1.87,1.1536096483728784,2001-2005→2005-2009
4643,Årdal,2005-2009,2005,2009,Vestland,Vestlandet,5,592,False,3447.0,72.41,70.19,-2.22,8.99,9.26,0.27,3.37,5.63,2.26,2.12,1.46,-0.66,4.73,8.33,3.6,6.09,3.51,-2.58,1.65,0.96,-0.69,0.0,0.22,0.22,0.29,0.37,0.08,0.35,0.06,-0.29,3.87,10.0,-3.03,5631.0,8.636,-0.5505,-3.4816,-3.7294,-2.1311,16.9419,17.6878,0.1652,15.4619,349000.0,,,,0,12.2,-1.34,-3.91,-0.9237452173657337,2001-2005→2005-2009
4644,Luster,2005-2009,2005,2009,Vestland,Vestlandet,5,567,False,2868.0,31.9,36.51,4.61,14.4,12.15,-2.25,4.11,6.3,2.19,11.79,9.51,-2.28,26.15,29.61,3.46,6.38,3.77,-2.61,3.94,1.73,-2.21,0.0,0.14,0.14,0.38,0.25,-0.13,0.94,0.04,-0.9,1.21,20.86,2.75,4927.0,8.5025,-0.9742,-3.0983,-15.4252,5.48,16.6633,17.3737,0.4099,18.229,326000.0,,,,0,2.39,-2.61,-2.88,0.017013290048452756,2001-2005→2005-2009
4645,Askvoll,2005-2009,2005,2009,Vestland,Vestlandet,6,504,False,1830.0,23.44,24.45,1.01,12.4,13.96,1.56,7.92,11.76,3.84,10.44,8.11,-2.33,24.1,32.56,8.46,6.78,3.3,-3.48,8.63,4.0,-4.63,0.0,0.12,0.12,0.38,0.58,0.2,5.9,1.16,-4.74,10.02,16.56,7.84,3229.0,8.0799,-6.1319,-10.669,-41.8086,-19.201,19.17,15.5156,0.3945,14.5511,310000.0,,,,0,5.05,8.67,-2.81,1.3175394047590019,2001-2005→2005-2009
4646,Fjaler,2005-2009,2005,2009,Vestland,Vestlandet,6,562,False,1519.0,26.53,27.83,1.3,10.93,9.08,-1.85,9.28,11.33,2.05,7.11,5.1,-2.01,26.07,34.19,8.12,11.65,6.56,-5.09,5.53,4.37,-1.16,0.0,0.27,0.27,0.66,0.73,0.07,2.24,0.53,-1.71,6.27,24.04,-7.14,2916.0,7.978,-2.6749,-5.1788,-16.118,-10.9739,16.941,18.8272,0.7123,19.8089,286000.0,,,,0,6.27,6.39,-2.78,1.693277027345356,2001-2005→2005-2009
4647,Sunnfjord,2005-2009,2005,2009,Vestland,Vestlandet,5,667,False,10916.0,25.3,27.95,2.65,13.55,13.14,-0.41,9.93,13.57,3.64,10.65,8.63,-2.02,22.39,25.72,3.33,11.08,6.83,-4.25,5.36,2.77,-2.59,0.0,0.14,0.14,0.8,0.99,0.19,0.94,0.25,-0.69,2.92,25.24,1.81,19500.0,9.8782,3.5897,6.8274,8.1538,27.5385,11.2923,21.2615,-0.0745,24.3118,361883.307,,,,1,5.67,5.34,-3.28,1.4537049391771242,2001-2005→2005-2009
4648,Bremanger,2005-2009,2005,2009,Vestland,Vestlandet,6,476,False,2261.0,28.75,27.23,-1.52,17.74,21.7,3.96,8.18,12.53,4.35,9.64,6.71,-2.93,17.47,21.56,4.09,11.99,6.86,-5.13,4.87,2.32,-2.55,0.0,0.14,0.14,0.27,0.76,0.49,1.11,0.19,-0.92,8.05,14.75,-1.53,4031.0,8.3018,-3.2746,-6.566,-25.3039,-6.9462,19.747,17.0181,0.9763,12.803,314000.0,,,,0,7.76,7.08,-4.82,0.034507175447411775,2001-2005→2005-2009
4649,Stad,2005-2009,2005,2009,Vestland,Vestlandet,5,607,False,4884.0,20.43,21.82,1.39,21.33,22.47,1.14,6.9,10.96,4.06,8.99,7.16,-1.83,22.67,23.44,0.77,7.76,5.0,-2.76,10.61,8.06,-2.55,0.0,0.1,0.1,0.27,0.71,0.44,1.04,0.27,-0.77,1.91,21.69,-2.06,8765.0,9.0785,-0.3423,-2.0081,-10.9527,7.4159,13.8734,18.8021,0.6773,18.4979,359503.6543,,,,1,6.17,5.96,-8.38,-2.9056035947588876,2001-2005→2005-2009
4650,Gloppen,2005-2009,2005,2009,Vestland,Vestlandet,5,617,False,3477.0,14.98,13.9,-1.08,9.95,9.95,0.0,5.18,9.09,3.91,18.12,11.63,-6.49,35.72,46.83,11.11,9.15,5.11,-4.04,5.26,2.69,-2.57,0.0,0.15,0.15,0.72,0.51,-0.21,0.92,0.15,-0.77,11.11,47.22,0.65,5793.0,8.6644,-2.0715,-1.7492,-25.8933,3.9703,16.917,18.7813,0.1287,24.0993,340000.0,,,,0,4.31,8.29,-5.78,-1.6672618527309124,2001-2005→2005-2009
4651,Stryn,2005-2009,2005,2009,Vestland,Vestlandet,5,603,False,3640.0,20.99,21.73,0.74,16.98,17.11,0.13,9.75,14.31,4.56,10.74,7.65,-3.09,27.64,31.98,4.34,6.43,3.87,-2.56,5.93,2.66,-3.27,0.0,0.06,0.06,0.36,0.38,0.02,1.18,0.26,-0.92,4.47,29.18,0.06,6843.0,8.831,0.0146,1.997,-11.1062,11.6908,14.6281,19.509,-0.0314,17.9746,347000.0,,,,0,4.36,5.08,-3.25,1.481193072336474,2001-2005→2005-2009
5001,Trondheim - Tråante,2005-2009,2005,2009,Trøndelag,Trøndelag,2,885,False,93574.0,38.54,41.44,2.9,17.28,18.9,1.62,15.11,15.76,0.65,3.93,3.11,-0.82,3.71,3.31,-0.4,13.16,9.76,-3.4,4.86,4.15,-0.71,0.3,0.68,0.38,1.53,1.71,0.18,1.57,1.19,-0.38,1.22,3.22,-0.26,161440.0,11.9919,7.7125,14.3779,50.8053,26.6786,11.3448,23.9129,-0.6001,31.6158,310652.0611,,,,1,10.17,1.2,-5.87,1.175849819313319,2001-2005→2005-2009
5006,Steinkjer - Stïentje,2005-2009,2005,2009,Trøndelag,Trøndelag,4,721,False,13425.0,43.22,46.38,3.16,13.85,16.96,3.11,6.26,7.62,1.36,2.84,2.51,-0.33,17.02,16.49,-0.53,10.59,5.59,-5.0,5.16,3.46,-1.7,0.04,0.15,0.11,0.47,0.55,0.08,0.54,0.29,-0.25,2.58,24.75,3.38,23197.0,10.0518,2.565,2.8354,27.676,-2.1123,16.1185,17.4592,-0.1215,19.8259,313213.2622,,,,1,7.86,-0.05,-3.44,0.2174764367848927,2001-2005→2005-2009
5007,Namsos - Nåavmesjenjaelmie,2005-2009,2005,2009,Trøndelag,Trøndelag,4,690,False,8276.0,39.8,45.28,5.48,16.77,19.5,2.73,7.15,8.7,1.55,4.93,4.22,-0.71,10.9,9.8,-1.1,15.38,8.59,-6.79,3.93,2.88,-1.05,0.14,0.1,-0.04,0.33,0.56,0.23,0.66,0.37,-0.29,1.63,10.87,1.15,14996.0,9.6155,0.8469,1.5512,-0.2001,7.602,14.4238,18.705,-0.1674,20.451,318794.1834,,,,1,4.73,1.72,-3.63,0.3768609435864736,2001-2005→2005-2009
5014,Frøya,2005-2009,2005,2009,Trøndelag,Trøndelag,6,531,False,2387.0,38.71,42.12,3.41,23.38,28.87,5.49,9.26,10.01,0.75,5.99,4.03,-1.96,6.45,4.81,-1.64,7.08,5.3,-1.78,5.32,2.95,-2.37,0.08,0.25,0.17,0.59,0.59,0.0,3.14,1.08,-2.06,3.85,10.6,-4.88,4114.0,8.3222,2.455,2.3307,31.1133,-4.1322,17.9387,19.5673,-0.8569,10.3873,285000.0,,,,0,11.06,3.02,-3.9,0.9273649074007175,2001-2005→2005-2009
5020,Osen,2005-2009,2005,2009,Trøndelag,Trøndelag,6,459,False,630.0,33.17,33.45,0.28,17.62,22.53,4.91,4.6,7.85,3.25,5.56,2.9,-2.66,23.02,20.48,-2.54,6.35,5.63,-0.72,4.29,3.41,-0.88,0.0,0.0,0.0,0.48,1.37,0.89,4.92,2.39,-2.53,2.37,17.11,-4.46,1052.0,6.9584,-2.2814,-14.7595,-26.616,4.7529,19.7719,17.4905,1.6289,11.9129,302000.0,,,,0,12.13,4.43,-4.31,-0.6939871027438826,2001-2005→2005-2009
5021,Oppdal,2005-2009,2005,2009,Trøndelag,Trøndelag,5,666,False,3637.0,32.86,38.87,6.01,17.93,16.6,-1.33,9.29,11.96,2.67,9.32,7.04,-2.28,18.48,16.85,-1.63,6.35,4.65,-1.7,4.26,2.83,-1.43,0.14,0.19,0.05,0.25,0.3,0.05,1.13,0.71,-0.42,-2.96,22.07,2.39,6473.0,8.7754,2.41,6.098,20.7014,2.7808,14.5837,18.3686,0.3658,15.9086,316000.0,,,,0,7.06,2.77,-5.34,-0.13292065753017823,2001-2005→2005-2009
5022,Rennebu,2005-2009,2005,2009,Trøndelag,Trøndelag,5,602,False,1549.0,30.86,35.03,4.17,9.94,11.5,1.56,4.33,6.54,2.21,15.88,13.81,-2.07,27.05,23.99,-3.06,6.65,4.3,-2.35,4.13,3.44,-0.69,0.0,0.33,0.33,0.13,0.4,0.27,1.03,0.66,-0.37,-1.5,46.84,-17.3,2660.0,7.8861,-1.4662,-4.2032,-10.9023,-4.1353,17.8195,16.5038,0.7611,12.5352,305000.0,,,,0,6.16,8.26,-3.04,-0.017233494674879335,2001-2005→2005-2009
5025,Røros - Rosse,2005-2009,2005,2009,Trøndelag,Trøndelag,5,644,False,3311.0,46.75,48.59,1.84,11.87,14.09,2.22,8.15,11.05,2.9,2.75,1.4,-1.35,10.03,9.41,-0.62,12.72,9.32,-3.4,3.96,3.25,-0.71,0.12,0.3,0.18,1.81,1.73,-0.08,1.84,0.85,-0.99,1.6,0.0,7.66,5636.0,8.6369,-1.2952,0.706,-7.807,-5.3229,17.0511,17.5124,0.1518,19.0823,314000.0,,,,0,8.23,1.73,-4.59,0.02721902602510884,2001-2005→2005-2009
5026,Holtålen,2005-2009,2005,2009,Trøndelag,Trøndelag,6,524,False,1367.0,52.01,45.21,-6.8,12.0,14.56,2.56,2.63,4.37,1.74,2.12,1.76,-0.36,19.02,24.83,5.81,8.34,6.05,-2.29,1.54,1.53,-0.01,0.07,0.23,0.16,0.51,0.46,-0.05,1.76,1.0,-0.76,8.37,0.0,0.0,2132.0,7.6648,-3.1895,-8.7936,-10.3189,-21.576,19.3715,15.3377,0.832,14.1628,296000.0,,,,0,8.36,4.27,-3.61,-0.8879465391877526,2001-2005→2005-2009
5027,Midtre Gauldal,2005-2009,2005,2009,Trøndelag,Trøndelag,5,657,False,3288.0,37.17,37.8,0.63,14.51,16.98,2.47,4.96,6.99,2.03,7.76,5.48,-2.28,25.79,25.17,-0.62,4.74,3.24,-1.5,3.95,2.24,-1.71,0.03,0.25,0.22,0.36,0.19,-0.17,0.73,1.67,0.94,1.85,20.1,1.59,5797.0,8.6651,2.6393,3.0125,28.6355,-2.5875,17.0605,18.0783,-0.6404,12.5819,333000.0,,,,0,6.38,4.36,-2.34,0.60098377483523,2001-2005→2005-2009
5028,Melhus,2005-2009,2005,2009,Trøndelag,Trøndelag,3,776,False,7999.0,37.12,38.32,1.2,20.23,22.8,2.57,9.23,12.17,2.94,7.56,6.7,-0.86,13.76,11.9,-1.86,6.41,4.12,-2.29,3.85,2.42,-1.43,0.08,0.21,0.13,0.5,0.46,-0.04,1.26,0.91,-0.35,0.71,18.94,-3.13,13977.0,9.5452,4.8508,12.3247,28.1892,20.1045,11.2685,19.854,0.1337,17.6559,371000.0,,,,0,6.36,1.92,-3.5,1.016614879302856,2001-2005→2005-2009
5029,Skaun,2005-2009,2005,2009,Trøndelag,Trøndelag,4,746,False,3397.0,37.47,38.7,1.23,18.72,21.57,2.85,6.71,10.85,4.14,6.48,5.7,-0.78,16.96,14.08,-2.88,8.07,5.4,-2.67,3.92,2.36,-1.56,0.09,0.19,0.1,0.47,0.54,0.07,1.12,0.6,-0.52,-0.03,30.09,-3.44,6063.0,8.71,6.1686,10.5634,30.8428,28.5337,11.7599,19.6767,-0.3104,18.6759,372000.0,,,,0,8.93,1.21,-4.7,-0.5594962647457589,2001-2005→2005-2009
5031,Malvik,2005-2009,2005,2009,Trøndelag,Trøndelag,3,807,False,6618.0,43.0,45.57,2.57,19.28,21.1,1.82,13.63,14.37,0.74,3.32,2.39,-0.93,5.06,4.49,-0.57,9.79,6.71,-3.08,3.81,3.63,-0.18,0.17,0.27,0.1,0.63,0.65,0.02,1.3,0.81,-0.49,1.25,0.0,5.78,12095.0,9.4005,2.993,13.8978,1.2402,28.6895,8.6813,19.2394,0.6629,25.3959,412000.0,,,,0,7.37,0.95,-3.6,2.2678472077082286,2001-2005→2005-2009
5032,Selbu,2005-2009,2005,2009,Trøndelag,Trøndelag,5,643,False,2249.0,36.77,41.42,4.65,17.25,18.53,1.28,9.25,10.46,1.21,4.31,2.43,-1.88,18.67,15.92,-2.75,8.27,6.47,-1.8,3.25,2.52,-0.73,0.04,0.28,0.24,0.8,0.64,-0.16,1.38,1.33,-0.05,-1.47,0.0,0.0,3988.0,8.291,0.4012,0.9836,10.2808,-2.7583,17.9037,17.9789,0.2531,15.9289,321000.0,,,,0,5.8,1.32,-3.03,1.4812210740845084,2001-2005→2005-2009
5033,Tydal,2005-2009,2005,2009,Trøndelag,Trøndelag,6,519,False,541.0,32.9,36.56,3.66,17.01,21.08,4.07,4.44,6.58,2.14,1.48,0.39,-1.09,27.73,24.18,-3.55,8.87,5.03,-3.84,5.18,3.48,-1.7,0.18,0.39,0.21,1.11,0.97,-0.14,1.11,1.35,0.24,0.52,23.54,-2.08,902.0,6.8046,-4.9889,-11.8313,-33.2594,-16.6297,19.5122,15.2993,2.3081,13.9503,321000.0,,,,0,5.09,5.45,-6.43,-2.2663281156618638,2001-2005→2005-2009
5034,Meråker,2005-2009,2005,2009,Trøndelag,Trøndelag,5,626,False,1413.0,47.91,47.41,-0.5,17.34,20.7,3.36,4.25,6.7,2.45,1.91,2.36,0.45,9.84,11.64,1.8,12.6,7.23,-5.37,4.39,3.12,-1.27,0.07,0.0,-0.07,0.99,0.68,-0.31,0.71,0.15,-0.56,5.16,11.7,0.92,2560.0,7.8478,-3.2813,-4.5857,-15.625,-16.4062,18.9062,17.2266,0.0356,13.9717,293000.0,,,,0,9.92,0.23,-4.48,-1.0493339034123008,2001-2005→2005-2009
5035,Stjørdal,2005-2009,2005,2009,Trøndelag,Trøndelag,3,802,False,11376.0,40.44,41.97,1.53,17.12,18.72,1.6,10.29,13.07,2.78,5.28,3.89,-1.39,11.39,11.62,0.23,9.55,6.04,-3.51,4.57,2.95,-1.62,0.17,0.32,0.15,0.62,0.8,0.18,0.56,0.63,0.07,1.83,19.97,5.04,19562.0,9.8813,7.1465,15.7563,53.3688,17.6362,12.0898,19.6452,0.1478,20.0859,347000.0,,,,0,7.77,-0.05,-4.95,0.3263559230494337,2001-2005→2005-2009
5036,Frosta,2005-2009,2005,2009,Trøndelag,Trøndelag,5,657,False,1407.0,31.77,32.32,0.55,14.29,14.17,-0.12,7.46,18.29,10.83,7.11,6.29,-0.82,26.15,20.61,-5.54,6.61,4.27,-2.34,4.98,2.75,-2.23,0.28,0.14,-0.14,0.36,0.65,0.29,1.0,0.51,-0.49,-5.66,35.02,-11.84,2493.0,7.8212,-0.2407,3.8413,0.4011,-3.6101,16.0449,17.1681,0.8831,14.0216,304000.0,,,,0,5.52,2.54,-2.51,1.2474074423457555,2001-2005→2005-2009
5037,Levanger - Levangke,2005-2009,2005,2009,Trøndelag,Trøndelag,4,752,False,10309.0,40.32,44.81,4.49,14.19,15.12,0.93,7.28,8.82,1.54,7.05,6.82,-0.23,14.31,12.95,-1.36,11.68,7.65,-4.03,3.81,2.61,-1.2,0.05,0.16,0.11,0.62,0.67,0.05,0.68,0.39,-0.29,-0.43,18.21,-2.71,18001.0,9.7982,2.5721,5.4845,7.6662,18.3879,12.7826,19.2212,0.2481,26.4043,332000.0,,,,0,9.17,0.08,-3.46,0.4693733800982032,2001-2005→2005-2009
5038,Verdal,2005-2009,2005,2009,Trøndelag,Trøndelag,4,747,False,7643.0,49.95,51.47,1.52,15.43,19.02,3.59,5.26,7.46,2.2,3.48,2.61,-0.87,12.57,11.18,-1.39,9.11,5.14,-3.97,2.89,1.95,-0.94,0.12,0.12,0.0,0.69,0.76,0.07,0.5,0.29,-0.21,2.2,16.2,1.25,13815.0,9.5335,2.4756,3.6156,9.9891,15.2009,12.4647,19.5078,-0.0751,16.524,322000.0,,,,0,10.81,0.58,-3.49,-0.1591901047825437,2001-2005→2005-2009
5041,Snåase - Snåsa,2005-2009,2005,2009,Trøndelag,Trøndelag,6,561,False,1310.0,32.82,39.32,6.5,8.02,9.02,1.0,4.05,5.09,1.04,1.76,0.69,-1.07,33.66,34.93,1.27,13.82,6.55,-7.27,4.81,3.16,-1.65,0.15,0.39,0.24,0.53,0.69,0.16,0.38,0.15,-0.23,2.27,36.94,6.61,2260.0,7.7231,-3.7168,-9.4465,-26.5487,-10.6195,18.3628,15.8407,0.8467,16.2479,309000.0,,,,0,6.85,4.18,-2.37,0.3811185426908623,2001-2005→2005-2009
5042,Lierne,2005-2009,2005,2009,Trøndelag,Trøndelag,6,398,False,811.0,32.43,39.11,6.68,10.48,18.51,8.03,1.6,2.61,1.01,6.54,4.95,-1.59,28.11,26.73,-1.38,15.41,3.65,-11.76,4.81,3.91,-0.9,0.0,0.26,0.26,0.12,0.26,0.14,0.49,0.0,-0.49,6.65,43.74,-14.05,1509.0,7.3192,-3.1809,-6.705,-7.2896,-23.8569,18.6879,17.0311,-0.2758,14.3322,297000.0,,,,0,8.05,2.74,-2.65,-0.4951491474711651,2001-2005→2005-2009
5043,Raarvihke - Røyrvik,2005-2009,2005,2009,Trøndelag,Trøndelag,6,389,False,336.0,32.44,44.88,12.44,10.71,16.17,5.46,3.87,4.62,0.75,8.93,5.61,-3.32,19.35,22.11,2.76,19.64,2.97,-16.67,3.87,2.97,-0.9,0.0,0.0,0.0,0.0,0.33,0.33,1.19,0.33,-0.86,8.22,0.0,0.0,542.0,6.2953,-7.9336,-17.2471,-71.9557,-3.69,15.4982,18.0812,1.5359,14.5125,307000.0,,,,0,6.04,4.13,-1.1,1.3939177195476313,2001-2005→2005-2009
5044,Namsskogan,2005-2009,2005,2009,Trøndelag,Trøndelag,6,427,False,558.0,36.02,43.79,7.77,12.19,16.44,4.25,2.87,4.21,1.34,4.12,6.5,2.38,12.37,16.06,3.69,29.75,10.9,-18.85,1.43,1.34,-0.09,0.0,0.0,0.0,0.54,0.38,-0.16,0.72,0.38,-0.34,7.94,12.81,1.42,941.0,6.8469,-1.8066,-5.9063,-9.5643,-7.4389,20.4038,15.6217,1.4576,11.4987,278000.0,,,,0,6.86,3.25,-1.24,0.8815535671179198,2001-2005→2005-2009
5045,Grong,2005-2009,2005,2009,Trøndelag,Trøndelag,5,593,False,1489.0,33.78,38.43,4.65,10.54,14.79,4.25,3.9,6.0,2.1,1.21,1.57,0.36,29.08,26.93,-2.15,17.86,8.71,-9.15,2.62,2.71,0.09,0.2,0.14,-0.06,0.2,0.64,0.44,0.6,0.07,-0.53,2.1,45.09,10.07,2481.0,7.8164,-5.2801,-5.8871,-33.4543,-20.5562,18.0975,16.9287,0.1152,17.5412,310000.0,,,,0,5.19,4.7,-2.85,-0.04889170799318965,2001-2005→2005-2009
5046,Høylandet,2005-2009,2005,2009,Trøndelag,Trøndelag,6,525,False,797.0,34.76,39.77,5.01,6.27,8.59,2.32,3.01,2.78,-0.23,2.26,1.89,-0.37,35.63,37.12,1.49,11.92,4.17,-7.75,5.65,5.18,-0.47,0.13,0.38,0.25,0.13,0.0,-0.13,0.25,0.13,-0.12,3.81,43.12,10.83,1247.0,7.1285,2.1652,-5.6995,12.8308,9.6231,15.8781,19.166,1.6258,18.2891,324000.0,,,,0,4.25,4.47,-1.94,0.37173957629574383,2001-2005→2005-2009
5047,Overhalla,2005-2009,2005,2009,Trøndelag,Trøndelag,5,611,False,2033.0,35.12,41.39,6.27,10.48,14.14,3.66,4.77,7.44,2.67,2.71,1.81,-0.9,25.63,24.36,-1.27,16.97,7.24,-9.73,3.79,2.89,-0.9,0.05,0.1,0.05,0.1,0.34,0.24,0.39,0.29,-0.1,2.39,36.53,11.18,3476.0,8.1536,2.4741,-2.9956,15.8228,7.1922,14.7296,18.412,-0.3837,18.3599,350000.0,,,,0,6.28,0.63,-2.82,0.2668820306920048,2001-2005→2005-2009
5049,Flatanger,2005-2009,2005,2009,Trøndelag,Trøndelag,6,475,False,697.0,25.97,33.75,7.78,19.51,19.91,0.4,7.46,10.89,3.43,4.88,4.67,-0.21,18.08,14.62,-3.46,14.2,7.0,-7.2,7.46,7.31,-0.15,0.0,0.0,0.0,0.57,1.09,0.52,1.87,0.78,-1.09,-3.06,19.18,-5.75,1205.0,7.0942,-5.8921,-11.8196,-39.0041,-19.917,17.2614,15.4357,0.9926,12.9301,316000.0,,,,0,4.66,0.25,-3.26,0.9087330617832574,2001-2005→2005-2009
5052,Leka,2005-2009,2005,2009,Trøndelag,Trøndelag,6,386,False,385.0,26.49,32.59,6.1,11.43,13.65,2.22,1.3,4.18,2.88,3.12,0.56,-2.56,33.25,37.33,4.08,16.36,7.8,-8.56,2.6,2.51,-0.09,0.0,0.56,0.56,0.52,0.28,-0.24,4.94,0.56,-4.38,6.3,0.0,69.25,609.0,6.4118,-4.4335,-18.9415,-34.4828,-9.8522,19.5402,14.2857,2.9684,10.5882,295000.0,,,,0,2.87,6.87,-3.22,-0.880815609040063,2001-2005→2005-2009
5053,Inderøy,2005-2009,2005,2009,Trøndelag,Trøndelag,4,670,False,4026.0,39.94,41.55,1.61,10.28,13.21,2.93,5.76,7.41,1.65,4.94,4.84,-0.1,22.23,22.02,-0.21,11.35,7.26,-4.09,4.45,2.49,-1.96,0.07,0.25,0.18,0.45,0.53,0.08,0.52,0.43,-0.09,2.72,27.44,9.37,6796.0,8.8241,-1.6775,-0.1494,-21.6304,4.2672,13.4638,17.7457,0.1249,21.1913,351987.7033,,,,0,6.54,1.23,-1.99,1.0647874846463712,2001-2005→2005-2009
5054,Indre Fosen,2005-2009,2005,2009,Trøndelag,Trøndelag,5,621,False,5466.0,33.48,34.34,0.86,17.03,22.33,5.3,7.92,11.3,3.38,7.83,6.34,-1.49,21.88,17.08,-4.8,6.29,4.48,-1.81,3.68,2.41,-1.27,0.16,0.24,0.08,0.42,0.46,0.04,1.3,1.02,-0.28,0.5,26.24,-2.3,9941.0,9.2044,-0.3521,-0.4922,-2.4142,-2.0119,15.8133,18.469,0.0458,14.6116,325138.3226,,,,1,8.48,3.3,-3.99,0.4030558828939821,2001-2005→2005-2009
5055,Heim,2005-2009,2005,2009,Trøndelag,Trøndelag,5,588,True,3486.03,40.61,42.78,2.17,16.24,18.1,1.86,8.52,10.09,1.57,5.66,3.89,-1.77,18.63,18.74,0.11,4.23,3.13,-1.1,4.53,2.05,-2.48,0.09,0.25,0.16,0.39,0.46,0.07,1.13,0.5,-0.63,1.97,28.89,-0.37,6131.3197,8.7212,-1.7586,-5.1172,-14.3884,-3.0597,16.3255,17.4589,0.3371,13.7777,303174.5202,,,,1,11.1,2.31,-4.77,0.10999157089925315,2001-2005→2005-2009
5056,Hitra,2005-2009,2005,2009,Trøndelag,Trøndelag,6,551,True,2342.8,32.31,31.62,-0.69,27.75,30.95,3.2,8.57,14.11,5.54,5.78,4.39,-1.39,12.35,9.08,-3.27,6.89,5.62,-1.27,2.61,1.84,-0.77,0.3,0.46,0.16,0.9,0.72,-0.18,2.55,1.21,-1.34,-0.07,11.22,-1.07,4372.8632,8.3832,2.4496,0.7715,38.62,-14.8879,17.4919,17.4456,-0.9559,11.5824,289151.6078,,,,1,9.62,2.64,-7.4,-1.6718395963605737,2001-2005→2005-2009
5057,Ørland,2005-2009,2005,2009,Trøndelag,Trøndelag,5,603,False,5392.0,30.04,34.14,4.1,23.92,26.17,2.25,11.85,13.51,1.66,4.51,4.14,-0.37,15.5,13.18,-2.32,6.36,3.75,-2.61,3.36,2.32,-1.04,0.24,0.29,0.05,0.48,0.52,0.04,3.73,1.99,-1.74,-0.07,29.36,-4.26,9821.0,9.1923,-2.5252,-1.6641,-27.1866,3.3601,14.7948,17.9004,0.9996,15.7956,310909.2727,,,,1,8.3,0.92,-6.19,0.14546270293151586,2001-2005→2005-2009
5058,Åfjord,2005-2009,2005,2009,Trøndelag,Trøndelag,6,512,False,2555.0,24.27,30.85,6.58,20.0,20.31,0.31,8.61,9.78,1.17,10.88,9.65,-1.23,24.23,21.03,-3.2,5.52,4.3,-1.22,3.44,2.11,-1.33,0.0,0.17,0.17,0.12,0.55,0.43,2.94,1.26,-1.68,-2.89,38.38,-8.35,4411.0,8.3919,-3.718,-6.8436,-15.8694,-21.3104,18.7486,15.7561,0.2531,11.82,297531.1804,,,,1,7.53,3.86,-5.86,-0.5682745657542849,2001-2005→2005-2009
5059,Orkland,2005-2009,2005,2009,Trøndelag,Trøndelag,4,728,True,9550.18,43.59,45.9,2.31,17.35,19.27,1.92,6.31,8.71,2.4,5.8,4.25,-1.55,14.59,13.03,-1.56,5.98,4.11,-1.87,4.88,3.32,-1.56,0.12,0.19,0.07,0.32,0.4,0.08,1.07,0.81,-0.26,0.36,17.5,-0.25,16765.8171,9.7271,3.1416,4.6765,27.9939,3.6302,16.1766,18.4284,-0.5021,16.3958,319239.5165,,,,1,10.01,1.18,-5.15,-0.956370500678787,2001-2005→2005-2009
5060,Nærøysund,2005-2009,2005,2009,Trøndelag,Trøndelag,5,581,False,5079.0,29.61,33.73,4.12,19.33,22.82,3.49,8.8,8.98,0.18,6.22,5.54,-0.68,18.45,18.52,0.07,9.21,5.8,-3.41,5.3,3.57,-1.73,0.12,0.09,-0.03,0.37,0.47,0.1,2.58,0.49,-2.09,3.56,23.99,0.82,9246.0,9.1319,-1.7088,-1.5064,-16.4395,-1.2979,14.6442,18.6135,0.4637,12.8978,313816.1447,,,,1,6.26,1.84,-1.44,2.451066703033823,2001-2005→2005-2009
5061,Rindal,2005-2009,2005,2009,Trøndelag,Trøndelag,5,607,False,1176.0,35.63,38.91,3.28,7.74,9.1,1.36,5.7,6.24,0.54,8.33,5.11,-3.22,35.29,36.14,0.85,2.98,2.17,-0.81,3.74,1.91,-1.83,0.0,0.0,0.0,0.17,0.35,0.18,0.43,0.09,-0.34,2.21,50.96,-9.67,2101.0,7.6502,-2.8558,-5.334,0.476,-26.654,21.4184,16.6111,-1.2812,14.26,300000.0,,,,0,7.0,2.19,-4.27,-0.45615282724777817,2001-2005→2005-2009
5501,Tromsø,2005-2009,2005,2009,Troms,Nord-Norge,3,803,False,34238.0,32.55,36.55,4.0,22.28,22.72,0.44,10.42,14.58,4.16,4.3,3.45,-0.85,4.18,5.26,1.08,12.63,10.19,-2.44,3.83,3.3,-0.53,0.18,0.39,0.21,1.87,2.46,0.59,7.75,1.09,-6.66,1.52,2.71,0.42,62558.0,11.0438,6.3221,14.4388,26.0558,37.7729,8.5121,23.7108,0.2005,30.9737,327000.0,,,,0,11.0,0.69,-6.75,-0.8731904850776981,2001-2005→2005-2009
5503,Harstad - Hárstták,2005-2009,2005,2009,Troms,Nord-Norge,4,738,False,12980.0,34.76,38.17,3.41,27.27,28.83,1.56,11.93,15.02,3.09,3.45,2.54,-0.91,6.17,5.28,-0.89,8.1,6.1,-2.0,3.08,1.94,-1.14,0.13,0.25,0.12,1.07,1.05,-0.02,4.03,0.82,-3.21,0.67,7.89,0.56,23643.0,10.0708,-0.0592,-0.0508,-7.3172,7.3172,12.7903,20.0651,0.4689,22.9811,324001.4535,,,,0,10.74,0.92,-8.64,-1.589583065792242,2001-2005→2005-2009
5510,Kvæfjord,2005-2009,2005,2009,Troms,Nord-Norge,5,587,False,1671.0,30.58,32.05,1.47,24.66,27.33,2.67,8.02,9.57,1.55,2.63,2.52,-0.11,12.81,12.66,-0.15,10.05,8.94,-1.11,4.85,3.65,-1.2,0.06,0.44,0.38,1.2,1.64,0.44,5.15,1.2,-3.95,2.52,15.4,-2.41,3072.0,8.0301,-1.3021,-8.5094,0.9766,-13.6719,14.0951,16.6992,-0.0119,18.3555,296000.0,,,,0,6.88,0.57,-4.87,-0.09070552376333385,2001-2005→2005-2009
5512,Dielddanuorri - Tjeldsund,2005-2009,2005,2009,Troms,Nord-Norge,6,542,False,2524.0,35.74,38.43,2.69,26.62,28.67,2.05,9.39,14.68,5.29,3.57,2.93,-0.64,7.81,6.63,-1.18,7.09,4.96,-2.13,3.17,2.24,-0.93,0.12,0.08,-0.04,0.55,0.53,-0.02,5.94,0.85,-5.09,0.87,9.02,-0.81,4375.0,8.3837,-4.5943,-10.5252,-36.1143,-8.4571,17.0057,18.6971,0.747,16.3008,328616.8009,,,,1,13.09,1.0,-8.04,-1.806406705022912,2001-2005→2005-2009
5514,Ibestad,2005-2009,2005,2009,Troms,Nord-Norge,6,447,False,970.0,31.55,39.06,7.51,25.36,26.36,1.0,8.87,13.78,4.91,5.36,3.99,-1.37,11.34,9.67,-1.67,4.54,3.51,-1.03,2.89,2.18,-0.71,0.1,0.0,-0.1,0.31,0.24,-0.07,9.69,1.21,-8.48,-0.67,0.0,0.0,1649.0,7.4079,-12.6743,-20.354,-73.3778,-52.7592,24.4391,14.3723,0.9082,12.6537,260000.0,,,,0,8.77,1.9,-5.64,-0.22023961663668423,2001-2005→2005-2009
5516,Gratangen - Rivtták,2005-2009,2005,2009,Troms,Nord-Norge,6,509,False,698.0,40.54,41.37,0.83,17.48,22.47,4.99,5.01,8.63,3.62,5.44,3.87,-1.57,14.33,14.14,-0.19,8.17,6.25,-1.92,1.15,1.19,0.04,0.0,0.3,0.3,0.86,0.3,-0.56,7.02,1.49,-5.53,4.8,32.28,-2.16,1268.0,7.1452,-9.2271,-13.3935,-60.7256,-30.7571,21.4511,16.3249,0.7035,14.1176,257000.0,,,,0,16.2,0.71,-3.85,-0.2921120509600277,2001-2005→2005-2009
5518,Loabák - Lavangen,2005-2009,2005,2009,Troms,Nord-Norge,6,517,False,654.0,40.67,43.36,2.69,19.57,20.1,0.53,6.12,10.3,4.18,6.57,5.48,-1.09,14.98,17.28,2.3,4.89,2.16,-2.73,1.53,0.5,-1.03,0.0,0.17,0.17,0.15,0.0,-0.15,5.5,0.66,-4.84,2.83,39.44,-17.65,1029.0,6.9363,-0.5831,-4.3925,-2.9155,-2.9155,20.311,18.173,0.6079,17.4734,288000.0,,,,0,11.24,8.97,-8.52,-3.1663475777527186,2001-2005→2005-2009
5520,Bardu,2005-2009,2005,2009,Troms,Nord-Norge,5,597,False,2230.0,34.13,38.93,4.8,21.52,22.6,1.08,12.24,12.58,0.34,2.74,1.49,-1.25,16.55,16.82,0.27,5.65,4.01,-1.64,3.14,2.39,-0.75,0.13,0.32,0.19,0.45,0.36,-0.09,3.45,0.5,-2.95,1.35,29.12,9.02,3874.0,8.262,2.762,4.9288,2.5813,27.3619,12.7259,24.5225,0.7381,22.588,338000.0,,,,0,8.24,2.65,-9.42,-1.957096611690857,2001-2005→2005-2009
5522,Salangen,2005-2009,2005,2009,Troms,Nord-Norge,6,552,False,1264.0,30.38,36.43,6.05,15.66,20.54,4.88,4.75,8.07,3.32,3.32,3.34,0.02,31.88,22.58,-9.3,8.23,6.44,-1.79,1.58,0.9,-0.68,0.08,0.16,0.08,0.4,0.9,0.5,3.72,0.65,-3.07,-4.42,43.36,14.93,2244.0,7.716,-1.8271,-7.5923,-12.9234,-4.902,13.4581,18.4046,0.5228,18.8963,310000.0,,,,0,7.71,14.79,-7.15,-2.6607656813033387,2001-2005→2005-2009
5524,Målselv,2005-2009,2005,2009,Troms,Nord-Norge,5,576,False,3564.0,34.37,36.87,2.5,22.62,23.97,1.35,8.45,11.58,3.13,2.95,1.69,-1.26,16.41,14.99,-1.42,7.1,5.16,-1.94,3.9,4.67,0.77,0.0,0.17,0.17,0.53,0.4,-0.13,3.68,0.49,-3.19,-0.07,13.56,0.41,6658.0,8.8036,-2.5233,-7.7732,-36.1971,11.2646,13.5026,20.8621,0.9659,20.9622,331000.0,,,,0,14.08,-1.45,-11.65,-4.615360393641682,2001-2005→2005-2009
5526,Sørreisa,2005-2009,2005,2009,Troms,Nord-Norge,5,610,False,1861.0,42.02,37.9,-4.12,22.78,26.28,3.5,7.74,10.48,2.74,5.1,3.29,-1.81,8.28,15.47,7.19,6.88,3.84,-3.04,1.72,1.37,-0.35,0.11,0.05,-0.06,0.21,0.55,0.34,5.16,0.77,-4.39,10.69,5.95,1.12,3330.0,8.1107,0.9009,1.7873,0.3003,7.8078,12.9129,18.7387,0.9859,17.045,340000.0,,,,0,14.43,0.83,-7.72,-2.1806620762755022,2001-2005→2005-2009
5528,Dyrøy,2005-2009,2005,2009,Troms,Nord-Norge,6,496,False,762.0,32.55,35.38,2.83,20.87,25.88,5.01,2.76,6.87,4.11,7.35,5.41,-1.94,14.04,19.01,4.97,9.32,4.68,-4.64,1.71,0.73,-0.98,0.13,0.0,-0.13,0.39,0.58,0.19,10.89,1.46,-9.43,9.98,16.51,-2.48,1288.0,7.1608,-5.5901,-10.9158,-25.6211,-31.0559,20.5745,16.382,-0.0976,14.5576,272000.0,,,,0,8.85,2.32,-3.88,-1.0017273911918023,2001-2005→2005-2009
5530,Senja,2005-2009,2005,2009,Troms,Nord-Norge,5,611,False,8003.0,32.09,34.63,2.54,23.97,30.01,6.04,7.37,11.85,4.48,6.15,4.84,-1.31,8.86,9.72,0.86,6.16,4.3,-1.86,3.07,2.36,-0.71,0.09,0.12,0.03,0.6,0.5,-0.1,11.65,1.67,-9.98,6.9,8.33,3.89,14714.0,9.5966,-0.7612,-2.3016,-11.1458,3.7379,14.9857,18.3499,0.4505,14.5849,308552.6932,,,,1,10.32,2.86,-5.61,-0.8558431021937105,2001-2005→2005-2009
5532,Balsfjord,2005-2009,2005,2009,Troms,Nord-Norge,6,557,False,3068.0,31.94,35.23,3.29,22.82,27.98,5.16,5.67,8.3,2.63,4.89,3.38,-1.51,13.66,16.92,3.26,8.15,4.59,-3.56,2.05,1.17,-0.88,0.16,0.16,0.0,0.39,0.68,0.29,10.27,1.59,-8.68,8.42,18.25,-1.48,5560.0,8.6234,-1.1331,-5.4524,-3.2374,-8.6331,17.0144,16.1511,1.05,10.9512,299000.0,,,,0,9.6,0.06,-3.36,0.21488733281768146,2001-2005→2005-2009
5534,Karlsøy,2005-2009,2005,2009,Troms,Nord-Norge,6,452,False,1279.0,28.3,37.68,9.38,17.67,28.66,10.99,2.81,5.23,2.42,2.74,2.74,0.0,4.77,11.43,6.66,5.47,7.41,1.94,1.8,1.61,-0.19,0.08,0.32,0.24,0.23,0.64,0.41,36.12,4.27,-31.85,17.65,9.7,1.08,2372.0,7.7715,0.4637,-3.2088,-7.5885,-9.6965,16.1046,16.9477,1.814,9.0021,301000.0,,,,0,13.57,1.2,-2.22,0.15823474505553659,2001-2005→2005-2009
5536,Lyngen - Ivgu - Yykeä,2005-2009,2005,2009,Troms,Nord-Norge,6,486,False,1796.0,32.85,37.23,4.38,20.1,25.42,5.32,5.46,12.16,6.7,6.57,6.63,0.06,7.63,10.41,2.78,10.08,4.25,-5.83,1.45,1.05,-0.4,0.11,0.47,0.36,0.39,0.76,0.37,15.37,1.63,-13.74,8.1,8.69,-0.89,3158.0,8.0577,0.2533,-2.4345,2.5332,0.3167,16.2761,20.2343,1.1275,13.5934,318000.0,,,,0,10.2,-0.47,-3.5,0.09450755827217794,2001-2005→2005-2009
5538,Storfjord - Omasvuotna - Omasvuono,2005-2009,2005,2009,Troms,Nord-Norge,6,516,False,1085.0,32.44,40.71,8.27,21.29,25.71,4.42,3.69,8.16,4.47,4.52,3.67,-0.85,12.07,11.53,-0.54,11.71,6.43,-5.28,1.29,1.33,0.04,0.18,0.1,-0.08,0.55,0.71,0.16,12.26,1.63,-10.63,3.88,22.27,15.79,1934.0,7.5673,-3.3609,0.3221,-36.7115,1.5512,12.5646,19.9586,0.9185,14.2578,340000.0,,,,0,9.98,3.89,-4.09,-0.9343343732770357,2001-2005→2005-2009
5540,Gáivuotna - Kåfjord - Kaivuono,2005-2009,2005,2009,Troms,Nord-Norge,6,431,False,1262.0,32.65,41.13,8.48,16.8,21.0,4.2,1.35,5.23,3.88,7.53,8.56,1.03,8.64,11.57,2.93,7.69,4.99,-2.7,1.58,0.95,-0.63,0.87,1.19,0.32,1.19,1.66,0.47,21.71,3.72,-17.99,7.13,8.22,-2.25,2288.0,7.7354,-2.2727,-7.9457,-19.6678,-4.3706,16.215,18.0507,2.166,13.4584,282000.0,,,,0,17.6,0.96,-2.8,-0.6555354596224157,2001-2005→2005-2009
5542,Skjervøy,2005-2009,2005,2009,Troms,Nord-Norge,6,556,False,1662.0,21.72,29.28,7.56,16.25,26.36,10.11,3.55,8.7,5.15,5.72,7.68,1.96,5.17,8.56,3.39,7.04,6.79,-0.25,1.08,1.09,0.01,0.0,0.14,0.14,0.72,0.61,-0.11,38.75,10.8,-27.95,13.5,9.31,-1.16,3003.0,8.0074,-3.5298,-0.5834,-31.302,-1.998,12.9537,20.2797,1.0608,13.0137,324000.0,,,,0,6.47,0.31,-5.3,-1.8165751071033194,2001-2005→2005-2009
5544,Nordreisa - Ráisa - Raisi,2005-2009,2005,2009,Troms,Nord-Norge,5,570,False,2595.0,32.18,36.05,3.87,24.74,26.79,2.05,5.16,10.72,5.56,5.93,5.67,-0.26,9.6,9.73,0.13,8.94,7.01,-1.93,1.81,1.38,-0.43,0.23,0.28,0.05,0.35,0.47,0.12,11.06,1.89,-9.17,2.18,9.99,-1.3,4744.0,8.4646,-1.054,-1.49,-11.8044,-0.2108,14.3128,19.9199,0.6211,17.3844,311000.0,,,,0,9.81,2.61,-4.92,-1.0534768944726975,2001-2005→2005-2009
5546,Kvænangen,2005-2009,2005,2009,Troms,Nord-Norge,6,438,False,767.0,30.9,33.38,2.48,16.82,26.59,9.77,5.48,8.17,2.69,6.78,6.23,-0.55,8.34,7.34,-1.0,5.87,4.16,-1.71,1.43,0.69,-0.74,0.13,0.42,0.29,0.65,0.97,0.32,23.6,12.05,-11.55,8.77,6.39,-3.01,1401.0,7.2449,-5.0678,-8.7791,-34.2612,-22.8408,19.2719,16.4882,0.7281,13.7272,266000.0,,,,0,10.77,2.43,-5.46,-1.198643810237824,2001-2005→2005-2009
5601,Alta,2005-2009,2005,2009,Finnmark,Nord-Norge,4,713,False,8561.0,30.51,38.36,7.85,19.85,27.16,7.31,8.7,8.84,0.14,6.03,3.86,-2.17,5.78,4.66,-1.12,21.62,8.86,-12.76,2.66,1.97,-0.69,0.0,0.26,0.26,0.85,0.68,-0.17,3.99,5.35,1.36,6.19,4.46,-0.49,17628.0,9.7772,4.8786,11.8722,13.558,35.3982,8.8609,22.4756,0.4803,23.232,359000.0,,,,0,9.73,3.23,-5.82,-0.7010444246589724,2001-2005→2005-2009
5603,Hammerfest - Hámmerfeasta,2005-2009,2005,2009,Finnmark,Nord-Norge,4,682,False,5260.0,46.67,49.65,2.98,17.89,22.3,4.41,11.63,11.04,-0.59,2.83,1.98,-0.85,3.04,2.91,-0.13,9.51,6.5,-3.01,1.79,0.9,-0.89,0.0,0.22,0.22,1.31,1.1,-0.21,5.32,3.4,-1.92,4.28,2.34,0.2,10341.0,9.2439,1.8954,2.9104,-0.5802,19.1471,11.4496,20.82,0.2521,21.8964,360495.2084,,,,1,10.77,0.77,-8.4,-1.4624924701791153,2001-2005→2005-2009
5605,Sør-Varanger,2005-2009,2005,2009,Finnmark,Nord-Norge,5,634,False,4975.0,43.22,48.75,5.53,20.24,21.86,1.62,8.98,10.15,1.17,2.51,1.97,-0.54,7.58,3.75,-3.83,12.38,9.17,-3.21,2.07,1.83,-0.24,0.0,0.14,0.14,0.74,0.81,0.07,2.27,1.57,-0.7,-2.21,12.92,6.69,9463.0,9.1551,1.6908,-0.2384,4.0156,13.2093,12.6387,20.7545,0.3406,21.1868,328000.0,,,,0,14.07,1.05,-8.22,-2.144695365760703,2001-2005→2005-2009
5607,Vadsø,2005-2009,2005,2009,Finnmark,Nord-Norge,5,641,False,3261.0,42.99,47.96,4.97,15.03,16.11,1.08,12.24,14.42,2.18,4.48,2.67,-1.81,4.32,2.76,-1.56,13.16,11.12,-2.04,2.39,2.01,-0.38,0.0,0.16,0.16,1.04,0.75,-0.29,4.35,2.04,-2.31,-0.48,2.89,1.63,6181.0,8.7292,-1.6988,-1.7147,-30.254,14.399,10.9367,20.1909,0.7486,23.9035,332000.0,,,,0,14.94,0.91,-5.56,0.6947692149618678,2001-2005→2005-2009
5610,Kárásjohka - Karasjok,2005-2009,2005,2009,Finnmark,Nord-Norge,6,554,False,1409.0,41.09,47.17,6.08,9.23,12.24,3.01,4.33,6.3,1.97,4.33,4.01,-0.32,8.66,7.23,-1.43,3.69,7.37,3.68,2.77,14.67,11.9,0.0,0.07,0.07,0.35,0.29,-0.06,25.55,0.64,-24.91,1.58,10.02,6.63,2876.0,7.9642,-3.1293,-2.9606,-40.3338,8.6926,11.2309,19.6106,0.65,23.7534,322000.0,,,,0,12.51,1.1,-4.47,-1.0343026334989123,2001-2005→2005-2009
5612,Guovdageaidnu - Kautokeino,2005-2009,2005,2009,Finnmark,Nord-Norge,6,495,False,1378.0,31.42,42.22,10.8,9.94,13.44,3.5,13.43,11.26,-2.17,9.29,7.18,-2.11,9.0,10.27,1.27,5.59,5.07,-0.52,6.75,7.25,0.5,0.0,0.21,0.21,1.02,0.35,-0.67,13.57,2.74,-10.83,4.77,15.98,-6.28,2997.0,8.0054,-0.8675,-4.8062,-47.7144,39.039,8.4751,23.7571,1.1849,19.9659,327000.0,,,,0,15.47,3.41,-0.9,4.348949662276417,2001-2005→2005-2009
5614,Loppa,2005-2009,2005,2009,Finnmark,Nord-Norge,6,351,False,681.0,35.83,41.08,5.25,16.74,26.6,9.86,4.26,6.23,1.97,2.79,1.68,-1.11,6.17,7.24,1.07,13.07,8.42,-4.65,2.35,0.84,-1.51,0.0,0.0,0.0,0.88,0.84,-0.04,17.91,7.07,-10.84,10.93,0.0,14.67,1266.0,7.1436,-14.139,-24.6708,-91.6272,-42.654,18.1675,17.5355,1.6118,11.5871,273000.0,,,,0,13.59,2.13,-6.25,-2.0427438107403493,2001-2005→2005-2009
5616,Hasvik,2005-2009,2005,2009,Finnmark,Nord-Norge,6,351,False,547.0,47.53,57.34,9.81,14.63,13.88,-0.75,4.02,7.85,3.83,2.93,2.62,-0.31,11.7,8.85,-2.85,7.86,4.23,-3.63,0.91,1.81,0.9,0.0,0.6,0.6,0.37,0.4,0.03,10.05,2.41,-7.64,-3.6,52.67,-10.6,1049.0,6.9556,-7.531,-21.5845,-52.4309,-20.0191,15.7293,19.0658,0.9718,10.2771,266000.0,,,,0,15.99,5.98,-6.27,-2.1147398755625266,2001-2005→2005-2009
5618,Måsøy,2005-2009,2005,2009,Finnmark,Nord-Norge,6,397,False,703.0,39.97,49.55,9.58,16.93,22.51,5.58,9.39,13.29,3.9,1.71,0.91,-0.8,8.25,6.5,-1.75,10.95,4.83,-6.12,1.71,0.45,-1.26,0.0,0.0,0.0,0.57,0.76,0.19,10.53,1.21,-9.32,3.83,25.04,-6.78,1393.0,7.2392,-6.0302,-12.5585,-45.2261,-17.229,16.8701,17.1572,0.5478,10.6737,274000.0,,,,0,14.44,-4.32,-0.13,3.7450786740246533,2001-2005→2005-2009
5620,Nordkapp,2005-2009,2005,2009,Finnmark,Nord-Norge,6,525,False,1751.0,44.83,47.44,2.61,15.88,21.74,5.86,8.79,12.28,3.49,2.06,1.15,-0.91,5.2,3.58,-1.62,12.11,9.59,-2.52,1.88,1.09,-0.79,0.0,0.32,0.32,0.86,0.9,0.04,8.4,1.92,-6.48,4.24,7.58,0.07,3415.0,8.1359,-6.8814,-10.5234,-63.5432,-4.0996,14.4363,18.1552,-0.0338,14.3653,290000.0,,,,0,16.06,0.93,-7.7,-1.7413596460472416,2001-2005→2005-2009
5622,Porsanger - Porsángu - Porsanki,2005-2009,2005,2009,Finnmark,Nord-Norge,6,543,False,2190.0,39.82,41.79,1.97,20.55,29.83,9.28,12.51,12.84,0.33,3.06,2.33,-0.73,8.13,3.63,-4.5,11.1,5.91,-5.19,1.1,1.58,0.48,0.0,0.28,0.28,0.73,1.02,0.29,3.01,0.79,-2.22,4.78,8.81,0.41,4299.0,8.3661,-6.9551,-9.0289,-72.3424,3.4892,11.7004,20.3768,1.1246,19.4428,331000.0,,,,0,17.62,1.87,-6.95,-0.12144082216810848,2001-2005→2005-2009
5624,Lebesby,2005-2009,2005,2009,Finnmark,Nord-Norge,6,430,False,716.0,38.41,48.6,10.19,17.74,23.19,5.45,6.28,6.35,0.07,3.91,3.99,0.08,7.12,4.28,-2.84,12.29,6.79,-5.5,1.4,1.03,-0.37,0.0,0.15,0.15,1.26,1.77,0.51,11.59,3.84,-7.75,2.61,14.33,-3.18,1430.0,7.2654,-6.8531,-10.1821,-55.9441,-12.5874,14.0559,16.7133,2.3855,12.6197,279000.0,,,,0,16.71,2.99,-6.37,-1.5858088568685274,2001-2005→2005-2009
5626,Gamvik,2005-2009,2005,2009,Finnmark,Nord-Norge,6,407,False,592.0,49.66,52.35,2.69,14.86,21.58,6.72,4.73,8.44,3.71,4.39,2.25,-2.14,4.56,4.88,0.32,10.14,5.82,-4.32,1.52,0.94,-0.58,0.0,0.0,0.0,0.51,0.56,0.05,9.63,3.19,-6.44,7.04,0.0,0.0,1114.0,7.0157,-7.9892,-20.1091,-53.86,-24.237,14.0036,18.3124,2.6793,11.3436,299000.0,,,,0,16.94,0.74,-2.76,0.4979984246781779,2001-2005→2005-2009
5628,Deatnu - Tana,2005-2009,2005,2009,Finnmark,Nord-Norge,6,490,False,1552.0,39.63,44.47,4.84,18.81,21.31,2.5,8.18,11.26,3.08,5.28,2.54,-2.74,12.44,7.76,-4.68,6.19,8.52,2.33,2.06,2.04,-0.02,0.0,0.25,0.25,0.26,0.7,0.44,7.15,1.15,-6.0,-2.18,6.68,-1.72,3037.0,8.0186,-2.8317,-3.4359,-24.0369,-2.9635,13.4672,20.382,1.3074,16.7904,305000.0,,,,0,14.61,4.5,-6.11,-0.8558101240750711,2001-2005→2005-2009
5630,Berlevåg,2005-2009,2005,2009,Finnmark,Nord-Norge,6,426,False,616.0,44.16,52.63,8.47,17.21,21.05,3.84,7.63,12.52,4.89,1.62,0.91,-0.71,2.76,1.27,-1.49,13.64,6.35,-7.29,0.65,1.09,0.44,0.0,0.0,0.0,0.16,1.63,1.47,12.18,2.54,-9.64,2.35,0.0,0.0,1133.0,7.0326,-6.3548,-15.2556,-46.7785,-16.7696,16.3283,16.2401,2.1448,11.3661,275000.0,,,,0,19.84,1.41,-9.94,-3.5793119110686957,2001-2005→2005-2009
5632,Båtsfjord,2005-2009,2005,2009,Finnmark,Nord-Norge,6,538,False,1070.0,53.36,49.6,-3.76,16.45,16.93,0.48,9.53,22.67,13.14,1.87,0.89,-0.98,3.18,2.08,-1.1,7.29,3.96,-3.33,0.93,0.79,-0.14,0.0,0.4,0.4,0.37,0.69,0.32,7.01,1.98,-5.03,-0.62,0.0,2.87,2185.0,7.6894,-5.0801,-15.4849,-60.4119,11.8993,10.5263,20.6865,1.5277,10.3866,304000.0,,,,0,20.15,0.89,-7.67,-1.4868665291852912,2001-2005→2005-2009
5634,Vardø,2005-2009,2005,2009,Finnmark,Nord-Norge,6,515,False,1237.0,49.64,49.32,-0.32,18.19,22.53,4.34,5.42,8.11,2.69,1.94,1.19,-0.75,3.48,1.71,-1.77,8.89,6.74,-2.15,2.18,1.54,-0.64,0.0,0.17,0.17,0.24,0.85,0.61,10.02,7.85,-2.17,2.57,0.0,0.0,2366.0,7.769,-9.3829,-23.4012,-74.3872,-19.4421,16.2299,17.6247,0.0481,13.4855,284000.0,,,,0,20.62,1.48,-9.29,-3.834632359858502,2001-2005→2005-2009
5636,Unjárga - Nesseby,2005-2009,2005,2009,Finnmark,Nord-Norge,6,476,False,548.0,40.69,45.2,4.51,19.16,17.79,-1.37,5.29,11.03,5.74,5.47,3.38,-2.09,8.39,3.02,-5.37,11.5,16.73,5.23,1.64,1.78,0.14,0.0,0.0,0.0,0.73,0.71,-0.02,7.12,0.36,-6.76,-6.74,0.0,0.0,901.0,6.8035,-2.5527,-14.0059,-8.879,-18.8679,19.7558,17.0921,0.9731,15.0131,259000.0,,,,0,11.14,2.8,-4.08,-0.3234436351736645,2001-2005→2005-2009
0301,Oslo - Oslove,2009-2013,2009,2013,Oslo,Oslo/Akershus,1,1000,False,323116.0,35.0,30.41,-4.59,17.63,11.67,-5.96,21.66,29.79,8.13,2.72,2.83,0.11,0.97,0.85,-0.12,10.28,6.29,-3.99,6.43,8.21,1.78,0.57,5.55,4.98,4.0,3.19,-0.81,0.75,1.21,0.46,-6.08,0.81,-0.3,575475.0,13.263,8.4263,20.5962,44.3581,40.6951,10.3476,28.5717,-0.1325,40.3201,340000.0,0.2064,3.8832,30.8861,0,3.51,-0.09,1.87,-0.8060697360165245,2005-2009→2009-2013
1101,Eigersund,2009-2013,2009,2013,Rogaland,Vestlandet,4,747,False,7276.0,26.13,24.44,-1.69,28.01,19.55,-8.46,17.18,28.84,11.66,11.09,10.99,-0.1,5.55,5.99,0.44,3.0,2.33,-0.67,7.59,4.01,-3.58,0.15,1.51,1.36,0.33,0.37,0.04,0.98,1.97,0.99,-8.02,6.02,0.47,13969.0,9.5446,4.7749,9.633,29.5655,17.9684,12.449,19.8081,0.3892,17.6944,439000.0,4.0085,19.2618,28.681,0,-0.38,-1.27,2.38,-0.9313287782618764,2005-2009→2009-2013
1103,Stavanger,2009-2013,2009,2013,Rogaland,Vestlandet,2,890,False,69484.0,29.64,25.33,-4.31,22.08,15.75,-6.33,23.12,32.95,9.83,7.43,6.88,-0.55,2.98,2.44,-0.54,6.91,5.1,-1.81,5.99,6.3,0.31,0.34,3.09,2.75,0.57,0.71,0.14,0.94,1.46,0.52,-6.87,2.89,0.04,128288.0,11.762,6.6546,16.8705,34.5862,32.0607,10.4148,23.8573,0.1322,33.4024,435784.7222,1.2151,9.0316,28.2251,1,1.51,-0.35,4.64,1.6079689266281183,2005-2009→2009-2013
1106,Haugesund,2009-2013,2009,2013,Rogaland,Vestlandet,3,836,False,18012.0,30.6,27.83,-2.77,28.75,18.16,-10.59,21.82,33.01,11.19,6.03,5.56,-0.47,1.99,1.6,-0.39,4.19,2.96,-1.23,3.91,4.33,0.42,0.29,2.4,2.11,0.52,0.45,-0.07,1.87,3.69,1.82,-10.98,1.33,-0.2,33665.0,10.4242,6.2023,15.2839,45.0913,16.9315,12.7699,22.4239,-0.122,25.6298,367000.0,0.7382,12.9976,32.122,0,1.35,-0.25,5.14,1.981448860711644,2005-2009→2009-2013
1108,Sandnes,2009-2013,2009,2013,Rogaland,Vestlandet,2,882,False,34515.0,25.85,21.86,-3.99,27.61,20.25,-7.36,20.09,30.89,10.8,10.95,10.7,-0.25,4.31,3.77,-0.54,4.56,3.03,-1.53,4.62,4.6,-0.02,0.23,2.2,1.97,0.45,0.44,-0.01,1.31,2.26,0.95,-7.9,5.03,0.72,64565.0,11.0754,10.3895,25.4696,64.6945,39.4022,9.3812,22.6671,0.3139,25.6371,465526.7559,1.9034,11.3504,25.7159,1,1.43,-0.51,4.17,1.0756823967734506,2005-2009→2009-2013
1111,Sokndal,2009-2013,2009,2013,Rogaland,Vestlandet,5,652,False,1881.0,24.72,22.69,-2.03,29.61,21.65,-7.96,11.8,21.91,10.11,19.72,16.56,-3.16,5.58,6.34,0.76,2.6,1.47,-1.13,3.4,2.36,-1.04,0.48,1.1,0.62,0.11,0.26,0.15,1.97,5.66,3.69,-7.2,5.96,-0.21,3246.0,8.0852,1.2323,-0.2429,5.2372,7.3937,16.4818,17.9914,-0.018,12.7485,399000.0,4.8538,12.2589,27.9403,0,0.85,-0.8,2.77,-0.40688054317318434,2005-2009→2009-2013
1112,Lund,2009-2013,2009,2013,Rogaland,Vestlandet,5,625,False,1728.0,24.48,22.27,-2.21,29.63,22.15,-7.48,10.42,19.03,8.61,18.46,16.57,-1.89,9.72,10.32,0.6,1.68,1.17,-0.51,3.7,2.57,-1.13,0.12,1.4,1.28,0.23,0.28,0.05,1.56,4.24,2.68,-6.88,17.97,-6.11,3111.0,8.0427,1.9929,2.454,8.3574,11.8933,14.1434,19.2864,-0.4339,16.7217,438000.0,6.0256,30.7365,26.476,0,5.95,-3.19,2.27,-1.067118322350861,2005-2009→2009-2013
1114,Bjerkreim,2009-2013,2009,2013,Rogaland,Vestlandet,4,687,False,1451.0,14.27,12.46,-1.81,16.75,11.57,-5.18,13.16,20.22,7.06,22.95,20.98,-1.97,25.78,28.73,2.95,1.52,1.02,-0.5,4.34,1.72,-2.62,0.62,0.89,0.27,0.21,0.13,-0.08,0.41,2.29,1.88,-2.23,31.07,-8.72,2580.0,7.8555,7.7132,12.0565,58.1395,20.9302,11.7829,20.155,-0.304,15.8426,525000.0,17.6471,14.5053,22.5267,0,3.24,-3.25,3.92,0.6961687814388697,2005-2009→2009-2013
1119,Hå,2009-2013,2009,2013,Rogaland,Vestlandet,4,773,False,8386.0,17.59,14.69,-2.9,26.63,19.32,-7.31,13.59,23.81,10.22,21.61,19.67,-1.94,13.93,14.34,0.41,2.91,1.83,-1.08,1.92,1.91,-0.01,0.21,1.15,0.94,0.08,0.2,0.12,1.53,3.09,1.56,-6.9,11.75,-2.19,15949.0,9.6772,10.5712,22.3209,57.4958,48.7178,10.0194,22.9043,0.3463,15.9579,470000.0,10.0544,19.4312,25.8971,0,2.52,-1.53,3.14,-0.0024547339093050624,2005-2009→2009-2013
1120,Klepp,2009-2013,2009,2013,Rogaland,Vestlandet,3,851,False,8548.0,19.22,16.02,-3.2,30.47,22.1,-8.37,17.95,29.77,11.82,14.1,13.46,-0.64,10.88,9.59,-1.29,2.77,1.81,-0.96,3.19,3.18,-0.01,0.23,1.65,1.42,0.33,0.28,-0.05,0.85,2.15,1.3,-9.66,12.54,-1.95,16350.0,9.702,11.4801,28.9494,67.2171,48.1346,8.63,21.2171,0.856,18.2958,488000.0,7.8135,16.8746,22.4557,0,1.25,-0.54,4.1,1.009328135098166,2005-2009→2009-2013
1121,Time,2009-2013,2009,2013,Rogaland,Vestlandet,3,836,False,8991.0,25.48,20.57,-4.91,22.47,16.08,-6.39,17.16,27.58,10.42,14.99,13.9,-1.09,10.1,10.08,-0.02,4.25,3.04,-1.21,4.13,3.85,-0.28,0.14,2.57,2.43,0.22,0.21,-0.01,1.06,2.12,1.06,-6.41,11.8,1.05,15836.0,9.67,10.1099,25.3649,59.4216,41.6772,9.8068,22.8025,0.4932,24.5428,488000.0,6.2119,16.4877,27.0956,0,3.45,-0.19,3.97,0.849271586025587,2005-2009→2009-2013
1122,Gjesdal,2009-2013,2009,2013,Rogaland,Vestlandet,3,792,False,5400.0,24.46,20.69,-3.77,25.76,20.0,-5.76,14.43,25.52,11.09,18.31,16.65,-1.66,9.69,7.89,-1.8,3.52,2.51,-1.01,2.87,3.13,0.26,0.28,1.67,1.39,0.15,0.27,0.12,0.54,1.68,1.14,-7.56,10.93,-3.63,9969.0,9.2072,10.7333,20.8165,61.0894,46.8452,7.0719,22.4496,0.3201,18.8279,521000.0,4.434,17.0927,22.5004,0,1.06,-0.37,3.04,-0.03186195264494884,2005-2009→2009-2013
1124,Sola,2009-2013,2009,2013,Rogaland,Vestlandet,2,878,False,11986.0,21.82,18.07,-3.75,31.89,21.74,-10.15,23.74,37.11,13.37,9.24,9.33,0.09,4.11,3.44,-0.67,3.29,2.36,-0.93,4.25,4.45,0.2,0.27,1.76,1.49,0.3,0.28,-0.02,1.09,1.46,0.37,-10.82,3.91,-0.56,22076.0,10.0022,11.3381,25.801,71.7521,41.5383,9.114,21.2403,0.447,26.5889,513000.0,2.5387,10.0478,23.5081,0,2.13,-0.44,5.01,1.8096455994749503,2005-2009→2009-2013
1127,Randaberg,2009-2013,2009,2013,Rogaland,Vestlandet,3,867,False,5468.0,24.85,21.56,-3.29,25.75,17.73,-8.02,20.99,32.68,11.69,14.61,13.18,-1.43,4.99,4.35,-0.64,3.37,2.22,-1.15,4.28,4.74,0.46,0.15,1.68,1.53,0.27,0.3,0.03,0.73,1.56,0.83,-8.66,7.68,-0.25,9867.0,9.197,5.3714,15.5479,23.9181,29.8976,9.4051,19.9655,1.2711,24.1758,525000.0,2.9356,10.0489,27.6251,0,0.93,-1.18,4.69,1.679048934476267,2005-2009→2009-2013
1130,Strand,2009-2013,2009,2013,Rogaland,Vestlandet,3,787,False,5972.0,22.94,20.24,-2.7,29.02,20.13,-8.89,14.67,25.92,11.25,18.75,18.41,-0.34,6.08,4.49,-1.59,4.17,2.66,-1.51,2.56,3.22,0.66,0.28,2.03,1.75,0.22,0.23,0.01,1.31,2.66,1.35,-10.48,11.21,-4.56,11045.0,9.3097,7.5781,15.3816,45.9031,30.2399,11.4803,21.1227,0.5379,18.2261,471000.0,3.666,16.3442,27.9022,0,1.04,-0.78,4.15,1.1672578766170045,2005-2009→2009-2013
1133,Hjelmeland,2009-2013,2009,2013,Rogaland,Vestlandet,5,593,False,1479.0,13.66,16.78,3.12,17.38,12.21,-5.17,12.24,16.09,3.85,17.99,18.03,0.04,29.21,27.81,-1.4,3.31,3.33,0.02,4.06,2.22,-1.84,0.2,2.22,2.02,0.27,0.14,-0.13,1.69,1.18,-0.51,-6.57,35.01,-9.21,2701.0,7.9014,3.6283,3.3604,24.8056,10.3665,15.0315,18.1785,-0.5977,19.6134,443000.0,16.6008,12.9776,29.4466,0,2.03,-1.65,2.17,-1.3560726720409155,2005-2009→2009-2013
1134,Suldal,2009-2013,2009,2013,Rogaland,Vestlandet,6,518,False,2164.0,22.64,21.89,-0.75,15.48,10.58,-4.9,8.69,13.54,4.85,14.74,13.64,-1.1,26.52,25.6,-0.92,7.21,5.71,-1.5,3.84,4.73,0.89,0.09,1.81,1.72,0.28,0.51,0.23,0.51,1.99,1.48,-5.82,34.87,-3.95,3833.0,8.2514,1.0175,-1.3,19.306,-8.6094,16.4623,17.3493,-0.3724,20.1241,408000.0,11.4948,6.4806,35.1939,0,1.19,1.05,2.12,-1.4589840263250515,2005-2009→2009-2013
1135,Sauda,2009-2013,2009,2013,Rogaland,Vestlandet,5,604,False,2732.0,45.2,39.42,-5.78,17.46,13.31,-4.15,12.26,22.22,9.96,6.84,6.58,-0.26,7.61,7.31,-0.3,6.19,3.67,-2.52,2.96,3.78,0.82,0.11,1.67,1.56,0.4,0.51,0.11,0.95,1.53,0.58,-4.45,6.32,2.22,4730.0,8.4617,0.3171,-3.4588,17.5476,-14.5877,18.0973,17.6744,-0.3312,16.9792,387000.0,2.5514,21.358,34.1152,0,2.65,-0.54,3.28,-0.04028473733988891,2005-2009→2009-2013
1144,Kvitsøy,2009-2013,2009,2013,Rogaland,Vestlandet,6,525,False,321.0,27.73,21.64,-6.09,19.31,23.68,4.37,10.59,15.2,4.61,28.66,22.81,-5.85,5.3,4.68,-0.62,2.8,2.34,-0.46,3.74,4.09,0.35,0.93,1.46,0.53,0.0,0.58,0.58,0.93,3.51,2.58,3.75,0.0,0.0,542.0,6.2953,-2.583,1.7341,5.5351,-29.5203,21.4022,16.6052,-0.5689,14.2857,450000.0,6.7416,10.8614,26.9663,0,3.36,-0.71,1.73,-2.1783991672983514,2005-2009→2009-2013
1145,Bokn,2009-2013,2009,2013,Rogaland,Vestlandet,5,624,False,480.0,21.46,17.56,-3.9,22.92,15.7,-7.22,13.54,22.93,9.39,11.88,9.71,-2.17,23.75,25.83,2.08,2.71,2.27,-0.44,1.88,2.07,0.19,0.0,1.03,1.03,0.42,0.41,-0.01,1.46,2.48,1.02,-5.14,35.11,-5.5,811.0,6.6983,6.6584,13.0719,60.4192,7.3983,15.2898,15.6597,1.242,13.0915,382000.0,13.835,11.6505,26.9417,0,6.06,4.44,0.96,-2.767557450835784,2005-2009→2009-2013
1146,Tysvær,2009-2013,2009,2013,Rogaland,Vestlandet,4,724,False,5232.0,24.48,22.54,-1.94,28.61,19.32,-9.29,17.22,27.73,10.51,11.41,11.29,-0.12,10.53,8.94,-1.59,2.91,1.57,-1.34,3.38,3.63,0.25,0.15,1.62,1.47,0.23,0.24,0.01,1.07,3.12,2.05,-10.88,14.68,-4.31,9712.0,9.1811,7.9798,15.3432,47.2611,31.7133,10.2348,19.6664,1.3224,18.9698,490000.0,6.7206,11.2074,28.9813,0,2.17,0.34,4.47,1.0717146959263415,2005-2009→2009-2013
1149,Karmøy,2009-2013,2009,2013,Rogaland,Vestlandet,4,758,False,20973.0,22.22,21.06,-1.16,36.74,25.89,-10.85,15.77,27.47,11.7,15.51,14.12,-1.39,2.8,2.22,-0.58,2.84,1.87,-0.97,2.32,2.9,0.58,0.13,1.16,1.03,0.28,0.25,-0.03,1.4,3.06,1.66,-11.43,2.98,-0.71,39354.0,10.5804,4.4824,10.5352,20.9382,23.9874,11.5033,19.9294,0.9244,17.6438,443000.0,2.5666,18.3034,27.7871,0,0.91,-0.59,3.9,0.7837781909355108,2005-2009→2009-2013
1151,Utsira,2009-2013,2009,2013,Rogaland,Vestlandet,6,293,False,149.0,40.94,41.13,0.19,12.08,6.38,-5.7,14.09,21.99,7.9,7.38,6.38,-1.0,16.78,14.18,-2.6,4.7,2.84,-1.86,2.68,2.84,0.16,0.0,0.0,0.0,0.67,0.71,0.04,0.67,3.55,2.88,-8.3,0.0,0.0,214.0,5.366,-2.3364,-6.6964,-32.7103,4.6729,13.0841,18.6916,3.6623,20.9302,459000.0,7.2581,4.8387,35.4839,0,10.94,1.4,-1.29,-6.174046549751678,2005-2009→2009-2013
1160,Vindafjord,2009-2013,2009,2013,Rogaland,Vestlandet,5,643,False,4269.0,21.69,19.93,-1.76,22.3,15.12,-7.18,14.43,23.23,8.8,12.09,12.49,0.4,23.59,20.67,-2.92,3.12,2.47,-0.65,1.85,2.58,0.73,0.14,0.98,0.84,0.16,0.22,0.06,0.63,2.3,1.67,-10.1,36.21,-4.44,8161.0,9.0071,5.563,5.9656,37.863,17.6449,15.0227,18.9805,-0.5711,16.4617,433000.0,11.846,14.949,25.2095,0,-0.39,2.11,3.26,-0.15902093496679282,2005-2009→2009-2013
1505,Kristiansund,2009-2013,2009,2013,Møre og Romsdal,Vestlandet,4,749,False,12740.0,45.38,40.68,-4.7,27.59,21.29,-6.3,13.34,18.2,4.86,2.49,2.39,-0.1,2.72,2.55,-0.17,3.65,2.38,-1.27,3.17,9.13,5.96,0.16,1.46,1.3,1.14,0.9,-0.24,0.35,1.02,0.67,-6.47,5.59,-3.21,22937.0,10.0405,5.2056,7.8818,43.7285,8.3708,13.3801,19.1917,0.6226,21.2837,380000.0,1.7885,8.8315,30.5996,0,4.75,0.09,0.55,-2.5885350569896968,2005-2009→2009-2013
1506,Molde,2009-2013,2009,2013,Møre og Romsdal,Vestlandet,4,740,False,16774.0,32.94,21.38,-11.56,22.32,17.43,-4.89,19.1,31.78,12.68,7.55,8.53,0.98,6.75,6.8,0.05,5.81,3.89,-1.92,4.48,6.56,2.08,0.1,1.84,1.74,0.47,0.61,0.14,0.47,1.18,0.71,-4.84,11.13,-3.53,29552.0,10.2939,4.7002,6.115,36.4104,10.5577,14.2528,18.8752,0.5786,27.6306,408512.874,2.771,13.2265,36.3117,1,5.63,0.31,4.72,1.48378879942587,2005-2009→2009-2013
1508,Ålesund,2009-2013,2009,2013,Møre og Romsdal,Vestlandet,3,800,False,27609.0,27.77,22.89,-4.88,31.88,22.44,-9.44,20.29,31.75,11.46,8.56,9.08,0.52,3.18,2.96,-0.22,3.52,2.09,-1.43,3.66,5.28,1.62,0.14,1.46,1.32,0.51,0.42,-0.09,0.48,1.61,1.13,-9.66,4.06,-0.57,49667.0,10.8131,6.455,13.3276,43.2682,21.2213,12.6301,20.8166,0.3236,26.1877,405116.2362,2.076,11.9142,30.9967,1,4.53,-0.33,3.29,0.013762134018736383,2005-2009→2009-2013
1511,Vanylven,2009-2013,2009,2013,Møre og Romsdal,Vestlandet,6,535,False,2035.0,25.8,20.71,-5.09,29.09,24.05,-5.04,11.6,19.65,8.05,10.57,12.35,1.78,15.23,13.92,-1.31,2.9,1.42,-1.48,2.7,4.35,1.65,0.05,1.37,1.32,0.1,0.05,-0.05,1.97,2.13,0.16,-6.35,14.12,8.15,3494.0,8.1588,-4.522,-12.6702,-28.3343,-17.1723,18.7178,15.5695,1.3362,14.7902,413000.0,14.1643,10.4249,29.2918,0,5.58,-0.11,4.61,1.0304290974730117,2005-2009→2009-2013
1514,Sande,2009-2013,2009,2013,Møre og Romsdal,Vestlandet,6,560,False,1432.0,21.16,17.78,-3.38,31.15,23.92,-7.23,18.3,28.87,10.57,10.68,9.9,-0.78,11.8,10.88,-0.92,2.16,1.74,-0.42,3.56,4.11,0.55,0.0,0.42,0.42,0.21,0.35,0.14,0.98,2.02,1.04,-8.15,17.11,-7.49,2541.0,7.8403,3.4238,1.1158,45.2578,-10.2322,18.4179,16.3715,-0.3814,13.6673,426000.0,7.8888,25.6198,27.423,0,3.06,1.09,7.26,3.8406354272645866,2005-2009→2009-2013
1515,Herøy (Møre og Romsdal),2009-2013,2009,2013,Møre og Romsdal,Vestlandet,5,664,False,4700.0,22.51,17.12,-5.39,33.94,22.9,-11.04,20.98,34.54,13.56,14.26,14.44,0.18,3.81,3.17,-0.64,1.64,1.3,-0.34,2.09,3.15,1.06,0.09,0.56,0.47,0.11,0.19,0.08,0.6,2.64,2.04,-11.68,0.0,0.0,8349.0,9.0299,5.9648,5.8887,47.5506,11.7379,14.2891,17.8704,0.5634,15.7351,469000.0,9.3039,19.9955,23.9991,0,1.99,-0.09,6.21,2.678576662316069,2005-2009→2009-2013
1516,Ulstein,2009-2013,2009,2013,Møre og Romsdal,Vestlandet,4,719,False,3965.0,24.01,18.54,-5.47,27.99,19.21,-8.78,22.4,33.87,11.47,12.69,13.81,1.12,5.6,4.19,-1.41,2.85,1.61,-1.24,3.46,5.44,1.98,0.1,1.21,1.11,0.23,0.24,0.01,0.68,1.89,1.21,-10.19,6.28,-0.97,7052.0,8.8611,12.4078,17.9438,99.1208,25.3829,11.245,18.3069,0.5501,25.1546,477000.0,1.9246,28.8426,25.5547,0,3.75,0.32,3.14,-0.5663154903206751,2005-2009→2009-2013
1517,Hareid,2009-2013,2009,2013,Møre og Romsdal,Vestlandet,4,683,False,2626.0,23.42,18.83,-4.59,32.9,27.63,-5.27,16.98,26.11,9.13,9.22,10.03,0.81,8.0,5.25,-2.75,3.54,3.01,-0.53,4.27,5.03,0.76,0.27,1.2,0.93,0.8,0.51,-0.29,0.61,2.39,1.78,-8.02,0.0,0.0,4817.0,8.4799,4.9824,6.9133,29.8941,19.9294,14.0129,19.5557,-0.0125,17.0945,437000.0,2.8019,27.0324,23.2439,0,5.04,-0.7,3.59,0.1792630918653817,2005-2009→2009-2013
1520,Ørsta,2009-2013,2009,2013,Møre og Romsdal,Vestlandet,4,718,False,5738.0,27.27,23.78,-3.49,27.38,20.39,-6.99,12.79,22.85,10.06,9.25,9.43,0.18,13.19,12.3,-0.89,4.84,3.44,-1.4,4.1,4.76,0.66,0.19,1.3,1.11,0.35,0.2,-0.15,0.63,1.54,0.91,-7.88,20.23,-4.36,10200.0,9.2301,2.5098,1.821,14.4118,9.7059,15.7059,19.0392,0.1702,20.4693,423000.0,6.9212,17.0585,31.2958,0,4.15,-1.02,2.14,-0.9043056832055072,2005-2009→2009-2013
1525,Stranda,2009-2013,2009,2013,Møre og Romsdal,Vestlandet,5,628,False,2454.0,24.65,20.88,-3.77,27.51,19.04,-8.47,14.18,25.09,10.91,9.13,9.56,0.43,15.04,15.98,0.94,2.89,1.72,-1.17,5.5,4.7,-0.8,0.12,1.14,1.02,0.45,0.33,-0.12,0.53,1.55,1.02,-7.53,17.22,12.94,4533.0,8.4191,1.6987,-2.0191,20.7368,-3.5297,18.0013,17.4939,0.2199,16.1873,413000.0,5.3312,34.8142,24.5961,0,4.64,-0.12,3.71,0.33467313529774456,2005-2009→2009-2013
1528,Sykkylven,2009-2013,2009,2013,Møre og Romsdal,Vestlandet,4,695,False,4054.0,23.09,20.1,-2.99,30.59,22.4,-8.19,17.91,29.01,11.1,10.09,10.41,0.32,8.88,7.9,-0.98,3.6,1.91,-1.69,4.71,4.84,0.13,0.1,1.11,1.01,0.27,0.29,0.02,0.76,2.01,1.25,-9.17,13.35,-2.68,7565.0,8.9313,1.4276,3.354,-1.4541,15.0694,13.2716,19.2201,0.921,18.526,430000.0,2.2775,41.8643,20.4743,0,2.93,-0.24,5.21,1.8395909694816237,2005-2009→2009-2013
1531,Sula,2009-2013,2009,2013,Møre og Romsdal,Vestlandet,4,737,False,4278.0,25.67,20.99,-4.68,35.48,26.13,-9.35,17.27,27.45,10.18,13.02,12.86,-0.16,2.15,2.76,0.61,2.59,1.54,-1.05,2.57,4.06,1.49,0.14,1.1,0.96,0.21,0.22,0.01,0.89,2.89,2.0,-8.74,2.47,-0.59,7778.0,8.9591,7.9583,14.9644,47.1844,32.5276,13.1268,19.6709,0.1161,20.1263,451000.0,2.1697,16.8274,30.8824,0,4.46,-1.14,3.82,0.4563451106462679,2005-2009→2009-2013
1532,Giske,2009-2013,2009,2013,Møre og Romsdal,Vestlandet,4,714,False,3864.0,20.13,16.63,-3.5,30.23,19.52,-10.71,18.76,29.0,10.24,19.02,19.25,0.23,5.2,4.47,-0.73,1.6,0.75,-0.85,3.78,6.56,2.78,0.21,1.12,0.91,0.26,0.15,-0.11,0.8,2.55,1.75,-11.44,4.28,1.27,6873.0,8.8354,9.7192,16.1047,71.5845,25.171,12.3527,19.2783,0.4971,18.9065,489000.0,7.9383,13.6439,25.1654,0,4.5,0.09,5.45,2.0467542978461966,2005-2009→2009-2013
1535,Vestnes,2009-2013,2009,2013,Møre og Romsdal,Vestlandet,5,644,False,3524.0,24.83,18.56,-6.27,32.46,21.86,-10.6,14.59,26.41,11.82,7.89,7.55,-0.34,12.17,14.53,2.36,3.72,2.12,-1.6,3.18,5.29,2.11,0.14,1.27,1.13,0.45,0.17,-0.28,0.57,2.23,1.66,-8.24,19.86,-1.83,6478.0,8.7762,2.2847,2.8563,25.9339,-2.3155,14.2791,16.749,0.9186,15.625,401000.0,4.6907,22.4568,33.4213,0,2.23,0.12,2.6,-0.8534917727381424,2005-2009→2009-2013
1539,Rauma,2009-2013,2009,2013,Møre og Romsdal,Vestlandet,5,627,False,4045.0,30.88,25.42,-5.46,26.58,19.57,-7.01,12.71,22.38,9.67,8.11,8.31,0.2,12.39,13.33,0.94,4.45,3.52,-0.93,4.03,4.3,0.27,0.17,1.57,1.4,0.44,0.59,0.15,0.25,1.01,0.76,-6.07,21.92,1.2,7376.0,8.906,0.6101,1.4907,7.1855,-0.1356,17.0282,17.218,0.7861,16.8198,390000.0,6.5934,16.983,26.4486,0,3.21,1.54,1.72,-1.7240480759646968,2005-2009→2009-2013
1547,Aukra,2009-2013,2009,2013,Møre og Romsdal,Vestlandet,5,616,False,1688.0,28.55,23.03,-5.52,26.78,18.99,-7.79,16.65,28.88,12.23,10.25,10.56,0.31,6.75,7.19,0.44,5.21,2.92,-2.29,4.5,5.79,1.29,0.0,0.67,0.67,0.24,0.22,-0.02,1.07,1.74,0.67,-7.35,7.82,-2.15,3183.0,8.0656,4.901,9.9078,35.8153,12.8809,15.0487,19.0072,0.6746,19.5486,474000.0,5.1497,18.503,32.7545,0,8.01,0.21,5.89,2.235191672692527,2005-2009→2009-2013
1554,Averøy,2009-2013,2009,2013,Møre og Romsdal,Vestlandet,5,611,False,2994.0,34.03,29.9,-4.13,27.56,21.84,-5.72,9.95,19.94,9.99,6.88,7.16,0.28,9.22,8.84,-0.38,2.91,2.03,-0.88,8.68,8.19,-0.49,0.07,0.71,0.64,0.33,0.35,0.02,0.37,1.03,0.66,-6.1,10.3,3.84,5444.0,8.6023,3.8024,3.4603,35.6356,1.8369,14.7134,16.0544,0.4697,17.3315,423000.0,9.5944,17.9894,26.9489,0,1.88,-0.69,3.06,-0.24422307325119164,2005-2009→2009-2013
1557,Gjemnes,2009-2013,2009,2013,Møre og Romsdal,Vestlandet,5,576,False,1523.0,28.69,27.46,-1.23,21.21,15.7,-5.51,8.86,15.91,7.05,11.1,9.89,-1.21,21.73,21.23,-0.5,3.22,2.35,-0.87,3.94,4.56,0.62,0.2,1.66,1.46,0.2,0.21,0.01,0.85,1.04,0.19,-6.01,31.36,-12.95,2618.0,7.8702,-2.33,-3.7636,-20.2445,-3.8197,14.7059,17.6853,1.5241,17.9141,428000.0,12.6152,13.7491,32.034,0,5.08,1.47,3.28,-0.06417001172647874,2005-2009→2009-2013
1560,Tingvoll,2009-2013,2009,2013,Møre og Romsdal,Vestlandet,5,568,False,1782.0,36.92,32.39,-4.53,18.57,14.63,-3.94,9.71,14.63,4.92,5.61,6.81,1.2,19.53,18.83,-0.7,4.55,2.78,-1.77,3.87,6.07,2.2,0.51,2.1,1.59,0.22,0.45,0.23,0.51,1.3,0.79,-4.64,22.73,3.73,3062.0,8.0268,1.7636,-0.9536,25.4735,-7.838,18.354,16.0679,0.9656,20.2,373000.0,9.0301,12.5753,33.1104,0,3.04,1.75,3.71,0.28698979291650684,2005-2009→2009-2013
1563,Sunndal,2009-2013,2009,2013,Møre og Romsdal,Vestlandet,5,640,False,4307.0,57.26,52.18,-5.08,14.79,12.58,-2.21,7.59,14.37,6.78,2.76,3.63,0.87,9.68,8.29,-1.39,4.55,3.18,-1.37,2.62,3.86,1.24,0.05,0.73,0.68,0.39,0.54,0.15,0.3,0.64,0.34,-3.6,20.01,-12.25,7347.0,8.902,-1.9328,-2.7009,-7.486,-12.6582,16.1971,17.1635,0.694,18.7374,398000.0,3.3656,30.8024,25.6866,0,9.85,1.19,0.82,-2.3423916239616798,2005-2009→2009-2013
1566,Surnadal,2009-2013,2009,2013,Møre og Romsdal,Vestlandet,5,607,False,3242.0,41.98,37.86,-4.12,14.65,10.61,-4.04,6.32,13.7,7.38,4.13,3.82,-0.31,27.91,28.22,0.31,2.9,1.62,-1.28,1.57,1.68,0.11,0.09,1.26,1.17,0.12,0.39,0.27,0.31,0.84,0.53,-3.73,32.62,-2.7,6000.0,8.6995,-1.2167,-4.5264,-1.5,-10.8333,16.3,15.6833,1.3312,16.9572,382000.0,8.8046,16.3239,32.2301,0,2.9,7.46,-1.1,-4.3842752197221095,2005-2009→2009-2013
1573,Smøla,2009-2013,2009,2013,Møre og Romsdal,Vestlandet,6,501,False,1253.0,35.28,35.51,0.23,20.83,14.53,-6.3,11.41,20.02,8.61,5.35,3.95,-1.4,13.33,11.86,-1.47,4.87,1.94,-2.93,8.46,8.96,0.5,0.16,0.56,0.4,0.08,0.08,0.0,0.24,2.58,2.34,-7.77,6.28,1.69,2119.0,7.6587,2.8787,-3.7952,40.1133,-12.2699,19.4431,14.3464,0.6945,12.5497,360000.0,18.4615,10.0962,27.5,0,5.36,2.57,3.85,0.28230489276078696,2005-2009→2009-2013
1576,Aure,2009-2013,2009,2013,Møre og Romsdal,Vestlandet,6,501,False,1934.0,35.06,31.02,-4.04,21.04,14.7,-6.34,11.27,19.26,7.99,5.64,5.88,0.24,17.22,17.64,0.42,3.52,1.42,-2.1,5.02,6.59,1.57,0.41,2.13,1.72,0.62,0.46,-0.16,0.21,0.91,0.7,-5.92,27.77,0.54,3508.0,8.1628,1.7674,-2.9891,25.3706,-8.5519,17.4173,15.6784,1.1541,15.8934,364000.0,12.5344,12.2045,28.7521,0,1.31,1.77,2.17,-1.5495189809122167,2005-2009→2009-2013
1577,Volda,2009-2013,2009,2013,Møre og Romsdal,Vestlandet,4,705,False,5616.0,24.43,20.31,-4.12,20.8,15.82,-4.98,14.0,19.61,5.61,12.11,13.41,1.3,15.35,12.98,-2.37,6.87,5.96,-0.91,4.95,6.94,1.99,0.21,2.72,2.51,0.69,0.67,-0.02,0.59,1.59,1.0,-7.35,20.67,-6.21,9732.0,9.1832,3.4217,5.6139,28.2573,6.8845,14.5808,19.4821,0.4913,29.5645,392521.631,6.1428,11.3083,39.8883,1,3.69,1.54,1.5,-1.781161753427115,2005-2009→2009-2013
1578,Fjord,2009-2013,2009,2013,Møre og Romsdal,Vestlandet,6,564,False,1448.0,23.0,20.53,-2.47,23.34,14.32,-9.02,14.02,21.79,7.77,6.77,7.54,0.77,24.1,25.98,1.88,4.49,2.23,-2.26,2.28,3.14,0.86,0.35,1.61,1.26,1.04,0.84,-0.2,0.62,2.03,1.41,-7.14,21.62,-8.08,2770.0,7.9266,0.7581,-3.5258,11.5523,-4.3321,17.6173,15.8845,0.1541,16.2523,412612.3749,10.8384,18.5412,32.3108,1,4.67,0.86,2.86,-0.7254679739957504,2005-2009→2009-2013
1579,Hustadvika,2009-2013,2009,2013,Møre og Romsdal,Vestlandet,5,651,False,6802.0,27.18,21.15,-6.03,31.46,22.91,-8.55,15.55,28.01,12.46,7.73,8.46,0.73,10.2,11.23,1.03,2.79,1.52,-1.27,3.73,3.83,0.1,0.09,0.94,0.85,0.38,0.38,0.0,0.87,1.58,0.71,-7.52,16.44,3.41,12573.0,9.4393,4.112,7.5419,25.6104,15.748,12.7098,19.0726,0.9877,15.3659,432736.0692,7.3728,16.1549,28.3489,1,5.69,-1.06,4.58,1.1443852654079771,2005-2009→2009-2013
1580,Haram,2009-2013,2009,2013,Møre og Romsdal,Vestlandet,5,625,False,4824.0,26.12,20.93,-5.19,27.53,19.64,-7.89,18.08,29.1,11.02,9.95,10.55,0.6,11.17,8.96,-2.21,2.32,1.48,-0.84,3.71,6.14,2.43,0.08,0.88,0.8,0.23,0.25,0.02,0.81,2.07,1.26,-10.1,16.52,0.25,8694.0,9.0704,3.7497,2.2792,33.3563,3.9107,15.85,18.0814,-0.0961,16.8375,432000.0,4.2777,39.08,23.0439,0,6.53,-0.68,5.59,2.028708496575616,2005-2009→2009-2013
1804,Bodø,2009-2013,2009,2013,Nordland,Nord-Norge,3,793,False,26389.0,39.35,29.88,-9.47,24.89,20.17,-4.72,14.88,26.92,12.04,3.44,3.54,0.1,4.36,3.17,-1.19,7.91,5.73,-2.18,2.8,4.1,1.3,0.34,2.73,2.39,1.47,1.99,0.52,0.55,1.77,1.22,-5.91,5.21,-2.35,46495.0,10.7471,5.8243,13.7721,31.3797,26.7125,10.7861,21.6109,0.9408,29.5719,414000.0,1.3,3.9667,42.6086,0,4.6,-0.14,1.81,-1.2955890406158037,2005-2009→2009-2013
1806,Narvik,2009-2013,2009,2013,Nordland,Nord-Norge,4,686,True,12034.4,36.34,35.5,-0.84,30.77,20.22,-10.55,12.08,24.6,12.52,4.0,4.04,0.04,4.53,3.61,-0.92,8.58,4.04,-4.54,1.99,3.1,1.11,0.17,1.71,1.54,0.83,1.59,0.76,0.71,1.59,0.88,-11.47,6.03,-1.28,21835.0995,9.9913,0.4959,-0.6928,3.0745,2.0484,15.6832,18.6004,0.4176,21.534,362298.3817,1.2564,7.4409,38.8121,1,0.04,-0.31,3.05,-0.024488875262282495,2005-2009→2009-2013
1811,Bindal,2009-2013,2009,2013,Nordland,Nord-Norge,6,426,False,1001.0,44.66,47.2,2.54,15.98,12.41,-3.57,5.99,10.07,4.08,3.5,3.56,0.06,17.08,14.95,-2.13,8.59,4.98,-3.61,2.8,2.64,-0.16,0.0,1.73,1.73,0.9,0.61,-0.29,0.5,1.83,1.33,-5.7,0.0,0.0,1616.0,7.3877,-4.3936,-15.2031,-26.6089,-17.9455,19.9876,13.9233,2.213,14.7212,349000.0,15.8377,13.2199,41.8848,0,5.86,-3.14,0.82,-2.8468283735065327,2005-2009→2009-2013
1812,Sømna,2009-2013,2009,2013,Nordland,Nord-Norge,6,505,False,1163.0,34.31,33.36,-0.95,17.02,13.91,-3.11,6.45,10.81,4.36,4.64,5.28,0.64,27.52,26.74,-0.78,5.67,3.52,-2.15,1.63,2.43,0.8,0.34,1.42,1.08,1.46,1.09,-0.37,0.95,1.42,0.47,-3.89,0.0,37.33,2054.0,7.6275,-1.0224,-3.1905,0.9737,-11.6845,15.3846,14.9951,1.1919,16.6159,374000.0,18.6834,7.3572,36.6893,0,4.55,-1.49,3.37,-0.10313145229787057,2005-2009→2009-2013
1813,Brønnøy,2009-2013,2009,2013,Nordland,Nord-Norge,5,613,False,3931.0,38.9,39.29,0.39,22.82,16.03,-6.79,12.24,19.33,7.09,2.98,2.66,-0.32,11.57,9.66,-1.91,7.07,4.65,-2.42,2.34,3.59,1.25,0.23,1.89,1.66,0.99,1.17,0.18,0.86,1.72,0.86,-8.7,43.25,-25.03,7597.0,8.9355,3.4487,4.5219,25.0099,9.6091,13.321,17.9018,1.0065,18.9262,383000.0,7.2684,3.5424,43.1908,0,5.7,0.08,3.87,0.43250598287094455,2005-2009→2009-2013
1815,Vega,2009-2013,2009,2013,Nordland,Nord-Norge,6,400,False,768.0,43.75,38.78,-4.97,14.58,12.06,-2.52,6.77,11.93,5.16,2.34,2.59,0.25,19.27,17.77,-1.5,8.85,6.49,-2.36,2.08,4.28,2.2,0.0,2.08,2.08,1.04,1.56,0.52,1.3,2.46,1.16,-4.02,22.96,-1.22,1288.0,7.1608,-3.882,-10.9993,-8.5404,-30.2795,18.7888,13.8975,0.1126,15.1429,333000.0,23.4076,3.0255,36.7834,0,9.52,-2.45,2.97,-0.9022545069593781,2005-2009→2009-2013
1816,Vevelstad,2009-2013,2009,2013,Nordland,Nord-Norge,6,373,False,297.0,38.05,37.23,-0.82,15.15,12.41,-2.74,5.72,8.87,3.15,3.03,2.84,-0.19,25.93,25.53,-0.4,7.07,4.26,-2.81,0.67,2.84,2.17,0.34,2.13,1.79,2.69,1.77,-0.92,1.35,2.13,0.78,-3.14,0.0,0.0,501.0,6.2166,-0.1996,-7.0632,25.9481,-29.9401,17.5649,16.5669,0.2351,14.4928,365000.0,25.8687,6.5637,33.5907,0,8.25,-2.22,2.74,-1.0374250728592243,2005-2009→2009-2013
1818,Herøy (Nordland),2009-2013,2009,2013,Nordland,Nord-Norge,6,480,False,836.0,39.71,41.99,2.28,25.84,18.51,-7.33,9.57,17.27,7.7,2.27,2.48,0.21,10.17,8.58,-1.59,5.62,2.93,-2.69,2.63,2.14,-0.49,0.24,2.6,2.36,1.32,0.9,-0.42,2.63,2.6,-0.03,-8.92,13.89,-13.89,1652.0,7.4097,6.477,-1.8963,89.5884,-25.4237,17.9782,16.2833,-0.2409,11.4682,362000.0,15.98,18.8514,33.3333,0,-1.53,1.47,3.69,0.12742008291876994,2005-2009→2009-2013
1820,Alstahaug,2009-2013,2009,2013,Nordland,Nord-Norge,5,653,False,3723.0,37.85,38.69,0.84,23.31,18.09,-5.22,12.01,19.59,7.58,1.93,2.46,0.53,11.12,8.79,-2.33,6.12,3.8,-2.32,1.99,3.36,1.37,0.11,1.37,1.26,3.79,2.17,-1.62,1.77,1.68,-0.09,-7.55,15.67,-4.78,7208.0,8.8829,2.1226,-1.1283,11.7925,8.3241,12.8746,17.1754,1.5392,21.9161,393000.0,5.8744,7.0114,39.307,0,1.84,0.23,3.81,0.6427238917706677,2005-2009→2009-2013
1822,Leirfjord,2009-2013,2009,2013,Nordland,Nord-Norge,6,559,False,1161.0,36.52,36.26,-0.26,23.6,17.0,-6.6,6.12,13.15,7.03,2.15,2.93,0.78,18.26,17.09,-1.17,6.46,6.78,0.32,1.89,2.18,0.29,0.17,2.43,2.26,2.93,1.01,-1.92,1.89,1.17,-0.72,-7.77,17.28,12.02,2088.0,7.644,2.682,-3.1617,21.0728,6.2261,16.1398,18.6782,-0.0951,15.753,355000.0,14.6915,12.047,36.141,0,3.9,-2.63,1.59,-1.676816809318795,2005-2009→2009-2013
1824,Vefsn,2009-2013,2009,2013,Nordland,Nord-Norge,4,686,False,7540.0,45.9,39.67,-6.23,22.4,19.13,-3.27,8.98,17.27,8.29,2.85,2.76,-0.09,8.54,7.75,-0.79,6.53,3.48,-3.05,1.92,3.25,1.33,0.17,1.57,1.4,2.21,3.44,1.23,0.49,1.69,1.2,-4.06,8.37,-1.12,13342.0,9.4987,-0.6746,-1.5161,-8.7693,2.2485,15.4325,17.7934,1.1386,19.6458,386000.0,3.0812,15.244,35.8396,0,2.58,-0.84,2.65,-0.28570758134261354,2005-2009→2009-2013
1825,Grane,2009-2013,2009,2013,Nordland,Nord-Norge,6,494,False,869.0,47.53,45.92,-1.61,19.1,14.34,-4.76,5.41,11.66,6.25,2.07,1.86,-0.21,19.1,20.16,1.06,3.57,1.52,-2.05,0.69,0.58,-0.11,0.58,1.4,0.82,0.92,0.93,0.01,1.04,1.63,0.59,-3.7,0.0,35.24,1500.0,7.3132,-2.7333,-5.3826,-19.3333,-8.0,18.0,14.6,2.0137,12.0098,355000.0,10.3634,19.6501,31.8977,0,0.49,-1.62,2.23,-1.1953058132773373,2005-2009→2009-2013
1826,Aarborte - Hattfjelldal,2009-2013,2009,2013,Nordland,Nord-Norge,6,453,False,901.0,37.29,34.03,-3.26,14.76,11.19,-3.57,3.77,7.27,3.5,3.0,2.08,-0.92,34.74,38.06,3.32,5.22,3.23,-1.99,0.44,0.92,0.48,0.0,0.92,0.92,0.44,1.04,0.6,0.33,1.27,0.94,-0.25,34.77,11.74,1438.0,7.271,2.2949,-6.246,34.0751,-10.4312,19.4715,15.1599,0.243,14.8211,350000.0,20.1087,14.2663,32.337,0,-7.46,5.58,0.8,-2.726448516856923,2005-2009→2009-2013
1827,Dønna,2009-2013,2009,2013,Nordland,Nord-Norge,6,429,False,740.0,34.19,37.79,3.6,19.59,13.36,-6.23,8.65,11.83,3.18,3.24,4.07,0.83,19.32,19.21,-0.11,7.16,5.98,-1.18,0.54,1.02,0.48,0.0,1.65,1.65,2.57,1.53,-1.04,4.73,3.56,-1.17,-6.34,13.37,-0.67,1432.0,7.2668,-0.0698,-7.1382,2.7933,-3.4916,16.9693,15.7821,1.13,16.8966,353000.0,18.7767,4.6942,37.1266,0,2.94,-1.39,2.4,-1.4489310130495086,2005-2009→2009-2013
1828,Nesna,2009-2013,2009,2013,Nordland,Nord-Norge,6,494,False,961.0,33.61,28.69,-4.92,20.81,14.34,-6.47,8.43,19.13,10.7,3.64,4.48,0.84,15.09,12.61,-2.48,10.51,10.17,-0.34,3.95,4.07,0.12,0.21,3.36,3.15,1.46,2.03,0.57,2.29,1.12,-1.17,-8.95,17.79,-1.83,1786.0,7.4877,4.9832,2.0131,52.6316,-2.7996,15.5655,19.1489,-0.5788,25.2143,295000.0,13.5876,4.41,43.385,0,6.05,-0.61,1.54,-2.1858041798993093,2005-2009→2009-2013
1832,Hemnes,2009-2013,2009,2013,Nordland,Nord-Norge,5,567,False,2574.0,41.53,38.36,-3.17,19.77,15.51,-4.26,6.64,16.41,9.77,3.15,2.62,-0.53,15.07,13.08,-1.99,7.46,5.57,-1.89,2.29,2.73,0.44,0.04,1.91,1.87,1.59,1.46,-0.13,2.45,2.36,-0.09,-6.25,14.96,0.11,4527.0,8.4178,2.0543,1.5162,21.6479,-0.8836,17.0753,15.5511,1.4095,15.3483,371000.0,9.2381,14.5238,35.0,0,4.05,2.18,1.68,-1.657015865439887,2005-2009→2009-2013
1833,Rana - Raane,2009-2013,2009,2013,Nordland,Nord-Norge,4,713,False,14125.0,49.75,46.45,-3.3,20.59,15.82,-4.77,8.48,18.35,9.87,2.33,2.3,-0.03,4.49,3.86,-0.63,9.85,6.04,-3.81,1.95,2.66,0.71,0.2,1.76,1.56,1.67,1.55,-0.12,0.69,1.2,0.51,-5.4,4.77,2.36,25281.0,10.1378,1.8631,1.7343,11.6293,6.4475,14.3072,17.4242,0.7635,20.2031,398000.0,1.8527,14.2993,33.1037,0,3.25,-0.18,3.33,0.541863807771306,2005-2009→2009-2013
1834,Lurøy,2009-2013,2009,2013,Nordland,Nord-Norge,6,362,False,1085.0,33.18,31.04,-2.14,17.33,19.14,1.81,8.29,19.84,11.55,6.08,5.82,-0.26,14.65,12.08,-2.57,4.52,3.7,-0.82,1.84,3.26,1.42,0.0,1.5,1.5,1.01,0.44,-0.57,13.09,3.17,-9.92,-0.76,22.41,-10.75,1883.0,7.5406,1.7525,-4.9603,12.2146,4.7796,18.2687,16.3038,1.8774,13.5153,345000.0,20.4995,16.7534,31.9459,0,4.15,-0.86,2.31,-1.8027759850834912,2005-2009→2009-2013
1835,Træna,2009-2013,2009,2013,Nordland,Nord-Norge,6,323,False,233.0,29.61,30.04,0.43,19.31,15.7,-3.61,6.01,12.56,6.55,9.44,11.66,2.22,18.45,18.83,0.38,3.86,5.83,1.97,1.72,2.24,0.52,0.43,1.35,0.92,0.86,0.9,0.04,10.3,0.9,-9.4,-3.23,0.0,0.0,455.0,6.1203,11.2088,9.0517,105.4945,2.1978,16.2637,16.4835,-1.6392,12.6844,353000.0,24.424,20.7373,32.2581,0,7.76,-1.3,3.49,-0.6777079756368085,2005-2009→2009-2013
1836,Rødøy,2009-2013,2009,2013,Nordland,Nord-Norge,6,338,False,695.0,25.47,27.0,1.53,27.05,18.46,-8.59,6.19,14.33,8.14,11.37,11.02,-0.35,19.42,18.87,-0.55,4.89,2.48,-2.41,0.86,0.14,-0.72,0.0,0.83,0.83,1.15,1.1,-0.05,3.6,5.79,2.19,-9.14,34.9,-0.13,1292.0,7.1639,1.3932,-10.3967,22.4458,-10.0619,16.6409,14.3189,0.4584,13.1373,346000.0,18.5471,6.3369,36.476,0,2.99,-3.58,2.44,-1.489079268517206,2005-2009→2009-2013
1837,Meløy,2009-2013,2009,2013,Nordland,Nord-Norge,6,488,False,3465.0,36.65,30.7,-5.95,26.26,22.55,-3.71,12.87,21.71,8.84,8.02,7.46,-0.56,6.64,6.16,-0.48,5.14,3.79,-1.35,2.31,3.27,0.96,0.17,1.39,1.22,0.63,0.78,0.15,1.3,2.2,0.9,-4.19,7.55,3.07,6641.0,8.801,-0.8884,-3.8422,-12.6487,3.7645,15.6302,18.2352,0.8998,15.1642,404000.0,6.8955,23.8532,32.1101,0,2.23,-1.01,4.2,0.30169049473945897,2005-2009→2009-2013
1838,Gildeskål,2009-2013,2009,2013,Nordland,Nord-Norge,6,478,False,1185.0,34.94,31.82,-3.12,26.84,21.62,-5.22,9.7,17.61,7.91,5.74,5.75,0.01,9.54,9.07,-0.47,7.26,4.36,-2.9,3.04,3.49,0.45,0.25,2.96,2.71,1.43,1.05,-0.38,1.27,2.27,1.0,-5.69,12.9,-2.02,2053.0,7.6271,-2.2893,-9.6396,2.9226,-26.7901,20.5553,16.3663,-0.2163,16.7853,357000.0,12.411,6.002,39.5727,0,0.52,-1.17,3.59,0.01946288745814062,2005-2009→2009-2013
1839,Beiarn,2009-2013,2009,2013,Nordland,Nord-Norge,6,448,False,686.0,40.67,40.55,-0.12,21.28,13.41,-7.87,5.69,13.41,7.72,3.5,3.96,0.46,21.14,20.58,-0.56,5.25,3.66,-1.59,1.17,1.22,0.05,0.29,1.83,1.54,0.58,0.91,0.33,0.44,0.46,0.02,-8.43,15.04,13.27,1137.0,7.0361,-5.4529,-11.9574,-21.1082,-33.4213,20.7564,13.5444,2.5925,10.625,341000.0,15.9011,6.3604,39.7527,0,-4.53,1.95,0.82,-2.8108463525611938,2005-2009→2009-2013
1840,Saltdal,2009-2013,2009,2013,Nordland,Nord-Norge,5,603,False,2705.0,41.11,37.54,-3.57,25.8,19.34,-6.46,10.17,21.87,11.7,3.59,4.04,0.45,7.99,6.06,-1.93,7.95,4.22,-3.73,1.48,3.01,1.53,0.37,1.91,1.54,1.07,1.21,0.14,0.48,0.81,0.33,-8.39,8.33,-1.24,4727.0,8.461,0.3808,-1.8411,6.3465,-2.9617,14.9355,17.0087,2.114,18.4824,379000.0,3.2138,15.7808,42.6452,0,0.76,-0.36,3.87,0.6398971321961318,2005-2009→2009-2013
1841,Fauske - Fuossko,2009-2013,2009,2013,Nordland,Nord-Norge,4,679,False,5349.0,46.94,39.48,-7.46,24.81,19.39,-5.42,11.03,21.55,10.52,2.21,3.48,1.27,4.37,4.1,-0.27,6.52,4.3,-2.22,2.45,2.91,0.46,0.15,1.72,1.57,1.03,1.74,0.71,0.49,1.34,0.85,-5.69,4.42,-2.34,9477.0,9.1566,0.3799,-0.1574,6.9642,-3.4821,14.7198,16.7458,1.7313,18.7076,392000.0,2.9406,6.6373,37.9122,0,2.03,-0.68,4.22,1.2255051545132702,2005-2009→2009-2013
1845,Sørfold - Fuolldá,2009-2013,2009,2013,Nordland,Nord-Norge,6,547,False,1187.0,51.9,45.5,-6.4,20.81,16.72,-4.09,8.17,17.15,8.98,1.85,2.29,0.44,9.35,8.06,-1.29,5.31,3.74,-1.57,1.18,2.21,1.03,0.08,0.59,0.51,0.84,1.36,0.52,0.51,2.38,1.87,-5.38,16.37,-2.68,2021.0,7.6113,-1.9792,-11.0862,8.9065,-28.2039,17.6645,14.2999,1.5682,13.3133,362000.0,10.1587,14.4974,38.2011,0,0.51,-0.05,3.93,0.8206184186864722,2005-2009→2009-2013
1848,Steigen,2009-2013,2009,2013,Nordland,Nord-Norge,6,403,False,1449.0,30.16,29.99,-0.17,22.15,18.91,-3.24,7.18,12.88,5.7,4.49,4.57,0.08,17.05,13.57,-3.48,7.45,5.26,-2.19,6.35,3.81,-2.54,0.41,2.29,1.88,3.31,3.6,0.29,1.45,5.12,3.67,-6.72,34.6,-15.42,2665.0,7.888,-4.2402,-11.2348,-10.1313,-32.2702,18.5366,15.3471,1.2518,14.8829,340000.0,22.9572,3.6576,36.8093,0,1.74,-3.24,2.69,-1.1388111496464015,2005-2009→2009-2013
1851,Lødingen,2009-2013,2009,2013,Nordland,Nord-Norge,6,537,False,1278.0,32.32,28.77,-3.55,24.33,22.11,-2.22,17.53,23.95,6.42,1.56,2.3,0.74,8.06,5.74,-2.32,8.92,6.2,-2.72,4.3,6.2,1.9,0.0,2.6,2.6,0.86,0.69,-0.17,2.11,1.45,-0.66,-4.54,8.33,-4.04,2242.0,7.7151,-0.9813,-6.801,14.273,-23.6396,20.2498,14.4514,1.3268,17.2359,347000.0,7.8358,7.9291,39.8321,0,3.5,-2.08,5.73,2.02413902467352,2005-2009→2009-2013
1853,Evenes - Evenássi,2009-2013,2009,2013,Nordland,Nord-Norge,6,528,False,785.0,31.85,28.14,-3.71,28.28,20.03,-8.25,13.76,24.59,10.83,4.46,3.8,-0.66,12.1,11.53,-0.57,6.5,4.94,-1.56,1.53,3.3,1.77,0.25,1.77,1.52,0.38,1.01,0.63,0.89,0.89,0.0,-8.82,19.85,-9.69,1345.0,7.2041,2.3048,-7.8983,26.7658,-3.7175,18.3643,12.7881,2.4932,16.6215,362000.0,3.5541,2.7464,42.811,0,-2.01,-0.6,6.14,2.664603286185975,2005-2009→2009-2013
1856,Røst,2009-2013,2009,2013,Nordland,Nord-Norge,6,366,False,329.0,41.95,43.43,1.48,16.72,15.15,-1.57,10.33,16.5,6.17,2.74,1.68,-1.06,8.51,5.72,-2.79,8.21,7.07,-1.14,5.47,6.73,1.26,0.3,0.34,0.04,1.22,0.34,-0.88,4.56,3.03,-1.53,-4.36,0.0,0.0,606.0,6.4069,-6.7657,-11.8565,-66.0066,-1.6502,15.8416,16.9967,0.6186,9.6115,406000.0,20.4268,23.1707,20.122,0,6.01,-2.43,4.71,0.575091315422112,2005-2009→2009-2013
1857,Værøy,2009-2013,2009,2013,Nordland,Nord-Norge,6,370,False,374.0,36.63,27.5,-9.13,24.6,24.17,-0.43,10.43,16.67,6.24,9.89,9.17,-0.72,7.49,7.5,0.01,5.08,5.0,-0.08,0.53,2.5,1.97,1.34,1.11,-0.23,0.0,0.56,0.56,4.01,5.83,1.82,-0.42,0.0,0.0,738.0,6.6039,2.168,-1.9506,35.2304,-13.5501,16.9377,18.0217,-0.6247,9.5238,321000.0,19.2412,22.2222,30.0813,0,3.3,-5.41,0.7,-3.619821247623796,2005-2009→2009-2013
1859,Flakstad,2009-2013,2009,2013,Nordland,Nord-Norge,6,522,False,712.0,28.51,27.44,-1.07,20.22,14.66,-5.56,6.04,13.07,7.03,5.2,4.02,-1.18,21.21,21.84,0.63,9.55,7.9,-1.65,1.4,4.31,2.91,2.67,3.16,0.49,0.56,0.43,-0.13,4.63,3.16,-1.47,-4.93,12.38,13.24,1419.0,7.2577,-3.0303,-9.8887,-7.0472,-23.9605,18.957,14.9401,1.1011,11.4943,385000.0,29.1545,9.3294,31.6327,0,4.06,-6.34,1.25,-2.117984937824082,2005-2009→2009-2013
1860,Vestvågøy,2009-2013,2009,2013,Nordland,Nord-Norge,5,631,False,5403.0,29.09,27.3,-1.79,24.91,18.65,-6.26,10.73,22.23,11.5,10.11,6.84,-3.27,11.35,9.32,-2.03,8.33,5.94,-2.39,1.7,4.17,2.47,0.57,2.07,1.5,0.8,0.96,0.16,2.41,2.52,0.11,-8.29,16.98,-4.72,10706.0,9.2786,1.5319,1.1069,14.0108,1.2143,15.2531,16.757,0.2667,17.8914,372000.0,10.915,6.9666,38.2688,0,2.92,-1.18,1.21,-2.1691457609299163,2005-2009→2009-2013
1865,Vågan,2009-2013,2009,2013,Nordland,Nord-Norge,5,650,False,4689.0,34.57,31.42,-3.15,24.82,17.2,-7.62,13.22,24.76,11.54,2.62,2.55,-0.07,6.85,5.11,-1.74,10.88,6.51,-4.37,2.0,6.22,4.22,0.15,1.78,1.63,2.96,2.35,-0.61,1.92,2.1,0.18,-9.36,8.18,-0.29,8976.0,9.1023,2.5735,1.8924,24.0642,2.0053,14.4719,18.0927,0.8316,18.2019,365000.0,7.7891,9.5102,31.7741,0,3.02,-2.66,2.53,-0.790077414980864,2005-2009→2009-2013
1866,Hadsel,2009-2013,2009,2013,Nordland,Nord-Norge,5,605,False,4261.0,39.19,35.21,-3.98,25.51,20.66,-4.85,12.04,16.86,4.82,2.65,3.1,0.45,7.63,5.97,-1.66,8.24,5.69,-2.55,2.21,7.49,5.28,0.35,2.04,1.69,0.82,1.46,0.64,1.36,1.53,0.17,-6.51,9.58,-4.21,7950.0,8.9809,1.2579,-0.0124,15.5975,-3.1447,15.9874,16.8302,1.0188,19.9534,356000.0,5.3222,12.2358,40.3079,0,3.76,-1.72,4.79,1.5215125591441598,2005-2009→2009-2013
1867,Bø,2009-2013,2009,2013,Nordland,Nord-Norge,6,497,False,1582.0,30.21,32.0,1.79,29.84,24.13,-5.71,11.0,16.67,5.67,4.11,3.0,-1.11,13.21,9.73,-3.48,5.69,4.87,-0.82,2.91,5.27,2.36,0.25,1.47,1.22,0.57,0.4,-0.17,2.21,2.47,0.26,-9.19,29.07,-16.44,2838.0,7.9509,-6.4834,-14.3871,-17.9704,-46.864,23.7491,12.8964,2.174,12.2076,304000.0,14.1243,11.2994,37.7724,0,4.0,-2.53,4.66,1.181850718597901,2005-2009→2009-2013
1868,Øksnes,2009-2013,2009,2013,Nordland,Nord-Norge,5,584,False,2286.0,33.25,31.19,-2.06,27.43,22.04,-5.39,12.51,18.65,6.14,6.52,5.53,-0.99,8.66,6.92,-1.74,7.04,6.47,-0.57,1.22,3.97,2.75,0.09,1.29,1.2,0.57,0.71,0.14,2.71,3.21,0.5,-7.13,9.5,-3.12,4418.0,8.3934,1.2223,-4.1372,18.5604,-6.3377,14.9842,15.9122,0.7359,12.9217,364000.0,15.4634,11.9236,33.3954,0,6.98,-1.89,5.65,2.3608261427881567,2005-2009→2009-2013
1870,Sortland - Suortá,2009-2013,2009,2013,Nordland,Nord-Norge,4,670,False,5156.0,32.51,30.49,-2.02,28.01,19.91,-8.1,14.76,23.9,9.14,2.83,3.78,0.95,8.07,6.09,-1.98,8.36,6.76,-1.6,2.11,3.95,1.84,0.33,1.97,1.64,1.67,1.42,-0.25,1.36,1.74,0.38,-10.08,9.49,-4.41,9732.0,9.1832,3.5964,6.3951,25.3802,10.1726,12.3202,18.5779,0.9609,19.6627,381000.0,4.3556,6.8699,33.3993,0,2.52,-0.9,3.15,-0.3154249222908483,2005-2009→2009-2013
1871,Andøy,2009-2013,2009,2013,Nordland,Nord-Norge,6,517,False,2787.0,36.02,34.81,-1.21,22.93,18.75,-4.18,16.15,20.82,4.67,2.73,3.4,0.67,10.62,8.37,-2.25,5.74,4.22,-1.52,2.98,4.65,1.67,0.39,2.11,1.72,0.54,0.5,-0.04,1.9,2.36,0.46,-6.43,12.3,-3.31,5034.0,8.524,-0.1986,-8.271,11.5217,-14.1041,17.9182,15.296,0.792,15.6479,375000.0,9.1484,6.4503,44.8567,0,2.57,-1.68,6.78,3.174185489774863,2005-2009→2009-2013
1874,Moskenes,2009-2013,2009,2013,Nordland,Nord-Norge,6,442,False,533.0,41.84,33.4,-8.44,21.58,16.89,-4.69,6.0,16.12,10.12,4.32,3.5,-0.82,10.88,8.74,-2.14,7.69,8.54,0.85,2.44,5.05,2.61,0.56,0.97,0.41,0.38,0.19,-0.19,4.32,6.6,2.28,-6.83,0.0,0.0,1116.0,7.0175,0.1792,-10.4167,34.9462,-33.1541,22.4014,16.8459,-1.2029,11.1351,339000.0,25.7194,10.9712,28.4173,0,6.76,-2.61,3.62,0.186989690460432,2005-2009→2009-2013
1875,Hábmer - Hamarøy,2009-2013,2009,2013,Nordland,Nord-Norge,6,405,True,1663.6,36.59,29.52,-7.07,24.5,20.62,-3.88,9.87,19.43,9.56,4.03,4.78,0.75,11.64,7.92,-3.72,7.14,5.98,-1.16,4.05,6.42,2.37,0.4,2.26,1.86,0.81,1.38,0.57,0.96,1.68,0.72,-7.6,16.01,-4.32,2935.9005,7.9848,-0.0777,-8.9092,22.0951,-23.0689,18.5824,15.4837,0.9135,16.8064,323741.1667,6.5877,10.2213,41.006,1,3.49,-0.96,3.84,-0.033060333600676284,2005-2009→2009-2013
3101,Halden,2009-2013,2009,2013,Østfold,Østlandet,3,842,False,15907.0,41.55,36.6,-4.95,24.37,17.67,-6.7,12.34,23.37,11.03,6.15,6.26,0.11,4.57,3.74,-0.83,5.22,2.39,-2.83,2.62,4.44,1.82,0.53,2.49,1.96,1.06,0.8,-0.26,1.59,2.24,0.65,-7.53,4.94,-0.45,28389.0,10.2538,5.252,8.9001,53.0135,0.2113,15.0093,18.317,0.2551,21.2267,356000.0,1.7911,19.1735,32.9516,0,2.08,0.24,1.75,-0.9320663552845994,2005-2009→2009-2013
3103,Moss,2009-2013,2009,2013,Østfold,Østlandet,2,900,False,24496.0,37.77,33.79,-3.98,26.76,19.28,-7.48,19.62,29.2,9.58,2.92,3.62,0.7,1.7,1.35,-0.35,5.84,3.46,-2.38,2.96,4.32,1.36,0.29,2.57,2.28,1.05,1.24,0.19,1.09,1.16,0.07,-7.83,1.14,-0.23,43693.0,10.6849,5.177,11.2469,46.6207,5.3784,14.0709,18.0853,0.9481,23.0951,377715.7302,1.2138,11.5009,32.6936,1,2.65,-0.23,3.41,0.5791072175076555,2005-2009→2009-2013
3105,Sarpsborg,2009-2013,2009,2013,Østfold,Østlandet,2,877,False,28043.0,44.41,39.44,-4.97,27.09,20.32,-6.77,12.09,22.89,10.8,5.73,5.33,-0.4,3.24,2.85,-0.39,3.37,1.72,-1.65,1.84,2.85,1.01,0.18,1.4,1.22,0.43,0.52,0.09,1.63,2.69,1.06,-7.16,3.74,-0.5,51723.0,10.8537,3.8146,9.4854,30.5473,8.0815,13.9435,19.1192,0.8043,18.6656,366000.0,1.6435,15.7593,30.3255,0,1.85,-0.16,2.3,-0.24175228102727875,2005-2009→2009-2013
3107,Fredrikstad,2009-2013,2009,2013,Østfold,Østlandet,2,870,False,40387.0,42.67,37.57,-5.1,24.69,18.75,-5.94,15.25,25.76,10.51,5.29,5.1,-0.19,2.1,1.68,-0.42,4.93,2.48,-2.45,2.51,3.67,1.16,0.24,2.37,2.13,0.76,0.72,-0.04,1.56,1.9,0.34,-6.36,2.19,-0.33,72760.0,11.1949,5.5621,10.8518,51.608,4.2331,14.2908,18.0099,0.2873,22.7504,376000.0,0.9917,13.836,34.0159,0,6.57,-0.22,3.11,0.441595633803598,2005-2009→2009-2013
3110,Hvaler,2009-2013,2009,2013,Østfold,Østlandet,4,723,False,2476.0,36.95,32.33,-4.62,28.07,22.54,-5.53,18.26,28.58,10.32,3.39,3.61,0.22,2.3,1.66,-0.64,5.65,3.0,-2.65,2.91,4.01,1.1,0.08,2.2,2.12,0.93,0.83,-0.1,1.45,1.23,-0.22,-6.17,4.4,-1.07,3998.0,8.2935,7.1536,18.4407,83.2916,-11.7559,13.957,14.5323,1.7993,22.8182,426000.0,3.3365,9.6759,33.8418,0,2.9,-0.29,3.12,-0.46773882798265287,2005-2009→2009-2013
3112,Råde,2009-2013,2009,2013,Østfold,Østlandet,3,836,False,4117.0,31.26,26.3,-4.96,29.85,22.16,-7.69,15.74,27.59,11.85,8.72,8.93,0.21,7.58,6.7,-0.88,2.82,1.48,-1.34,2.4,3.69,1.29,0.19,1.41,1.22,0.46,0.38,-0.08,0.97,1.36,0.39,-8.57,9.23,2.48,6790.0,8.8232,3.8733,10.5486,39.6171,-0.2946,14.6244,16.7158,0.7591,20.8212,440000.0,3.814,12.6949,29.7049,0,2.35,0.35,4.39,1.5633559338418395,2005-2009→2009-2013
3114,Våler (Østfold),2009-2013,2009,2013,Østfold,Østlandet,3,824,False,2503.0,27.33,24.51,-2.82,33.24,24.81,-8.43,16.22,26.57,10.35,5.99,6.39,0.4,10.71,9.42,-1.29,2.8,1.72,-1.08,1.96,2.77,0.81,0.2,1.57,1.37,0.48,0.75,0.27,1.08,1.49,0.41,-9.72,21.1,5.52,4437.0,8.3977,9.4659,21.3643,70.0924,23.2139,10.1871,18.0978,1.1986,17.3449,481000.0,3.2191,11.3294,29.5987,0,2.66,0.59,2.42,-0.6303134272738498,2005-2009→2009-2013
3116,Skiptvet,2009-2013,2009,2013,Østfold,Østlandet,3,792,False,1837.0,31.19,29.86,-1.33,28.96,21.83,-7.13,10.45,20.79,10.34,8.66,8.42,-0.24,15.41,12.96,-2.45,2.56,1.79,-0.77,1.47,1.74,0.27,0.22,0.85,0.63,0.27,0.65,0.38,0.82,1.1,0.28,-9.58,33.03,-13.05,3492.0,8.1582,5.0401,10.2495,44.6735,5.1546,12.457,18.6999,0.3837,14.141,404000.0,6.674,9.4092,29.3764,0,5.01,-1.01,1.45,-1.433304204015409,2005-2009→2009-2013
3118,Indre Østfold,2009-2013,2009,2013,Østfold,Østlandet,3,858,False,21834.0,32.55,29.08,-3.47,27.71,21.66,-6.05,15.02,26.11,11.09,6.57,5.98,-0.59,9.99,7.68,-2.31,3.59,2.15,-1.44,2.98,3.72,0.74,0.19,1.6,1.41,0.53,0.58,0.05,0.86,1.44,0.58,-8.36,16.16,-2.62,40260.0,10.6031,4.9106,11.2202,41.7039,7.8987,12.8316,18.4948,1.1798,17.3328,388745.2595,3.787,10.2963,27.9065,1,3.11,0.35,3.27,0.5231767290544496,2005-2009→2009-2013
3120,Rakkestad,2009-2013,2009,2013,Østfold,Østlandet,3,785,False,4069.0,32.37,28.92,-3.45,21.6,16.72,-4.88,10.52,19.37,8.85,11.65,10.2,-1.45,17.79,16.25,-1.54,2.02,1.13,-0.89,2.8,3.74,0.94,0.07,1.18,1.11,0.17,0.49,0.32,1.01,2.0,0.99,-6.42,22.58,3.38,7496.0,8.9221,4.8559,8.9095,44.4237,4.5358,14.421,18.4899,0.4136,14.5036,388000.0,7.7355,17.7432,26.219,0,5.46,0.57,2.1,-0.6780975518510015,2005-2009→2009-2013
3122,Marker,2009-2013,2009,2013,Østfold,Østlandet,4,732,False,2047.0,36.98,36.66,-0.32,18.27,14.39,-3.88,10.26,17.09,6.83,13.53,12.56,-0.97,15.68,14.16,-1.52,1.76,0.55,-1.21,1.95,1.33,-0.62,0.34,1.6,1.26,0.24,0.41,0.17,0.98,1.24,0.26,-5.4,18.09,4.33,3455.0,8.1476,3.8205,5.2523,50.0724,-10.9986,17.453,15.9479,0.9189,14.5665,351000.0,8.8385,17.2238,28.1586,0,2.2,0.93,2.05,-0.9234726560250781,2005-2009→2009-2013
3124,Aremark,2009-2013,2009,2013,Østfold,Østlandet,5,662,False,845.0,31.95,28.21,-3.74,22.25,14.81,-7.44,10.77,16.01,5.24,11.12,9.59,-1.53,18.22,21.24,3.02,2.96,1.85,-1.11,1.3,3.05,1.75,0.12,2.51,2.39,0.24,0.0,-0.24,1.07,2.72,1.65,-4.42,23.56,11.18,1420.0,7.2584,0.3521,-2.2634,11.9718,-9.1549,17.1831,14.3662,0.7818,14.8601,402000.0,6.6757,18.5286,35.4223,0,0.41,2.11,1.06,-2.1467750320887586,2005-2009→2009-2013
3201,Bærum,2009-2013,2009,2013,Akershus,Oslo/Akershus,1,966,False,63514.0,25.77,20.31,-5.46,20.52,12.52,-8.0,35.42,45.89,10.47,2.46,2.62,0.16,1.17,0.75,-0.42,5.46,3.29,-2.17,7.42,9.34,1.92,0.39,3.51,3.12,0.77,0.62,-0.15,0.62,1.15,0.53,-8.42,1.24,-0.42,109700.0,11.6055,6.3601,13.799,46.6727,17.247,13.1057,16.979,0.1728,44.3883,486000.0,0.4161,4.3151,31.4835,0,2.95,-0.38,3.48,0.08305670980018087,2005-2009→2009-2013
3203,Asker,2009-2013,2009,2013,Akershus,Oslo/Akershus,2,910,False,46260.0,29.87,23.63,-6.24,23.77,15.9,-7.87,28.12,39.39,11.27,2.97,3.01,0.04,2.05,1.47,-0.58,5.66,3.46,-2.2,6.0,7.95,1.95,0.38,3.39,3.01,0.65,0.62,-0.03,0.53,1.19,0.66,-8.45,1.92,-0.35,81505.0,11.3084,6.5174,14.3141,49.8252,15.8886,11.5024,16.4714,1.0966,36.4937,500916.4306,0.7194,7.0288,30.6086,1,2.71,-0.25,2.65,-0.6808576669830959,2005-2009→2009-2013
3205,Lillestrøm,2009-2013,2009,2013,Akershus,Oslo/Akershus,1,940,False,40598.0,40.26,35.46,-4.8,25.34,18.28,-7.06,17.58,28.74,11.16,3.14,3.18,0.04,3.7,2.98,-0.72,4.69,3.06,-1.63,3.38,4.26,0.88,0.35,2.08,1.73,0.73,0.71,-0.02,0.82,1.26,0.44,-7.78,5.02,-1.21,71749.0,11.1809,8.3012,24.1135,61.6873,21.6867,11.274,19.4609,0.7857,24.1376,448594.1355,0.965,6.6386,28.407,1,3.39,-0.89,2.62,-0.16753131559241696,2005-2009→2009-2013
3207,Nordre Follo,2009-2013,2009,2013,Akershus,Oslo/Akershus,2,923,False,30988.0,33.56,27.81,-5.75,22.58,15.44,-7.14,24.98,35.59,10.61,3.57,3.83,0.26,1.95,1.46,-0.49,6.46,4.19,-2.27,4.85,6.6,1.75,0.35,3.01,2.66,0.9,0.74,-0.16,0.8,1.32,0.52,-7.63,2.27,-0.69,52311.0,10.865,5.6566,11.8871,37.3535,19.7282,11.5215,16.8301,1.3951,32.3191,500102.0148,0.5363,4.3121,29.3478,1,3.56,-0.87,2.08,-0.9903927960657541,2005-2009→2009-2013
3209,Ullensaker,2009-2013,2009,2013,Akershus,Oslo/Akershus,2,920,False,15187.0,35.7,30.74,-4.96,32.42,24.89,-7.53,17.36,28.85,11.49,2.38,2.46,0.08,4.42,3.76,-0.66,3.31,1.98,-1.33,2.51,3.53,1.02,0.18,1.7,1.52,0.82,0.61,-0.21,0.9,1.48,0.58,-8.19,6.0,-1.41,28138.0,10.2449,12.8119,38.4283,94.9606,33.0514,9.823,20.3248,0.4911,21.232,445000.0,1.4592,5.5359,27.6142,0,3.65,-1.05,2.62,-0.6697753913539528,2005-2009→2009-2013
3212,Nesodden,2009-2013,2009,2013,Akershus,Oslo/Akershus,3,850,False,9864.0,32.69,26.12,-6.57,18.49,11.97,-6.52,17.4,26.75,9.35,3.53,3.66,0.13,1.64,1.12,-0.52,14.47,9.31,-5.16,6.75,7.6,0.85,1.44,10.22,8.78,2.84,2.22,-0.62,0.75,1.01,0.26,-7.04,1.4,-0.77,17129.0,9.7485,5.0733,12.8897,33.1018,18.4482,10.2283,16.1889,0.9119,37.224,464000.0,1.0166,3.558,37.2928,0,3.4,-1.15,0.91,-2.194570264337396,2005-2009→2009-2013
3214,Frogn,2009-2013,2009,2013,Akershus,Oslo/Akershus,2,891,False,8691.0,30.15,24.43,-5.72,25.54,17.11,-8.43,26.03,37.37,11.34,1.97,2.4,0.43,2.6,2.43,-0.17,6.1,3.51,-2.59,5.19,6.8,1.61,0.48,3.44,2.96,0.78,0.71,-0.07,1.16,1.79,0.63,-8.6,3.18,0.37,14435.0,9.5774,7.1631,17.9399,64.0804,7.4818,12.0055,14.9013,1.835,30.7373,479000.0,1.2214,4.184,30.3664,0,2.11,-0.43,2.39,-0.9400858944676056,2005-2009→2009-2013
3216,Vestby,2009-2013,2009,2013,Akershus,Oslo/Akershus,2,877,False,8007.0,33.82,28.27,-5.55,26.31,18.07,-8.24,19.46,31.77,12.31,2.87,3.12,0.25,4.33,3.29,-1.04,6.62,4.57,-2.05,4.53,4.96,0.43,0.41,3.7,3.29,0.89,0.8,-0.09,0.75,1.45,0.7,-9.28,0.0,5.91,14095.0,9.5536,10.713,22.6423,80.2412,27.8822,9.4927,17.5878,2.0292,27.4968,487000.0,1.9922,5.1693,30.8724,0,3.75,-1.0,1.35,-1.8875223581692642,2005-2009→2009-2013
3218,Ås,2009-2013,2009,2013,Akershus,Oslo/Akershus,2,895,False,8798.0,33.61,27.45,-6.16,20.63,15.36,-5.27,17.09,26.6,9.51,3.9,3.8,-0.1,7.77,6.57,-1.2,9.64,6.06,-3.58,5.29,7.01,1.72,0.5,4.94,4.44,1.08,1.03,-0.05,0.49,1.19,0.7,-6.47,12.42,-3.25,15863.0,9.6717,10.7483,23.4835,84.7885,23.5769,10.9815,19.7504,0.8069,34.5432,448000.0,1.896,4.5266,33.9377,0,4.8,-2.48,2.54,-0.3840861275577536,2005-2009→2009-2013
3220,Enebakk,2009-2013,2009,2013,Akershus,Oslo/Akershus,3,827,False,5577.0,32.81,28.1,-4.71,33.1,26.0,-7.1,16.33,25.43,9.1,4.16,4.83,0.67,4.9,4.91,0.01,4.41,2.67,-1.74,2.24,3.66,1.42,0.43,2.27,1.84,0.68,0.69,0.01,0.93,1.42,0.49,-7.09,10.25,0.83,10153.0,9.2255,4.0087,15.9039,14.38,26.6916,8.1552,18.8713,1.6933,17.9028,478000.0,1.5686,4.7762,29.1329,0,2.08,-1.4,3.67,0.570203275358045,2005-2009→2009-2013
3222,Lørenskog,2009-2013,2009,2013,Akershus,Oslo/Akershus,1,978,False,18116.0,40.14,35.3,-4.84,26.53,18.29,-8.24,18.05,30.14,12.09,2.88,3.2,0.32,1.47,0.99,-0.48,5.0,3.12,-1.88,3.74,4.77,1.03,0.24,2.16,1.92,1.21,0.91,-0.3,0.74,1.12,0.38,-8.72,1.77,-0.83,32300.0,10.3828,6.2539,13.5672,43.6223,19.226,10.3251,17.8793,1.3445,26.5571,455000.0,0.2792,5.9035,29.4946,0,3.19,-0.3,1.82,-0.6741734379633122,2005-2009→2009-2013
3224,Rælingen,2009-2013,2009,2013,Akershus,Oslo/Akershus,1,948,False,8672.0,42.77,38.38,-4.39,25.31,18.85,-6.46,16.48,26.93,10.45,3.38,3.33,-0.05,1.88,1.56,-0.32,5.05,2.83,-2.22,3.01,3.96,0.95,0.38,1.93,1.55,0.68,0.69,0.01,1.06,1.53,0.47,-6.78,2.13,-0.61,15345.0,9.6385,7.0055,11.8605,35.7771,34.7996,9.6839,20.8863,1.1017,23.8539,451000.0,0.322,6.6467,29.4043,0,3.41,-0.72,2.76,0.3543453403607666,2005-2009→2009-2013
3226,Aurskog-Høland,2009-2013,2009,2013,Akershus,Oslo/Akershus,3,797,False,8490.0,41.88,38.4,-3.48,25.52,21.0,-4.52,9.79,18.25,8.46,6.47,5.98,-0.49,9.67,8.79,-0.88,3.27,1.94,-1.33,1.96,2.27,0.31,0.26,1.56,1.3,0.45,0.45,0.0,0.73,1.35,0.62,-5.4,12.57,1.29,14829.0,9.6043,7.5663,16.2186,71.0769,4.5182,14.1007,16.7644,0.7886,14.1777,403750.1171,4.1958,12.473,29.8156,1,2.55,-2.34,2.53,-0.2712731599811695,2005-2009→2009-2013
3228,Nes,2009-2013,2009,2013,Akershus,Oslo/Akershus,3,826,False,10430.0,40.12,35.97,-4.15,28.25,21.22,-7.03,11.91,22.48,10.57,3.23,3.3,0.07,7.9,6.71,-1.19,4.3,2.13,-2.17,2.63,4.02,1.39,0.35,2.09,1.74,0.58,0.63,0.05,0.75,1.45,0.7,-8.22,11.5,-1.77,18629.0,9.8325,6.3879,11.5621,55.8806,8.4814,11.8847,17.0487,0.5377,15.8247,450000.0,3.2152,7.978,29.7554,0,0.58,-1.97,3.4,0.6069031734812782,2005-2009→2009-2013
3230,Gjerdrum,2009-2013,2009,2013,Akershus,Oslo/Akershus,2,880,False,3148.0,35.17,31.19,-3.98,23.51,17.48,-6.03,19.5,28.97,9.47,4.96,4.7,-0.26,7.18,6.56,-0.62,3.72,2.51,-1.21,4.57,4.88,0.31,0.32,2.08,1.76,0.44,0.57,0.13,0.64,1.06,0.42,-6.65,10.5,-1.58,5567.0,8.6246,12.5202,28.4396,100.952,25.3278,9.7,16.1128,0.996,24.9166,512000.0,2.4264,6.0175,27.758,0,3.43,-0.93,2.8,-0.41289506861935266,2005-2009→2009-2013
3232,Nittedal,2009-2013,2009,2013,Akershus,Oslo/Akershus,2,886,False,11754.0,38.14,31.65,-6.49,26.46,19.5,-6.96,18.05,30.42,12.37,2.55,2.84,0.29,2.49,2.23,-0.26,6.18,3.83,-2.35,3.96,5.49,1.53,0.42,2.27,1.85,0.99,0.82,-0.17,0.77,0.95,0.18,-7.22,5.51,-2.09,20555.0,9.9309,6.8888,13.8394,46.2661,22.233,9.4186,16.3367,1.6004,27.2355,498000.0,0.8667,6.5637,30.4803,0,4.56,-1.06,2.92,0.06054037750753771,2005-2009→2009-2013
3234,Lunner,2009-2013,2009,2013,Akershus,Oslo/Akershus,3,785,False,5095.0,41.51,36.24,-5.27,22.98,17.69,-5.29,15.39,24.15,8.76,3.71,4.01,0.3,7.16,6.16,-1.0,5.0,3.11,-1.89,2.71,3.67,0.96,0.31,3.24,2.93,0.45,0.73,0.28,0.77,0.99,0.22,-6.29,8.22,-1.18,8552.0,9.0539,3.8354,4.9521,30.87,7.6006,11.7283,17.072,0.7605,19.1161,446000.0,3.0061,5.8175,33.5208,0,2.53,-0.39,3.62,0.6884697839010827,2005-2009→2009-2013
3236,Jevnaker,2009-2013,2009,2013,Akershus,Oslo/Akershus,3,793,False,3620.0,46.35,40.6,-5.75,24.59,19.58,-5.01,13.34,24.28,10.94,1.85,1.92,0.07,5.47,4.44,-1.03,5.14,3.44,-1.7,1.69,1.99,0.3,0.36,2.18,1.82,0.64,0.6,-0.04,0.58,0.97,0.39,-6.04,6.68,-0.82,6251.0,8.7405,3.0875,2.302,28.1555,2.8795,14.3657,16.6533,0.7181,17.5765,388000.0,2.5746,15.573,32.4647,0,1.89,-0.32,2.73,-0.10415067696672953,2005-2009→2009-2013
3238,Nannestad,2009-2013,2009,2013,Akershus,Oslo/Akershus,3,834,False,5832.0,37.36,32.91,-4.45,31.0,23.76,-7.24,12.71,23.51,10.8,3.81,3.98,0.17,7.24,6.13,-1.11,3.53,1.91,-1.62,2.79,3.83,1.04,0.24,1.89,1.65,0.57,0.48,-0.09,0.75,1.59,0.84,-8.35,10.45,-3.31,10800.0,9.2873,6.5278,17.9879,48.1481,17.6852,10.0278,18.3333,1.0544,16.2981,454000.0,3.1271,5.6391,28.8448,0,2.79,-0.86,2.44,-0.6002327404374324,2005-2009→2009-2013
3240,Eidsvoll,2009-2013,2009,2013,Akershus,Oslo/Akershus,3,851,False,11211.0,38.63,34.34,-4.29,29.81,23.06,-6.75,13.35,23.15,9.8,3.29,3.33,0.04,5.27,4.24,-1.03,4.85,3.32,-1.53,2.32,3.9,1.58,0.29,1.87,1.58,0.71,0.67,-0.04,1.47,2.11,0.64,-7.78,12.22,-4.59,20321.0,9.9194,8.9612,22.4465,76.8663,13.2867,11.8154,19.1624,0.2928,17.6154,418000.0,1.9321,8.1169,32.5229,0,0.73,-1.61,3.25,0.41994649370730963,2005-2009→2009-2013
3242,Hurdal,2009-2013,2009,2013,Akershus,Oslo/Akershus,4,736,False,1473.0,34.49,31.32,-3.17,25.87,21.38,-4.49,9.84,15.2,5.36,9.16,8.55,-0.61,8.69,7.43,-1.26,4.89,2.11,-2.78,4.75,8.09,3.34,0.95,3.82,2.87,0.61,0.33,-0.28,0.75,1.78,1.03,-5.75,9.47,-3.02,2621.0,7.8713,2.4418,0.7883,33.9565,-9.1568,16.8638,16.1389,-0.3275,14.8846,371000.0,4.0862,7.3551,36.4042,0,-0.44,-0.38,3.75,1.0204699191567204,2005-2009→2009-2013
3301,Drammen,2009-2013,2009,2013,Buskerud,Østlandet,2,912,False,49193.0,37.76,33.38,-4.38,27.04,19.29,-7.75,21.29,31.71,10.42,3.28,3.19,-0.09,1.9,1.62,-0.28,4.54,2.65,-1.89,2.77,4.18,1.41,0.28,2.25,1.97,0.57,0.57,0.0,0.56,1.16,0.6,-8.03,1.04,-0.01,90196.0,11.4097,6.0834,14.0115,46.654,14.147,12.7168,20.5685,0.7653,22.9365,383667.4386,0.689,10.2485,29.5526,1,0.33,-0.16,4.75,1.9386557449154513,2005-2009→2009-2013
3303,Kongsberg,2009-2013,2009,2013,Buskerud,Østlandet,3,848,False,14007.0,41.61,30.03,-11.58,21.33,17.03,-4.3,18.1,25.9,7.8,2.65,2.66,0.01,5.8,9.91,4.11,5.75,3.21,-2.54,3.56,7.11,3.55,0.22,2.38,2.16,0.61,0.6,-0.01,0.38,1.15,0.77,-0.19,8.93,-0.03,24381.0,10.1016,6.1769,13.0042,47.537,14.1504,13.1496,19.9951,0.7454,31.271,420000.0,1.4557,28.4638,28.4785,0,3.6,-0.41,3.37,0.41701898345115307,2005-2009→2009-2013
3305,Ringerike,2009-2013,2009,2013,Buskerud,Østlandet,3,838,False,16174.0,41.6,36.27,-5.33,25.25,19.48,-5.77,15.74,26.33,10.59,2.23,2.7,0.47,5.09,4.28,-0.81,4.72,2.91,-1.81,3.44,4.06,0.62,0.22,2.11,1.89,1.2,0.92,-0.28,0.51,0.93,0.42,-6.58,6.1,0.01,28645.0,10.2627,2.6357,4.7942,26.6713,-0.3491,15.0672,18.7467,0.4328,20.6724,370000.0,2.2718,14.3304,32.7981,0,-0.9,0.55,4.32,1.6512319380828728,2005-2009→2009-2013
3310,Hole,2009-2013,2009,2013,Buskerud,Østlandet,3,832,False,3377.0,28.96,25.92,-3.04,25.29,15.91,-9.38,24.93,35.94,11.01,3.7,4.42,0.72,7.2,5.92,-1.28,4.89,3.31,-1.58,3.46,4.13,0.67,0.27,2.77,2.5,0.74,0.87,0.13,0.56,0.81,0.25,-10.66,9.9,-1.99,5861.0,8.6761,10.2713,26.7255,82.7504,19.4506,12.4382,17.4032,0.6363,29.4816,465000.0,3.3217,7.3078,33.2173,0,1.12,-0.53,5.19,1.708205604809811,2005-2009→2009-2013
3312,Lier,2009-2013,2009,2013,Buskerud,Østlandet,2,887,False,12968.0,34.25,28.84,-5.41,24.42,17.79,-6.63,24.6,33.81,9.21,2.69,3.17,0.48,4.91,4.38,-0.53,4.62,2.77,-1.85,3.37,5.44,2.07,0.35,2.32,1.97,0.47,0.59,0.12,0.32,0.87,0.55,-7.16,5.55,-0.69,22873.0,10.0377,8.263,14.4422,67.5032,15.127,11.5201,17.0244,0.9662,27.5847,458000.0,2.4941,8.3081,31.5807,0,1.64,-0.51,4.47,1.423459234862837,2005-2009→2009-2013
3314,Øvre Eiker,2009-2013,2009,2013,Buskerud,Østlandet,3,848,False,9047.0,34.74,31.14,-3.6,27.15,20.79,-6.36,18.46,26.64,8.18,3.19,3.23,0.04,9.43,8.9,-0.53,4.17,2.44,-1.73,1.41,3.02,1.61,0.27,1.92,1.65,0.45,0.46,0.01,0.73,1.46,0.73,-6.89,8.44,1.12,16350.0,9.702,8.5749,15.7462,76.2691,8.8073,13.578,19.0581,-0.0978,18.412,404000.0,2.6248,14.3426,30.314,0,1.27,-0.62,4.92,2.0560723597435198,2005-2009→2009-2013
3316,Modum,2009-2013,2009,2013,Buskerud,Østlandet,3,812,False,7264.0,41.11,36.62,-4.49,24.68,22.29,-2.39,13.49,20.31,6.82,3.14,3.65,0.51,11.36,8.7,-2.66,3.12,2.29,-0.83,1.95,2.77,0.82,0.29,2.05,1.76,0.36,0.42,0.06,0.5,0.89,0.39,-5.05,21.21,-3.67,12872.0,9.4628,3.6125,5.7569,34.8819,1.0099,14.1548,18.8238,1.0586,17.3384,384000.0,3.3591,12.7973,34.3044,0,0.29,0.46,4.12,1.4316838388231727,2005-2009→2009-2013
3318,Krødsherad,2009-2013,2009,2013,Buskerud,Østlandet,5,656,False,1184.0,41.05,38.57,-2.48,25.0,16.35,-8.65,14.02,22.78,8.76,0.84,1.67,0.83,13.51,12.7,-0.81,2.53,2.22,-0.31,2.36,3.49,1.13,0.17,1.75,1.58,0.17,0.16,-0.01,0.34,0.32,-0.02,-9.46,0.0,0.0,2114.0,7.6563,5.1561,0.4519,53.4532,-2.8382,15.7521,17.5024,-0.5025,16.3647,381000.0,6.7928,16.595,27.2571,0,0.86,2.39,4.49,1.34941744290068,2005-2009→2009-2013
3320,Flå,2009-2013,2009,2013,Buskerud,Østlandet,5,617,False,588.0,36.73,37.73,1.0,26.02,19.7,-6.32,12.07,15.86,3.79,2.72,2.84,0.12,18.2,17.2,-1.0,1.87,1.34,-0.53,1.02,2.34,1.32,0.68,0.83,0.15,0.17,0.67,0.5,0.51,1.5,0.99,-7.32,0.0,0.0,1011.0,6.9187,3.8576,0.0953,63.3037,-26.7062,21.4639,13.7488,-1.0829,13.8387,339000.0,9.7276,14.9805,25.4864,0,-2.68,4.34,5.22,2.112310175220799,2005-2009→2009-2013
3322,Nesbyen,2009-2013,2009,2013,Buskerud,Østlandet,5,640,False,1917.0,36.88,33.3,-3.58,22.38,13.91,-8.47,13.67,23.69,10.02,4.8,4.83,0.03,13.88,14.82,0.94,4.96,2.23,-2.73,2.61,3.51,0.9,0.05,1.7,1.65,0.31,0.37,0.06,0.47,1.65,1.18,-7.53,28.18,-7.1,3461.0,8.1493,-0.7512,-1.8291,8.668,-16.7582,17.6539,17.1338,0.2792,18.5884,348000.0,5.4659,11.7647,27.2775,0,1.4,-1.07,2.26,-1.168587775389121,2005-2009→2009-2013
3324,Gol,2009-2013,2009,2013,Buskerud,Østlandet,4,683,False,2450.0,31.18,29.15,-2.03,24.37,16.45,-7.92,15.59,26.25,10.66,4.33,3.95,-0.38,14.24,14.64,0.4,4.98,2.38,-2.6,4.0,4.27,0.27,0.37,1.94,1.57,0.37,0.2,-0.17,0.57,0.77,0.2,-7.52,19.08,-5.66,4516.0,8.4154,3.3437,6.5768,29.008,3.9858,16.0762,17.6484,0.5084,18.0666,361000.0,4.7266,7.5781,25.1563,0,2.39,-0.92,2.08,-1.3732378557220004,2005-2009→2009-2013
3326,Hemsedal,2009-2013,2009,2013,Buskerud,Østlandet,5,625,False,1095.0,23.11,20.47,-2.64,18.26,10.84,-7.42,19.73,27.15,7.42,11.23,10.41,-0.82,18.9,18.82,-0.08,4.38,3.47,-0.91,3.2,5.38,2.18,0.27,2.43,2.16,0.37,0.26,-0.11,0.55,0.78,0.23,-7.5,30.06,-0.68,1995.0,7.5984,11.4787,18.74,84.7118,29.0727,12.5313,19.4486,-0.2561,20.0,398000.0,9.6664,4.2772,23.0111,0,3.19,0.21,-1.24,-5.461523771725021,2005-2009→2009-2013
3328,Ål,2009-2013,2009,2013,Buskerud,Østlandet,5,635,False,2653.0,32.11,28.58,-3.53,17.38,13.19,-4.19,12.55,18.96,6.41,7.16,7.38,0.22,19.0,19.47,0.47,5.13,2.87,-2.26,5.09,5.62,0.53,0.34,1.73,1.39,0.53,0.62,0.09,0.72,1.58,0.86,-3.72,20.13,3.84,4640.0,8.4425,2.6078,1.1257,30.819,-4.3103,16.3362,16.3147,0.2779,19.8665,378000.0,6.9494,6.753,31.4095,0,3.41,0.79,2.03,-1.3604299916902751,2005-2009→2009-2013
3330,Hol,2009-2013,2009,2013,Buskerud,Østlandet,5,629,False,2489.0,30.78,29.0,-1.78,23.99,14.3,-9.69,21.66,31.8,10.14,3.9,3.43,-0.47,10.97,11.11,0.14,3.98,1.65,-2.33,3.74,5.16,1.42,0.16,1.73,1.57,0.4,0.35,-0.05,0.44,1.46,1.02,-9.55,9.96,-0.58,4430.0,8.3962,0.4063,-2.9245,13.7698,-9.0293,15.5982,18.7133,1.4432,18.0136,366000.0,3.5687,5.4306,28.5493,0,2.96,0.92,4.01,0.25215501620908176,2005-2009→2009-2013
3332,Sigdal,2009-2013,2009,2013,Buskerud,Østlandet,5,663,False,2049.0,26.16,25.64,-0.52,23.87,16.12,-7.75,13.27,23.26,9.99,1.42,1.29,-0.13,29.62,27.03,-2.59,2.68,1.19,-1.49,2.2,2.88,0.68,0.2,1.29,1.09,0.29,0.55,0.26,0.29,0.74,0.45,-10.34,43.62,-2.07,3534.0,8.1702,0.1132,-0.8686,8.206,-7.0741,17.4873,16.0441,0.5173,12.305,392000.0,8.7089,21.9241,24.8101,0,-2.49,1.68,3.27,0.041973844903746116,2005-2009→2009-2013
3334,Flesberg,2009-2013,2009,2013,Buskerud,Østlandet,4,688,False,1494.0,27.64,22.6,-5.04,28.98,23.0,-5.98,15.73,23.78,8.05,2.61,2.63,0.02,18.27,18.46,0.19,3.68,1.91,-1.77,2.07,3.55,1.48,0.27,2.04,1.77,0.47,0.66,0.19,0.27,1.38,1.11,-5.79,22.8,-3.32,2544.0,7.8415,4.4418,5.3111,45.5975,-3.5377,15.2516,15.7233,0.7815,16.5187,420000.0,6.201,18.9594,27.655,0,-1.33,-0.11,5.67,2.469174919638347,2005-2009→2009-2013
3336,Rollag,2009-2013,2009,2013,Buskerud,Østlandet,5,578,False,819.0,33.7,31.46,-2.24,17.22,9.21,-8.01,8.79,18.3,9.51,5.01,3.59,-1.42,29.18,29.31,0.13,2.32,1.91,-0.41,2.56,2.87,0.31,0.12,0.96,0.84,0.49,0.24,-0.25,0.61,2.15,1.54,-7.88,32.19,-3.27,1418.0,7.257,-4.4429,-8.4459,-23.9774,-20.4513,18.2652,13.8223,2.2514,18.1102,373000.0,6.6667,18.8235,36.732,0,-2.28,-0.61,4.82,1.6261693137871345,2005-2009→2009-2013
3338,Nore og Uvdal,2009-2013,2009,2013,Buskerud,Østlandet,6,530,False,1424.0,32.16,27.43,-4.73,20.37,17.14,-3.23,9.48,17.42,7.94,3.93,3.88,-0.05,29.63,27.15,-2.48,2.81,2.47,-0.34,0.42,1.62,1.2,0.35,0.99,0.64,0.77,0.42,-0.35,0.07,1.48,1.41,-5.71,39.47,-7.91,2503.0,7.8252,1.1187,-6.3633,31.1626,-19.177,19.137,14.4626,0.1044,14.5114,363000.0,10.488,9.7597,29.3518,0,0.71,3.16,2.11,-1.3632216828415427,2005-2009→2009-2013
3401,Kongsvinger,2009-2013,2009,2013,Innlandet,Innlandet,3,792,False,9603.0,44.66,40.69,-3.97,24.37,20.57,-3.8,10.74,20.44,9.7,2.15,2.24,0.09,4.24,3.96,-0.28,6.54,3.64,-2.9,2.07,2.81,0.74,0.25,1.77,1.52,0.64,0.64,0.0,4.35,3.24,-1.11,-4.08,4.73,0.38,17326.0,9.76,1.8008,1.6717,28.9161,-11.0816,15.3873,16.7263,1.5648,17.9048,353000.0,3.401,9.3437,35.8473,0,-0.39,-0.68,1.77,-0.9043984246652292,2005-2009→2009-2013
3403,Hamar,2009-2013,2009,2013,Innlandet,Innlandet,2,873,False,17136.0,48.62,44.72,-3.9,14.11,9.14,-4.97,14.2,22.04,7.84,2.8,3.1,0.3,4.49,4.58,0.09,9.33,5.67,-3.66,3.06,5.0,1.94,0.42,2.71,2.29,0.81,0.87,0.06,2.17,2.18,0.01,-4.88,1.57,0.21,28211.0,10.2475,4.0481,8.2338,44.7343,-4.3954,16.2951,18.5743,0.6708,29.4392,364000.0,1.8102,6.3218,39.6366,0,1.81,0.87,1.72,-0.9324462568725755,2005-2009→2009-2013
3405,Lillehammer,2009-2013,2009,2013,Innlandet,Innlandet,3,818,False,15094.0,43.83,38.43,-5.4,15.93,10.57,-5.36,15.22,23.31,8.09,3.09,3.21,0.12,6.1,5.71,-0.39,9.31,5.19,-4.12,4.21,6.55,2.34,0.43,4.29,3.86,1.03,1.12,0.09,0.85,1.6,0.75,-5.75,6.57,-1.27,26104.0,10.1698,2.8578,7.6325,26.5093,1.5706,15.0935,18.9588,0.9996,32.6297,366000.0,1.7544,5.0731,41.2719,0,1.57,-0.33,2.93,0.06295039607263009,2005-2009→2009-2013
3407,Gjøvik,2009-2013,2009,2013,Innlandet,Innlandet,3,805,False,16197.0,49.16,42.76,-6.4,16.11,11.36,-4.75,12.98,22.03,9.05,4.17,4.09,-0.08,6.17,6.31,0.14,4.71,2.63,-2.08,3.37,5.06,1.69,0.44,2.26,1.82,0.73,1.08,0.35,2.17,2.43,0.26,-4.61,6.59,0.42,28611.0,10.2615,2.7821,7.525,26.2836,2.4117,14.8859,19.5659,0.675,23.2797,362000.0,2.9753,12.4516,34.3455,0,2.03,-0.4,3.26,0.488904994561969,2005-2009→2009-2013
3411,Ringsaker,2009-2013,2009,2013,Innlandet,Innlandet,3,797,False,17397.0,50.86,45.59,-5.27,15.5,11.87,-3.63,10.44,18.55,8.11,2.45,2.57,0.12,10.21,10.05,-0.16,5.39,2.86,-2.53,2.97,3.4,0.43,0.32,2.17,1.85,0.38,0.52,0.14,1.49,2.41,0.92,-3.79,10.43,-2.7,32402.0,10.386,3.0986,4.9513,28.6711,2.4998,14.6256,17.1533,0.6471,17.9766,392000.0,5.6889,14.411,30.7833,0,3.27,0.46,1.97,-0.7012194393868108,2005-2009→2009-2013
3412,Løten,2009-2013,2009,2013,Innlandet,Innlandet,3,790,False,4122.0,51.67,47.84,-3.83,17.37,14.13,-3.24,8.01,13.95,5.94,2.11,2.64,0.53,10.94,11.59,0.65,5.85,3.45,-2.4,1.65,2.3,0.65,0.17,1.62,1.45,0.36,0.61,0.25,1.87,1.87,0.0,-2.59,21.92,-6.96,7255.0,8.8894,3.0875,2.214,35.1482,-5.0999,14.8312,17.7119,0.8795,17.0173,381000.0,6.1157,10.7713,33.5813,0,1.2,-0.1,1.96,-0.5714329697109788,2005-2009→2009-2013
3413,Stange,2009-2013,2009,2013,Innlandet,Innlandet,3,820,False,11196.0,49.94,45.52,-4.42,15.55,11.82,-3.73,8.9,15.0,6.1,3.76,3.9,0.14,10.29,10.32,0.03,6.31,3.62,-2.69,2.7,3.95,1.25,0.36,2.6,2.24,0.5,0.61,0.11,1.71,2.66,0.95,-3.7,13.39,-6.04,18982.0,9.8512,2.239,7.0023,27.4471,-5.1101,15.2671,17.3902,0.4231,21.0684,389000.0,4.9784,9.3872,36.2936,0,1.81,1.99,2.45,-0.08829029654715637,2005-2009→2009-2013
3414,Nord-Odal,2009-2013,2009,2013,Innlandet,Innlandet,4,708,False,2998.0,54.4,49.38,-5.02,20.95,17.46,-3.49,5.7,13.31,7.61,2.37,2.11,-0.26,7.4,8.17,0.77,5.97,3.42,-2.55,1.13,2.3,1.17,0.13,1.63,1.5,0.53,0.7,0.17,1.4,1.53,0.13,-2.72,9.67,-0.43,5098.0,8.5366,1.8046,2.7723,34.5233,-15.8886,18.164,14.6332,0.3717,12.0362,363000.0,4.4715,11.7073,33.0488,0,0.32,-1.39,1.4,-1.3745984353835743,2005-2009→2009-2013
3415,Sør-Odal,2009-2013,2009,2013,Innlandet,Innlandet,3,777,False,4531.0,44.8,41.23,-3.57,24.98,19.17,-5.81,9.27,19.04,9.77,1.41,1.49,0.08,8.87,7.58,-1.29,5.43,4.07,-1.36,1.48,2.52,1.04,0.22,1.38,1.16,0.64,0.57,-0.07,2.89,2.96,0.07,-7.1,17.79,-4.71,7795.0,8.9612,0.1411,3.5553,8.2104,-7.3124,15.2149,16.1257,0.5935,14.0593,395000.0,4.2055,12.415,29.4636,0,-3.89,-0.19,2.36,-0.3836414403631183,2005-2009→2009-2013
3416,Eidskog,2009-2013,2009,2013,Innlandet,Innlandet,4,691,False,3441.0,44.96,40.37,-4.59,22.93,18.62,-4.31,10.61,19.38,8.77,2.94,2.43,-0.51,7.7,8.5,0.8,5.81,2.97,-2.84,1.63,2.77,1.14,0.41,1.19,0.78,0.49,0.59,0.1,2.53,3.19,0.66,-3.51,14.53,15.85,6394.0,8.7631,-1.7516,-2.1648,8.1326,-25.4926,17.751,14.498,0.7781,12.3027,336000.0,5.7843,15.9238,30.8268,0,-5.45,0.19,2.37,-0.6947192790369865,2005-2009→2009-2013
3417,Grue,2009-2013,2009,2013,Innlandet,Innlandet,5,662,False,2810.0,46.48,43.93,-2.55,19.64,15.58,-4.06,8.93,16.29,7.36,1.74,2.08,0.34,13.02,11.78,-1.24,5.37,3.27,-2.1,2.38,2.81,0.43,0.18,1.51,1.33,0.28,0.7,0.42,1.96,2.04,0.08,-5.3,0.0,14.73,5080.0,8.5331,-1.6339,-7.3772,16.9291,-33.2677,20.0787,13.8189,0.6137,14.5599,332000.0,11.3814,14.6392,29.4845,0,-2.33,-1.05,2.58,-0.3568289283191852,2005-2009→2009-2013
3418,Åsnes,2009-2013,2009,2013,Innlandet,Innlandet,5,665,False,4227.0,45.14,43.37,-1.77,22.55,19.09,-3.46,8.26,14.58,6.32,2.63,2.29,-0.34,10.91,10.81,-0.1,5.25,2.38,-2.87,1.4,2.38,0.98,0.45,1.5,1.05,0.78,0.95,0.17,2.65,2.66,0.01,-3.56,8.67,4.5,7610.0,8.9372,-0.1314,-4.7261,28.6465,-29.6978,20.9067,14.4415,0.4749,13.8438,340000.0,10.203,13.6588,32.8305,0,1.45,-1.56,2.1,-0.819913526867325,2005-2009→2009-2013
3419,Våler (Innlandet),2009-2013,2009,2013,Innlandet,Innlandet,5,669,False,2248.0,46.31,43.64,-2.67,24.38,19.54,-4.84,7.25,14.85,7.6,2.05,1.87,-0.18,8.81,10.16,1.35,4.72,2.87,-1.85,1.6,2.32,0.72,0.31,0.87,0.56,0.22,0.23,0.01,4.36,3.64,-0.72,-3.49,10.38,-1.75,3869.0,8.2608,-1.1114,-3.4813,5.9447,-16.8002,19.1522,14.2931,1.313,13.5185,351000.0,10.5652,14.7385,34.9181,0,1.53,-3.0,1.19,-1.7139099879802542,2005-2009→2009-2013
3420,Elverum,2009-2013,2009,2013,Innlandet,Innlandet,3,787,False,10973.0,46.02,41.12,-4.9,21.83,15.36,-6.47,12.58,24.61,12.03,1.75,1.92,0.17,6.63,6.3,-0.33,5.57,3.46,-2.11,2.69,3.55,0.86,0.31,1.55,1.24,0.68,0.78,0.1,1.94,1.35,-0.59,-6.8,8.03,-2.86,19687.0,9.8877,3.3321,9.148,27.6324,5.8414,14.6696,18.4792,0.9083,24.5219,373000.0,3.5165,9.8402,40.3297,0,2.01,-0.42,3.45,0.5646365752465772,2005-2009→2009-2013
3421,Trysil,2009-2013,2009,2013,Innlandet,Innlandet,5,604,False,3706.0,43.55,39.49,-4.06,19.56,12.76,-6.8,11.25,20.53,9.28,3.24,3.36,0.12,11.14,13.05,1.91,6.02,3.73,-2.29,2.75,2.97,0.22,0.32,1.68,1.36,0.49,0.34,-0.15,1.67,2.1,0.43,-4.89,16.07,0.86,6749.0,8.8171,-0.889,-4.7829,17.0396,-26.5224,19.7066,15.6319,0.3861,14.4304,337000.0,7.1801,6.6585,31.4207,0,1.81,-0.9,3.43,0.11531865386416973,2005-2009→2009-2013
3422,Åmot,2009-2013,2009,2013,Innlandet,Innlandet,5,638,False,2328.0,44.33,41.19,-3.14,19.63,16.77,-2.86,9.62,18.36,8.74,0.95,1.3,0.35,12.33,11.11,-1.22,7.52,4.07,-3.45,1.93,1.91,-0.02,0.52,1.59,1.07,0.73,0.77,0.04,2.45,2.93,0.48,-4.08,46.06,-10.64,4280.0,8.3617,2.5,-0.0456,41.1215,-14.2523,17.9673,17.5701,-1.1449,18.33,328000.0,5.3181,4.5726,45.9742,0,0.11,1.66,2.89,-0.22676998916078528,2005-2009→2009-2013
3423,Stor-Elvdal,2009-2013,2009,2013,Innlandet,Innlandet,6,538,False,1583.0,46.87,44.51,-2.36,17.25,14.6,-2.65,7.77,14.47,6.7,1.07,0.84,-0.23,15.73,13.24,-2.49,6.51,3.88,-2.63,1.9,3.55,1.65,0.19,2.33,2.14,0.69,0.78,0.09,2.02,1.81,-0.21,-5.14,15.01,-5.85,2689.0,7.8969,-1.7851,-8.5526,6.6939,-23.4288,20.4909,16.8092,-0.6878,17.824,315000.0,10.2465,9.3991,40.678,0,0.87,0.64,0.67,-2.776517104761644,2005-2009→2009-2013
3424,Rendalen,2009-2013,2009,2013,Innlandet,Innlandet,6,486,False,1283.0,47.78,44.98,-2.8,10.37,8.93,-1.44,5.3,10.59,5.29,1.48,1.19,-0.29,24.79,25.45,0.66,6.16,4.74,-1.42,1.56,1.82,0.26,0.0,0.87,0.87,0.7,0.24,-0.46,1.87,1.19,-0.68,-0.78,32.13,2.88,2014.0,7.6079,-5.1639,-12.9047,-3.4757,-48.1629,22.3436,13.4062,0.536,16.0704,309000.0,15.5405,8.5907,35.2317,0,1.26,1.28,1.89,-1.550698733650681,2005-2009→2009-2013
3425,Engerdal,2009-2013,2009,2013,Innlandet,Innlandet,6,421,False,829.0,39.93,38.86,-1.07,16.89,10.72,-6.17,7.24,16.2,8.96,0.72,1.34,0.62,24.85,25.94,1.09,4.83,2.44,-2.39,3.14,2.44,-0.7,0.12,0.85,0.73,0.12,0.49,0.37,2.17,0.73,-1.44,-5.08,0.0,0.0,1436.0,7.2696,-4.1783,-8.9947,-12.5348,-27.1588,19.9861,13.8579,2.0343,13.9219,351000.0,12.5512,4.0928,35.3342,0,-1.23,-1.29,0.9,-3.02472792941893,2005-2009→2009-2013
3426,Tolga,2009-2013,2009,2013,Innlandet,Innlandet,5,567,False,994.0,29.07,30.83,1.76,7.04,3.55,-3.49,4.33,7.81,3.48,0.7,0.91,0.21,41.45,39.35,-2.1,11.47,9.03,-2.44,3.72,3.55,-0.17,0.6,2.64,2.04,1.11,1.72,0.61,0.5,0.61,0.11,-5.59,52.66,-11.1,1678.0,7.4254,0.1788,-6.4031,11.919,-10.1311,16.9249,15.8522,0.0888,22.5806,374000.0,22.8188,7.047,35.123,0,0.55,-0.46,1.73,-1.3568220297414562,2005-2009→2009-2013
3427,Tynset,2009-2013,2009,2013,Innlandet,Innlandet,5,647,False,3059.0,36.12,34.07,-2.05,10.46,7.85,-2.61,6.8,13.14,6.34,2.75,2.71,-0.04,28.15,27.06,-1.09,9.87,6.7,-3.17,3.14,3.46,0.32,0.36,2.24,1.88,0.62,1.09,0.47,1.73,1.68,-0.05,-3.7,36.02,-13.79,5400.0,8.5942,3.1481,2.7107,28.8889,3.1481,15.537,16.5926,0.1901,22.7,384000.0,10.9215,6.3823,34.7782,0,3.32,-1.33,1.2,-1.891523719457339,2005-2009→2009-2013
3428,Alvdal,2009-2013,2009,2013,Innlandet,Innlandet,5,573,False,1304.0,38.27,38.52,0.25,8.9,5.99,-2.91,5.83,8.33,2.5,5.9,3.58,-2.32,31.75,34.36,2.61,4.75,2.78,-1.97,3.6,3.95,0.35,0.15,1.68,1.53,0.31,0.15,-0.16,0.54,0.66,0.12,-0.3,39.19,-4.17,2399.0,7.7828,2.0842,1.1148,15.8399,5.4189,17.4656,17.0488,-0.5608,18.1723,386000.0,14.3836,14.3836,28.9954,0,2.8,1.43,0.9,-2.4505976749536544,2005-2009→2009-2013
3429,Folldal,2009-2013,2009,2013,Innlandet,Innlandet,6,492,False,1048.0,46.76,40.98,-5.78,9.45,7.14,-2.31,2.96,7.23,4.27,1.34,1.54,0.2,30.06,31.92,1.86,5.34,3.76,-1.58,1.34,2.12,0.78,0.1,1.64,1.54,1.24,1.93,0.69,1.43,1.74,0.31,-0.45,37.07,7.34,1671.0,7.4212,-1.0174,-6.2358,1.7953,-11.9689,19.5093,16.5171,0.8051,17.8232,358000.0,19.2009,7.5472,31.6315,0,2.49,1.81,-0.07,-3.5047752476096345,2005-2009→2009-2013
3430,Os,2009-2013,2009,2013,Innlandet,Innlandet,6,551,False,1150.0,38.09,38.7,0.61,7.39,4.11,-3.28,3.3,6.98,3.68,2.87,2.96,0.09,36.78,36.4,-0.38,8.61,6.41,-2.2,0.78,1.31,0.53,0.61,1.81,1.2,0.7,0.49,-0.21,0.87,0.82,-0.05,-3.66,48.17,15.07,2046.0,7.6236,-0.5376,-4.6392,0.4888,-9.2864,15.9335,15.2004,1.462,22.0859,390000.0,16.9131,13.0314,31.9778,0,3.7,-5.0,1.72,-1.5150403311171579,2005-2009→2009-2013
3431,Dovre,2009-2013,2009,2013,Innlandet,Innlandet,6,563,False,1542.0,43.64,42.59,-1.05,12.78,9.43,-3.35,8.56,12.48,3.92,2.79,2.21,-0.58,25.23,26.46,1.23,3.76,1.89,-1.87,1.49,2.08,0.59,0.52,1.69,1.17,0.39,0.26,-0.13,0.84,0.91,0.07,-2.12,57.32,-7.39,2772.0,7.9273,-1.6234,-5.411,-2.1645,-14.0693,19.3001,14.4661,0.5752,16.397,361000.0,12.5255,7.2839,31.2457,0,1.68,0.38,3.22,-0.11797528912793176,2005-2009→2009-2013
3432,Lesja,2009-2013,2009,2013,Innlandet,Innlandet,6,520,False,1232.0,32.71,27.49,-5.22,11.12,8.03,-3.09,8.77,12.0,3.23,3.17,2.68,-0.49,37.34,42.82,5.48,3.17,1.62,-1.55,2.52,2.35,-0.17,0.0,1.38,1.38,0.32,0.32,0.0,0.89,1.3,0.41,2.39,53.72,-16.98,2170.0,7.6825,-1.1521,-3.3348,-8.2949,-3.2258,17.4194,17.5576,1.6016,17.0068,370000.0,21.5063,6.0251,27.4477,0,2.67,-1.13,4.48,1.016213849611876,2005-2009→2009-2013
3433,Skjåk,2009-2013,2009,2013,Innlandet,Innlandet,6,550,False,1291.0,39.97,36.55,-3.42,13.79,9.57,-4.22,5.19,9.96,4.77,1.01,1.33,0.32,30.91,34.04,3.13,5.11,2.51,-2.6,1.55,1.96,0.41,0.15,1.8,1.65,0.93,0.63,-0.3,1.39,1.65,0.26,-1.09,47.39,-0.07,2307.0,7.7437,-1.2137,-5.0021,8.6693,-20.3728,18.8123,16.8184,0.8893,15.6316,345000.0,17.2809,12.8583,27.7641,0,3.76,-1.06,1.1,-2.2439044269813815,2005-2009→2009-2013
3434,Lom,2009-2013,2009,2013,Innlandet,Innlandet,6,547,False,1287.0,41.57,38.19,-3.38,11.19,7.77,-3.42,5.52,11.66,6.14,2.33,2.69,0.36,30.61,31.61,1.0,5.36,2.77,-2.59,2.02,2.32,0.3,0.54,1.64,1.1,0.31,0.37,0.06,0.54,0.97,0.43,-2.42,64.81,-32.17,2406.0,7.7857,-1.7456,-4.7158,-3.325,-14.1313,17.207,16.5004,0.9402,16.6243,370000.0,15.0986,7.6631,29.742,0,2.48,-0.22,2.42,-0.8462258313583835,2005-2009→2009-2013
3435,Vågå,2009-2013,2009,2013,Innlandet,Innlandet,5,610,False,2116.0,54.91,46.62,-8.29,12.52,8.34,-4.18,5.81,12.35,6.54,0.99,1.82,0.83,17.06,20.75,3.69,6.43,3.92,-2.51,1.04,1.59,0.55,0.09,2.47,2.38,0.47,0.75,0.28,0.66,1.4,0.74,-0.49,14.23,-0.06,3707.0,8.218,0.2428,-2.2363,8.9021,-6.4742,18.4786,16.4554,0.8164,14.4741,356000.0,12.5523,7.1653,28.9749,0,4.62,-3.12,2.19,-0.8785186555893398,2005-2009→2009-2013
3436,Nord-Fron,2009-2013,2009,2013,Innlandet,Innlandet,5,629,False,3227.0,49.49,45.52,-3.97,16.52,11.1,-5.42,8.77,15.97,7.2,2.08,2.69,0.61,16.36,18.54,2.18,3.69,1.9,-1.79,1.98,2.11,0.13,0.28,0.86,0.58,0.34,0.34,0.0,0.5,0.98,0.48,-3.24,27.47,1.82,5800.0,8.6656,0.4655,-1.0696,11.0345,-6.3793,16.3793,15.0,1.1941,15.7873,361000.0,8.5817,7.5336,27.9725,0,-0.12,-0.44,3.13,0.020432997804727737,2005-2009→2009-2013
3437,Sel,2009-2013,2009,2013,Innlandet,Innlandet,5,627,False,3288.0,53.59,50.68,-2.91,13.87,10.27,-3.6,8.76,13.73,4.97,1.73,2.34,0.61,12.74,12.58,-0.16,5.99,3.74,-2.25,1.4,2.31,0.91,0.33,2.34,2.01,0.52,0.61,0.09,1.06,1.4,0.34,-3.76,11.15,0.19,6015.0,8.702,-1.0474,-2.4582,-0.8313,-9.3101,17.6392,16.2594,0.9932,14.2421,367000.0,6.529,12.7915,29.7801,0,1.48,-0.44,3.58,0.4973322650803751,2005-2009→2009-2013
3438,Sør-Fron,2009-2013,2009,2013,Innlandet,Innlandet,5,615,False,1782.0,49.16,46.98,-2.18,14.48,10.45,-4.03,6.23,11.74,5.51,1.68,1.64,-0.04,22.05,23.15,1.1,3.37,1.3,-2.07,2.36,2.2,-0.16,0.11,1.07,0.96,0.22,0.45,0.23,0.34,1.02,0.68,-2.93,29.46,-0.16,3183.0,8.0656,0.3142,-4.2579,12.5668,-8.4826,18.6302,15.9598,-0.4029,14.5825,361000.0,11.1111,8.8523,28.9377,0,0.23,-0.53,2.1,-0.9372877588417068,2005-2009→2009-2013
3439,Ringebu,2009-2013,2009,2013,Innlandet,Innlandet,5,647,False,2403.0,45.9,40.78,-5.12,14.15,10.12,-4.03,8.82,12.82,4.0,2.5,2.93,0.43,21.18,24.87,3.69,3.79,2.41,-1.38,2.29,3.21,0.92,0.21,1.29,1.08,0.42,0.36,-0.06,0.75,1.21,0.46,-0.34,32.81,-8.08,4537.0,8.42,-0.9037,-3.1869,7.0531,-16.0899,18.4924,16.641,0.4355,15.2058,350000.0,11.9763,10.8337,28.1845,0,1.11,-0.37,3.7,0.7435516213704587,2005-2009→2009-2013
3440,Øyer,2009-2013,2009,2013,Innlandet,Innlandet,4,698,False,2656.0,44.95,41.98,-2.97,13.93,9.29,-4.64,11.14,16.51,5.37,3.8,3.72,-0.08,16.72,19.33,2.61,5.91,2.32,-3.59,2.48,3.36,0.88,0.15,1.93,1.78,0.3,0.46,0.16,0.6,1.11,0.51,-2.03,29.03,-7.61,4917.0,8.5005,3.7625,4.314,39.455,-1.4236,14.7244,17.2056,0.5441,19.1602,399000.0,6.934,9.2579,30.4348,0,3.25,-3.08,4.59,1.6332968162574253,2005-2009→2009-2013
3441,Gausdal,2009-2013,2009,2013,Innlandet,Innlandet,4,673,False,3346.0,47.88,44.82,-3.06,13.96,10.55,-3.41,6.34,11.13,4.79,2.42,2.29,-0.13,21.16,21.85,0.69,4.3,1.78,-2.52,2.36,3.53,1.17,0.51,2.24,1.73,0.42,0.52,0.1,0.66,1.29,0.63,-2.72,23.68,-4.24,6091.0,8.7146,0.8209,-0.7756,15.9251,-7.7163,17.3206,15.7281,0.95,14.7873,374000.0,11.3784,9.6824,30.5273,0,2.55,-1.85,2.02,-0.8446703667795252,2005-2009→2009-2013
3442,Østre Toten,2009-2013,2009,2013,Innlandet,Innlandet,4,747,False,8300.0,46.58,40.96,-5.62,16.51,12.77,-3.74,9.87,18.2,8.33,3.6,3.89,0.29,14.16,11.45,-2.71,3.57,2.04,-1.53,3.07,4.62,1.55,0.29,2.14,1.85,0.41,0.79,0.38,1.95,3.15,1.2,-6.45,30.9,-5.9,14464.0,9.5794,2.0879,0.7987,28.1388,-7.3285,16.503,15.9845,0.5429,18.6149,382000.0,6.3821,14.5304,34.0915,0,1.15,1.57,2.83,0.021552224930464714,2005-2009→2009-2013
3443,Vestre Toten,2009-2013,2009,2013,Innlandet,Innlandet,3,789,False,7257.0,51.16,44.01,-7.15,19.26,15.17,-4.09,9.66,19.21,9.55,3.28,3.53,0.25,8.56,7.78,-0.78,3.83,2.34,-1.49,2.15,3.7,1.55,0.36,1.73,1.37,0.65,0.95,0.3,1.09,1.58,0.49,-4.87,11.56,0.61,12714.0,9.4505,2.2416,2.9461,24.7758,-2.7529,14.6767,16.9813,1.286,17.2775,385000.0,4.0965,25.1971,32.7098,0,2.85,0.37,2.03,-0.5213220601806765,2005-2009→2009-2013
3446,Gran,2009-2013,2009,2013,Innlandet,Innlandet,3,801,False,7661.0,40.52,36.28,-4.24,22.79,18.16,-4.63,13.86,21.81,7.95,2.61,2.61,0.0,11.79,10.48,-1.31,4.31,2.41,-1.9,2.68,3.55,0.87,0.27,2.48,2.21,0.43,0.73,0.3,0.74,1.5,0.76,-5.94,10.24,1.84,13217.0,9.4893,2.5195,3.5537,30.945,-5.3719,15.6541,16.5847,0.5304,17.1945,392000.0,4.7508,8.0297,36.0391,0,0.42,-0.29,4.37,1.637698861489266,2005-2009→2009-2013
3447,Søndre Land,2009-2013,2009,2013,Innlandet,Innlandet,4,692,False,3185.0,52.94,48.0,-4.94,19.18,14.83,-4.35,7.32,15.59,8.27,2.23,2.47,0.24,8.98,8.71,-0.27,5.65,4.25,-1.4,1.98,2.44,0.46,0.38,2.19,1.81,0.69,0.63,-0.06,0.66,0.89,0.23,-4.62,8.15,-8.15,5797.0,8.6651,-1.6215,-6.9202,4.6576,-20.1829,16.8708,14.9905,0.1904,15.5289,343000.0,5.681,11.6533,41.697,0,0.1,0.61,2.54,-0.2324999617071457,2005-2009→2009-2013
3448,Nordre Land,2009-2013,2009,2013,Innlandet,Innlandet,4,695,False,3742.0,52.97,48.16,-4.81,16.06,13.02,-3.04,7.62,14.44,6.82,2.65,3.05,0.4,12.88,12.65,-0.23,4.65,3.07,-1.58,1.92,2.54,0.62,0.16,1.1,0.94,0.43,0.64,0.21,0.67,1.34,0.67,-3.27,13.41,2.11,6680.0,8.8069,1.1677,-1.7447,29.491,-17.6647,17.9042,15.509,0.1929,13.8556,345000.0,8.4039,13.5732,32.5877,0,1.11,1.67,2.44,-0.3429690872253568,2005-2009→2009-2013
3449,Sør-Aurdal,2009-2013,2009,2013,Innlandet,Innlandet,5,581,False,1820.0,39.95,40.01,0.06,21.37,13.43,-7.94,8.68,16.65,7.97,4.89,4.72,-0.17,18.68,17.98,-0.7,2.36,1.44,-0.92,2.91,2.66,-0.25,0.33,1.83,1.5,0.22,0.28,0.06,0.6,1.0,0.4,-8.64,30.07,4.45,3204.0,8.0722,-1.779,-5.3818,1.8727,-19.0387,18.7578,15.6055,0.6575,16.0078,343000.0,10.5459,8.4988,33.4367,0,-0.84,-0.26,3.12,-0.12872228439919065,2005-2009→2009-2013
3450,Etnedal,2009-2013,2009,2013,Innlandet,Innlandet,5,587,False,825.0,34.42,36.24,1.82,18.18,11.41,-6.77,8.73,14.63,5.9,5.45,4.7,-0.75,23.39,24.83,1.44,5.09,1.61,-3.48,3.88,3.76,-0.12,0.0,1.48,1.48,0.24,0.67,0.43,0.61,0.67,0.06,-5.33,39.18,-2.68,1380.0,7.2298,1.3768,-1.9622,42.029,-28.2609,21.5942,13.0435,-0.7936,15.4052,312000.0,15.0442,5.6047,31.2684,0,1.09,-0.64,3.05,-0.26494053272405527,2005-2009→2009-2013
3451,Nord-Aurdal,2009-2013,2009,2013,Innlandet,Innlandet,4,686,False,3550.0,39.63,37.22,-2.41,23.35,16.29,-7.06,10.79,21.18,10.39,3.15,3.08,-0.07,13.61,13.18,-0.43,3.44,2.25,-1.19,4.9,3.3,-1.6,0.25,1.69,1.44,0.31,0.42,0.11,0.56,1.39,0.83,-7.49,18.39,-3.97,6451.0,8.772,-0.8526,-2.6039,-1.7052,-6.3556,15.362,17.8267,0.8044,18.8729,359000.0,6.2412,5.3978,29.9691,0,-0.7,0.16,2.61,-0.43697782147764475,2005-2009→2009-2013
3452,Vestre Slidre,2009-2013,2009,2013,Innlandet,Innlandet,5,583,False,1195.0,33.72,32.02,-1.7,21.51,14.03,-7.48,7.53,16.9,9.37,2.26,2.79,0.53,21.76,25.66,3.9,3.43,1.86,-1.57,8.87,3.8,-5.07,0.17,1.63,1.46,0.0,0.23,0.23,0.75,1.09,0.34,-3.58,28.88,-0.07,2194.0,7.6935,1.1395,-2.7607,12.7621,-1.8232,17.2288,15.5424,-0.149,17.0379,351000.0,15.5058,9.2869,28.0265,0,2.79,-2.56,3.5,0.2957205882572014,2005-2009→2009-2013
3453,Øystre Slidre,2009-2013,2009,2013,Innlandet,Innlandet,5,602,False,1715.0,32.01,32.27,0.26,20.29,11.09,-9.2,10.9,19.99,9.09,2.22,2.31,0.09,21.75,22.89,1.14,4.72,2.73,-1.99,6.12,3.74,-2.38,0.58,3.38,2.8,0.99,0.3,-0.69,0.41,1.3,0.89,-8.06,30.7,-7.25,3181.0,8.065,0.503,3.4963,2.8293,2.8293,14.6495,18.139,2.2101,18.8445,369000.0,8.8057,5.2834,29.9395,0,2.53,-0.56,4.18,0.7534896083355069,2005-2009→2009-2013
3454,Vang,2009-2013,2009,2013,Innlandet,Innlandet,6,541,False,860.0,24.88,30.26,5.38,17.91,8.68,-9.23,9.65,19.8,10.15,2.79,2.45,-0.34,36.05,29.92,-6.13,3.95,2.34,-1.61,3.14,1.89,-1.25,0.23,3.45,3.22,0.81,0.67,-0.14,0.58,0.56,-0.02,-15.36,46.51,-16.54,1583.0,7.3671,0.8844,-2.3839,22.7416,-13.266,16.5509,17.6248,0.7316,17.8681,369000.0,15.2348,6.3001,35.2806,0,-1.57,5.12,4.51,1.05866608155972,2005-2009→2009-2013
3901,Horten,2009-2013,2009,2013,Vestfold,Østlandet,2,874,False,14478.0,39.25,33.78,-5.47,24.26,16.98,-7.28,17.94,28.91,10.97,3.4,3.57,0.17,1.75,1.61,-0.14,8.28,4.85,-3.43,2.67,4.79,2.12,0.37,3.01,2.64,1.11,1.06,-0.05,0.97,1.45,0.48,-7.42,2.54,0.06,25471.0,10.1453,4.4129,8.2991,36.5906,7.1061,13.8942,18.0676,0.9619,25.166,384000.0,0.9677,19.5457,33.9012,0,3.07,-0.49,3.76,0.9919303789382563,2005-2009→2009-2013
3903,Holmestrand,2009-2013,2009,2013,Vestfold,Østlandet,3,837,False,12170.0,38.74,33.11,-5.63,25.79,19.8,-5.99,16.29,26.2,9.91,3.49,4.11,0.62,6.1,5.64,-0.46,5.48,3.42,-2.06,2.56,4.06,1.5,0.25,1.83,1.58,0.53,0.6,0.07,0.76,1.22,0.46,-6.45,8.93,0.39,21236.0,9.9635,4.7514,10.7819,42.5692,4.7561,13.2511,17.6069,0.9858,20.1539,409307.3424,2.9629,13.5684,30.8012,1,2.87,0.34,3.41,0.5339031452938761,2005-2009→2009-2013
3905,Tønsberg,2009-2013,2009,2013,Vestfold,Østlandet,2,879,False,27464.0,31.77,28.36,-3.41,26.31,17.01,-9.3,19.06,30.47,11.41,5.64,5.89,0.25,4.4,4.02,-0.38,7.53,4.48,-3.05,3.49,5.15,1.66,0.36,2.59,2.23,0.56,0.63,0.07,0.88,1.39,0.51,-9.68,8.61,0.2,47441.0,10.7672,5.8852,14.7737,48.2283,10.434,13.6886,20.4549,0.3162,27.4107,374608.2318,2.2686,11.161,34.3039,1,4.76,-0.16,4.18,1.3205496414092135,2005-2009→2009-2013
3907,Sandefjord,2009-2013,2009,2013,Vestfold,Østlandet,3,861,False,32761.0,30.55,27.4,-3.15,28.49,20.31,-8.18,22.29,31.93,9.64,4.89,4.91,0.02,2.67,2.51,-0.16,5.83,3.54,-2.29,3.02,4.51,1.49,0.45,2.01,1.56,0.53,0.6,0.07,1.28,2.29,1.01,-8.34,3.61,-0.43,58761.0,10.9812,4.7855,10.7827,40.3669,8.0155,13.3847,18.9003,0.6815,21.9376,379486.4638,1.9482,12.667,28.3132,1,2.88,-0.54,5.23,2.182519617085449,2005-2009→2009-2013
3909,Larvik,2009-2013,2009,2013,Vestfold,Østlandet,3,842,False,25786.0,36.05,31.08,-4.97,28.04,23.21,-4.83,17.06,26.28,9.22,5.61,5.61,0.0,3.43,3.02,-0.41,5.56,2.86,-2.7,2.63,3.66,1.03,0.28,2.26,1.98,0.55,0.6,0.05,0.8,1.42,0.62,-5.24,5.04,-0.67,44503.0,10.7033,2.3909,5.2769,21.6165,1.91,15.0507,18.0932,0.4584,20.9284,380732.9617,2.6761,11.7517,29.7031,1,2.41,-0.61,3.39,0.5750795241130966,2005-2009→2009-2013
3911,Færder,2009-2013,2009,2013,Vestfold,Østlandet,3,846,False,14918.0,29.88,26.72,-3.16,27.52,17.45,-10.07,23.94,35.22,11.28,3.72,4.07,0.35,1.27,1.14,-0.13,7.7,4.58,-3.12,3.7,5.07,1.37,0.56,3.71,3.15,0.95,0.83,-0.12,0.77,1.21,0.44,-10.2,1.16,-0.2,25263.0,10.1371,2.7788,6.1182,29.4502,-1.9396,14.7013,16.0947,0.8812,29.3691,411985.039,1.2169,9.0681,36.5785,1,5.65,-0.29,5.85,2.7820481004416098,2005-2009→2009-2013
4001,Porsgrunn,2009-2013,2009,2013,Telemark,Østlandet,3,855,False,19605.0,43.49,37.35,-6.14,24.04,19.68,-4.36,15.76,24.87,9.11,4.83,5.12,0.29,1.66,1.09,-0.57,5.38,3.59,-1.79,2.62,3.68,1.06,0.29,2.34,2.05,1.13,1.07,-0.06,0.79,1.21,0.42,-4.93,1.64,-0.67,34377.0,10.4451,2.9526,6.5896,29.9037,-0.2327,14.2421,18.8294,0.7331,22.1373,383000.0,0.6321,15.733,30.8629,0,2.11,-0.5,4.61,1.9794753508656728,2005-2009→2009-2013
4003,Skien,2009-2013,2009,2013,Telemark,Østlandet,3,849,False,28267.0,41.72,35.77,-5.95,24.63,20.67,-3.96,14.23,23.5,9.27,7.2,7.2,0.0,2.45,1.86,-0.59,5.42,3.26,-2.16,2.41,3.42,1.01,0.22,2.02,1.8,0.89,0.68,-0.21,0.83,1.62,0.79,-4.55,2.69,-0.22,51359.0,10.8466,3.2244,5.4563,27.1617,5.2376,13.832,18.8886,0.6639,21.9423,372000.0,1.1971,11.9212,34.7171,0,2.1,-0.65,3.55,0.955515472337912,2005-2009→2009-2013
4005,Notodden,2009-2013,2009,2013,Telemark,Østlandet,4,774,False,6975.0,45.78,41.44,-4.34,19.07,16.08,-2.99,10.52,18.21,7.69,7.94,7.56,-0.38,5.08,4.32,-0.76,4.79,2.88,-1.91,1.89,3.58,1.69,0.36,2.29,1.93,3.7,1.41,-2.29,0.87,2.23,1.36,-3.75,6.61,-0.72,12313.0,9.4184,1.4944,0.766,22.4965,-7.9591,17.5262,18.4764,0.062,20.8044,356000.0,2.3344,13.4437,37.3179,0,2.39,-3.37,3.59,0.9452528527902744,2005-2009→2009-2013
4010,Siljan,2009-2013,2009,2013,Telemark,Østlandet,4,739,False,1390.0,43.45,39.32,-4.13,21.01,18.8,-2.21,10.43,18.11,7.68,7.19,6.98,-0.21,7.12,6.29,-0.83,5.11,3.8,-1.31,3.6,2.42,-1.18,0.29,1.52,1.23,0.43,0.41,-0.02,1.37,2.35,0.98,-3.04,12.49,-3.31,2404.0,7.7849,0.9151,3.5425,-2.4958,11.2313,12.0632,18.5108,2.0341,19.4077,454000.0,4.072,11.9812,31.8716,0,4.06,-0.94,3.41,0.5124520177284326,2005-2009→2009-2013
4012,Bamble,2009-2013,2009,2013,Telemark,Østlandet,3,786,False,8112.0,39.56,34.62,-4.94,30.36,25.17,-5.19,14.26,23.27,9.01,6.05,6.47,0.42,2.58,2.14,-0.44,3.43,1.91,-1.52,2.07,2.62,0.55,0.16,1.31,1.15,0.92,0.9,-0.02,0.6,1.6,1.0,-5.63,4.65,-0.57,14097.0,9.5537,0.227,-0.2893,-1.3478,3.1212,11.9529,17.5427,2.3652,19.0991,437000.0,1.552,18.4144,27.4329,0,1.96,-0.71,3.55,0.7621458310516878,2005-2009→2009-2013
4014,Kragerø,2009-2013,2009,2013,Telemark,Østlandet,4,755,False,6160.0,42.71,38.42,-4.29,21.66,17.97,-3.69,13.44,20.76,7.32,6.48,7.04,0.56,2.91,2.04,-0.87,6.17,3.6,-2.57,3.49,3.87,0.38,0.31,2.71,2.4,1.98,2.03,0.05,0.86,1.57,0.71,-4.56,3.36,-0.79,10620.0,9.2705,0.7533,1.3354,16.6667,-8.7571,14.9623,17.3635,1.3274,19.1679,367000.0,1.6619,14.4476,31.0104,0,3.2,-1.3,3.51,0.6351162380820461,2005-2009→2009-2013
4016,Drangedal,2009-2013,2009,2013,Telemark,Østlandet,5,645,False,2359.0,44.85,41.72,-3.13,18.65,14.7,-3.95,8.65,15.46,6.81,8.61,8.4,-0.21,11.02,9.21,-1.81,3.73,3.12,-0.61,3.05,3.12,0.07,0.13,1.56,1.43,0.72,0.34,-0.38,0.59,2.36,1.77,-5.76,12.17,-0.28,4138.0,8.328,0.0242,-1.0755,7.9749,-8.6999,16.9406,16.6747,0.8898,13.5824,359000.0,6.196,9.2433,30.4723,0,2.6,0.02,3.7,0.6492511221213526,2005-2009→2009-2013
4018,Nome,2009-2013,2009,2013,Telemark,Østlandet,4,709,False,3726.0,40.15,39.56,-0.59,22.57,18.02,-4.55,11.78,18.72,6.94,5.58,6.01,0.43,11.97,7.98,-3.99,4.43,2.8,-1.63,1.91,3.31,1.4,0.32,1.63,1.31,0.83,0.41,-0.42,0.46,1.55,1.09,-8.54,29.44,-9.08,6557.0,8.7883,1.0371,0.6992,13.7258,-4.8803,16.1964,16.1507,0.8904,18.537,368000.0,4.5681,15.5065,37.8496,0,0.67,0.01,3.8,0.8604772225783122,2005-2009→2009-2013
4020,Midt-Telemark,2009-2013,2009,2013,Telemark,Østlandet,4,731,False,5455.0,36.44,33.56,-2.88,19.74,15.12,-4.62,10.93,17.8,6.87,7.15,8.44,1.29,12.63,9.79,-2.84,7.42,3.98,-3.44,3.63,5.69,2.06,0.38,3.38,3.0,1.15,0.77,-0.38,0.51,1.48,0.97,-7.46,13.32,-2.08,9792.0,9.1893,3.7582,6.0211,30.2288,6.9444,14.6957,20.2104,0.7965,24.8545,362025.1774,5.2513,9.6445,36.2485,1,3.13,-2.36,3.36,0.4275842554576177,2005-2009→2009-2013
4022,Seljord,2009-2013,2009,2013,Telemark,Østlandet,5,650,False,1645.0,33.07,29.46,-3.61,20.67,15.75,-4.92,13.13,22.81,9.68,9.0,7.23,-1.77,13.19,12.02,-1.17,5.9,2.86,-3.04,3.16,3.15,-0.01,0.3,3.33,3.03,1.16,0.7,-0.46,0.43,2.68,2.25,-6.09,13.17,-3.29,2925.0,7.981,0.6838,0.8216,5.812,1.0256,16.9915,18.5983,1.107,19.8176,361000.0,7.0431,6.3452,30.1396,0,6.13,-3.42,4.21,0.9792533237586079,2005-2009→2009-2013
4024,Hjartdal,2009-2013,2009,2013,Telemark,Østlandet,5,599,False,940.0,39.15,39.04,-0.11,17.13,12.41,-4.72,6.7,12.09,5.39,11.49,11.23,-0.26,17.77,18.82,1.05,3.09,1.6,-1.49,2.87,1.71,-1.16,0.21,1.71,1.5,0.85,0.21,-0.64,0.74,1.18,0.44,-3.67,35.73,-16.24,1613.0,7.3859,-0.248,-0.4332,17.359,-19.2188,18.8469,16.119,0.5441,17.0068,379000.0,11.8881,6.993,32.634,0,6.61,-12.9,2.14,-1.0038713786488893,2005-2009→2009-2013
4026,Tinn,2009-2013,2009,2013,Telemark,Østlandet,5,595,False,3363.0,45.35,37.84,-7.51,20.28,16.82,-3.46,11.42,22.76,11.34,2.82,3.13,0.31,9.72,9.47,-0.25,6.69,3.36,-3.33,1.9,2.89,0.99,0.27,2.24,1.97,0.54,0.91,0.37,1.01,0.56,-0.45,-3.71,8.61,2.04,6010.0,8.7012,-0.6156,-5.9962,7.3211,-13.4775,17.3211,15.7404,0.5928,16.4442,346000.0,3.0659,12.6549,34.214,0,-0.25,-3.53,4.45,1.220115309134708,2005-2009→2009-2013
4028,Kviteseid,2009-2013,2009,2013,Telemark,Østlandet,5,601,False,1393.0,34.82,32.59,-2.23,16.44,14.8,-1.64,9.76,16.3,6.54,12.06,11.51,-0.55,17.44,15.15,-2.29,4.31,2.93,-1.38,3.09,2.93,-0.16,0.14,1.93,1.79,1.22,0.57,-0.65,0.72,1.29,0.57,-3.93,38.41,-5.55,2546.0,7.8423,-1.5318,-5.289,-4.7133,-10.6049,17.989,16.3786,0.3596,20.2645,357000.0,6.3814,6.6715,30.5294,0,2.98,-3.98,3.66,0.4287009162211244,2005-2009→2009-2013
4030,Nissedal,2009-2013,2009,2013,Telemark,Østlandet,6,543,False,851.0,35.02,32.56,-2.46,21.39,17.15,-4.24,9.75,14.59,4.84,17.86,17.15,-0.71,9.87,11.79,1.92,3.29,0.93,-2.36,1.76,2.1,0.34,0.24,1.87,1.63,0.24,0.23,-0.01,0.59,1.63,1.04,-2.32,22.08,6.11,1393.0,7.2392,2.6561,-1.0381,19.3826,5.743,14.7164,17.1572,0.6682,18.2214,380000.0,9.8013,7.8146,31.5232,0,2.13,-1.37,3.41,-0.06483269382945744,2005-2009→2009-2013
4032,Fyresdal,2009-2013,2009,2013,Telemark,Østlandet,6,491,False,707.0,41.87,39.44,-2.43,15.28,10.21,-5.07,7.36,18.74,11.38,4.95,3.5,-1.45,23.9,19.86,-4.04,3.25,2.1,-1.15,1.7,3.22,1.52,0.0,2.1,2.1,0.71,0.28,-0.43,0.99,0.56,-0.43,-9.11,38.54,-14.99,1379.0,7.2291,-2.103,3.0534,-7.2516,-14.5033,15.1559,14.9384,0.8441,21.3761,369000.0,9.4053,14.6611,35.823,0,1.76,3.06,4.06,0.3817651410022127,2005-2009→2009-2013
4034,Tokke,2009-2013,2009,2013,Telemark,Østlandet,6,533,False,1398.0,41.13,41.52,0.39,14.45,11.59,-2.86,7.73,13.26,5.53,6.58,7.25,0.67,22.89,17.75,-5.14,4.29,3.33,-0.96,1.14,2.1,0.96,0.14,1.45,1.31,1.07,0.58,-0.49,0.57,1.16,0.59,-8.0,42.2,-11.42,2363.0,7.7677,-3.3432,-6.9275,-17.3508,-16.5044,17.6894,16.4198,0.6118,18.961,367000.0,6.1502,10.623,34.0256,0,2.79,0.4,2.42,-1.0001473159389174,2005-2009→2009-2013
4036,Vinje,2009-2013,2009,2013,Telemark,Østlandet,6,550,False,1987.0,35.48,31.76,-3.72,17.61,13.19,-4.42,7.4,16.56,9.16,5.74,5.61,-0.13,20.28,18.85,-1.43,9.56,6.78,-2.78,2.26,3.13,0.87,0.2,2.57,2.37,0.91,0.89,-0.02,0.55,0.65,0.1,-5.85,19.27,1.81,3662.0,8.2058,1.6111,-2.3872,16.1114,0.0,15.101,17.941,1.2655,20.2442,382000.0,6.8281,7.4092,33.5109,0,5.88,-3.46,2.27,-1.0869830809792065,2005-2009→2009-2013
4201,Risør,2009-2013,2009,2013,Agder,Agder,4,709,False,3999.0,37.96,35.46,-2.5,22.23,16.41,-5.82,14.63,24.38,9.75,8.05,6.86,-1.19,3.48,3.14,-0.34,6.58,2.97,-3.61,4.23,5.63,1.4,0.23,2.36,2.13,1.83,1.03,-0.8,0.8,1.76,0.96,-6.16,4.58,-1.99,6889.0,8.8377,-0.5952,-2.0034,9.7256,-16.403,16.0981,17.3465,0.403,21.0693,358000.0,2.2399,15.8267,34.4238,0,3.98,-1.39,2.19,-0.9983734381829308,2005-2009→2009-2013
4202,Grimstad,2009-2013,2009,2013,Agder,Agder,3,809,False,10778.0,26.6,21.87,-4.73,27.9,19.13,-8.77,17.98,27.81,9.83,14.59,14.85,0.26,3.26,3.24,-0.02,3.75,2.45,-1.3,4.54,5.95,1.41,0.24,1.92,1.68,0.41,0.46,0.05,0.74,2.32,1.58,-8.79,6.14,-1.72,20111.0,9.909,7.3741,16.416,51.4644,21.978,11.3122,20.357,0.9829,26.612,407000.0,2.6824,10.2663,32.1598,0,4.39,-0.66,4.63,1.5147368830607606,2005-2009→2009-2013
4203,Arendal,2009-2013,2009,2013,Agder,Agder,3,805,False,23022.0,36.6,31.29,-5.31,27.0,19.16,-7.84,16.02,25.44,9.42,8.15,8.41,0.26,2.53,2.49,-0.04,4.47,3.0,-1.47,3.28,4.96,1.68,0.18,2.11,1.93,0.64,0.62,-0.02,1.13,2.53,1.4,-7.88,4.51,-1.5,41241.0,10.6272,5.0799,9.7058,40.0572,10.5478,13.1447,19.4952,0.5875,24.9427,391000.0,1.1239,12.2419,34.1019,0,3.94,-0.41,2.46,-0.5080366600869239,2005-2009→2009-2013
4204,Kristiansand,2009-2013,2009,2013,Agder,Agder,3,832,False,52627.0,27.85,24.52,-3.33,24.83,16.53,-8.3,19.92,29.5,9.58,14.2,12.66,-1.54,1.8,1.44,-0.36,4.9,3.12,-1.78,3.39,5.16,1.77,0.46,2.83,2.37,0.59,0.56,-0.03,2.06,3.69,1.63,-8.66,2.96,-0.66,96330.0,11.4755,5.5964,13.6878,33.6551,22.4541,11.8634,21.7492,0.3406,28.0883,395778.5312,0.8434,12.741,32.6245,1,2.8,-0.68,2.81,-0.3890003727939684,2005-2009→2009-2013
4205,Lindesnes,2009-2013,2009,2013,Agder,Agder,4,733,False,11800.0,25.68,23.27,-2.41,30.45,21.35,-9.1,16.78,26.8,10.02,13.07,11.05,-2.02,5.47,4.3,-1.17,3.46,2.42,-1.04,3.63,4.25,0.62,0.25,2.16,1.91,0.38,0.37,-0.01,0.83,4.03,3.2,-10.27,6.56,-1.67,21386.0,9.9705,4.3907,9.7969,31.0483,12.9524,13.4527,19.293,0.2315,21.3196,395068.2048,4.268,17.2025,30.7334,1,2.17,-0.75,2.75,-0.5991005303615573,2005-2009→2009-2013
4206,Farsund,2009-2013,2009,2013,Agder,Agder,4,686,False,5255.0,23.33,22.4,-0.93,39.85,23.55,-16.3,14.79,26.47,11.68,11.67,12.55,0.88,3.96,3.9,-0.06,3.22,2.56,-0.66,1.75,3.56,1.81,0.15,1.35,1.2,0.25,0.17,-0.08,1.05,3.5,2.45,-16.36,4.45,-0.99,9427.0,9.1513,0.1485,-1.4304,-2.1216,3.0763,14.4266,17.4817,1.4191,18.6832,405000.0,3.815,19.5865,28.9642,0,3.39,-0.68,3.27,0.017233637484875608,2005-2009→2009-2013
4207,Flekkefjord,2009-2013,2009,2013,Agder,Agder,4,689,False,4945.0,25.4,22.54,-2.86,29.77,21.32,-8.45,16.6,27.9,11.3,13.73,13.31,-0.42,5.64,4.25,-1.39,2.77,2.32,-0.45,4.65,3.84,-0.81,0.16,1.34,1.18,0.34,0.59,0.25,0.93,2.58,1.65,-9.84,8.9,-1.37,8975.0,9.1022,0.9471,2.1305,2.117,7.0195,15.5877,17.8607,0.8913,20.856,413000.0,3.4446,16.7922,34.747,0,1.8,0.1,2.67,-0.7433418433596475,2005-2009→2009-2013
4211,Gjerstad,2009-2013,2009,2013,Agder,Agder,5,661,False,1368.0,36.84,32.37,-4.47,22.59,18.34,-4.25,11.55,21.02,9.47,8.92,8.6,-0.32,10.09,9.52,-0.57,5.41,2.05,-3.36,3.0,3.95,0.95,0.37,1.13,0.76,0.44,0.56,0.12,0.8,2.47,1.67,-4.82,15.79,7.55,2496.0,7.8224,-0.4808,-1.0753,4.4071,-9.2147,14.3429,18.3494,0.9147,12.9096,374000.0,3.5743,21.6897,25.9139,0,1.5,1.06,0.22,-3.1051206534141156,2005-2009→2009-2013
4212,Vegårshei,2009-2013,2009,2013,Agder,Agder,5,653,False,1163.0,36.97,31.55,-5.42,17.88,11.94,-5.94,13.67,20.03,6.36,19.6,19.53,-0.07,8.17,10.43,2.26,1.12,0.58,-0.54,1.98,2.34,0.36,0.0,1.34,1.34,0.09,0.25,0.16,0.52,2.0,1.48,-3.68,10.8,6.68,1881.0,7.5396,5.5821,7.9348,46.7836,9.0377,15.4705,17.9692,-0.7676,18.4228,406000.0,4.9947,13.6026,35.3879,0,2.6,0.02,4.46,1.1373537688932203,2005-2009→2009-2013
4213,Tvedestrand,2009-2013,2009,2013,Agder,Agder,4,729,False,3374.0,32.04,28.0,-4.04,24.39,17.45,-6.94,19.74,27.25,7.51,7.79,9.23,1.44,5.04,5.54,0.5,5.25,2.91,-2.34,3.44,4.76,1.32,0.59,2.51,1.92,0.77,0.43,-0.34,0.95,1.93,0.98,-6.44,14.84,-4.25,5939.0,8.6893,2.1047,2.467,20.8789,-0.5051,15.1372,17.6292,0.8093,20.7194,378000.0,2.5947,15.3636,31.5466,0,3.88,-0.29,7.71,4.597018534161219,2005-2009→2009-2013
4214,Froland,2009-2013,2009,2013,Agder,Agder,4,726,False,2585.0,31.22,29.2,-2.02,31.41,21.97,-9.44,8.32,16.57,8.25,14.27,14.91,0.64,8.7,8.13,-0.57,2.51,1.56,-0.95,2.32,1.97,-0.35,0.04,1.21,1.17,0.43,0.28,-0.15,0.77,4.19,3.42,-10.01,38.17,-7.52,4896.0,8.4962,10.8047,15.2294,78.8399,29.0033,10.335,20.5474,0.6328,14.8227,442000.0,4.0313,10.8415,29.2759,0,2.2,0.17,2.38,-0.5619079614937648,2005-2009→2009-2013
4215,Lillesand,2009-2013,2009,2013,Agder,Agder,3,788,False,5407.0,26.17,21.99,-4.18,25.97,14.06,-11.91,22.9,38.08,15.18,10.21,9.41,-0.8,2.55,1.98,-0.57,5.77,3.3,-2.47,4.62,6.25,1.63,0.5,2.34,1.84,0.65,0.43,-0.22,0.67,2.17,1.5,-12.48,4.21,-1.47,9329.0,9.1409,7.5356,11.69,54.1323,21.0098,12.295,18.3621,0.9227,26.6848,458000.0,1.1787,12.531,31.617,0,2.64,-1.49,5.42,2.132691228501364,2005-2009→2009-2013
4216,Birkenes,2009-2013,2009,2013,Agder,Agder,4,705,False,2485.0,24.06,19.2,-4.86,26.8,16.52,-10.28,17.63,29.11,11.48,17.95,18.5,0.55,7.28,7.85,0.57,2.9,1.2,-1.7,2.01,2.84,0.83,0.16,1.9,1.74,0.28,0.31,0.03,0.93,2.57,1.64,-9.71,11.56,-1.18,4608.0,8.4355,7.1181,13.6542,42.7517,28.4288,11.1111,20.5078,1.085,19.5067,431000.0,4.6128,19.7207,28.3538,0,1.55,-1.2,4.18,0.7021303525167064,2005-2009→2009-2013
4217,Åmli,2009-2013,2009,2013,Agder,Agder,5,591,False,1031.0,39.67,37.78,-1.89,19.3,14.23,-5.07,9.31,12.37,3.06,9.21,9.32,0.11,13.58,15.31,1.73,5.82,2.75,-3.07,1.55,3.14,1.59,0.1,0.49,0.39,0.78,1.18,0.4,0.68,3.43,2.75,-3.34,40.29,-15.62,1855.0,7.5256,-2.1563,-0.8197,2.1563,-24.2588,15.5795,16.9272,0.3434,18.3838,359000.0,8.2682,13.743,34.7486,0,0.96,-2.64,3.71,0.396236364527907,2005-2009→2009-2013
4218,Iveland,2009-2013,2009,2013,Agder,Agder,5,624,False,694.0,19.88,19.02,-0.86,29.39,21.14,-8.25,12.1,17.97,5.87,23.34,20.08,-3.26,10.66,11.49,0.83,1.3,1.19,-0.11,2.02,2.25,0.23,0.0,1.19,1.19,0.86,1.19,0.33,0.43,4.49,4.06,-7.42,24.88,8.7,1224.0,7.1099,4.8203,13.4394,21.2418,27.7778,9.6405,21.5686,1.3493,13.1027,431000.0,5.6782,18.9274,29.1798,0,2.16,-1.35,4.44,0.9190233951051221,2005-2009→2009-2013
4219,Evje og Hornnes,2009-2013,2009,2013,Agder,Agder,4,691,False,1853.0,34.27,30.16,-4.11,22.72,15.83,-6.89,9.82,17.84,8.02,22.07,20.02,-2.05,5.88,7.43,1.55,2.54,1.43,-1.11,1.35,2.55,1.2,0.49,1.49,1.0,0.16,0.16,0.0,0.7,3.08,2.38,-5.34,14.79,-5.79,3408.0,8.1339,4.3427,6.8831,36.385,7.3357,14.554,19.3662,0.716,18.8574,384000.0,4.2589,10.7325,32.2544,0,3.3,-2.82,2.63,-0.3900145092903671,2005-2009→2009-2013
4220,Bygland,2009-2013,2009,2013,Agder,Agder,6,551,False,703.0,30.58,28.92,-1.66,17.92,12.3,-5.62,14.65,17.84,3.19,13.51,12.7,-0.81,14.79,18.51,3.72,3.27,1.76,-1.51,2.99,2.97,-0.02,0.0,0.95,0.95,0.71,0.54,-0.17,1.56,3.51,1.95,-1.9,28.99,7.77,1225.0,7.1107,-1.4694,-6.8673,6.5306,-20.4082,15.5102,16.0816,0.1485,21.9585,375000.0,9.5385,13.0769,35.2308,0,4.28,-10.18,4.37,0.7426779532354879,2005-2009→2009-2013
4221,Valle,2009-2013,2009,2013,Agder,Agder,6,466,False,687.0,27.8,25.22,-2.58,23.14,13.69,-9.45,13.1,19.02,5.92,13.83,11.82,-2.01,17.32,18.16,0.84,1.75,2.02,0.27,1.16,3.6,2.44,0.15,1.44,1.29,0.44,0.43,-0.01,1.31,4.61,3.3,-8.61,22.36,17.75,1292.0,7.1639,-1.161,-10.1969,17.0279,-29.4118,17.5697,16.5635,-1.673,20.5323,364000.0,7.5714,9.5714,31.5714,0,3.36,-1.85,6.43,2.691640954781265,2005-2009→2009-2013
4222,Bykle,2009-2013,2009,2013,Agder,Agder,6,467,False,474.0,30.17,27.99,-2.18,20.25,12.58,-7.67,17.09,24.14,7.05,12.03,8.92,-3.11,9.28,11.56,2.28,5.91,4.67,-1.24,3.38,4.67,1.29,0.63,2.64,2.01,0.21,0.61,0.4,1.05,2.23,1.18,-5.39,8.81,5.0,965.0,6.8721,-3.7306,9.5519,-54.9223,15.544,8.1865,22.7979,1.8242,26.0131,365000.0,3.0201,3.1879,36.0738,0,5.89,-3.97,5.17,0.7399222439990369,2005-2009→2009-2013
4223,Vennesla,2009-2013,2009,2013,Agder,Agder,3,775,False,7224.0,28.86,26.86,-2.0,28.43,19.38,-9.05,10.58,19.76,9.18,22.38,19.51,-2.87,3.82,3.59,-0.23,2.03,1.49,-0.54,1.38,2.06,0.68,0.22,1.16,0.94,0.28,0.4,0.12,2.01,5.78,3.77,-9.28,7.35,-0.47,12886.0,9.4639,6.7515,11.4207,40.6643,26.5404,12.2226,20.9375,-0.395,14.2957,411000.0,1.8042,18.165,27.818,0,1.45,-0.54,3.35,0.5665020570865176,2005-2009→2009-2013
4224,Åseral,2009-2013,2009,2013,Agder,Agder,6,536,False,473.0,21.35,22.59,1.24,25.37,14.99,-10.38,9.09,15.81,6.72,23.04,19.1,-3.94,15.43,19.92,4.49,2.54,1.03,-1.51,1.48,1.85,0.37,0.0,0.41,0.41,0.0,0.21,0.21,1.69,4.11,2.42,-5.89,24.8,23.45,914.0,6.8178,-0.2188,0.6623,16.4114,-12.035,14.8796,15.8643,-1.0639,16.3768,365000.0,10.6695,8.3682,33.2636,0,3.49,-0.38,3.14,-0.49347512723395903,2005-2009→2009-2013
4225,Lyngdal,2009-2013,2009,2013,Agder,Agder,4,695,False,5064.0,17.16,16.62,-0.54,29.19,18.09,-11.1,15.8,26.35,10.55,26.05,23.34,-2.71,6.73,6.72,-0.01,1.95,1.5,-0.45,2.21,2.21,0.0,0.08,0.69,0.61,0.14,0.13,-0.01,0.69,4.34,3.65,-11.11,7.38,2.88,9266.0,9.1341,5.1047,11.6218,32.1606,18.2387,12.0872,19.8144,0.4603,18.9201,422630.531,3.8075,18.2032,30.0321,1,0.67,-0.9,3.33,-0.10255736908812851,2005-2009→2009-2013
4226,Hægebostad,2009-2013,2009,2013,Agder,Agder,5,575,False,929.0,14.32,15.31,0.99,29.17,18.78,-10.39,10.55,16.22,5.67,30.46,24.8,-5.66,12.27,12.86,0.59,0.86,0.2,-0.66,0.97,1.12,0.15,0.22,1.12,0.9,0.0,0.0,0.0,1.18,9.59,8.41,-9.8,5.91,4.29,1620.0,7.3902,3.0247,2.8977,16.0494,14.1975,13.7037,20.4938,0.4365,16.1031,417000.0,10.1399,24.8252,28.0886,0,-0.42,-3.68,2.3,-1.2945598258511462,2005-2009→2009-2013
4227,Kvinesdal,2009-2013,2009,2013,Agder,Agder,5,650,False,3069.0,28.97,25.96,-3.01,30.37,23.5,-6.87,10.98,22.21,11.23,16.13,14.37,-1.76,8.31,6.02,-2.29,1.76,1.35,-0.41,2.15,1.76,-0.39,0.1,1.17,1.07,0.33,0.57,0.24,0.91,3.09,2.18,-9.16,11.23,-4.32,5690.0,8.6465,3.6731,5.7548,24.4288,11.5993,14.3937,18.471,0.4224,14.7596,409000.0,4.6397,17.6098,31.1424,0,5.01,0.95,1.33,-2.0185939156167083,2005-2009→2009-2013
4228,Sirdal,2009-2013,2009,2013,Agder,Agder,5,575,False,992.0,20.56,18.66,-1.9,21.57,15.1,-6.47,11.29,22.61,11.32,21.07,17.87,-3.2,15.93,15.7,-0.23,3.23,1.38,-1.85,4.74,3.65,-1.09,0.81,1.97,1.16,0.4,0.1,-0.3,0.4,2.96,2.56,-6.7,25.05,-10.53,1739.0,7.4611,5.2904,2.5196,40.253,12.6509,15.1236,20.1265,0.0593,18.8857,442000.0,7.2821,5.4359,33.3333,0,3.23,-2.62,2.12,-1.4749980531067823,2005-2009→2009-2013
4601,Bergen,2009-2013,2009,2013,Vestland,Vestlandet,2,895,False,145956.0,31.65,25.59,-6.06,20.21,13.16,-7.05,22.72,33.61,10.89,5.47,5.67,0.2,2.88,2.01,-0.87,6.98,6.42,-0.56,5.43,6.85,1.42,0.51,4.03,3.52,3.34,1.19,-2.15,0.82,1.45,0.63,-7.92,2.79,-1.43,252051.0,12.4374,6.3079,13.8164,39.7062,23.4238,12.3919,23.84,0.029,33.3076,376000.0,0.521,7.7072,33.9382,0,2.77,0.55,3.23,0.1956386832562873,2005-2009→2009-2013
4602,Kinn,2009-2013,2009,2013,Vestland,Vestlandet,5,663,False,9149.0,28.07,27.5,-0.57,23.41,16.76,-6.65,18.05,28.61,10.56,4.9,6.33,1.43,10.9,6.61,-4.29,8.06,3.3,-4.76,4.06,6.97,2.91,0.24,1.65,1.41,2.03,0.84,-1.19,0.3,1.43,1.13,-10.94,12.07,-4.74,17437.0,9.7663,2.1735,0.4227,11.1258,10.667,13.4255,18.1166,0.1017,19.2169,422135.6748,5.2446,15.7448,28.2283,1,-1.78,3.16,4.93,1.5087256300282244,2005-2009→2009-2013
4611,Etne,2009-2013,2009,2013,Vestland,Vestlandet,5,604,False,2088.0,23.47,20.88,-2.59,24.81,17.17,-7.64,13.17,22.93,9.76,10.87,12.74,1.87,19.64,15.82,-3.82,2.87,3.04,0.17,2.73,4.02,1.29,0.1,1.43,1.33,0.77,0.18,-0.59,1.58,1.79,0.21,-11.46,27.59,2.4,3854.0,8.2569,4.8262,2.0202,37.3638,11.4167,16.3985,18.2927,-0.2352,18.2465,430000.0,10.3721,13.2558,26.3721,0,1.73,2.32,3.07,-0.40799453737490987,2005-2009→2009-2013
4612,Sveio,2009-2013,2009,2013,Vestland,Vestlandet,4,673,False,2765.0,24.88,21.6,-3.28,29.33,21.3,-8.03,16.06,24.76,8.7,10.56,10.94,0.38,10.2,8.49,-1.71,2.93,2.31,-0.62,2.93,4.28,1.35,0.54,2.55,2.01,0.47,0.51,0.04,2.1,3.26,1.16,-9.74,11.33,0.64,4906.0,8.4982,10.0693,15.7308,68.6914,31.7978,11.5165,19.2621,0.2613,19.2184,469000.0,6.6281,12.0231,31.6378,0,5.4,1.08,4.2,0.7316318544471665,2005-2009→2009-2013
4613,Bømlo,2009-2013,2009,2013,Vestland,Vestlandet,5,644,False,6122.0,21.99,19.8,-2.19,31.67,19.0,-12.67,15.39,23.49,8.1,17.8,23.24,5.44,5.6,3.92,-1.68,2.34,1.69,-0.65,2.84,3.36,0.52,0.11,1.24,1.13,0.8,0.26,-0.54,1.45,4.01,2.56,-14.35,7.49,-2.8,11085.0,9.3133,4.9887,7.0949,26.0713,23.3649,12.0523,20.3338,0.6646,17.2605,449000.0,5.614,25.2456,25.4386,0,2.96,0.64,4.18,0.6920460388339373,2005-2009→2009-2013
4614,Stord,2009-2013,2009,2013,Vestland,Vestlandet,4,746,False,9426.0,37.18,31.1,-6.08,23.2,17.3,-5.9,15.36,23.65,8.29,8.81,9.7,0.89,5.08,4.18,-0.9,4.51,4.39,-0.12,3.13,4.51,1.38,0.21,1.65,1.44,1.41,0.78,-0.63,1.1,2.75,1.65,-6.8,8.16,-0.81,17289.0,9.7578,5.0437,11.3489,22.2107,28.7466,10.9549,20.4465,0.768,25.3812,454000.0,1.0233,24.2029,31.3981,0,3.32,0.45,5.13,2.0524059277327873,2005-2009→2009-2013
4615,Fitjar,2009-2013,2009,2013,Vestland,Vestlandet,5,603,False,1708.0,18.97,16.08,-2.89,28.45,16.42,-12.03,17.92,29.99,12.07,18.91,20.13,1.22,9.37,8.04,-1.33,2.4,1.88,-0.52,1.7,2.05,0.35,0.35,1.25,0.9,0.88,0.4,-0.48,1.05,3.76,2.71,-13.36,17.42,-7.27,2908.0,7.9752,2.4759,3.0429,13.7552,10.6602,12.3796,19.7043,-0.1313,18.2883,469000.0,3.653,18.7215,28.6367,0,2.3,-0.87,6.94,3.397437758700373,2005-2009→2009-2013
4616,Tysnes,2009-2013,2009,2013,Vestland,Vestlandet,5,578,False,1626.0,23.12,20.2,-2.92,25.95,18.1,-7.85,19.31,28.23,8.92,8.98,10.5,1.52,14.39,11.37,-3.02,3.08,2.47,-0.61,3.87,4.26,0.39,0.18,2.78,2.6,0.55,0.25,-0.3,0.55,1.85,1.3,-10.87,18.92,-8.5,2792.0,7.9345,-2.0057,-3.0131,-15.043,-5.3725,19.2335,16.1891,1.015,17.6419,385000.0,9.4059,11.669,31.7539,0,1.74,-0.47,7.53,3.81059913700557,2005-2009→2009-2013
4617,Kvinnherad,2009-2013,2009,2013,Vestland,Vestlandet,5,587,False,7365.0,27.48,23.08,-4.4,28.42,16.41,-12.01,15.15,30.53,15.38,8.74,9.26,0.52,9.74,9.52,-0.22,3.86,3.0,-0.86,3.98,3.57,-0.41,0.3,2.03,1.73,1.55,0.68,-0.87,0.79,1.93,1.14,-12.23,9.9,-2.3,13112.0,9.4813,1.4719,1.1249,8.9994,5.8725,15.2151,17.4268,0.9292,18.4517,425000.0,5.9241,21.0519,33.225,0,-0.21,-0.36,4.78,1.1828543310278992,2005-2009→2009-2013
4618,Ullensvang,2009-2013,2009,2013,Vestland,Vestlandet,5,583,False,6637.0,36.54,33.21,-3.33,16.14,12.49,-3.65,13.77,19.86,6.09,4.43,5.72,1.29,16.0,13.37,-2.63,4.51,3.73,-0.78,4.23,5.99,1.76,0.33,2.08,1.75,2.98,1.49,-1.49,1.07,2.06,0.99,-6.28,20.31,-0.76,11427.0,9.3437,0.0875,-5.6587,16.9773,-16.4523,19.3927,16.286,-0.0607,18.8305,373558.1257,5.1689,18.3615,31.4358,1,2.81,1.91,4.02,0.5926872451125433,2005-2009→2009-2013
4619,Eidfjord,2009-2013,2009,2013,Vestland,Vestlandet,6,531,False,549.0,30.97,29.75,-1.22,21.31,13.98,-7.33,15.3,26.16,10.86,3.1,3.05,-0.05,20.58,15.05,-5.53,2.91,2.51,-0.4,3.64,4.48,0.84,0.0,1.61,1.61,1.28,0.9,-0.38,0.91,2.51,1.6,-12.86,45.77,-2.97,945.0,6.8512,0.7407,4.0437,20.1058,-11.6402,15.873,15.7672,0.8287,17.4807,368000.0,4.1121,1.8692,34.0187,0,-0.08,6.9,-5.22,-9.504778537447077,2005-2009→2009-2013
4620,Ulvik,2009-2013,2009,2013,Vestland,Vestlandet,6,529,False,654.0,27.22,24.34,-2.88,13.91,9.77,-4.14,7.49,11.16,3.67,2.45,4.5,2.05,20.64,18.6,-2.04,8.1,6.98,-1.12,14.98,19.84,4.86,0.61,2.33,1.72,3.36,1.09,-2.27,1.22,1.4,0.18,-6.18,22.15,-2.97,1095.0,6.9985,1.6438,-4.953,39.2694,-22.8311,20.5479,12.2374,0.8357,21.4128,365000.0,11.5732,4.7016,38.5172,0,2.52,1.63,2.7,-0.6284445511183128,2005-2009→2009-2013
4621,Voss,2009-2013,2009,2013,Vestland,Vestlandet,4,720,False,8476.0,34.71,27.85,-6.86,15.41,10.41,-5.0,10.68,20.6,9.92,4.9,6.0,1.1,19.38,17.37,-2.01,5.91,5.25,-0.66,5.23,7.62,2.39,0.2,2.72,2.52,2.89,1.1,-1.79,0.7,1.08,0.38,-7.01,23.48,-5.04,14818.0,9.6036,0.992,0.7202,11.9449,-2.2945,17.5395,17.5327,-0.0988,22.1044,394181.7444,5.9862,6.6874,35.1253,1,0.91,2.24,3.33,0.43890172994543164,2005-2009→2009-2013
4622,Kvam,2009-2013,2009,2013,Vestland,Vestlandet,4,674,False,4851.0,26.61,20.68,-5.93,20.7,14.97,-5.73,14.66,25.78,11.12,10.74,10.67,-0.07,14.74,13.77,-0.97,4.12,2.95,-1.17,5.67,5.41,-0.26,0.23,3.22,2.99,1.81,0.56,-1.25,0.72,1.99,1.27,-6.7,20.15,1.4,8338.0,9.0286,2.9503,1.3818,28.544,1.3193,16.8506,17.7021,0.4258,20.8495,414000.0,7.5279,15.9199,31.0894,0,3.33,0.67,4.42,1.2348691133619436,2005-2009→2009-2013
4623,Samnanger,2009-2013,2009,2013,Vestland,Vestlandet,4,683,False,1388.0,37.25,32.48,-4.77,21.9,17.15,-4.75,13.62,21.12,7.5,10.16,9.15,-1.01,9.51,8.61,-0.9,2.45,1.61,-0.84,2.38,3.09,0.71,0.36,3.03,2.67,1.51,0.61,-0.9,0.86,3.16,2.3,-5.65,8.49,1.78,2379.0,7.7744,2.3119,4.0171,11.7697,10.5086,14.1236,18.7053,1.201,17.6871,452000.0,1.6393,17.623,31.9672,0,2.41,-1.09,5.35,2.2155680539727136,2005-2009→2009-2013
4624,Bjørnafjorden,2009-2013,2009,2013,Vestland,Vestlandet,4,766,False,11252.0,25.33,19.79,-5.54,30.81,20.58,-10.23,19.77,32.28,12.51,7.02,7.66,0.64,6.91,6.33,-0.58,3.49,3.13,-0.36,4.16,5.37,1.21,0.47,2.89,2.42,1.4,0.56,-0.84,0.63,1.39,0.76,-10.81,8.76,-0.93,20228.0,9.9148,8.5624,21.4669,57.3463,27.6844,11.2072,20.1206,0.6507,22.348,475573.0139,3.09,16.4038,30.3869,1,2.61,0.25,3.9,0.42150313462183764,2005-2009→2009-2013
4625,Austevoll,2009-2013,2009,2013,Vestland,Vestlandet,5,598,False,2545.0,18.51,16.65,-1.86,33.95,25.12,-8.83,28.06,37.37,9.31,8.21,10.6,2.39,4.87,2.86,-2.01,1.69,1.58,-0.11,3.14,2.64,-0.5,0.12,1.17,1.05,0.47,0.22,-0.25,0.98,1.8,0.82,-10.84,10.12,-3.3,4417.0,8.3932,9.5314,8.9885,68.3722,26.2622,12.9726,19.674,-0.0954,17.1911,511000.0,15.1681,13.5294,27.437,0,1.86,0.16,4.78,0.47079312857880673,2005-2009→2009-2013
4626,Øygarden,2009-2013,2009,2013,Vestland,Vestlandet,4,769,False,17331.0,26.92,20.88,-6.04,32.93,21.47,-11.46,20.28,36.18,15.9,9.49,9.65,0.16,2.96,1.97,-0.99,2.66,2.35,-0.31,2.75,3.24,0.49,0.25,1.75,1.5,1.05,0.34,-0.71,0.72,2.17,1.45,-12.45,4.15,-1.1,31629.0,10.3618,8.6155,20.4812,52.7364,33.3871,8.84,19.7572,0.8678,19.1502,508238.1599,1.8032,10.6794,27.8732,1,2.78,-0.04,3.62,0.05114810293228178,2005-2009→2009-2013
4627,Askøy,2009-2013,2009,2013,Vestland,Vestlandet,3,810,False,13386.0,33.31,27.23,-6.08,25.71,17.89,-7.82,20.81,33.06,12.25,6.71,6.64,-0.07,2.08,1.58,-0.5,4.39,3.68,-0.71,3.64,5.12,1.48,0.29,2.27,1.98,2.02,0.87,-1.15,1.04,1.68,0.64,-8.32,1.01,-1.01,24432.0,10.1036,9.8191,27.6572,56.4833,41.462,9.6636,20.4609,0.351,21.9888,490000.0,0.8885,10.1941,34.0192,0,3.23,-0.11,4.7,1.2156863602510093,2005-2009→2009-2013
4628,Vaksdal,2009-2013,2009,2013,Vestland,Vestlandet,5,644,False,2367.0,42.25,36.99,-5.26,16.39,13.71,-2.68,10.48,19.16,8.68,8.91,8.67,-0.24,10.77,8.42,-2.35,5.83,5.08,-0.75,2.11,3.76,1.65,0.17,2.06,1.89,1.82,0.45,-1.37,1.27,1.69,0.42,-5.03,9.07,3.51,4110.0,8.3212,0.5353,-0.4577,11.6788,-6.0827,19.562,17.4696,0.0895,16.2187,378000.0,4.0722,17.5773,33.1443,0,1.74,1.04,3.01,-0.1518697589971083,2005-2009→2009-2013
4629,Modalen,2009-2013,2009,2013,Vestland,Vestlandet,6,530,False,201.0,25.87,20.53,-5.34,16.92,8.95,-7.97,11.94,13.68,1.74,8.96,12.11,3.15,23.38,34.21,10.83,4.98,2.11,-2.87,2.49,2.11,-0.38,0.5,4.74,4.24,2.99,0.53,-2.46,1.99,1.05,-0.94,2.86,0.0,0.0,351.0,5.8608,9.1168,10.6936,65.5271,17.094,12.8205,19.3732,1.5398,20.3704,346000.0,3.6842,1.5789,34.7368,0,7.31,5.34,2.15,-1.6966785232136212,2005-2009→2009-2013
4630,Osterøy,2009-2013,2009,2013,Vestland,Vestlandet,4,717,False,4212.0,29.44,23.84,-5.6,26.73,16.8,-9.93,16.07,28.85,12.78,8.12,9.0,0.88,9.66,7.83,-1.83,3.66,3.02,-0.64,3.28,3.73,0.45,0.31,4.13,3.82,1.76,0.73,-1.03,0.97,2.07,1.1,-11.76,7.84,1.85,7352.0,8.9027,4.3798,7.479,38.765,5.0326,14.1322,18.9608,-0.0196,14.7403,440000.0,3.9477,21.6209,28.7059,0,3.98,0.45,4.15,0.9176075936687975,2005-2009→2009-2013
4631,Alver,2009-2013,2009,2013,Vestland,Vestlandet,4,731,False,14218.0,25.58,21.13,-4.45,25.14,16.29,-8.85,17.29,27.91,10.62,12.17,14.6,2.43,10.13,8.32,-1.81,3.42,2.87,-0.55,3.54,4.11,0.57,0.29,2.28,1.99,1.55,0.56,-0.99,0.89,1.93,1.04,-10.66,19.53,-3.05,25339.0,10.1401,7.226,17.7516,47.8314,24.8629,11.5435,19.7127,0.5692,19.4135,467400.8186,3.1199,17.8587,30.196,1,1.03,1.08,4.59,1.196376747127057,2005-2009→2009-2013
4632,Austrheim,2009-2013,2009,2013,Vestland,Vestlandet,5,641,False,1521.0,27.02,23.83,-3.19,26.5,17.18,-9.32,22.29,34.3,12.01,11.44,10.34,-1.1,5.85,5.23,-0.62,1.38,1.72,0.34,3.48,4.06,0.58,0.13,1.23,1.1,0.99,0.06,-0.93,0.92,2.03,1.11,-9.94,8.38,-4.28,2576.0,7.854,9.9767,12.4653,93.9441,5.823,14.5963,17.7407,-0.0181,15.4964,461000.0,1.7883,24.8927,27.1102,0,1.49,-0.18,3.19,-0.7068229807658648,2005-2009→2009-2013
4633,Fedje,2009-2013,2009,2013,Vestland,Vestlandet,6,436,False,378.0,29.1,25.6,-3.5,20.9,13.87,-7.03,19.31,30.93,11.62,19.31,19.47,0.16,3.44,0.8,-2.64,1.32,1.6,0.28,1.59,1.87,0.28,0.53,1.07,0.54,1.06,1.07,0.01,3.44,3.73,0.29,-9.67,0.0,0.0,596.0,6.3902,-4.5302,-15.3274,-11.745,-33.557,20.9732,14.4295,-0.5865,16.7702,406000.0,4.3333,15.3333,40.3333,0,2.05,1.02,4.82,0.5392147144176969,2005-2009→2009-2013
4634,Masfjorden,2009-2013,2009,2013,Vestland,Vestlandet,6,552,False,1011.0,27.3,23.84,-3.46,21.66,16.27,-5.39,14.74,23.46,8.72,10.19,11.54,1.35,19.29,14.29,-5.0,3.17,3.41,0.24,2.08,3.6,1.52,0.1,1.8,1.7,0.99,0.28,-0.71,0.49,1.51,1.02,-10.39,10.55,3.18,1652.0,7.4097,2.6634,-2.4166,24.8184,0.6053,18.7651,15.6174,0.7514,14.2003,444000.0,8.4393,8.9017,33.1792,0,-0.9,2.14,4.08,0.4445340429129945,2005-2009→2009-2013
4635,Gulen,2009-2013,2009,2013,Vestland,Vestlandet,6,483,False,1372.0,20.63,22.52,1.89,15.38,10.51,-4.87,14.72,23.09,8.37,12.17,12.08,-0.09,30.61,22.66,-7.95,3.43,1.79,-1.64,2.62,4.72,2.1,0.0,1.36,1.36,0.36,0.29,-0.07,0.07,1.0,0.93,-12.82,28.85,12.47,2283.0,7.7332,0.9636,-5.9184,24.5291,-14.8927,17.477,16.2943,0.5273,16.1501,400000.0,14.2626,10.94,30.7942,0,-2.76,3.93,6.34,2.5714828269038095,2005-2009→2009-2013
4636,Solund,2009-2013,2009,2013,Vestland,Vestlandet,6,350,False,468.0,20.09,21.47,1.38,23.72,12.68,-11.04,18.38,28.22,9.84,6.2,6.75,0.55,24.57,20.04,-4.53,3.85,2.25,-1.6,2.35,3.68,1.33,0.0,2.25,2.25,0.43,0.82,0.39,0.43,1.84,1.41,-15.57,34.11,-5.69,876.0,6.7754,-3.8813,-6.8584,-17.1233,-21.6895,19.2922,15.7534,0.6603,13.3059,381000.0,21.3983,11.8644,28.8136,0,0.69,2.61,1.96,-2.779396804793021,2005-2009→2009-2013
4637,Hyllestad,2009-2013,2009,2013,Vestland,Vestlandet,6,481,False,758.0,30.47,33.0,2.53,11.74,8.6,-3.14,11.08,16.18,5.1,8.58,8.72,0.14,32.72,23.89,-8.83,3.03,2.02,-1.01,1.58,2.78,1.2,0.13,2.02,1.89,0.4,0.13,-0.27,0.26,2.65,2.39,-11.97,32.51,-2.57,1474.0,7.2957,-3.1208,-7.0917,-12.8901,-18.9959,17.7748,15.4681,3.0936,14.9791,385000.0,10.3862,21.5712,29.028,0,-1.08,1.65,5.01,1.3299554282503654,2005-2009→2009-2013
4638,Høyanger,2009-2013,2009,2013,Vestland,Vestlandet,6,547,False,2352.0,43.62,43.99,0.37,15.26,9.65,-5.61,9.14,15.5,6.36,4.25,5.17,0.92,19.18,15.24,-3.94,4.59,2.71,-1.88,1.06,2.5,1.44,0.17,1.91,1.74,2.3,2.2,-0.1,0.43,1.14,0.71,-9.55,14.68,4.34,4327.0,8.3726,-2.4266,-7.7965,-21.2618,-4.1599,16.5242,15.3917,1.1452,16.7483,388000.0,4.6522,29.1328,32.6107,0,-2.24,4.1,2.79,-0.6129521812481791,2005-2009→2009-2013
4639,Vik,2009-2013,2009,2013,Vestland,Vestlandet,6,532,False,1565.0,24.41,26.97,2.56,13.16,9.03,-4.13,7.16,13.35,6.19,4.41,5.35,0.94,43.32,37.16,-6.16,3.83,2.52,-1.31,2.75,2.77,0.02,0.19,1.35,1.16,0.38,0.32,-0.06,0.38,1.16,0.78,-10.29,30.21,-8.13,2780.0,7.9302,-1.7626,-5.86,-4.6763,-13.3094,21.0432,15.9712,-0.1717,17.6056,382000.0,10.4508,16.6667,32.8552,0,-1.55,6.51,1.52,-1.925409810133477,2005-2009→2009-2013
4640,Sogndal,2009-2013,2009,2013,Vestland,Vestlandet,5,659,False,5937.0,30.57,30.18,-0.39,14.43,9.21,-5.22,9.4,16.74,7.34,6.89,7.2,0.31,27.2,22.63,-4.57,7.33,5.27,-2.06,3.42,5.15,1.73,0.07,1.9,1.83,0.59,0.59,0.0,0.1,1.14,1.04,-9.79,17.7,0.09,10472.0,9.2565,5.7009,6.6583,48.0328,9.0718,13.4167,19.2609,0.3334,30.8628,402762.7119,4.9688,8.0852,42.7632,1,1.11,3.91,2.88,-0.24372853912105574,2005-2009→2009-2013
4641,Aurland,2009-2013,2009,2013,Vestland,Vestlandet,6,528,False,969.0,33.33,32.19,-1.14,13.62,9.31,-4.31,14.24,21.86,7.62,2.58,2.33,-0.25,23.53,18.02,-5.51,6.3,3.34,-2.96,3.61,5.47,1.86,2.27,6.07,3.8,0.52,0.81,0.29,0.0,0.61,0.61,-9.82,43.6,-14.07,1687.0,7.4307,1.6005,-3.7619,23.7107,-4.7421,16.4197,16.0047,0.9082,18.3007,407000.0,8.6022,5.0538,31.9355,0,0.16,2.94,3.84,0.11811295070341377,2005-2009→2009-2013
4642,Lærdal,2009-2013,2009,2013,Vestland,Vestlandet,5,570,False,1255.0,33.78,31.28,-2.5,13.47,9.2,-4.27,7.09,15.44,8.35,0.72,1.72,1.0,34.5,30.34,-4.16,6.37,4.6,-1.77,2.95,4.52,1.57,0.32,1.64,1.32,0.72,0.78,0.06,0.08,0.47,0.39,-8.43,28.96,-0.31,2199.0,7.6958,-1.0459,-0.1835,-5.9118,-4.5475,16.1437,17.0077,0.7221,23.3447,412000.0,9.1993,8.092,37.9898,0,-1.18,3.06,1.58,-1.8122161544789939,2005-2009→2009-2013
4643,Årdal,2009-2013,2009,2013,Vestland,Vestlandet,5,592,False,3217.0,70.19,62.7,-7.49,9.26,8.15,-1.11,5.63,12.67,7.04,1.46,1.33,-0.13,8.33,9.13,0.8,3.51,2.12,-1.39,0.96,1.96,1.0,0.22,0.98,0.76,0.37,0.28,-0.09,0.06,0.69,0.63,-0.31,6.97,7.09,5600.0,8.6305,-1.4107,-2.4731,-15.8929,1.6071,17.1071,17.25,1.6032,17.0539,414000.0,0.4098,39.6175,24.8634,0,-2.22,3.6,2.26,-0.868144580239218,2005-2009→2009-2013
4644,Luster,2009-2013,2009,2013,Vestland,Vestlandet,5,567,False,2840.0,36.51,35.3,-1.21,12.15,8.38,-3.77,6.3,12.1,5.8,9.51,7.31,-2.2,29.61,28.33,-1.28,3.77,2.38,-1.39,1.73,2.95,1.22,0.14,1.41,1.27,0.25,0.44,0.19,0.04,1.41,1.37,-5.05,23.61,5.42,4879.0,8.4927,3.3204,2.3346,36.4829,-3.8942,17.0732,16.6633,-0.4098,20.5533,408000.0,9.0699,8.3365,33.269,0,4.61,3.46,2.19,-1.0927956140007873,2005-2009→2009-2013
4645,Askvoll,2009-2013,2009,2013,Vestland,Vestlandet,6,504,False,1726.0,24.45,24.94,0.49,13.96,10.93,-3.03,11.76,19.17,7.41,8.11,9.53,1.42,32.56,20.57,-11.99,3.3,2.97,-0.33,4.0,8.18,4.18,0.12,1.12,1.0,0.58,0.28,-0.3,1.16,2.3,1.14,-15.02,24.4,-7.82,3031.0,8.0166,-0.4289,-8.9318,0.0,-3.9591,19.5645,14.7806,1.9398,16.707,388000.0,15.0559,9.9934,33.2676,0,1.01,8.46,3.84,0.22228321946350293,2005-2009→2009-2013
4646,Fjaler,2009-2013,2009,2013,Vestland,Vestlandet,6,562,False,1509.0,27.83,27.04,-0.79,9.08,7.14,-1.94,11.33,16.84,5.51,5.1,7.78,2.68,34.19,26.47,-7.72,6.56,4.59,-1.97,4.37,6.63,2.26,0.27,1.53,1.26,0.73,0.89,0.16,0.53,1.08,0.55,-9.66,16.9,1.75,2838.0,7.9509,1.1628,-1.9132,12.3326,-0.7047,17.6533,17.8647,0.3196,19.5101,338000.0,10.5415,9.8917,40.722,0,1.3,8.12,2.05,-1.5052253959345578,2005-2009→2009-2013
4647,Sunnfjord,2009-2013,2009,2013,Vestland,Vestlandet,5,667,False,11157.0,27.95,28.22,0.27,13.14,8.54,-4.6,13.57,18.8,5.23,8.63,9.57,0.94,25.72,20.19,-5.53,6.83,5.0,-1.83,2.77,5.68,2.91,0.14,1.98,1.84,0.99,0.66,-0.33,0.25,1.36,1.11,-10.13,27.05,-9.2,20200.0,9.9134,5.3119,9.6094,20.9406,32.2772,11.2178,20.2574,0.5201,26.6705,437139.7123,5.5109,6.7773,37.6419,1,2.65,3.33,3.64,0.26022179840373383,2005-2009→2009-2013
4648,Bremanger,2009-2013,2009,2013,Vestland,Vestlandet,6,476,False,2115.0,27.23,26.31,-0.92,21.7,17.16,-4.54,12.53,22.35,9.82,6.71,8.53,1.82,21.56,14.8,-6.76,6.86,2.12,-4.74,2.32,5.8,3.48,0.14,1.04,0.9,0.76,0.38,-0.38,0.19,1.51,1.32,-11.3,13.22,8.0,3899.0,8.2685,1.1798,-3.2377,20.0051,-8.2072,20.7233,15.0551,0.2146,13.6117,380000.0,12.5534,19.9786,27.9915,0,-1.52,4.09,4.35,0.5203687169566704,2005-2009→2009-2013
4649,Stad,2009-2013,2009,2013,Vestland,Vestlandet,5,607,False,4816.0,21.82,11.28,-10.54,22.47,15.52,-6.95,10.96,14.12,3.16,7.16,10.18,3.02,23.44,25.52,2.08,5.0,2.2,-2.8,8.06,17.92,9.86,0.1,1.37,1.27,0.71,0.4,-0.31,0.27,1.48,1.21,-4.87,19.63,-2.88,8735.0,9.0751,-0.2977,-1.124,-3.2055,0.5724,14.5507,17.9622,0.8128,20.2699,424989.4196,8.6694,13.8883,31.8094,1,1.39,0.77,4.06,0.7678491151632034,2005-2009→2009-2013
4650,Gloppen,2009-2013,2009,2013,Vestland,Vestlandet,5,617,False,3346.0,13.9,9.97,-3.93,9.95,4.74,-5.21,9.09,7.06,-2.03,11.63,19.76,8.13,46.83,44.03,-2.8,5.11,2.99,-2.12,2.69,8.25,5.56,0.15,1.37,1.22,0.51,0.32,-0.19,0.15,1.51,1.36,-8.01,47.87,-13.63,5673.0,8.6435,0.0529,-1.0978,7.4035,-7.5798,17.0457,16.887,0.4138,24.7956,418000.0,11.4398,10.2564,34.2538,0,-1.08,11.11,3.91,0.7520291426902364,2005-2009→2009-2013
4651,Stryn,2009-2013,2009,2013,Vestland,Vestlandet,5,603,False,3465.0,21.73,24.19,2.46,17.11,10.54,-6.57,14.31,29.07,14.76,7.65,7.49,-0.16,31.98,20.8,-11.18,3.87,1.23,-2.64,2.66,3.53,0.87,0.06,1.43,1.37,0.38,0.64,0.26,0.26,1.07,0.81,-17.75,29.24,-0.76,6844.0,8.8311,3.8136,4.9793,25.716,13.1502,14.5967,18.4395,0.632,19.0378,405000.0,8.7845,21.8949,24.4958,0,0.74,4.34,4.56,1.0131792480143016,2005-2009→2009-2013
5001,Trondheim - Tråante,2009-2013,2009,2013,Trøndelag,Trøndelag,2,885,False,100174.0,41.44,36.75,-4.69,18.9,12.66,-6.24,15.76,24.15,8.39,3.11,3.1,-0.01,3.31,2.64,-0.67,9.76,7.11,-2.65,4.15,6.29,2.14,0.68,4.03,3.35,1.71,1.21,-0.5,1.19,2.06,0.87,-6.91,2.96,-0.54,173891.0,12.0662,6.7514,17.5721,39.0129,28.7824,10.7447,25.1025,0.455,34.352,370128.2436,0.6348,6.3653,35.6994,1,2.9,-0.4,0.65,-2.2466953807794905,2005-2009→2009-2013
5006,Steinkjer - Stïentje,2009-2013,2009,2013,Trøndelag,Trøndelag,4,721,False,13168.0,46.38,43.58,-2.8,16.96,11.81,-5.15,7.62,13.69,6.07,2.51,2.02,-0.49,16.49,19.14,2.65,5.59,2.74,-2.85,3.46,4.48,1.02,0.15,1.52,1.37,0.55,0.5,-0.05,0.29,0.53,0.24,-2.5,28.13,6.62,23792.0,10.0771,1.8241,4.8926,18.7878,-0.5044,15.997,17.4302,0.5968,20.8297,368845.9143,7.6011,11.2268,33.4073,1,3.16,-0.53,1.36,-1.508024266888934,2005-2009→2009-2013
5007,Namsos - Nåavmesjenjaelmie,2009-2013,2009,2013,Trøndelag,Trøndelag,4,690,False,8195.0,45.28,44.07,-1.21,19.5,14.09,-5.41,8.7,15.35,6.65,4.22,3.65,-0.57,9.8,10.11,0.31,8.59,4.41,-4.18,2.88,5.16,2.28,0.1,1.36,1.26,0.56,0.67,0.11,0.37,1.13,0.76,-5.1,12.02,-0.51,15123.0,9.624,1.5407,2.7776,8.3317,7.0753,14.2564,17.8933,0.7931,22.4363,383606.8726,5.6821,8.8687,39.0325,1,5.48,-1.1,1.55,-1.474343968565624,2005-2009→2009-2013
5014,Frøya,2009-2013,2009,2013,Trøndelag,Trøndelag,6,531,False,2037.0,42.12,40.37,-1.75,28.87,18.11,-10.76,10.01,20.66,10.65,4.03,3.56,-0.47,4.81,3.61,-1.2,5.3,3.95,-1.35,2.95,5.83,2.88,0.25,1.4,1.15,0.59,0.29,-0.3,1.08,2.22,1.14,-11.96,5.72,-1.88,4215.0,8.3464,6.9039,8.6831,67.8529,0.949,17.0819,19.1696,-1.5692,12.4366,339000.0,12.2962,26.4089,27.2007,0,3.41,-1.64,0.75,-3.0796428583798776,2005-2009→2009-2013
5020,Osen,2009-2013,2009,2013,Trøndelag,Trøndelag,6,459,False,586.0,33.45,36.32,2.87,22.53,18.07,-4.46,7.85,10.3,2.45,2.9,4.73,1.83,20.48,17.91,-2.57,5.63,3.38,-2.25,3.41,3.55,0.14,0.0,2.36,2.36,1.37,0.84,-0.53,2.39,2.53,0.14,-7.03,12.65,-3.2,1028.0,6.9354,-1.751,-7.9307,6.8093,-24.3191,21.4008,14.5914,0.9755,13.4276,371000.0,18.9824,3.9139,37.9648,0,0.28,-2.54,3.25,-0.2918085301826414,2005-2009→2009-2013
5021,Oppdal,2009-2013,2009,2013,Trøndelag,Trøndelag,5,666,False,3638.0,38.87,33.62,-5.25,16.6,11.62,-4.98,11.96,21.26,9.3,7.04,6.61,-0.43,16.85,16.3,-0.55,4.65,2.93,-1.72,2.83,4.7,1.87,0.19,1.62,1.43,0.3,0.18,-0.12,0.71,1.16,0.45,-5.53,24.46,-6.78,6629.0,8.7992,2.4891,5.4805,22.9296,2.4136,14.9495,17.0463,1.4179,18.606,379000.0,11.3046,11.0835,26.921,0,6.01,-1.63,2.67,-0.6638787311273222,2005-2009→2009-2013
5022,Rennebu,2009-2013,2009,2013,Trøndelag,Trøndelag,5,602,False,1513.0,35.03,31.81,-3.22,11.5,9.16,-2.34,6.54,13.02,6.48,13.81,13.02,-0.79,23.99,22.12,-1.87,4.3,2.81,-1.49,3.44,5.24,1.8,0.33,1.9,1.57,0.4,0.26,-0.14,0.66,0.65,-0.01,-4.21,29.54,-3.55,2621.0,7.8713,-3.3193,-4.7368,-13.7352,-19.4582,18.5807,14.8798,1.3483,14.8445,372000.0,20.7478,9.5308,28.8123,0,4.17,-3.06,2.21,-0.9161288256806697,2005-2009→2009-2013
5025,Røros - Rosse,2009-2013,2009,2013,Trøndelag,Trøndelag,5,644,False,3293.0,48.59,44.86,-3.73,14.09,7.86,-6.23,11.05,17.17,6.12,1.4,1.5,0.1,9.41,11.71,2.3,9.32,6.76,-2.56,3.25,4.36,1.11,0.3,2.28,1.98,1.73,2.2,0.47,0.85,1.3,0.45,-3.93,7.66,0.68,5563.0,8.6239,0.4674,-0.1786,19.414,-14.201,17.2029,16.7176,0.7609,20.8563,367000.0,4.7322,16.9241,31.1206,0,1.84,-0.62,2.9,-0.35865549476863334,2005-2009→2009-2013
5026,Holtålen,2009-2013,2009,2013,Trøndelag,Trøndelag,6,524,False,1305.0,45.21,37.92,-7.29,14.56,8.13,-6.43,4.37,9.65,5.28,1.76,1.06,-0.7,24.83,35.79,10.96,6.05,3.57,-2.48,1.53,1.14,-0.39,0.23,0.84,0.61,0.46,0.53,0.07,1.0,1.37,0.37,4.53,0.0,0.0,2064.0,7.6324,-1.6473,-6.7524,11.1434,-28.5853,20.2035,14.0019,1.767,14.817,373000.0,8.349,15.197,33.8649,0,-6.8,5.81,1.74,-1.5312370184235051,2005-2009→2009-2013
5027,Midtre Gauldal,2009-2013,2009,2013,Trøndelag,Trøndelag,5,657,False,3175.0,37.8,36.19,-1.61,16.98,13.75,-3.23,6.99,13.34,6.35,5.48,6.28,0.8,25.17,22.32,-2.85,3.24,1.84,-1.4,2.24,2.96,0.72,0.25,1.1,0.85,0.19,0.18,-0.01,1.67,2.05,0.38,-6.08,21.69,-6.25,5950.0,8.6911,5.3109,7.5893,53.6134,-1.3445,16.4202,18.1513,-0.2855,13.5412,378000.0,14.5136,11.417,27.1817,0,0.63,-0.62,2.03,-1.0383973176165027,2005-2009→2009-2013
5028,Melhus,2009-2013,2009,2013,Trøndelag,Trøndelag,3,776,False,8234.0,38.32,35.61,-2.71,22.8,16.58,-6.22,12.17,20.33,8.16,6.7,6.37,-0.33,11.9,10.77,-1.13,4.12,3.01,-1.11,2.42,3.4,0.98,0.21,1.65,1.44,0.46,0.56,0.1,0.91,1.72,0.81,-7.35,15.81,0.67,14655.0,9.5925,6.9874,15.4651,46.0594,24.565,11.4023,18.9696,1.4238,19.0088,441000.0,4.7798,8.4297,31.3677,0,1.2,-1.86,2.94,-0.04597550969441233,2005-2009→2009-2013
5029,Skaun,2009-2013,2009,2013,Trøndelag,Trøndelag,4,746,False,3685.0,38.7,35.97,-2.73,21.57,16.16,-5.41,10.85,18.12,7.27,5.7,5.01,-0.69,14.08,12.89,-1.19,5.4,3.73,-1.67,2.36,4.12,1.76,0.19,1.49,1.3,0.54,0.6,0.06,0.6,1.9,1.3,-6.6,26.65,1.9,6437.0,8.7698,10.9678,18.9905,77.8313,32.1578,11.4494,19.3102,0.0303,21.3261,465000.0,4.1288,8.8726,33.2943,0,1.23,-2.88,4.14,1.2033127685037042,2005-2009→2009-2013
5031,Malvik,2009-2013,2009,2013,Trøndelag,Trøndelag,3,807,False,6910.0,45.57,40.21,-5.36,21.1,15.31,-5.79,14.37,22.88,8.51,2.39,2.92,0.53,4.49,4.16,-0.33,6.71,4.52,-2.19,3.63,5.35,1.72,0.27,2.49,2.22,0.65,0.49,-0.16,0.81,1.65,0.84,-6.12,5.78,-0.46,12457.0,9.43,5.0413,11.504,21.8351,28.7389,9.3441,17.5323,1.0647,27.8374,488000.0,1.3988,8.2865,33.4499,0,2.57,-0.57,0.74,-2.393377390219591,2005-2009→2009-2013
5032,Selbu,2009-2013,2009,2013,Trøndelag,Trøndelag,5,643,False,2180.0,41.42,38.61,-2.81,18.53,13.46,-5.07,10.46,19.48,9.02,2.43,2.15,-0.28,15.92,15.61,-0.31,6.47,4.21,-2.26,2.52,3.22,0.7,0.28,1.55,1.27,0.64,0.52,-0.12,1.33,1.2,-0.13,-5.38,0.0,0.0,4004.0,8.295,0.6494,1.4347,20.7293,-14.2358,18.1568,17.0829,0.0317,17.476,393000.0,10.4548,18.8467,31.1767,0,4.65,-2.75,1.21,-2.1202236681948277,2005-2009→2009-2013
5033,Tydal,2009-2013,2009,2013,Trøndelag,Trøndelag,6,519,False,517.0,36.56,36.01,-0.55,21.08,14.18,-6.9,6.58,11.01,4.43,0.39,0.56,0.17,24.18,26.49,2.31,5.03,3.73,-1.3,3.48,6.72,3.24,0.39,0.19,-0.2,0.97,0.75,-0.22,1.35,0.37,-0.98,-4.59,21.46,-21.46,857.0,6.7534,0.9335,-4.6307,24.5041,-19.8366,21.8203,15.6359,0.3762,15.678,386000.0,14.5299,7.4786,31.1966,0,3.66,-3.55,2.14,-1.1958514603512005,2005-2009→2009-2013
5034,Meråker,2009-2013,2009,2013,Trøndelag,Trøndelag,5,626,False,1314.0,47.41,43.06,-4.35,20.7,15.35,-5.35,6.7,12.79,6.09,2.36,1.75,-0.61,11.64,14.62,2.98,7.23,4.61,-2.62,3.12,5.26,2.14,0.0,1.1,1.1,0.68,0.8,0.12,0.15,0.66,0.51,-2.37,12.62,0.26,2476.0,7.8144,1.3732,-1.7997,32.7141,-19.79,18.9418,16.357,-0.655,15.6526,337000.0,5.588,16.1802,39.6163,0,-0.5,1.8,2.45,-0.5629147204748621,2005-2009→2009-2013
5035,Stjørdal,2009-2013,2009,2013,Trøndelag,Trøndelag,3,802,False,11707.0,41.97,40.34,-1.63,18.72,14.02,-4.7,13.07,19.52,6.45,3.89,3.58,-0.31,11.62,11.63,0.01,6.04,3.13,-2.91,2.95,4.38,1.43,0.32,1.49,1.17,0.8,0.64,-0.16,0.63,1.26,0.63,-4.69,25.01,-7.35,20960.0,9.9504,6.77,18.1573,44.5134,23.1393,12.2376,18.1107,1.4091,22.5305,418000.0,3.7757,10.3134,30.0009,0,1.53,0.23,2.78,-0.22203827258632503,2005-2009→2009-2013
5036,Frosta,2009-2013,2009,2013,Trøndelag,Trøndelag,5,657,False,1383.0,32.32,32.49,0.17,14.17,10.9,-3.27,18.29,17.54,-0.75,6.29,6.18,-0.11,20.61,22.52,1.91,4.27,2.39,-1.88,2.75,5.18,2.43,0.14,1.06,0.92,0.65,0.4,-0.25,0.51,1.33,0.82,-1.36,23.18,-1.23,2487.0,7.8188,5.6293,6.1843,59.5094,-3.2167,16.928,15.6413,0.1637,15.6663,390000.0,22.4283,9.8651,26.7285,0,0.55,-5.54,10.83,7.604732227356953,2005-2009→2009-2013
5037,Levanger - Levangke,2009-2013,2009,2013,Trøndelag,Trøndelag,4,752,False,10317.0,44.81,42.22,-2.59,15.12,11.5,-3.62,8.82,13.8,4.98,6.82,6.26,-0.56,12.95,15.3,2.35,7.65,4.16,-3.49,2.61,3.72,1.11,0.16,1.57,1.41,0.67,0.49,-0.18,0.39,0.98,0.59,-1.27,15.5,-2.42,18464.0,9.8236,3.3254,7.7853,20.6347,12.6192,13.0308,18.9775,0.9434,28.5164,396000.0,8.0838,11.6232,42.0017,0,4.49,-1.36,1.54,-1.3056478049211355,2005-2009→2009-2013
5038,Verdal,2009-2013,2009,2013,Trøndelag,Trøndelag,4,747,False,7628.0,51.47,48.09,-3.38,19.02,14.61,-4.41,7.46,12.81,5.35,2.61,2.1,-0.51,11.18,14.63,3.45,5.14,2.76,-2.38,1.95,2.7,0.75,0.12,1.04,0.92,0.76,0.63,-0.13,0.29,0.64,0.35,-0.96,17.45,1.03,14157.0,9.558,2.6983,6.1473,17.7297,8.8296,12.3896,18.3655,1.4077,18.4418,392000.0,6.5156,15.1133,32.5637,0,1.52,-1.39,2.2,-0.5169084069925574,2005-2009→2009-2013
5041,Snåase - Snåsa,2009-2013,2009,2013,Trøndelag,Trøndelag,6,561,False,1297.0,39.32,37.83,-1.49,9.02,5.92,-3.1,5.09,8.46,3.37,0.69,1.27,0.58,34.93,35.58,0.65,6.55,4.87,-1.68,3.16,3.3,0.14,0.39,1.72,1.33,0.69,0.75,0.06,0.15,0.3,0.15,-2.45,43.55,-8.65,2176.0,7.6852,-1.011,-6.8339,8.7316,-20.2206,19.2096,15.579,0.614,18.5415,378000.0,21.2598,6.2117,37.0954,0,6.5,1.27,1.04,-2.1424668344798508,2005-2009→2009-2013
5042,Lierne,2009-2013,2009,2013,Trøndelag,Trøndelag,6,398,False,767.0,39.11,41.06,1.95,18.51,11.52,-6.99,2.61,9.21,6.6,4.95,3.52,-1.43,26.73,28.73,2.0,3.65,0.81,-2.84,3.91,3.52,-0.39,0.26,0.54,0.28,0.26,0.68,0.42,0.0,0.41,0.41,-4.99,29.69,-6.48,1461.0,7.2869,-4.1068,-9.7294,-13.6893,-26.694,18.412,17.2485,1.2168,17.2932,353000.0,17.5949,10.7595,33.6709,0,6.68,-1.38,1.01,-2.7754358425161785,2005-2009→2009-2013
5043,Raarvihke - Røyrvik,2009-2013,2009,2013,Trøndelag,Trøndelag,6,389,False,303.0,44.88,45.54,0.66,16.17,8.28,-7.89,4.62,8.92,4.3,5.61,4.78,-0.83,22.11,22.93,0.82,2.97,2.23,-0.74,2.97,4.78,1.81,0.0,0.96,0.96,0.33,0.0,-0.33,0.33,1.59,1.26,-7.07,0.0,0.0,499.0,6.2126,0.8016,-8.0439,4.008,6.012,17.0341,16.2325,3.4431,18.0488,364000.0,15.3285,5.1095,38.6861,0,12.44,2.76,0.75,-2.9983139920866666,2005-2009→2009-2013
5044,Namsskogan,2009-2013,2009,2013,Trøndelag,Trøndelag,6,427,False,523.0,43.79,46.4,2.61,16.44,12.75,-3.69,4.21,10.35,6.14,6.5,3.14,-3.36,16.06,16.45,0.39,10.9,5.36,-5.54,1.34,2.59,1.25,0.0,1.11,1.11,0.38,0.92,0.54,0.38,0.92,0.54,-3.3,14.23,-5.07,924.0,6.8287,-2.381,-6.6253,-20.5628,-7.5758,21.8615,13.0952,1.1984,12.8378,340000.0,10.6987,7.4236,33.4061,0,7.77,3.69,1.34,-2.4099516497878097,2005-2009→2009-2013
5045,Grong,2009-2013,2009,2013,Trøndelag,Trøndelag,5,593,False,1400.0,38.43,40.87,2.44,14.79,9.16,-5.63,6.0,10.79,4.79,1.57,1.22,-0.35,26.93,26.41,-0.52,8.71,4.89,-3.82,2.71,3.12,0.41,0.14,1.97,1.83,0.64,0.95,0.31,0.07,0.61,0.54,-6.15,55.16,-14.41,2350.0,7.7622,4.8936,-2.5692,51.4894,-1.7021,18.2128,15.3191,0.2862,19.0803,371000.0,11.2406,4.413,36.5529,0,4.65,-2.15,2.1,-1.0074586019243612,2005-2009→2009-2013
5046,Høylandet,2009-2013,2009,2013,Trøndelag,Trøndelag,6,525,False,792.0,39.77,44.24,4.47,8.59,6.28,-2.31,2.78,5.76,2.98,1.89,1.96,0.07,37.12,35.21,-1.91,4.17,1.57,-2.6,5.18,3.66,-1.52,0.38,0.92,0.54,0.0,0.13,0.13,0.13,0.26,0.13,-4.22,53.95,-3.19,1274.0,7.1499,-0.8634,-0.9412,-10.989,2.3548,17.5039,17.1115,0.7067,21.9464,397000.0,18.704,4.7128,40.0589,0,5.01,1.49,-0.23,-3.578032003634575,2005-2009→2009-2013
5047,Overhalla,2009-2013,2009,2013,Trøndelag,Trøndelag,5,611,False,2044.0,41.39,41.9,0.51,14.14,12.85,-1.29,7.44,10.25,2.81,1.81,1.05,-0.76,24.36,24.38,0.02,7.24,3.25,-3.99,2.89,4.3,1.41,0.1,0.91,0.81,0.34,0.27,-0.07,0.29,0.82,0.53,-1.27,47.71,-8.97,3562.0,8.1781,3.5373,2.274,19.3711,15.4408,14.3459,17.406,0.8385,20.064,426000.0,11.3439,10.8329,33.4185,0,6.27,-1.27,2.67,-0.46618800740385824,2005-2009→2009-2013
5049,Flatanger,2009-2013,2009,2013,Trøndelag,Trøndelag,6,475,False,643.0,33.75,33.99,0.24,19.91,17.07,-2.84,10.89,15.56,4.67,4.67,4.53,-0.14,14.62,15.26,0.64,7.0,4.23,-2.77,7.31,6.5,-0.81,0.0,0.76,0.76,1.09,0.76,-0.33,0.78,1.36,0.58,-2.2,13.43,4.18,1134.0,7.0335,2.1164,-6.9132,46.7372,-25.5732,18.254,13.5802,0.917,15.5116,365000.0,20.885,10.7965,33.4513,0,7.78,-3.46,3.43,-0.26207602741220626,2005-2009→2009-2013
5052,Leka,2009-2013,2009,2013,Trøndelag,Trøndelag,6,386,False,359.0,32.59,30.48,-2.11,13.65,11.11,-2.54,4.18,7.41,3.23,0.56,0.28,-0.28,37.33,41.31,3.98,7.8,3.99,-3.81,2.51,3.13,0.62,0.56,0.28,-0.28,0.28,0.28,0.0,0.56,1.71,1.15,1.44,69.25,-13.03,582.0,6.3665,-1.3746,-14.5833,10.3093,-24.055,22.5086,12.8866,2.7527,12.8514,355000.0,40.0673,1.0101,30.303,0,6.1,4.08,2.88,-0.703491827918826,2005-2009→2009-2013
5053,Inderøy,2009-2013,2009,2013,Trøndelag,Trøndelag,4,670,False,3928.0,41.55,41.8,0.25,13.21,8.78,-4.43,7.41,11.26,3.85,4.84,4.07,-0.77,22.02,23.89,1.87,7.26,3.65,-3.61,2.49,3.12,0.63,0.25,2.16,1.91,0.53,0.49,-0.04,0.43,0.78,0.35,-2.56,36.81,3.01,6682.0,8.8072,0.1497,-1.0791,-3.4421,4.6393,13.5887,16.6417,1.3993,23.5138,419140.6959,10.0928,12.123,36.4269,0,1.61,-0.21,1.65,-1.3476904800465928,2005-2009→2009-2013
5054,Indre Fosen,2009-2013,2009,2013,Trøndelag,Trøndelag,5,621,False,5469.0,34.34,30.34,-4.0,22.33,16.86,-5.47,11.3,19.04,7.74,6.34,5.82,-0.52,17.08,16.21,-0.87,4.48,2.91,-1.57,2.41,3.88,1.47,0.24,1.79,1.55,0.46,0.37,-0.09,1.02,2.78,1.76,-6.34,23.94,-5.85,9906.0,9.2009,2.7963,2.9418,29.4771,-1.918,15.8591,16.1922,0.7863,16.569,399361.4458,9.4649,20.2276,30.4912,1,0.86,-4.8,3.38,0.060273128945488974,2005-2009→2009-2013
5055,Heim,2009-2013,2009,2013,Trøndelag,Trøndelag,5,588,True,3283.17,42.78,40.22,-2.56,18.1,12.68,-5.42,10.09,17.58,7.49,3.89,4.53,0.64,18.74,16.75,-1.99,3.13,1.66,-1.47,2.05,3.18,1.13,0.25,1.85,1.6,0.46,0.45,-0.01,0.5,1.08,0.58,-7.41,28.52,-4.33,6023.493,8.7034,-0.6385,-3.8669,-0.9474,-5.5903,16.6625,16.4,1.3448,14.6149,382512.8449,13.1365,18.1822,28.2746,1,2.17,0.11,1.57,-1.833794556662866,2005-2009→2009-2013
5056,Hitra,2009-2013,2009,2013,Trøndelag,Trøndelag,6,551,True,2260.95,31.62,30.03,-1.59,30.95,22.21,-8.74,14.11,20.69,6.58,4.39,3.9,-0.49,9.08,7.26,-1.82,5.62,3.96,-1.66,1.84,3.49,1.65,0.46,1.9,1.44,0.72,0.46,-0.26,1.21,6.11,4.9,-10.56,10.15,-3.43,4479.9794,8.4074,7.388,9.4176,88.7266,-14.1842,16.536,16.7436,0.0672,14.2476,339628.3595,11.8438,18.8748,27.1374,1,-0.69,-3.27,5.54,1.863728746228602,2005-2009→2009-2013
5057,Ørland,2009-2013,2009,2013,Trøndelag,Trøndelag,5,603,False,5220.0,34.14,28.93,-5.21,26.17,19.78,-6.39,13.51,24.37,10.86,4.14,4.63,0.49,13.18,11.31,-1.87,3.75,3.09,-0.66,2.32,3.23,0.91,0.29,1.74,1.45,0.52,0.6,0.08,1.99,2.31,0.32,-8.26,25.1,0.03,9573.0,9.1667,2.5802,0.4706,23.6081,2.1937,15.7944,16.9435,1.395,16.4545,361705.2302,8.7508,9.1593,38.1853,1,4.1,-2.32,1.66,-1.934660177921969,2005-2009→2009-2013
5058,Åfjord,2009-2013,2009,2013,Trøndelag,Trøndelag,6,512,False,2373.0,30.85,28.25,-2.6,20.31,17.17,-3.14,9.78,18.22,8.44,9.65,8.54,-1.11,21.03,16.81,-4.22,4.3,2.34,-1.96,2.11,3.43,1.32,0.17,2.5,2.33,0.55,0.4,-0.15,1.26,2.34,1.08,-7.36,30.03,-1.59,4247.0,8.354,-0.3296,-4.339,23.3106,-26.3716,19.0016,13.5861,1.7874,12.935,372235.3276,18.2372,5.1102,30.4735,1,6.58,-3.2,1.17,-2.526513952343087,2005-2009→2009-2013
5059,Orkland,2009-2013,2009,2013,Trøndelag,Trøndelag,4,728,True,9596.88,45.9,41.61,-4.29,19.27,14.55,-4.72,8.71,16.8,8.09,4.25,3.99,-0.26,13.03,12.37,-0.66,4.11,2.85,-1.26,3.32,3.76,0.44,0.19,1.23,1.04,0.4,0.36,-0.04,0.81,2.47,1.66,-5.38,17.25,4.02,17292.5276,9.758,2.3448,5.8978,22.4498,0.7066,15.6745,18.2798,0.313,17.7471,391284.9707,7.3666,14.2515,31.8716,1,2.31,-1.56,2.4,-0.47674962426539036,2005-2009→2009-2013
5060,Nærøysund,2009-2013,2009,2013,Trøndelag,Trøndelag,5,581,False,4676.0,33.73,35.49,1.76,22.82,17.06,-5.76,8.98,15.89,6.91,5.54,4.86,-0.68,18.52,15.83,-2.69,5.8,3.02,-2.78,3.57,4.7,1.13,0.09,0.91,0.82,0.47,0.38,-0.09,0.49,1.86,1.37,-8.45,24.81,0.5,9088.0,9.1147,3.4001,1.8424,26.8486,6.9322,15.1078,17.3195,0.6738,14.0214,379468.1794,14.139,12.2378,27.1198,1,4.12,0.07,0.18,-3.338685262579573,2005-2009→2009-2013
5061,Rindal,2009-2013,2009,2013,Trøndelag,Trøndelag,5,607,False,1154.0,38.91,34.97,-3.94,9.1,6.39,-2.71,6.24,11.71,5.47,5.11,4.91,-0.2,36.14,37.51,1.37,2.17,0.82,-1.35,1.91,1.72,-0.19,0.0,1.06,1.06,0.35,0.57,0.22,0.09,0.33,0.24,-1.34,41.29,17.59,2041.0,7.6212,0.9799,-2.5532,24.0078,-14.2087,20.1372,15.6296,-0.341,14.6012,387000.0,16.4694,14.8915,28.2051,0,3.28,0.85,0.54,-2.6204513928114155,2005-2009→2009-2013
5501,Tromsø,2009-2013,2009,2013,Troms,Nord-Norge,3,803,False,35749.0,36.55,30.48,-6.07,22.72,16.13,-6.59,14.58,24.15,9.57,3.45,3.67,0.22,5.26,2.86,-2.4,10.19,9.52,-0.67,3.3,5.33,2.03,0.39,3.31,2.92,2.46,2.93,0.47,1.09,1.61,0.52,-8.99,3.13,-0.72,66513.0,11.1052,5.7808,14.9979,24.3561,33.407,8.7126,22.9278,0.9295,33.2151,382000.0,2.1151,3.8271,42.2579,0,4.0,1.08,4.16,1.1802351796501758,2005-2009→2009-2013
5503,Harstad - Hárstták,2009-2013,2009,2013,Troms,Nord-Norge,4,738,False,12913.0,38.17,32.05,-6.12,28.83,24.5,-4.33,15.02,23.05,8.03,2.54,3.16,0.62,5.28,4.97,-0.31,6.1,4.02,-2.08,1.94,3.88,1.94,0.25,2.22,1.97,1.05,1.08,0.03,0.82,1.07,0.25,-4.64,8.45,-0.34,23629.0,10.0702,2.8016,2.5196,17.4362,10.284,13.2591,18.7312,1.0219,25.411,386120.3766,2.4226,4.8041,38.8437,0,3.41,-0.89,3.09,0.029776971073868896,2005-2009→2009-2013
5510,Kvæfjord,2009-2013,2009,2013,Troms,Nord-Norge,5,587,False,1588.0,32.05,28.49,-3.56,27.33,21.2,-6.13,9.57,17.55,7.98,2.52,3.28,0.76,12.66,12.11,-0.55,8.94,6.67,-2.27,3.65,5.93,2.28,0.44,2.04,1.6,1.64,1.42,-0.22,1.2,1.3,0.1,-6.68,12.99,-0.04,3032.0,8.017,1.6491,-0.6447,9.8945,6.2665,14.0831,15.6332,1.6859,19.7925,359000.0,8.072,4.1361,49.2995,0,1.47,-0.15,1.55,-1.7644939812764473,2005-2009→2009-2013
5512,Dielddanuorri - Tjeldsund,2009-2013,2009,2013,Troms,Nord-Norge,6,542,False,2459.0,38.43,33.06,-5.37,28.67,22.89,-5.78,14.68,25.12,10.44,2.93,3.36,0.43,6.63,5.79,-0.84,4.96,3.24,-1.72,2.24,3.2,0.96,0.08,1.54,1.46,0.53,0.69,0.16,0.85,1.09,0.24,-6.62,8.21,-6.83,4174.0,8.3366,1.0541,-5.9322,22.5204,-11.9789,17.7528,15.932,1.7352,17.8632,388465.2346,4.5881,6.6108,43.9566,1,2.69,-1.18,5.29,1.74711134576085,2005-2009→2009-2013
5514,Ibestad,2009-2013,2009,2013,Troms,Nord-Norge,6,447,False,827.0,39.06,30.84,-8.22,26.36,23.13,-3.23,13.78,22.65,8.87,3.99,3.01,-0.98,9.67,11.45,1.78,3.51,2.41,-1.1,2.18,3.25,1.07,0.0,0.36,0.36,0.24,0.72,0.48,1.21,2.17,0.96,-1.45,0.0,20.17,1440.0,7.2724,-1.3194,-15.8674,40.9722,-53.4722,25.3472,11.9444,0.9019,12.5,320000.0,13.6858,9.4868,44.6345,0,7.51,-1.67,4.91,1.1846190323725772,2005-2009→2009-2013
5516,Gratangen - Rivtták,2009-2013,2009,2013,Troms,Nord-Norge,6,509,False,672.0,41.37,35.31,-6.06,22.47,20.96,-1.51,8.63,15.51,6.88,3.87,3.96,0.09,14.14,14.69,0.55,6.25,3.8,-2.45,1.19,1.49,0.3,0.3,2.48,2.18,0.3,0.5,0.2,1.49,1.32,-0.17,-0.96,30.12,24.82,1151.0,7.0484,-2.7802,-14.0553,-0.8688,-28.6707,22.1546,14.0747,0.991,14.4201,316000.0,7.6152,8.6172,43.8878,0,0.83,-0.19,3.62,0.2398898251666255,2005-2009→2009-2013
5518,Loabák - Lavangen,2009-2013,2009,2013,Troms,Nord-Norge,6,517,False,602.0,43.36,38.75,-4.61,20.1,17.73,-2.37,10.3,18.72,8.42,5.48,5.25,-0.23,17.28,15.93,-1.35,2.16,1.48,-0.68,0.5,0.82,0.32,0.17,0.82,0.65,0.0,0.16,0.16,0.66,0.33,-0.33,-3.72,21.79,5.1,1023.0,6.9305,-1.0753,-5.3321,12.7077,-17.5953,20.9189,16.911,-0.7608,18.4597,373000.0,5.4176,4.0632,51.693,0,2.69,2.3,4.18,0.5977261729852854,2005-2009→2009-2013
5520,Bardu,2009-2013,2009,2013,Troms,Nord-Norge,5,597,False,2217.0,38.93,34.84,-4.09,22.6,13.56,-9.04,12.58,29.21,16.63,1.49,1.37,-0.12,16.82,12.59,-4.23,4.01,2.44,-1.57,2.39,3.55,1.16,0.32,1.02,0.7,0.36,0.66,0.3,0.5,0.75,0.25,-13.27,38.14,-24.91,3981.0,8.2893,-1.2057,2.3952,-34.1623,22.6074,13.464,21.7282,2.0204,23.9213,401000.0,3.3812,1.2506,60.6299,0,4.8,0.27,0.34,-3.4289706569849336,2005-2009→2009-2013
5522,Salangen,2009-2013,2009,2013,Troms,Nord-Norge,6,552,False,1227.0,36.43,33.77,-2.66,20.54,17.01,-3.53,8.07,18.89,10.82,3.34,4.01,0.67,22.58,14.72,-7.86,6.44,6.38,-0.06,0.9,1.96,1.06,0.16,1.14,0.98,0.9,1.23,0.33,0.65,0.9,0.25,-11.39,58.29,-12.86,2203.0,7.6976,0.7717,-1.7699,21.7885,-14.0717,13.9809,16.8407,2.6857,21.3801,373000.0,6.9343,1.5511,48.8139,0,6.05,-9.3,3.32,0.02436178559348967,2005-2009→2009-2013
5524,Målselv,2009-2013,2009,2013,Troms,Nord-Norge,5,576,False,3488.0,36.87,31.72,-5.15,23.97,17.59,-6.38,11.58,21.89,10.31,1.69,2.62,0.93,14.99,13.94,-1.05,5.16,3.67,-1.49,4.67,5.3,0.63,0.17,1.91,1.74,0.4,0.64,0.24,0.49,0.72,0.23,-7.43,13.97,-1.86,6490.0,8.778,2.1572,-3.141,16.641,5.0847,14.4684,18.8752,0.6145,21.0353,394000.0,4.1018,5.5163,51.4851,0,2.5,-1.42,3.13,-0.2693569802607838,2005-2009→2009-2013
5526,Sørreisa,2009-2013,2009,2013,Troms,Nord-Norge,5,610,False,1823.0,37.9,31.57,-6.33,26.28,19.85,-6.43,10.48,19.69,9.21,3.29,4.12,0.83,15.47,16.84,1.37,3.84,3.48,-0.36,1.37,2.43,1.06,0.05,0.74,0.69,0.55,0.42,-0.13,0.77,0.84,0.07,-5.06,7.07,-0.41,3360.0,8.1197,1.3988,2.8684,13.3929,0.5952,13.8988,16.7857,0.8649,19.5578,410000.0,2.4257,8.3081,44.3905,0,-4.12,7.19,2.74,-0.6599364640087928,2005-2009→2009-2013
5528,Dyrøy,2009-2013,2009,2013,Troms,Nord-Norge,6,496,False,684.0,35.38,30.15,-5.23,25.88,23.33,-2.55,6.87,15.96,9.09,5.41,4.37,-1.04,19.01,18.14,-0.87,4.68,3.68,-1.0,0.73,1.64,0.91,0.0,1.5,1.5,0.58,0.55,-0.03,1.46,0.68,-0.78,-3.42,14.03,8.58,1216.0,7.1033,-2.1382,-9.6431,5.7566,-27.1382,20.477,13.7336,1.0356,15.8052,330000.0,8.4095,10.0548,40.7678,0,2.83,4.97,4.11,0.7540876660843701,2005-2009→2009-2013
5530,Senja,2009-2013,2009,2013,Troms,Nord-Norge,5,611,False,7770.0,34.63,29.74,-4.89,30.01,25.07,-4.94,11.85,20.42,8.57,4.84,4.86,0.02,9.72,9.18,-0.54,4.3,3.44,-0.86,2.36,3.28,0.92,0.12,1.37,1.25,0.5,0.75,0.25,1.67,1.88,0.21,-5.48,12.22,-2.94,14602.0,9.5889,1.1711,-0.9454,9.1768,2.8763,15.4362,17.4428,0.8096,16.8301,369276.3369,7.4608,10.3863,35.5543,1,2.54,0.86,4.48,1.1839018723791104,2005-2009→2009-2013
5532,Balsfjord,2009-2013,2009,2013,Troms,Nord-Norge,6,557,False,3074.0,35.23,32.03,-3.2,27.98,23.29,-4.69,8.3,17.79,9.49,3.38,5.21,1.83,16.92,11.0,-5.92,4.59,3.56,-1.03,1.17,2.1,0.93,0.16,1.49,1.33,0.68,1.23,0.55,1.59,2.3,0.71,-10.61,16.77,-6.96,5497.0,8.612,1.1825,-1.348,20.9205,-10.1874,18.0644,14.3533,1.443,12.5196,356000.0,11.3645,8.0,35.3645,0,3.29,3.26,2.63,-0.737599159282941,2005-2009→2009-2013
5534,Karlsøy,2009-2013,2009,2013,Troms,Nord-Norge,6,452,False,1242.0,37.68,31.68,-6.0,28.66,29.2,0.54,5.23,15.12,9.89,2.74,3.92,1.18,11.43,6.56,-4.87,7.41,4.64,-2.77,1.61,2.24,0.63,0.32,1.68,1.36,0.64,1.2,0.56,4.27,3.76,-0.51,-4.33,10.78,-0.11,2383.0,7.7761,-2.7696,-5.9277,-15.5266,-12.5892,17.9186,15.9463,2.4957,10.4387,366000.0,18.3798,7.4042,33.5366,0,9.38,6.66,2.42,-1.272970494428907,2005-2009→2009-2013
5536,Lyngen - Ivgu - Yykeä,2009-2013,2009,2013,Troms,Nord-Norge,6,486,False,1719.0,37.23,29.88,-7.35,25.42,21.93,-3.49,12.16,22.51,10.35,6.63,7.95,1.32,10.41,7.31,-3.1,4.25,3.74,-0.51,1.05,1.93,0.88,0.47,2.4,1.93,0.76,0.88,0.12,1.63,1.46,-0.17,-6.59,7.8,-0.06,3166.0,8.0602,-4.8326,-5.1322,-37.9027,-10.4232,17.4037,16.4561,2.5432,14.841,394000.0,10.9748,10.0065,37.96,0,4.38,2.78,6.7,2.9863156254391683,2005-2009→2009-2013
5538,Storfjord - Omasvuotna - Omasvuono,2009-2013,2009,2013,Troms,Nord-Norge,6,516,False,980.0,40.71,36.03,-4.68,25.71,22.75,-2.96,8.16,16.43,8.27,3.67,3.99,0.32,11.53,6.04,-5.49,6.43,5.39,-1.04,1.33,2.79,1.46,0.1,3.81,3.71,0.71,1.11,0.4,1.63,1.67,0.04,-8.45,38.06,-20.17,1869.0,7.5332,3.9058,3.3528,40.6635,-2.1402,13.4831,16.2119,0.935,15.9624,398000.0,6.0063,5.058,46.47,0,8.27,-0.54,4.47,0.9296498759326237,2005-2009→2009-2013
5540,Gáivuotna - Kåfjord - Kaivuono,2009-2013,2009,2013,Troms,Nord-Norge,6,431,False,1262.0,41.13,29.43,-11.7,21.0,18.21,-2.79,5.23,11.95,6.72,8.56,11.14,2.58,11.57,13.09,1.52,4.99,3.82,-1.17,0.95,1.38,0.43,1.19,4.23,3.04,1.66,2.6,0.94,3.72,4.15,0.43,-1.27,5.97,6.2,2236.0,7.7124,-1.2522,-6.401,0.4472,-12.0751,18.381,16.1002,1.4559,14.9864,344000.0,13.0762,1.7874,43.1797,0,8.48,2.93,3.88,0.27189229462286146,2005-2009→2009-2013
5542,Skjervøy,2009-2013,2009,2013,Troms,Nord-Norge,6,556,False,1472.0,29.28,26.45,-2.83,26.36,20.05,-6.31,8.7,18.98,10.28,7.68,13.12,5.44,8.56,7.81,-0.75,6.79,4.98,-1.81,1.09,2.76,1.67,0.14,1.95,1.81,0.61,0.81,0.2,10.8,3.1,-7.7,-7.06,8.15,3.05,2897.0,7.9714,0.2761,-3.8398,1.7259,0.6904,14.0145,18.7435,2.7497,14.4042,398000.0,17.5573,6.7314,35.2533,0,7.56,3.39,5.15,1.8038781143636653,2005-2009→2009-2013
5544,Nordreisa - Ráisa - Raisi,2009-2013,2009,2013,Troms,Nord-Norge,5,570,False,2538.0,36.05,30.73,-5.32,26.79,21.32,-5.47,10.72,18.42,7.7,5.67,7.74,2.07,9.73,8.98,-0.75,7.01,5.88,-1.13,1.38,2.71,1.33,0.28,1.78,1.5,0.47,0.89,0.42,1.89,1.55,-0.34,-6.22,8.69,0.57,4694.0,8.454,3.3234,2.6238,27.6949,4.8999,14.934,17.8739,0.7361,18.6158,374000.0,8.0067,2.2936,41.4512,0,3.87,0.13,5.56,2.19971144135518,2005-2009→2009-2013
5546,Kvænangen,2009-2013,2009,2013,Troms,Nord-Norge,6,438,False,722.0,33.38,32.37,-1.01,26.59,27.17,0.58,8.17,17.34,9.17,6.23,6.07,-0.16,7.34,5.49,-1.85,4.16,4.34,0.18,0.69,1.16,0.47,0.42,0.87,0.45,0.97,0.58,-0.39,12.05,4.62,-7.43,-1.27,3.38,-3.38,1330.0,7.1929,-6.391,-12.2003,-31.5789,-35.3383,20.0,13.6842,1.5261,14.1304,357000.0,15.6589,2.3256,42.9457,0,2.48,-1.0,2.69,-1.105274137633709,2005-2009→2009-2013
5601,Alta,2009-2013,2009,2013,Finnmark,Nord-Norge,4,713,False,9233.0,38.36,32.44,-5.92,27.16,20.91,-6.25,8.84,19.27,10.43,3.86,3.79,-0.07,4.66,2.39,-2.27,8.86,4.36,-4.5,1.97,6.04,4.07,0.26,2.39,2.13,0.68,0.97,0.29,5.35,7.45,2.1,-8.52,3.97,-2.18,18488.0,9.8249,6.2635,13.1747,27.5314,34.7252,9.3412,21.2895,0.6201,25.8494,430000.0,3.8233,4.3025,35.8996,0,7.85,-1.12,0.14,-3.073397576443805,2005-2009→2009-2013
5603,Hammerfest - Hámmerfeasta,2009-2013,2009,2013,Finnmark,Nord-Norge,4,682,False,5355.0,49.65,48.61,-1.04,22.3,15.95,-6.35,11.04,19.59,8.55,1.98,2.16,0.18,2.91,2.03,-0.88,6.5,4.55,-1.95,0.9,1.56,0.66,0.22,2.12,1.9,1.1,0.96,-0.14,3.4,2.47,-0.93,-7.23,2.54,-1.43,10537.0,9.2626,5.419,9.191,32.2672,21.9227,11.7016,19.7874,0.9469,22.9385,413861.1168,4.1038,5.9522,37.4597,1,2.98,-0.13,-0.59,-3.9268076689079727,2005-2009→2009-2013
5605,Sør-Varanger,2009-2013,2009,2013,Finnmark,Nord-Norge,5,634,False,4964.0,48.75,41.49,-7.26,21.86,16.19,-5.67,10.15,21.59,11.44,1.97,2.07,0.1,3.75,4.19,0.44,9.17,6.69,-2.48,1.83,2.54,0.71,0.14,1.76,1.62,0.81,1.09,0.28,1.57,2.4,0.83,-5.23,19.61,-2.92,9623.0,9.1719,3.5852,4.4098,26.3951,9.0408,12.9793,18.9338,0.1527,23.3417,402000.0,2.8166,4.156,46.0114,0,5.53,-3.83,1.17,-2.159468703166139,2005-2009→2009-2013
5607,Vadsø,2009-2013,2009,2013,Finnmark,Nord-Norge,5,641,False,3184.0,47.96,45.4,-2.56,16.11,8.93,-7.18,14.42,24.18,9.76,2.67,2.74,0.07,2.76,2.06,-0.7,11.12,7.36,-3.76,2.01,3.51,1.5,0.16,2.53,2.37,0.75,1.11,0.36,2.04,2.19,0.15,-7.88,4.52,-4.52,6076.0,8.7121,1.4319,0.6697,8.0645,6.9124,11.6853,18.318,1.0844,25.4758,402000.0,2.1868,2.468,49.6407,0,4.97,-1.56,2.18,-1.2752161395583412,2005-2009→2009-2013
5610,Kárásjohka - Karasjok,2009-2013,2009,2013,Finnmark,Nord-Norge,6,554,False,1397.0,47.17,41.97,-5.2,12.24,5.69,-6.55,6.3,18.65,12.35,4.01,4.68,0.67,7.23,11.66,4.43,7.37,4.1,-3.27,14.67,5.54,-9.13,0.07,4.1,4.03,0.29,0.86,0.57,0.64,2.74,2.1,-2.12,16.65,6.92,2786.0,7.9324,-2.3331,-4.3249,-26.9203,3.5894,11.8808,18.9878,0.7248,25.8447,379000.0,10.6557,3.5519,44.1257,0,6.08,-1.43,1.97,-1.3827387708713477,2005-2009→2009-2013
5612,Guovdageaidnu - Kautokeino,2009-2013,2009,2013,Finnmark,Nord-Norge,6,495,False,1421.0,42.22,24.76,-17.46,13.44,7.84,-5.6,11.26,25.8,14.54,7.18,9.36,2.18,10.27,5.41,-4.86,5.07,3.4,-1.67,7.25,8.88,1.63,0.21,4.02,3.81,0.35,1.04,0.69,2.74,9.5,6.76,-10.46,9.7,-6.83,2971.0,7.9967,-1.6156,-3.276,-37.0246,21.205,9.66,21.9118,1.5271,23.0308,389000.0,17.0395,5.0658,43.8816,0,10.8,1.27,-2.17,-6.249206053389051,2005-2009→2009-2013
5614,Loppa,2009-2013,2009,2013,Finnmark,Nord-Norge,6,351,False,594.0,41.08,36.49,-4.59,26.6,19.12,-7.48,6.23,19.12,12.89,1.68,2.46,0.78,7.24,3.16,-4.08,8.42,5.44,-2.98,0.84,2.98,2.14,0.0,2.63,2.63,0.84,0.35,-0.49,7.07,8.25,1.18,-11.56,14.67,-7.18,1087.0,6.9912,-1.5639,-19.4883,11.0396,-28.5189,19.7792,12.6955,2.4638,14.0954,329000.0,19.6262,5.7944,40.5607,0,5.25,1.07,1.97,-1.8177479344077996,2005-2009→2009-2013
5616,Hasvik,2009-2013,2009,2013,Finnmark,Nord-Norge,6,351,False,497.0,57.34,49.48,-7.86,13.88,13.15,-0.73,7.85,16.08,8.23,2.62,1.46,-1.16,8.85,11.06,2.21,4.23,2.09,-2.14,1.81,1.04,-0.77,0.6,2.71,2.11,0.4,0.42,0.02,2.41,2.51,0.1,1.48,42.07,-17.45,970.0,6.8773,5.4639,-7.5881,81.4433,-22.6804,16.701,15.1546,0.3078,12.4694,338000.0,16.5254,12.9237,31.7797,0,9.81,-2.85,3.83,-0.003670419398628333,2005-2009→2009-2013
5618,Måsøy,2009-2013,2009,2013,Finnmark,Nord-Norge,6,397,False,662.0,49.55,41.96,-7.59,22.51,16.07,-6.44,13.29,23.52,10.23,0.91,1.69,0.78,6.5,10.49,3.99,4.83,1.52,-3.31,0.45,1.69,1.24,0.0,0.68,0.68,0.76,1.18,0.42,1.21,1.18,-0.03,-2.45,18.26,7.5,1309.0,7.177,-5.2712,-12.9825,-26.738,-24.4461,17.4179,14.9733,2.9853,12.3524,318000.0,19.9067,12.1306,31.7263,0,9.58,-1.75,3.9,-0.21596845507174445,2005-2009→2009-2013
5620,Nordkapp,2009-2013,2009,2013,Finnmark,Nord-Norge,6,525,False,1564.0,47.44,44.82,-2.62,21.74,17.32,-4.42,12.28,22.81,10.53,1.15,0.99,-0.16,3.58,2.4,-1.18,9.59,6.47,-3.12,1.09,1.85,0.76,0.32,0.8,0.48,0.9,0.62,-0.28,1.92,1.91,-0.01,-5.6,7.65,-5.25,3180.0,8.0646,0.7862,-8.35,25.4717,-18.5535,14.4025,16.1006,0.4181,15.8897,348000.0,9.8504,7.6683,34.788,0,2.61,-1.62,3.49,-0.09088649529651249,2005-2009→2009-2013
5622,Porsanger - Porsángu - Porsanki,2009-2013,2009,2013,Finnmark,Nord-Norge,6,543,False,2149.0,41.79,36.48,-5.31,29.83,17.63,-12.2,12.84,27.74,14.9,2.33,2.9,0.57,3.63,3.46,-0.17,5.91,4.26,-1.65,1.58,2.01,0.43,0.28,1.92,1.64,1.02,0.89,-0.13,0.79,2.71,1.92,-12.37,9.22,-4.18,4000.0,8.294,-0.8,-7.592,-2.5,-6.25,12.825,17.55,1.8171,19.7738,387000.0,4.0547,2.3937,41.6219,0,1.97,-4.5,0.33,-3.4133389927923328,2005-2009→2009-2013
5624,Lebesby,2009-2013,2009,2013,Finnmark,Nord-Norge,6,430,False,677.0,48.6,35.11,-13.49,23.19,19.26,-3.93,6.35,18.22,11.87,3.99,5.63,1.64,4.28,5.63,1.35,6.79,5.48,-1.31,1.03,2.22,1.19,0.15,2.67,2.52,1.77,1.78,0.01,3.84,4.0,0.16,-2.58,11.15,-11.15,1332.0,7.1944,0.5255,-10.7333,32.2823,-27.7778,16.4414,16.3664,-0.2353,14.6814,314000.0,16.4852,9.4868,40.4355,0,10.19,-2.84,0.07,-3.7771179829861734,2005-2009→2009-2013
5626,Gamvik,2009-2013,2009,2013,Finnmark,Nord-Norge,6,407,False,533.0,52.35,46.85,-5.5,21.58,20.28,-1.3,8.44,13.19,4.75,2.25,1.38,-0.87,4.88,3.15,-1.73,5.82,5.31,-0.51,0.94,3.35,2.41,0.0,1.97,1.97,0.56,0.2,-0.36,3.19,4.33,1.14,-3.03,0.0,0.0,1025.0,6.9324,3.7073,-11.7842,64.3902,-24.3902,16.6829,14.3415,-0.6905,11.8129,340000.0,16.5992,11.1336,33.4008,0,2.69,0.32,3.71,0.04434625241554846,2005-2009→2009-2013
5628,Deatnu - Tana,2009-2013,2009,2013,Finnmark,Nord-Norge,6,490,False,1572.0,44.47,36.99,-7.48,21.31,11.17,-10.14,11.26,24.64,13.38,2.54,2.93,0.39,7.76,9.86,2.1,8.52,6.05,-2.47,2.04,2.0,-0.04,0.25,3.18,2.93,0.7,0.62,-0.08,1.15,2.56,1.41,-8.04,4.96,7.78,2951.0,7.9899,-1.7282,-5.4759,-9.8272,-8.4717,14.7747,17.2823,1.9495,18.5554,360000.0,11.6216,5.7432,40.0676,0,4.84,-4.68,3.08,-0.7508110129253494,2005-2009→2009-2013
5630,Berlevåg,2009-2013,2009,2013,Finnmark,Nord-Norge,6,426,False,551.0,52.63,46.63,-6.0,21.05,14.64,-6.41,12.52,24.08,11.56,0.91,0.96,0.05,1.27,1.35,0.08,6.35,5.01,-1.34,1.09,1.93,0.84,0.0,2.12,2.12,1.63,0.58,-1.05,2.54,2.7,0.16,-6.33,0.0,0.0,1061.0,6.967,-3.393,-14.0821,-2.8275,-29.2177,18.4731,13.8549,0.3561,11.8881,318000.0,16.8959,11.5914,33.9882,0,8.47,-1.49,4.89,1.0476309554181253,2005-2009→2009-2013
5632,Båtsfjord,2009-2013,2009,2013,Finnmark,Nord-Norge,6,538,False,1010.0,49.6,45.12,-4.48,16.93,12.64,-4.29,22.67,33.92,11.25,0.89,0.41,-0.48,2.08,1.44,-0.64,3.96,2.26,-1.7,0.79,1.03,0.24,0.4,0.62,0.22,0.69,0.31,-0.38,1.98,2.26,0.28,-4.93,2.87,-2.87,2074.0,7.6372,4.243,-10.0666,46.2874,-3.8573,12.054,17.3095,0.4344,11.2981,362000.0,11.9526,26.1861,27.1898,0,-3.76,-1.1,13.14,9.66786663670376,2005-2009→2009-2013
5634,Vardø,2009-2013,2009,2013,Finnmark,Nord-Norge,6,515,False,1172.0,49.32,45.41,-3.91,22.53,21.57,-0.96,8.11,14.76,6.65,1.19,1.22,0.03,1.71,2.18,0.47,6.74,4.89,-1.85,1.54,3.58,2.04,0.17,1.4,1.23,0.85,0.79,-0.06,7.85,4.19,-3.66,-0.49,0.0,0.0,2144.0,7.6704,-0.7463,-14.7436,7.4627,-14.459,16.278,16.5112,1.0622,15.0807,321000.0,8.7968,5.6623,49.7472,0,-0.32,-1.77,2.69,-0.49511242375624276,2005-2009→2009-2013
5636,Unjárga - Nesseby,2009-2013,2009,2013,Finnmark,Nord-Norge,6,476,False,562.0,45.2,38.33,-6.87,17.79,10.89,-6.9,11.03,15.76,4.73,3.38,2.92,-0.46,3.02,7.0,3.98,16.73,16.15,-0.58,1.78,2.72,0.94,0.0,2.53,2.53,0.71,1.56,0.85,0.36,2.14,1.78,-2.92,0.0,0.0,878.0,6.7776,0.4556,-5.0592,14.8064,-11.3895,20.7289,15.7175,-0.5475,17.7898,324000.0,14.0777,2.9126,46.6019,0,4.51,-5.37,5.74,2.2165659100774917,2005-2009→2009-2013
0301,Oslo - Oslove,2017-2021,2017,2021,Oslo,Oslo/Akershus,1,1000,False,367101.0,28.35,22.96,-5.39,9.54,6.0,-3.54,26.45,23.54,-2.91,2.14,1.82,-0.32,2.12,3.15,1.03,9.28,13.27,3.99,8.43,10.05,1.62,5.95,8.48,2.53,6.29,8.26,1.97,1.46,2.46,1.0,-2.51,0.6,1.58,666759.0,13.4102,4.537,16.3176,12.6013,32.8365,10.7256,29.0984,0.462,49.29,446000.0,0.1485,2.9648,32.9874,0,-2.06,1.27,-3.34,-1.0067147638536325,2013-2017→2017-2021
1101,Eigersund,2017-2021,2017,2021,Rogaland,Vestlandet,4,747,False,8028.0,22.73,22.39,-0.34,23.43,19.23,-4.2,27.43,22.37,-5.06,7.45,7.94,0.49,9.37,13.43,4.06,2.79,4.17,1.38,2.8,2.76,-0.04,1.61,1.74,0.13,0.73,2.71,1.98,1.66,3.26,1.6,-0.14,8.22,3.56,14899.0,9.609,-0.7517,3.074,-17.3837,10.0678,14.3835,20.6054,2.1242,22.555,530000.0,2.8564,17.1657,31.6269,0,-1.71,3.38,-1.41,0.22274272057660416,2013-2017→2017-2021
1103,Stavanger,2017-2021,2017,2021,Rogaland,Vestlandet,2,890,False,74656.0,26.33,25.77,-0.56,15.45,12.5,-2.95,31.12,27.62,-3.5,5.25,4.74,-0.51,4.03,5.47,1.44,5.66,6.86,1.2,5.08,5.1,0.02,3.64,3.49,-0.15,1.84,5.38,3.54,1.6,3.08,1.48,-1.51,3.02,1.77,140856.0,11.8555,2.3364,8.2656,1.8246,21.0996,11.5629,23.759,1.2595,41.1847,541311.1642,1.0227,5.5946,32.7418,1,1.0,1.59,-1.83,0.2692834763630203,2013-2017→2017-2021
1106,Haugesund,2017-2021,2017,2021,Rogaland,Vestlandet,3,836,False,19654.0,26.74,26.36,-0.38,19.15,16.27,-2.88,30.92,26.09,-4.83,4.32,4.06,-0.26,3.38,5.8,2.42,4.62,5.89,1.27,3.96,4.01,0.05,2.75,2.88,0.13,1.28,3.92,2.64,2.87,4.73,1.86,-0.46,1.89,3.16,37166.0,10.5231,0.4224,7.8107,-3.1211,7.3185,13.5662,22.0013,1.7541,32.0481,457000.0,0.6178,9.7945,36.2181,0,-1.09,1.78,-2.09,-0.21212004972172527,2013-2017→2017-2021
1108,Sandnes,2017-2021,2017,2021,Rogaland,Vestlandet,2,882,False,39228.0,23.07,23.41,0.34,21.3,17.83,-3.47,27.84,23.21,-4.63,8.58,8.2,-0.38,5.84,8.39,2.55,3.79,4.99,1.2,3.58,3.75,0.17,2.72,2.47,-0.25,1.22,3.72,2.5,2.06,4.02,1.96,-0.92,4.71,2.22,76742.0,11.2482,4.8318,19.3425,18.4775,31.5733,10.3268,23.1477,1.1225,32.7244,567030.325,1.4388,7.8901,29.3294,1,1.21,2.07,-3.05,-1.2110946545903567,2013-2017→2017-2021
1111,Sokndal,2017-2021,2017,2021,Rogaland,Vestlandet,5,652,False,1958.0,18.69,17.14,-1.55,26.56,22.59,-3.97,23.03,17.04,-5.99,14.5,16.11,1.61,8.78,14.87,6.09,2.04,2.16,0.12,1.33,1.75,0.42,1.02,0.67,-0.35,0.87,2.99,2.12,3.17,4.68,1.51,2.12,7.28,4.52,3316.0,8.1065,-1.7793,-0.245,-22.0145,4.222,16.5862,18.7575,1.8663,16.7174,510000.0,4.1158,8.6174,31.1897,0,-4.0,2.44,1.12,2.5215702209339015,2013-2017→2017-2021
1112,Lund,2017-2021,2017,2021,Rogaland,Vestlandet,5,625,False,1824.0,18.53,16.69,-1.84,25.66,18.89,-6.77,19.79,13.31,-6.48,13.38,16.07,2.69,14.36,22.73,8.37,1.43,1.52,0.09,1.86,2.14,0.28,1.75,1.52,-0.23,0.66,1.86,1.2,2.58,5.25,2.67,1.6,11.9,10.16,3259.0,8.0892,-2.6082,-0.3766,-41.1169,15.3421,15.0967,20.2823,1.8851,19.0144,511000.0,5.9673,27.3241,30.5905,0,-3.74,4.04,0.76,1.9822003654739218,2013-2017→2017-2021
1114,Bjerkreim,2017-2021,2017,2021,Rogaland,Vestlandet,4,687,False,1564.0,9.59,10.99,1.4,16.5,13.59,-2.91,19.63,14.65,-4.98,19.05,15.7,-3.35,29.16,35.44,6.28,1.66,2.61,0.95,1.92,1.86,-0.06,0.64,0.87,0.23,0.7,1.68,0.98,1.15,2.61,1.46,3.37,28.94,7.6,2826.0,7.9466,-1.2385,5.281,-24.0623,11.6773,11.8188,19.6391,1.9039,20.6195,624000.0,15.8448,12.6233,25.5753,0,-2.87,0.43,-0.59,0.6995855734387127,2013-2017→2017-2021
1119,Hå,2017-2021,2017,2021,Rogaland,Vestlandet,4,773,False,9762.0,13.53,13.94,0.41,22.82,19.88,-2.94,23.35,17.31,-6.04,16.91,17.03,0.12,15.41,21.29,5.88,2.27,2.57,0.3,1.29,1.22,-0.07,1.27,1.0,-0.27,0.53,2.04,1.51,2.61,3.73,1.12,2.94,9.03,6.81,18800.0,9.8416,1.7021,13.6607,-13.2447,30.1064,11.2606,22.5266,1.8251,20.9568,557000.0,8.1942,17.997,27.4456,0,-1.16,1.07,-0.46,0.924366174045957,2013-2017→2017-2021
1120,Klepp,2017-2021,2017,2021,Rogaland,Vestlandet,3,851,False,10181.0,16.24,16.57,0.33,25.05,23.12,-1.93,27.9,20.42,-7.48,10.41,11.73,1.32,10.98,15.17,4.19,2.48,3.95,1.47,2.36,1.95,-0.41,1.6,1.27,-0.33,0.69,2.47,1.78,2.31,3.36,1.05,2.26,12.44,4.48,19042.0,9.8544,4.2327,14.0886,14.4943,27.4131,11.17,22.0723,0.7707,22.8682,577000.0,6.1078,13.2774,25.493,0,0.22,1.39,-1.87,-0.15635044599332448,2013-2017→2017-2021
1121,Time,2017-2021,2017,2021,Rogaland,Vestlandet,3,836,False,10448.0,19.46,19.78,0.32,18.26,15.72,-2.54,27.77,23.28,-4.49,11.53,10.7,-0.83,11.36,15.23,3.87,3.71,5.72,2.01,2.56,2.6,0.04,2.76,1.66,-1.1,0.55,2.11,1.56,2.05,3.2,1.15,1.33,12.89,5.82,18656.0,9.8339,2.4121,16.1459,-2.3585,26.6938,11.31,22.7219,1.4765,29.3832,578000.0,4.6255,13.2624,31.0479,0,-1.11,1.28,0.19,1.8485997759009398,2013-2017→2017-2021
1122,Gjesdal,2017-2021,2017,2021,Rogaland,Vestlandet,3,792,False,6147.0,21.95,22.3,0.35,21.77,17.88,-3.89,22.5,17.95,-4.55,13.58,12.56,-1.02,11.21,15.02,3.81,2.73,4.21,1.48,2.23,1.8,-0.43,1.81,1.88,0.07,0.62,2.73,2.11,1.61,3.67,2.06,-0.08,11.08,2.56,11902.0,9.3845,1.3611,14.8078,-19.4925,33.0197,8.7464,23.8279,1.615,24.5029,619000.0,3.1746,14.127,26.0635,0,1.26,3.32,-3.02,-1.5327671469575006,2013-2017→2017-2021
1124,Sola,2017-2021,2017,2021,Rogaland,Vestlandet,2,878,False,13810.0,19.08,19.34,0.26,22.61,20.26,-2.35,35.26,30.5,-4.76,6.57,6.56,-0.01,5.68,8.23,2.55,2.77,3.73,0.96,3.42,3.6,0.18,2.28,1.89,-0.39,0.72,2.61,1.89,1.61,3.28,1.67,0.2,5.52,4.42,26016.0,10.1665,5.5389,17.5889,25.7918,29.4819,10.5474,22.3901,0.9834,35.0896,628000.0,1.7564,6.7125,25.9259,0,1.01,2.24,-1.85,-0.01340957266664966,2013-2017→2017-2021
1127,Randaberg,2017-2021,2017,2021,Rogaland,Vestlandet,3,867,False,6065.0,20.73,21.03,0.3,18.66,16.36,-2.3,31.54,27.08,-4.46,11.71,12.12,0.41,6.6,8.91,2.31,2.64,3.77,1.13,3.26,3.26,0.0,2.46,1.81,-0.65,0.69,2.88,2.19,1.71,2.77,1.06,0.01,10.89,4.96,10873.0,9.294,4.0651,12.464,19.5898,20.8774,11.7999,20.9326,1.8281,29.4645,614000.0,1.8491,7.0601,30.9115,0,-0.83,2.25,-1.14,0.8637478180526934,2013-2017→2017-2021
1130,Strand,2017-2021,2017,2021,Rogaland,Vestlandet,3,787,False,6721.0,19.0,18.99,-0.01,21.4,18.35,-3.05,27.17,21.15,-6.02,14.89,13.86,-1.03,7.93,12.88,4.95,2.38,3.45,1.07,2.5,2.37,-0.13,1.9,1.46,-0.44,0.68,3.43,2.75,2.14,4.06,1.92,1.9,7.05,6.06,12662.0,9.4464,3.2222,14.8607,-1.1057,20.3759,13.0627,21.063,1.505,23.1345,544000.0,3.5228,12.4294,32.7684,0,-1.24,3.44,1.25,2.82165981926283,2013-2017→2017-2021
1133,Hjelmeland,2017-2021,2017,2021,Rogaland,Vestlandet,5,593,False,1454.0,15.34,14.83,-0.51,13.69,9.91,-3.78,17.47,13.7,-3.77,12.45,11.81,-0.64,32.32,35.35,3.03,2.96,5.13,2.17,2.13,1.34,-0.79,2.06,1.48,-0.58,0.34,3.02,2.68,1.24,3.44,2.2,-0.75,30.17,17.13,2708.0,7.904,-4.7267,-8.3156,-21.418,2.5849,17.356,16.9129,1.8301,24.1042,561000.0,17.147,14.2651,28.0259,0,-1.44,4.51,1.38,2.555572782063308,2013-2017→2017-2021
1134,Suldal,2017-2021,2017,2021,Rogaland,Vestlandet,6,518,False,2193.0,18.74,18.58,-0.16,11.49,8.56,-2.93,14.04,10.07,-3.97,10.03,9.0,-1.03,33.29,36.85,3.56,5.06,5.88,0.82,3.1,1.74,-1.36,2.37,1.83,-0.54,0.82,4.55,3.73,1.05,2.94,1.89,0.63,37.56,7.0,3853.0,8.2566,-1.142,-1.0649,-13.496,2.3358,17.5448,16.7402,2.1192,24.0878,532000.0,11.8408,3.8806,32.3881,0,-3.15,7.69,0.5,1.3921749774880725,2013-2017→2017-2021
1135,Sauda,2017-2021,2017,2021,Rogaland,Vestlandet,5,604,False,2665.0,33.73,32.17,-1.56,12.23,9.81,-2.42,18.69,13.11,-5.58,4.88,3.94,-0.94,19.55,23.7,4.15,4.47,6.05,1.58,2.33,1.3,-1.03,1.39,1.78,0.39,0.83,4.87,4.04,1.91,3.27,1.36,1.73,44.65,8.93,4760.0,8.468,-4.1807,-3.0193,-26.6807,-14.916,18.1303,18.9076,1.2076,21.5187,485000.0,2.0188,16.5994,36.6083,0,-5.69,12.24,-3.53,-2.2855697077798838,2013-2017→2017-2021
1144,Kvitsøy,2017-2021,2017,2021,Rogaland,Vestlandet,6,525,False,337.0,21.07,25.81,4.74,24.04,17.3,-6.74,18.1,14.96,-3.14,18.69,22.29,3.6,7.72,10.26,2.54,2.97,3.81,0.84,2.37,0.88,-1.49,3.56,1.76,-1.8,0.3,1.76,1.46,1.19,1.17,-0.02,-4.2,0.0,0.0,534.0,6.2804,-5.0562,-3.9773,-46.8165,-3.7453,19.8502,16.6667,1.6488,21.0162,617000.0,6.4151,9.0566,36.2264,0,-0.57,3.04,2.9,3.790232811265431,2013-2017→2017-2021
1145,Bokn,2017-2021,2017,2021,Rogaland,Vestlandet,5,624,False,514.0,17.32,18.43,1.11,14.4,14.42,0.02,27.63,19.71,-7.92,4.86,4.01,-0.85,30.93,34.12,3.19,0.78,2.55,1.77,1.17,0.73,-0.44,0.97,0.73,-0.24,0.19,1.46,1.27,1.75,3.83,2.08,3.21,49.69,-9.01,855.0,6.7511,0.4678,2.6284,-1.1696,5.848,17.7778,17.7778,1.7798,17.1014,572000.0,15.9251,9.3677,26.9321,0,-0.24,5.1,4.7,5.874051365268092,2013-2017→2017-2021
1146,Tysvær,2017-2021,2017,2021,Rogaland,Vestlandet,4,724,False,6162.0,20.93,20.65,-0.28,20.42,19.09,-1.33,27.69,19.38,-8.31,8.88,6.94,-1.94,12.69,18.15,5.46,2.19,3.91,1.72,2.52,2.37,-0.15,1.72,1.6,-0.12,0.52,2.95,2.43,2.45,4.96,2.51,4.13,12.47,8.33,11041.0,9.3094,1.2408,9.685,-7.8797,20.1974,13.1872,19.971,1.5918,23.8655,598000.0,5.2875,9.8539,30.819,0,-1.61,3.75,-0.04,1.3665150217365498,2013-2017→2017-2021
1149,Karmøy,2017-2021,2017,2021,Rogaland,Vestlandet,4,758,False,22930.0,19.1,19.7,0.6,25.54,23.14,-2.4,29.18,22.31,-6.87,11.16,10.96,-0.2,4.86,8.67,3.81,2.93,3.79,0.86,2.24,2.28,0.04,1.54,1.57,0.03,0.78,2.5,1.72,2.67,5.08,2.41,1.41,4.32,3.57,42229.0,10.6509,0.2747,5.696,-10.7272,13.4031,13.9691,19.8963,1.6526,22.4448,532000.0,2.0553,13.2581,31.7202,0,-1.96,2.64,1.71,3.3641512955782042,2013-2017→2017-2021
1151,Utsira,2017-2021,2017,2021,Rogaland,Vestlandet,6,293,False,135.0,33.33,41.98,8.65,8.89,6.87,-2.02,21.48,16.79,-4.69,1.48,1.53,0.05,27.41,23.66,-3.75,2.22,3.82,1.6,1.48,3.05,1.57,1.48,0.0,-1.48,1.48,0.76,-0.72,0.74,1.53,0.79,-5.77,0.0,0.0,201.0,5.3033,-4.4776,-11.1111,-39.801,-4.9751,15.4229,16.9154,4.3688,29.375,552000.0,9.434,0.0,44.3396,0,-7.8,13.23,-0.51,-0.28608438961329463,2013-2017→2017-2021
1160,Vindafjord,2017-2021,2017,2021,Rogaland,Vestlandet,5,643,False,4672.0,16.46,17.08,0.62,19.14,16.53,-2.61,20.36,16.74,-3.62,9.33,7.89,-1.44,26.35,29.19,2.84,2.8,3.9,1.1,2.27,2.2,-0.07,1.18,1.38,0.2,0.56,1.95,1.39,1.56,3.13,1.57,0.23,39.98,-6.77,8828.0,9.0857,-1.3933,4.9048,-21.2959,7.2497,14.9184,20.2084,1.4859,22.44,524000.0,10.1862,17.9847,26.4184,0,-3.47,5.68,-2.87,-1.6444543004311316,2013-2017→2017-2021
1505,Kristiansund,2017-2021,2017,2021,Møre og Romsdal,Vestlandet,4,749,False,12921.0,29.42,22.88,-6.54,14.42,17.23,2.81,8.34,6.42,-1.92,1.6,0.99,-0.61,16.28,27.85,11.57,3.76,6.67,2.91,5.22,2.36,-2.86,1.81,2.59,0.78,4.5,9.56,5.06,14.66,3.45,-11.21,14.38,24.09,-6.63,24442.0,10.1041,-1.4033,2.2444,-12.8058,-1.1865,16.0707,20.5098,2.3367,25.8839,467000.0,1.4896,6.0294,34.3501,0,-11.26,13.73,-9.86,-8.266006940945184,2013-2017→2017-2021
1506,Molde,2017-2021,2017,2021,Møre og Romsdal,Vestlandet,4,740,False,18094.0,18.91,20.51,1.6,18.65,15.0,-3.65,32.68,26.04,-6.64,5.88,5.09,-0.79,7.94,10.94,3.0,5.91,9.29,3.38,3.91,3.54,-0.37,3.22,4.19,0.97,1.05,2.79,1.74,1.86,2.62,0.76,-0.65,9.22,6.94,31870.0,10.3694,0.0,6.0742,-6.7775,6.3069,16.5359,20.7531,1.9423,33.3652,507782.0018,2.2139,9.7146,40.5519,1,-2.47,1.14,0.9,2.539037062745995,2013-2017→2017-2021
1508,Ålesund,2017-2021,2017,2021,Møre og Romsdal,Vestlandet,3,800,True,30095.0,20.74,19.99,-0.75,24.09,25.28,1.19,30.14,19.22,-10.92,6.68,5.91,-0.77,5.6,10.42,4.82,3.75,5.94,2.19,3.86,3.59,-0.27,2.47,2.89,0.42,1.1,2.98,1.88,1.56,3.78,2.22,6.01,3.71,9.13,55408.0,10.9225,3.7357,12.2593,21.6621,11.9336,14.0178,22.2206,1.6204,32.9214,508364.0787,1.634,11.4277,34.6739,1,-2.15,2.64,-1.61,0.13858725338447986,2013-2017→2017-2021
1511,Vanylven,2017-2021,2017,2021,Møre og Romsdal,Vestlandet,6,535,False,1975.0,16.2,14.05,-2.15,32.2,30.88,-1.32,17.92,9.99,-7.93,7.29,5.38,-1.91,17.37,20.84,3.47,1.87,2.94,1.07,4.15,6.69,2.54,1.06,1.17,0.11,0.3,2.33,2.03,1.62,5.73,4.11,2.15,15.66,0.83,3203.0,8.0718,-3.7465,-9.7747,-15.2982,-21.8545,23.5717,15.3606,2.5068,17.3014,509000.0,10.5364,8.1737,35.5683,0,-4.51,3.45,-1.73,-0.5519115432118682,2013-2017→2017-2021
1514,Sande,2017-2021,2017,2021,Møre og Romsdal,Vestlandet,6,560,False,1382.0,16.71,17.35,0.64,28.22,30.35,2.13,29.81,18.04,-11.77,5.79,4.13,-1.66,12.88,17.89,5.01,2.1,3.36,1.26,2.46,2.45,-0.01,0.51,0.46,-0.05,0.43,2.45,2.02,1.09,3.52,2.43,7.14,8.46,12.38,2540.0,7.8399,-3.7402,-6.8571,-26.7717,-10.6299,19.4882,16.0236,1.3707,20.2905,498000.0,6.2251,27.4541,30.7263,0,-1.07,2.0,0.94,2.064292198826527,2013-2017→2017-2021
1515,Herøy (Møre og Romsdal),2017-2021,2017,2021,Møre og Romsdal,Vestlandet,5,664,False,4949.0,15.28,15.81,0.53,31.44,32.32,0.88,30.19,18.9,-11.29,9.09,9.12,0.03,6.39,10.77,4.38,1.96,3.21,1.25,2.65,1.84,-0.81,1.09,1.22,0.13,0.46,1.43,0.97,1.45,5.37,3.92,5.26,0.0,9.48,8957.0,9.1002,-1.1053,3.8087,-14.9604,4.0192,16.2778,18.6223,1.943,21.3517,558000.0,7.8685,16.686,26.2208,0,-1.84,3.22,-4.35,-2.9489118511431966,2013-2017→2017-2021
1516,Ulstein,2017-2021,2017,2021,Møre og Romsdal,Vestlandet,4,719,False,4500.0,16.27,18.95,2.68,24.53,22.61,-1.92,31.69,22.5,-9.19,9.56,7.87,-1.69,7.11,12.32,5.21,3.62,4.51,0.89,3.78,3.46,-0.32,1.73,1.91,0.18,0.42,1.72,1.3,1.29,4.14,2.85,3.29,7.71,5.88,8457.0,9.0427,1.3953,10.6309,-7.4495,21.5206,13.0188,19.7351,2.1066,30.9744,527000.0,1.6235,25.7412,28.7294,0,-2.27,2.92,-2.18,-0.9088367730120792,2013-2017→2017-2021
1517,Hareid,2017-2021,2017,2021,Møre og Romsdal,Vestlandet,4,683,False,2758.0,16.57,19.7,3.13,31.65,27.5,-4.15,25.6,16.33,-9.27,6.71,5.02,-1.69,9.28,13.8,4.52,3.41,4.28,0.87,3.81,4.03,0.22,1.38,1.39,0.01,0.83,2.38,1.55,0.76,5.57,4.81,0.37,0.0,0.0,5185.0,8.5535,-0.8679,4.2174,-17.7435,9.0646,15.2748,20.7136,1.5929,23.3534,507000.0,1.8167,22.7291,29.4308,0,-2.26,4.03,-0.51,0.8400828682637562,2013-2017→2017-2021
1520,Ørsta,2017-2021,2017,2021,Møre og Romsdal,Vestlandet,4,718,False,6147.0,19.81,18.54,-1.27,26.03,21.86,-4.17,18.58,11.61,-6.97,5.09,4.15,-0.94,20.04,26.49,6.45,3.55,6.16,2.61,2.49,2.4,-0.09,2.38,1.98,-0.4,0.78,2.67,1.89,1.25,4.15,2.9,2.28,23.22,24.86,10744.0,9.2821,0.8004,4.4057,8.4698,9.4006,16.7722,20.0112,1.3996,25.7655,515000.0,4.6459,13.6381,35.5189,0,-3.97,7.74,-4.27,-2.703607370896398,2013-2017→2017-2021
1525,Stranda,2017-2021,2017,2021,Møre og Romsdal,Vestlandet,5,628,False,2459.0,16.31,16.78,0.47,22.69,28.02,5.33,21.19,11.37,-9.82,6.67,5.16,-1.51,24.24,25.59,1.35,2.81,4.91,2.1,2.6,2.01,-0.59,1.42,1.76,0.34,0.73,2.18,1.45,1.34,2.22,0.88,6.68,46.18,0.42,4623.0,8.4388,-3.05,-2.0328,-28.5529,-3.0283,19.9438,20.3547,0.7167,22.947,511000.0,4.0833,35.1667,24.5833,0,-4.57,8.26,-3.9,-2.5921044293321187,2013-2017→2017-2021
1528,Sykkylven,2017-2021,2017,2021,Møre og Romsdal,Vestlandet,4,695,False,4236.0,17.37,17.88,0.51,28.21,28.97,0.76,25.8,16.87,-8.93,5.71,5.47,-0.24,12.72,15.7,2.98,2.95,5.2,2.25,3.21,2.77,-0.44,1.51,1.46,-0.05,0.68,2.15,1.47,1.82,3.53,1.71,3.74,11.91,16.89,7695.0,8.9483,-1.2865,-0.8614,-10.7862,-2.2092,15.9714,17.8947,2.4198,23.2967,533000.0,1.5961,36.002,25.437,0,-2.73,4.82,-3.21,-1.634306406813423,2013-2017→2017-2021
1531,Sula,2017-2021,2017,2021,Møre og Romsdal,Vestlandet,4,737,False,4789.0,19.88,18.72,-1.16,29.88,32.55,2.67,25.58,16.51,-9.07,10.0,9.3,-0.7,5.2,8.13,2.93,3.05,5.27,2.22,2.76,2.03,-0.73,1.52,1.83,0.31,0.42,1.97,1.55,1.71,3.66,1.95,5.6,2.27,-2.27,9007.0,9.1058,4.4632,16.2179,24.9806,19.7624,13.434,20.1288,1.0309,26.4967,562000.0,1.9621,14.2637,33.2011,0,-1.11,2.44,-1.87,-0.487720058089687,2013-2017→2017-2021
1532,Giske,2017-2021,2017,2021,Møre og Romsdal,Vestlandet,4,714,False,4498.0,14.05,15.18,1.13,25.06,26.01,0.95,28.77,17.35,-11.42,15.05,15.86,0.81,6.4,9.87,3.47,2.56,4.47,1.91,4.45,3.05,-1.4,1.8,2.02,0.22,0.69,2.24,1.55,1.18,3.96,2.78,4.42,5.19,5.93,8176.0,9.009,4.0362,18.9817,13.2094,27.6419,12.977,20.499,1.5657,26.9176,589000.0,6.7491,11.3473,31.471,0,-2.58,1.93,-0.23,1.0040580947286346,2013-2017→2017-2021
1535,Vestnes,2017-2021,2017,2021,Møre og Romsdal,Vestlandet,5,644,False,3675.0,15.13,14.05,-1.08,26.78,31.4,4.62,22.75,14.36,-8.39,4.87,4.12,-0.75,17.12,17.07,-0.05,4.19,10.36,6.17,2.97,1.59,-1.38,1.63,1.48,-0.15,0.87,2.41,1.54,3.7,3.17,-0.53,4.57,41.83,-10.64,6577.0,8.7913,5.7929,6.9803,-4.1052,-0.6082,16.8314,18.8992,2.7145,19.9963,480000.0,4.1564,18.7808,37.5308,0,-3.43,2.59,-3.66,-2.28410941074687,2013-2017→2017-2021
1539,Rauma,2017-2021,2017,2021,Møre og Romsdal,Vestlandet,5,627,False,4091.0,18.92,20.41,1.49,21.24,21.76,0.52,22.88,15.28,-7.6,5.11,3.99,-1.12,16.72,18.86,2.14,8.02,7.82,-0.2,2.35,2.46,0.11,2.08,3.55,1.47,0.78,2.36,1.58,1.91,3.5,1.59,2.66,28.19,-8.87,7503.0,8.9231,-6.3575,-5.0541,-0.6664,-8.2634,19.2323,17.5663,1.7469,21.7285,482000.0,5.6981,12.3683,30.7858,0,-6.5,3.39,0.5,1.793022321152803,2013-2017→2017-2021
1547,Aukra,2017-2021,2017,2021,Møre og Romsdal,Vestlandet,5,616,False,1867.0,19.5,20.43,0.93,22.92,9.69,-13.23,28.92,30.59,1.67,5.68,6.97,1.29,11.3,17.44,6.14,4.07,4.92,0.85,3.8,3.04,-0.76,1.5,2.04,0.54,0.86,1.62,0.76,1.45,3.25,1.8,-7.09,8.29,9.04,3547.0,8.1739,-0.7048,8.4026,-10.1494,-1.4096,16.9721,19.1147,1.3982,24.9644,556000.0,3.8667,14.6341,35.931,0,-3.53,4.11,0.04,1.1177446843169503,2013-2017→2017-2021
1554,Averøy,2017-2021,2017,2021,Møre og Romsdal,Vestlandet,5,611,False,3149.0,26.71,22.21,-4.5,22.42,23.85,1.43,12.04,7.55,-4.49,5.4,3.7,-1.7,17.18,24.74,7.56,2.86,4.61,1.75,5.78,3.38,-2.4,1.81,1.71,-0.1,1.27,3.54,2.27,4.54,4.71,0.17,8.99,10.24,3.83,5856.0,8.6752,-0.8197,5.2174,-10.0751,1.5369,16.7862,18.306,2.7558,22.1474,530000.0,7.1253,14.4963,29.8701,0,-3.19,8.34,-7.9,-6.8202394144649805,2013-2017→2017-2021
1557,Gjemnes,2017-2021,2017,2021,Møre og Romsdal,Vestlandet,5,576,False,1487.0,19.7,19.45,-0.25,16.01,16.03,0.02,16.68,9.46,-7.22,7.4,4.07,-3.33,28.65,35.61,6.96,3.7,6.18,2.48,2.22,1.91,-0.31,1.82,1.18,-0.64,0.94,2.89,1.95,2.89,3.22,0.33,6.98,29.93,19.88,2611.0,7.8675,1.8001,2.9435,19.1498,-1.149,18.8434,16.7752,1.9241,22.449,511000.0,9.0132,10.9557,37.6845,0,-7.76,7.42,0.77,1.9100485264850517,2013-2017→2017-2021
1560,Tingvoll,2017-2021,2017,2021,Møre og Romsdal,Vestlandet,5,568,False,1797.0,27.88,21.88,-6.0,15.41,17.85,2.44,10.57,5.69,-4.88,4.56,3.09,-1.47,29.16,34.09,4.93,3.12,4.92,1.8,3.01,2.04,-0.97,2.95,2.93,-0.02,0.61,3.59,2.98,2.73,3.92,1.19,7.37,22.4,10.69,3109.0,8.0421,-3.9884,-2.6101,-25.7317,-14.1525,21.293,16.5648,1.9566,24.8555,487000.0,8.9903,10.7192,33.7483,0,-4.51,10.33,-4.06,-3.00279075227862,2013-2017→2017-2021
1563,Sunndal,2017-2021,2017,2021,Møre og Romsdal,Vestlandet,5,640,False,4220.0,46.23,38.89,-7.34,12.68,11.48,-1.2,10.73,8.38,-2.35,2.63,1.81,-0.82,15.31,21.24,5.93,5.85,7.16,1.31,2.63,2.77,0.14,1.8,2.05,0.25,1.26,3.01,1.75,0.88,3.22,2.34,4.73,16.14,5.92,7126.0,8.8715,-2.3856,-4.2796,-17.5414,-6.3149,17.6116,18.5237,1.983,22.5362,483000.0,2.9258,25.4635,31.2862,0,-5.95,7.02,-3.64,-2.2415671380084805,2013-2017→2017-2021
1566,Surnadal,2017-2021,2017,2021,Møre og Romsdal,Vestlandet,5,607,False,3387.0,34.69,28.65,-6.04,12.31,10.36,-1.95,12.02,7.57,-4.45,2.98,2.08,-0.9,31.0,39.42,8.42,2.18,4.49,2.31,1.36,1.17,-0.19,2.01,1.88,-0.13,0.59,2.47,1.88,0.86,1.91,1.05,6.47,35.57,10.44,5986.0,8.6972,-1.9044,-1.2943,-10.1904,-8.3528,19.128,18.1924,2.3809,20.4964,506000.0,7.1523,15.6291,33.7417,0,-3.17,2.78,-1.68,-0.445432440357622,2013-2017→2017-2021
1573,Smøla,2017-2021,2017,2021,Møre og Romsdal,Vestlandet,6,501,False,1248.0,28.04,20.42,-7.62,13.7,14.91,1.21,16.91,7.7,-9.21,2.4,2.19,-0.21,23.0,39.3,16.3,3.61,5.67,2.06,3.77,1.46,-2.31,1.28,0.89,-0.39,1.04,3.73,2.69,6.25,3.73,-2.52,17.51,14.93,24.46,2160.0,7.6779,-1.4815,-0.4212,-3.7037,-12.037,20.1852,17.6852,2.7471,18.588,457000.0,20.0,9.1324,28.1279,0,-7.47,11.14,-3.11,-2.2458324630145103,2013-2017→2017-2021
1576,Aure,2017-2021,2017,2021,Møre og Romsdal,Vestlandet,6,501,False,2000.0,23.5,20.27,-3.23,15.4,16.0,0.6,14.5,8.66,-5.84,3.9,2.75,-1.15,27.35,35.84,8.49,2.2,4.02,1.82,3.8,1.61,-2.19,2.15,1.18,-0.97,1.45,5.68,4.23,5.75,3.98,-1.77,9.09,41.74,-12.64,3590.0,8.1859,-3.3983,-1.5612,-22.8412,-11.1421,20.585,15.961,1.5892,20.2802,468000.0,12.0413,11.0092,34.805,0,-7.52,9.71,-4.76,-3.9495810368611695,2013-2017→2017-2021
1577,Volda,2017-2021,2017,2021,Møre og Romsdal,Vestlandet,4,705,False,6069.0,19.44,19.16,-0.28,19.61,14.59,-5.02,15.93,11.17,-4.76,8.72,6.77,-1.95,19.67,22.95,3.28,6.81,10.49,3.68,3.44,3.77,0.33,3.71,3.68,-0.03,1.86,3.79,1.93,0.81,3.63,2.82,-1.74,14.83,5.85,10300.0,9.2399,4.6699,9.3186,29.6117,8.0583,16.4951,22.6117,0.8131,35.9608,512486.4364,4.7021,8.4877,45.1484,1,-0.87,6.69,-3.68,-2.2342198382876504,2013-2017→2017-2021
1578,Fjord,2017-2021,2017,2021,Møre og Romsdal,Vestlandet,6,564,False,1433.0,15.84,16.15,0.31,18.63,19.73,1.1,21.35,13.62,-7.73,4.95,3.37,-1.58,30.01,31.32,1.31,3.28,7.94,4.66,1.47,1.12,-0.35,1.67,1.4,-0.27,1.12,2.6,1.48,1.67,2.74,1.07,2.41,37.55,-3.74,2668.0,7.8891,-6.2219,-10.097,-47.2264,-14.9925,19.6777,15.1799,3.184,21.9534,494964.7266,9.1045,9.0299,34.9254,1,-4.69,4.03,-0.44,0.7632297832019315,2013-2017→2017-2021
1579,Hustadvika,2017-2021,2017,2021,Møre og Romsdal,Vestlandet,5,651,False,7183.0,17.78,18.0,0.22,27.11,25.64,-1.47,26.37,17.67,-8.7,5.07,5.02,-0.05,14.45,19.56,5.11,2.83,3.85,1.02,2.14,2.11,-0.03,1.56,1.38,-0.18,0.54,2.23,1.69,2.16,4.53,2.37,3.64,28.95,14.81,13195.0,9.4876,0.9246,4.3488,0.9094,8.4881,15.5438,19.4543,1.7274,20.0114,531295.8303,5.3945,14.211,32.1279,1,-3.37,3.22,-1.64,-0.2868929316597191,2013-2017→2017-2021
1580,Haram,2017-2021,2017,2021,Møre og Romsdal,Vestlandet,5,625,True,5119.0,19.55,19.99,0.44,24.77,25.28,0.51,22.54,19.22,-3.32,7.33,5.91,-1.42,16.88,10.42,-6.46,1.93,5.94,4.01,2.97,3.59,0.62,1.99,2.89,0.9,0.59,2.98,2.39,1.45,3.78,2.33,-5.95,21.4,-8.56,9312.0,9.1391,-1.2873,3.7837,5.1272,5.3462,16.86,18.3634,-1.2217,22.548,525000.0,4.1078,32.8624,27.6679,0,-1.38,7.92,-6.56,-5.350525293810628,2013-2017→2017-2021
1804,Bodø,2017-2021,2017,2021,Nordland,Nord-Norge,3,793,False,29317.0,22.92,28.13,5.21,17.64,12.43,-5.21,27.85,21.82,-6.03,2.61,2.05,-0.56,9.09,10.64,1.55,7.82,8.45,0.63,4.07,4.63,0.56,3.08,3.73,0.65,3.53,5.59,2.06,1.4,2.53,1.13,-3.66,3.28,6.67,51022.0,10.84,3.0144,9.8501,17.1299,12.9356,13.0904,22.7451,1.5557,35.0999,527000.0,1.1016,3.4503,44.6004,0,-6.96,5.92,0.93,2.6729010813619976,2013-2017→2017-2021
1806,Narvik,2017-2021,2017,2021,Nordland,Nord-Norge,4,686,True,11989.22,30.67,31.42,0.75,17.39,14.34,-3.05,23.42,15.92,-7.5,2.83,2.24,-0.59,10.73,17.16,6.43,7.08,7.88,0.8,1.9,1.71,-0.19,2.01,1.97,-0.04,1.92,4.69,2.77,2.04,2.66,0.62,3.38,5.25,15.65,22137.7786,10.005,-2.1537,-0.8446,-19.44,-6.0039,17.5141,21.0857,1.7879,27.1815,484311.1329,1.2539,3.4918,41.7122,1,-4.83,7.12,-1.18,0.3699042324042945,2013-2017→2017-2021
1811,Bindal,2017-2021,2017,2021,Nordland,Nord-Norge,6,426,False,988.0,33.3,32.2,-1.1,8.7,5.97,-2.73,11.74,7.57,-4.17,1.82,2.13,0.31,35.02,37.42,2.4,3.64,4.8,1.16,2.23,1.39,-0.84,1.92,2.13,0.21,1.01,3.73,2.72,0.61,2.67,2.06,-0.33,10.65,8.41,1473.0,7.2951,-5.1595,-12.2487,-21.7244,-29.871,23.8968,15.1392,2.9464,18.0791,439000.0,14.3297,3.698,45.3005,0,-13.9,20.07,1.67,2.4539279668403786,2013-2017→2017-2021
1812,Sømna,2017-2021,2017,2021,Nordland,Nord-Norge,6,505,False,1215.0,23.13,22.04,-1.09,12.26,7.91,-4.35,8.81,4.71,-4.1,2.14,1.36,-0.78,44.36,50.08,5.72,3.87,5.11,1.24,0.74,1.12,0.38,1.56,0.56,-1.0,2.14,5.51,3.37,0.99,1.6,0.61,1.37,38.94,12.54,2047.0,7.6241,-2.7846,-1.7284,-12.213,-17.5867,19.3454,16.7562,1.8104,20.5113,460000.0,14.5308,7.2654,40.2624,0,-10.23,17.62,-2.0,-1.1849316678748292,2013-2017→2017-2021
1813,Brønnøy,2017-2021,2017,2021,Nordland,Nord-Norge,5,613,False,4348.0,29.14,29.35,0.21,16.03,11.94,-4.09,17.57,10.08,-7.49,1.47,1.23,-0.24,20.91,27.54,6.63,6.09,6.61,0.52,1.91,1.84,-0.07,2.44,1.82,-0.62,2.71,6.17,3.46,1.72,3.43,1.71,2.54,20.17,18.93,7956.0,8.9817,-1.9231,1.0882,-16.8426,-1.7597,15.1961,19.0799,2.2203,23.1131,488000.0,5.9659,3.0217,45.4029,0,-10.15,11.25,-1.76,-0.6001436113462719,2013-2017→2017-2021
1815,Vega,2017-2021,2017,2021,Nordland,Nord-Norge,6,400,False,779.0,29.14,28.91,-0.23,10.53,10.25,-0.28,13.74,6.31,-7.43,1.16,0.79,-0.37,32.48,37.32,4.84,4.49,5.91,1.42,1.67,0.92,-0.75,1.41,1.71,0.3,3.72,4.6,0.88,1.67,3.29,1.62,4.56,32.83,-3.81,1234.0,7.118,-4.2139,-6.9291,-12.1556,-30.7942,22.6904,16.6937,0.829,20.4957,451000.0,19.3043,4.1739,37.7391,0,-9.64,14.71,1.81,2.3451107045397004,2013-2017→2017-2021
1816,Vevelstad,2017-2021,2017,2021,Nordland,Nord-Norge,6,373,False,285.0,28.42,27.24,-1.18,8.42,12.07,3.65,9.12,5.52,-3.6,1.75,2.07,0.32,43.16,42.41,-0.75,2.46,3.1,0.64,1.05,0.69,-0.36,1.05,0.69,-0.36,3.16,5.17,2.01,1.4,1.03,-0.37,2.9,0.0,0.0,528.0,6.2691,-11.9318,-10.5769,-126.8939,7.5758,20.2652,14.7727,4.0359,20.0,449000.0,25.0,4.0984,38.1148,0,-8.81,17.63,0.25,0.46320852927743084,2013-2017→2017-2021
1818,Herøy (Nordland),2017-2021,2017,2021,Nordland,Nord-Norge,6,480,False,881.0,35.75,32.29,-3.46,13.39,13.03,-0.36,17.48,12.92,-4.56,1.82,1.0,-0.82,20.89,27.84,6.95,4.54,4.57,0.03,1.02,0.33,-0.69,0.91,0.89,-0.02,1.36,3.56,2.2,2.84,3.56,0.72,6.59,8.53,12.35,1788.0,7.4889,0.2796,8.7326,2.7964,-0.5593,18.4004,20.0783,1.6219,17.362,470000.0,13.3811,16.2485,28.1959,0,-6.24,12.31,0.21,0.8433795086722361,2013-2017→2017-2021
1820,Alstahaug,2017-2021,2017,2021,Nordland,Nord-Norge,5,653,False,3926.0,27.94,26.32,-1.62,16.2,11.28,-4.92,17.4,9.67,-7.73,1.63,0.8,-0.83,20.99,31.67,10.68,6.14,6.15,0.01,1.94,1.38,-0.56,1.94,1.66,-0.28,4.28,7.51,3.23,1.55,3.57,2.02,5.76,19.86,25.24,7428.0,8.913,-0.4577,1.3432,-10.3662,5.6543,16.7878,20.1131,2.3223,26.7706,489000.0,4.8223,4.1334,42.1879,0,-10.75,12.2,-2.19,-0.8260498076733311,2013-2017→2017-2021
1822,Leirfjord,2017-2021,2017,2021,Nordland,Nord-Norge,6,559,False,1209.0,29.61,26.18,-3.43,17.2,13.36,-3.84,11.83,4.72,-7.11,1.82,1.1,-0.72,25.06,37.89,12.83,6.53,6.84,0.31,1.74,0.31,-1.43,1.82,1.1,-0.72,2.98,6.13,3.15,1.41,2.36,0.95,8.99,24.77,11.43,2278.0,7.7311,0.0,5.463,-12.2915,12.7305,16.0228,20.1493,2.4144,22.1484,480000.0,11.2053,6.0264,37.9473,0,-6.65,7.97,-1.32,-0.4399012105686332,2013-2017→2017-2021
1824,Vefsn,2017-2021,2017,2021,Nordland,Nord-Norge,4,686,False,7544.0,31.8,31.89,0.09,16.83,17.35,0.52,15.12,8.04,-7.08,1.75,1.36,-0.39,19.15,21.93,2.78,5.82,5.71,-0.11,2.0,1.43,-0.57,1.78,1.86,0.08,4.36,7.03,2.67,1.38,3.4,2.02,3.3,8.35,23.33,13465.0,9.5078,-1.4631,-0.2931,-9.7289,-5.1987,18.277,19.6064,1.1381,23.2623,473000.0,2.6946,14.075,38.7476,0,-7.87,11.4,-2.15,-0.604015540414,2013-2017→2017-2021
1825,Grane,2017-2021,2017,2021,Nordland,Nord-Norge,6,494,False,864.0,40.16,33.76,-6.4,14.12,12.24,-1.88,8.45,7.18,-1.27,1.04,0.82,-0.22,30.79,34.24,3.45,2.08,2.71,0.63,0.81,0.71,-0.1,0.58,0.59,0.01,1.27,4.94,3.67,0.69,2.82,2.13,1.57,43.13,16.36,1469.0,7.2923,-1.0892,-2.2865,4.0844,-14.9762,21.7155,16.678,1.5468,16.8831,469000.0,8.4371,18.6722,37.2061,0,-5.76,10.63,-3.21,-2.3351121010162874,2013-2017→2017-2021
1826,Aarborte - Hattfjelldal,2017-2021,2017,2021,Nordland,Nord-Norge,6,453,False,846.0,31.91,31.15,-0.76,7.8,6.06,-1.74,7.21,4.0,-3.21,1.54,0.85,-0.69,43.5,45.82,2.32,3.19,4.48,1.29,0.71,0.36,-0.35,0.95,0.61,-0.34,2.13,4.0,1.87,1.06,2.67,1.61,0.58,38.28,7.88,1414.0,7.2542,-10.396,-13.3971,-77.0863,-27.5813,23.6917,16.2659,2.2752,17.6122,440000.0,16.8317,11.5983,39.4625,0,-2.12,5.44,-0.06,0.6337087751691981,2013-2017→2017-2021
1827,Dønna,2017-2021,2017,2021,Nordland,Nord-Norge,6,429,False,801.0,22.72,23.73,1.01,12.86,9.93,-2.93,13.23,8.47,-4.76,1.12,0.61,-0.51,33.83,38.86,5.03,8.24,7.14,-1.1,0.75,0.48,-0.27,1.12,1.21,0.09,2.75,6.78,4.03,3.37,2.78,-0.59,2.1,0.0,19.83,1410.0,7.2513,-2.766,-5.383,-8.5106,-19.1489,20.1418,17.4468,2.8341,21.7391,433000.0,14.1123,3.4901,39.909,0,-15.07,14.62,1.4,2.048572710765096,2013-2017→2017-2021
1828,Nesna,2017-2021,2017,2021,Nordland,Nord-Norge,6,494,False,1015.0,25.02,23.98,-1.04,12.12,7.76,-4.36,15.86,7.04,-8.82,2.36,1.94,-0.42,25.62,36.84,11.22,11.43,8.78,-2.65,1.87,0.71,-1.16,2.36,1.73,-0.63,1.97,7.24,5.27,1.38,3.98,2.6,6.86,18.09,5.09,1837.0,7.5159,-7.4034,-5.9181,-69.6788,-5.4437,16.1132,20.7403,2.5817,29.4079,424000.0,12.093,4.5349,49.0698,0,-3.67,13.01,-3.27,-2.5133382537001077,2013-2017→2017-2021
1832,Hemnes,2017-2021,2017,2021,Nordland,Nord-Norge,5,567,False,2646.0,29.33,30.3,0.97,13.19,8.21,-4.98,17.54,12.31,-5.23,2.0,1.23,-0.77,21.84,28.31,6.47,7.26,6.44,-0.82,1.93,1.46,-0.47,2.46,1.65,-0.81,3.63,7.48,3.85,0.83,2.61,1.78,1.49,18.22,6.84,4524.0,8.4172,-2.122,-3.7391,-11.4943,-9.7259,20.7118,18.1034,1.4201,18.3526,468000.0,6.1332,12.0747,38.7159,0,-9.03,8.76,1.13,2.205268635133409,2013-2017→2017-2021
1833,Rana - Raane,2017-2021,2017,2021,Nordland,Nord-Norge,4,713,False,14736.0,32.89,39.8,6.91,15.31,6.17,-9.14,20.78,18.61,-2.17,1.72,1.2,-0.52,12.78,13.76,0.98,7.58,6.85,-0.73,2.06,2.41,0.35,2.07,1.99,-0.08,3.59,6.13,2.54,1.24,3.07,1.83,-8.16,10.38,18.79,26101.0,10.1697,-0.069,2.2903,-1.8773,0.8812,16.6009,20.2789,1.4415,24.6506,500000.0,1.7332,11.4685,36.7164,0,-13.56,8.92,2.43,3.992482785256434,2013-2017→2017-2021
1834,Lurøy,2017-2021,2017,2021,Nordland,Nord-Norge,6,362,False,1095.0,24.02,24.61,0.59,19.0,14.1,-4.9,15.07,14.65,-0.42,3.47,2.12,-1.35,24.84,28.94,4.1,4.47,4.52,0.05,2.47,1.29,-1.18,2.37,1.38,-0.99,1.55,5.44,3.89,2.74,2.95,0.21,-0.8,32.42,-2.44,1920.0,7.5601,-2.2917,-1.8828,-7.2917,-16.6667,21.0417,17.7083,1.6129,17.7623,475000.0,16.5924,18.0401,31.8486,0,-7.02,12.76,-4.77,-4.376336945732898,2013-2017→2017-2021
1835,Træna,2017-2021,2017,2021,Nordland,Nord-Norge,6,323,False,215.0,22.33,20.27,-2.06,15.81,15.32,-0.49,7.44,6.31,-1.13,9.77,4.05,-5.72,29.3,41.44,12.14,7.91,4.95,-2.96,1.86,0.45,-1.41,0.47,1.35,0.88,1.4,3.6,2.2,3.72,2.25,-1.47,11.65,0.0,0.0,465.0,6.142,-4.9462,-9.7959,-51.6129,-2.1505,14.8387,21.9355,2.3559,21.9895,450000.0,16.6667,31.6239,29.4872,0,-7.71,10.47,-5.12,-5.058680960867603,2013-2017→2017-2021
1836,Rødøy,2017-2021,2017,2021,Nordland,Nord-Norge,6,338,False,697.0,17.79,19.46,1.67,17.5,11.85,-5.65,15.06,9.45,-5.61,5.74,5.22,-0.52,33.0,39.21,6.21,4.16,3.67,-0.49,0.86,1.13,0.27,1.43,1.27,-0.16,1.58,4.51,2.93,2.87,4.23,1.36,0.56,35.46,-19.26,1267.0,7.1444,-4.8145,-6.8006,-39.4633,-8.6819,18.7845,17.5217,2.6914,16.5531,462000.0,17.6948,3.7338,37.6623,0,-9.21,14.13,0.73,1.0634632224447371,2013-2017→2017-2021
1837,Meløy,2017-2021,2017,2021,Nordland,Nord-Norge,6,488,False,3363.0,25.01,25.74,0.73,20.01,15.46,-4.55,20.07,14.96,-5.11,5.35,5.1,-0.25,18.35,22.39,4.04,4.85,5.01,0.16,2.26,1.91,-0.35,1.25,1.18,-0.07,1.13,2.97,1.84,1.72,5.27,3.55,-0.51,19.77,6.7,6435.0,8.7695,-2.9215,-6.0602,-23.31,-5.7498,18.0109,18.6325,1.9347,18.3117,505000.0,8.1117,14.9097,37.2742,0,-5.69,12.19,-1.64,-0.7473831665996516,2013-2017→2017-2021
1838,Gildeskål,2017-2021,2017,2021,Nordland,Nord-Norge,6,478,False,1108.0,23.92,25.0,1.08,18.86,13.43,-5.43,18.41,16.52,-1.89,3.97,3.45,-0.52,20.04,22.7,2.66,5.14,4.51,-0.63,1.81,1.41,-0.4,2.53,2.39,-0.14,2.26,5.65,3.39,3.07,4.95,1.88,-2.77,15.11,4.22,2024.0,7.6128,-5.1383,-4.9505,-25.6917,-26.1858,21.5909,16.3538,3.357,22.6979,446000.0,11.6953,5.794,41.5236,0,-7.9,10.97,0.8,1.6149545056084211,2013-2017→2017-2021
1839,Beiarn,2017-2021,2017,2021,Nordland,Nord-Norge,6,448,False,679.0,28.57,26.52,-2.05,13.84,12.17,-1.67,13.55,8.27,-5.28,1.47,0.62,-0.85,34.61,41.03,6.42,3.09,2.96,-0.13,1.18,0.78,-0.4,1.47,1.09,-0.38,1.18,2.81,1.63,1.03,3.74,2.71,4.75,34.12,22.95,1043.0,6.9499,-4.2186,-9.4288,-19.1755,-23.0105,25.3116,15.0527,2.9166,13.0387,429000.0,12.3431,3.5565,43.9331,0,-11.98,14.03,0.14,0.9487676532229726,2013-2017→2017-2021
1840,Saltdal,2017-2021,2017,2021,Nordland,Nord-Norge,5,603,False,2697.0,26.92,28.83,1.91,17.87,14.41,-3.46,19.65,10.75,-8.9,2.19,1.79,-0.4,22.77,29.54,6.77,4.97,5.04,0.07,1.41,1.38,-0.03,1.33,1.08,-0.25,2.19,4.14,1.95,0.7,3.02,2.32,3.31,15.34,19.36,4702.0,8.4557,-1.4887,-0.8562,-7.0183,-8.507,19.8214,17.4394,2.0051,22.4134,481000.0,3.2244,13.614,44.7828,0,-10.62,16.71,-2.22,-0.975482547254392,2013-2017→2017-2021
1841,Fauske - Fuossko,2017-2021,2017,2021,Nordland,Nord-Norge,4,679,False,5606.0,30.57,32.19,1.62,19.46,14.98,-4.48,20.55,16.02,-4.53,2.0,1.91,-0.09,12.49,16.4,3.91,6.71,6.33,-0.38,2.19,1.82,-0.37,1.69,1.69,0.0,3.21,4.58,1.37,1.12,4.07,2.95,-0.57,0.0,18.11,9729.0,9.1829,-0.9148,1.1224,-2.2613,-6.2699,18.5631,18.6967,1.5096,22.9144,484000.0,2.8278,6.6611,39.2752,0,-8.91,8.39,-1.0,0.47368316601649196,2013-2017→2017-2021
1845,Sørfold - Fuolldá,2017-2021,2017,2021,Nordland,Nord-Norge,6,547,False,1147.0,33.65,33.16,-0.49,13.86,12.09,-1.77,16.39,9.69,-6.7,1.05,1.51,0.46,23.19,29.16,5.97,5.75,4.62,-1.13,0.96,0.98,0.02,1.05,0.71,-0.34,2.62,4.98,2.36,1.48,3.11,1.63,4.2,26.24,15.92,1958.0,7.5797,-2.3493,-3.8713,-5.1073,-18.3861,22.0123,15.4239,3.3016,17.1605,493000.0,9.141,12.6652,38.1057,0,-11.85,15.13,-0.76,0.3769867188335947,2013-2017→2017-2021
1848,Steigen,2017-2021,2017,2021,Nordland,Nord-Norge,6,403,False,1469.0,21.51,22.21,0.7,15.38,10.83,-4.55,12.8,9.4,-3.4,2.59,2.32,-0.27,31.52,32.77,1.25,7.08,9.81,2.73,2.45,2.32,-0.13,1.97,2.25,0.28,3.95,4.97,1.02,0.75,3.13,2.38,-3.3,27.72,13.09,2543.0,7.8411,1.6909,-1.26,44.0425,-26.3468,23.0043,17.0271,0.7776,20.2226,446000.0,22.9866,2.9362,35.2349,0,-8.48,17.95,-0.08,0.4746103617466076,2013-2017→2017-2021
1851,Lødingen,2017-2021,2017,2021,Nordland,Nord-Norge,6,537,False,1200.0,25.5,26.36,0.86,15.25,19.98,4.73,22.25,13.18,-9.07,1.08,0.67,-0.41,21.58,24.1,2.52,7.25,6.72,-0.53,2.33,1.43,-0.9,1.5,1.34,-0.16,1.25,3.27,2.02,2.0,2.94,0.94,7.25,0.0,17.29,2134.0,7.6658,-6.1387,-8.7887,-36.0825,-25.3046,23.4302,15.2296,3.5294,21.2719,449000.0,8.1675,7.5393,42.0942,0,-3.27,15.84,-1.7,-0.568819898125797,2013-2017→2017-2021
1853,Evenes - Evenássi,2017-2021,2017,2021,Nordland,Nord-Norge,6,528,False,804.0,22.51,28.64,6.13,16.92,14.08,-2.84,26.37,15.29,-11.08,3.36,3.76,0.4,17.54,21.0,3.46,5.47,5.34,-0.13,2.86,1.58,-1.28,1.99,1.58,-0.41,1.62,4.73,3.11,1.37,4.0,2.63,0.62,15.47,1.89,1402.0,7.2457,-5.5635,-1.3413,-44.9358,-10.699,23.6805,15.6919,3.5099,19.273,460000.0,3.3159,2.6178,46.2478,0,-5.63,6.01,1.78,2.7069520192721823,2013-2017→2017-2021
1856,Røst,2017-2021,2017,2021,Nordland,Nord-Norge,6,366,False,302.0,27.48,30.5,3.02,14.57,9.22,-5.35,14.9,17.73,2.83,1.66,0.35,-1.31,18.21,28.01,9.8,7.95,1.77,-6.18,4.64,3.55,-1.09,2.65,1.06,-1.59,4.3,5.32,1.02,3.64,2.48,-1.16,4.45,0.0,0.0,535.0,6.2823,-8.785,-19.3388,-46.729,-41.1215,19.8131,15.7009,1.0886,14.3478,459000.0,17.6895,19.8556,25.6318,0,-15.95,12.49,-1.6,-1.0695727313309145,2013-2017→2017-2021
1857,Værøy,2017-2021,2017,2021,Nordland,Nord-Norge,6,370,False,369.0,17.34,23.28,5.94,24.93,13.79,-11.14,12.74,17.82,5.08,7.32,7.76,0.44,24.66,26.44,1.78,6.23,2.87,-3.36,2.71,0.86,-1.85,0.81,0.57,-0.24,0.81,2.01,1.2,2.44,4.6,2.16,-9.36,0.0,8.83,744.0,6.612,-6.1828,-6.6845,-43.0108,-18.8172,19.6237,17.8763,0.8635,14.1234,417000.0,15.9892,25.7453,33.3333,0,-10.16,17.16,-3.93,-3.5683553111843307,2013-2017→2017-2021
1859,Flakstad,2017-2021,2017,2021,Nordland,Nord-Norge,6,522,False,708.0,16.53,23.28,6.75,9.32,12.09,2.77,12.29,9.55,-2.74,2.68,2.09,-0.59,33.9,29.55,-4.35,11.16,8.66,-2.5,4.52,2.39,-2.13,3.11,3.73,0.62,1.13,5.22,4.09,5.37,3.43,-1.94,-1.58,48.26,-2.52,1349.0,7.2071,-8.2283,-8.9706,-65.9748,-16.3084,21.275,17.4203,3.8461,17.8131,497000.0,25.6966,6.6563,35.6037,0,-10.91,12.06,-0.78,0.2673165722312447,2013-2017→2017-2021
1860,Vestvågøy,2017-2021,2017,2021,Nordland,Nord-Norge,5,631,False,5824.0,20.4,22.94,2.54,16.19,13.57,-2.62,20.79,15.7,-5.09,5.63,5.07,-0.56,18.92,22.12,3.2,9.5,7.95,-1.55,2.23,1.96,-0.27,2.25,2.71,0.46,1.6,3.5,1.9,2.49,4.48,1.99,0.58,15.71,13.75,11294.0,9.332,2.0099,6.8738,15.3179,4.7813,16.3273,20.0815,1.3882,22.918,478000.0,7.7009,7.4047,41.5957,0,-6.9,9.6,-1.44,-0.18843163299803,2013-2017→2017-2021
1865,Vågan,2017-2021,2017,2021,Nordland,Nord-Norge,5,650,False,4726.0,22.07,26.45,4.38,16.1,10.99,-5.11,20.76,17.91,-2.85,1.38,0.85,-0.53,16.5,16.28,-0.22,9.69,9.24,-0.45,5.16,4.28,-0.88,2.43,3.76,1.33,4.49,7.0,2.51,1.42,3.24,1.82,-5.33,9.04,6.25,9444.0,9.1531,2.3931,7.1706,25.3071,-1.3765,16.6243,19.4197,1.4626,24.9839,467000.0,5.8282,8.678,33.4262,0,-9.35,11.39,-4.0,-2.6597862970911406,2013-2017→2017-2021
1866,Hadsel,2017-2021,2017,2021,Nordland,Nord-Norge,5,605,False,4397.0,24.33,26.43,2.1,18.31,11.91,-6.4,13.55,12.56,-0.99,1.86,1.27,-0.59,25.43,25.26,-0.17,6.66,7.48,0.82,3.16,2.28,-0.88,1.96,2.39,0.43,2.66,6.87,4.21,2.07,3.55,1.48,-6.57,12.01,14.27,8009.0,8.9883,0.6992,1.7794,11.6119,-4.8695,18.9662,18.6915,1.4306,24.8949,473000.0,4.2753,12.1,44.2592,0,-10.88,19.46,-3.31,-2.1107366226966744,2013-2017→2017-2021
1867,Bø,2017-2021,2017,2021,Nordland,Nord-Norge,6,497,False,1503.0,20.36,19.34,-1.02,18.7,15.53,-3.17,11.11,18.16,7.05,2.33,1.97,-0.36,35.46,29.34,-6.12,5.46,7.17,1.71,2.26,1.97,-0.29,1.46,0.92,-0.54,1.2,2.89,1.69,1.66,2.7,1.04,-9.29,12.06,8.97,2624.0,7.8725,-1.8293,-7.6703,19.8171,-38.1098,25.8384,14.7104,0.4815,15.9686,403000.0,10.9375,6.6176,40.9007,0,-11.64,25.73,-5.56,-4.540995540389947,2013-2017→2017-2021
1868,Øksnes,2017-2021,2017,2021,Nordland,Nord-Norge,5,584,False,2321.0,19.04,24.32,5.28,20.16,16.02,-4.14,16.29,12.05,-4.24,3.75,3.39,-0.36,26.8,25.61,-1.19,6.42,6.25,-0.17,2.02,1.83,-0.19,1.51,0.98,-0.53,1.72,4.15,2.43,2.28,5.4,3.12,-5.33,20.72,15.59,4580.0,8.4295,-3.5808,-0.361,-30.131,-5.2402,17.2271,19.4541,2.2476,18.8763,461000.0,12.2259,14.699,34.7643,0,-12.15,19.88,-2.36,-1.243984300245966,2013-2017→2017-2021
1870,Sortland - Suortá,2017-2021,2017,2021,Nordland,Nord-Norge,4,670,False,5571.0,20.23,22.4,2.17,16.53,13.59,-2.94,19.46,16.34,-3.12,1.76,1.58,-0.18,24.63,24.79,0.16,7.59,8.2,0.61,2.53,2.05,-0.48,1.87,2.57,0.7,3.11,4.89,1.78,2.3,3.6,1.3,-2.78,6.19,20.32,10378.0,9.2474,1.3105,6.6761,3.1798,9.6358,14.868,20.3893,2.0904,24.4313,491000.0,4.5365,5.7647,36.5293,0,-10.26,18.54,-4.44,-3.070802956301358,2013-2017→2017-2021
1871,Andøy,2017-2021,2017,2021,Nordland,Nord-Norge,6,517,False,3052.0,7.54,15.39,7.85,5.67,6.3,0.63,2.72,4.31,1.59,1.57,1.45,-0.12,71.72,54.13,-17.59,5.8,7.86,2.06,1.41,1.56,0.15,2.0,2.5,0.5,0.75,4.09,3.34,0.82,2.43,1.61,-16.96,10.45,45.55,4908.0,8.4986,-6.52,-8.8416,-51.3447,-15.2812,21.4344,18.2967,2.6938,20.3329,471000.0,8.4398,4.0146,49.9544,0,-27.27,63.35,-18.1,-17.078081122616524,2013-2017→2017-2021
1874,Moskenes,2017-2021,2017,2021,Nordland,Nord-Norge,6,442,False,506.0,22.53,21.82,-0.71,17.79,14.83,-2.96,16.6,13.77,-2.83,3.16,2.12,-1.04,23.12,26.69,3.57,7.91,9.32,1.41,2.17,1.06,-1.11,1.98,2.12,0.14,1.19,4.24,3.05,3.56,4.03,0.47,0.61,0.0,0.0,1073.0,6.9782,-7.8285,-11.6964,-46.5983,-37.2787,23.1128,16.2162,0.3453,16.5397,414000.0,21.1694,9.879,27.8226,0,-10.87,14.38,0.48,1.2432368233385196,2013-2017→2017-2021
1875,Hábmer - Hamarøy,2017-2021,2017,2021,Nordland,Nord-Norge,6,405,True,1672.78,25.07,24.41,-0.66,15.4,11.85,-3.55,20.67,12.7,-7.97,2.56,2.67,0.11,19.71,26.11,6.4,7.44,7.81,0.37,2.93,3.32,0.39,2.76,2.6,-0.16,2.31,5.92,3.61,1.14,2.6,1.46,2.85,13.83,16.55,2942.2214,7.9869,-8.1986,-7.7365,-42.3627,-11.9254,21.9485,18.6966,2.672,23.3399,438819.5432,6.519,12.094,41.6023,1,-4.45,11.79,1.24,1.748409799574615,2013-2017→2017-2021
3101,Halden,2017-2021,2017,2021,Østfold,Østlandet,3,842,False,17096.0,32.49,31.32,-1.17,17.13,11.32,-5.81,22.26,16.8,-5.46,4.43,3.68,-0.75,8.95,14.46,5.51,5.18,5.92,0.74,2.37,2.71,0.34,3.02,3.53,0.51,2.31,5.47,3.16,1.85,4.8,2.95,-0.3,4.15,9.57,30790.0,10.3349,1.9389,7.4162,21.3381,-2.2085,16.9081,19.7337,1.4721,26.6321,453000.0,1.7117,16.7646,37.3421,0,-4.11,5.21,-1.11,0.8199396476039247,2013-2017→2017-2021
3103,Moss,2017-2021,2017,2021,Østfold,Østlandet,2,900,False,26897.0,32.13,30.45,-1.68,15.8,11.03,-4.77,26.29,23.14,-3.15,2.61,1.92,-0.69,4.67,8.49,3.82,5.67,7.92,2.25,3.58,4.39,0.81,3.36,3.8,0.44,3.94,5.38,1.44,1.94,3.47,1.53,-0.95,1.61,5.6,48154.0,10.7822,3.1441,11.1365,33.0606,-1.7029,16.6653,18.1065,1.445,28.3193,475651.6915,1.0059,7.005,36.5927,1,-1.66,3.32,-2.91,-0.7839226976778328,2013-2017→2017-2021
3105,Sarpsborg,2017-2021,2017,2021,Østfold,Østlandet,2,877,False,29323.0,37.33,35.4,-1.93,18.58,14.17,-4.41,21.99,16.4,-5.59,4.13,3.5,-0.63,6.76,12.46,5.7,3.54,5.28,1.74,1.69,2.03,0.34,1.72,2.17,0.45,1.46,3.96,2.5,2.81,4.62,1.81,1.29,3.66,7.13,55127.0,10.9174,4.0724,8.6488,38.3841,2.1768,16.1953,19.1939,0.6962,23.261,467000.0,1.1678,12.0661,34.6223,0,-2.11,3.91,-0.9,1.191227034068922,2013-2017→2017-2021
3107,Fredrikstad,2017-2021,2017,2021,Østfold,Østlandet,2,870,False,44111.0,35.39,33.19,-2.2,16.99,12.77,-4.22,23.74,18.66,-5.08,3.89,3.13,-0.76,4.71,8.99,4.28,4.99,7.08,2.09,2.53,3.23,0.7,3.21,3.56,0.35,2.15,5.26,3.11,2.4,4.13,1.73,0.06,2.83,3.81,80121.0,11.2913,3.8342,11.5502,36.2327,1.9595,15.8036,19.6453,1.2712,28.0579,476000.0,0.7295,10.262,38.0376,0,-2.18,3.03,-2.02,-0.006923026693158807,2013-2017→2017-2021
3110,Hvaler,2017-2021,2017,2021,Østfold,Østlandet,4,723,False,2847.0,29.36,28.19,-1.17,20.16,14.58,-5.58,27.15,23.05,-4.1,2.6,1.96,-0.64,6.74,11.64,4.9,4.5,5.98,1.48,2.6,2.78,0.18,2.46,3.14,0.68,2.74,5.17,2.43,1.69,3.5,1.81,-0.68,5.06,7.99,4517.0,8.4156,3.9185,12.8365,52.6898,-14.6115,20.4561,13.1282,4.1285,28.6086,536000.0,2.8315,7.8339,38.5087,0,-2.97,5.08,-1.43,-0.029082423916235278,2013-2017→2017-2021
3112,Råde,2017-2021,2017,2021,Østfold,Østlandet,3,836,False,4285.0,23.08,22.77,-0.31,20.4,13.4,-7.0,26.81,22.15,-4.66,6.86,6.56,-0.3,12.95,19.74,6.79,2.92,3.95,1.03,1.89,2.34,0.45,2.24,2.22,-0.02,1.12,2.98,1.86,1.73,3.88,2.15,-0.21,10.83,10.58,7398.0,8.909,2.2979,8.9548,23.1144,-0.1352,17.8697,16.9776,0.8803,25.0,535000.0,3.664,9.1319,33.3991,0,-3.22,6.25,-0.78,1.1430727685260167,2013-2017→2017-2021
3114,Våler (Østfold),2017-2021,2017,2021,Østfold,Østlandet,3,824,False,2915.0,20.69,20.84,0.15,21.58,14.65,-6.93,24.19,18.58,-5.61,4.91,3.63,-1.28,17.74,24.83,7.09,3.7,4.76,1.06,1.96,2.93,0.97,2.02,2.33,0.31,1.3,3.63,2.33,1.92,3.83,1.91,0.16,42.14,-4.14,5335.0,8.582,8.8097,26.9407,60.3561,26.0544,11.9775,19.7751,1.0457,23.5577,581000.0,3.1729,7.5492,32.9686,0,-3.82,8.32,-2.38,-0.8658421919895023,2013-2017→2017-2021
3116,Skiptvet,2017-2021,2017,2021,Østfold,Østlandet,3,792,False,1994.0,24.12,22.49,-1.63,18.71,14.15,-4.56,20.91,12.9,-8.01,5.87,4.41,-1.46,21.36,30.6,9.24,2.56,3.74,1.18,1.91,1.73,-0.18,1.05,1.63,0.58,1.45,3.36,1.91,2.06,4.99,2.93,4.68,21.77,18.23,3783.0,8.2383,1.1102,6.9631,9.7806,1.586,14.2215,18.2659,1.8046,18.1363,518000.0,4.3713,7.1236,30.599,0,-5.74,8.4,0.12,1.8427289363150074,2013-2017→2017-2021
3118,Indre Østfold,2017-2021,2017,2021,Østfold,Østlandet,3,858,False,23399.0,25.24,24.57,-0.67,18.83,13.43,-5.4,25.98,19.09,-6.89,4.46,3.6,-0.86,14.06,21.45,7.39,3.56,4.99,1.43,2.32,2.79,0.47,2.12,2.19,0.07,1.49,3.56,2.07,1.94,4.34,2.4,1.99,14.08,16.93,43815.0,10.6877,3.1633,9.9567,26.8401,4.7929,15.7526,18.6603,1.3776,21.2957,483207.4097,2.982,8.2851,31.0751,1,-3.84,6.38,-0.13,1.8535139912144944,2013-2017→2017-2021
3120,Rakkestad,2017-2021,2017,2021,Østfold,Østlandet,3,785,False,4441.0,22.54,21.05,-1.49,18.13,12.03,-6.1,18.67,12.34,-6.33,8.33,5.73,-2.6,25.4,37.36,11.96,1.94,2.65,0.71,1.15,1.0,-0.15,1.46,1.47,0.01,0.79,2.54,1.75,1.6,3.83,2.23,5.86,25.9,19.36,8173.0,9.0086,0.5995,8.17,10.2777,-5.0165,16.3343,17.9126,2.0433,17.9156,486000.0,7.2606,13.2853,29.8404,0,-6.38,9.15,-0.7,1.0043283150273603,2013-2017→2017-2021
3122,Marker,2017-2021,2017,2021,Østfold,Østlandet,4,732,False,2186.0,31.38,28.55,-2.83,11.48,8.75,-2.73,15.55,11.96,-3.59,9.65,6.1,-3.55,24.34,32.86,8.52,1.74,2.8,1.06,1.97,2.2,0.23,0.96,1.19,0.23,0.82,2.57,1.75,2.1,3.02,0.92,5.79,25.59,18.74,3597.0,8.1879,0.1112,3.5961,13.0664,-11.9544,21.7403,15.9577,1.5587,18.3262,459000.0,8.3589,9.2194,28.949,0,-5.28,10.18,-1.54,0.11278271558105124,2013-2017→2017-2021
3124,Aremark,2017-2021,2017,2021,Østfold,Østlandet,5,662,False,908.0,18.83,18.25,-0.58,11.23,8.38,-2.85,15.09,10.1,-4.99,9.14,7.23,-1.91,38.22,45.46,7.24,1.65,2.76,1.11,1.1,1.38,0.28,1.87,0.92,-0.95,0.77,2.99,2.22,2.09,2.53,0.44,4.39,28.39,23.53,1398.0,7.2428,-5.2217,-6.2942,-27.1817,-25.0358,19.1702,13.877,1.8864,18.3001,491000.0,8.0916,16.9466,33.8931,0,-9.38,16.98,-0.92,0.5401821367732343,2013-2017→2017-2021
3201,Bærum,2017-2021,2017,2021,Akershus,Oslo/Akershus,1,966,False,70606.0,19.81,19.55,-0.26,10.82,7.02,-3.8,42.56,40.27,-2.29,1.92,1.67,-0.25,2.17,2.98,0.81,4.55,5.85,1.3,10.91,11.76,0.85,4.2,5.86,1.66,1.65,2.82,1.17,1.42,2.22,0.8,-2.99,1.19,2.19,124008.0,11.7281,3.407,13.6928,19.9665,13.9023,14.1442,17.7835,0.8566,51.5557,613000.0,0.3123,3.7369,32.2396,0,-0.5,1.42,-3.33,-0.904675280719248,2013-2017→2017-2021
3203,Asker,2017-2021,2017,2021,Akershus,Oslo/Akershus,2,910,False,51986.0,22.13,22.05,-0.08,14.05,9.21,-4.84,36.57,33.2,-3.37,2.36,2.09,-0.27,3.68,5.76,2.08,5.31,6.7,1.39,8.48,9.28,0.8,4.42,5.61,1.19,1.74,3.42,1.68,1.27,2.67,1.4,-2.76,1.87,4.1,92174.0,11.4314,2.9737,13.395,17.8684,11.4566,13.9215,17.4876,1.2163,42.5357,611980.8003,0.6244,5.4191,33.0568,1,-1.5,2.21,-2.82,-0.6604648096702102,2013-2017→2017-2021
3205,Lillestrøm,2017-2021,2017,2021,Akershus,Oslo/Akershus,1,940,False,44851.0,32.76,31.22,-1.54,16.37,11.56,-4.81,25.91,22.62,-3.29,2.41,2.06,-0.35,7.17,10.4,3.23,4.92,6.89,1.97,4.08,4.37,0.29,2.39,3.26,0.87,1.71,4.06,2.35,2.28,3.55,1.27,-1.58,4.6,7.33,82496.0,11.3205,5.4027,16.1402,47.3478,14.9462,13.14,19.7088,0.48,30.1659,552956.8975,0.7566,5.1912,30.7747,1,-2.7,4.19,-2.83,-0.7154301398806284,2013-2017→2017-2021
3207,Nordre Follo,2017-2021,2017,2021,Akershus,Oslo/Akershus,2,923,False,33222.0,26.0,25.87,-0.13,13.52,9.41,-4.11,32.2,28.63,-3.57,2.71,2.47,-0.24,3.99,5.75,1.76,6.84,7.81,0.97,7.03,7.58,0.55,3.86,5.36,1.5,2.07,3.9,1.83,1.78,3.21,1.43,-2.35,2.07,5.03,57686.0,10.9628,4.0703,11.8806,26.4709,10.1411,14.3848,17.1775,0.8166,39.0068,613005.5984,0.4253,3.5488,33.044,1,-1.81,2.53,-3.39,-1.120799731759862,2013-2017→2017-2021
3209,Ullensaker,2017-2021,2017,2021,Akershus,Oslo/Akershus,2,920,False,18010.0,28.15,29.01,0.86,22.63,16.52,-6.11,26.57,22.06,-4.51,1.89,1.41,-0.48,8.1,11.57,3.47,3.95,5.74,1.79,3.14,3.64,0.5,1.87,2.46,0.59,1.55,3.89,2.34,2.16,3.69,1.53,-2.64,5.11,7.49,35102.0,10.466,15.2612,34.5002,130.1635,22.3919,11.7059,20.8193,0.0912,26.5549,526000.0,1.0573,4.3972,29.2476,0,-2.59,4.34,-2.28,-0.5323938545192248,2013-2017→2017-2021
3212,Nesodden,2017-2021,2017,2021,Akershus,Oslo/Akershus,3,850,False,11052.0,24.13,22.51,-1.62,11.08,7.52,-3.56,23.85,19.97,-3.88,2.17,1.94,-0.23,3.45,4.75,1.3,10.77,13.02,2.25,6.25,6.55,0.3,10.41,11.29,0.88,6.29,9.78,3.49,1.6,2.66,1.06,-2.26,0.91,4.97,18869.0,9.8453,4.9605,13.0745,38.6878,10.6524,13.0797,16.4238,1.5581,44.5573,583000.0,0.6724,2.6161,40.0925,0,-1.99,2.33,-2.9,-0.9549363432097882,2013-2017→2017-2021
3214,Frogn,2017-2021,2017,2021,Akershus,Oslo/Akershus,2,891,False,9564.0,22.35,21.94,-0.41,14.97,10.81,-4.16,36.91,33.66,-3.25,1.69,1.29,-0.4,4.55,6.62,2.07,5.29,6.71,1.42,6.06,7.15,1.09,4.39,5.5,1.11,1.9,3.56,1.66,1.87,2.76,0.89,-2.09,3.55,3.38,15743.0,9.6642,1.3339,7.6887,17.2775,-4.3829,16.8011,15.6705,1.7534,35.8105,576000.0,1.0996,3.7412,33.5693,0,-2.08,2.12,-0.46,1.6859005544636738,2013-2017→2017-2021
3216,Vestby,2017-2021,2017,2021,Akershus,Oslo/Akershus,2,877,False,9479.0,26.25,27.2,0.95,16.09,10.85,-5.24,28.95,24.55,-4.4,2.11,1.82,-0.29,6.58,9.7,3.12,6.22,7.27,1.05,4.93,5.62,0.69,4.68,5.15,0.47,2.35,4.61,2.26,1.84,3.25,1.41,-2.12,4.95,3.41,17188.0,9.752,6.4114,24.3541,44.566,19.0249,13.748,17.3377,1.7523,33.2686,587000.0,1.3044,3.4125,32.6462,0,-2.02,3.29,-2.82,-1.0678879373488068,2013-2017→2017-2021
3218,Ås,2017-2021,2017,2021,Akershus,Oslo/Akershus,2,895,False,10521.0,25.24,24.43,-0.81,13.7,9.4,-4.3,22.74,19.24,-3.5,2.69,2.91,0.22,9.88,10.7,0.82,8.28,10.25,1.97,6.07,6.29,0.22,6.52,7.8,1.28,3.27,6.06,2.79,1.62,2.94,1.32,-3.48,12.3,0.16,19288.0,9.8672,5.9674,22.1479,54.0232,16.4351,12.5,23.2735,0.4214,42.0546,553000.0,1.2254,3.6659,36.0622,0,-2.21,3.31,-3.86,-2.106198038366335,2013-2017→2017-2021
3220,Enebakk,2017-2021,2017,2021,Akershus,Oslo/Akershus,3,827,False,5878.0,23.29,25.53,2.24,22.17,16.43,-5.74,25.14,20.63,-4.51,3.37,2.85,-0.52,12.22,16.01,3.79,3.93,5.69,1.76,3.61,3.09,-0.52,2.06,2.06,0.0,1.79,3.58,1.79,2.43,4.12,1.69,-1.95,14.45,7.61,10927.0,9.299,1.2629,7.825,-3.1116,16.0154,12.3913,18.404,1.4722,23.3585,583000.0,1.4727,3.8434,31.3398,0,-4.81,7.31,-0.29,1.5457315606039772,2013-2017→2017-2021
3222,Lørenskog,2017-2021,2017,2021,Akershus,Oslo/Akershus,1,978,False,20718.0,34.5,31.5,-3.0,16.35,11.24,-5.11,27.48,24.4,-3.08,2.05,1.83,-0.22,3.37,6.15,2.78,4.97,7.84,2.87,4.65,5.21,0.56,2.64,3.84,1.2,1.89,4.27,2.38,2.09,3.7,1.61,-2.33,1.29,6.08,37406.0,10.5296,14.2597,28.3175,120.6758,21.8414,13.4417,20.0235,0.3066,33.0453,545000.0,0.2719,4.3708,33.058,0,-0.8,2.38,-2.66,-0.35930108236364733,2013-2017→2017-2021
3224,Rælingen,2017-2021,2017,2021,Akershus,Oslo/Akershus,1,948,False,9718.0,35.89,33.96,-1.93,16.74,12.06,-4.68,25.42,22.14,-3.28,2.28,2.14,-0.14,4.91,7.89,2.98,4.72,6.96,2.24,3.77,4.59,0.82,2.35,2.91,0.56,1.65,3.59,1.94,2.27,3.76,1.49,-1.7,0.0,6.96,17730.0,9.783,5.6402,17.6508,31.4721,25.0987,11.8218,20.4681,0.3726,30.9348,556000.0,0.2909,4.6752,32.5972,0,-2.49,3.35,-1.51,0.6904392107812718,2013-2017→2017-2021
3226,Aurskog-Høland,2017-2021,2017,2021,Akershus,Oslo/Akershus,3,797,False,9425.0,32.0,30.9,-1.1,19.69,12.82,-6.87,17.0,12.79,-4.21,4.41,3.31,-1.1,17.76,26.2,8.44,2.99,3.39,0.4,1.79,1.51,-0.28,1.56,1.7,0.14,1.06,3.16,2.1,1.73,4.21,2.48,1.57,11.6,13.94,16847.0,9.7319,4.4162,14.8988,40.8381,3.5615,16.3471,17.9617,1.4233,18.9433,497082.8315,2.9701,8.7186,30.994,1,-6.4,8.97,-1.25,0.3217331507012464,2013-2017→2017-2021
3228,Nes,2017-2021,2017,2021,Akershus,Oslo/Akershus,3,826,False,11816.0,31.36,29.73,-1.63,19.25,14.05,-5.2,18.07,13.42,-4.65,2.36,1.78,-0.58,15.12,21.89,6.77,4.25,5.5,1.25,2.97,2.73,-0.24,2.18,2.6,0.42,1.56,4.48,2.92,2.89,3.82,0.93,1.57,10.46,11.12,21241.0,9.9637,10.2679,22.9566,55.7883,14.0295,13.8694,19.3305,0.9884,20.8894,543000.0,2.9212,5.3647,32.1514,0,-4.61,8.41,-4.41,-2.6686821352725483,2013-2017→2017-2021
3230,Gjerdrum,2017-2021,2017,2021,Akershus,Oslo/Akershus,2,880,False,3693.0,26.46,27.89,1.43,15.81,11.67,-4.14,28.13,24.09,-4.04,4.33,3.28,-1.05,11.89,14.84,2.95,4.55,4.79,0.24,3.82,4.69,0.87,2.36,3.28,0.92,1.14,2.42,1.28,1.52,3.05,1.53,-1.19,15.02,7.56,6546.0,8.7866,7.5924,17.5793,60.0367,14.6654,12.7253,17.2472,1.5726,29.7339,621000.0,1.3494,4.967,29.4861,0,-4.73,5.33,-0.84,1.026120434778122,2013-2017→2017-2021
3232,Nittedal,2017-2021,2017,2021,Akershus,Oslo/Akershus,2,886,False,13229.0,28.63,28.49,-0.14,16.77,10.89,-5.88,27.42,24.13,-3.29,2.21,1.82,-0.39,5.81,9.28,3.47,5.8,7.95,2.15,5.59,5.84,0.25,3.63,4.65,1.02,2.25,3.99,1.74,1.9,2.96,1.06,-2.41,4.04,6.55,23213.0,10.0525,5.3461,15.5398,38.0821,14.7331,12.3422,16.8182,0.6413,34.6116,614000.0,0.7041,5.3259,34.5316,0,-3.02,3.58,-3.0,-0.9775189052196795,2013-2017→2017-2021
3234,Lunner,2017-2021,2017,2021,Akershus,Oslo/Akershus,3,785,False,5357.0,32.31,30.09,-2.22,16.8,12.34,-4.46,21.41,16.94,-4.47,2.67,2.27,-0.4,12.25,19.33,7.08,4.27,5.31,1.04,3.58,2.99,-0.59,2.54,3.34,0.8,2.5,4.43,1.93,1.66,2.96,1.3,2.62,10.2,11.98,9080.0,9.1138,-0.1982,4.7146,-5.9471,3.8546,14.5485,17.3678,2.3352,24.9147,545000.0,2.0643,5.1934,36.0278,0,-3.93,6.09,-2.74,-0.9329944472138783,2013-2017→2017-2021
3236,Jevnaker,2017-2021,2017,2021,Akershus,Oslo/Akershus,3,793,False,3887.0,35.12,33.9,-1.22,16.16,12.49,-3.67,21.53,17.36,-4.17,1.39,1.18,-0.21,12.66,18.92,6.26,5.45,5.36,-0.09,2.06,1.97,-0.09,2.03,1.95,-0.08,1.6,3.59,1.99,2.01,3.28,1.27,2.59,9.74,7.19,6696.0,8.8093,2.5538,7.9887,25.3883,0.7467,16.9504,18.0854,1.1798,21.7447,493000.0,1.8972,10.2203,35.1591,0,-5.48,8.22,-2.75,-0.9288156583903397,2013-2017→2017-2021
3238,Nannestad,2017-2021,2017,2021,Akershus,Oslo/Akershus,3,834,False,6560.0,28.78,28.79,0.01,21.22,15.0,-6.22,21.84,17.07,-4.77,2.67,2.7,0.03,12.45,17.92,5.47,3.6,5.12,1.52,3.16,3.35,0.19,2.36,2.19,-0.17,1.28,3.32,2.04,2.64,4.54,1.9,-0.75,8.12,7.9,12657.0,9.446,15.6435,31.5331,130.4417,25.5195,11.8037,19.7835,-0.2508,21.8134,538000.0,1.9593,4.2679,29.4046,0,-4.13,6.32,-1.67,0.03446356071348,2013-2017→2017-2021
3240,Eidsvoll,2017-2021,2017,2021,Akershus,Oslo/Akershus,3,851,False,13028.0,28.14,28.62,0.48,20.42,13.27,-7.15,20.94,16.96,-3.98,2.53,2.15,-0.38,12.32,17.23,4.91,5.46,6.46,1.0,2.76,2.69,-0.07,2.37,2.89,0.52,1.9,5.05,3.15,3.16,4.68,1.52,-2.24,13.03,13.04,24415.0,10.103,6.6189,23.2062,53.3688,12.4514,13.377,19.959,0.8483,23.7549,512000.0,1.5997,5.3599,33.4378,0,-6.2,8.08,-2.21,-0.5716847121330126,2013-2017→2017-2021
3242,Hurdal,2017-2021,2017,2021,Akershus,Oslo/Akershus,4,736,False,1617.0,24.55,22.94,-1.61,16.26,11.88,-4.38,13.54,12.57,-0.97,6.37,5.28,-1.09,22.14,27.78,5.64,4.02,4.34,0.32,3.34,2.2,-1.14,5.44,4.34,-1.1,1.92,4.27,2.35,2.41,4.4,1.99,1.26,11.87,14.16,2910.0,7.9759,-2.4742,8.362,-23.3677,-1.0309,17.4227,18.4536,2.2038,20.9389,463000.0,3.9654,5.912,37.0584,0,-6.77,14.71,-1.66,-0.2092166771474957,2013-2017→2017-2021
3301,Drammen,2017-2021,2017,2021,Buskerud,Østlandet,2,912,False,52450.0,31.12,30.1,-1.02,17.59,12.45,-5.14,29.02,24.63,-4.39,2.62,2.61,-0.01,4.78,8.42,3.64,5.38,6.51,1.13,3.63,4.41,0.78,2.87,3.42,0.55,1.62,4.04,2.42,1.38,3.41,2.03,-1.5,2.9,5.07,99734.0,11.5103,2.1307,9.5341,12.6737,8.2921,14.8756,20.9618,0.8668,29.4357,480981.9115,0.4192,8.285,32.5666,1,-2.26,3.16,-2.69,-0.5271743759406919,2013-2017→2017-2021
3303,Kongsberg,2017-2021,2017,2021,Buskerud,Østlandet,3,848,False,15272.0,27.4,29.14,1.74,16.78,10.89,-5.89,24.42,19.82,-4.6,2.25,1.64,-0.61,13.1,17.55,4.45,6.07,6.27,0.2,3.99,4.55,0.56,3.37,3.63,0.26,1.56,3.16,1.6,1.05,3.34,2.29,-1.44,8.06,17.58,27216.0,10.2116,1.7563,10.3786,14.2563,3.3436,15.8106,19.9258,1.5903,37.1411,528000.0,1.4806,27.5466,31.0261,0,-2.63,3.19,-1.48,0.3957114388815335,2013-2017→2017-2021
3305,Ringerike,2017-2021,2017,2021,Buskerud,Østlandet,3,838,False,16607.0,32.31,29.86,-2.45,18.01,12.24,-5.77,24.33,19.83,-4.5,2.21,1.79,-0.42,9.66,17.26,7.6,4.99,5.92,0.93,2.89,2.85,-0.04,2.27,2.66,0.39,1.93,4.15,2.22,1.39,3.44,2.05,1.83,9.29,15.04,30034.0,10.3101,2.667,6.5259,31.5975,-4.9277,17.1339,19.4247,1.5916,25.6961,461000.0,2.1813,9.1547,35.8282,0,-3.96,5.38,-2.0,0.03341688492467387,2013-2017→2017-2021
3310,Hole,2017-2021,2017,2021,Buskerud,Østlandet,3,832,False,3803.0,22.67,22.32,-0.35,15.17,10.0,-5.17,34.74,31.63,-3.11,3.55,2.88,-0.67,10.04,12.93,2.89,4.13,5.25,1.12,4.26,4.67,0.41,3.02,3.56,0.54,1.34,3.35,2.01,1.08,3.43,2.35,-2.28,8.81,8.04,6772.0,8.8206,0.5759,10.9283,-0.443,5.6113,14.56,15.9185,1.9574,36.9052,567000.0,3.9535,4.9709,35.1163,0,-3.25,4.12,-1.2,0.48505856906858136,2013-2017→2017-2021
3312,Lier,2017-2021,2017,2021,Buskerud,Østlandet,2,887,False,14242.0,26.26,27.34,1.08,16.1,11.04,-5.06,32.36,29.63,-2.73,2.32,1.89,-0.43,7.54,10.24,2.7,5.1,5.46,0.36,5.28,4.96,-0.32,2.81,3.67,0.86,1.09,2.88,1.79,1.14,2.89,1.75,-2.36,6.37,4.56,25740.0,10.1558,5.3535,15.0042,40.9479,12.2378,13.986,17.8904,0.7459,34.4851,569000.0,2.0335,6.8063,32.3621,0,-2.58,3.16,-1.45,0.610433145105336,2013-2017→2017-2021
3314,Øvre Eiker,2017-2021,2017,2021,Buskerud,Østlandet,3,848,False,10070.0,27.37,25.84,-1.53,19.32,15.12,-4.2,24.4,19.78,-4.62,2.64,3.71,1.07,14.08,20.16,6.08,4.9,4.52,-0.38,2.34,2.47,0.13,1.97,2.19,0.22,1.1,2.62,1.52,1.88,3.59,1.71,1.88,11.44,17.67,18562.0,9.8289,6.1793,16.024,52.9038,8.3504,14.7883,19.9063,1.2805,24.4507,507000.0,2.0552,12.1255,31.8767,0,-3.77,5.18,-2.24,-0.38484533095897655,2013-2017→2017-2021
3316,Modum,2017-2021,2017,2021,Buskerud,Østlandet,3,812,False,7705.0,30.8,31.57,0.77,21.91,16.84,-5.07,18.55,14.33,-4.22,2.52,1.81,-0.71,15.91,21.18,5.27,4.15,4.05,-0.1,1.87,1.77,-0.1,1.96,1.92,-0.04,0.99,3.11,2.12,1.35,3.43,2.08,0.2,15.74,5.77,13786.0,9.5314,2.7564,9.4745,26.5487,0.5078,16.9012,18.2867,1.8197,21.0105,466000.0,3.249,10.7801,34.7058,0,-5.82,7.21,-1.76,0.06157255854566124,2013-2017→2017-2021
3318,Krødsherad,2017-2021,2017,2021,Buskerud,Østlandet,5,656,False,1247.0,29.99,28.11,-1.88,13.87,9.45,-4.42,19.57,17.33,-2.24,1.2,1.08,-0.12,26.38,32.42,6.04,3.37,2.9,-0.47,2.25,2.16,-0.09,1.44,0.83,-0.61,0.88,2.74,1.86,1.04,2.99,1.95,1.62,0.0,0.0,2257.0,7.7218,-1.6837,2.5416,-10.6336,-6.646,17.7669,17.634,1.2056,22.4947,479000.0,5.4468,11.4043,30.2128,0,-8.58,13.68,-3.21,-1.8898628259682773,2013-2017→2017-2021
3320,Flå,2017-2021,2017,2021,Buskerud,Østlandet,5,617,False,602.0,26.08,22.17,-3.91,16.78,10.32,-6.46,15.45,17.77,2.32,1.33,1.18,-0.15,32.56,38.58,6.02,1.5,2.2,0.7,1.99,2.03,0.04,2.33,1.52,-0.81,1.33,1.86,0.53,0.66,2.37,1.71,-0.44,0.0,17.32,1081.0,6.9856,-2.9602,4.9,1.8501,-31.4524,20.9066,17.8538,1.4957,20.1525,422000.0,5.5556,9.4444,28.1481,0,-11.65,15.36,-0.41,0.6619010638202316,2013-2017→2017-2021
3322,Nesbyen,2017-2021,2017,2021,Buskerud,Østlandet,5,640,False,1902.0,24.34,26.97,2.63,12.83,7.95,-4.88,20.93,15.05,-5.88,4.31,2.65,-1.66,27.23,35.93,8.7,3.21,3.44,0.23,2.31,1.38,-0.93,2.31,1.64,-0.67,0.95,2.91,1.96,1.58,2.07,0.49,3.82,18.75,-1.1,3357.0,8.1188,-2.8299,-5.312,-14.8943,-13.1069,20.1966,17.2475,3.3472,22.2222,462000.0,5.5429,9.6,31.4857,0,-8.96,12.41,-2.76,-1.3007921046915096,2013-2017→2017-2021
3324,Gol,2017-2021,2017,2021,Buskerud,Østlandet,4,683,False,2462.0,22.34,25.44,3.1,15.39,11.13,-4.26,25.95,20.07,-5.88,2.97,1.71,-1.26,23.4,28.81,5.41,4.31,4.92,0.61,2.44,2.07,-0.37,1.91,1.95,0.04,0.53,1.91,1.38,0.77,1.99,1.22,1.15,16.02,8.59,4612.0,8.4364,0.5204,1.3998,10.4076,-5.4206,19.124,17.5412,1.0227,22.196,440000.0,3.6765,7.3529,26.6748,0,-6.81,8.76,-0.3,1.1939409390247393,2013-2017→2017-2021
3326,Hemsedal,2017-2021,2017,2021,Buskerud,Østlandet,5,625,False,1211.0,16.02,17.78,1.76,11.15,9.01,-2.14,24.11,20.48,-3.63,8.84,6.62,-2.22,26.51,28.02,1.51,4.29,4.31,0.02,4.71,3.16,-1.55,2.48,3.7,1.22,0.91,3.46,2.55,0.99,3.46,2.47,-0.63,24.69,9.02,2442.0,7.8006,4.2588,18.972,28.2555,13.104,13.3088,20.516,0.7525,29.8219,441000.0,6.1701,5.4176,28.5177,0,-4.45,7.69,-3.04,-2.1777779227597898,2013-2017→2017-2021
3328,Ål,2017-2021,2017,2021,Buskerud,Østlandet,5,635,False,2786.0,21.97,21.73,-0.24,11.77,9.45,-2.32,17.05,13.81,-3.24,5.1,5.07,-0.03,32.48,35.03,2.55,3.52,5.57,2.05,3.7,2.64,-1.06,2.23,2.68,0.45,1.47,2.68,1.21,0.72,1.36,0.64,0.23,21.1,12.88,4719.0,8.4594,-1.5046,-1.3792,-4.8739,-11.2312,18.8811,16.8044,2.0096,25.377,471000.0,5.1634,5.6474,33.9653,0,-6.61,13.01,-1.91,-0.5932699042326013,2013-2017→2017-2021
3330,Hol,2017-2021,2017,2021,Buskerud,Østlandet,5,629,False,2557.0,20.92,20.29,-0.63,14.86,10.29,-4.57,26.91,22.98,-3.93,2.5,1.89,-0.61,24.83,29.81,4.98,3.05,4.7,1.65,3.05,3.37,0.32,1.68,2.25,0.57,1.02,2.49,1.47,1.17,1.93,0.76,0.41,14.38,21.76,4535.0,8.4196,-2.2271,-0.4267,-13.892,-8.8203,19.0739,19.8236,1.5396,24.9675,462000.0,3.4123,3.7736,29.4661,0,-8.08,13.72,-4.89,-3.506474688575852,2013-2017→2017-2021
3332,Sigdal,2017-2021,2017,2021,Buskerud,Østlandet,5,663,False,2007.0,19.83,18.84,-0.99,15.1,11.79,-3.31,21.33,14.1,-7.23,1.0,0.54,-0.46,36.57,46.75,10.18,1.84,2.47,0.63,2.09,0.89,-1.2,0.7,1.04,0.34,0.65,1.73,1.08,0.9,1.87,0.97,6.87,37.85,14.0,3502.0,8.1611,-1.0565,-1.6742,-3.9977,-6.5677,19.0463,14.6202,3.2625,16.8443,490000.0,7.2564,18.3263,26.6419,0,-5.81,9.54,-1.93,-0.45074670510224224,2013-2017→2017-2021
3334,Flesberg,2017-2021,2017,2021,Buskerud,Østlandet,4,688,False,1470.0,18.71,19.01,0.3,21.22,18.36,-2.86,18.3,13.16,-5.14,1.77,0.59,-1.18,30.41,37.57,7.16,2.93,2.89,-0.04,1.97,1.45,-0.52,2.31,1.58,-0.73,1.22,2.63,1.41,1.16,2.76,1.6,4.3,40.08,9.48,2696.0,7.8995,0.6306,4.6682,-2.5964,8.1602,17.6558,18.546,1.4743,20.2832,515000.0,5.2632,17.664,29.6323,0,-3.89,11.95,-5.48,-4.042561367062088,2013-2017→2017-2021
3336,Rollag,2017-2021,2017,2021,Buskerud,Østlandet,5,578,False,858.0,24.01,28.06,4.05,11.66,6.4,-5.26,12.47,7.45,-5.02,3.15,2.91,-0.24,41.96,43.89,1.93,1.86,3.84,1.98,2.45,1.28,-1.17,0.58,1.4,0.82,0.7,2.44,1.74,1.17,2.33,1.16,-3.33,44.18,17.75,1399.0,7.2435,-0.9292,0.2894,-5.7184,-2.8592,21.5868,17.1551,2.1505,22.1298,508000.0,6.8871,16.2534,35.9504,0,-7.45,12.65,-5.83,-4.690829589018199,2013-2017→2017-2021
3338,Nore og Uvdal,2017-2021,2017,2021,Buskerud,Østlandet,6,530,False,1429.0,22.53,21.44,-1.09,14.56,10.65,-3.91,15.61,11.42,-4.19,2.31,1.83,-0.48,38.77,43.65,4.88,3.22,3.6,0.38,0.42,0.63,0.21,1.61,1.06,-0.55,0.49,2.54,2.05,0.49,3.17,2.68,0.97,42.84,-8.13,2530.0,7.836,-4.664,-4.4374,-30.0395,-16.996,20.3953,17.7866,2.4903,18.7208,457000.0,7.4233,9.9215,33.4761,0,-4.9,11.62,-1.81,-0.8627227657241895,2013-2017→2017-2021
3401,Kongsvinger,2017-2021,2017,2021,Innlandet,Innlandet,3,792,False,10043.0,37.02,35.91,-1.11,16.2,11.38,-4.82,17.69,12.58,-5.11,1.53,1.3,-0.23,13.87,20.87,7.0,5.33,6.07,0.74,2.12,2.33,0.21,1.49,1.36,-0.13,1.22,3.24,2.02,3.51,4.95,1.44,2.18,5.65,17.82,17857.0,9.7902,-0.0336,2.3801,13.1041,-14.0001,19.589,17.1249,2.1689,22.127,443000.0,3.5182,6.3816,40.1772,0,-3.67,9.91,-2.75,-0.8799524149949789,2013-2017→2017-2021
3403,Hamar,2017-2021,2017,2021,Innlandet,Innlandet,2,873,False,18422.0,38.05,34.4,-3.65,8.85,6.24,-2.61,21.07,14.81,-6.26,2.54,2.61,0.07,9.86,14.99,5.13,8.7,11.8,3.1,4.39,4.66,0.27,2.73,3.65,0.92,1.95,4.14,2.19,1.87,2.7,0.83,2.52,2.48,5.49,30598.0,10.3287,2.9773,9.933,35.2311,-5.9154,18.694,20.1222,1.2495,36.3775,468000.0,1.4621,5.1174,43.7758,0,-6.67,5.28,-0.97,1.0869731975680021,2013-2017→2017-2021
3405,Lillehammer,2017-2021,2017,2021,Innlandet,Innlandet,3,818,False,16236.0,34.95,36.23,1.28,9.45,6.27,-3.18,20.09,16.36,-3.73,2.22,1.75,-0.47,12.42,13.0,0.58,7.83,9.79,1.96,4.3,4.18,-0.12,4.65,4.87,0.22,2.56,5.14,2.58,1.53,2.42,0.89,-2.6,8.26,9.02,27781.0,10.2321,2.5629,7.2335,24.4772,1.1519,17.1844,21.7595,1.2026,39.026,490000.0,1.4025,4.0242,45.4225,0,-3.48,6.71,-3.22,-1.3419233776820008,2013-2017→2017-2021
3407,Gjøvik,2017-2021,2017,2021,Innlandet,Innlandet,3,805,False,16888.0,38.18,38.12,-0.06,10.63,8.04,-2.59,20.37,15.93,-4.44,2.79,2.3,-0.49,13.04,17.14,4.1,5.37,6.23,0.86,3.46,3.24,-0.22,2.34,2.66,0.32,2.32,3.88,1.56,1.49,2.45,0.96,1.51,12.13,10.33,30319.0,10.3195,0.2507,4.9044,8.0148,-5.5411,16.7651,20.7329,1.4353,29.4205,464000.0,2.9798,10.7409,39.2388,0,-4.58,6.73,-1.66,0.16640325559273617,2013-2017→2017-2021
3411,Ringsaker,2017-2021,2017,2021,Innlandet,Innlandet,3,797,False,18726.0,39.07,35.85,-3.22,11.53,9.25,-2.28,16.01,11.69,-4.32,1.85,1.51,-0.34,18.89,24.16,5.27,4.67,6.01,1.34,2.36,2.27,-0.09,2.03,2.11,0.08,1.14,3.09,1.95,2.46,4.07,1.61,2.99,12.62,12.58,33842.0,10.4295,3.1174,6.2572,31.7948,-0.591,16.9937,18.6691,0.9362,22.9179,486000.0,4.6072,12.3332,33.946,0,-6.52,8.84,-2.54,-0.7097779233299715,2013-2017→2017-2021
3412,Løten,2017-2021,2017,2021,Innlandet,Innlandet,3,790,False,4480.0,37.68,34.42,-3.26,11.45,7.81,-3.64,11.7,6.83,-4.87,1.74,2.19,0.45,26.76,34.2,7.44,4.2,4.62,0.42,1.45,1.42,-0.03,1.81,2.1,0.29,1.21,3.03,1.82,2.01,3.38,1.37,3.8,32.49,19.5,7633.0,8.9402,-0.1048,3.6992,3.2753,-4.3233,17.3588,19.4943,1.5133,21.5319,490000.0,5.3016,7.709,38.7341,0,-10.16,15.17,-2.25,-0.45129556114838687,2013-2017→2017-2021
3413,Stange,2017-2021,2017,2021,Innlandet,Innlandet,3,820,False,12196.0,37.11,33.75,-3.36,10.91,7.06,-3.85,13.52,9.19,-4.33,3.24,3.36,0.12,21.15,28.13,6.98,6.14,7.7,1.56,2.27,2.33,0.06,2.48,2.3,-0.18,1.38,3.6,2.22,1.8,2.58,0.78,3.13,14.69,9.1,20317.0,9.9192,3.7161,10.0136,34.5523,2.5594,16.9858,18.6937,1.1473,27.0506,489000.0,3.6626,7.7729,40.6043,0,-8.41,10.83,-1.48,0.3480057666135228,2013-2017→2017-2021
3414,Nord-Odal,2017-2021,2017,2021,Innlandet,Innlandet,4,708,False,3008.0,38.5,37.05,-1.45,14.36,9.29,-5.07,10.84,6.52,-4.32,1.23,0.9,-0.33,23.37,29.99,6.62,5.55,5.86,0.31,1.1,1.33,0.23,1.26,0.6,-0.66,1.3,3.73,2.43,2.49,4.73,2.24,1.55,14.03,19.96,5100.0,8.537,-1.2157,-1.4668,17.0588,-29.8039,20.7843,15.2745,2.2407,16.1245,455000.0,4.3422,9.4659,37.69,0,-10.88,15.2,-2.47,-0.9021774538690286,2013-2017→2017-2021
3415,Sør-Odal,2017-2021,2017,2021,Innlandet,Innlandet,3,777,False,4548.0,33.91,32.03,-1.88,15.7,11.5,-4.2,16.75,11.19,-5.56,0.55,0.51,-0.04,20.25,27.51,7.26,6.09,5.52,-0.57,1.63,1.63,0.0,1.5,1.57,0.07,1.36,3.91,2.55,2.26,4.64,2.38,3.06,8.47,10.49,7866.0,8.9703,0.6102,1.0599,14.8741,-8.7719,17.2642,17.4676,1.9297,18.9051,492000.0,4.03,9.1708,32.1622,0,-7.32,12.67,-2.29,-0.44014223203680136,2013-2017→2017-2021
3416,Eidskog,2017-2021,2017,2021,Innlandet,Innlandet,4,691,False,3554.0,33.57,31.61,-1.96,17.25,11.79,-5.46,13.96,10.3,-3.66,1.89,1.2,-0.69,22.2,31.12,8.92,3.63,3.61,-0.02,1.66,1.69,0.03,1.21,1.29,0.08,1.35,2.67,1.32,3.29,4.7,1.41,3.46,27.78,7.98,6127.0,8.7205,-0.457,-3.1751,17.7901,-22.1968,20.9401,15.6847,2.6375,16.0114,424000.0,5.5575,11.9039,35.7834,0,-6.8,13.7,-5.42,-3.774495943071856,2013-2017→2017-2021
3417,Grue,2017-2021,2017,2021,Innlandet,Innlandet,5,662,False,2794.0,34.25,33.63,-0.62,15.5,11.15,-4.35,13.24,8.65,-4.59,0.75,0.52,-0.23,27.42,33.04,5.62,3.04,3.72,0.68,1.11,1.14,0.03,1.18,1.1,-0.08,0.93,2.87,1.94,2.58,4.19,1.61,1.27,14.43,16.42,4777.0,8.4716,-4.8566,-9.5342,-9.8388,-39.1459,24.3877,14.6954,2.0149,17.5519,416000.0,10.3141,12.2832,34.8336,0,-9.68,15.64,-3.05,-1.4653170755637288,2013-2017→2017-2021
3418,Åsnes,2017-2021,2017,2021,Innlandet,Innlandet,5,665,False,4249.0,32.13,32.89,0.76,14.12,12.05,-2.07,10.61,7.09,-3.52,1.41,1.08,-0.33,31.73,32.29,0.56,3.91,4.14,0.23,1.18,1.13,-0.05,1.22,0.89,-0.33,0.85,3.1,2.25,2.85,5.34,2.49,-1.51,17.67,22.54,7329.0,8.8996,-1.3917,-4.8703,19.648,-33.9746,23.2637,15.5001,1.2831,18.2221,432000.0,9.7076,9.6171,38.4383,0,-11.24,20.92,-3.97,-2.460827969028987,2013-2017→2017-2021
3419,Våler (Innlandet),2017-2021,2017,2021,Innlandet,Innlandet,5,669,False,2218.0,33.5,28.33,-5.17,13.44,9.89,-3.55,9.96,5.53,-4.43,1.13,0.61,-0.52,29.71,38.13,8.42,5.0,5.25,0.25,2.39,1.09,-1.3,1.13,0.76,-0.37,0.9,3.6,2.7,2.84,6.81,3.97,4.87,11.4,14.17,3743.0,8.2276,-4.1678,-7.5992,-9.3508,-31.7927,22.8426,14.988,1.8577,18.2015,440000.0,10.3651,10.8363,38.6337,0,-10.14,19.55,-4.89,-3.3675243192166517,2013-2017→2017-2021
3420,Elverum,2017-2021,2017,2021,Innlandet,Innlandet,3,787,False,11989.0,34.15,30.34,-3.81,12.85,8.93,-3.92,18.66,11.63,-7.03,1.23,0.76,-0.47,19.98,31.12,11.14,5.75,6.51,0.76,2.31,1.7,-0.61,1.94,2.08,0.14,1.2,3.41,2.21,1.95,3.52,1.57,7.22,10.62,13.15,21086.0,9.9564,0.977,6.5719,10.7654,-1.233,16.9212,20.5018,1.3674,29.6635,474000.0,3.2618,6.2102,45.4795,0,-6.97,13.68,-5.95,-4.193206712764616,2013-2017→2017-2021
3421,Trysil,2017-2021,2017,2021,Innlandet,Innlandet,5,604,False,3902.0,30.63,31.46,0.83,10.94,7.96,-2.98,12.81,10.56,-2.25,1.74,1.65,-0.09,35.7,36.28,0.58,3.59,4.84,1.25,1.59,1.47,-0.12,1.03,1.21,0.18,0.44,2.16,1.72,1.54,2.4,0.86,-2.4,23.03,16.09,6550.0,8.7872,0.458,-2.5763,25.4962,-21.2214,22.3053,16.5344,0.9621,19.6085,427000.0,6.0083,4.6341,35.3787,0,-8.86,22.65,-7.72,-6.403518089430533,2013-2017→2017-2021
3422,Åmot,2017-2021,2017,2021,Innlandet,Innlandet,5,638,False,2503.0,28.25,28.14,-0.11,12.15,8.38,-3.77,14.06,8.82,-5.24,0.72,0.28,-0.44,32.44,37.88,5.44,5.59,5.35,-0.24,1.76,1.84,0.08,1.64,1.52,-0.12,1.24,3.59,2.35,2.16,4.19,2.03,1.67,46.93,-6.82,4518.0,8.4158,-3.9841,0.4864,-24.5684,-15.4936,17.7734,23.0854,2.2128,22.5522,439000.0,6.8706,3.2,51.8588,0,-12.94,21.33,-4.3,-3.054563004424731,2013-2017→2017-2021
3423,Stor-Elvdal,2017-2021,2017,2021,Innlandet,Innlandet,6,538,False,1489.0,33.58,31.37,-2.21,12.76,8.04,-4.72,10.28,6.96,-3.32,0.47,0.22,-0.25,31.3,37.11,5.81,5.84,5.46,-0.38,1.48,1.22,-0.26,1.54,1.51,-0.03,1.34,3.88,2.54,1.41,4.24,2.83,1.09,0.0,30.29,2530.0,7.836,-6.0079,-10.7692,-28.0632,-32.8063,23.3202,16.8775,2.2896,23.6569,397000.0,8.9498,8.2192,44.2009,0,-10.93,18.06,-4.19,-3.094968673682814,2013-2017→2017-2021
3424,Rendalen,2017-2021,2017,2021,Innlandet,Innlandet,6,486,False,1192.0,33.22,30.08,-3.14,6.71,4.53,-2.18,6.38,4.88,-1.5,0.59,0.61,0.02,45.97,49.17,3.2,4.61,3.92,-0.69,0.5,0.44,-0.06,0.67,0.7,0.03,0.42,2.96,2.54,0.92,2.7,1.78,1.02,41.82,-6.55,1858.0,7.5273,-6.2971,-11.8034,-22.0667,-39.2896,24.9731,13.6706,2.827,18.9677,401000.0,12.8056,7.1013,36.4377,0,-11.76,20.52,-4.21,-3.2689215107256113,2013-2017→2017-2021
3425,Engerdal,2017-2021,2017,2021,Innlandet,Innlandet,6,421,False,826.0,27.24,26.37,-0.87,9.08,6.18,-2.9,9.81,8.28,-1.53,0.0,0.0,0.0,47.7,49.94,2.24,2.66,3.03,0.37,0.85,0.47,-0.38,1.45,2.1,0.65,0.48,1.98,1.5,0.73,1.63,0.9,-0.66,0.0,0.0,1274.0,7.1499,-1.8838,-11.2846,-2.3548,-18.0534,25.7457,13.0298,1.2143,18.3618,447000.0,10.2273,1.9481,41.3961,0,-11.62,21.76,-6.39,-5.589470773558022,2013-2017→2017-2021
3426,Tolga,2017-2021,2017,2021,Innlandet,Innlandet,5,567,False,985.0,23.96,24.71,0.75,2.84,2.22,-0.62,4.87,3.91,-0.96,0.2,0.53,0.33,49.95,47.52,-2.43,9.64,11.83,2.19,3.05,1.8,-1.25,3.15,2.85,-0.3,1.32,3.7,2.38,1.02,0.95,-0.07,-3.05,48.13,-6.5,1620.0,7.3902,-3.5185,-7.1853,-27.7778,-7.4074,17.4074,19.0123,1.6585,28.9256,466000.0,14.9199,8.508,37.238,0,-6.87,10.6,-2.94,-1.8082819545862874,2013-2017→2017-2021
3427,Tynset,2017-2021,2017,2021,Innlandet,Innlandet,5,647,False,3282.0,27.24,27.11,-0.13,6.46,4.34,-2.12,9.11,6.25,-2.86,1.55,1.36,-0.19,42.05,44.01,1.96,7.07,7.29,0.22,1.89,1.89,0.0,2.47,2.57,0.1,0.67,2.48,1.81,1.49,2.71,1.22,-0.16,43.66,6.39,5584.0,8.6277,-0.8417,0.7643,2.149,-11.1032,16.995,18.5172,1.8961,27.696,480000.0,7.354,6.0825,38.488,0,-6.83,14.99,-4.03,-2.753719017633971,2013-2017→2017-2021
3428,Alvdal,2017-2021,2017,2021,Innlandet,Innlandet,5,573,False,1440.0,27.5,26.81,-0.69,4.58,4.14,-0.44,8.68,8.55,-0.13,2.71,2.21,-0.5,47.01,46.24,-0.77,3.89,4.69,0.8,1.81,1.65,-0.16,2.22,2.27,0.05,0.69,2.21,1.52,0.9,1.24,0.34,-1.21,32.77,6.07,2441.0,7.8002,-1.4748,-1.7164,-12.29,-3.2773,16.7554,18.4351,1.5814,22.3136,476000.0,10.9642,14.0747,34.6034,0,-11.02,12.65,0.35,1.392703658633207,2013-2017→2017-2021
3429,Folldal,2017-2021,2017,2021,Innlandet,Innlandet,6,492,False,1043.0,31.93,29.85,-2.08,5.08,4.47,-0.61,6.9,4.28,-2.62,0.67,0.48,-0.19,45.35,48.86,3.51,4.51,4.94,0.43,1.05,0.76,-0.29,1.63,0.67,-0.96,1.53,4.18,2.65,1.34,1.52,0.18,2.9,38.04,0.81,1577.0,7.3633,-3.7413,-8.5542,-15.2188,-22.8282,24.5403,14.2042,1.9419,22.974,437000.0,13.5204,10.9694,36.352,0,-9.05,13.43,-0.33,0.5575586870029163,2013-2017→2017-2021
3430,Os,2017-2021,2017,2021,Innlandet,Innlandet,6,551,False,1191.0,30.98,29.62,-1.36,4.2,2.89,-1.31,4.62,2.98,-1.64,2.52,1.87,-0.65,46.68,49.36,2.68,6.88,6.13,-0.75,0.59,1.45,0.86,1.85,1.36,-0.49,1.09,3.06,1.97,0.59,1.28,0.69,1.37,52.03,3.68,1963.0,7.5822,-4.7376,-8.5575,-26.4901,-21.3958,20.2241,17.5751,1.701,24.6892,467000.0,13.227,13.227,33.7711,0,-7.72,10.28,-2.36,-1.2982848468343506,2013-2017→2017-2021
3431,Dovre,2017-2021,2017,2021,Innlandet,Innlandet,6,563,False,1492.0,34.32,31.7,-2.62,9.99,7.17,-2.82,11.86,7.24,-4.62,1.61,0.87,-0.74,34.92,42.29,7.37,2.82,3.95,1.13,1.01,1.14,0.13,1.27,1.27,0.0,0.94,2.21,1.27,1.27,2.14,0.87,4.55,55.42,-22.16,2675.0,7.8917,-6.0935,-8.5881,-46.729,-14.5794,21.4206,18.0561,3.4998,19.0977,453000.0,9.2736,6.4142,34.0804,0,-8.27,8.46,-0.62,0.522217320862355,2013-2017→2017-2021
3432,Lesja,2017-2021,2017,2021,Innlandet,Innlandet,6,520,False,1165.0,24.55,23.4,-1.15,7.9,6.39,-1.51,10.21,4.98,-5.23,1.29,0.91,-0.38,49.53,55.93,6.4,2.83,2.82,-0.01,0.69,0.91,0.22,1.2,0.91,-0.29,0.77,2.41,1.64,1.03,1.33,0.3,4.89,42.05,6.51,2048.0,7.6246,-3.3203,-9.8771,-15.1367,-18.0664,19.9219,16.0156,1.5933,21.9366,463000.0,15.6042,5.138,30.8278,0,-2.94,6.71,-1.79,-0.8134519752592961,2013-2017→2017-2021
3433,Skjåk,2017-2021,2017,2021,Innlandet,Innlandet,6,550,False,1328.0,26.2,23.9,-2.3,8.81,5.06,-3.75,6.48,4.25,-2.23,0.83,0.37,-0.46,49.47,52.13,2.66,2.86,4.62,1.76,1.13,0.81,-0.32,1.51,1.61,0.1,1.28,4.33,3.05,1.43,2.93,1.5,-1.09,57.99,2.95,2202.0,7.6971,-0.8629,-5.0457,7.7203,-16.3488,22.8429,15.9401,1.344,19.0782,447000.0,13.578,8.8991,31.0092,0,-10.35,15.43,-3.48,-2.3903312071894973,2013-2017→2017-2021
3434,Lom,2017-2021,2017,2021,Innlandet,Innlandet,6,547,False,1331.0,28.47,27.14,-1.33,8.49,5.47,-3.02,7.51,4.65,-2.86,0.98,0.6,-0.38,46.13,50.15,4.02,3.83,5.62,1.79,0.98,0.52,-0.46,1.65,1.05,-0.6,0.68,2.77,2.09,1.28,2.02,0.74,1.0,43.91,-3.14,2360.0,7.7664,-6.6102,-8.2049,-47.0339,-19.0678,19.4068,16.8644,3.2792,21.2907,500000.0,17.5806,7.8226,30.0806,0,-9.72,14.52,-4.15,-3.108773615300989,2013-2017→2017-2021
3435,Vågå,2017-2021,2017,2021,Innlandet,Innlandet,5,610,False,2151.0,32.4,32.88,0.48,11.16,8.13,-3.03,8.79,5.23,-3.56,0.93,0.56,-0.37,36.12,38.44,2.32,5.39,6.91,1.52,0.65,0.65,0.0,1.72,1.31,-0.41,1.21,3.32,2.11,1.63,2.57,0.94,-0.71,37.71,-3.78,3640.0,8.1997,-2.0879,-4.142,-3.022,-19.5055,21.4286,16.3736,0.6814,19.4699,458000.0,9.9835,5.9792,33.1322,0,-14.22,15.37,-3.56,-2.2978634831413007,2013-2017→2017-2021
3436,Nord-Fron,2017-2021,2017,2021,Innlandet,Innlandet,5,629,False,3258.0,40.36,43.12,2.76,10.59,8.25,-2.34,13.78,9.17,-4.61,1.66,1.14,-0.52,27.35,29.75,2.4,2.49,2.62,0.13,1.35,1.04,-0.31,0.77,0.73,-0.04,0.49,1.96,1.47,1.17,2.21,1.04,0.06,35.06,-8.62,5723.0,8.6522,-0.3145,-2.2112,7.1641,-10.3093,20.636,16.2327,2.151,19.7379,453000.0,7.9627,5.2009,30.9541,0,-5.16,8.81,-2.19,-0.8566177877256698,2013-2017→2017-2021
3437,Sel,2017-2021,2017,2021,Innlandet,Innlandet,5,627,False,3380.0,40.71,39.33,-1.38,12.69,8.05,-4.64,11.78,7.8,-3.98,1.09,0.67,-0.42,23.79,29.86,6.07,4.5,5.29,0.79,0.74,0.98,0.24,2.16,1.3,-0.86,1.39,4.12,2.73,1.15,2.6,1.45,1.43,21.28,36.66,5916.0,8.6854,-5.4767,-6.8621,-38.2015,-16.3962,20.098,16.6329,2.3984,18.7186,448000.0,5.2236,7.907,35.2415,0,-9.97,11.21,-1.95,-0.6003661460656928,2013-2017→2017-2021
3438,Sør-Fron,2017-2021,2017,2021,Innlandet,Innlandet,5,615,False,1770.0,40.62,36.97,-3.65,9.77,8.98,-0.79,9.77,5.66,-4.11,0.51,0.41,-0.1,33.45,39.88,6.43,2.49,2.97,0.48,1.36,0.64,-0.72,0.73,0.82,0.09,0.62,1.75,1.13,0.68,1.92,1.24,5.64,38.13,14.31,3163.0,8.0593,-3.1299,-4.6077,-15.4916,-15.8078,19.7281,17.0092,1.2902,19.2396,464000.0,10.7366,7.2409,31.96,0,-6.36,10.3,-1.97,-0.7165417134914516,2013-2017→2017-2021
3439,Ringebu,2017-2021,2017,2021,Innlandet,Innlandet,5,647,False,2505.0,35.53,36.43,0.9,8.42,6.82,-1.6,11.42,6.97,-4.45,1.28,0.56,-0.72,36.09,38.18,2.09,2.63,3.27,0.64,1.28,1.2,-0.08,1.36,1.32,-0.04,0.84,2.71,1.87,1.16,2.55,1.39,0.49,29.39,-1.83,4502.0,8.4123,-2.088,-3.2485,-9.1071,-12.4389,21.4793,17.5478,1.1159,19.3302,447000.0,10.0181,9.7008,29.8277,0,-5.25,11.22,-1.4,-0.018887676919007612,2013-2017→2017-2021
3440,Øyer,2017-2021,2017,2021,Innlandet,Innlandet,4,698,False,2967.0,36.43,38.81,2.38,7.21,4.81,-2.4,14.36,9.12,-5.24,2.8,2.04,-0.76,28.45,31.12,2.67,3.98,5.58,1.6,2.33,1.72,-0.61,2.22,2.04,-0.18,1.08,2.74,1.66,1.15,2.04,0.89,0.27,30.7,13.1,5082.0,8.5335,0.2165,0.0196,-0.9839,2.7548,17.5128,20.0708,1.8864,23.9596,478000.0,6.0292,7.6037,33.1797,0,-5.55,9.12,-2.15,-0.6602271362992858,2013-2017→2017-2021
3441,Gausdal,2017-2021,2017,2021,Innlandet,Innlandet,4,673,False,3639.0,36.16,37.48,1.32,9.65,7.42,-2.23,9.32,6.23,-3.09,1.62,1.0,-0.62,34.3,35.85,1.55,2.97,3.78,0.81,1.51,1.54,0.03,2.45,1.85,-0.6,1.13,3.13,2.0,0.91,1.73,0.82,-0.68,29.94,14.22,6204.0,8.7329,-2.9175,-1.9215,-15.3127,-14.0232,19.5035,16.9407,1.3166,20.653,482000.0,9.6201,9.0686,33.1189,0,-8.66,12.45,-1.81,-0.39839997861844,2013-2017→2017-2021
3442,Østre Toten,2017-2021,2017,2021,Innlandet,Innlandet,4,747,False,8593.0,35.24,35.53,0.29,12.98,10.03,-2.95,16.2,11.73,-4.47,2.86,1.76,-1.1,21.68,26.2,4.52,3.98,4.48,0.5,2.4,2.32,-0.08,1.86,1.93,0.07,1.22,3.39,2.17,1.58,2.63,1.05,1.57,16.14,13.77,14887.0,9.6082,-0.1075,1.8283,8.1951,-9.4042,18.5598,17.391,1.5532,23.101,479000.0,5.4021,13.7434,35.8416,0,-5.72,10.23,-2.0,-0.308801835894281,2013-2017→2017-2021
3443,Vestre Toten,2017-2021,2017,2021,Innlandet,Innlandet,3,789,False,7548.0,37.44,37.9,0.46,15.89,11.37,-4.52,17.12,12.91,-4.21,2.2,1.79,-0.41,15.24,20.93,5.69,3.88,3.91,0.03,2.4,2.34,-0.06,1.91,1.67,-0.24,2.2,4.16,1.96,1.74,3.02,1.28,1.17,13.74,9.41,13179.0,9.4864,2.1246,5.1238,23.8258,-2.8075,18.1501,17.8238,1.0861,20.9624,477000.0,3.2394,23.8748,34.7921,0,-6.57,7.46,-2.09,-0.2578103923909545,2013-2017→2017-2021
3446,Gran,2017-2021,2017,2021,Innlandet,Innlandet,3,801,False,7931.0,32.95,31.01,-1.94,16.49,12.36,-4.13,19.98,17.04,-2.94,2.18,1.46,-0.72,17.88,23.64,5.76,3.27,4.12,0.85,2.33,2.59,0.26,1.94,1.58,-0.36,1.4,3.39,1.99,1.58,2.82,1.24,1.63,9.91,10.47,13707.0,9.5257,-0.7004,1.3176,6.2012,-13.9345,17.8157,17.4072,1.551,21.2419,489000.0,3.8421,7.185,36.8023,0,-3.33,7.4,-1.83,0.06268123524689173,2013-2017→2017-2021
3447,Søndre Land,2017-2021,2017,2021,Innlandet,Innlandet,4,692,False,3249.0,40.17,36.98,-3.19,13.76,9.21,-4.55,13.82,10.75,-3.07,1.51,1.06,-0.45,18.25,25.98,7.73,5.36,5.79,0.43,1.63,1.73,0.1,2.0,1.73,-0.27,1.91,3.97,2.06,1.6,2.82,1.22,3.18,11.85,4.45,5717.0,8.6512,-2.4139,-4.4201,-13.2937,-10.495,18.4537,17.2993,2.0876,20.0,443000.0,5.2095,12.8728,42.0536,0,-7.83,9.54,-1.77,-0.15374281334969497,2013-2017→2017-2021
3448,Nordre Land,2017-2021,2017,2021,Innlandet,Innlandet,4,695,False,3747.0,39.5,38.8,-0.7,12.68,9.32,-3.36,12.33,9.21,-3.12,1.49,1.12,-0.37,24.45,29.67,5.22,4.91,5.06,0.15,1.47,1.33,-0.14,0.96,1.04,0.08,1.09,2.4,1.31,1.12,2.05,0.93,1.86,42.62,-3.61,6773.0,8.8207,-2.8348,-2.0101,-10.3352,-18.1603,19.312,17.7174,1.6575,17.6377,441000.0,7.2152,12.6497,35.37,0,-8.66,11.8,-2.11,-0.5811706296023922,2013-2017→2017-2021
3449,Sør-Aurdal,2017-2021,2017,2021,Innlandet,Innlandet,5,581,False,1754.0,30.96,28.74,-2.22,15.34,12.16,-3.18,13.23,9.71,-3.52,3.14,3.55,0.41,30.22,35.83,5.61,2.39,3.03,0.64,1.54,1.51,-0.03,1.48,1.57,0.09,0.63,1.4,0.77,1.08,2.5,1.42,2.43,46.23,2.91,3026.0,8.015,-4.0317,-8.2174,-11.8969,-28.7508,21.811,15.7964,1.5017,18.7623,434000.0,9.5612,7.8585,34.1847,0,-9.05,12.24,-3.42,-2.1760074909865565,2013-2017→2017-2021
3450,Etnedal,2017-2021,2017,2021,Innlandet,Innlandet,5,587,False,776.0,27.58,25.03,-2.55,13.27,10.48,-2.79,11.34,8.98,-2.36,3.87,2.99,-0.88,35.57,41.22,5.65,2.32,2.18,-0.14,2.45,2.18,-0.27,1.8,1.77,-0.03,1.16,2.45,1.29,0.64,2.72,2.08,2.86,37.11,8.36,1351.0,7.2086,-6.9578,-9.438,-35.5292,-35.5292,21.7617,14.8038,3.2185,19.9115,414000.0,13.1498,3.5168,34.4037,0,-8.66,10.74,-3.29,-2.0816265831654883,2013-2017→2017-2021
3451,Nord-Aurdal,2017-2021,2017,2021,Innlandet,Innlandet,4,686,False,3627.0,28.87,26.96,-1.91,15.66,10.75,-4.91,18.5,14.88,-3.62,2.01,1.42,-0.59,24.35,32.24,7.89,2.98,4.41,1.43,2.84,2.09,-0.75,2.34,1.98,-0.36,0.94,2.34,1.4,1.52,2.93,1.41,2.98,15.38,21.27,6490.0,8.778,-2.0031,-0.656,-10.4777,-10.1695,19.168,17.6271,2.4673,23.2215,440000.0,5.575,4.0572,33.3333,0,-8.35,11.17,-2.68,-1.1580159342546017,2013-2017→2017-2021
3452,Vestre Slidre,2017-2021,2017,2021,Innlandet,Innlandet,5,583,False,1251.0,22.38,19.87,-2.51,16.47,10.7,-5.77,12.87,10.78,-2.09,1.6,1.13,-0.47,37.81,44.49,6.68,3.12,3.62,0.5,2.32,1.77,-0.55,1.52,1.37,-0.15,0.56,2.98,2.42,1.36,3.3,1.94,0.91,32.5,23.51,2114.0,7.6563,0.2838,-4.3753,22.2327,-15.1372,19.9622,15.5629,0.1794,21.1268,443000.0,12.7641,5.7218,33.5387,0,-9.64,12.15,-4.03,-2.7941022609696327,2013-2017→2017-2021
3453,Øystre Slidre,2017-2021,2017,2021,Innlandet,Innlandet,5,602,False,1774.0,20.52,20.46,-0.06,11.56,7.8,-3.76,15.56,13.15,-2.41,1.18,0.76,-0.42,41.15,42.72,1.57,4.11,5.51,1.4,2.31,1.91,-0.4,2.03,2.07,0.04,1.24,2.4,1.16,0.34,3.22,2.88,-2.19,29.93,22.34,3248.0,8.0858,-0.3695,2.0498,-2.1552,-5.234,18.165,19.181,2.385,23.8539,476000.0,7.4302,3.7989,30.838,0,-11.75,18.26,-4.43,-3.2486379735949775,2013-2017→2017-2021
3454,Vang,2017-2021,2017,2021,Innlandet,Innlandet,6,541,False,896.0,24.44,23.25,-1.19,10.83,6.21,-4.62,14.17,11.51,-2.66,0.78,0.45,-0.33,40.51,44.02,3.51,3.01,4.97,1.96,0.89,1.02,0.13,3.68,3.84,0.16,1.0,3.5,2.5,0.67,1.24,0.57,-1.11,41.59,-17.43,1596.0,7.3753,-1.4411,-1.1314,-11.2782,-4.386,19.2356,19.4236,1.8706,25.7034,453000.0,12.0958,4.4311,38.9222,0,-5.82,10.59,-5.63,-4.6297290019093005,2013-2017→2017-2021
3901,Horten,2017-2021,2017,2021,Vestfold,Østlandet,2,874,False,15336.0,32.75,32.6,-0.15,15.05,10.72,-4.33,27.08,21.52,-5.56,2.54,2.59,0.05,5.06,7.19,2.13,6.22,7.62,1.4,3.53,4.06,0.53,3.52,4.11,0.59,3.12,6.31,3.19,1.13,3.28,2.15,-2.2,3.77,0.75,27202.0,10.211,1.1323,5.6614,16.1753,-5.5511,16.7671,19.5133,1.6989,30.7696,478000.0,0.6336,14.2393,38.0067,0,-1.03,3.45,-1.83,0.292933555948224,2013-2017→2017-2021
3903,Holmestrand,2017-2021,2017,2021,Vestfold,Østlandet,3,837,False,13464.0,28.3,26.95,-1.35,18.1,13.88,-4.22,27.15,21.89,-5.26,3.08,3.28,0.2,9.85,14.86,5.01,4.2,5.24,1.04,3.41,2.99,-0.42,2.53,3.04,0.51,1.83,4.09,2.26,1.56,3.79,2.23,0.79,8.3,4.23,23533.0,10.0662,6.2805,14.972,51.9271,4.5468,16.0201,18.013,1.4802,25.9538,519111.3573,2.284,10.8554,32.5309,1,-4.81,4.21,0.95,2.810637191799195,2013-2017→2017-2021
3905,Tønsberg,2017-2021,2017,2021,Vestfold,Østlandet,2,879,False,31230.0,27.28,26.2,-1.08,15.57,11.17,-4.4,29.9,25.36,-4.54,4.57,3.92,-0.65,6.74,10.17,3.43,5.63,6.66,1.03,4.1,4.63,0.53,2.97,4.56,1.59,1.83,4.32,2.49,1.4,3.0,1.6,-0.97,6.59,6.01,54408.0,10.9043,4.8118,17.3882,42.9349,7.8481,15.0456,20.4804,1.1681,33.8454,477945.0077,1.7273,9.1092,38.8923,1,-1.08,2.72,-0.57,1.3749494561432645,2013-2017→2017-2021
3907,Sandefjord,2017-2021,2017,2021,Vestfold,Østlandet,3,861,False,33989.0,25.91,25.02,-0.89,17.18,13.03,-4.15,33.3,27.54,-5.76,3.64,3.77,0.13,5.6,9.33,3.73,4.54,5.63,1.09,3.98,4.18,0.2,2.66,3.5,0.84,1.42,3.93,2.51,1.78,4.07,2.29,-0.42,4.62,5.39,62019.0,11.0352,3.7505,6.976,33.4414,3.7569,15.8145,19.1844,1.3648,27.3807,484457.7499,1.6217,9.9439,31.7751,1,-1.49,3.09,1.37,3.4740108342042553,2013-2017→2017-2021
3909,Larvik,2017-2021,2017,2021,Vestfold,Østlandet,3,842,False,26459.0,29.46,28.29,-1.17,19.26,14.48,-4.78,26.92,22.33,-4.59,4.26,3.73,-0.53,6.77,11.42,4.65,4.25,5.88,1.63,3.35,3.47,0.12,2.6,3.18,0.58,1.63,4.0,2.37,1.5,3.23,1.73,-0.13,5.46,5.63,46557.0,10.7484,2.0233,5.4175,20.5769,-0.7518,17.2541,18.1691,2.1168,25.91,481424.2998,2.3049,9.717,32.6152,1,-1.62,3.75,0.64,2.6771457317893845,2013-2017→2017-2021
3911,Færder,2017-2021,2017,2021,Vestfold,Østlandet,3,846,False,15836.0,26.16,25.3,-0.86,14.59,10.68,-3.91,34.97,29.67,-5.3,3.06,2.73,-0.33,3.76,6.46,2.7,5.41,6.78,1.37,4.82,5.3,0.48,3.91,5.15,1.24,2.1,4.91,2.81,1.21,3.03,1.82,-1.21,0.94,11.98,26676.0,10.1915,1.0534,5.157,11.6584,-1.6494,17.4576,17.3189,1.8398,35.1689,522149.7199,0.8694,7.4972,41.2267,1,-0.56,2.62,-0.25,1.8338749671570351,2013-2017→2017-2021
4001,Porsgrunn,2017-2021,2017,2021,Telemark,Østlandet,3,855,False,20310.0,35.57,33.68,-1.89,17.3,12.62,-4.68,22.77,18.72,-4.05,3.92,3.6,-0.32,5.33,9.03,3.7,5.3,6.71,1.41,3.22,2.88,-0.34,2.62,3.18,0.56,2.37,4.98,2.61,1.59,4.59,3.0,-0.98,1.47,7.66,36198.0,10.4968,0.9061,4.2319,13.7577,-4.6964,16.2385,19.711,1.5297,27.7089,477000.0,0.5097,12.7956,34.813,0,-1.78,4.24,-2.1,-0.027766761687776143,2013-2017→2017-2021
4003,Skien,2017-2021,2017,2021,Telemark,Østlandet,3,849,False,29896.0,33.07,32.0,-1.07,17.51,12.87,-4.64,22.38,18.04,-4.34,5.6,5.03,-0.57,7.01,10.89,3.88,5.7,6.72,1.02,2.79,2.44,-0.35,2.58,3.03,0.45,1.9,4.87,2.97,1.46,4.1,2.64,-0.76,3.0,7.32,54316.0,10.9026,1.5244,5.8894,11.9118,3.1667,16.2144,19.7953,1.4684,27.2107,469000.0,0.9888,9.9192,38.6055,0,-2.7,5.15,-1.12,0.9086315077840763,2013-2017→2017-2021
4005,Notodden,2017-2021,2017,2021,Telemark,Østlandet,4,774,False,7013.0,33.61,32.0,-1.61,15.39,12.16,-3.23,17.61,13.48,-4.13,6.02,4.91,-1.11,14.27,19.34,5.07,4.28,5.08,0.8,2.45,1.95,-0.5,1.65,1.83,0.18,3.32,5.55,2.23,1.4,3.7,2.3,1.84,9.89,5.88,12757.0,9.4538,1.8578,4.8241,-6.9766,-9.485,18.0372,19.6755,1.2948,25.506,444000.0,1.9621,10.895,41.0671,0,-7.83,9.95,-0.6,1.1725791391388087,2013-2017→2017-2021
4010,Siljan,2017-2021,2017,2021,Telemark,Østlandet,4,739,False,1401.0,33.83,33.19,-0.64,13.85,12.69,-1.16,17.84,11.33,-6.51,4.21,3.8,-0.41,19.34,24.52,5.18,3.85,3.37,-0.48,2.07,0.65,-1.42,1.93,2.58,0.65,1.5,3.73,2.23,1.57,4.16,2.59,4.02,38.15,4.95,2357.0,7.7651,-0.4243,-2.9764,-9.7582,5.5155,16.8859,17.5223,1.5632,23.3976,567000.0,3.0176,9.3043,35.7083,0,-5.49,13.05,-0.27,1.4667567979603178,2013-2017→2017-2021
4012,Bamble,2017-2021,2017,2021,Telemark,Østlandet,3,786,False,8130.0,31.19,29.86,-1.33,22.61,17.95,-4.66,22.39,17.65,-4.74,4.66,5.56,0.9,8.87,12.78,3.91,3.57,4.15,0.58,2.29,2.23,-0.06,1.5,1.72,0.22,1.49,3.51,2.02,1.44,4.61,3.17,-0.75,6.31,7.7,14138.0,9.5566,-0.8771,-0.114,-8.2048,-0.6366,17.1806,18.5528,2.0929,23.036,533000.0,1.5023,14.6737,30.8498,0,-3.43,6.73,-0.88,1.0490583707229364,2013-2017→2017-2021
4014,Kragerø,2017-2021,2017,2021,Telemark,Østlandet,4,755,False,6120.0,32.22,32.25,0.03,14.93,11.69,-3.24,21.68,17.14,-4.54,5.77,4.65,-1.12,9.49,13.16,3.67,4.4,5.0,0.6,3.12,2.76,-0.36,2.6,3.08,0.48,4.69,6.69,2.0,1.09,3.58,2.49,0.43,3.93,15.85,10586.0,9.2673,-1.6059,-2.6087,-3.2118,-13.0361,20.1115,17.0886,2.7572,23.9448,440000.0,1.3666,10.4207,35.3833,0,-6.2,7.45,0.92,2.7082296162961894,2013-2017→2017-2021
4016,Drangedal,2017-2021,2017,2021,Telemark,Østlandet,5,645,False,2350.0,30.98,32.04,1.06,12.98,12.22,-0.76,12.09,7.17,-4.92,5.96,5.01,-0.95,27.4,30.09,2.69,4.26,4.79,0.53,1.74,1.04,-0.7,1.53,1.94,0.41,1.11,3.15,2.04,1.96,2.55,0.59,1.93,31.51,14.12,4148.0,8.3304,-1.8563,-1.2852,1.4465,-20.0096,19.0694,16.4658,0.8028,16.9447,453000.0,5.4583,8.7539,34.346,0,-10.74,18.19,-3.37,-2.0102902575082915,2013-2017→2017-2021
4018,Nome,2017-2021,2017,2021,Telemark,Østlandet,4,709,False,3708.0,33.17,32.24,-0.93,14.51,10.65,-3.86,17.75,10.38,-7.37,4.21,2.77,-1.44,19.8,27.03,7.23,3.96,5.09,1.13,1.7,1.49,-0.21,2.7,2.77,0.07,1.16,3.68,2.52,1.05,3.9,2.85,3.37,23.47,9.93,6585.0,8.7925,-1.473,-1.1126,-1.5186,-13.2118,19.0281,17.2665,1.1476,22.202,459000.0,3.6101,12.8651,40.1707,0,-6.39,11.82,-0.97,0.6518866206733349,2013-2017→2017-2021
4020,Midt-Telemark,2017-2021,2017,2021,Telemark,Østlandet,4,731,False,5650.0,26.96,25.02,-1.94,15.26,12.2,-3.06,16.27,11.42,-4.85,5.12,3.74,-1.38,19.15,25.2,6.05,5.26,6.65,1.39,3.93,2.58,-1.35,4.87,4.55,-0.32,1.96,5.13,3.17,1.24,3.5,2.26,2.99,14.52,16.34,10565.0,9.2653,-0.9844,4.4325,31.0459,0.6626,16.3654,22.0634,1.2429,30.5562,479027.2109,5.008,8.568,37.4296,1,-6.6,9.36,-1.53,-0.034721567713104085,2013-2017→2017-2021
4022,Seljord,2017-2021,2017,2021,Telemark,Østlandet,5,650,False,1656.0,22.52,25.74,3.22,15.46,15.79,0.33,19.75,13.74,-6.01,3.56,4.28,0.72,26.63,24.83,-1.8,4.11,4.82,0.71,2.6,1.45,-1.15,2.72,2.65,-0.07,1.21,3.01,1.8,1.45,3.68,2.23,-1.47,27.12,16.81,2979.0,7.9993,-2.6519,-1.8613,-6.378,-20.4767,19.3018,16.7842,2.8362,25.2864,461000.0,5.6414,4.634,32.9752,0,-6.94,14.61,-3.06,-1.6608582670477854,2013-2017→2017-2021
4024,Hjartdal,2017-2021,2017,2021,Telemark,Østlandet,5,599,False,950.0,25.79,24.97,-0.82,16.11,11.65,-4.46,11.37,8.29,-3.08,6.63,5.56,-1.07,35.16,39.56,4.4,1.37,2.73,1.36,0.42,0.84,0.42,0.95,1.26,0.31,1.05,1.89,0.84,1.16,3.25,2.09,-0.06,36.12,7.93,1593.0,7.3734,-2.0088,-2.2542,-10.0439,-10.6717,20.904,16.8864,1.8379,19.1988,491000.0,10.4113,5.9126,31.6195,0,-13.25,16.34,-0.72,0.48612390135287487,2013-2017→2017-2021
4026,Tinn,2017-2021,2017,2021,Telemark,Østlandet,5,595,False,3281.0,23.71,25.31,1.6,10.21,9.61,-0.6,14.08,12.47,-1.61,1.37,1.14,-0.23,37.67,29.61,-8.06,7.13,11.55,4.42,1.46,1.97,0.51,1.95,2.27,0.32,1.04,2.95,1.91,1.37,3.13,1.76,-8.66,41.89,-13.53,5894.0,8.6817,-4.9203,-7.1724,-26.1283,-24.262,19.5623,15.9315,2.886,20.5698,460000.0,2.9727,10.2316,33.8403,0,-14.13,28.2,-8.68,-7.377038283494436,2013-2017→2017-2021
4028,Kviteseid,2017-2021,2017,2021,Telemark,Østlandet,5,601,False,1342.0,23.85,22.84,-1.01,13.86,11.39,-2.47,13.56,9.33,-4.23,10.58,10.7,0.12,26.38,30.59,4.21,3.58,3.57,-0.01,2.83,1.58,-1.25,3.28,2.33,-0.95,1.42,4.39,2.97,0.67,3.29,2.62,1.74,23.49,9.9,2442.0,7.8006,-0.4914,-2.8389,8.5995,-12.285,19.6151,16.8305,2.4425,25.2399,476000.0,5.7708,5.5336,33.5968,0,-8.74,11.23,-2.74,-1.4512664261581134,2013-2017→2017-2021
4030,Nissedal,2017-2021,2017,2021,Telemark,Østlandet,6,543,False,861.0,25.9,24.07,-1.83,14.4,13.32,-1.08,14.52,9.23,-5.29,12.78,11.92,-0.86,24.04,31.07,7.03,2.56,2.8,0.24,1.51,0.7,-0.81,2.09,1.64,-0.45,0.81,2.22,1.41,1.39,3.04,1.65,5.95,27.16,10.35,1476.0,7.2971,-3.1165,1.7794,-30.4878,-1.355,17.6829,17.2087,3.7856,24.1868,475000.0,7.5798,6.117,37.1011,0,-6.66,12.25,-0.07,0.758922648123902,2013-2017→2017-2021
4032,Fyresdal,2017-2021,2017,2021,Telemark,Østlandet,6,491,False,743.0,32.44,29.01,-3.43,10.36,7.15,-3.21,8.75,5.53,-3.22,1.75,0.94,-0.81,40.65,42.65,2.0,1.48,4.32,2.84,0.81,0.67,-0.14,1.75,2.29,0.54,0.81,3.37,2.56,1.21,4.05,2.84,-1.21,39.06,-4.98,1319.0,7.1846,-6.8992,-9.1044,-53.0705,-16.6793,18.044,17.1342,2.7215,25.3759,466000.0,7.8221,11.0429,39.1104,0,-7.0,20.79,-9.99,-9.109319610080624,2013-2017→2017-2021
4034,Tokke,2017-2021,2017,2021,Telemark,Østlandet,6,533,False,1339.0,30.17,28.82,-1.35,9.93,6.88,-3.05,9.71,6.57,-3.14,4.56,3.9,-0.66,37.27,40.06,2.79,3.06,3.98,0.92,1.42,0.54,-0.88,1.49,3.36,1.87,1.05,3.06,2.01,1.34,2.83,1.49,-0.26,51.48,-7.94,2228.0,7.7089,-2.8725,-6.563,-7.1813,-21.0952,18.7612,16.7415,2.1722,22.8709,481000.0,4.9869,6.6492,38.4077,0,-11.35,19.52,-3.55,-2.4558122334516037,2013-2017→2017-2021
4036,Vinje,2017-2021,2017,2021,Telemark,Østlandet,6,550,False,2117.0,19.65,18.43,-1.22,12.75,9.91,-2.84,11.2,7.8,-3.4,3.02,2.38,-0.64,41.24,41.79,0.55,5.95,8.97,3.02,1.37,1.52,0.15,1.84,2.02,0.18,1.79,4.22,2.43,1.18,2.96,1.78,-2.29,38.79,13.84,3726.0,8.2231,0.8052,2.5949,10.1986,-1.8787,18.1159,19.4042,1.719,26.4744,484000.0,4.902,6.0784,36.0784,0,-12.11,22.39,-5.36,-4.364145482043563,2013-2017→2017-2021
4201,Risør,2017-2021,2017,2021,Agder,Agder,4,709,False,4015.0,32.13,30.24,-1.89,15.82,12.5,-3.32,25.48,21.3,-4.18,6.05,4.38,-1.67,6.77,11.61,4.84,4.33,4.76,0.43,3.09,3.44,0.35,3.24,3.23,-0.01,1.72,5.17,3.45,1.37,3.39,2.02,1.52,4.11,1.48,6936.0,8.8445,-2.5087,-1.5864,-7.6413,-18.0219,19.3627,17.1569,3.2489,25.3916,454000.0,1.8893,10.0431,40.0729,0,-3.33,3.63,1.1,2.742159755533556,2013-2017→2017-2021
4202,Grimstad,2017-2021,2017,2021,Agder,Agder,3,809,False,12306.0,20.79,21.42,0.63,18.19,12.12,-6.07,27.23,22.45,-4.78,13.19,12.85,-0.34,6.35,10.05,3.7,3.84,5.72,1.88,3.79,3.88,0.09,3.4,4.03,0.63,0.98,3.37,2.39,2.26,4.1,1.84,-2.37,5.08,4.81,22692.0,10.0298,5.2838,14.7337,38.1192,14.4104,13.886,21.9637,0.9565,33.0075,505000.0,2.3546,7.9218,38.4652,0,-1.08,3.11,-0.58,1.1412816341543865,2013-2017→2017-2021
4203,Arendal,2017-2021,2017,2021,Agder,Agder,3,805,False,24799.0,29.16,27.86,-1.3,18.1,14.86,-3.24,25.86,20.67,-5.19,6.78,5.59,-1.19,5.63,9.96,4.33,4.63,6.54,1.91,3.08,3.3,0.22,2.58,3.06,0.48,1.4,4.06,2.66,2.79,4.1,1.31,1.09,3.24,3.7,44576.0,10.705,1.097,6.7158,9.1305,1.705,15.376,19.091,1.9678,29.6056,478000.0,1.0723,8.3024,39.7535,0,-2.13,3.14,0.42,2.211873445106454,2013-2017→2017-2021
4204,Kristiansand,2017-2021,2017,2021,Agder,Agder,3,832,False,58870.0,22.52,22.46,-0.06,13.99,9.83,-4.16,30.02,23.3,-6.72,11.44,13.02,1.58,4.01,6.77,2.76,5.36,6.6,1.24,4.47,4.6,0.13,3.69,4.07,0.38,1.66,3.83,2.17,2.82,5.52,2.7,-1.4,2.96,1.64,107157.0,11.5821,5.0683,13.6082,36.0126,14.5487,13.1592,22.6873,0.8823,33.7973,492902.5584,0.6985,10.0172,37.1663,1,-2.0,2.57,0.52,2.3632665818957603,2013-2017→2017-2021
4205,Lindesnes,2017-2021,2017,2021,Agder,Agder,4,733,False,12637.0,19.51,20.52,1.01,20.51,17.1,-3.41,28.0,20.85,-7.15,10.02,10.72,0.7,9.23,13.54,4.31,3.43,3.88,0.45,3.14,3.24,0.1,2.56,2.79,0.23,1.09,2.47,1.38,2.51,4.89,2.38,0.9,5.21,6.18,22859.0,10.0371,0.8574,5.2211,6.6495,1.5749,15.5694,18.9597,1.6764,25.6826,487269.7108,3.1999,12.9224,35.0859,1,-3.76,4.93,1.2,2.7686618776347074,2013-2017→2017-2021
4206,Farsund,2017-2021,2017,2021,Agder,Agder,4,686,False,5373.0,19.8,19.63,-0.17,24.1,20.46,-3.64,27.94,21.69,-6.25,10.7,10.53,-0.17,6.27,12.32,6.05,3.07,3.75,0.68,2.79,2.54,-0.25,1.41,1.52,0.11,1.53,2.46,0.93,2.38,5.09,2.71,2.41,5.46,3.31,9769.0,9.187,-1.2693,2.4429,-11.8743,-1.3307,17.2894,18.2721,1.7153,21.3789,505000.0,3.5339,18.6978,31.4843,0,-2.6,2.37,1.47,2.9746645371173877,2013-2017→2017-2021
4207,Flekkefjord,2017-2021,2017,2021,Agder,Agder,4,689,False,4869.0,17.77,15.76,-2.01,24.95,24.47,-0.48,23.68,19.09,-4.59,12.57,12.75,0.18,10.7,13.87,3.17,3.33,4.18,0.85,2.55,2.05,-0.5,1.42,1.66,0.24,1.03,2.78,1.75,2.01,3.39,1.38,2.69,11.23,7.96,9090.0,9.1149,-0.6931,0.1553,-3.0803,-3.8504,17.9978,18.5039,1.2002,24.4035,504000.0,3.6994,13.534,38.8787,0,-4.77,6.45,-4.22,-2.664305653823651,2013-2017→2017-2021
4211,Gjerstad,2017-2021,2017,2021,Agder,Agder,5,661,False,1415.0,27.21,25.39,-1.82,16.96,12.58,-4.38,20.35,15.97,-4.38,6.64,5.89,-0.75,20.85,27.08,6.23,2.54,3.46,0.92,1.77,1.55,-0.22,1.34,1.18,-0.16,0.71,3.83,3.12,1.63,3.09,1.46,1.85,29.95,3.77,2511.0,7.8284,-3.2258,-2.6832,-17.1247,-15.1334,18.1601,17.5627,2.0457,15.2712,443000.0,4.1446,15.0794,33.2451,0,-5.16,11.33,-0.67,0.792605214477465,2013-2017→2017-2021
4212,Vegårshei,2017-2021,2017,2021,Agder,Agder,5,653,False,1217.0,27.12,25.23,-1.89,11.91,10.19,-1.72,19.56,12.65,-6.91,19.15,15.12,-4.03,15.94,25.85,9.91,2.05,3.01,0.96,1.64,1.0,-0.64,0.99,1.31,0.32,0.66,2.55,1.89,0.99,3.09,2.1,8.19,24.22,2.13,2104.0,7.6516,1.1407,10.718,19.0114,-8.5551,15.3992,18.346,-0.5496,23.601,467000.0,5.5385,10.6667,36.5128,0,-4.43,5.51,-0.47,0.6887754383505202,2013-2017→2017-2021
4213,Tvedestrand,2017-2021,2017,2021,Agder,Agder,4,729,False,3458.0,25.36,24.95,-0.41,15.04,11.0,-4.04,28.72,23.89,-4.83,7.46,5.0,-2.46,10.32,16.05,5.73,3.27,5.02,1.75,3.38,3.65,0.27,3.07,3.01,-0.06,1.5,3.93,2.43,1.88,3.5,1.62,1.69,14.89,4.34,6051.0,8.708,0.2644,1.6418,16.1957,-13.7167,18.1127,17.4517,1.7653,24.8196,471000.0,1.8483,10.8202,37.0427,0,-2.64,4.78,1.47,3.1426611959745774,2013-2017→2017-2021
4214,Froland,2017-2021,2017,2021,Agder,Agder,4,726,False,3081.0,22.4,21.24,-1.16,22.65,19.0,-3.65,18.14,10.81,-7.33,14.18,11.24,-2.94,12.89,22.54,9.65,2.53,2.77,0.24,1.72,1.48,-0.24,1.27,1.51,0.24,0.62,2.77,2.15,3.6,6.65,3.05,6.0,18.09,4.7,5713.0,8.6505,5.0936,17.1055,35.533,14.8783,12.4978,20.8647,2.0258,19.7501,519000.0,2.5737,7.4972,34.5021,0,-6.8,4.76,1.57,2.829885709445434,2013-2017→2017-2021
4215,Lillesand,2017-2021,2017,2021,Agder,Agder,3,788,False,6147.0,20.81,21.02,0.21,14.01,10.98,-3.03,34.34,25.59,-8.75,8.62,10.18,1.56,4.29,8.31,4.02,4.67,6.78,2.11,6.17,4.75,-1.42,3.03,3.82,0.79,1.37,3.78,2.41,2.7,4.78,2.08,0.99,2.77,4.43,10702.0,9.2782,4.4665,15.1035,36.5352,7.5687,14.9224,18.3984,1.6876,31.6405,546000.0,1.3028,10.5803,36.0047,0,-1.18,2.31,-3.74,-2.0583634078415294,2013-2017→2017-2021
4216,Birkenes,2017-2021,2017,2021,Agder,Agder,4,705,False,2690.0,19.26,17.18,-2.08,17.7,11.3,-6.4,24.28,19.08,-5.2,16.47,14.13,-2.34,12.86,23.49,10.63,2.53,2.73,0.2,2.3,2.15,-0.15,1.52,2.22,0.7,1.19,2.33,1.14,1.9,5.38,3.48,4.23,12.92,20.37,5178.0,8.5522,1.854,10.4271,1.3519,22.2093,13.3642,20.9154,1.577,23.4866,514000.0,4.3549,17.9487,31.339,0,0.06,5.01,-4.83,-3.512689061928498,2013-2017→2017-2021
4217,Åmli,2017-2021,2017,2021,Agder,Agder,5,591,False,1057.0,30.94,27.54,-3.4,14.76,11.06,-3.7,15.7,7.7,-8.0,9.37,6.91,-2.46,20.53,30.9,10.37,2.93,4.05,1.12,1.04,1.97,0.93,0.57,0.89,0.32,1.8,5.23,3.43,2.37,3.75,1.38,6.67,34.04,12.92,1856.0,7.5262,-1.8319,-0.3827,-19.9353,3.7716,17.5647,18.2112,2.7427,20.8196,457000.0,7.7859,13.6253,34.0633,0,-6.84,5.22,3.33,4.428301414668806,2013-2017→2017-2021
4218,Iveland,2017-2021,2017,2021,Agder,Agder,5,624,False,747.0,14.86,12.36,-2.5,19.68,13.87,-5.81,15.53,10.16,-5.37,20.35,18.68,-1.67,19.81,29.95,10.14,2.14,2.06,-0.08,1.87,1.51,-0.36,1.74,1.37,-0.37,1.34,3.16,1.82,2.68,6.87,4.19,4.33,29.01,6.71,1342.0,7.2019,-0.5216,2.2989,-26.0805,20.8644,12.0715,22.2057,1.3367,15.1252,489000.0,3.7677,16.1695,34.0659,0,-4.16,8.32,-2.44,-1.3982626130949594,2013-2017→2017-2021
4219,Evje og Hornnes,2017-2021,2017,2021,Agder,Agder,4,691,False,1931.0,24.18,23.54,-0.64,15.95,12.28,-3.67,17.56,13.75,-3.81,19.37,15.78,-3.59,13.78,20.8,7.02,2.85,4.31,1.46,2.07,1.67,-0.4,1.29,1.32,0.03,0.83,2.33,1.5,2.12,4.21,2.09,3.35,9.1,4.39,3614.0,8.1926,0.1384,4.1439,-1.3835,-4.7039,16.6851,18.6497,1.5796,22.0527,472000.0,3.9076,6.4535,37.833,0,-5.98,6.35,-0.28,1.0857215189151586,2013-2017→2017-2021
4220,Bygland,2017-2021,2017,2021,Agder,Agder,6,551,False,730.0,23.56,21.06,-2.5,12.74,10.03,-2.71,17.12,12.75,-4.37,10.82,7.88,-2.94,25.75,31.81,6.06,2.6,5.01,2.41,1.37,1.29,-0.08,1.78,0.86,-0.92,1.23,5.01,3.78,3.01,4.3,1.29,3.35,31.14,-3.47,1200.0,7.0901,-4.8333,-7.8289,-36.6667,-13.3333,18.5833,16.1667,4.8843,25.8537,460000.0,8.056,8.9317,38.3538,0,-5.36,7.24,-0.72,0.4283305131569799,2013-2017→2017-2021
4221,Valle,2017-2021,2017,2021,Agder,Agder,6,466,False,654.0,20.8,19.31,-1.49,17.89,13.54,-4.35,18.81,15.13,-3.68,9.33,10.66,1.33,24.62,29.83,5.21,1.83,3.46,1.63,2.45,1.73,-0.72,1.53,1.59,0.06,0.92,2.45,1.53,1.83,2.31,0.48,0.86,28.43,12.06,1246.0,7.1277,-6.1798,-8.9564,-47.3515,-16.0514,17.3355,17.6565,3.7937,24.5446,489000.0,6.4715,9.0909,34.0524,0,-4.42,6.46,-0.21,0.6286281775068346,2013-2017→2017-2021
4222,Bykle,2017-2021,2017,2021,Agder,Agder,6,467,False,529.0,20.79,19.34,-1.45,13.61,7.62,-5.99,21.93,18.75,-3.18,8.51,7.62,-0.89,19.47,25.59,6.12,5.1,6.84,1.74,3.97,4.88,0.91,3.4,3.12,-0.28,1.32,3.32,2.0,1.89,2.93,1.04,0.13,12.39,8.83,952.0,6.8586,-2.3109,-5.9656,-37.8151,15.7563,11.6597,22.8992,1.8887,32.175,477000.0,1.9298,2.9825,34.386,0,-7.2,7.91,-2.21,-1.565131574315488,2013-2017→2017-2021
4223,Vennesla,2017-2021,2017,2021,Agder,Agder,3,775,False,7866.0,22.35,20.58,-1.77,19.58,13.59,-5.99,20.93,13.99,-6.94,18.09,21.49,3.4,8.29,15.37,7.08,2.87,4.06,1.19,2.19,1.7,-0.49,1.44,1.46,0.02,0.7,2.22,1.52,3.57,5.54,1.97,1.09,12.78,10.05,14425.0,9.5767,3.5355,12.0069,17.8856,17.539,12.9913,21.9619,0.6812,19.2159,496000.0,1.2297,13.4095,33.0845,0,-4.51,4.7,1.17,2.7391094067832924,2013-2017→2017-2021
4224,Åseral,2017-2021,2017,2021,Agder,Agder,6,536,False,526.0,16.92,16.67,-0.25,15.02,11.59,-3.43,21.1,12.14,-8.96,16.16,14.67,-1.49,25.67,37.14,11.47,1.52,1.45,-0.07,0.95,0.72,-0.23,0.38,0.18,-0.2,0.38,1.09,0.71,1.9,4.35,2.45,8.04,35.77,-6.2,937.0,6.8427,-1.0672,1.6447,-10.6724,0.0,13.8741,19.6371,0.7969,17.4731,478000.0,11.6327,8.5714,31.2245,0,-5.67,5.75,5.29,6.150700805583758,2013-2017→2017-2021
4225,Lyngdal,2017-2021,2017,2021,Agder,Agder,4,695,False,5459.0,12.95,13.49,0.54,20.7,17.47,-3.23,27.29,20.18,-7.11,21.62,21.28,-0.34,10.13,15.3,5.17,1.96,2.51,0.55,1.63,1.82,0.19,1.14,1.27,0.13,0.46,1.96,1.5,2.12,4.7,2.58,1.94,11.71,6.08,10353.0,9.245,1.0722,10.438,-4.6363,15.8408,13.9187,19.8107,1.5439,22.6187,507139.9382,3.2877,15.2134,33.6737,1,-3.67,3.41,0.94,2.241223437963127,2013-2017→2017-2021
4226,Hægebostad,2017-2021,2017,2021,Agder,Agder,5,575,False,1007.0,10.23,7.65,-2.58,20.36,17.96,-2.4,18.17,10.11,-8.06,24.03,27.18,3.15,20.26,29.54,9.28,0.5,1.18,0.68,1.19,0.1,-1.09,1.29,0.59,-0.7,0.4,0.98,0.58,3.57,4.71,1.14,6.88,24.28,14.25,1702.0,7.4396,-0.7051,3.1117,-13.5135,5.8754,15.8049,20.3878,0.7039,20.2673,548000.0,10.5263,18.589,30.6831,0,-5.08,7.4,1.95,2.9271087758330276,2013-2017→2017-2021
4227,Kvinesdal,2017-2021,2017,2021,Agder,Agder,5,650,False,3333.0,22.77,18.77,-4.0,24.39,20.21,-4.18,18.9,13.39,-5.51,14.4,14.41,0.01,12.12,19.97,7.85,1.62,2.58,0.96,1.32,1.44,0.12,1.62,1.86,0.24,1.02,1.59,0.57,1.83,5.77,3.94,3.67,7.74,13.99,5988.0,8.6975,-1.1022,1.8226,-12.024,0.0,15.481,20.1236,1.5741,18.5393,491000.0,3.9889,14.1866,33.8189,0,-3.19,6.1,-3.31,-2.027453878443761,2013-2017→2017-2021
4228,Sirdal,2017-2021,2017,2021,Agder,Agder,5,575,False,1015.0,16.75,15.14,-1.61,17.44,16.63,-0.81,21.58,15.54,-6.04,14.48,13.55,-0.93,20.69,26.29,5.6,1.87,2.39,0.52,2.76,2.29,-0.47,2.46,1.39,-1.07,0.59,1.99,1.4,1.38,4.78,3.4,4.79,20.02,-0.38,1836.0,7.5153,-3.4858,-1.0609,-33.7691,-1.0893,17.4837,18.9542,0.6315,24.0411,559000.0,5.6928,5.0483,35.8754,0,-1.91,4.99,-1.03,0.0035196443295133495,2013-2017→2017-2021
4601,Bergen,2017-2021,2017,2021,Vestland,Vestlandet,2,895,False,162440.0,24.38,23.65,-0.73,12.56,9.38,-3.18,31.57,26.47,-5.1,4.11,3.54,-0.57,4.14,5.37,1.23,9.04,11.39,2.35,5.43,5.85,0.42,4.46,5.3,0.84,2.81,5.83,3.02,1.48,3.22,1.74,-1.95,2.0,3.31,278556.0,12.5374,2.5291,9.6812,7.923,17.3717,13.2408,25.7069,0.7606,40.5132,487000.0,0.4386,5.3505,36.6843,0,-1.21,2.13,-2.04,0.085606201313154,2013-2017→2017-2021
4602,Kinn,2017-2021,2017,2021,Vestland,Vestlandet,5,663,False,9641.0,25.55,26.24,0.69,15.01,14.73,-0.28,26.9,19.02,-7.88,3.38,2.93,-0.45,14.82,15.62,0.8,4.2,5.81,1.61,4.68,4.04,-0.64,2.71,2.42,-0.29,1.76,6.27,4.51,1.0,2.92,1.92,0.52,6.84,12.38,18030.0,9.7998,-4.8253,-2.5996,-19.9113,0.8874,14.9473,19.6728,1.7427,24.2171,531979.1388,4.7455,11.7641,31.3671,1,-1.95,8.21,-1.71,-0.2670120311619921,2013-2017→2017-2021
4611,Etne,2017-2021,2017,2021,Vestland,Vestlandet,5,604,False,2274.0,16.01,16.99,0.98,21.06,19.0,-2.06,22.82,14.84,-7.98,8.14,7.31,-0.83,22.69,28.2,5.51,2.81,3.33,0.52,2.9,3.06,0.16,1.54,1.23,-0.31,0.88,2.76,1.88,1.14,3.28,2.14,3.45,30.17,8.3,4135.0,8.3272,-1.9831,3.6838,-31.4389,11.3664,16.4692,18.0895,2.7018,23.1375,523000.0,7.971,13.1884,29.372,0,-4.87,6.87,-0.11,1.0028535912079384,2013-2017→2017-2021
4612,Sveio,2017-2021,2017,2021,Vestland,Vestlandet,4,673,False,3114.0,18.88,17.37,-1.51,22.51,18.86,-3.65,26.75,21.57,-5.18,7.58,6.28,-1.3,12.14,18.46,6.32,3.28,4.75,1.47,3.18,2.3,-0.88,2.41,2.11,-0.3,1.06,2.67,1.61,2.22,5.62,3.4,2.67,13.72,5.1,5656.0,8.6405,2.5106,12.8455,9.017,15.7355,13.1365,19.36,2.5068,23.8676,566000.0,6.3745,10.105,33.1402,0,-2.72,3.65,1.99,3.132722705244249,2013-2017→2017-2021
4613,Bømlo,2017-2021,2017,2021,Vestland,Vestlandet,5,644,False,6704.0,17.54,19.05,1.51,19.02,18.17,-0.85,28.33,22.28,-6.05,16.8,12.96,-3.84,7.13,11.48,4.35,2.88,3.98,1.1,2.6,2.39,-0.21,1.73,1.86,0.13,0.88,2.18,1.3,3.1,5.67,2.57,3.5,7.86,2.5,11806.0,9.3764,1.2451,4.6581,3.2187,9.0632,14.518,19.7527,1.8711,22.8,551000.0,6.2118,20.6822,30.8259,0,-2.26,3.21,4.84,6.080200530801294,2013-2017→2017-2021
4614,Stord,2017-2021,2017,2021,Vestland,Vestlandet,4,746,False,10465.0,28.98,29.03,0.05,17.47,16.33,-1.14,25.78,20.17,-5.61,7.3,6.44,-0.86,6.56,9.09,2.53,6.02,6.69,0.67,2.56,2.54,-0.02,2.03,2.07,0.04,1.51,3.18,1.67,1.8,4.46,2.66,1.39,8.93,4.34,18821.0,9.8427,0.2125,5.9369,-17.2148,19.1276,13.5912,21.5079,1.9382,29.8346,544000.0,1.0508,20.3262,35.7487,0,-2.12,2.38,2.13,3.682315881091572,2013-2017→2017-2021
4615,Fitjar,2017-2021,2017,2021,Vestland,Vestlandet,5,603,False,1866.0,14.36,16.23,1.87,19.02,20.35,1.33,30.98,19.59,-11.39,15.11,15.21,0.1,12.49,16.23,3.74,2.41,3.79,1.38,1.66,1.14,-0.52,1.39,1.19,-0.2,0.64,1.84,1.2,1.93,4.44,2.51,5.07,10.04,7.3,3189.0,8.0675,-1.317,7.4428,-26.3405,12.8567,13.2957,17.9994,3.1644,22.1598,581000.0,5.5764,16.6667,28.6967,0,-1.72,4.45,0.99,2.0846026811295593,2013-2017→2017-2021
4616,Tysnes,2017-2021,2017,2021,Vestland,Vestlandet,5,578,False,1677.0,18.37,17.04,-1.33,16.04,16.24,0.2,32.56,25.96,-6.6,5.19,4.52,-0.67,18.07,17.9,-0.17,2.5,7.95,5.45,2.62,1.77,-0.85,2.5,2.74,0.24,1.25,2.57,1.32,0.89,3.32,2.43,0.03,19.53,5.91,2847.0,7.954,2.7046,6.0958,32.666,-7.3762,21.9178,18.3702,1.4406,21.6933,497000.0,10.6509,10.503,32.5444,0,-1.83,6.7,4.33,5.458024488846039,2013-2017→2017-2021
4617,Kvinnherad,2017-2021,2017,2021,Vestland,Vestlandet,5,587,False,7253.0,21.27,20.98,-0.29,16.7,17.41,0.71,29.55,21.61,-7.94,5.79,4.6,-1.19,14.24,18.63,4.39,4.87,5.24,0.37,2.3,1.61,-0.69,2.1,2.23,0.13,1.52,3.7,2.18,1.67,3.99,2.32,5.1,15.64,7.11,13241.0,9.4911,-1.5256,-1.5404,-13.3676,-1.6615,18.2237,17.5515,2.0079,22.4617,512000.0,5.7512,13.8126,38.0291,0,-1.81,4.72,-0.98,0.23370536862870428,2013-2017→2017-2021
4618,Ullensvang,2017-2021,2017,2021,Vestland,Vestlandet,5,583,False,6596.0,27.35,25.71,-1.64,12.58,11.81,-0.77,18.19,13.49,-4.7,3.41,2.2,-1.21,24.04,29.16,5.12,4.79,5.47,0.68,2.74,1.82,-0.92,1.8,1.8,0.0,3.52,5.78,2.26,1.56,2.76,1.2,4.35,21.92,6.51,11510.0,9.351,-4.4136,-3.753,-24.4136,-14.1616,20.2259,17.8888,1.4611,23.6611,486857.0597,4.047,15.2484,35.393,1,-5.86,10.67,-1.67,-0.4860064635145205,2013-2017→2017-2021
4619,Eidfjord,2017-2021,2017,2021,Vestland,Vestlandet,6,531,False,569.0,24.25,24.39,0.14,13.53,9.38,-4.15,25.31,17.45,-7.86,1.58,3.0,1.42,26.71,31.33,4.62,3.69,6.57,2.88,1.76,0.94,-0.82,1.41,1.13,-0.28,0.88,3.0,2.12,0.88,2.81,1.93,0.47,41.47,-1.32,921.0,6.8255,-1.9544,-5.8394,-11.9435,-7.6004,18.5668,17.9153,1.4775,25.5102,506000.0,2.3438,1.7578,35.9375,0,-5.5,11.66,-0.85,0.1469052657618699,2013-2017→2017-2021
4620,Ulvik,2017-2021,2017,2021,Vestland,Vestlandet,6,529,False,659.0,20.03,18.14,-1.89,9.71,6.78,-2.93,11.08,8.36,-2.72,2.58,1.42,-1.16,33.54,39.75,6.21,7.44,10.41,2.97,10.02,4.26,-5.76,1.97,3.15,1.18,1.97,5.68,3.71,1.67,2.05,0.38,3.28,22.33,9.14,1131.0,7.0309,-6.1892,-5.0984,-35.3669,-23.8727,21.7507,17.5066,2.0005,28.0384,477000.0,11.8182,3.6364,39.6364,0,-4.31,14.94,-0.08,0.8374932360474653,2013-2017→2017-2021
4621,Voss,2017-2021,2017,2021,Vestland,Vestlandet,4,720,False,9034.0,23.53,24.67,1.14,9.64,6.82,-2.82,18.32,12.79,-5.53,3.43,2.63,-0.8,29.71,32.07,2.36,5.63,7.84,2.21,3.65,2.8,-0.85,3.31,3.39,0.08,1.86,4.26,2.4,0.91,2.73,1.82,-0.46,22.07,11.07,15447.0,9.6452,2.2011,5.9246,14.2422,3.1721,18.5473,19.4083,0.8611,28.0236,508327.025,4.5967,5.4451,36.8494,1,-4.32,12.34,-2.28,-0.6980254231509775,2013-2017→2017-2021
4622,Kvam,2017-2021,2017,2021,Vestland,Vestlandet,4,674,False,4908.0,18.32,20.38,2.06,16.48,15.23,-1.25,22.9,15.49,-7.41,7.72,7.13,-0.59,20.52,22.52,2.0,4.63,6.38,1.75,3.48,2.5,-0.98,3.34,3.05,-0.29,0.92,3.58,2.66,1.69,3.74,2.05,0.75,31.02,-1.88,8423.0,9.0387,0.4511,0.2251,6.7672,-2.2557,19.0906,17.749,1.4271,25.5609,530000.0,7.6772,12.9507,33.9956,0,-2.36,6.75,-2.88,-1.3885453614456993,2013-2017→2017-2021
4623,Samnanger,2017-2021,2017,2021,Vestland,Vestlandet,4,683,False,1449.0,26.16,25.0,-1.16,17.94,18.25,0.31,21.95,14.04,-7.91,7.32,6.22,-1.1,15.04,19.05,4.01,3.38,4.88,1.5,1.45,1.6,0.15,3.8,2.07,-1.73,1.04,4.14,3.1,1.93,4.75,2.82,4.32,11.06,0.23,2488.0,7.8192,0.6431,4.5948,4.4212,1.6077,17.082,17.4437,3.1656,21.7827,534000.0,2.5231,11.3541,35.2397,0,-6.32,6.43,0.83,2.2548746615451556,2013-2017→2017-2021
4624,Bjørnafjorden,2017-2021,2017,2021,Vestland,Vestlandet,4,766,False,13415.0,18.35,19.79,1.44,22.09,20.48,-1.61,31.29,24.7,-6.59,5.02,4.12,-0.9,8.89,11.79,2.9,4.33,6.26,1.93,4.04,3.29,-0.75,3.67,3.29,-0.38,1.13,3.06,1.93,1.19,3.22,2.03,1.29,8.23,6.91,24047.0,10.0878,4.1668,18.9355,20.751,20.7094,13.3322,20.6096,1.842,28.5776,575161.1379,2.9399,11.5654,32.9306,1,-1.44,2.56,-0.99,0.4315026085113811,2013-2017→2017-2021
4625,Austevoll,2017-2021,2017,2021,Vestland,Vestlandet,5,598,False,2839.0,13.88,13.55,-0.33,23.21,25.16,1.95,41.11,35.67,-5.44,7.36,6.36,-1.0,5.57,6.95,1.38,3.31,3.87,0.56,2.22,1.73,-0.49,1.34,1.59,0.25,0.6,2.21,1.61,1.41,2.9,1.49,3.33,5.52,2.56,5156.0,8.5479,2.3274,12.735,8.3398,15.128,14.2164,20.3064,1.572,23.3083,634000.0,16.7423,12.2449,26.7196,0,-2.77,2.71,3.74,4.710611142226411,2013-2017→2017-2021
4626,Øygarden,2017-2021,2017,2021,Vestland,Vestlandet,4,769,False,20836.0,18.58,19.18,0.6,21.72,19.07,-2.65,36.26,27.91,-8.35,7.49,7.95,0.46,4.32,8.2,3.88,4.25,5.19,0.94,2.99,2.54,-0.45,1.83,1.93,0.1,0.93,2.74,1.81,1.63,5.28,3.65,1.23,3.39,5.06,37175.0,10.5234,4.0054,17.932,15.4674,24.694,11.3894,20.8554,2.065,23.9279,596293.3689,1.9784,9.4763,30.2688,1,-2.3,2.35,0.08,1.5957083506376026,2013-2017→2017-2021
4627,Askøy,2017-2021,2017,2021,Vestland,Vestlandet,3,810,False,15949.0,22.27,24.31,2.04,19.09,15.73,-3.36,33.91,26.88,-7.03,4.89,4.37,-0.52,3.97,6.64,2.67,6.08,7.69,1.61,4.01,3.66,-0.35,2.53,2.89,0.36,1.74,3.56,1.82,1.52,4.27,2.75,-0.69,0.8,4.29,28821.0,10.2689,2.6821,15.5925,2.7064,24.3225,11.7553,19.8675,1.5447,28.1016,608000.0,0.7474,7.6025,37.3719,0,-4.96,2.39,0.85,2.4216163473062373,2013-2017→2017-2021
4628,Vaksdal,2017-2021,2017,2021,Vestland,Vestlandet,5,644,False,2343.0,30.99,30.0,-0.99,15.96,11.93,-4.03,17.2,13.83,-3.37,6.06,4.67,-1.39,16.56,19.41,2.85,7.21,8.13,0.92,1.54,1.25,-0.29,2.18,2.03,-0.15,0.68,4.54,3.86,1.62,4.19,2.57,-1.18,16.08,2.81,4123.0,8.3243,-4.9721,-5.6586,-33.9559,-15.0376,18.991,18.9668,1.3765,20.2137,486000.0,2.3797,11.8983,36.8307,0,-6.0,8.14,-1.96,-0.5888684214121773,2013-2017→2017-2021
4629,Modalen,2017-2021,2017,2021,Vestland,Vestlandet,6,530,False,212.0,16.98,23.08,6.1,8.49,5.77,-2.72,16.51,12.5,-4.01,5.66,6.25,0.59,39.15,30.77,-8.38,3.77,4.81,1.04,2.36,2.4,0.04,3.3,4.81,1.51,1.42,3.85,2.43,2.36,5.77,3.41,-11.1,0.0,0.0,383.0,5.948,-1.8277,1.6216,-18.2768,0.0,16.188,18.799,0.8333,25.0836,545000.0,4.9724,1.6575,35.3591,0,-3.55,4.94,2.83,3.599783315406293,2013-2017→2017-2021
4630,Osterøy,2017-2021,2017,2021,Vestland,Vestlandet,4,717,False,4635.0,19.94,21.2,1.26,18.73,17.6,-1.13,27.42,19.82,-7.6,7.62,6.49,-1.13,13.07,16.53,3.46,4.19,6.58,2.39,2.74,2.28,-0.46,2.83,2.33,-0.5,1.66,3.44,1.78,1.81,3.74,1.93,2.33,8.49,11.66,8026.0,8.9904,0.6728,8.2384,-8.2233,14.7022,15.5121,20.2218,1.728,19.8684,531000.0,3.5294,15.7947,30.8636,0,-3.9,5.24,-1.43,0.048038817209629325,2013-2017→2017-2021
4631,Alver,2017-2021,2017,2021,Vestland,Vestlandet,4,731,False,16314.0,19.84,19.85,0.01,16.38,15.42,-0.96,28.93,21.28,-7.65,10.47,9.5,-0.97,12.1,17.18,5.08,4.24,5.15,0.91,2.81,2.35,-0.46,2.27,1.98,-0.29,1.17,3.08,1.91,1.79,4.22,2.43,4.12,16.17,2.32,28880.0,10.2709,1.5824,11.8196,-0.5194,16.2396,13.8608,19.4148,2.4667,24.0272,566394.1731,2.5355,13.6633,33.5333,1,-1.29,3.78,1.02,2.392908597823845,2013-2017→2017-2021
4632,Austrheim,2017-2021,2017,2021,Vestland,Vestlandet,5,641,False,1623.0,20.33,23.52,3.19,19.04,17.64,-1.4,33.52,27.77,-5.75,8.38,5.1,-3.28,9.8,14.88,5.08,3.08,2.58,-0.5,2.65,1.98,-0.67,1.48,1.08,-0.4,0.49,2.04,1.55,1.23,3.42,2.19,3.68,7.89,6.14,2884.0,7.9669,-0.8322,2.5457,-12.8294,4.5076,17.9612,16.8863,3.1577,19.1107,527000.0,1.8741,17.0915,26.012,0,-3.5,4.57,-0.78,0.3934542003460064,2013-2017→2017-2021
4633,Fedje,2017-2021,2017,2021,Vestland,Vestlandet,6,436,False,365.0,24.11,27.25,3.14,14.25,13.76,-0.49,30.68,23.6,-7.08,13.7,14.33,0.63,5.75,10.67,4.92,2.47,2.81,0.34,2.19,1.69,-0.5,0.82,0.56,-0.26,0.82,1.12,0.3,5.21,4.21,-1.0,4.43,0.0,0.0,587.0,6.375,-10.5622,-10.5622,-83.4753,-22.1465,20.954,12.7768,3.8079,21.6842,519000.0,2.3622,3.5433,42.9134,0,-1.49,4.95,-0.25,0.5477449477962019,2013-2017→2017-2021
4634,Masfjorden,2017-2021,2017,2021,Vestland,Vestlandet,6,552,False,1058.0,20.32,20.17,-0.15,13.33,13.16,-0.17,28.36,20.56,-7.8,5.77,5.19,-0.58,23.72,30.55,6.83,2.36,2.88,0.52,2.84,1.15,-1.69,1.7,0.96,-0.74,0.28,2.31,2.03,1.32,3.07,1.75,6.66,14.51,5.61,1710.0,7.4442,-2.924,-0.7177,-18.7135,-11.6959,20.4678,17.3099,2.3032,18.6331,555000.0,6.7678,7.3512,36.056,0,-3.52,9.43,4.9,5.8711176386108095,2013-2017→2017-2021
4635,Gulen,2017-2021,2017,2021,Vestland,Vestlandet,6,483,False,1372.0,18.95,19.64,0.69,11.01,12.01,1.0,25.87,16.16,-9.71,5.83,4.89,-0.94,31.49,36.92,5.43,2.55,2.89,0.34,1.97,1.63,-0.34,1.31,1.33,0.02,0.58,2.3,1.72,0.44,2.22,1.78,6.43,42.12,3.42,2371.0,7.7711,-4.1755,-1.1744,-34.5846,-7.17,19.9494,18.9793,1.5735,21.8766,519000.0,12.3288,9.589,33.199,0,-3.57,8.83,2.78,3.6222392067511504,2013-2017→2017-2021
4636,Solund,2017-2021,2017,2021,Vestland,Vestlandet,6,350,False,452.0,20.58,21.61,1.03,9.51,7.59,-1.92,32.08,21.38,-10.7,3.1,1.84,-1.26,27.21,33.33,6.12,2.65,4.14,1.49,0.66,1.38,0.72,2.21,2.3,0.09,1.11,3.68,2.57,0.88,2.76,1.88,4.2,34.51,16.97,794.0,6.6771,-1.0076,-8.8167,11.335,-21.4106,21.9144,14.4836,2.1314,20.0299,516000.0,21.3592,11.165,33.2524,0,-0.89,7.17,3.86,4.3931314181178065,2013-2017→2017-2021
4637,Hyllestad,2017-2021,2017,2021,Vestland,Vestlandet,6,481,False,797.0,25.35,28.59,3.24,6.52,7.18,0.66,17.06,9.32,-7.74,3.39,4.16,0.77,39.02,37.78,-1.24,2.51,3.4,0.89,1.76,1.01,-0.75,2.89,1.01,-1.88,1.0,4.41,3.41,0.5,3.15,2.65,-0.58,35.27,5.96,1438.0,7.271,-10.0139,-12.7444,-78.5814,-22.2531,22.3922,15.7858,3.0328,20.0333,459000.0,8.2287,17.8522,34.8675,0,-7.65,15.13,0.88,1.7151093566614173,2013-2017→2017-2021
4638,Høyanger,2017-2021,2017,2021,Vestland,Vestlandet,6,547,False,2392.0,38.29,35.1,-3.19,7.9,7.97,0.07,15.68,9.29,-6.39,2.42,1.83,-0.59,24.29,25.27,0.98,2.84,5.56,2.72,2.13,1.29,-0.84,1.51,1.29,-0.22,4.14,8.88,4.74,0.79,3.53,2.74,1.05,23.91,6.85,4190.0,8.3405,-3.3652,-5.3972,-51.79,-8.8305,18.4248,17.9952,3.2842,21.2987,473000.0,5.3999,17.8808,37.9521,0,-5.7,9.05,0.18,1.2889700248346663,2013-2017→2017-2021
4639,Vik,2017-2021,2017,2021,Vestland,Vestlandet,6,532,False,1525.0,22.36,29.94,7.58,8.72,6.14,-2.58,11.8,7.08,-4.72,2.75,1.75,-1.0,48.52,46.59,-1.93,2.49,3.84,1.35,1.44,1.28,-0.16,1.05,0.74,-0.31,0.46,1.28,0.82,0.39,1.35,0.96,-4.51,29.89,11.75,2722.0,7.9091,-4.0779,-5.3299,-24.9816,-15.7972,22.3733,17.1932,2.1767,22.9297,497000.0,9.7803,13.0404,36.6407,0,-4.61,11.36,-1.55,-0.5358081444621425,2013-2017→2017-2021
4640,Sogndal,2017-2021,2017,2021,Vestland,Vestlandet,5,659,False,6783.0,24.09,26.22,2.13,7.99,6.52,-1.47,14.54,12.16,-2.38,4.39,4.6,0.21,33.39,29.81,-3.58,7.49,8.77,1.28,3.61,3.4,-0.21,2.85,3.74,0.89,1.18,3.19,2.01,0.47,1.58,1.11,-5.05,27.51,15.61,11561.0,9.3554,3.261,11.2789,24.9113,16.8671,15.2149,23.4149,0.5833,37.4466,531437.2716,3.5587,6.3733,45.8913,1,-6.09,10.76,-2.2,-1.0002694823149236,2013-2017→2017-2021
4641,Aurland,2017-2021,2017,2021,Vestland,Vestlandet,6,528,False,1027.0,26.78,29.04,2.26,10.03,8.17,-1.86,18.79,13.98,-4.81,1.36,0.79,-0.57,29.6,30.51,0.91,3.31,4.82,1.51,3.8,2.56,-1.24,4.87,4.13,-0.74,0.88,4.23,3.35,0.58,1.77,1.19,-0.95,26.68,17.6,1787.0,7.4883,-0.5596,5.2102,12.3111,-17.3475,18.8025,22.3279,-0.0067,26.8676,463000.0,4.4304,5.9072,32.2785,0,-5.41,11.58,-3.07,-2.1851014946881353,2013-2017→2017-2021
4642,Lærdal,2017-2021,2017,2021,Vestland,Vestlandet,5,570,False,1247.0,27.27,29.63,2.36,10.18,7.91,-2.27,13.39,12.06,-1.33,0.56,0.64,0.08,36.89,34.19,-2.7,5.29,6.87,1.58,2.49,1.44,-1.05,1.52,1.92,0.4,2.09,3.83,1.74,0.32,1.52,1.2,-4.97,46.39,-18.07,2159.0,7.6774,-1.3895,-4.2716,5.095,-18.5271,19.4535,17.5544,1.7772,27.3333,521000.0,8.3704,8.1033,38.1122,0,-4.01,6.55,-2.05,-0.9691531246859961,2013-2017→2017-2021
4643,Årdal,2017-2021,2017,2021,Vestland,Vestlandet,5,592,False,3197.0,59.84,58.03,-1.81,6.66,4.37,-2.29,9.67,7.19,-2.48,0.47,0.44,-0.03,16.58,19.33,2.75,2.63,2.88,0.25,1.22,1.24,0.02,1.16,1.3,0.14,0.91,3.55,2.64,0.88,1.65,0.77,0.46,38.78,-3.16,5363.0,8.5873,-3.5987,-7.6951,-23.3079,-12.3065,19.5227,17.8445,1.4251,20.585,507000.0,0.3888,40.4355,28.6159,0,-2.86,7.45,-3.0,-1.8011989833418598,2013-2017→2017-2021
4644,Luster,2017-2021,2017,2021,Vestland,Vestlandet,5,567,False,3106.0,27.53,29.77,2.24,7.41,6.15,-1.26,10.91,8.62,-2.29,5.38,5.03,-0.35,39.7,37.26,-2.44,3.48,4.39,0.91,1.96,1.99,0.03,1.93,2.27,0.34,0.87,2.72,1.85,0.84,1.79,0.95,-3.7,54.13,-2.82,5151.0,8.5469,0.7377,3.3048,3.4945,3.6886,17.9771,18.7731,1.2752,26.7436,511000.0,7.7242,12.2833,35.2298,0,-7.77,11.37,-1.19,-0.248991753764074,2013-2017→2017-2021
4645,Askvoll,2017-2021,2017,2021,Vestland,Vestlandet,6,504,False,1854.0,17.58,18.4,0.82,6.2,10.86,4.66,26.81,14.35,-12.46,5.77,6.19,0.42,32.36,34.16,1.8,3.67,6.19,2.52,4.1,2.87,-1.23,1.29,1.35,0.06,0.7,2.7,2.0,1.51,2.93,1.42,6.46,17.62,10.72,3065.0,8.0278,-2.4144,-0.3,-3.2626,-20.5546,22.2838,15.4649,1.8218,22.2884,516000.0,12.4402,6.6986,35.6801,0,-7.36,11.79,7.64,8.556373467071472,2013-2017→2017-2021
4646,Fjaler,2017-2021,2017,2021,Vestland,Vestlandet,6,562,False,1541.0,20.05,23.22,3.17,6.04,7.83,1.79,14.02,11.25,-2.77,2.27,2.98,0.71,42.05,34.09,-7.96,5.39,7.76,2.37,4.15,3.36,-0.79,3.18,3.43,0.25,2.08,4.01,1.93,0.78,2.07,1.29,-6.17,36.38,-5.56,2862.0,7.9593,0.8036,-0.825,14.6751,-6.6387,18.9029,18.5185,1.825,26.7267,430000.0,8.9325,5.5192,43.9361,0,-6.99,15.58,-2.82,-1.748391742243779,2013-2017→2017-2021
4647,Sunnfjord,2017-2021,2017,2021,Vestland,Vestlandet,5,667,False,12271.0,24.0,26.53,2.53,7.78,6.74,-1.04,20.28,16.49,-3.79,4.77,4.12,-0.65,28.78,25.93,-2.85,6.04,7.56,1.52,3.63,3.16,-0.47,2.58,3.31,0.73,1.25,3.81,2.56,0.89,2.34,1.45,-3.89,22.92,3.37,21872.0,9.993,0.6767,6.31,-11.6587,18.6083,13.1264,21.1138,1.9145,31.5367,541425.8309,4.106,5.3582,41.2471,1,-4.22,8.59,1.48,2.7292970823132947,2013-2017→2017-2021
4648,Bremanger,2017-2021,2017,2021,Vestland,Vestlandet,6,476,False,2073.0,25.23,26.11,0.88,12.2,11.69,-0.51,18.81,14.12,-4.69,4.53,3.96,-0.57,28.56,25.17,-3.39,4.1,4.91,0.81,2.8,3.17,0.37,1.88,1.64,-0.24,0.96,6.1,5.14,0.92,3.12,2.2,-3.9,19.34,6.3,3847.0,8.255,-6.4986,-8.0051,-47.8295,-17.9361,21.9652,15.8825,1.9992,18.8917,492000.0,8.0,20.3944,35.0986,0,-1.08,13.76,-3.54,-2.7149723666312946,2013-2017→2017-2021
4649,Stad,2017-2021,2017,2021,Vestland,Vestlandet,5,607,False,5056.0,13.03,16.68,3.65,16.99,15.73,-1.26,16.52,11.8,-4.72,5.95,5.15,-0.8,28.24,29.67,1.43,3.7,4.62,0.92,11.89,8.54,-3.35,2.06,1.98,-0.08,0.95,3.21,2.26,0.67,2.62,1.95,0.17,26.7,0.94,8855.0,9.0887,7.476,9.2025,9.9379,4.5172,17.2106,17.8769,2.0812,24.9408,521085.177,7.4033,12.5167,35.3046,1,1.75,2.72,2.4,3.593097454409395,2013-2017→2017-2021
4650,Gloppen,2017-2021,2017,2021,Vestland,Vestlandet,5,617,False,3484.0,14.38,17.95,3.57,5.28,5.22,-0.06,9.21,8.25,-0.96,9.64,7.02,-2.62,48.54,43.25,-5.29,4.68,6.39,1.71,4.28,3.28,-1.0,2.67,3.22,0.55,0.52,2.65,2.13,0.8,2.77,1.97,-5.35,42.36,6.33,5783.0,8.6627,1.7638,3.1551,17.6379,-0.3458,18.7792,18.0529,1.7476,30.137,525000.0,8.3923,10.7179,35.5915,0,4.41,4.51,2.15,3.3358920705882196,2013-2017→2017-2021
4651,Stryn,2017-2021,2017,2021,Vestland,Vestlandet,5,603,False,3601.0,16.19,19.41,3.22,11.61,11.82,0.21,25.63,17.5,-8.13,4.72,3.85,-0.87,33.69,33.8,0.11,1.81,3.22,1.41,3.0,3.74,0.74,1.33,1.31,-0.02,0.92,2.51,1.59,1.11,2.85,1.74,0.32,26.01,7.95,7218.0,8.8843,-1.3854,1.4249,-17.5949,1.6625,16.3342,19.008,2.0558,25.3881,495000.0,6.5275,19.0011,27.6691,0,-8.0,12.89,-3.44,-2.30079955703218,2013-2017→2017-2021
5001,Trondheim - Tråante,2017-2021,2017,2021,Trøndelag,Trøndelag,2,885,False,114205.0,33.08,30.32,-2.76,10.39,7.4,-2.99,22.1,18.32,-3.78,2.39,1.85,-0.54,5.48,7.68,2.2,9.74,11.51,1.77,5.03,5.74,0.71,5.02,6.54,1.52,3.82,6.89,3.07,2.95,3.75,0.8,-0.79,3.0,4.09,196514.0,12.1885,5.6388,15.7292,36.7048,19.6525,12.2159,27.1965,0.8306,42.1762,495455.6519,0.5429,5.1195,38.0954,1,-3.67,2.84,-2.05,-0.09796438303561406,2013-2017→2017-2021
5006,Steinkjer - Stïentje,2017-2021,2017,2021,Trøndelag,Trøndelag,4,721,False,14125.0,35.11,35.47,0.36,9.93,6.74,-3.19,12.48,9.19,-3.29,1.39,1.08,-0.31,29.09,30.07,0.98,4.5,5.47,0.97,2.4,2.23,-0.17,1.74,1.87,0.13,1.74,4.73,2.99,1.61,3.15,1.54,-2.21,39.18,5.69,24487.0,10.1059,-1.3681,1.6498,-9.2702,-1.7969,18.1647,19.3654,1.7839,25.8842,480379.2978,5.8824,7.3898,37.5639,1,-8.47,9.95,-1.21,0.31679187432891975,2013-2017→2017-2021
5007,Namsos - Nåavmesjenjaelmie,2017-2021,2017,2021,Trøndelag,Trøndelag,4,690,False,8498.0,36.57,34.39,-2.18,12.7,7.87,-4.83,15.65,10.99,-4.66,3.15,2.69,-0.46,17.83,27.07,9.24,7.1,6.12,-0.98,2.35,1.87,-0.48,1.57,1.74,0.17,1.42,3.97,2.55,1.66,3.28,1.62,4.41,14.47,10.85,15272.0,9.6338,-1.1524,-1.1136,-12.2446,-3.143,16.6645,19.467,2.1683,26.9156,492721.4329,5.4671,6.7277,43.1661,1,-7.5,7.72,0.3,1.7985475790750451,2013-2017→2017-2021
5014,Frøya,2017-2021,2017,2021,Trøndelag,Trøndelag,6,531,False,2194.0,36.24,27.8,-8.44,19.14,17.09,-2.05,19.14,19.58,0.44,1.91,1.57,-0.34,9.66,14.9,5.24,3.78,4.11,0.33,3.65,1.7,-1.95,1.41,1.53,0.12,2.42,6.64,4.22,2.64,5.07,2.43,3.19,5.95,13.0,4937.0,8.5045,5.4081,20.2959,41.7257,12.7608,15.0294,23.4758,0.1128,21.8904,467000.0,12.8666,28.6273,26.6719,0,-4.13,6.05,-1.52,-0.9962339723740714,2013-2017→2017-2021
5020,Osen,2017-2021,2017,2021,Trøndelag,Trøndelag,6,459,False,568.0,30.11,31.4,1.29,12.85,10.65,-2.2,10.39,7.48,-2.91,1.58,1.12,-0.46,31.34,34.95,3.61,3.7,4.3,0.6,3.52,2.24,-1.28,2.11,0.75,-1.36,1.06,2.8,1.74,3.35,4.3,0.95,1.41,18.81,3.28,978.0,6.8855,-5.4192,-9.7561,-40.8998,-13.2924,25.4601,15.7464,2.1074,17.0109,465000.0,17.2867,2.8446,39.3873,0,-6.21,13.43,0.09,0.8742187796471801,2013-2017→2017-2021
5021,Oppdal,2017-2021,2017,2021,Trøndelag,Trøndelag,5,666,False,3966.0,28.24,27.07,-1.17,11.65,8.82,-2.83,20.4,13.53,-6.87,4.21,4.08,-0.13,25.67,29.08,3.41,3.1,5.54,2.44,3.15,3.38,0.23,1.71,3.23,1.52,0.86,2.43,1.57,1.01,2.84,1.83,0.58,24.55,15.75,6973.0,8.8498,0.1147,4.3342,2.2946,-1.4341,18.3709,18.3565,1.6263,23.4249,475000.0,8.4622,7.9953,29.7928,0,-5.38,9.37,-0.86,0.48125098975364644,2013-2017→2017-2021
5022,Rennebu,2017-2021,2017,2021,Trøndelag,Trøndelag,5,602,False,1529.0,27.53,24.07,-3.46,11.18,5.73,-5.45,11.25,8.0,-3.25,10.66,8.67,-1.99,31.39,40.67,9.28,2.62,3.87,1.25,2.35,1.4,-0.95,1.7,2.07,0.37,0.65,2.67,2.02,0.65,2.87,2.22,3.83,30.9,0.58,2556.0,7.8462,-3.9906,-6.6565,-23.8654,-15.6495,22.0657,16.1581,1.5692,17.7351,476000.0,16.0445,5.56,30.3415,0,-4.28,9.27,-1.77,-0.5179699105575679,2013-2017→2017-2021
5025,Røros - Rosse,2017-2021,2017,2021,Trøndelag,Trøndelag,5,644,False,3554.0,41.25,34.59,-6.66,6.11,4.69,-1.42,15.64,11.76,-3.88,0.68,0.74,0.06,18.91,25.22,6.31,8.16,10.91,2.75,2.9,2.19,-0.71,2.53,2.16,-0.37,2.9,5.2,2.3,0.93,2.56,1.63,4.89,10.37,10.75,5623.0,8.6346,-1.2982,-0.5555,3.7347,-16.7171,20.4695,18.4777,1.999,26.6195,463000.0,3.9864,15.5026,32.4702,0,-3.61,7.2,-1.53,-0.13953213283594512,2013-2017→2017-2021
5026,Holtålen,2017-2021,2017,2021,Trøndelag,Trøndelag,6,524,False,1337.0,35.08,30.81,-4.27,8.83,5.7,-3.13,7.18,4.95,-2.23,0.52,0.15,-0.37,40.54,47.15,6.61,3.44,3.67,0.23,0.9,0.52,-0.38,0.97,0.52,-0.45,0.82,2.7,1.88,1.72,3.82,2.1,3.48,0.0,27.15,2046.0,7.6236,-3.8123,-3.9062,-18.0841,-21.0166,22.043,17.3998,2.144,18.6698,489000.0,6.2624,9.0457,34.2942,0,-2.84,4.75,-2.47,-1.5618542626328533,2013-2017→2017-2021
5027,Midtre Gauldal,2017-2021,2017,2021,Trøndelag,Trøndelag,5,657,False,3334.0,31.7,26.91,-4.79,11.46,8.61,-2.85,13.29,8.27,-5.02,3.93,3.25,-0.68,31.88,40.57,8.69,2.61,3.71,1.1,1.8,1.36,-0.44,1.14,0.73,-0.41,0.57,2.58,2.01,1.62,4.0,2.38,5.84,25.73,11.32,6319.0,8.7513,-1.2027,3.7905,-17.0913,4.9058,17.0122,20.8894,1.4725,18.5871,474000.0,9.3908,16.7311,28.8559,0,-4.49,9.56,-0.05,1.1958263655109327,2013-2017→2017-2021
5028,Melhus,2017-2021,2017,2021,Trøndelag,Trøndelag,3,776,False,9082.0,32.26,28.63,-3.63,14.35,11.15,-3.2,19.33,14.4,-4.93,5.24,4.44,-0.8,16.89,25.35,8.46,3.95,4.95,1.0,2.26,2.0,-0.26,2.16,1.81,-0.35,1.37,3.06,1.69,2.19,4.21,2.02,5.26,18.83,11.5,16213.0,9.6936,4.5396,12.7828,28.5573,16.2832,14.328,19.8668,1.2835,23.518,549000.0,3.1731,7.0539,33.7076,0,-3.35,6.12,-1.0,0.6084940548818241,2013-2017→2017-2021
5029,Skaun,2017-2021,2017,2021,Trøndelag,Trøndelag,4,746,False,4581.0,30.28,27.56,-2.72,14.34,10.71,-3.63,18.49,15.03,-3.46,4.58,3.66,-0.92,17.7,25.17,7.47,5.41,6.0,0.59,2.44,2.87,0.43,2.49,1.97,-0.52,1.4,3.61,2.21,2.86,3.42,0.56,3.84,32.67,-1.5,8000.0,8.9872,4.5875,23.8455,21.875,23.875,12.2375,20.125,0.993,27.72,605000.0,2.7669,7.0519,35.333,0,-5.69,4.81,0.37,1.5332736993012812,2013-2017→2017-2021
5031,Malvik,2017-2021,2017,2021,Trøndelag,Trøndelag,3,807,False,7773.0,35.31,34.14,-1.17,12.94,9.62,-3.32,21.64,17.33,-4.31,2.1,1.96,-0.14,8.23,12.1,3.87,6.91,8.07,1.16,4.07,3.74,-0.33,3.33,4.02,0.69,2.15,5.06,2.91,3.32,3.96,0.64,0.55,8.14,9.33,13820.0,9.5339,3.7192,13.0709,13.7482,23.589,11.6353,18.9291,1.0199,34.3206,606000.0,1.0981,6.3177,36.4518,0,-4.9,4.07,-1.24,0.524759984391908,2013-2017→2017-2021
5032,Selbu,2017-2021,2017,2021,Trøndelag,Trøndelag,5,643,False,2320.0,36.55,31.95,-4.6,10.95,7.5,-3.45,17.07,12.52,-4.55,1.42,1.17,-0.25,23.36,33.29,9.93,5.26,4.4,-0.86,1.38,1.3,-0.08,1.72,1.3,-0.42,1.47,3.64,2.17,0.82,2.93,2.11,6.48,0.0,25.51,4098.0,8.3183,-0.7077,1.8268,-4.3924,-2.4402,19.5461,17.6428,1.319,21.7146,499000.0,7.2666,14.9182,31.5207,0,-2.06,7.75,-2.41,-1.1076694041332107,2013-2017→2017-2021
5033,Tydal,2017-2021,2017,2021,Trøndelag,Trøndelag,6,519,False,537.0,29.42,22.14,-7.28,10.43,7.82,-2.61,7.64,5.73,-1.91,0.93,0.0,-0.93,44.13,53.63,9.5,2.79,2.67,-0.12,1.68,1.34,-0.34,0.93,1.34,0.41,1.3,2.86,1.56,0.74,2.48,1.74,6.89,68.07,1.1,861.0,6.7581,-11.8467,-12.5576,-103.3682,-15.0987,22.0674,21.6028,3.3608,20.7934,479000.0,10.0437,7.6419,34.4978,0,-6.59,17.64,-3.37,-2.506382260305972,2013-2017→2017-2021
5034,Meråker,2017-2021,2017,2021,Trøndelag,Trøndelag,5,626,False,1346.0,35.29,33.46,-1.83,13.67,8.12,-5.55,11.96,7.82,-4.14,0.67,0.75,0.08,25.19,29.58,4.39,6.61,6.11,-0.5,1.56,2.31,0.75,1.86,1.19,-0.67,1.71,7.0,5.29,1.49,3.65,2.16,-1.16,17.19,15.64,2508.0,7.8272,-3.7879,-3.5957,-21.5311,-16.3477,20.0159,17.4242,1.907,20.0095,439000.0,6.2665,16.7696,36.8932,0,-7.77,10.57,-0.83,0.447043585245377,2013-2017→2017-2021
5035,Stjørdal,2017-2021,2017,2021,Trøndelag,Trøndelag,3,802,False,13587.0,35.06,33.49,-1.57,13.3,10.08,-3.22,19.53,14.61,-4.92,2.86,2.51,-0.35,15.24,20.46,5.22,4.67,5.96,1.29,2.52,2.65,0.13,2.32,2.62,0.3,2.58,4.2,1.62,1.92,3.44,1.52,2.0,27.29,11.17,23625.0,10.0701,2.7852,12.1151,17.6931,9.9048,15.1534,19.3397,1.5743,27.0608,526000.0,2.8601,6.7049,33.9356,0,-5.28,3.61,0.01,1.6441103160995483,2013-2017→2017-2021
5036,Frosta,2017-2021,2017,2021,Trøndelag,Trøndelag,5,657,False,1520.0,27.11,29.08,1.97,10.72,8.12,-2.6,19.54,16.89,-2.65,5.39,3.55,-1.84,26.32,28.69,2.37,3.42,3.61,0.19,3.49,2.77,-0.72,1.38,1.68,0.3,1.18,2.51,1.33,1.45,3.09,1.64,-0.23,33.38,-5.5,2630.0,7.8747,-0.7985,2.7975,-3.0418,-4.943,19.1255,18.0608,1.3805,20.2039,486000.0,13.551,7.3469,31.7551,0,-5.38,3.8,2.0,3.2818066640270613,2013-2017→2017-2021
5037,Levanger - Levangke,2017-2021,2017,2021,Trøndelag,Trøndelag,4,752,False,11508.0,36.7,35.46,-1.24,10.02,6.57,-3.45,14.08,10.54,-3.54,5.19,4.35,-0.84,20.71,24.82,4.11,5.58,7.11,1.53,2.28,2.31,0.03,1.96,2.28,0.32,1.67,3.64,1.97,1.82,2.92,1.1,0.66,16.4,14.16,19892.0,9.8981,1.3975,7.625,0.0503,13.9252,15.2976,21.0839,1.8913,33.5835,515000.0,5.3152,10.0151,45.2648,0,-5.52,5.41,0.28,1.8375640155259687,2013-2017→2017-2021
5038,Verdal,2017-2021,2017,2021,Trøndelag,Trøndelag,4,747,False,8299.0,36.73,37.38,0.65,11.35,7.63,-3.72,13.71,9.5,-4.21,1.41,1.13,-0.28,25.82,30.31,4.49,4.24,4.78,0.54,1.54,1.27,-0.27,1.66,1.33,-0.33,1.74,3.57,1.83,1.8,3.09,1.29,0.77,29.91,21.2,14849.0,9.6057,0.9226,4.5486,3.906,5.4549,16.3041,19.6848,2.1264,22.2342,484000.0,4.7278,13.2576,35.6341,0,-11.36,11.19,0.9,2.4967873978501505,2013-2017→2017-2021
5041,Snåase - Snåsa,2017-2021,2017,2021,Trøndelag,Trøndelag,6,561,False,1319.0,32.37,25.4,-6.97,4.7,3.05,-1.65,8.11,5.42,-2.69,0.3,0.23,-0.07,44.66,50.11,5.45,4.55,5.8,1.25,1.29,0.76,-0.53,1.52,1.37,-0.15,1.52,5.26,3.74,0.99,2.59,1.6,3.8,32.49,16.16,2159.0,7.6774,-4.8634,-5.4328,-39.3701,-8.3372,20.7503,18.3418,1.9371,25.5801,468000.0,16.3516,6.7108,41.0208,0,-5.46,9.08,-0.35,0.6940000054711343,2013-2017→2017-2021
5042,Lierne,2017-2021,2017,2021,Trøndelag,Trøndelag,6,398,False,742.0,30.19,32.02,1.83,8.22,5.4,-2.82,7.14,5.01,-2.13,2.83,1.84,-0.99,47.17,49.93,2.76,1.89,1.19,-0.7,0.54,1.45,0.91,0.67,0.53,-0.14,0.54,1.05,0.51,0.81,1.58,0.77,-0.06,39.72,-4.33,1389.0,7.2363,-4.3916,-5.5477,-20.1584,-23.7581,21.6703,14.8308,2.5014,20.5039,495000.0,14.2259,6.834,39.47,0,-10.87,18.44,-2.07,-1.5296274352310544,2013-2017→2017-2021
5043,Raarvihke - Røyrvik,2017-2021,2017,2021,Trøndelag,Trøndelag,6,389,False,301.0,33.22,28.22,-5.0,8.97,5.57,-3.4,9.63,5.23,-4.4,3.65,4.18,0.53,38.21,44.6,6.39,1.66,4.53,2.87,1.33,1.05,-0.28,1.0,0.7,-0.3,0.33,1.74,1.41,1.99,4.18,2.19,2.99,0.0,0.0,469.0,6.1506,-2.1322,-8.016,2.1322,-23.4542,24.9467,16.2047,0.3256,20.6186,496000.0,16.8675,5.2209,36.5462,0,-12.32,15.28,0.71,1.30537442467529,2013-2017→2017-2021
5044,Namsskogan,2017-2021,2017,2021,Trøndelag,Trøndelag,6,427,False,530.0,36.6,34.27,-2.33,11.13,8.06,-3.07,10.57,5.04,-5.53,0.75,0.81,0.06,30.19,36.9,6.71,5.47,3.83,-1.64,1.32,1.01,-0.31,1.32,1.21,-0.11,0.57,5.24,4.67,2.08,3.63,1.55,3.64,23.65,-2.34,872.0,6.7708,-2.9817,-8.8362,3.4404,-34.4037,24.4266,12.9587,1.2235,15.4161,442000.0,10.6538,2.1792,35.8354,0,-9.8,13.74,0.22,0.8770861333254089,2013-2017→2017-2021
5045,Grong,2017-2021,2017,2021,Trøndelag,Trøndelag,5,593,False,1444.0,31.86,28.43,-3.43,8.38,4.57,-3.81,11.43,6.5,-4.93,0.69,0.79,0.1,34.9,44.0,9.1,7.41,6.86,-0.55,1.04,0.86,-0.18,1.45,1.43,-0.02,0.97,3.93,2.96,1.87,2.64,0.77,5.29,25.15,25.41,2467.0,7.8108,-4.8642,-0.4243,-35.6709,-13.3766,19.092,19.8216,2.7657,22.4641,439000.0,8.9992,5.2145,41.2952,0,-9.01,8.49,0.64,1.7130078209213684,2013-2017→2017-2021
5046,Høylandet,2017-2021,2017,2021,Trøndelag,Trøndelag,6,525,False,763.0,35.78,31.59,-4.19,4.46,3.28,-1.18,5.11,2.88,-2.23,1.31,0.26,-1.05,47.71,55.83,8.12,2.1,2.36,0.26,1.7,0.66,-1.04,0.52,1.18,0.66,0.0,0.52,0.52,1.31,1.44,0.13,6.94,62.97,-1.29,1264.0,7.142,-3.8766,-4.3307,-27.6899,-11.0759,20.807,15.4272,3.226,25.7742,502000.0,16.124,6.0465,40.155,0,-8.46,12.5,-0.65,0.21026149851162268,2013-2017→2017-2021
5047,Overhalla,2017-2021,2017,2021,Trøndelag,Trøndelag,5,611,False,2161.0,30.91,25.23,-5.68,11.34,6.27,-5.07,11.01,6.6,-4.41,1.11,0.51,-0.6,37.9,50.05,12.15,4.07,5.11,1.04,1.43,0.84,-0.59,0.97,1.12,0.15,0.56,2.6,2.04,0.69,1.67,0.98,7.08,56.7,2.88,3840.0,8.2532,0.651,6.2981,1.3021,4.6875,15.7812,20.1823,0.7259,25.3409,570000.0,9.3782,10.2446,36.3914,0,-10.99,13.52,0.76,1.7682400207734612,2013-2017→2017-2021
5049,Flatanger,2017-2021,2017,2021,Trøndelag,Trøndelag,6,475,False,653.0,23.89,24.37,0.48,16.08,12.11,-3.97,18.07,15.21,-2.86,2.45,2.36,-0.09,24.96,26.44,1.48,8.12,8.42,0.3,1.84,1.18,-0.66,2.14,1.62,-0.52,1.07,5.32,4.25,1.38,2.95,1.57,-2.49,28.16,6.81,1090.0,6.9939,0.9174,-0.8115,25.6881,-16.5138,20.1835,18.0734,2.1802,23.5106,496000.0,24.3612,7.3254,32.7087,0,-10.1,9.7,2.51,3.3820142501072366,2013-2017→2017-2021
5052,Leka,2017-2021,2017,2021,Trøndelag,Trøndelag,6,386,False,384.0,25.26,28.15,2.89,6.51,6.16,-0.35,6.51,4.4,-2.11,0.52,0.29,-0.23,53.65,50.15,-3.5,3.39,4.4,1.01,1.56,0.0,-1.56,0.26,0.88,0.62,0.26,2.93,2.67,2.08,2.64,0.56,-3.85,60.78,-17.4,584.0,6.3699,-3.5959,-4.4143,3.4247,-39.3836,26.1986,15.411,0.7996,16.5669,465000.0,31.5603,0.0,36.5248,0,-5.22,12.34,-0.9,-0.5529645951614284,2013-2017→2017-2021
5053,Inderøy,2017-2021,2017,2021,Trøndelag,Trøndelag,4,670,False,4160.0,32.19,32.72,0.53,7.96,5.14,-2.82,12.26,9.42,-2.84,3.39,2.59,-0.8,29.98,31.67,1.69,6.75,7.61,0.86,1.95,1.43,-0.52,2.07,1.97,-0.1,1.49,4.04,2.55,1.97,3.42,1.45,-1.13,48.02,-3.76,6800.0,8.8247,-0.5294,0.6997,-10.7353,5.1471,17.2647,17.9706,2.3686,28.4905,534000.0,8.4067,11.1988,39.6965,0,-9.61,6.09,1.0,2.4298701976459913,2013-2017→2017-2021
5054,Indre Fosen,2017-2021,2017,2021,Trøndelag,Trøndelag,5,621,False,5597.0,25.28,22.54,-2.74,14.97,12.61,-2.36,20.9,12.64,-8.26,3.36,2.82,-0.54,22.08,31.4,9.32,4.31,4.98,0.67,2.04,1.4,-0.64,2.11,1.81,-0.3,1.02,2.8,1.78,3.93,7.0,3.07,6.96,19.24,6.92,10108.0,9.2211,-1.5829,-1.1624,-14.8397,-7.6177,18.8761,16.4424,2.0125,20.8773,491923.5495,7.4954,16.7871,34.9577,1,-5.06,5.87,1.86,3.1053218827916647,2013-2017→2017-2021
5055,Heim,2017-2021,2017,2021,Trøndelag,Trøndelag,5,588,True,3396.32,35.03,31.26,-3.77,12.45,9.96,-2.49,16.51,11.46,-5.05,2.69,2.05,-0.64,24.56,32.68,8.12,2.22,3.39,1.17,1.73,1.62,-0.11,1.97,1.39,-0.58,1.45,3.24,1.79,1.38,2.95,1.57,5.63,39.2,-6.11,6008.573,8.7009,-1.1246,-1.7222,-13.1856,-6.8103,20.0286,17.9856,1.9542,17.9646,490271.7125,11.6431,17.6708,32.3313,1,-5.19,7.81,-1.07,0.11976134806670413,2013-2017→2017-2021
5056,Hitra,2017-2021,2017,2021,Trøndelag,Trøndelag,6,551,True,2460.29,24.94,23.51,-1.43,19.64,16.97,-2.67,20.82,17.64,-3.18,2.99,1.59,-1.4,14.99,19.55,4.56,4.49,4.6,0.11,1.72,1.55,-0.17,1.8,1.86,0.06,2.36,5.79,3.43,6.26,6.94,0.68,1.89,10.45,1.42,4991.9451,8.5156,2.9659,9.9151,27.9025,0.9947,18.2395,20.3126,0.3208,19.6767,443993.6935,10.6457,20.5119,27.335,1,-5.09,7.73,0.13,0.8878342184795414,2013-2017→2017-2021
5057,Ørland,2017-2021,2017,2021,Trøndelag,Trøndelag,5,603,False,5597.0,27.73,27.34,-0.39,17.53,12.84,-4.69,23.64,16.52,-7.12,2.18,1.72,-0.46,17.63,24.27,6.64,3.27,4.4,1.13,1.79,1.83,0.04,1.73,1.67,-0.06,1.66,3.71,2.05,2.84,5.71,2.87,1.95,22.58,10.6,10113.0,9.2216,1.9084,6.2146,14.338,4.6475,17.5517,20.1325,1.5828,20.8773,470893.273,6.7786,9.0796,39.2413,1,-1.2,6.32,-0.73,0.438061901925461,2013-2017→2017-2021
5058,Åfjord,2017-2021,2017,2021,Trøndelag,Trøndelag,6,512,False,2455.0,24.48,22.24,-2.24,16.21,15.1,-1.11,18.94,12.94,-6.0,5.58,5.01,-0.57,25.66,31.53,5.87,3.18,3.65,0.47,1.51,1.6,0.09,1.75,1.32,-0.43,0.86,3.33,2.47,1.83,3.29,1.46,4.76,26.3,4.79,4222.0,8.3481,1.1606,1.1366,14.685,-3.316,21.5538,17.3141,0.9936,17.5698,482879.9788,17.4381,4.6751,31.6036,1,-3.77,8.85,0.72,1.640547051898611,2013-2017→2017-2021
5059,Orkland,2017-2021,2017,2021,Trøndelag,Trøndelag,4,728,True,10235.39,36.07,32.45,-3.62,15.23,10.73,-4.5,16.7,11.85,-4.85,2.81,2.03,-0.78,18.73,28.64,9.91,3.17,4.32,1.15,2.33,2.14,-0.19,1.45,1.39,-0.06,1.04,2.6,1.56,2.48,3.85,1.37,5.41,20.7,10.6,18060.4819,9.8015,1.3262,4.4726,18.933,-2.8264,17.5469,18.6226,1.8028,20.7534,500893.7485,6.1366,13.0169,34.5211,1,-5.54,6.36,-0.1,1.454820879444643,2013-2017→2017-2021
5060,Nærøysund,2017-2021,2017,2021,Trøndelag,Trøndelag,5,581,False,5089.0,26.45,28.26,1.81,18.1,16.01,-2.09,17.43,11.31,-6.12,3.01,2.98,-0.03,23.54,26.66,3.12,3.99,3.73,-0.26,3.46,2.75,-0.71,1.38,1.08,-0.3,0.86,3.25,2.39,1.79,3.98,2.19,1.03,27.06,-3.78,9556.0,9.1649,0.2616,4.8938,4.3951,3.558,16.6492,19.8514,0.8959,18.5435,486372.3404,12.7687,10.2575,31.6025,1,-9.04,7.71,1.54,2.564955946344818,2013-2017→2017-2021
5061,Rindal,2017-2021,2017,2021,Trøndelag,Trøndelag,5,607,False,1212.0,29.7,29.11,-0.59,8.42,6.02,-2.4,11.39,7.48,-3.91,3.22,1.79,-1.43,41.34,44.15,2.81,2.06,3.41,1.35,0.33,0.98,0.65,1.32,1.71,0.39,1.16,2.44,1.28,1.07,2.93,1.86,0.41,43.28,-0.73,2026.0,7.6138,-1.8263,-3.4934,-14.8075,-3.9487,21.1254,18.6575,1.9013,18.7839,497000.0,13.189,12.7953,31.5945,0,-5.27,3.83,-0.32,0.9153451895914575,2013-2017→2017-2021
5501,Tromsø,2017-2021,2017,2021,Troms,Nord-Norge,3,803,False,41198.0,22.96,26.19,3.23,15.91,12.55,-3.36,22.33,14.44,-7.89,2.42,2.07,-0.35,8.64,12.48,3.84,14.8,15.23,0.43,4.07,3.48,-0.59,3.88,4.42,0.54,3.43,6.33,2.9,1.55,2.81,1.26,0.48,2.19,8.76,74541.0,11.2191,3.4263,12.9779,11.4836,22.6587,10.9725,25.3981,1.4563,40.3209,509000.0,1.3905,3.2567,44.9924,0,-7.52,5.78,-1.82,-0.1327234752313866,2013-2017→2017-2021
5503,Harstad - Hárstták,2017-2021,2017,2021,Troms,Nord-Norge,4,738,False,13581.0,26.8,29.72,2.92,21.53,15.22,-6.31,24.36,17.9,-6.46,2.12,1.74,-0.38,10.38,15.54,5.16,6.67,7.82,1.15,2.76,2.67,-0.09,2.53,2.53,0.0,1.65,4.15,2.5,1.19,2.72,1.53,-1.15,6.5,11.31,24845.0,10.1204,-0.4307,3.5106,-8.5732,4.4677,16.289,20.4548,1.7723,30.8172,495000.0,1.6618,4.1749,42.8045,0,-5.25,5.41,1.31,2.9782354968741735,2013-2017→2017-2021
5510,Kvæfjord,2017-2021,2017,2021,Troms,Nord-Norge,5,587,False,1662.0,25.99,27.72,1.73,19.49,14.58,-4.91,16.67,12.08,-4.59,1.74,1.5,-0.24,18.89,24.16,5.27,8.48,9.82,1.34,3.55,2.75,-0.8,2.23,1.75,-0.48,1.62,3.94,2.32,1.32,1.69,0.37,0.36,16.99,11.62,2986.0,8.0017,-5.4923,-7.4754,-44.5412,-10.0469,18.9886,20.2612,2.3792,24.0704,463000.0,6.3571,3.6429,49.2857,0,-2.5,6.78,-0.88,0.3254366392989799,2013-2017→2017-2021
5512,Dielddanuorri - Tjeldsund,2017-2021,2017,2021,Troms,Nord-Norge,6,542,False,2492.0,28.37,31.62,3.25,20.43,17.29,-3.14,28.45,16.22,-12.23,1.93,1.23,-0.7,10.79,19.1,8.31,4.37,4.31,-0.06,1.89,1.15,-0.74,1.36,2.01,0.65,1.04,2.92,1.88,1.36,4.15,2.79,5.17,3.34,9.51,4300.0,8.3664,-2.1163,-0.2843,-1.3953,-19.3023,22.1395,15.5349,2.4744,22.2621,495861.8588,3.9266,7.8531,48.5977,1,-4.69,5.0,3.33,4.342969203457404,2013-2017→2017-2021
5514,Ibestad,2017-2021,2017,2021,Troms,Nord-Norge,6,447,False,793.0,26.1,27.78,1.68,20.3,14.55,-5.75,22.95,17.46,-5.49,2.14,1.32,-0.82,21.06,27.38,6.32,2.9,2.78,-0.12,1.77,1.19,-0.58,0.88,0.79,-0.09,1.01,2.78,1.77,0.88,3.97,3.09,0.57,17.19,2.1,1394.0,7.2399,-5.3085,-6.9767,-16.4993,-37.3027,27.5466,15.5667,2.4534,17.4877,430000.0,15.9869,6.6884,46.6558,0,-4.74,9.61,0.3,1.211758151423136,2013-2017→2017-2021
5516,Gratangen - Rivtták,2017-2021,2017,2021,Troms,Nord-Norge,6,509,False,590.0,28.14,23.45,-4.69,18.64,18.28,-0.36,16.44,8.1,-8.34,3.22,2.07,-1.15,21.02,34.14,13.12,6.61,6.55,-0.06,1.36,0.69,-0.67,1.53,0.86,-0.67,1.02,3.97,2.95,2.03,1.9,-0.13,12.76,23.4,22.81,1121.0,7.022,-2.587,-2.0628,-0.8921,-24.9777,22.6583,15.6111,0.1439,21.3909,438000.0,7.9108,7.5051,45.2333,0,-7.17,6.33,0.93,1.9671383441763988,2013-2017→2017-2021
5518,Loabák - Lavangen,2017-2021,2017,2021,Troms,Nord-Norge,6,517,False,628.0,30.25,32.6,2.35,13.69,10.19,-3.5,18.47,11.54,-6.93,1.75,1.7,-0.05,30.1,33.79,3.69,2.55,2.38,-0.17,0.8,0.51,-0.29,1.11,0.68,-0.43,0.16,3.23,3.07,1.11,3.4,2.29,0.19,42.93,-9.08,1076.0,6.981,-5.2045,1.6949,-34.3866,-18.5874,21.9331,15.7063,1.3022,21.028,489000.0,3.6697,4.1284,52.2936,0,-8.5,14.17,-0.25,0.5276953524990124,2013-2017→2017-2021
5520,Bardu,2017-2021,2017,2021,Troms,Nord-Norge,5,597,False,2282.0,24.28,29.6,5.32,10.74,8.83,-1.91,18.58,11.91,-6.67,0.96,0.71,-0.25,35.54,35.89,0.35,3.81,4.83,1.02,1.97,2.21,0.24,1.93,2.12,0.19,0.88,2.21,1.33,1.31,1.71,0.4,-1.56,33.44,29.44,3994.0,8.2925,-0.8763,0.4313,-11.2669,3.5053,16.9004,24.0611,1.7407,27.5353,494000.0,3.1352,1.2167,66.4015,0,-10.56,22.95,-10.63,-9.393454971085351,2013-2017→2017-2021
5522,Salangen,2017-2021,2017,2021,Troms,Nord-Norge,6,552,False,1264.0,28.4,24.2,-4.2,12.97,8.7,-4.27,13.61,6.97,-6.64,3.09,2.21,-0.88,29.03,38.39,9.36,8.39,10.66,2.27,0.63,0.82,0.19,1.27,1.89,0.62,2.06,4.02,1.96,0.55,2.13,1.58,5.09,36.54,10.08,2220.0,7.7053,-5.9009,-4.1303,-44.5946,-14.8649,19.1441,17.8378,3.0674,24.7185,442000.0,6.1361,3.931,52.0614,0,-5.37,14.31,-5.28,-4.227059362057186,2013-2017→2017-2021
5524,Målselv,2017-2021,2017,2021,Troms,Nord-Norge,5,576,False,3876.0,20.79,31.51,10.72,12.75,8.96,-3.79,11.48,8.18,-3.3,1.34,0.83,-0.51,41.23,35.32,-5.91,5.5,5.61,0.11,2.79,2.18,-0.61,1.52,1.38,-0.14,1.42,3.45,2.03,1.19,2.57,1.38,-9.7,15.59,31.05,6781.0,8.8219,-2.5365,0.7009,-29.4942,5.014,16.384,23.4626,1.8638,25.5193,507000.0,3.5445,5.6656,53.9771,0,-10.93,27.29,-10.41,-9.319504259355886,2013-2017→2017-2021
5526,Sørreisa,2017-2021,2017,2021,Troms,Nord-Norge,5,610,False,1918.0,25.6,31.24,5.64,18.87,14.75,-4.12,15.22,10.06,-5.16,2.03,1.74,-0.29,27.95,27.56,-0.39,6.26,7.17,0.91,1.72,1.16,-0.56,0.63,0.9,0.27,0.73,2.69,1.96,0.99,2.74,1.75,-4.51,6.63,12.76,3496.0,8.1594,-0.8867,2.7885,-9.4394,0.286,16.3616,18.3638,1.9357,23.8262,507000.0,2.8369,7.6241,44.8582,0,-5.97,11.11,-4.47,-3.3201164312884064,2013-2017→2017-2021
5528,Dyrøy,2017-2021,2017,2021,Troms,Nord-Norge,6,496,False,722.0,22.58,23.34,0.76,25.76,16.69,-9.07,14.13,9.01,-5.12,1.8,0.89,-0.91,24.38,30.87,6.49,6.65,9.6,2.95,1.8,0.59,-1.21,1.25,1.03,-0.22,0.69,1.77,1.08,0.97,6.2,5.23,-2.58,15.17,19.97,1138.0,7.037,-6.5905,-11.7842,-28.9982,-38.6643,22.3199,15.5536,3.3622,19.7949,425000.0,8.7824,10.3792,45.509,0,-7.57,6.24,-1.83,-0.8078416302007538,2013-2017→2017-2021
5530,Senja,2017-2021,2017,2021,Troms,Nord-Norge,5,611,False,7800.0,23.36,27.95,4.59,22.05,15.62,-6.43,19.65,13.23,-6.42,3.72,2.83,-0.89,19.79,23.66,3.87,5.91,6.78,0.87,1.54,1.25,-0.29,1.63,1.58,-0.05,0.96,3.28,2.32,1.38,3.82,2.44,-2.56,10.37,13.6,15072.0,9.6206,-2.3023,0.5119,-18.6438,-4.1799,17.0382,19.0552,2.3166,21.3073,477967.8099,6.3392,10.5933,40.0224,1,-6.38,10.61,-0.77,0.42507230462672285,2013-2017→2017-2021
5532,Balsfjord,2017-2021,2017,2021,Troms,Nord-Norge,6,557,False,3209.0,23.09,22.86,-0.23,24.15,18.21,-5.94,16.3,8.88,-7.42,2.9,1.84,-1.06,22.13,32.81,10.68,5.48,5.75,0.27,1.34,0.77,-0.57,1.68,1.36,-0.32,1.37,3.58,2.21,1.56,3.94,2.38,4.74,13.62,14.65,5685.0,8.6456,-2.2164,0.7613,-0.5277,-21.9877,21.1609,17.3791,0.6955,16.6945,461000.0,7.8453,10.8656,38.232,0,-8.94,11.13,-1.49,-0.47968569916011683,2013-2017→2017-2021
5534,Karlsøy,2017-2021,2017,2021,Troms,Nord-Norge,6,452,False,1237.0,21.67,24.64,2.97,25.63,20.53,-5.1,10.67,6.76,-3.91,1.37,0.48,-0.89,20.94,26.57,5.63,12.69,12.32,-0.37,2.02,1.05,-0.97,1.78,0.81,-0.97,1.13,2.82,1.69,2.1,4.03,1.93,0.53,15.96,12.85,2273.0,7.7289,-4.4435,-7.849,-20.2376,-24.637,23.0532,18.6978,2.8215,16.6414,459000.0,14.0351,9.4183,39.6122,0,-10.01,14.38,-4.45,-3.7417713402935537,2013-2017→2017-2021
5536,Lyngen - Ivgu - Yykeä,2017-2021,2017,2021,Troms,Nord-Norge,6,486,False,1662.0,23.41,26.94,3.53,21.12,20.96,-0.16,20.7,9.68,-11.02,5.05,5.55,0.5,17.69,23.18,5.49,5.23,5.55,0.32,1.26,0.86,-0.4,2.89,1.79,-1.1,1.14,2.59,1.45,1.5,2.9,1.4,5.33,6.29,5.59,2876.0,7.9642,-3.5814,-10.1426,-16.3421,-19.8192,23.1572,15.6467,2.8796,18.95,476000.0,8.8704,9.5527,40.4094,0,-6.47,10.38,-1.81,-0.7817450080523669,2013-2017→2017-2021
5538,Storfjord - Omasvuotna - Omasvuono,2017-2021,2017,2021,Troms,Nord-Norge,6,516,False,1074.0,25.14,22.88,-2.26,20.48,15.28,-5.2,18.06,10.42,-7.64,2.98,1.86,-1.12,17.6,31.01,13.41,7.91,6.27,-1.64,1.21,0.97,-0.24,3.07,2.74,-0.33,2.14,4.68,2.54,1.4,3.89,2.49,8.21,8.61,-1.21,1890.0,7.5443,-3.1217,-3.3263,-17.9894,-14.2857,18.6243,17.5132,5.3516,20.9524,470000.0,5.4444,5.2222,46.5556,0,-10.89,11.56,1.63,2.544819969614726,2013-2017→2017-2021
5540,Gáivuotna - Kåfjord - Kaivuono,2017-2021,2017,2021,Troms,Nord-Norge,6,431,False,1198.0,25.04,26.43,1.39,17.45,14.9,-2.55,10.77,5.2,-5.57,5.51,6.33,0.82,25.13,28.68,3.55,6.59,7.02,0.43,1.17,0.52,-0.65,4.42,1.91,-2.51,2.75,6.24,3.49,1.17,2.77,1.6,1.0,22.36,3.02,2132.0,7.6648,-2.8143,-5.1716,-7.5047,-21.1069,22.6079,18.9962,2.923,19.3513,458000.0,8.7525,2.7163,43.5614,0,-4.39,12.04,-1.18,-0.5509399771627388,2013-2017→2017-2021
5542,Skjervøy,2017-2021,2017,2021,Troms,Nord-Norge,6,556,False,1412.0,21.81,21.97,0.16,23.94,19.74,-4.2,15.58,8.29,-7.29,8.29,8.86,0.57,17.85,25.0,7.15,7.86,9.73,1.87,1.42,0.72,-0.7,1.13,0.79,-0.34,1.06,2.95,1.89,1.06,1.95,0.89,2.95,20.12,5.61,2912.0,7.9766,-0.6525,0.2773,7.5549,-14.0797,19.4025,20.9821,-0.0108,18.9926,487000.0,9.2739,16.6786,36.7362,0,-4.64,10.04,-3.4,-2.305090037248819,2013-2017→2017-2021
5544,Nordreisa - Ráisa - Raisi,2017-2021,2017,2021,Troms,Nord-Norge,5,570,False,2573.0,24.37,23.51,-0.86,21.61,18.39,-3.22,17.45,10.24,-7.21,4.66,5.04,0.38,19.82,25.33,5.51,6.18,8.87,2.69,1.24,0.72,-0.52,2.18,1.33,-0.85,1.4,3.22,1.82,1.09,3.34,2.25,2.29,10.48,14.15,4919.0,8.5009,-2.1752,0.1457,-16.6701,-4.879,17.3816,19.5568,2.2153,23.1518,481000.0,5.5507,2.7535,41.4773,0,-6.36,10.84,-0.97,0.039016484103896465,2013-2017→2017-2021
5546,Kvænangen,2017-2021,2017,2021,Troms,Nord-Norge,6,438,False,673.0,27.79,28.28,0.49,26.89,21.72,-5.17,13.52,7.97,-5.55,4.61,4.06,-0.55,19.76,23.91,4.15,2.97,6.56,3.59,1.49,0.62,-0.87,1.49,0.78,-0.71,0.3,2.66,2.36,1.19,3.44,2.25,-1.02,0.0,24.24,1233.0,7.1172,-5.4339,-9.8918,-30.8191,-24.3309,23.2766,17.0316,2.967,18.9934,458000.0,10.5647,4.1894,46.8124,0,-4.58,14.27,-3.82,-3.031678161975779,2013-2017→2017-2021
5601,Alta,2017-2021,2017,2021,Finnmark,Nord-Norge,4,713,False,10550.0,16.09,12.77,-3.32,32.39,15.18,-17.21,9.67,4.89,-4.78,3.15,2.36,-0.79,14.18,7.5,-6.68,6.7,3.89,-2.81,11.42,2.07,-9.35,2.63,3.06,0.43,2.02,5.0,2.98,1.75,43.28,41.53,-23.89,1.98,12.41,20446.0,9.9255,1.9613,9.3126,0.3913,19.3192,11.5964,23.5694,1.3839,30.2476,541000.0,3.7576,4.2888,37.9304,0,-16.35,11.79,-9.6,-8.225998824878234,2013-2017→2017-2021
5603,Hammerfest - Hámmerfeasta,2017-2021,2017,2021,Finnmark,Nord-Norge,4,682,False,5631.0,44.52,49.59,5.07,13.16,8.85,-4.31,17.42,7.79,-9.63,1.65,1.88,0.23,7.09,12.71,5.62,9.7,7.12,-2.58,1.4,0.74,-0.66,1.81,2.09,0.28,1.26,4.17,2.91,1.99,5.07,3.08,1.31,0.0,9.82,11554.0,9.3548,-1.9301,3.8588,-30.8118,12.8094,13.7528,23.1348,1.6827,28.5775,515256.1205,3.2982,4.8483,43.5191,1,-4.09,5.06,-2.17,-0.8512382135470067,2013-2017→2017-2021
5605,Sør-Varanger,2017-2021,2017,2021,Finnmark,Nord-Norge,5,634,False,5340.0,37.98,39.08,1.1,14.06,10.8,-3.26,16.33,8.0,-8.33,1.37,1.16,-0.21,12.04,19.69,7.65,10.77,9.48,-1.29,1.48,1.44,-0.04,2.4,2.12,-0.28,1.8,5.63,3.83,1.78,2.62,0.84,4.39,18.53,3.92,10199.0,9.23,-0.9413,2.8191,-13.5307,3.922,14.5799,22.4924,1.8905,28.0642,504000.0,2.5587,3.8763,48.2337,0,-3.51,7.85,-5.26,-4.050188002654817,2013-2017→2017-2021
5607,Vadsø,2017-2021,2017,2021,Finnmark,Nord-Norge,5,641,False,3291.0,40.9,42.0,1.1,8.36,4.93,-3.43,18.05,7.49,-10.56,1.85,1.6,-0.25,12.49,24.71,12.22,12.49,6.41,-6.08,0.88,1.26,0.38,2.04,2.96,0.92,1.49,5.98,4.49,1.46,2.65,1.19,8.79,0.0,19.45,6154.0,8.7249,-8.3198,-7.4323,-88.2353,4.2249,15.1446,20.2307,3.4126,28.8329,484000.0,2.6005,1.6548,52.2459,0,-4.5,10.43,-6.13,-4.733241140753393,2013-2017→2017-2021
5610,Kárásjohka - Karasjok,2017-2021,2017,2021,Finnmark,Nord-Norge,6,554,False,1442.0,30.44,31.66,1.22,5.62,3.68,-1.94,8.53,4.04,-4.49,3.95,1.63,-2.32,35.58,38.67,3.09,8.46,5.45,-3.01,2.5,0.78,-1.72,1.73,1.91,0.18,1.18,8.43,7.25,2.01,3.75,1.74,1.15,28.95,0.52,2696.0,7.8995,-2.0401,-4.5882,-21.1424,0.3709,14.7997,20.957,2.5801,30.4808,519000.0,8.7205,3.431,48.3917,0,-11.53,23.92,-10.12,-8.94496318819585,2013-2017→2017-2021
5612,Guovdageaidnu - Kautokeino,2017-2021,2017,2021,Finnmark,Nord-Norge,6,495,False,1463.0,23.38,13.41,-9.97,8.41,4.43,-3.98,14.08,6.1,-7.98,4.24,2.55,-1.69,33.97,28.3,-5.67,5.95,3.69,-2.26,4.78,3.42,-1.36,1.3,1.81,0.51,0.75,4.16,3.41,3.14,32.13,28.99,-9.65,0.89,14.26,2938.0,7.9855,-0.6127,-0.5111,-13.9551,8.1688,13.921,20.4561,2.0721,28.6858,503000.0,15.4317,5.3025,44.7995,0,-1.38,28.56,-11.72,-10.8269479396453,2013-2017→2017-2021
5614,Loppa,2017-2021,2017,2021,Finnmark,Nord-Norge,6,351,False,522.0,34.1,36.06,1.96,16.28,15.51,-0.77,17.62,11.53,-6.09,1.72,1.05,-0.67,16.09,15.93,-0.16,7.28,6.08,-1.2,0.38,0.63,0.25,2.3,1.89,-0.41,1.15,4.4,3.25,3.07,6.92,3.85,-0.93,16.04,13.12,968.0,6.8752,-11.157,-20.2226,-61.9835,-49.5868,25.7231,17.8719,1.6024,19.6078,409000.0,20.316,4.0632,41.535,0,-2.39,12.93,-1.5,-0.8772930544721786,2013-2017→2017-2021
5616,Hasvik,2017-2021,2017,2021,Finnmark,Nord-Norge,6,351,False,462.0,41.99,33.55,-8.44,10.39,14.94,4.55,15.8,6.06,-9.74,1.52,1.3,-0.22,20.56,28.79,8.23,5.41,4.76,-0.65,0.87,0.87,0.0,2.16,0.87,-1.29,0.22,4.55,4.33,1.08,4.33,3.25,12.78,15.34,4.22,1037.0,6.9441,-5.2073,1.1317,-36.6442,-20.2507,17.6471,21.215,2.4954,18.9989,405000.0,14.1649,16.9133,33.6152,0,-7.49,9.5,-0.28,-0.06966915085518527,2013-2017→2017-2021
5618,Måsøy,2017-2021,2017,2021,Finnmark,Nord-Norge,6,397,False,556.0,43.35,43.24,-0.11,13.13,7.57,-5.56,16.73,11.53,-5.2,0.72,0.54,-0.18,17.81,27.21,9.4,3.24,1.98,-1.26,1.44,0.54,-0.9,1.26,0.9,-0.36,1.44,3.42,1.98,0.9,3.06,2.16,3.84,45.5,-13.76,1204.0,7.0934,-0.5814,-2.5244,24.0864,-31.5615,23.505,17.0266,1.307,17.8161,407000.0,19.0476,14.4762,35.2381,0,1.39,7.32,-6.79,-6.114776118201923,2013-2017→2017-2021
5620,Nordkapp,2017-2021,2017,2021,Finnmark,Nord-Norge,6,525,False,1598.0,39.92,37.24,-2.68,14.46,10.26,-4.2,16.4,7.66,-8.74,0.69,0.82,0.13,11.7,23.43,11.73,11.45,10.7,-0.75,1.31,1.27,-0.04,1.19,1.58,0.39,0.88,2.6,1.72,2.0,4.43,2.43,7.53,0.0,29.74,3291.0,8.0989,-6.5634,-4.6216,-43.4518,-23.0933,17.2592,19.2039,1.9928,21.1171,449000.0,13.4761,8.0605,35.4534,0,-4.9,9.3,-6.41,-5.454127009920261,2013-2017→2017-2021
5622,Porsanger - Porsángu - Porsanki,2017-2021,2017,2021,Finnmark,Nord-Norge,6,543,False,2213.0,33.3,32.82,-0.48,16.09,11.56,-4.53,21.37,10.92,-10.45,1.63,1.14,-0.49,14.14,23.76,9.62,7.05,6.33,-0.72,0.86,1.23,0.37,1.63,1.78,0.15,1.27,5.55,4.28,2.67,4.92,2.25,5.09,3.95,12.99,3971.0,8.2868,-1.2591,-1.4824,-2.5183,-11.0803,17.7537,18.6099,2.1647,23.7883,484000.0,4.4838,2.1376,42.6486,0,-3.18,10.68,-6.37,-5.219919572440907,2013-2017→2017-2021
5624,Lebesby,2017-2021,2017,2021,Finnmark,Nord-Norge,6,430,False,682.0,35.63,36.72,1.09,13.78,11.68,-2.1,11.88,5.61,-6.27,3.67,3.34,-0.33,17.74,22.76,5.02,7.92,7.13,-0.79,1.76,0.61,-1.15,2.49,0.91,-1.58,1.47,5.31,3.84,3.67,5.92,2.25,2.92,0.0,26.43,1330.0,7.1929,-4.4361,-4.8653,-27.8195,-17.2932,18.4211,18.7218,1.7992,19.3141,422000.0,22.9983,4.9404,36.9676,0,0.52,12.11,-6.34,-5.7151507149398215,2013-2017→2017-2021
5626,Gamvik,2017-2021,2017,2021,Finnmark,Nord-Norge,6,407,False,501.0,43.11,39.76,-3.35,13.37,8.84,-4.53,7.78,2.61,-5.17,0.8,0.4,-0.4,17.56,30.92,13.36,11.78,7.63,-4.15,1.4,0.4,-1.0,1.2,1.2,0.0,1.2,5.02,3.82,1.8,3.21,1.41,8.83,0.0,12.75,1137.0,7.0361,-3.518,10.6963,-19.3492,-15.8311,17.942,22.4274,1.5658,22.0457,422000.0,19.7053,16.2063,30.2026,0,-3.74,14.41,-5.41,-5.123928313275419,2013-2017→2017-2021
5628,Deatnu - Tana,2017-2021,2017,2021,Finnmark,Nord-Norge,6,490,False,1664.0,29.81,30.63,0.82,15.08,12.31,-2.77,13.28,6.31,-6.97,1.26,1.24,-0.02,22.24,29.39,7.15,12.08,5.2,-6.88,1.74,1.61,-0.13,1.68,2.1,0.42,1.26,5.14,3.88,1.56,6.06,4.5,4.38,12.78,6.69,2911.0,7.9763,-2.8169,-2.3473,-15.4586,-11.6798,18.4816,18.0694,2.7626,23.487,473000.0,9.7611,5.3925,41.843,0,-7.18,12.38,-11.36,-10.464651457736892,2013-2017→2017-2021
5630,Berlevåg,2017-2021,2017,2021,Finnmark,Nord-Norge,6,426,False,457.0,43.54,44.25,0.71,16.41,10.2,-6.21,17.51,9.54,-7.97,0.44,0.22,-0.22,9.85,19.52,9.67,5.91,10.63,4.72,0.44,0.43,-0.01,1.75,0.43,-1.32,2.41,3.04,0.63,1.75,1.74,-0.01,3.46,0.0,10.91,991.0,6.8987,-6.3572,-9.9903,-35.3179,-28.2543,20.6862,20.2825,2.3742,18.4028,428000.0,11.7773,17.5589,33.833,0,-3.09,8.5,-6.57,-5.782708559007663,2013-2017→2017-2021
5632,Båtsfjord,2017-2021,2017,2021,Finnmark,Nord-Norge,6,538,False,911.0,38.64,37.57,-1.07,17.01,14.4,-2.61,24.37,8.77,-15.6,0.22,0.45,0.23,10.21,25.76,15.55,4.06,3.04,-1.02,1.21,1.24,0.03,1.43,1.24,-0.19,1.1,3.49,2.39,1.76,4.05,2.29,12.94,0.0,47.99,2267.0,7.7262,-2.9554,6.2289,-37.0534,8.3811,13.895,22.5408,1.8323,18.3544,461000.0,11.2971,29.1213,26.9456,0,-6.48,8.77,-9.55,-8.614228972875418,2013-2017→2017-2021
5634,Vardø,2017-2021,2017,2021,Finnmark,Nord-Norge,6,515,False,1077.0,36.95,36.17,-0.78,11.51,8.6,-2.91,9.94,5.0,-4.94,0.28,0.56,0.28,22.75,27.84,5.09,6.69,9.53,2.84,2.23,0.93,-1.3,5.29,2.5,-2.79,1.58,5.55,3.97,2.79,3.33,0.54,2.18,0.0,20.62,2104.0,7.6516,-6.8916,-7.2004,-39.4487,-29.4677,19.4392,19.6293,3.0213,20.4137,402000.0,11.5026,4.5596,46.114,0,-8.46,20.57,-4.82,-3.77782395831159,2013-2017→2017-2021
5636,Unjárga - Nesseby,2017-2021,2017,2021,Finnmark,Nord-Norge,6,476,False,549.0,34.24,37.87,3.63,8.56,5.97,-2.59,11.11,7.65,-3.46,1.09,0.75,-0.34,16.58,29.66,13.08,21.68,5.41,-16.27,1.28,1.12,-0.16,0.91,2.05,1.14,2.37,6.53,4.16,2.19,2.99,0.8,10.49,0.0,20.95,951.0,6.8575,-7.4658,-1.4558,-46.2671,-28.3912,21.346,18.7171,4.6768,23.5813,427000.0,13.0542,1.4778,50.4926,0,-4.09,9.58,-4.65,-4.067598388629959,2013-2017→2017-2021
0301,Oslo - Oslove,2021-2025,2021,2025,Oslo,Oslo/Akershus,1,1000,False,379565.0,22.96,25.66,2.7,6.0,14.32,8.32,23.54,18.5,-5.04,1.82,2.11,0.29,3.15,0.75,-2.4,13.27,10.71,-2.56,10.05,7.26,-2.79,8.48,10.27,1.79,8.26,7.15,-1.11,2.46,3.26,0.8,5.92,2.18,-1.36,697010.0,13.4546,3.9139,11.8291,10.5924,27.9795,11.1876,29.0369,0.5356,52.606,501000.0,0.1721,2.7161,33.4795,0,-5.39,1.03,-2.91,0.2750345155308831,2017-2021→2021-2025
1101,Eigersund,2021-2025,2021,2025,Rogaland,Vestlandet,4,747,False,8184.0,22.39,22.92,0.53,19.23,30.94,11.71,22.37,14.26,-8.11,7.94,10.23,2.29,13.43,6.34,-7.09,4.17,3.25,-0.92,2.76,2.21,-0.55,1.74,1.74,0.0,2.71,4.46,1.75,3.26,3.66,0.4,4.62,11.78,-6.71,14787.0,9.6015,3.9765,3.0772,33.7459,5.9512,16.5077,19.7877,0.9817,24.4749,580000.0,2.6656,17.6972,31.5746,0,-0.34,4.06,-5.06,0.46901529696805433,2017-2021→2021-2025
1103,Stavanger,2021-2025,2021,2025,Rogaland,Vestlandet,2,890,False,77287.0,25.77,28.46,2.69,12.5,23.33,10.83,27.62,18.12,-9.5,4.74,4.88,0.14,5.47,2.4,-3.07,6.86,4.56,-2.3,5.1,3.74,-1.36,3.49,3.91,0.42,5.38,7.24,1.86,3.08,3.37,0.29,7.76,4.79,-2.67,144147.0,11.8786,4.1458,7.1978,25.8209,15.4079,12.8223,22.6158,1.2421,43.7657,585000.0,0.9582,5.7574,33.7592,1,-0.56,1.44,-3.5,1.0865299271306297,2017-2021→2021-2025
1106,Haugesund,2021-2025,2021,2025,Rogaland,Vestlandet,3,836,False,20049.0,26.36,27.28,0.92,16.27,27.94,11.67,26.09,17.93,-8.16,4.06,3.97,-0.09,5.8,1.97,-3.83,5.89,4.19,-1.7,4.01,2.77,-1.24,2.88,3.26,0.38,3.92,5.39,1.47,4.73,5.31,0.58,7.84,5.05,-3.17,37323.0,10.5274,2.9955,5.2083,24.0602,5.6534,15.3203,20.6387,1.313,33.6912,508000.0,0.6615,10.5017,37.0617,0,-0.38,2.42,-4.83,0.32500081988560847,2017-2021→2021-2025
1108,Sandnes,2021-2025,2021,2025,Rogaland,Vestlandet,2,882,False,40616.0,23.41,23.92,0.51,17.83,29.24,11.41,23.21,14.99,-8.22,8.2,8.73,0.53,8.39,3.46,-4.93,4.99,3.83,-1.16,3.75,2.86,-0.89,2.47,2.93,0.46,3.72,5.62,1.9,4.02,4.43,0.41,6.48,6.93,-2.93,80450.0,11.2954,5.5413,13.4648,33.4245,22.0758,11.4493,21.1722,1.1466,34.5394,610000.0,1.2724,7.7806,30.4479,1,0.34,2.55,-4.63,0.20638850857188729,2017-2021→2021-2025
1111,Sokndal,2021-2025,2021,2025,Rogaland,Vestlandet,5,652,False,1943.0,17.14,17.7,0.56,22.59,34.95,12.36,17.04,8.26,-8.78,16.11,19.01,2.9,14.87,7.1,-7.77,2.16,1.85,-0.31,1.75,1.07,-0.68,0.67,1.12,0.45,2.99,3.26,0.27,4.68,5.69,1.01,4.59,11.8,1.44,3257.0,8.0886,3.5002,1.8737,37.4578,-2.7633,18.4526,17.4394,1.4822,18.6011,548000.0,3.6562,10.0064,32.136,0,-1.55,6.09,-5.99,-0.05552056912296699,2017-2021→2021-2025
1112,Lund,2021-2025,2021,2025,Rogaland,Vestlandet,5,625,False,1773.0,16.69,19.01,2.32,18.89,31.59,12.7,13.31,7.42,-5.89,16.07,16.87,0.8,22.73,10.91,-11.82,1.52,1.1,-0.42,2.14,1.36,-0.78,1.52,1.25,-0.27,1.86,3.81,1.95,5.25,6.68,1.43,0.88,22.06,-2.35,3174.0,8.0627,2.678,0.3696,20.1638,4.7259,16.9817,18.7776,1.5209,19.5721,572000.0,5.1871,26.4609,30.2692,0,-1.84,8.37,-6.48,-0.6224106773147691,2017-2021→2021-2025
1114,Bjerkreim,2021-2025,2021,2025,Rogaland,Vestlandet,4,687,False,1611.0,10.99,13.23,2.24,13.59,23.35,9.76,14.65,10.24,-4.41,15.7,16.29,0.59,35.44,24.01,-11.43,2.61,1.92,-0.69,1.86,1.32,-0.54,0.87,1.44,0.57,1.68,4.43,2.75,2.61,3.77,1.16,-1.67,36.54,-19.75,2791.0,7.9342,4.0846,1.5379,39.4124,1.4332,13.7227,17.9506,1.458,20.8928,670000.0,14.2484,13.3987,26.4052,0,1.4,6.28,-4.98,0.4303259720080286,2017-2021→2021-2025
1119,Hå,2021-2025,2021,2025,Rogaland,Vestlandet,4,773,False,10020.0,13.94,14.96,1.02,19.88,32.83,12.95,17.31,10.59,-6.72,17.03,17.76,0.73,21.29,11.21,-10.08,2.57,2.42,-0.15,1.22,0.91,-0.31,1.0,0.89,-0.11,2.04,3.26,1.22,3.73,5.18,1.45,2.87,15.84,-5.77,19120.0,9.8585,4.9529,8.3063,26.2029,23.0649,13.0858,20.91,1.1266,21.968,599000.0,7.9832,18.6001,27.2494,0,0.41,5.88,-6.04,-0.7648530702630119,2017-2021→2021-2025
1120,Klepp,2021-2025,2021,2025,Rogaland,Vestlandet,3,851,False,10588.0,16.57,16.32,-0.25,23.12,35.25,12.13,20.42,12.79,-7.63,11.73,11.97,0.24,15.17,7.59,-7.58,3.95,3.22,-0.73,1.95,1.94,-0.01,1.27,1.81,0.54,2.47,3.98,1.51,3.36,5.13,1.77,4.55,16.92,-7.28,19848.0,9.8959,6.7412,13.0463,42.6743,24.3853,11.9407,22.1282,0.3457,25.1087,623000.0,5.4526,13.094,26.092,0,0.33,4.19,-7.48,-2.5407557052878653,2017-2021→2021-2025
1121,Time,2021-2025,2021,2025,Rogaland,Vestlandet,3,836,False,10874.0,19.78,20.29,0.51,15.72,27.2,11.48,23.28,15.98,-7.3,10.7,11.06,0.36,15.23,8.52,-6.71,5.72,4.09,-1.63,2.6,2.31,-0.29,1.66,2.13,0.47,2.11,4.25,2.14,3.2,4.16,0.96,4.77,18.71,-6.18,19106.0,9.8578,5.5009,10.1114,32.9739,21.5639,12.7866,21.4174,1.412,30.7486,612000.0,4.2404,13.5414,30.7531,0,0.32,3.87,-4.49,0.705133800887304,2017-2021→2021-2025
1122,Gjesdal,2021-2025,2021,2025,Rogaland,Vestlandet,3,792,False,6291.0,22.3,21.08,-1.22,17.88,30.37,12.49,17.95,11.37,-6.58,12.56,12.73,0.17,15.02,7.9,-7.12,4.21,3.51,-0.7,1.8,1.48,-0.32,1.88,1.64,-0.24,2.73,5.14,2.41,3.67,4.8,1.13,5.37,13.64,-4.11,12064.0,9.398,3.9125,8.069,20.9715,18.2361,10.3614,21.0461,1.317,25.5601,658000.0,2.8448,13.9044,27.3773,0,0.35,3.81,-4.55,0.4661159145762923,2017-2021→2021-2025
1124,Sola,2021-2025,2021,2025,Rogaland,Vestlandet,2,878,False,14422.0,19.34,20.08,0.74,20.26,33.65,13.39,30.5,19.56,-10.94,6.56,7.42,0.86,8.23,3.32,-4.91,3.73,2.97,-0.76,3.6,2.71,-0.89,1.89,2.23,0.34,2.61,4.1,1.49,3.28,3.96,0.68,8.48,9.94,-5.7,27457.0,10.2204,6.1769,13.4005,37.4768,24.8753,11.5308,21.3607,1.0443,37.4779,672000.0,1.5676,6.9545,26.7564,0,0.26,2.55,-4.76,0.9006434007472777,2017-2021→2021-2025
1127,Randaberg,2021-2025,2021,2025,Rogaland,Vestlandet,3,867,False,6466.0,21.03,22.33,1.3,16.36,27.76,11.4,27.08,15.81,-11.27,12.12,11.38,-0.74,8.91,8.11,-0.8,3.77,2.61,-1.16,3.26,2.19,-1.07,1.81,2.13,0.32,2.88,3.95,1.07,2.77,3.73,0.96,10.6,15.85,4.71,11315.0,9.3339,4.2422,11.7374,25.011,17.5873,13.6279,20.9633,1.0308,31.7713,646000.0,1.5994,6.6998,31.6154,0,0.3,2.31,-4.46,0.642030089429376,2017-2021→2021-2025
1130,Strand,2021-2025,2021,2025,Rogaland,Vestlandet,3,787,False,7266.0,18.99,19.33,0.34,18.35,31.47,13.12,21.15,12.0,-9.15,13.86,14.11,0.25,12.88,5.37,-7.51,3.45,2.38,-1.07,2.37,1.65,-0.72,1.46,1.73,0.27,3.43,6.37,2.94,4.06,5.6,1.54,5.61,13.11,-4.41,13070.0,9.4781,5.6848,11.4401,37.9495,18.8217,14.5677,20.4514,0.7584,24.9387,610000.0,3.6423,13.3656,32.7497,0,-0.01,4.95,-6.02,-0.400398969915976,2017-2021→2021-2025
1133,Hjelmeland,2021-2025,2021,2025,Rogaland,Vestlandet,5,593,False,1423.0,14.83,17.17,2.34,9.91,19.92,10.01,13.7,10.33,-3.37,11.81,13.15,1.34,35.35,25.02,-10.33,5.13,3.82,-1.31,1.34,0.87,-0.47,1.48,1.41,-0.07,3.02,4.43,1.41,3.44,3.89,0.45,-0.32,47.3,0.91,2580.0,7.8555,3.9147,-3.7343,34.4961,4.6512,19.186,16.2016,1.7017,26.4362,595000.0,17.4543,14.4817,26.5244,0,-0.51,3.03,-3.77,1.7934027846967342,2017-2021→2021-2025
1134,Suldal,2021-2025,2021,2025,Rogaland,Vestlandet,6,518,False,2244.0,18.58,25.04,6.46,8.56,15.42,6.86,10.07,7.34,-2.73,9.0,9.01,0.01,36.85,23.33,-13.52,5.88,6.46,0.58,1.74,1.32,-0.42,1.83,2.33,0.5,4.55,5.76,1.21,2.94,4.0,1.06,-6.66,44.56,-14.54,3809.0,8.2451,3.413,1.2076,32.817,1.0501,19.664,17.0648,1.0774,24.5556,585000.0,11.5779,3.8422,33.6066,0,-0.16,3.56,-3.97,2.4007094376644225,2017-2021→2021-2025
1135,Sauda,2021-2025,2021,2025,Rogaland,Vestlandet,5,604,False,2692.0,32.17,36.07,3.9,9.81,21.01,11.2,13.11,10.1,-3.01,3.94,3.46,-0.48,23.7,9.84,-13.86,6.05,4.66,-1.39,1.3,1.01,-0.29,1.78,1.53,-0.25,4.87,8.9,4.03,3.27,3.43,0.16,-2.66,53.58,-24.87,4561.0,8.4253,0.8551,-3.2801,23.679,-15.3475,19.3379,17.6496,0.7056,23.7993,548000.0,1.6704,16.4786,36.7946,0,-1.56,4.15,-5.58,0.25913992297502286,2017-2021→2021-2025
1144,Kvitsøy,2021-2025,2021,2025,Rogaland,Vestlandet,6,525,False,341.0,25.81,25.34,-0.47,17.3,19.35,2.05,14.96,13.08,-1.88,22.29,21.8,-0.49,10.26,6.27,-3.99,3.81,1.91,-1.9,0.88,0.82,-0.06,1.76,2.72,0.96,1.76,4.09,2.33,1.17,4.63,3.46,-1.94,0.0,0.0,507.0,6.2285,12.426,6.7416,130.1775,-5.9172,21.499,15.7791,0.6062,21.831,644000.0,8.3004,7.1146,35.5731,0,4.74,2.54,-3.14,3.4818580082489725,2017-2021→2021-2025
1145,Bokn,2021-2025,2021,2025,Rogaland,Vestlandet,5,624,False,548.0,18.43,19.61,1.18,14.42,28.88,14.46,19.71,13.73,-5.98,4.01,4.99,0.98,34.12,22.99,-11.13,2.55,2.67,0.12,0.73,0.53,-0.2,0.73,0.36,-0.37,1.46,2.5,1.04,3.83,3.74,-0.09,3.33,40.68,-1.94,859.0,6.7558,3.9581,3.237,40.7451,-2.3283,19.5576,18.5099,0.3752,17.6144,606000.0,15.1584,11.991,28.9593,0,1.11,3.19,-7.92,-0.9909187499153642,2017-2021→2021-2025
1146,Tysvær,2021-2025,2021,2025,Rogaland,Vestlandet,4,724,False,6369.0,20.65,21.81,1.16,19.09,33.31,14.22,19.38,11.93,-7.45,6.94,7.58,0.64,18.15,8.01,-10.14,3.91,2.44,-1.47,2.37,1.79,-0.58,1.6,2.78,1.18,2.95,4.73,1.78,4.96,5.63,0.67,4.08,20.8,-7.17,11178.0,9.3217,4.8041,7.9027,31.222,17.2661,14.779,18.8048,0.8761,25.8665,639000.0,4.9582,9.9891,32.0559,0,-0.28,5.46,-8.31,-2.166289001885702,2017-2021→2021-2025
1149,Karmøy,2021-2025,2021,2025,Rogaland,Vestlandet,4,758,False,22964.0,19.7,19.33,-0.37,23.14,39.19,16.05,22.31,11.87,-10.44,10.96,10.74,-0.22,8.67,3.15,-5.52,3.79,2.64,-1.15,2.28,1.79,-0.49,1.57,1.92,0.35,2.5,3.94,1.44,5.08,5.42,0.34,10.53,7.89,-3.13,42345.0,10.6536,3.2542,3.9489,21.9152,10.4145,15.6217,19.4427,0.96,23.9912,580000.0,1.914,13.5972,32.2584,0,0.6,3.81,-6.87,-1.134120316106122,2017-2021→2021-2025
1151,Utsira,2021-2025,2021,2025,Rogaland,Vestlandet,6,293,False,131.0,41.98,31.58,-10.4,6.87,16.45,9.58,16.79,6.58,-10.21,1.53,0.66,-0.87,23.66,21.05,-2.61,3.82,3.95,0.13,3.05,2.63,-0.42,0.0,2.63,2.63,0.76,7.24,6.48,1.53,7.24,5.71,6.97,0.0,0.0,192.0,5.2575,13.0208,5.3398,161.4583,-31.25,19.7917,16.6667,1.4065,26.8293,607000.0,8.5714,0.0,37.1429,0,8.65,-3.75,-4.69,4.615075875984043,2017-2021→2021-2025
1160,Vindafjord,2021-2025,2021,2025,Rogaland,Vestlandet,5,643,False,4766.0,17.08,20.23,3.15,16.53,27.49,10.96,16.74,11.99,-4.75,7.89,7.87,-0.02,29.19,17.9,-11.29,3.9,2.93,-0.97,2.2,1.48,-0.72,1.38,1.68,0.3,1.95,3.98,2.03,3.13,4.45,1.32,-0.33,33.21,-4.3,8705.0,9.0717,4.1815,3.4683,32.2803,9.6496,16.4044,19.6783,1.4036,24.1335,582000.0,9.6133,15.4468,27.4634,0,0.62,2.84,-3.62,2.357283198134297,2017-2021→2021-2025
1505,Kristiansund,2021-2025,2021,2025,Møre og Romsdal,Vestlandet,4,749,False,13352.0,22.88,33.01,10.13,17.23,32.18,14.95,6.42,6.91,0.49,0.99,1.94,0.95,27.85,4.28,-23.57,6.67,4.49,-2.18,2.36,4.29,1.93,2.59,2.81,0.22,9.56,6.17,-3.39,3.45,3.93,0.48,-8.62,17.46,-11.34,24099.0,10.0899,1.9876,0.2897,25.1463,-5.9339,18.4074,19.5278,1.6959,27.5958,511000.0,2.2173,6.1907,35.122,0,-6.54,11.57,-1.92,1.3217890023208647,2017-2021→2021-2025
1506,Molde,2021-2025,2021,2025,Møre og Romsdal,Vestlandet,4,740,False,18275.0,20.51,24.58,4.07,15.0,24.33,9.33,26.04,16.94,-9.1,5.09,6.66,1.57,10.94,6.51,-4.43,9.29,4.83,-4.46,3.54,3.42,-0.12,4.19,5.15,0.96,2.79,3.84,1.05,2.62,3.74,1.12,4.9,16.16,-7.91,31870.0,10.3694,4.0571,5.4971,39.065,1.8199,18.4782,19.4415,1.1159,35.4714,548000.0,2.2839,9.8842,41.4936,1,1.6,3.0,-6.64,-0.27323878893727915,2017-2021→2021-2025
1508,Ålesund,2021-2025,2021,2025,Møre og Romsdal,Vestlandet,3,800,True,31324.45,19.99,22.45,2.46,25.28,34.21,8.93,19.22,16.33,-2.89,5.91,7.16,1.25,10.42,2.57,-7.85,5.94,3.45,-2.49,3.59,3.84,0.25,2.89,3.47,0.58,2.98,3.05,0.07,3.78,3.48,-0.3,1.08,12.84,-10.15,57477.8737,10.9592,2.9927,8.946,20.153,9.5784,15.6382,21.5989,0.7525,33.7852,551000.0,2.1292,13.7278,34.5136,1,-0.75,4.82,-10.92,-5.229265586374453,2017-2021→2021-2025
1511,Vanylven,2021-2025,2021,2025,Møre og Romsdal,Vestlandet,6,535,False,1972.0,14.05,18.37,4.32,30.88,40.94,10.06,9.99,8.51,-1.48,5.38,7.37,1.99,20.84,12.04,-8.8,2.94,1.61,-1.33,6.69,1.61,-5.08,1.17,1.76,0.59,2.33,2.18,-0.15,5.73,5.6,-0.13,1.26,16.49,1.33,3083.0,8.0337,-1.1353,-6.4457,18.1641,-29.1923,26.0785,17.1262,1.9071,20.356,558000.0,11.6959,7.3424,36.7122,0,-2.15,3.47,-7.93,-1.7259680822397439,2017-2021→2021-2025
1514,Sande,2021-2025,2021,2025,Møre og Romsdal,Vestlandet,6,560,False,1308.0,17.35,21.11,3.76,30.35,38.02,7.67,18.04,16.17,-1.87,4.13,5.76,1.63,17.89,7.41,-10.48,3.36,1.5,-1.86,2.45,2.17,-0.28,0.46,1.35,0.89,2.45,2.25,-0.2,3.52,4.27,0.75,-2.81,20.84,-2.0,2445.0,7.8018,-0.409,-7.5901,6.544,-9.816,20.8589,15.5419,1.4409,20.2997,532000.0,7.679,23.9862,30.8887,0,0.64,5.01,-11.77,-4.322547974323823,2017-2021→2021-2025
1515,Herøy (Møre og Romsdal),2021-2025,2021,2025,Møre og Romsdal,Vestlandet,5,664,False,4826.0,15.81,15.45,-0.36,32.32,44.29,11.97,18.9,14.5,-4.4,9.12,10.89,1.77,10.77,3.35,-7.42,3.21,1.8,-1.41,1.84,1.66,-0.18,1.22,1.68,0.46,1.43,1.84,0.41,5.37,4.54,-0.83,4.55,9.48,-7.6,8858.0,9.0891,1.953,1.0857,18.6272,0.5645,18.2208,17.329,1.0794,22.7348,594000.0,9.1181,14.6903,28.3445,0,0.53,4.38,-11.29,-4.459839862171305,2017-2021→2021-2025
1516,Ulstein,2021-2025,2021,2025,Møre og Romsdal,Vestlandet,4,719,False,4764.0,18.95,20.1,1.15,22.61,34.03,11.42,22.5,17.58,-4.92,7.87,9.11,1.24,12.32,4.27,-8.05,4.51,2.95,-1.56,3.46,3.24,-0.22,1.91,2.2,0.29,1.72,1.85,0.13,4.14,4.66,0.52,3.37,13.59,-2.39,8575.0,9.0566,3.3469,6.8741,18.8921,14.1108,15.1254,18.9971,1.3382,33.0637,595000.0,1.795,20.5243,31.6486,0,2.68,5.21,-9.19,-2.4772426503292797,2017-2021→2021-2025
1517,Hareid,2021-2025,2021,2025,Møre og Romsdal,Vestlandet,4,683,False,2731.0,19.7,19.02,-0.68,27.5,38.42,10.92,16.33,13.24,-3.09,5.02,6.06,1.04,13.8,5.81,-7.99,4.28,2.84,-1.44,4.03,3.89,-0.14,1.39,2.03,0.64,2.38,2.91,0.53,5.57,5.78,0.21,2.93,0.0,0.0,5140.0,8.5448,3.5019,5.0346,36.965,-1.751,16.8677,18.6965,1.1022,24.8117,551000.0,2.1304,18.6195,30.9757,0,3.13,4.52,-9.27,-3.1706420182573645,2017-2021→2021-2025
1520,Ørsta,2021-2025,2021,2025,Møre og Romsdal,Vestlandet,4,718,False,6218.0,18.54,22.25,3.71,21.86,34.0,12.14,11.61,10.14,-1.47,4.15,5.5,1.35,26.49,10.77,-15.72,6.16,4.82,-1.34,2.4,2.14,-0.26,1.98,2.4,0.42,2.67,3.14,0.47,4.15,4.84,0.69,-3.58,48.08,-30.41,10830.0,9.2901,2.0776,4.4008,18.2825,2.1237,18.1717,18.8735,1.4031,27.5751,565000.0,4.659,13.4698,35.2996,0,-1.27,6.45,-6.97,-2.077224175572148,2017-2021→2021-2025
1525,Stranda,2021-2025,2021,2025,Møre og Romsdal,Vestlandet,5,628,False,2384.0,16.78,21.59,4.81,28.02,31.68,3.66,11.37,12.06,0.69,5.16,6.76,1.6,25.59,15.65,-9.94,4.91,2.74,-2.17,2.01,2.01,0.0,1.76,2.39,0.63,2.18,2.31,0.13,2.22,2.82,0.6,-6.28,46.6,-19.23,4482.0,8.4078,-2.2758,-4.886,-4.9085,-17.1798,20.6604,18.8309,0.641,24.6105,554000.0,4.034,34.0977,26.1996,0,0.47,1.35,-9.82,-3.9143140462832546,2017-2021→2021-2025
1528,Sykkylven,2021-2025,2021,2025,Møre og Romsdal,Vestlandet,4,695,False,4190.0,17.88,20.93,3.05,28.97,35.69,6.72,16.87,14.63,-2.24,5.47,7.11,1.64,15.7,6.95,-8.75,5.2,3.08,-2.12,2.77,2.99,0.22,1.46,2.18,0.72,2.15,2.72,0.57,3.53,3.71,0.18,-2.03,28.8,-9.36,7596.0,8.9354,0.3949,-1.051,5.5292,-1.8431,18.3913,17.6935,2.288,25.6904,585000.0,1.5036,35.2701,27.3191,0,0.51,2.98,-8.93,-3.1918411770130772,2017-2021→2021-2025
1531,Sula,2021-2025,2021,2025,Møre og Romsdal,Vestlandet,4,737,False,4967.0,18.72,19.85,1.13,32.55,39.52,6.97,16.51,13.81,-2.7,9.3,11.27,1.97,8.13,2.45,-5.68,5.27,3.14,-2.13,2.03,2.18,0.15,1.83,2.12,0.29,1.97,2.05,0.08,3.66,3.61,-0.05,1.29,0.0,0.0,9409.0,9.1494,3.7198,10.2089,24.1258,12.5412,14.4649,19.1944,1.3052,28.4274,605000.0,2.309,13.8119,34.7607,0,-1.16,2.93,-9.07,-3.000836440369718,2017-2021→2021-2025
1532,Giske,2021-2025,2021,2025,Møre og Romsdal,Vestlandet,4,714,False,4652.0,15.18,16.98,1.8,26.01,35.34,9.33,17.35,13.17,-4.18,15.86,17.42,1.56,9.87,3.89,-5.98,4.47,2.53,-1.94,3.05,2.75,-0.3,2.02,2.65,0.63,2.24,2.02,-0.22,3.96,3.24,-0.72,3.35,11.12,-3.69,8506.0,9.0485,3.139,10.7143,14.5779,16.2238,14.5427,18.9278,1.5864,29.3001,648000.0,7.2902,11.2049,32.7004,0,1.13,3.47,-11.42,-4.582702144730498,2017-2021→2021-2025
1535,Vestnes,2021-2025,2021,2025,Møre og Romsdal,Vestlandet,5,644,False,3908.0,14.05,19.19,5.14,31.4,37.7,6.3,14.36,10.54,-3.82,4.12,5.58,1.46,17.07,11.65,-5.42,10.36,3.62,-6.74,1.59,2.15,0.56,1.48,1.79,0.31,2.41,2.95,0.54,3.17,4.83,1.66,0.88,31.19,-15.58,6958.0,8.8476,4.0816,7.9606,53.7511,-12.5036,19.5458,17.5913,1.9675,21.4444,549000.0,3.5703,19.5114,37.2377,0,-1.08,-0.05,-8.39,-2.044283362753207,2017-2021→2021-2025
1539,Rauma,2021-2025,2021,2025,Møre og Romsdal,Vestlandet,5,627,False,3939.0,20.41,23.77,3.36,21.76,30.07,8.31,15.28,10.72,-4.56,3.99,4.65,0.66,18.86,10.53,-8.33,7.82,6.58,-1.24,2.46,2.23,-0.23,3.55,4.41,0.86,2.36,3.68,1.32,3.5,3.36,-0.14,-0.02,19.32,-1.25,7026.0,8.8574,2.4196,-3.3445,32.7356,-8.1127,20.9792,17.0937,0.4771,24.0457,519000.0,5.1625,12.7561,31.0844,0,1.49,2.14,-7.6,-1.6336257890262544,2017-2021→2021-2025
1547,Aukra,2021-2025,2021,2025,Møre og Romsdal,Vestlandet,5,616,False,1909.0,20.43,24.23,3.8,9.69,21.71,12.02,30.59,13.35,-17.24,6.97,13.06,6.09,17.44,11.67,-5.77,4.92,2.52,-2.4,3.04,2.72,-0.32,2.04,2.62,0.58,1.62,2.82,1.2,3.25,5.29,2.04,6.25,17.33,-5.02,3522.0,8.1668,6.7291,8.4535,72.9699,-3.6911,18.3702,18.9097,0.1453,26.6052,593000.0,5.4819,12.5301,37.5904,0,0.93,6.14,1.67,9.122347838356868,2017-2021→2021-2025
1554,Averøy,2021-2025,2021,2025,Møre og Romsdal,Vestlandet,5,611,False,3165.0,22.21,25.4,3.19,23.85,38.07,14.22,7.55,7.03,-0.52,3.7,4.34,0.64,24.74,7.97,-16.77,4.61,3.6,-1.01,3.38,3.48,0.1,1.71,2.01,0.3,3.54,3.04,-0.5,4.71,5.05,0.34,-2.55,14.07,-7.22,5808.0,8.667,3.168,3.4173,38.3953,-6.3705,19.542,16.5806,1.0855,23.3236,591000.0,7.9489,14.4784,29.7729,0,-4.5,7.56,-4.49,0.8971241762856064,2017-2021→2021-2025
1557,Gjemnes,2021-2025,2021,2025,Møre og Romsdal,Vestlandet,5,576,False,1522.0,19.45,24.54,5.09,16.03,26.59,10.56,9.46,7.3,-2.16,4.07,5.25,1.18,35.61,20.63,-14.98,6.18,4.61,-1.57,1.91,1.86,-0.05,1.18,1.86,0.68,2.89,3.78,0.89,3.22,3.59,0.37,-4.42,49.81,-13.72,2658.0,7.8853,1.8811,4.9612,28.5929,-10.158,20.7675,17.3439,1.1306,23.6939,556000.0,9.2145,9.9698,37.3112,0,-0.25,6.96,-7.22,-1.005425578224509,2017-2021→2021-2025
1560,Tingvoll,2021-2025,2021,2025,Møre og Romsdal,Vestlandet,5,568,False,1810.0,21.88,28.01,6.13,17.85,26.47,8.62,5.69,5.82,0.13,3.09,3.24,0.15,34.09,17.74,-16.35,4.92,3.84,-1.08,2.04,1.81,-0.23,2.93,3.62,0.69,3.59,4.39,0.8,3.92,5.05,1.13,-7.73,33.09,6.74,2985.0,8.0014,3.0821,-0.4207,45.5611,-14.7404,23.2496,15.1759,-0.1102,25.0691,530000.0,9.6113,11.5194,33.7102,0,-6.0,4.93,-4.88,0.44247946604405897,2017-2021→2021-2025
1563,Sunndal,2021-2025,2021,2025,Møre og Romsdal,Vestlandet,5,640,False,4191.0,38.89,42.86,3.97,11.48,20.7,9.22,8.38,7.87,-0.51,1.81,2.92,1.11,21.24,9.09,-12.15,7.16,5.49,-1.67,2.77,2.72,-0.05,2.05,2.24,0.19,3.01,3.79,0.78,3.22,2.33,-0.89,-2.93,22.06,-10.57,6956.0,8.8474,3.4071,0.5311,47.2973,-13.226,19.5946,18.5739,1.6483,25.0811,546000.0,2.3885,31.1655,28.8345,0,-7.34,5.93,-2.35,2.090926465235586,2017-2021→2021-2025
1566,Surnadal,2021-2025,2021,2025,Møre og Romsdal,Vestlandet,5,607,False,3407.0,28.65,33.51,4.86,10.36,22.22,11.86,7.57,8.29,0.72,2.08,3.12,1.04,39.42,18.42,-21.0,4.49,2.82,-1.67,1.17,1.19,0.02,1.88,2.67,0.79,2.47,4.31,1.84,1.91,3.45,1.54,-9.14,46.01,-19.63,5872.0,8.678,1.3283,-0.4351,18.0518,-4.7684,21.5089,18.6989,1.55,23.2807,529000.0,6.1009,17.1779,33.2311,0,-6.04,8.42,-4.45,0.6622326118648871,2017-2021→2021-2025
1573,Smøla,2021-2025,2021,2025,Møre og Romsdal,Vestlandet,6,501,False,1234.0,20.42,27.47,7.05,14.91,29.32,14.41,7.7,6.1,-1.6,2.19,2.65,0.46,39.3,18.31,-20.99,5.67,3.13,-2.54,1.46,1.85,0.39,0.89,1.37,0.48,3.73,4.26,0.53,3.73,5.54,1.81,-6.58,39.39,11.44,2128.0,7.6629,1.8797,1.0252,36.1842,-17.3872,22.9323,18.1391,1.3297,18.7014,516000.0,22.2831,10.8676,29.0411,0,-7.62,16.3,-9.21,-2.28020614072212,2017-2021→2021-2025
1576,Aure,2021-2025,2021,2025,Møre og Romsdal,Vestlandet,6,501,False,2112.0,20.27,26.79,6.52,16.0,26.79,10.79,8.66,8.47,-0.19,2.75,4.92,2.17,35.84,15.22,-20.62,4.02,2.69,-1.33,1.61,1.98,0.37,1.18,2.69,1.51,5.68,5.02,-0.66,3.98,5.43,1.45,-9.83,29.1,-12.35,3468.0,8.1513,-2.1338,-4.3674,-0.8651,-20.4729,22.1742,15.8881,2.5165,21.7805,533000.0,13.8298,10.5201,33.0969,0,-3.23,8.49,-5.84,0.7533516489488772,2017-2021→2021-2025
1577,Volda,2021-2025,2021,2025,Møre og Romsdal,Vestlandet,4,705,False,6471.0,19.16,22.54,3.38,14.59,24.1,9.51,11.17,8.69,-2.48,6.77,8.4,1.63,22.95,11.28,-11.67,10.49,7.2,-3.29,3.77,2.72,-1.05,3.68,5.77,2.09,3.79,5.02,1.23,3.63,4.29,0.66,-2.16,20.68,-0.45,10781.0,9.2855,3.2465,9.1489,23.0034,10.1104,17.3082,25.0904,1.2615,39.0629,540000.0,4.4834,8.3236,44.7173,1,-0.28,3.28,-4.76,0.21181963359521117,2017-2021→2021-2025
1578,Fjord,2021-2025,2021,2025,Møre og Romsdal,Vestlandet,6,564,False,1424.0,16.15,17.07,0.92,19.73,29.79,10.06,13.62,11.96,-1.66,3.37,4.15,0.78,31.32,22.74,-8.58,7.94,4.01,-3.93,1.12,0.9,-0.22,1.4,2.42,1.02,2.6,3.46,0.86,2.74,3.52,0.78,1.48,33.81,4.87,2502.0,7.8248,0.1599,-7.8338,21.5827,-19.984,22.8617,15.6275,0.9611,23.3143,548000.0,8.7059,7.8431,37.7255,1,0.31,1.31,-7.73,-1.4718527080652368,2017-2021→2021-2025
1579,Hustadvika,2021-2025,2021,2025,Møre og Romsdal,Vestlandet,5,651,False,7345.0,18.0,19.22,1.22,25.64,38.89,13.25,17.67,10.57,-7.1,5.02,5.77,0.75,19.56,10.7,-8.86,3.85,2.64,-1.21,2.11,2.0,-0.11,1.38,1.93,0.55,2.23,3.08,0.85,4.53,5.2,0.67,4.39,43.76,-26.82,13317.0,9.4968,1.0738,1.5849,6.6832,3.229,17.2712,18.7279,1.8522,21.5088,567000.0,5.5039,14.4607,32.4037,1,0.22,5.11,-8.7,-2.1406747535405897,2017-2021→2021-2025
1580,Haram,2021-2025,2021,2025,Møre og Romsdal,Vestlandet,5,625,True,5009.55,19.99,20.25,0.26,25.28,35.47,10.19,19.22,10.03,-9.19,5.91,8.09,2.18,10.42,11.95,1.53,5.94,2.57,-3.37,3.59,1.96,-1.63,2.89,1.72,-1.17,2.98,3.39,0.41,3.78,4.55,0.77,11.72,12.84,22.22,9192.1262,9.1261,2.3593,3.1689,15.41,7.9912,15.6382,21.5989,5.0229,33.7852,551000.0,2.1292,13.7278,34.5136,0,0.44,-6.46,-3.32,3.0611576749500276,2017-2021→2021-2025
1804,Bodø,2021-2025,2021,2025,Nordland,Nord-Norge,3,793,False,29980.0,28.13,30.82,2.69,12.43,23.65,11.22,21.82,16.01,-5.81,2.05,2.15,0.1,10.64,3.7,-6.94,8.45,6.75,-1.7,4.63,3.22,-1.41,3.73,4.5,0.77,5.59,5.56,-0.03,2.53,3.64,1.11,4.28,9.95,-6.34,52560.0,10.8697,2.2165,7.0539,10.5974,11.4726,14.6461,23.126,1.4786,37.9789,567000.0,1.3746,2.9042,45.548,0,5.21,1.55,-6.03,-0.6441266069597722,2017-2021→2021-2025
1806,Narvik,2021-2025,2021,2025,Nordland,Nord-Norge,4,686,True,11587.0,31.42,29.54,-1.88,14.34,29.77,15.43,15.92,10.84,-5.08,2.24,3.67,1.43,17.16,6.42,-10.74,7.88,5.55,-2.33,1.71,1.61,-0.1,1.97,2.35,0.38,4.69,5.7,1.01,2.66,4.55,1.89,4.69,20.9,-12.77,21661.0,9.9833,-0.3232,-3.0793,7.7097,-10.5258,19.302,20.0914,1.8457,29.3336,535000.0,1.2035,3.8727,43.434,1,0.75,6.43,-7.5,-1.9359569218054027,2017-2021→2021-2025
1811,Bindal,2021-2025,2021,2025,Nordland,Nord-Norge,6,426,False,938.0,32.2,42.89,10.69,5.97,14.22,8.25,7.57,5.88,-1.69,2.13,1.88,-0.25,37.42,17.39,-20.03,4.8,4.58,-0.22,1.39,1.18,-0.21,2.13,0.94,-1.19,3.73,7.4,3.67,2.67,3.64,0.97,-11.78,19.06,-19.06,1397.0,7.2421,-1.6464,-7.2874,5.0107,-22.1904,26.8432,12.3837,2.1961,20.5631,493000.0,15.192,6.8447,41.9032,0,-1.1,2.4,-4.17,2.4325812136269036,2017-2021→2021-2025
1812,Sømna,2021-2025,2021,2025,Nordland,Nord-Norge,6,505,False,1252.0,22.04,28.07,6.03,7.91,16.37,8.46,4.71,4.83,0.12,1.36,2.21,0.85,50.08,28.07,-22.01,5.11,3.76,-1.35,1.12,1.23,0.11,0.56,2.13,1.57,5.51,9.25,3.74,1.6,4.09,2.49,-13.55,51.48,-18.45,1990.0,7.5959,-0.5528,-4.0717,7.0352,-12.5628,21.1558,17.1859,1.0777,22.5015,512000.0,14.1372,9.7713,38.7734,0,-1.09,5.72,-4.1,1.7768250598124427,2017-2021→2021-2025
1813,Brønnøy,2021-2025,2021,2025,Nordland,Nord-Norge,5,613,False,4405.0,29.35,35.09,5.74,11.94,24.33,12.39,10.08,8.64,-1.44,1.23,1.83,0.6,27.54,10.59,-16.95,6.61,4.51,-2.1,1.84,1.64,-0.2,1.82,2.34,0.52,6.17,6.85,0.68,3.43,4.18,0.75,-4.56,39.1,-30.07,7803.0,8.9623,0.4485,-1.21,5.5107,-1.4097,17.4164,18.9799,1.5681,24.6334,536000.0,6.7592,3.8512,44.3804,0,0.21,6.63,-7.49,-1.6830533633428164,2017-2021→2021-2025
1815,Vega,2021-2025,2021,2025,Nordland,Nord-Norge,6,400,False,761.0,28.91,31.93,3.02,10.25,18.4,8.15,6.31,5.52,-0.79,0.79,0.92,0.13,37.32,22.86,-14.46,5.91,3.55,-2.36,0.92,0.92,0.0,1.71,1.84,0.13,4.6,6.96,2.36,3.29,7.1,3.81,-6.31,29.02,-5.44,1182.0,7.075,2.1151,-1.4694,37.225,-15.2284,23.5195,16.1591,1.8327,22.31,496000.0,21.6931,3.7037,38.448,0,-0.23,4.84,-7.43,-0.03897836378868469,2017-2021→2021-2025
1816,Vevelstad,2021-2025,2021,2025,Nordland,Nord-Norge,6,373,False,290.0,27.24,30.51,3.27,12.07,17.65,5.58,5.52,2.94,-2.58,2.07,2.94,0.87,42.41,29.78,-12.63,3.1,3.31,0.21,0.69,0.74,0.05,0.69,1.1,0.41,5.17,7.35,2.18,1.03,3.68,2.65,-7.05,0.0,0.0,465.0,6.142,1.0753,-7.8431,15.0538,-4.3011,24.3011,16.3441,4.8479,19.1436,480000.0,28.8991,2.7523,38.5321,0,-1.18,-0.75,-3.6,3.381625791686347,2017-2021→2021-2025
1818,Herøy (Nordland),2021-2025,2021,2025,Nordland,Nord-Norge,6,480,False,898.0,32.29,29.5,-2.79,13.03,29.62,16.59,12.92,8.9,-4.02,1.0,1.69,0.69,27.84,17.34,-10.5,4.57,3.15,-1.42,0.33,0.79,0.46,0.89,1.13,0.24,3.56,4.5,0.94,3.56,3.38,-0.18,6.09,20.88,-20.88,1793.0,7.4916,5.2984,8.6931,62.4651,-9.4813,20.0223,17.4568,0.8463,18.9502,526000.0,17.2082,16.4862,28.7605,0,-3.46,6.95,-4.56,3.1220585134375156,2017-2021→2021-2025
1820,Alstahaug,2021-2025,2021,2025,Nordland,Nord-Norge,5,653,False,3982.0,26.32,24.09,-2.23,11.28,24.86,13.58,9.67,7.37,-2.3,0.8,1.46,0.66,31.67,20.89,-10.78,6.15,4.44,-1.71,1.38,1.94,0.56,1.66,2.08,0.42,7.51,8.66,1.15,3.57,4.19,0.62,2.8,45.1,-11.51,7394.0,8.9084,0.9602,0.1476,15.1474,-6.4918,19.1101,19.4347,1.5061,28.6062,544000.0,4.7724,4.5517,43.3103,0,-1.62,10.68,-7.73,-2.385210078743939,2017-2021→2021-2025
1822,Leirfjord,2021-2025,2021,2025,Nordland,Nord-Norge,6,559,False,1272.0,26.18,28.48,2.3,13.36,24.52,11.16,4.72,2.97,-1.75,1.1,1.45,0.35,37.89,20.94,-16.95,6.84,5.71,-1.13,0.31,0.76,0.45,1.1,2.13,1.03,6.13,7.92,1.79,2.36,5.1,2.74,-5.79,36.2,-3.14,2278.0,7.7311,3.3363,7.5868,35.9965,-3.5119,18.4372,17.3398,1.6987,24.2308,547000.0,11.2524,5.8708,41.1937,0,-3.43,12.83,-7.11,-1.1440966640799468,2017-2021→2021-2025
1824,Vefsn,2021-2025,2021,2025,Nordland,Nord-Norge,4,686,False,7492.0,31.89,28.58,-3.31,17.35,33.18,15.83,8.04,6.86,-1.18,1.36,1.96,0.6,21.93,8.86,-13.07,5.71,3.91,-1.8,1.43,1.24,-0.19,1.86,2.21,0.35,7.03,9.39,2.36,3.4,3.82,0.42,2.76,31.68,-23.09,13268.0,9.4931,1.5601,0.9212,18.3901,-2.6379,19.4151,19.9126,1.0079,24.6875,519000.0,2.2303,14.0343,39.6601,0,0.09,2.78,-7.08,-2.4559628897354884,2017-2021→2021-2025
1825,Grane,2021-2025,2021,2025,Nordland,Nord-Norge,6,494,False,850.0,33.76,31.17,-2.59,12.24,25.67,13.43,7.18,4.89,-2.29,0.82,1.59,0.77,34.24,19.8,-14.44,2.71,2.57,-0.14,0.71,0.37,-0.34,0.59,1.22,0.63,4.94,6.6,1.66,2.82,6.11,3.29,-1.01,59.49,-2.27,1453.0,7.2814,-1.5829,-1.9204,-4.1294,-11.0117,23.2622,18.1693,1.7028,17.4475,503000.0,9.5304,22.6519,37.0166,0,-6.4,3.45,-1.27,4.662698657855033,2017-2021→2021-2025
1826,Aarborte - Hattfjelldal,2021-2025,2021,2025,Nordland,Nord-Norge,6,453,False,825.0,31.15,32.01,0.86,6.06,16.53,10.47,4.0,3.44,-0.56,0.85,1.32,0.47,45.82,27.38,-18.44,4.48,4.1,-0.38,0.36,0.79,0.43,0.61,1.19,0.58,4.0,9.52,5.52,2.67,3.7,1.03,-7.97,46.16,1.96,1267.0,7.1444,0.5525,-16.895,22.8887,-20.5209,25.9669,16.2589,0.4853,18.3803,491000.0,15.0316,12.6582,36.2342,0,-0.76,2.32,-3.21,2.5017563530505935,2017-2021→2021-2025
1827,Dønna,2021-2025,2021,2025,Nordland,Nord-Norge,6,429,False,826.0,23.73,23.99,0.26,9.93,17.5,7.57,8.47,8.32,-0.15,0.61,1.22,0.61,38.86,27.17,-11.69,7.14,4.53,-2.61,0.48,0.61,0.13,1.21,0.73,-0.48,6.78,9.18,2.4,2.78,6.73,3.95,-4.12,19.83,4.42,1371.0,7.2233,5.5434,2.8429,78.7746,-23.3406,22.9759,15.8279,1.0047,22.8024,509000.0,14.9682,3.6624,39.8089,0,1.01,5.03,-4.76,2.3173864964217312,2017-2021→2021-2025
1828,Nesna,2021-2025,2021,2025,Nordland,Nord-Norge,6,494,False,980.0,23.98,31.17,7.19,7.76,17.87,10.11,7.04,5.64,-1.4,1.94,3.19,1.25,36.84,17.02,-19.82,8.78,6.49,-2.29,0.71,1.49,0.78,1.73,1.91,0.18,7.24,10.53,3.29,3.98,4.68,0.7,-9.71,23.18,-3.96,1701.0,7.439,4.0564,-5.3982,54.0858,-14.6972,18.6949,17.8131,1.5311,30.3559,494000.0,14.3758,5.1702,46.4061,0,-1.04,11.22,-8.82,-2.2014167267409395,2017-2021→2021-2025
1832,Hemnes,2021-2025,2021,2025,Nordland,Nord-Norge,5,567,False,2607.0,30.3,31.09,0.79,8.21,22.37,14.16,12.31,7.23,-5.08,1.23,1.71,0.48,28.31,13.2,-15.11,6.44,4.95,-1.49,1.46,1.64,0.18,1.65,3.12,1.47,7.48,9.32,1.84,2.61,5.37,2.76,-0.95,25.06,-8.31,4428.0,8.3957,1.2873,-0.9496,22.5836,-9.7109,22.1319,18.0217,0.6998,20.3669,515000.0,4.968,12.9365,38.2194,0,0.97,6.47,-5.23,0.8607057971782517,2017-2021→2021-2025
1833,Rana - Raane,2021-2025,2021,2025,Nordland,Nord-Norge,4,713,False,14678.0,39.8,36.78,-3.02,6.17,21.17,15.0,18.61,11.88,-6.73,1.2,1.63,0.43,13.76,6.54,-7.22,6.85,4.85,-2.0,2.41,1.64,-0.77,1.99,2.26,0.27,6.13,8.16,2.03,3.07,5.09,2.02,7.78,29.17,-16.64,26083.0,10.169,-0.5981,-0.579,-4.2173,-1.6869,18.0424,20.4769,1.5974,26.9955,551000.0,1.6936,10.1538,37.1504,0,6.91,0.98,-2.17,2.932604908076658,2017-2021→2021-2025
1834,Lurøy,2021-2025,2021,2025,Nordland,Nord-Norge,6,362,False,1085.0,24.61,29.59,4.98,14.1,23.31,9.21,14.65,13.86,-0.79,2.12,3.46,1.34,28.94,10.67,-18.27,4.52,3.56,-0.96,1.29,1.5,0.21,1.38,2.43,1.05,5.44,7.58,2.14,2.95,4.03,1.08,-9.06,29.98,-11.85,1876.0,7.5369,3.838,1.6171,47.9744,-9.5949,22.6546,18.3369,0.5487,22.2436,523000.0,19.5489,17.5081,30.7197,0,0.59,4.1,-0.42,7.804501217364205,2017-2021→2021-2025
1835,Træna,2021-2025,2021,2025,Nordland,Nord-Norge,6,323,False,222.0,20.27,25.94,5.67,15.32,28.3,12.98,6.31,2.36,-3.95,4.05,2.36,-1.69,41.44,26.89,-14.55,4.95,2.36,-2.59,0.45,1.42,0.97,1.35,0.94,-0.41,3.6,6.6,3.0,2.25,2.83,0.58,-1.57,0.0,40.87,442.0,6.0913,4.7511,-4.7325,54.2986,-4.5249,17.1946,20.1357,-0.9959,19.726,466000.0,15.2893,30.5785,28.9256,0,-2.06,12.14,-1.13,6.262560842301003,2017-2021→2021-2025
1836,Rødøy,2021-2025,2021,2025,Nordland,Nord-Norge,6,338,False,709.0,19.46,27.6,8.14,11.85,23.33,11.48,9.45,7.54,-1.91,5.22,5.97,0.75,39.21,18.21,-21.0,3.67,5.97,2.3,1.13,0.57,-0.56,1.27,0.85,-0.42,4.51,4.69,0.18,4.23,5.26,1.03,-9.52,16.2,-16.2,1206.0,7.0951,-3.8143,-8.5894,-12.4378,-21.5589,21.476,18.7396,1.8861,18.1818,565000.0,23.491,2.9364,38.4992,0,1.67,6.21,-5.61,2.6460266140746027,2017-2021→2021-2025
1837,Meløy,2021-2025,2021,2025,Nordland,Nord-Norge,6,488,False,3395.0,25.74,26.18,0.44,15.46,30.63,15.17,14.96,9.96,-5.0,5.1,4.97,-0.13,22.39,9.42,-12.97,5.01,4.81,-0.2,1.91,1.47,-0.44,1.18,1.26,0.08,2.97,4.27,1.3,5.27,7.01,1.74,2.2,26.47,-9.15,6247.0,8.7399,-2.2891,-5.423,-14.567,-8.324,19.9456,19.0491,1.8598,19.7208,553000.0,9.2914,14.639,38.2353,0,0.73,4.04,-5.11,2.0603248631211235,2017-2021→2021-2025
1838,Gildeskål,2021-2025,2021,2025,Nordland,Nord-Norge,6,478,False,1132.0,25.0,27.07,2.07,13.43,24.51,11.08,16.52,11.11,-5.41,3.45,4.14,0.69,22.7,10.23,-12.47,4.51,5.38,0.87,1.41,1.94,0.53,2.39,2.12,-0.27,5.65,6.44,0.79,4.95,7.05,2.1,-1.39,19.33,-5.95,1920.0,7.5601,4.3229,-0.5462,77.6042,-31.25,24.9479,14.6875,1.0131,24.2023,521000.0,13.8614,6.2706,40.5941,0,1.08,2.66,-1.89,5.254837648772589,2017-2021→2021-2025
1839,Beiarn,2021-2025,2021,2025,Nordland,Nord-Norge,6,448,False,641.0,26.52,31.7,5.18,12.17,23.28,11.11,8.27,7.81,-0.46,0.62,0.31,-0.31,41.03,19.91,-21.12,2.96,3.22,0.26,0.78,1.23,0.45,1.09,1.99,0.9,2.81,4.29,1.48,3.74,6.28,2.54,-10.01,57.07,-14.66,999.0,6.9068,6.006,0.0945,92.0921,-31.031,28.2282,14.014,1.0447,14.2045,483000.0,9.1703,4.3668,45.6332,0,-2.05,6.42,-5.28,1.42102952079156,2017-2021→2021-2025
1840,Saltdal,2021-2025,2021,2025,Nordland,Nord-Norge,5,603,False,2678.0,28.83,33.2,4.37,14.41,28.51,14.1,10.75,8.48,-2.27,1.79,2.36,0.57,29.54,10.09,-19.45,5.04,5.1,0.06,1.38,1.28,-0.1,1.08,1.13,0.05,4.14,5.36,1.22,3.02,4.5,1.48,-5.35,34.7,-21.6,4632.0,8.4407,4.1019,1.8589,62.3921,-22.2366,21.8264,16.2133,1.2553,23.7068,540000.0,3.0979,15.3531,43.7358,0,1.91,6.77,-8.9,-2.8320014299150227,2017-2021→2021-2025
1841,Fauske - Fuossko,2021-2025,2021,2025,Nordland,Nord-Norge,4,679,False,5499.0,32.19,35.4,3.21,14.98,27.21,12.23,16.02,10.63,-5.39,1.91,2.14,0.23,16.4,5.62,-10.78,6.33,5.38,-0.95,1.82,1.7,-0.12,1.69,2.28,0.59,4.58,5.16,0.58,4.07,4.47,0.4,1.45,18.11,-4.37,9640.0,9.1737,1.7116,1.9019,20.9544,-4.668,20.0726,18.7241,2.1303,24.484,530000.0,3.371,7.1048,38.1907,0,1.62,3.91,-4.53,0.8753534763691935,2017-2021→2021-2025
1845,Sørfold - Fuolldá,2021-2025,2021,2025,Nordland,Nord-Norge,6,547,False,1125.0,33.16,37.0,3.84,12.09,26.27,14.18,9.69,6.18,-3.51,1.51,1.18,-0.33,29.16,10.45,-18.71,4.62,5.45,0.83,0.98,0.36,-0.62,0.71,1.27,0.56,4.98,6.73,1.75,3.11,5.09,1.98,-4.53,42.16,-15.33,1912.0,7.5559,-3.1904,-5.2227,-7.3222,-24.5816,25.3138,15.4289,0.7802,17.8571,527000.0,12.4709,14.9184,33.9161,0,-0.49,5.97,-6.7,-0.5223217318470308,2017-2021→2021-2025
1848,Steigen,2021-2025,2021,2025,Nordland,Nord-Norge,6,403,False,1468.0,22.21,27.09,4.88,10.83,20.14,9.31,9.4,8.63,-0.77,2.32,2.25,-0.07,32.77,14.53,-18.24,9.81,10.95,1.14,2.32,2.88,0.56,2.25,1.96,-0.29,4.97,7.51,2.54,3.13,4.07,0.94,-8.93,40.81,-20.43,2586.0,7.8579,2.9389,6.1827,48.3372,-18.9482,23.7819,17.092,-0.1155,23.1435,513000.0,20.7337,8.2935,32.1372,0,0.7,1.25,-3.4,4.1242902896893305,2017-2021→2021-2025
1851,Lødingen,2021-2025,2021,2025,Nordland,Nord-Norge,6,537,False,1191.0,26.36,31.03,4.67,19.98,29.12,9.14,13.18,10.23,-2.95,0.67,1.16,0.49,24.1,7.24,-16.86,6.72,6.41,-0.31,1.43,2.41,0.98,1.34,2.08,0.74,3.27,7.07,3.8,2.94,3.24,0.3,-7.72,17.29,-17.29,2003.0,7.6024,3.1952,-4.3056,59.4109,-26.9596,26.9596,14.2786,1.8261,22.6857,505000.0,8.8964,7.7703,39.3018,0,0.86,2.52,-9.07,-2.336109629932966,2017-2021→2021-2025
1853,Evenes - Evenássi,2021-2025,2021,2025,Nordland,Nord-Norge,6,528,False,824.0,28.64,29.3,0.66,14.08,26.57,12.49,15.29,10.56,-4.73,3.76,3.2,-0.56,21.0,12.22,-8.78,5.34,4.98,-0.36,1.58,1.66,0.08,1.58,2.49,0.91,4.73,4.51,-0.22,4.0,4.51,0.51,3.71,17.36,-3.9,1324.0,7.1884,2.8701,-1.6606,59.6677,-30.2115,27.1903,14.9547,0.1224,22.8769,531000.0,2.7778,2.2222,43.1481,0,6.13,3.46,-11.08,-3.4000586936502124,2017-2021→2021-2025
1856,Røst,2021-2025,2021,2025,Nordland,Nord-Norge,6,366,False,282.0,30.5,29.23,-1.27,9.22,23.24,14.02,17.73,9.15,-8.58,0.35,0.7,0.35,28.01,23.24,-4.77,1.77,1.41,-0.36,3.55,2.82,-0.73,1.06,2.46,1.4,5.32,5.28,-0.04,2.48,2.46,-0.02,9.25,0.0,0.0,488.0,6.1903,-6.1475,-15.9633,-30.7377,-32.7869,20.9016,17.623,3.1158,15.2941,493000.0,20.7547,19.6226,26.7925,0,3.02,9.8,2.83,10.136635722433883,2017-2021→2021-2025
1857,Værøy,2021-2025,2021,2025,Nordland,Nord-Norge,6,370,False,348.0,23.28,22.78,-0.5,13.79,26.9,13.11,17.82,5.38,-12.44,7.76,8.23,0.47,26.44,19.3,-7.14,2.87,2.85,-0.02,0.86,0.95,0.09,0.57,0.63,0.06,2.01,5.38,3.37,4.6,7.59,2.99,5.97,8.83,-8.83,698.0,6.5482,-3.0086,-13.2051,-5.7307,-24.3553,20.4871,16.7622,1.6695,15.1771,437000.0,15.5224,28.3582,31.6418,0,5.94,1.78,5.08,12.707574127308977,2017-2021→2021-2025
1859,Flakstad,2021-2025,2021,2025,Nordland,Nord-Norge,6,522,False,670.0,23.28,25.46,2.18,12.09,24.39,12.3,9.55,7.98,-1.57,2.09,3.22,1.13,29.55,14.42,-15.13,8.66,5.67,-2.99,2.39,1.69,-0.7,3.73,3.22,-0.51,5.22,9.97,4.75,3.43,3.99,0.56,-2.83,45.74,-13.33,1238.0,7.1213,2.2617,-6.7747,58.9661,-39.58,25.1212,16.559,-1.9774,18.0465,545000.0,24.4108,9.4276,33.3333,0,6.75,-4.35,-2.74,2.9952279378423423,2017-2021→2021-2025
1860,Vestvågøy,2021-2025,2021,2025,Nordland,Nord-Norge,5,631,False,5976.0,22.94,24.22,1.28,13.57,30.2,16.63,15.7,10.72,-4.98,5.07,5.57,0.5,22.12,8.68,-13.44,7.95,5.37,-2.58,1.96,1.67,-0.29,2.71,3.43,0.72,3.5,5.5,2.0,4.48,4.63,0.15,3.19,29.46,-19.66,11521.0,9.3519,0.5295,3.9677,3.7323,1.736,17.7155,20.2847,1.1932,25.8994,529000.0,8.1497,8.3468,40.1397,0,2.54,3.2,-5.09,1.1699889682214568,2017-2021→2021-2025
1865,Vågan,2021-2025,2021,2025,Nordland,Nord-Norge,5,650,False,4840.0,26.45,28.3,1.85,10.99,24.99,14.0,17.91,13.68,-4.23,0.85,1.32,0.47,16.28,6.83,-9.45,9.24,6.93,-2.31,4.28,1.93,-2.35,3.76,4.47,0.71,7.0,7.54,0.54,3.24,4.03,0.79,4.55,15.29,-3.47,9670.0,9.1768,2.0786,6.3113,23.061,-1.9648,18.0869,19.4519,1.3235,27.1897,508000.0,5.5118,10.4227,33.2574,0,4.38,-0.22,-2.85,3.2049571138743445,2017-2021→2021-2025
1866,Hadsel,2021-2025,2021,2025,Nordland,Nord-Norge,5,605,False,4426.0,26.43,31.5,5.07,11.91,25.99,14.08,12.56,8.77,-3.79,1.27,1.73,0.46,25.26,8.64,-16.62,7.48,6.09,-1.39,2.28,2.22,-0.06,2.39,2.81,0.42,6.87,7.43,0.56,3.55,4.84,1.29,-2.54,26.28,-13.85,8065.0,8.9953,4.1538,4.2572,46.2492,-5.3317,20.3968,19.4296,0.8532,27.139,520000.0,3.9865,13.0727,44.059,0,2.1,-0.17,-0.99,4.47334109690874,2017-2021→2021-2025
1867,Bø,2021-2025,2021,2025,Nordland,Nord-Norge,6,497,False,1520.0,19.34,20.67,1.33,15.53,34.4,18.87,18.16,12.03,-6.13,1.97,1.9,-0.07,29.34,11.83,-17.51,7.17,4.49,-2.68,1.97,1.9,-0.07,0.92,2.38,1.46,2.89,5.71,2.82,2.7,4.69,1.99,1.36,21.03,-9.89,2576.0,7.854,1.5916,-0.9463,41.1491,-24.8447,26.3199,15.9161,1.8804,18.1818,462000.0,11.1796,8.8028,39.6127,0,-1.02,-6.12,7.05,12.995521926691797,2017-2021→2021-2025
1868,Øksnes,2021-2025,2021,2025,Nordland,Nord-Norge,5,584,False,2241.0,24.32,25.37,1.05,16.02,32.46,16.44,12.05,11.78,-0.27,3.39,2.97,-0.42,25.61,6.96,-18.65,6.25,6.62,0.37,1.83,1.29,-0.54,0.98,1.38,0.4,4.15,4.94,0.79,5.4,6.23,0.83,-2.21,36.31,-14.9,4416.0,8.393,4.8007,1.4245,56.8388,-7.9257,19.4746,18.6368,0.4476,18.8619,507000.0,13.2401,15.0583,34.8252,0,5.28,-1.19,-4.24,1.6767812276855691,2017-2021→2021-2025
1870,Sortland - Suortá,2021-2025,2021,2025,Nordland,Nord-Norge,4,670,False,5563.0,22.4,27.55,5.15,13.59,28.59,15.0,16.34,13.05,-3.29,1.58,1.73,0.15,24.79,6.55,-18.24,8.2,6.97,-1.23,2.05,1.79,-0.26,2.57,2.9,0.33,4.89,6.02,1.13,3.6,4.85,1.25,-3.24,26.51,-17.68,10514.0,9.2605,2.5395,6.0496,24.6338,0.3804,16.9583,20.7343,1.5001,26.3894,534000.0,4.8969,5.6873,36.6108,0,2.17,0.16,-3.12,2.5319528941883815,2017-2021→2021-2025
1871,Andøy,2021-2025,2021,2025,Nordland,Nord-Norge,6,517,False,2762.0,15.39,38.85,23.46,6.3,19.19,12.89,4.31,5.12,0.81,1.45,1.67,0.22,54.13,12.06,-42.07,7.86,8.3,0.44,1.56,1.36,-0.2,2.5,3.1,0.6,4.09,5.89,1.8,2.43,4.46,2.03,-29.18,56.0,-43.41,4588.0,8.4312,-1.0026,-8.9962,8.0645,-18.3086,24.1282,17.9599,0.5966,22.1171,532000.0,8.3182,6.0455,47.0455,0,7.85,-17.59,1.59,6.273483383467637,2017-2021→2021-2025
1874,Moskenes,2021-2025,2021,2025,Nordland,Nord-Norge,6,442,False,472.0,21.82,26.28,4.46,14.83,35.12,20.29,13.77,7.67,-6.1,2.12,2.09,-0.03,26.69,8.14,-18.55,9.32,6.74,-2.58,1.06,1.86,0.8,2.12,2.09,-0.03,4.24,6.28,2.04,4.03,3.72,-0.31,1.74,0.0,0.0,989.0,6.8967,-2.0222,-9.4393,10.1112,-30.3337,23.458,17.4924,0.7938,18.602,455000.0,19.6755,7.3022,28.3976,0,-0.71,3.57,-2.83,4.183819261746073,2017-2021→2021-2025
1875,Hábmer - Hamarøy,2021-2025,2021,2025,Nordland,Nord-Norge,6,405,True,1536.0,24.41,26.93,2.52,11.85,23.36,11.51,12.7,11.9,-0.8,2.67,3.12,0.45,26.11,9.8,-16.31,7.81,6.3,-1.51,3.32,2.04,-1.28,2.6,4.07,1.47,5.92,6.81,0.89,2.6,5.67,3.07,-4.8,30.38,-3.33,2701.0,7.9014,3.147,-6.0059,52.5731,-21.1033,24.6205,16.0681,0.0385,25.508,475000.0,10.299,9.9668,39.4518,1,-0.66,6.4,-7.97,0.1320745079429182,2017-2021→2021-2025
3101,Halden,2021-2025,2021,2025,Østfold,Østlandet,3,842,False,16921.0,31.32,31.06,-0.26,11.32,27.17,15.85,16.8,11.18,-5.62,3.68,4.27,0.59,14.46,4.46,-10.0,5.92,3.72,-2.2,2.71,2.18,-0.53,3.53,4.08,0.55,5.47,5.81,0.34,4.8,6.05,1.25,5.85,13.72,-8.21,31387.0,10.3541,2.0741,5.6384,27.0494,-6.0216,18.3802,19.2691,1.4275,28.2368,498000.0,1.611,15.6291,38.8832,0,-1.17,5.51,-5.46,-1.4013699919428246,2017-2021→2021-2025
3103,Moss,2021-2025,2021,2025,Østfold,Østlandet,2,900,False,27345.0,30.45,31.02,0.57,11.03,24.74,13.71,23.14,15.72,-7.42,1.92,2.32,0.4,8.49,2.16,-6.33,7.92,5.28,-2.64,4.39,3.6,-0.79,3.8,4.63,0.83,5.38,6.27,0.89,3.47,4.26,0.79,7.38,7.21,-4.74,49668.0,10.8131,5.9958,11.908,64.2063,-4.5703,18.1103,18.066,0.8371,30.9904,516000.0,0.9355,6.2164,38.024,1,-1.68,3.82,-3.15,0.90035739430567,2017-2021→2021-2025
3105,Sarpsborg,2021-2025,2021,2025,Østfold,Østlandet,2,877,False,29520.0,35.4,31.48,-3.92,14.17,32.16,17.99,16.4,11.06,-5.34,3.5,3.83,0.33,12.46,3.58,-8.88,5.28,3.91,-1.37,2.03,1.9,-0.13,2.17,2.42,0.25,3.96,4.82,0.86,4.62,4.83,0.21,9.11,10.79,-7.19,57372.0,10.9573,4.8229,10.9739,46.6604,1.2898,16.8915,19.52,0.6129,25.4346,512000.0,1.1104,10.9761,36.7293,0,-1.93,5.7,-5.59,-1.9005781940519588,2017-2021→2021-2025
3107,Fredrikstad,2021-2025,2021,2025,Østfold,Østlandet,2,870,False,44868.0,33.19,31.74,-1.45,12.77,27.78,15.01,18.66,12.78,-5.88,3.13,3.58,0.45,8.99,2.47,-6.52,7.08,5.11,-1.97,3.23,2.67,-0.56,3.56,3.94,0.38,5.26,5.36,0.1,4.13,4.57,0.44,8.49,6.64,-4.2,83193.0,11.3289,3.2082,9.8556,35.7963,-4.2191,17.0748,19.5714,1.3385,30.3278,519000.0,0.7878,9.4035,39.3284,0,-2.2,4.28,-5.08,-0.9654045227398873,2017-2021→2021-2025
3110,Hvaler,2021-2025,2021,2025,Østfold,Østlandet,4,723,False,3058.0,28.19,30.66,2.47,14.58,28.3,13.72,23.05,14.5,-8.55,1.96,2.88,0.92,11.64,4.25,-7.39,5.98,3.37,-2.61,2.78,3.86,1.08,3.14,3.86,0.72,5.17,4.83,-0.34,3.5,3.49,-0.01,6.33,13.05,-4.05,4694.0,8.454,1.7682,6.6295,37.7077,-19.8125,24.5846,12.7184,4.1782,30.4067,587000.0,2.5059,7.7541,38.9598,0,-1.17,4.9,-4.1,2.146096161269451,2017-2021→2021-2025
3112,Råde,2021-2025,2021,2025,Østfold,Østlandet,3,836,False,4225.0,22.77,24.39,1.62,13.4,30.69,17.29,22.15,13.35,-8.8,6.56,6.92,0.36,19.74,7.83,-11.91,3.95,3.38,-0.57,2.34,1.88,-0.46,2.22,3.08,0.86,2.98,3.49,0.51,3.88,5.0,1.12,5.38,21.41,-10.18,7568.0,8.9317,3.7262,8.937,42.6797,-3.9641,18.75,16.583,1.2118,26.5041,593000.0,2.9081,8.7791,34.513,0,-0.31,6.79,-4.66,0.0720694529671091,2017-2021→2021-2025
3114,Våler (Østfold),2021-2025,2021,2025,Østfold,Østlandet,3,824,False,3004.0,20.84,21.64,0.8,14.65,34.78,20.13,18.58,11.81,-6.77,3.63,4.34,0.71,24.83,11.02,-13.81,4.76,2.91,-1.85,2.93,2.09,-0.84,2.33,2.49,0.16,3.63,4.49,0.86,3.83,4.43,0.6,6.32,38.0,2.35,5805.0,8.6665,6.1499,20.8235,42.3773,18.0879,13.0233,18.7597,0.9982,25.105,623000.0,2.8757,6.3334,32.4889,0,0.15,7.09,-5.61,-0.16825491584698415,2017-2021→2021-2025
3116,Skiptvet,2021-2025,2021,2025,Østfold,Østlandet,3,792,False,2085.0,22.49,22.03,-0.46,14.15,35.57,21.42,12.9,8.32,-4.58,4.41,5.66,1.25,30.6,12.8,-17.8,3.74,2.79,-0.95,1.73,1.26,-0.47,1.63,2.35,0.72,3.36,3.96,0.6,4.99,5.27,0.28,3.62,40.0,-16.34,3825.0,8.2493,3.4248,6.0306,41.5686,-7.8431,16.0261,17.8301,1.5168,19.1167,559000.0,4.4562,6.9496,30.8753,0,-1.63,9.24,-8.01,-3.5622657455368065,2017-2021→2021-2025
3118,Indre Østfold,2021-2025,2021,2025,Østfold,Østlandet,3,858,False,23328.0,24.57,25.33,0.76,13.43,31.13,17.7,19.09,12.52,-6.57,3.6,4.16,0.56,21.45,8.47,-12.98,4.99,4.0,-0.99,2.79,2.28,-0.51,2.19,2.67,0.48,3.56,4.61,1.05,4.34,4.83,0.49,4.72,31.01,-8.65,45201.0,10.7189,4.9733,9.7163,51.1051,-1.5708,17.1302,18.2142,0.5857,23.0931,525000.0,2.7622,8.3333,31.3062,1,-0.67,7.39,-6.89,-2.4558338775258752,2017-2021→2021-2025
3120,Rakkestad,2021-2025,2021,2025,Østfold,Østlandet,3,785,False,4489.0,21.05,25.2,4.15,12.03,29.14,17.11,12.34,9.11,-3.23,5.73,6.83,1.1,37.36,16.02,-21.34,2.65,2.3,-0.35,1.0,1.15,0.15,1.47,1.52,0.05,2.54,3.64,1.1,3.83,5.08,1.25,-4.23,45.26,-3.67,8222.0,9.0146,3.7096,6.3217,38.4335,-1.8244,18.3775,17.964,1.0549,19.5043,531000.0,6.6215,13.4688,30.449,0,-1.49,11.96,-6.33,-2.0046854890163175,2017-2021→2021-2025
3122,Marker,2021-2025,2021,2025,Østfold,Østlandet,4,732,False,2182.0,28.55,29.51,0.96,8.75,22.13,13.38,11.96,7.78,-4.18,6.1,8.46,2.36,32.86,16.6,-16.26,2.8,2.07,-0.73,2.2,2.16,-0.04,1.19,2.16,0.97,2.57,4.18,1.61,3.02,4.95,1.93,-2.88,44.33,-12.53,3601.0,8.189,1.4996,1.1625,39.7112,-24.7154,23.2991,15.9678,0.6407,20.2354,513000.0,7.5179,9.3675,32.2792,0,-2.83,8.52,-3.59,0.7510592104441534,2017-2021→2021-2025
3124,Aremark,2021-2025,2021,2025,Østfold,Østlandet,5,662,False,871.0,18.25,21.83,3.58,8.38,20.46,12.08,10.1,6.63,-3.47,7.23,9.26,2.03,45.46,26.74,-18.72,2.76,2.06,-0.7,1.38,0.8,-0.58,0.92,1.83,0.91,2.99,4.8,1.81,2.53,5.6,3.07,-6.64,51.92,-0.22,1325.0,7.1892,1.5849,-4.2674,30.1887,-16.6038,21.0566,15.5472,2.2718,18.9474,518000.0,8.2695,16.3859,31.3936,0,-0.58,7.24,-4.99,-0.3896776436849114,2017-2021→2021-2025
3201,Bærum,2021-2025,2021,2025,Akershus,Oslo/Akershus,1,966,False,72388.0,19.55,22.41,2.86,7.02,18.65,11.63,40.27,30.35,-9.92,1.67,2.42,0.75,2.98,0.81,-2.17,5.85,3.92,-1.93,11.76,9.85,-1.91,5.86,6.3,0.44,2.82,2.79,-0.03,2.22,2.5,0.28,9.46,3.38,-2.41,128233.0,11.7616,3.2168,9.6723,21.2192,10.5199,15.0008,16.9956,1.3019,53.7226,674000.0,0.3384,3.4136,32.1591,0,-0.26,0.81,-2.29,3.0302202025543057,2017-2021→2021-2025
3203,Asker,2021-2025,2021,2025,Akershus,Oslo/Akershus,2,910,False,52859.0,22.05,23.78,1.73,9.21,21.57,12.36,33.2,24.27,-8.93,2.09,2.81,0.72,5.76,1.67,-4.09,6.7,4.33,-2.37,9.28,7.72,-1.56,5.61,6.81,1.2,3.42,3.55,0.13,2.67,3.48,0.81,8.27,5.97,-3.51,94915.0,11.4607,5.8758,11.69,50.7401,7.7227,15.1378,16.7982,0.96,45.0683,663000.0,0.6096,5.0558,33.0409,1,-0.08,2.08,-3.37,1.874574925887047,2017-2021→2021-2025
3205,Lillestrøm,2021-2025,2021,2025,Akershus,Oslo/Akershus,1,940,False,45241.0,31.22,31.01,-0.21,11.56,25.61,14.05,22.62,15.38,-7.24,2.06,2.48,0.42,10.4,3.61,-6.79,6.89,6.29,-0.6,4.37,3.38,-0.99,3.26,3.85,0.59,4.06,4.36,0.3,3.55,4.02,0.47,7.26,11.93,-6.46,86953.0,11.3731,10.1308,19.6831,88.2316,12.6045,13.62,19.8751,0.0942,32.7346,598000.0,0.6919,4.6918,32.1462,1,-1.54,3.23,-3.29,0.5056702655299969,2017-2021→2021-2025
3207,Nordre Follo,2021-2025,2021,2025,Akershus,Oslo/Akershus,2,923,False,34104.0,25.87,28.8,2.93,9.41,20.68,11.27,28.63,20.47,-8.16,2.47,2.98,0.51,5.75,1.76,-3.99,7.81,5.86,-1.95,7.58,5.49,-2.09,5.36,6.34,0.98,3.9,4.03,0.13,3.21,3.6,0.39,7.28,7.1,-4.43,60034.0,11.0027,7.719,14.7511,65.9293,11.227,15.2014,17.2952,0.5777,41.5208,662000.0,0.3911,3.3782,33.5626,1,-0.13,1.76,-3.57,0.9436961413362295,2017-2021→2021-2025
3209,Ullensaker,2021-2025,2021,2025,Akershus,Oslo/Akershus,2,920,False,19201.0,29.01,27.73,-1.28,16.52,32.36,15.84,22.06,13.91,-8.15,1.41,1.89,0.48,11.57,3.85,-7.72,5.74,5.07,-0.67,3.64,2.68,-0.96,2.46,2.68,0.22,3.89,5.25,1.36,3.69,4.57,0.88,8.12,12.6,-3.64,40459.0,10.608,11.3868,35.2927,96.7646,16.9554,11.7971,21.5675,0.1675,28.53,553000.0,0.8709,4.0072,30.734,0,0.86,3.47,-4.51,0.48669575647110896,2017-2021→2021-2025
3212,Nesodden,2021-2025,2021,2025,Akershus,Oslo/Akershus,3,850,False,11571.0,22.51,26.95,4.44,7.52,15.49,7.97,19.97,13.95,-6.02,1.94,2.47,0.53,4.75,1.37,-3.38,13.02,7.48,-5.54,6.55,5.69,-0.86,11.29,14.17,2.88,9.78,8.4,-1.38,2.66,4.03,1.37,4.59,5.88,-3.9,19805.0,9.8937,4.509,12.6606,36.9099,8.2302,14.6377,15.1729,1.9967,47.4592,638000.0,0.812,1.9749,40.4311,0,-1.62,1.3,-3.88,0.5492629642374984,2017-2021→2021-2025
3214,Frogn,2021-2025,2021,2025,Akershus,Oslo/Akershus,2,891,False,9691.0,21.94,23.95,2.01,10.81,23.95,13.14,33.66,23.15,-10.51,1.29,2.07,0.78,6.62,2.22,-4.4,6.71,4.3,-2.41,7.15,5.63,-1.52,5.5,6.29,0.79,3.56,3.61,0.05,2.76,4.83,2.07,8.74,6.93,-0.85,15953.0,9.6774,2.4071,4.3498,32.2196,-7.9609,18.5545,15.5582,1.7124,38.4551,619000.0,0.8985,3.6953,33.5611,0,-0.41,2.07,-3.25,1.9715125304372538,2017-2021→2021-2025
3216,Vestby,2021-2025,2021,2025,Akershus,Oslo/Akershus,2,877,False,9847.0,27.2,28.39,1.19,10.85,24.84,13.99,24.55,16.64,-7.91,1.82,2.48,0.66,9.7,3.26,-6.44,7.27,4.74,-2.53,5.62,4.15,-1.47,5.15,5.67,0.52,4.61,5.18,0.57,3.25,4.66,1.41,7.55,8.36,-2.93,18290.0,9.8141,8.5566,21.7351,74.795,10.7162,15.5003,16.6594,0.8483,34.4493,630000.0,1.1201,3.7858,32.7845,0,0.95,3.12,-4.4,0.8673281303422842,2017-2021→2021-2025
3218,Ås,2021-2025,2021,2025,Akershus,Oslo/Akershus,2,895,False,10800.0,24.43,27.71,3.28,9.4,20.05,10.65,19.24,14.24,-5.0,2.91,3.09,0.18,10.7,4.33,-6.37,10.25,7.44,-2.81,6.29,4.55,-1.74,7.8,9.14,1.34,6.06,5.79,-0.27,2.94,3.65,0.71,4.28,12.46,-6.1,20439.0,9.9252,9.3204,20.7588,78.1839,13.9929,12.9214,24.9817,0.3439,45.5971,587000.0,1.6685,3.3272,35.7791,0,-0.81,0.82,-3.5,0.731451615185386,2017-2021→2021-2025
3220,Enebakk,2021-2025,2021,2025,Akershus,Oslo/Akershus,3,827,False,5726.0,25.53,25.66,0.13,16.43,33.08,16.65,20.63,12.97,-7.66,2.85,3.24,0.39,16.01,5.32,-10.69,5.69,4.78,-0.91,3.09,2.52,-0.57,2.06,2.73,0.67,3.58,4.8,1.22,4.12,4.88,0.76,5.96,22.06,-7.17,11065.0,9.3115,4.3742,7.3327,37.596,5.3321,13.8635,17.1441,0.6745,24.5521,614000.0,1.5393,3.8483,30.9327,0,2.24,3.79,-4.51,0.0746661894459244,2017-2021→2021-2025
3222,Lørenskog,2021-2025,2021,2025,Akershus,Oslo/Akershus,1,978,False,22435.0,31.5,30.93,-0.57,11.24,23.83,12.59,24.4,16.47,-7.93,1.83,2.01,0.18,6.15,1.46,-4.69,7.84,8.16,0.32,5.21,3.87,-1.34,3.84,4.03,0.19,4.27,4.99,0.72,3.7,4.24,0.54,7.9,7.37,-3.12,42740.0,10.6629,17.0168,42.329,145.7651,23.3973,13.7482,20.9499,-0.1558,35.9313,587000.0,0.1811,3.8406,34.0454,0,-3.0,2.78,-3.08,1.0612671434570577,2017-2021→2021-2025
3224,Rælingen,2021-2025,2021,2025,Akershus,Oslo/Akershus,1,948,False,9622.0,33.96,32.32,-1.64,12.06,25.6,13.54,22.14,15.52,-6.62,2.14,2.81,0.67,7.89,2.21,-5.68,6.96,5.68,-1.28,4.59,3.46,-1.13,2.91,3.82,0.91,3.59,4.15,0.56,3.76,4.43,0.67,7.86,6.96,-3.56,18730.0,9.8379,9.4981,19.3424,70.7421,24.0256,12.1943,19.3967,0.2295,33.4375,602000.0,0.3539,4.2469,33.3299,0,-1.93,2.98,-3.28,0.4414046401195142,2017-2021→2021-2025
3226,Aurskog-Høland,2021-2025,2021,2025,Akershus,Oslo/Akershus,3,797,False,9607.0,30.9,31.98,1.08,12.82,29.99,17.17,12.79,9.09,-3.7,3.31,3.76,0.45,26.2,10.0,-16.2,3.39,2.7,-0.69,1.51,1.27,-0.24,1.7,1.78,0.08,3.16,4.7,1.54,4.21,4.74,0.53,0.97,25.54,-6.97,17591.0,9.7751,4.1101,11.6844,44.1703,-3.5814,17.7705,17.1963,0.7072,20.4241,542000.0,2.5296,8.3499,31.4088,1,-1.1,8.44,-4.21,0.11296489954436417,2017-2021→2021-2025
3228,Nes,2021-2025,2021,2025,Akershus,Oslo/Akershus,3,826,False,12625.0,29.73,30.97,1.24,14.05,30.36,16.31,13.42,9.22,-4.2,1.78,2.27,0.49,21.89,7.65,-14.24,5.5,4.01,-1.49,2.73,2.15,-0.58,2.6,2.98,0.38,4.48,5.02,0.54,3.82,5.36,1.54,2.07,21.58,-10.21,23422.0,10.0614,6.2975,21.9843,58.4493,4.2268,14.8578,18.7858,1.1642,23.2475,594000.0,2.4026,4.8656,33.6185,0,-1.63,6.77,-4.65,-0.1385595026020443,2017-2021→2021-2025
3230,Gjerdrum,2021-2025,2021,2025,Akershus,Oslo/Akershus,2,880,False,3840.0,27.89,28.23,0.34,11.67,27.08,15.41,24.09,17.31,-6.78,3.28,3.68,0.4,14.84,6.37,-8.47,4.79,3.12,-1.67,4.69,3.23,-1.46,3.28,3.77,0.49,2.42,3.09,0.67,3.05,4.12,1.07,6.94,22.58,-8.82,7043.0,8.8598,5.8214,17.8154,51.2566,6.9573,14.2979,16.882,0.7699,31.5639,659000.0,1.4621,3.8897,30.9793,0,1.43,2.95,-4.04,0.7667959452301663,2017-2021→2021-2025
3232,Nittedal,2021-2025,2021,2025,Akershus,Oslo/Akershus,2,886,False,13343.0,28.49,30.35,1.86,10.89,23.72,12.83,24.13,16.98,-7.15,1.82,2.51,0.69,9.28,2.78,-6.5,7.95,5.96,-1.99,5.84,4.32,-1.52,4.65,5.71,1.06,3.99,4.3,0.31,2.96,3.37,0.41,6.33,10.59,-5.75,24454.0,10.1045,6.4161,14.6085,53.5291,11.1229,12.9836,16.758,0.4815,36.9264,669000.0,0.4987,4.8448,35.9167,0,-0.14,3.47,-3.29,1.2662480781303804,2017-2021→2021-2025
3234,Lunner,2021-2025,2021,2025,Akershus,Oslo/Akershus,3,785,False,5277.0,30.09,32.76,2.67,12.34,24.9,12.56,16.94,12.3,-4.64,2.27,2.7,0.43,19.33,7.3,-12.03,5.31,3.89,-1.42,2.99,2.7,-0.29,3.34,3.88,0.54,4.43,4.97,0.54,2.96,4.62,1.66,0.53,22.18,-10.24,9062.0,9.1118,3.9506,4.6318,36.6365,2.6484,16.8837,16.5195,1.7363,25.9795,591000.0,1.9673,6.3882,35.9637,0,-2.22,7.08,-4.47,0.005754447474031643,2017-2021→2021-2025
3236,Jevnaker,2021-2025,2021,2025,Akershus,Oslo/Akershus,3,793,False,3900.0,33.9,33.1,-0.8,12.49,28.74,16.25,17.36,11.75,-5.61,1.18,1.77,0.59,18.92,6.43,-12.49,5.36,4.07,-1.29,1.97,1.99,0.02,1.95,2.48,0.53,3.59,4.83,1.24,3.28,4.83,1.55,3.76,16.93,-9.77,6867.0,8.8345,2.563,6.7283,32.1829,-5.6793,18.1302,18.3632,1.2792,24.0571,538000.0,1.7574,11.5817,34.4857,0,-1.22,6.26,-4.17,0.38868551092014947,2017-2021→2021-2025
3238,Nannestad,2021-2025,2021,2025,Akershus,Oslo/Akershus,3,834,False,7072.0,28.79,26.85,-1.94,15.0,32.86,17.86,17.07,11.43,-5.64,2.7,3.22,0.52,17.92,6.2,-11.72,5.12,4.4,-0.72,3.35,2.16,-1.19,2.19,2.9,0.71,3.32,4.37,1.05,4.54,5.6,1.06,6.14,16.02,-7.18,14637.0,9.5913,12.7622,38.9076,102.7533,23.7754,11.5529,20.9742,0.6737,24.1132,578000.0,1.9239,4.3355,30.8359,0,0.01,5.47,-4.77,0.5085711203156666,2017-2021→2021-2025
3240,Eidsvoll,2021-2025,2021,2025,Akershus,Oslo/Akershus,3,851,False,13461.0,28.62,29.51,0.89,13.27,28.37,15.1,16.96,11.27,-5.69,2.15,2.72,0.57,17.23,5.71,-11.52,6.46,5.54,-0.92,2.69,2.18,-0.51,2.89,3.37,0.48,5.05,5.49,0.44,4.68,5.83,1.15,3.58,26.07,-18.09,26031.0,10.167,8.9163,22.0071,77.3693,11.9857,14.2253,19.5498,0.7507,26.4804,562000.0,1.5086,5.2443,35.4167,0,0.48,4.91,-3.98,0.5937295966169347,2017-2021→2021-2025
3242,Hurdal,2021-2025,2021,2025,Akershus,Oslo/Akershus,4,736,False,1591.0,22.94,24.39,1.45,11.88,29.37,17.49,12.57,7.46,-5.11,5.28,4.62,-0.66,27.78,11.43,-16.35,4.34,3.2,-1.14,2.2,2.31,0.11,4.34,5.03,0.69,4.27,5.8,1.53,4.4,6.39,1.99,1.14,26.03,-1.56,2838.0,7.9509,6.4834,9.811,63.7773,-0.3524,19.6265,16.42,0.3603,22.531,512000.0,3.7548,6.5134,36.4751,0,-1.61,5.64,-0.97,3.3241899275765663,2017-2021→2021-2025
3301,Drammen,2021-2025,2021,2025,Buskerud,Østlandet,2,912,False,51574.0,30.1,30.38,0.28,12.45,26.49,14.04,24.63,16.32,-8.31,2.61,2.73,0.12,8.42,2.08,-6.34,6.51,5.3,-1.21,4.41,3.59,-0.82,3.42,4.18,0.76,4.04,4.67,0.63,3.41,4.27,0.86,7.7,7.97,-5.28,101859.0,11.5313,3.5274,7.8561,30.552,4.9087,15.7423,20.3428,0.7922,31.929,532000.0,0.3899,7.3665,33.7851,1,-1.02,3.64,-4.39,-0.2363060147703271,2017-2021→2021-2025
3303,Kongsberg,2021-2025,2021,2025,Buskerud,Østlandet,3,848,False,15397.0,29.14,32.54,3.4,10.89,24.3,13.41,19.82,14.93,-4.89,1.64,2.49,0.85,17.55,5.26,-12.29,6.27,4.5,-1.77,4.55,3.54,-1.01,3.63,4.28,0.65,3.16,3.9,0.74,3.34,4.28,0.94,1.12,25.64,-9.3,27694.0,10.229,4.7555,8.6107,49.4331,-1.8777,17.4009,18.903,1.0783,38.5778,567000.0,1.4062,27.1369,31.4584,0,1.74,4.45,-4.6,-0.21326447984877017,2017-2021→2021-2025
3305,Ringerike,2021-2025,2021,2025,Buskerud,Østlandet,3,838,False,16972.0,29.86,30.42,0.56,12.24,29.25,17.01,19.83,13.63,-6.2,1.79,2.38,0.59,17.26,5.17,-12.09,5.92,3.99,-1.93,2.85,2.4,-0.45,2.66,2.93,0.27,4.15,4.88,0.73,3.44,4.96,1.52,4.92,24.33,-10.95,30835.0,10.3364,3.1069,7.0039,38.2033,-7.3942,18.7255,19.0401,1.2003,27.6112,509000.0,2.0426,9.5411,35.806,0,-2.45,7.6,-4.5,-0.19822003082989337,2017-2021→2021-2025
3310,Hole,2021-2025,2021,2025,Buskerud,Østlandet,3,832,False,3791.0,22.32,24.0,1.68,10.0,25.17,15.17,31.63,23.04,-8.59,2.88,3.86,0.98,12.93,4.93,-8.0,5.25,3.79,-1.46,4.67,3.81,-0.86,3.56,3.69,0.13,3.35,3.42,0.07,3.43,4.29,0.86,7.17,16.85,-2.23,6811.0,8.8263,3.7293,5.4792,40.0822,-2.9364,16.5174,14.4913,1.2604,39.3662,627000.0,3.4302,4.8256,35.2326,0,-0.35,2.89,-3.11,2.687776610993779,2017-2021→2021-2025
3312,Lier,2021-2025,2021,2025,Buskerud,Østlandet,2,887,False,14636.0,27.34,28.0,0.66,11.04,26.66,15.62,29.63,20.27,-9.36,1.89,2.3,0.41,10.24,3.53,-6.71,5.46,4.05,-1.41,4.96,4.11,-0.85,3.67,4.5,0.83,2.88,3.3,0.42,2.89,3.27,0.38,8.91,10.93,-4.77,27118.0,10.208,5.6199,12.8615,46.943,9.2558,14.7319,17.4202,0.693,36.7202,626000.0,1.8696,6.38,33.5661,0,1.08,2.7,-2.73,2.3642236465941227,2017-2021→2021-2025
3314,Øvre Eiker,2021-2025,2021,2025,Buskerud,Østlandet,3,848,False,10429.0,25.84,26.61,0.77,15.12,34.4,19.28,19.78,12.46,-7.32,3.71,4.35,0.64,20.16,6.41,-13.75,4.52,3.36,-1.16,2.47,2.27,-0.2,2.19,2.28,0.09,2.62,2.9,0.28,3.59,4.98,1.39,5.53,29.11,-13.85,19709.0,9.8888,5.845,15.6439,52.1082,5.1246,16.0688,19.8336,1.0349,25.9338,550000.0,1.8049,11.5615,32.993,0,-1.53,6.08,-4.62,0.040136242873581196,2017-2021→2021-2025
3316,Modum,2021-2025,2021,2025,Buskerud,Østlandet,3,812,False,7810.0,31.57,30.02,-1.55,16.84,34.11,17.27,14.33,10.23,-4.1,1.81,2.04,0.23,21.18,7.98,-13.2,4.05,2.92,-1.13,1.77,1.73,-0.04,1.92,2.5,0.58,3.11,4.11,1.0,3.43,4.35,0.92,4.07,21.51,-4.62,14166.0,9.5586,3.5155,7.1538,43.1314,-8.118,18.7209,18.0997,1.5805,22.4994,518000.0,2.8927,10.1617,35.5734,0,0.77,5.27,-4.22,-0.15194581791671524,2017-2021→2021-2025
3318,Krødsherad,2021-2025,2021,2025,Buskerud,Østlandet,5,656,False,1206.0,28.11,29.0,0.89,9.45,31.3,21.85,17.33,12.92,-4.41,1.08,1.66,0.58,32.42,11.81,-20.61,2.9,2.69,-0.21,2.16,1.11,-1.05,0.83,1.51,0.68,2.74,3.33,0.59,2.99,4.68,1.69,1.24,0.0,3.83,2219.0,7.7048,0.721,-1.455,31.9964,-23.8846,18.9725,15.6827,2.4145,23.2649,496000.0,5.9369,12.616,31.9109,0,-1.88,6.04,-2.24,3.382014224220547,2017-2021→2021-2025
3320,Flå,2021-2025,2021,2025,Buskerud,Østlandet,5,617,False,591.0,22.17,26.42,4.25,10.32,29.75,19.43,17.77,12.03,-5.74,1.18,2.53,1.35,38.58,17.09,-21.49,2.2,2.22,0.02,2.03,1.11,-0.92,1.52,0.79,-0.73,1.86,3.16,1.3,2.37,4.91,2.54,-2.06,17.32,2.45,1049.0,6.9556,6.4824,8.1317,84.8427,-20.0191,22.4023,18.8751,-1.0057,22.0866,481000.0,4.059,7.7491,25.2768,0,-3.91,6.02,2.32,8.020662630715595,2017-2021→2021-2025
3322,Nesbyen,2021-2025,2021,2025,Buskerud,Østlandet,5,640,False,1887.0,26.97,33.4,6.43,7.95,21.8,13.85,15.05,12.66,-2.39,2.65,3.68,1.03,35.93,13.81,-22.12,3.44,2.68,-0.76,1.38,1.79,0.41,1.64,1.58,-0.06,2.91,3.94,1.03,2.07,4.67,2.6,-8.27,17.65,13.32,3262.0,8.0901,0.1226,-4.3351,21.7658,-21.1527,23.5438,15.7265,2.0838,23.3845,512000.0,5.792,9.2199,32.8014,0,2.63,8.7,-5.88,-0.30120731939800205,2017-2021→2021-2025
3324,Gol,2021-2025,2021,2025,Buskerud,Østlandet,4,683,False,2461.0,25.44,26.96,1.52,11.13,28.15,17.02,20.07,15.72,-4.35,1.71,3.18,1.47,28.81,12.02,-16.79,4.92,3.82,-1.1,2.07,2.17,0.1,1.95,1.95,0.0,1.91,3.0,1.09,1.99,3.03,1.04,0.23,24.61,-7.85,4636.0,8.4416,5.4357,6.5388,63.4167,-8.8438,20.1467,17.9034,0.2911,23.1701,482000.0,3.3773,7.9901,27.5535,0,3.1,5.41,-5.88,0.12251639099412426,2017-2021→2021-2025
3326,Hemsedal,2021-2025,2021,2025,Buskerud,Østlandet,5,625,False,1299.0,17.78,21.31,3.53,9.01,21.66,12.65,20.48,16.0,-4.48,6.62,6.81,0.19,28.02,14.92,-13.1,4.31,5.6,1.29,3.16,3.59,0.43,3.7,4.09,0.39,3.46,2.73,-0.73,3.46,3.3,-0.16,-0.45,33.71,-0.21,2546.0,7.8423,5.4595,14.5478,43.205,11.3904,14.0613,19.4423,0.7991,31.9765,508000.0,6.7432,4.8063,28.9096,0,1.76,1.51,-3.63,3.675882963722378,2017-2021→2021-2025
3328,Ål,2021-2025,2021,2025,Buskerud,Østlandet,5,635,False,2803.0,21.73,29.07,7.34,9.45,20.68,11.23,13.81,11.51,-2.3,5.07,5.84,0.77,35.03,17.83,-17.2,5.57,4.41,-1.16,2.64,2.28,-0.36,2.68,3.46,0.78,2.68,2.0,-0.68,1.36,2.92,1.56,-5.97,33.98,-9.12,4648.0,8.4442,4.0232,2.5233,55.0775,-15.2754,20.8907,17.1256,1.1569,27.2281,523000.0,4.852,6.2911,35.3618,0,-0.24,2.55,-3.24,2.135711643870983,2017-2021→2021-2025
3330,Hol,2021-2025,2021,2025,Buskerud,Østlandet,5,629,False,2489.0,20.29,23.05,2.76,10.29,27.44,17.15,22.98,16.44,-6.54,1.89,2.97,1.08,29.81,14.48,-15.33,4.7,3.95,-0.75,3.37,2.78,-0.59,2.25,2.9,0.65,2.49,2.35,-0.14,1.93,3.64,1.71,1.82,36.14,-9.46,4434.0,8.3971,2.0974,1.2525,32.9274,-11.7276,20.6134,17.8394,1.4321,26.7371,518000.0,3.6326,4.0084,30.0626,0,-0.63,4.98,-3.93,2.709134965684606,2017-2021→2021-2025
3332,Sigdal,2021-2025,2021,2025,Buskerud,Østlandet,5,663,False,2028.0,18.84,23.41,4.57,11.79,30.06,18.27,14.1,10.1,-4.0,0.54,1.49,0.95,46.75,23.31,-23.44,2.47,2.09,-0.38,0.89,0.84,-0.05,1.04,0.93,-0.11,1.73,2.65,0.92,1.87,5.12,3.25,-5.17,51.85,-13.76,3465.0,8.1505,1.8759,0.2841,36.6522,-18.4704,22.3088,14.6609,1.6855,18.216,521000.0,5.988,20.6859,25.5308,0,-0.99,10.18,-7.23,-1.6884452467924387,2017-2021→2021-2025
3334,Flesberg,2021-2025,2021,2025,Buskerud,Østlandet,4,688,False,1520.0,19.01,23.42,4.41,18.36,36.33,17.97,13.16,9.49,-3.67,0.59,2.34,1.75,37.57,13.73,-23.84,2.89,2.85,-0.04,1.45,1.9,0.45,1.58,1.33,-0.25,2.63,3.73,1.1,2.76,4.87,2.11,-5.87,49.56,-13.66,2713.0,7.9058,3.0962,4.7173,32.0678,1.1058,19.1301,19.0195,1.8924,21.5156,563000.0,5.2593,16.4354,29.2184,0,0.3,7.16,-5.14,0.07408189966325018,2017-2021→2021-2025
3336,Rollag,2021-2025,2021,2025,Buskerud,Østlandet,5,578,False,859.0,28.06,31.83,3.77,6.4,21.3,14.9,7.45,7.41,-0.04,2.91,4.17,1.26,43.89,21.41,-22.48,3.84,2.08,-1.76,1.28,1.16,-0.12,1.4,1.5,0.1,2.44,4.98,2.54,2.33,4.17,1.84,-7.58,61.93,-20.47,1386.0,7.2342,2.0202,2.8364,36.075,-13.7085,23.7374,17.7489,2.6417,22.9412,511000.0,6.9735,9.7629,36.5411,0,4.05,1.93,-5.02,0.551742433938128,2017-2021→2021-2025
3338,Nore og Uvdal,2021-2025,2021,2025,Buskerud,Østlandet,6,530,False,1418.0,21.44,24.24,2.8,10.65,26.99,16.34,11.42,8.22,-3.2,1.83,3.23,1.4,43.65,23.47,-20.18,3.6,2.81,-0.79,0.63,0.56,-0.07,1.06,2.32,1.26,2.54,3.3,0.76,3.17,4.85,1.68,-3.84,34.71,-6.28,2412.0,7.7882,2.2388,-2.9516,47.6783,-24.8756,22.8856,17.7032,1.1615,19.7987,509000.0,7.1958,9.9407,32.9377,0,-1.09,4.88,-4.19,2.0624525054198797,2017-2021→2021-2025
3401,Kongsvinger,2021-2025,2021,2025,Innlandet,Innlandet,3,792,False,10114.0,35.91,35.6,-0.31,11.38,27.2,15.82,12.58,9.91,-2.67,1.3,1.74,0.44,20.87,7.81,-13.06,6.07,3.83,-2.24,2.33,1.76,-0.57,1.36,2.11,0.75,3.24,4.92,1.68,4.95,5.12,0.17,2.76,23.47,-13.9,17851.0,9.7898,1.4453,1.2751,36.4125,-21.5674,21.7579,17.5901,1.0264,24.3791,476000.0,2.7069,6.5851,42.0744,0,-1.11,7.0,-5.11,-1.2612340223055596,2017-2021→2021-2025
3403,Hamar,2021-2025,2021,2025,Innlandet,Innlandet,2,873,False,18728.0,34.4,38.82,4.42,6.24,15.06,8.82,14.81,13.48,-1.33,2.61,2.92,0.31,14.99,5.33,-9.66,11.8,6.88,-4.92,4.66,3.57,-1.09,3.65,4.99,1.34,4.14,5.22,1.08,2.7,3.73,1.03,-0.84,7.97,-5.28,31509.0,10.358,6.1316,12.0414,69.0279,-7.6486,19.9435,19.8324,0.636,39.5077,521000.0,1.352,4.8951,44.1492,0,-3.65,5.13,-6.26,-2.569554214257968,2017-2021→2021-2025
3405,Lillehammer,2021-2025,2021,2025,Innlandet,Innlandet,3,818,False,16504.0,36.23,37.02,0.79,6.27,15.89,9.62,16.36,13.03,-3.33,1.75,2.55,0.8,13.0,6.47,-6.53,9.79,6.96,-2.83,4.18,3.43,-0.75,4.87,5.67,0.8,5.14,5.29,0.15,2.42,3.71,1.29,3.09,17.28,-11.57,28493.0,10.2574,1.818,6.2674,21.9001,-3.4745,18.387,22.3248,1.4503,41.5091,536000.0,1.2076,3.6297,45.7145,0,1.28,0.58,-3.73,0.33978759073065445,2017-2021→2021-2025
3407,Gjøvik,2021-2025,2021,2025,Innlandet,Innlandet,3,805,False,16865.0,38.12,37.29,-0.83,8.04,20.92,12.88,15.93,11.92,-4.01,2.3,2.83,0.53,17.14,7.97,-9.17,6.23,4.69,-1.54,3.24,2.95,-0.29,2.66,3.02,0.36,3.88,4.69,0.81,2.45,3.71,1.26,3.71,22.46,-2.96,30395.0,10.322,2.5662,3.6989,33.6569,-7.7644,18.2004,21.1416,0.9656,31.401,504000.0,2.5938,11.2606,39.7653,0,-0.06,4.1,-4.44,-0.30353767082782035,2017-2021→2021-2025
3411,Ringsaker,2021-2025,2021,2025,Innlandet,Innlandet,3,797,False,19212.0,35.85,37.34,1.49,9.25,22.16,12.91,11.69,9.24,-2.45,1.51,2.1,0.59,24.16,11.27,-12.89,6.01,3.79,-2.22,2.27,1.87,-0.4,2.11,2.68,0.57,3.09,3.99,0.9,4.07,5.56,1.49,0.02,25.2,-10.69,34897.0,10.4602,2.9057,6.8684,34.6448,-5.4732,17.9299,19.1506,0.8888,25.2525,525000.0,4.1741,11.4284,35.3331,0,-3.22,5.27,-4.32,-0.5344392468890047,2017-2021→2021-2025
3412,Løten,2021-2025,2021,2025,Innlandet,Innlandet,3,790,False,4521.0,34.42,36.63,2.21,7.81,21.8,13.99,6.83,5.42,-1.41,2.19,2.69,0.5,34.2,15.15,-19.05,4.62,3.65,-0.97,1.42,0.99,-0.43,2.1,2.84,0.74,3.03,4.69,1.66,3.38,6.15,2.77,-5.06,51.99,-10.61,7625.0,8.9392,4.0131,5.0185,44.7213,-4.1967,18.8721,17.9148,1.5919,22.8608,539000.0,4.2312,8.2688,38.8274,0,-3.26,7.44,-4.87,-1.6318959942198452,2017-2021→2021-2025
3413,Stange,2021-2025,2021,2025,Innlandet,Innlandet,3,820,False,12461.0,33.75,36.88,3.13,7.06,17.57,10.51,9.19,8.17,-1.02,3.36,4.44,1.08,28.13,11.58,-16.55,7.7,5.57,-2.13,2.33,1.96,-0.37,2.3,3.52,1.22,3.6,5.24,1.64,2.58,5.07,2.49,-6.04,23.79,-14.3,21072.0,9.9557,2.9375,8.3846,28.5687,0.8542,18.1331,18.5697,1.2529,29.9186,541000.0,3.5167,7.5274,41.5094,0,-3.36,6.98,-4.33,-0.912566817756626,2017-2021→2021-2025
3414,Nord-Odal,2021-2025,2021,2025,Innlandet,Innlandet,4,708,False,3004.0,37.05,33.12,-3.93,9.29,25.28,15.99,6.52,5.41,-1.11,0.9,1.45,0.55,29.99,14.6,-15.39,5.86,4.71,-1.15,1.33,1.35,0.02,0.6,1.42,0.82,3.73,6.92,3.19,4.73,5.74,1.01,0.6,33.99,-17.97,5038.0,8.5248,-0.6352,-2.3791,23.6205,-30.1707,23.025,16.4946,1.965,18.1504,495000.0,3.608,10.4677,39.2428,0,-1.45,6.62,-4.32,-0.5020478685151781,2017-2021→2021-2025
3415,Sør-Odal,2021-2025,2021,2025,Innlandet,Innlandet,3,777,False,4530.0,32.03,29.06,-2.97,11.5,30.26,18.76,11.19,7.3,-3.89,0.51,1.11,0.6,27.51,12.19,-15.32,5.52,3.97,-1.55,1.63,1.97,0.34,1.57,1.75,0.18,3.91,6.0,2.09,4.64,6.39,1.75,3.44,18.96,-12.35,7914.0,8.9764,2.9821,4.4872,34.8749,-3.7908,19.1938,17.6775,1.6528,20.9309,546000.0,3.4572,9.3653,33.4881,0,-1.88,7.26,-5.56,-1.7146714538816044,2017-2021→2021-2025
3416,Eidskog,2021-2025,2021,2025,Innlandet,Innlandet,4,691,False,3486.0,31.61,31.98,0.37,11.79,30.51,18.72,10.3,7.3,-3.0,1.2,1.63,0.43,31.12,12.97,-18.15,3.61,2.19,-1.42,1.69,1.52,-0.17,1.29,1.38,0.09,2.67,4.7,2.03,4.7,5.81,1.11,0.57,35.76,-17.11,6099.0,8.7159,-0.6558,-2.5728,25.0861,-31.6445,23.5776,15.9698,1.344,17.2972,465000.0,4.8771,11.8019,37.8258,0,-1.96,8.92,-3.66,0.631285733612799,2017-2021→2021-2025
3417,Grue,2021-2025,2021,2025,Innlandet,Innlandet,5,662,False,2718.0,33.63,30.4,-3.23,11.15,25.15,14.0,8.65,6.67,-1.98,0.52,0.82,0.3,33.04,21.36,-11.68,3.72,2.59,-1.13,1.14,0.86,-0.28,1.1,1.16,0.06,2.87,4.31,1.44,4.19,6.67,2.48,2.32,30.85,-15.62,4545.0,8.4218,-0.7041,-7.006,30.8031,-38.2838,26.4026,15.7316,1.6275,18.8549,461000.0,9.5358,13.1685,34.2583,0,-0.62,5.62,-4.59,-0.3634478687904972,2017-2021→2021-2025
3418,Åsnes,2021-2025,2021,2025,Innlandet,Innlandet,5,665,False,4159.0,32.89,22.31,-10.58,12.05,28.53,16.48,7.09,3.68,-3.41,1.08,1.36,0.28,32.29,29.92,-2.37,4.14,2.13,-2.01,1.13,0.82,-0.31,0.89,1.17,0.28,3.1,4.66,1.56,5.34,5.43,0.09,14.11,40.21,-23.46,7227.0,8.8856,0.2767,-4.1529,36.5297,-34.3158,24.5468,15.8019,1.1879,19.7104,469000.0,9.0881,10.4529,38.2754,0,0.76,0.56,-3.52,0.5938417484762435,2017-2021→2021-2025
3419,Våler (Innlandet),2021-2025,2021,2025,Innlandet,Innlandet,5,669,False,2114.0,28.33,25.38,-2.95,9.89,24.19,14.3,5.53,5.22,-0.31,0.61,0.71,0.1,38.13,23.96,-14.17,5.25,3.13,-2.12,1.09,1.38,0.29,0.76,1.09,0.33,3.6,4.65,1.05,6.81,10.29,3.48,0.13,25.57,-10.84,3587.0,8.1851,-0.7806,-6.095,37.0783,-44.6055,24.7003,14.8313,1.2339,19.3681,465000.0,10.258,12.0393,37.5307,0,-5.17,8.42,-4.43,-0.5706472904149367,2017-2021→2021-2025
3420,Elverum,2021-2025,2021,2025,Innlandet,Innlandet,3,787,False,12286.0,30.34,34.75,4.41,8.93,23.39,14.46,11.63,10.97,-0.66,0.76,1.46,0.7,31.12,11.67,-19.45,6.51,3.83,-2.68,1.7,1.41,-0.29,2.08,2.63,0.55,3.41,4.27,0.86,3.52,5.62,2.1,-4.99,23.77,-11.77,21292.0,9.9661,2.8508,5.314,32.5005,-4.2269,18.2886,19.9559,1.3105,31.0468,518000.0,2.8444,6.6105,48.1566,0,-3.81,11.14,-7.03,-2.8066446603576436,2017-2021→2021-2025
3421,Trysil,2021-2025,2021,2025,Innlandet,Innlandet,5,604,False,3881.0,31.46,35.7,4.24,7.96,19.4,11.44,10.56,9.05,-1.51,1.65,2.33,0.68,36.28,19.03,-17.25,4.84,4.47,-0.37,1.47,1.24,-0.23,1.21,1.53,0.32,2.16,2.94,0.78,2.4,4.31,1.91,-5.81,39.12,-7.91,6580.0,8.7918,-0.5775,-0.411,22.1884,-27.6596,23.2675,16.7173,0.5173,22.2637,477000.0,5.1707,5.9512,37.2358,0,0.83,0.58,-2.25,2.9257623441881675,2017-2021→2021-2025
3422,Åmot,2021-2025,2021,2025,Innlandet,Innlandet,5,638,False,2505.0,28.14,30.44,2.3,8.38,25.22,16.84,8.82,8.31,-0.51,0.28,1.13,0.85,37.88,17.95,-19.93,5.35,3.8,-1.55,1.84,1.29,-0.55,1.52,1.8,0.28,3.59,5.14,1.55,4.19,4.93,0.74,-3.09,40.11,-16.64,4338.0,8.3752,-3.0659,-5.6329,-9.9124,-21.669,19.9862,23.6976,1.631,22.9817,473000.0,4.9927,2.7411,53.4998,0,-0.11,5.44,-5.24,-0.15561201348625442,2017-2021→2021-2025
3423,Stor-Elvdal,2021-2025,2021,2025,Innlandet,Innlandet,6,538,False,1393.0,31.37,34.68,3.31,8.04,19.74,11.7,6.96,6.02,-0.94,0.22,0.38,0.16,37.11,19.66,-17.45,5.46,2.9,-2.56,1.22,2.21,0.99,1.51,1.83,0.32,3.88,6.48,2.6,4.24,6.1,1.86,-5.75,30.29,-19.93,2378.0,7.774,-5.3827,-14.0893,-13.4567,-39.529,25.6098,15.6013,2.4791,23.4443,430000.0,10.2081,9.217,41.6254,0,-2.21,5.81,-3.32,1.9112956322212082,2017-2021→2021-2025
3424,Rendalen,2021-2025,2021,2025,Innlandet,Innlandet,6,486,False,1147.0,30.08,32.42,2.34,4.53,14.62,10.09,4.88,6.19,1.31,0.61,0.77,0.16,49.17,30.18,-18.99,3.92,3.44,-0.48,0.44,1.03,0.59,0.7,1.38,0.68,2.96,4.99,2.03,2.7,4.99,2.29,-8.9,35.27,0.2,1741.0,7.4622,6.031,-2.069,98.7938,-39.058,27.8001,12.6364,1.2356,20.2889,445000.0,12.6866,9.4527,37.8109,0,-3.14,3.2,-1.5,3.8176857292181445,2017-2021→2021-2025
3425,Engerdal,2021-2025,2021,2025,Innlandet,Innlandet,6,421,False,857.0,26.37,31.35,4.98,6.18,14.82,8.64,8.28,8.02,-0.26,0.0,0.73,0.73,49.94,29.53,-20.41,3.03,3.65,0.62,0.47,0.73,0.26,2.1,1.34,-0.76,1.98,5.95,3.97,1.63,3.89,2.26,-11.77,0.0,41.37,1250.0,7.1309,6.08,-2.4283,90.4,-30.4,26.96,15.04,1.0189,20.6335,486000.0,7.395,2.0168,41.3445,0,-0.87,2.24,-1.53,4.951677096828301,2017-2021→2021-2025
3426,Tolga,2021-2025,2021,2025,Innlandet,Innlandet,5,567,False,947.0,24.71,28.95,4.24,2.22,7.57,5.35,3.91,3.4,-0.51,0.53,1.54,1.01,47.52,35.64,-11.88,11.83,8.66,-3.17,1.8,1.43,-0.37,2.85,4.28,1.43,3.7,5.37,1.67,0.95,3.18,2.23,-6.53,41.63,-6.32,1563.0,7.3544,2.7511,-3.0193,34.5489,-7.0377,19.0659,18.5541,1.6688,32.5178,516000.0,14.2132,9.0102,36.6751,0,0.75,-2.43,-0.96,3.4863446643175253,2017-2021→2021-2025
3427,Tynset,2021-2025,2021,2025,Innlandet,Innlandet,5,647,False,3390.0,27.11,33.0,5.89,4.34,12.06,7.72,6.25,6.13,-0.12,1.36,1.26,-0.1,44.01,29.23,-14.78,7.29,4.73,-2.56,1.89,1.92,0.03,2.57,4.16,1.59,2.48,4.01,1.53,2.71,3.5,0.79,-7.06,50.05,-12.41,5537.0,8.6192,3.3412,2.8767,35.3982,-2.3478,18.8911,18.7286,2.2554,29.8345,537000.0,7.3404,6.5893,37.8286,0,-0.13,1.96,-2.86,1.5589593070311465,2017-2021→2021-2025
3428,Alvdal,2021-2025,2021,2025,Innlandet,Innlandet,5,573,False,1451.0,26.81,33.17,6.36,4.14,13.27,9.13,8.55,4.75,-3.8,2.21,2.23,0.02,46.24,33.1,-13.14,4.69,2.72,-1.97,1.65,1.61,-0.04,2.27,3.0,0.73,2.21,3.07,0.86,1.24,3.07,1.83,-4.01,38.84,4.67,2405.0,7.7853,4.3243,3.7634,49.896,-6.6528,18.3368,18.0873,1.1132,23.641,556000.0,10.7444,14.198,31.9263,0,-0.69,-0.77,-0.13,4.9590952336951215,2017-2021→2021-2025
3429,Folldal,2021-2025,2021,2025,Innlandet,Innlandet,6,492,False,1052.0,29.85,32.98,3.13,4.47,8.37,3.9,4.28,4.47,0.19,0.48,1.07,0.59,48.86,35.8,-13.06,4.94,3.7,-1.24,0.76,0.49,-0.27,0.67,2.43,1.76,4.18,6.61,2.43,1.52,4.09,2.57,-9.16,38.85,-9.1,1518.0,7.3251,1.4493,-3.5692,47.4308,-34.2556,26.4822,14.6904,1.2451,24.9048,499000.0,14.2857,10.0134,37.1162,0,-2.08,3.51,-2.62,2.8487405816720823,2017-2021→2021-2025
3430,Os,2021-2025,2021,2025,Innlandet,Innlandet,6,551,False,1175.0,29.62,34.69,5.07,2.89,8.99,6.1,2.98,2.66,-0.32,1.87,2.5,0.63,49.36,33.61,-15.75,6.13,6.32,0.19,1.45,0.92,-0.53,1.36,1.66,0.3,3.06,5.91,2.85,1.28,2.75,1.47,-9.65,55.71,-9.38,1870.0,7.5337,1.3369,-4.8217,25.1337,-11.2299,21.9251,17.861,1.7688,26.679,524000.0,11.6012,12.9434,32.5024,0,-1.36,2.68,-1.64,2.8921219757746277,2017-2021→2021-2025
3431,Dovre,2021-2025,2021,2025,Innlandet,Innlandet,6,563,False,1492.0,31.7,34.33,2.63,7.17,17.74,10.57,7.24,4.47,-2.77,0.87,1.29,0.42,42.29,27.22,-15.07,3.95,3.05,-0.9,1.14,1.02,-0.12,1.27,2.78,1.51,2.21,3.99,1.78,2.14,4.13,1.99,-4.5,33.26,10.91,2512.0,7.8288,0.1592,-8.3424,30.2548,-28.6624,24.9204,17.9538,1.9477,20.4608,481000.0,8.9491,5.9934,31.8555,0,-2.62,7.37,-4.62,0.6176386176445536,2017-2021→2021-2025
3432,Lesja,2021-2025,2021,2025,Innlandet,Innlandet,6,520,False,1205.0,23.4,23.82,0.42,6.39,18.33,11.94,4.98,3.29,-1.69,0.91,1.52,0.61,55.93,39.53,-16.4,2.82,3.89,1.07,0.91,0.84,-0.07,0.91,0.93,0.02,2.41,4.56,2.15,1.33,3.29,1.96,-4.46,48.56,-3.66,1980.0,7.5909,1.3131,-2.5741,25.2525,-13.6364,21.5152,16.1111,3.4101,23.865,524000.0,15.896,6.1657,31.1175,0,-1.15,6.4,-5.23,0.24137526756482508,2017-2021→2021-2025
3433,Skjåk,2021-2025,2021,2025,Innlandet,Innlandet,6,550,False,1364.0,23.9,8.04,-15.86,5.06,15.86,10.8,4.25,2.14,-2.11,0.37,0.88,0.51,52.13,54.65,2.52,4.62,5.09,0.47,0.81,0.74,-0.07,1.61,0.96,-0.65,4.33,7.01,2.68,2.93,4.65,1.72,13.32,60.94,-6.91,2183.0,7.6885,-0.1832,-2.9399,20.1557,-21.9881,24.1869,15.9872,1.926,22.2754,512000.0,14.4144,10.3604,29.8198,0,-2.3,2.66,-2.23,2.701702516916581,2017-2021→2021-2025
3434,Lom,2021-2025,2021,2025,Innlandet,Innlandet,6,547,False,1334.0,27.14,8.59,-18.55,5.47,12.24,6.77,4.65,1.79,-2.86,0.6,1.29,0.69,50.15,59.2,9.05,5.62,6.94,1.32,0.52,1.36,0.84,1.05,0.86,-0.19,2.77,5.3,2.53,2.02,2.43,0.41,15.82,40.77,-19.29,2204.0,7.698,0.4991,-5.9847,24.0472,-19.51,22.686,16.4247,1.1514,23.3103,509000.0,14.211,6.9747,31.4734,0,-1.33,4.02,-2.86,2.0715064590879764,2017-2021→2021-2025
3435,Vågå,2021-2025,2021,2025,Innlandet,Innlandet,5,610,False,2141.0,32.88,26.29,-6.59,8.13,17.48,9.35,5.23,4.12,-1.11,0.56,0.86,0.3,38.44,35.34,-3.1,6.91,7.23,0.32,0.65,0.62,-0.03,1.31,1.1,-0.21,3.32,3.69,0.37,2.57,3.26,0.69,6.25,33.93,-13.97,3564.0,8.1786,-0.982,-3.9728,5.3311,-14.5903,22.11,16.5544,1.6361,21.9073,507000.0,9.4051,6.0057,31.6147,0,0.48,2.32,-3.56,1.0027437886018702,2017-2021→2021-2025
3436,Nord-Fron,2021-2025,2021,2025,Innlandet,Innlandet,5,629,False,3163.0,43.12,34.12,-9.0,8.25,25.56,17.31,9.17,6.11,-3.06,1.14,1.37,0.23,29.75,20.76,-8.99,2.62,2.45,-0.17,1.04,0.89,-0.15,0.73,0.95,0.22,1.96,3.88,1.92,2.21,3.91,1.7,8.32,26.44,1.08,5705.0,8.6491,-2.6643,-3.4932,1.7528,-27.695,22.787,17.4934,0.8398,21.2146,492000.0,6.1465,5.4472,32.0574,0,2.76,2.4,-4.61,0.41234445363814576,2017-2021→2021-2025
3437,Sel,2021-2025,2021,2025,Innlandet,Innlandet,5,627,False,3155.0,39.33,39.74,0.41,8.05,19.37,11.32,7.8,5.25,-2.55,0.67,1.02,0.35,29.86,18.88,-10.98,5.29,4.59,-0.7,0.98,1.33,0.35,1.3,1.55,0.25,4.12,4.5,0.38,2.6,3.76,1.16,0.34,57.94,-4.31,5592.0,8.6291,0.5544,-5.7334,22.3534,-16.9886,22.4964,16.5236,1.9211,20.8438,488000.0,4.722,7.997,35.2628,0,-1.38,6.07,-3.98,0.6049289982977073,2017-2021→2021-2025
3438,Sør-Fron,2021-2025,2021,2025,Innlandet,Innlandet,5,615,False,1715.0,36.97,34.15,-2.82,8.98,20.54,11.56,5.66,5.69,0.03,0.41,1.17,0.76,39.88,27.73,-12.15,2.97,1.95,-1.02,0.64,0.89,0.25,0.82,1.17,0.35,1.75,2.85,1.1,1.92,3.85,1.93,-0.59,52.44,-4.72,3064.0,8.0275,2.0888,-2.372,35.5744,-15.6658,21.0183,16.2533,0.8168,21.2675,506000.0,11.0372,8.3112,28.9894,0,-3.65,6.43,-4.11,0.48731648771600256,2017-2021→2021-2025
3439,Ringebu,2021-2025,2021,2025,Innlandet,Innlandet,5,647,False,2509.0,36.43,36.16,-0.27,6.82,17.83,11.01,6.97,5.44,-1.53,0.56,1.21,0.65,38.18,26.6,-11.58,3.27,2.45,-0.82,1.2,0.71,-0.49,1.32,2.12,0.8,2.71,4.49,1.78,2.55,2.99,0.44,-0.57,27.56,-2.39,4408.0,8.3912,0.8848,-0.2691,27.9038,-18.3757,22.5953,17.3321,0.6788,21.3712,489000.0,9.4243,11.792,30.8728,0,0.9,2.09,-4.45,0.04208030963609577,2017-2021→2021-2025
3440,Øyer,2021-2025,2021,2025,Innlandet,Innlandet,4,698,False,2850.0,38.81,37.72,-1.09,4.81,15.36,10.55,9.12,8.88,-0.24,2.04,2.57,0.53,31.12,18.66,-12.46,5.58,5.83,0.25,1.72,1.65,-0.07,2.04,1.92,-0.12,2.74,4.15,1.41,2.04,3.26,1.22,-1.91,43.8,-11.15,5093.0,8.5356,0.805,1.3623,9.621,-4.9087,19.3992,18.9868,0.7605,25.8962,511000.0,5.9566,7.574,33.2939,0,2.38,2.67,-5.24,-0.8256713332612273,2017-2021→2021-2025
3441,Gausdal,2021-2025,2021,2025,Innlandet,Innlandet,4,673,False,3517.0,37.48,36.09,-1.39,7.42,19.51,12.09,6.23,4.71,-1.52,1.0,1.72,0.72,35.85,21.4,-14.45,3.78,4.3,0.52,1.54,1.86,0.32,1.85,2.38,0.53,3.13,4.51,1.38,1.73,3.53,1.8,-2.36,44.16,-10.54,6023.0,8.7033,2.5071,-0.5797,28.8893,-4.4828,20.8202,17.5328,1.0781,22.6072,521000.0,7.8605,8.9699,33.0903,0,1.32,1.55,-3.09,0.9266209548616278,2017-2021→2021-2025
3442,Østre Toten,2021-2025,2021,2025,Innlandet,Innlandet,4,747,False,8406.0,35.53,34.96,-0.57,10.03,23.36,13.33,11.73,9.18,-2.55,1.76,2.45,0.69,26.2,13.36,-12.84,4.48,3.07,-1.41,2.32,2.61,0.29,1.93,2.45,0.52,3.39,3.81,0.42,2.63,4.75,2.12,0.49,29.91,-9.24,14871.0,9.6072,-0.2959,0.2095,10.423,-13.5162,20.113,17.6989,1.0714,24.5982,529000.0,5.7571,14.1935,35.7928,0,0.29,4.52,-4.47,-0.31011112758563186,2017-2021→2021-2025
3443,Vestre Toten,2021-2025,2021,2025,Innlandet,Innlandet,3,789,False,7592.0,37.9,35.27,-2.63,11.37,25.47,14.1,12.91,9.81,-3.1,1.79,2.28,0.49,20.93,9.55,-11.38,3.91,3.28,-0.63,2.34,2.07,-0.27,1.67,2.25,0.58,4.16,4.73,0.57,3.02,5.29,2.27,2.72,23.15,-8.53,13459.0,9.5074,1.4117,3.7789,21.7698,-7.5786,19.2362,19.734,0.9851,22.3124,509000.0,3.1173,24.5086,34.2138,0,0.46,5.69,-4.21,-0.2595211344684554,2017-2021→2021-2025
3446,Gran,2021-2025,2021,2025,Innlandet,Innlandet,3,801,False,7969.0,31.01,32.28,1.27,12.36,29.12,16.76,17.04,12.52,-4.52,1.46,2.18,0.72,23.64,8.69,-14.95,4.12,2.91,-1.21,2.59,1.85,-0.74,1.58,1.97,0.39,3.39,3.95,0.56,2.82,4.52,1.7,1.81,20.38,-13.8,13611.0,9.5186,0.36,-0.1827,19.7634,-16.2369,19.3667,16.8614,1.7753,22.7348,537000.0,3.6424,9.3337,35.3164,0,-1.94,5.76,-2.94,1.0213230844824004,2017-2021→2021-2025
3447,Søndre Land,2021-2025,2021,2025,Innlandet,Innlandet,4,692,False,3126.0,36.98,30.51,-6.47,9.21,23.46,14.25,10.75,5.83,-4.92,1.06,1.5,0.44,25.98,17.92,-8.06,5.79,5.23,-0.56,1.73,1.57,-0.16,1.73,1.91,0.18,3.97,6.23,2.26,2.82,5.83,3.01,6.19,16.3,-7.98,5579.0,8.6268,0.3226,-3.0319,25.2733,-22.2262,20.5413,16.9027,2.1137,20.7188,484000.0,4.9392,12.9753,41.0427,0,-3.19,7.73,-3.07,1.1327978377408825,2017-2021→2021-2025
3448,Nordre Land,2021-2025,2021,2025,Innlandet,Innlandet,4,695,False,3755.0,38.8,17.87,-20.93,9.32,25.33,16.01,9.21,3.59,-5.62,1.12,1.95,0.83,29.67,33.29,3.62,5.06,5.44,0.38,1.33,1.3,-0.03,1.04,1.01,-0.03,2.4,4.89,2.49,2.05,5.33,3.28,19.63,39.01,-3.65,6581.0,8.7919,-0.5622,-2.908,19.9058,-25.3761,20.9695,16.8363,1.6008,19.5351,486000.0,7.1835,10.8861,36.7405,0,-0.7,5.22,-3.12,0.9928121598160544,2017-2021→2021-2025
3449,Sør-Aurdal,2021-2025,2021,2025,Innlandet,Innlandet,5,581,False,1719.0,28.74,32.84,4.1,12.16,23.76,11.6,9.71,6.45,-3.26,3.55,4.0,0.45,35.83,20.45,-15.38,3.03,2.23,-0.8,1.51,1.09,-0.42,1.57,2.0,0.43,1.4,2.8,1.4,2.5,4.4,1.9,-3.78,49.14,0.28,2904.0,7.9738,-2.8237,-8.7912,-7.9201,-21.3499,23.3127,16.0813,1.705,20.5728,470000.0,7.1774,8.4196,36.646,0,-2.22,5.61,-3.52,1.6906849991461343,2017-2021→2021-2025
3450,Etnedal,2021-2025,2021,2025,Innlandet,Innlandet,5,587,False,735.0,25.03,25.68,0.65,10.48,20.6,10.12,8.98,6.0,-2.98,2.99,4.43,1.44,41.22,28.81,-12.41,2.18,2.61,0.43,2.18,0.39,-1.79,1.77,2.09,0.32,2.45,4.82,2.37,2.72,4.56,1.84,-2.29,45.47,3.64,1257.0,7.1365,-0.2387,-10.5563,26.253,-23.8663,24.9801,14.638,1.2559,20.5827,452000.0,10.6109,4.6624,32.4759,0,-2.55,5.65,-2.36,2.502664683911108,2017-2021→2021-2025
3451,Nord-Aurdal,2021-2025,2021,2025,Innlandet,Innlandet,4,686,False,3583.0,26.96,28.81,1.85,10.75,26.65,15.9,14.88,9.47,-5.41,1.42,2.45,1.03,32.24,15.68,-16.56,4.41,3.79,-0.62,2.09,1.75,-0.34,1.98,4.2,2.22,2.34,2.9,0.56,2.93,4.3,1.37,-0.66,36.65,3.65,6360.0,8.7578,1.4937,-0.1701,23.7421,-8.805,21.6352,17.8616,1.6181,24.7723,490000.0,5.3721,3.9916,34.2737,0,-1.91,7.89,-3.62,1.3800792725115558,2017-2021→2021-2025
3452,Vestre Slidre,2021-2025,2021,2025,Innlandet,Innlandet,5,583,False,1243.0,19.87,22.38,2.51,10.7,26.05,15.35,10.78,7.59,-3.19,1.13,2.22,1.09,44.49,25.9,-18.59,3.62,3.14,-0.48,1.77,1.76,-0.01,1.37,2.76,1.39,2.98,3.45,0.47,3.3,4.75,1.45,-3.24,56.01,-0.47,2120.0,7.6592,1.0377,-1.7431,28.3019,-17.4528,20.1415,16.3208,0.4,23.1461,502000.0,10.5677,3.6681,33.4498,0,-2.51,6.68,-2.09,3.2436595544089952,2017-2021→2021-2025
3453,Øystre Slidre,2021-2025,2021,2025,Innlandet,Innlandet,5,602,False,1833.0,20.46,25.96,5.5,7.8,22.38,14.58,13.15,8.03,-5.12,0.76,1.77,1.01,42.72,23.18,-19.54,5.51,5.78,0.27,1.91,2.03,0.12,2.07,3.75,1.68,2.4,2.36,-0.04,3.22,4.76,1.54,-4.96,52.27,-23.39,3236.0,8.0821,2.3177,3.5011,33.9926,-11.7429,20.5501,18.9122,1.105,26.2634,512000.0,6.0262,4.3775,33.3144,0,-0.06,1.57,-2.41,3.334821466359311,2017-2021→2021-2025
3454,Vang,2021-2025,2021,2025,Innlandet,Innlandet,6,541,False,886.0,23.25,23.65,0.4,6.21,21.78,15.57,11.51,5.72,-5.79,0.45,1.21,0.76,44.02,27.28,-16.74,4.97,3.63,-1.34,1.02,0.77,-0.25,3.84,6.49,2.65,3.5,4.18,0.68,1.24,5.28,4.04,-1.17,24.16,-9.66,1573.0,7.3607,4.768,1.7912,52.1297,-3.1786,21.1062,16.9104,1.4666,26.6359,504000.0,12.1212,5.697,36.7273,0,-1.19,3.51,-2.66,3.4610926070639643,2017-2021→2021-2025
3901,Horten,2021-2025,2021,2025,Vestfold,Østlandet,2,874,False,15416.0,32.6,30.58,-2.02,10.72,25.72,15.0,21.52,14.37,-7.15,2.59,3.12,0.53,7.19,2.07,-5.12,7.62,5.06,-2.56,4.06,3.48,-0.58,4.11,5.27,1.16,6.31,6.31,0.0,3.28,4.02,0.74,9.88,4.52,-2.93,27510.0,10.2223,1.9229,4.2226,26.863,-8.2515,18.466,19.2076,1.3706,33.3261,518000.0,0.6871,13.9011,38.9231,0,-0.15,2.13,-5.56,-1.3893970980702441,2017-2021→2021-2025
3903,Holmestrand,2021-2025,2021,2025,Vestfold,Østlandet,3,837,False,13887.0,26.95,27.29,0.34,13.88,30.48,16.6,21.89,13.45,-8.44,3.28,4.06,0.78,14.86,5.0,-9.86,5.24,3.44,-1.8,2.99,2.79,-0.2,3.04,3.73,0.69,4.09,5.33,1.24,3.79,4.43,0.64,6.74,12.53,-5.85,25011.0,10.1271,7.9725,17.8023,75.9666,3.5584,17.5003,18.164,1.1629,28.0887,564000.0,2.0907,10.4865,33.0068,1,-1.35,5.01,-5.26,-0.20580099862700152,2017-2021→2021-2025
3905,Tønsberg,2021-2025,2021,2025,Vestfold,Østlandet,2,879,False,32918.0,26.2,27.41,1.21,11.17,25.64,14.47,25.36,17.38,-7.98,3.92,4.42,0.5,10.17,3.42,-6.75,6.66,4.35,-2.31,4.63,3.84,-0.79,4.56,4.7,0.14,4.32,4.67,0.35,3.0,4.19,1.19,7.72,12.6,-7.77,57026.0,10.9513,4.9171,16.9171,46.3297,3.2967,16.2137,20.0838,1.2776,36.1454,530000.0,1.5398,8.2041,39.3511,1,-1.08,3.43,-4.54,0.4750357910979792,2017-2021→2021-2025
3907,Sandefjord,2021-2025,2021,2025,Vestfold,Østlandet,3,861,False,34384.0,25.02,24.88,-0.14,13.03,29.32,16.29,27.54,18.04,-9.5,3.77,4.63,0.86,9.33,3.1,-6.23,5.63,3.71,-1.92,4.18,3.76,-0.42,3.5,3.73,0.23,3.93,4.54,0.61,4.07,4.3,0.23,10.06,10.01,-6.47,64345.0,11.072,3.7501,6.5622,39.024,-1.6785,17.1793,18.9245,1.259,29.2811,520000.0,1.622,10.2174,32.4204,1,-0.89,3.73,-5.76,-0.6527536283041622,2017-2021→2021-2025
3909,Larvik,2021-2025,2021,2025,Vestfold,Østlandet,3,842,False,26333.0,28.29,29.03,0.74,14.48,29.11,14.63,22.33,14.72,-7.61,3.73,4.23,0.5,11.42,4.11,-7.31,5.88,3.98,-1.9,3.47,2.78,-0.69,3.18,3.25,0.07,4.0,4.48,0.48,3.23,4.32,1.09,7.32,11.09,-5.31,47499.0,10.7685,2.8864,6.3108,36.6113,-7.8738,19.3709,17.3688,1.4967,28.1747,522000.0,2.1416,10.0454,33.4619,1,-1.17,4.65,-4.59,-0.08610422775917037,2017-2021→2021-2025
3911,Færder,2021-2025,2021,2025,Vestfold,Østlandet,3,846,False,16099.0,25.3,27.96,2.66,10.68,24.44,13.76,29.67,19.12,-10.55,2.73,3.24,0.51,6.46,1.72,-4.74,6.78,4.24,-2.54,5.3,4.08,-1.22,5.15,5.96,0.81,4.91,5.21,0.3,3.03,4.03,1.0,9.02,12.92,-9.79,26957.0,10.202,2.2703,4.2503,30.4188,-7.9015,19.2974,16.3891,1.9874,37.6559,568000.0,0.8689,6.9271,41.3675,1,-0.86,2.7,-5.3,0.08350924975470342,2017-2021→2021-2025
4001,Porsgrunn,2021-2025,2021,2025,Telemark,Østlandet,3,855,False,20416.0,33.68,32.13,-1.55,12.62,26.05,13.43,18.72,13.32,-5.4,3.6,4.05,0.45,9.03,2.68,-6.35,6.71,4.51,-2.2,2.88,2.49,-0.39,3.18,3.62,0.44,4.98,5.85,0.87,4.59,5.3,0.71,7.08,9.13,-6.25,36526.0,10.5058,2.0889,4.2903,26.091,-5.4482,17.7682,19.5477,1.2803,29.946,526000.0,0.5625,12.9306,35.5695,0,-1.89,3.7,-4.05,-0.23529408296609855,2017-2021→2021-2025
4003,Skien,2021-2025,2021,2025,Telemark,Østlandet,3,849,False,29987.0,32.0,32.47,0.47,12.87,25.09,12.22,18.04,12.47,-5.57,5.03,5.45,0.42,10.89,3.28,-7.61,6.72,4.83,-1.89,2.44,2.35,-0.09,3.03,3.28,0.25,4.87,5.7,0.83,4.1,5.07,0.97,4.61,10.32,-5.16,55144.0,10.9177,3.1227,5.8071,33.204,-1.759,17.6828,19.2297,1.2125,29.5556,517000.0,0.8985,9.6687,39.2296,0,-1.07,3.88,-4.34,-0.42155268846471694,2017-2021→2021-2025
4005,Notodden,2021-2025,2021,2025,Telemark,Østlandet,4,774,False,7223.0,32.0,32.57,0.57,12.16,28.18,16.02,13.48,9.16,-4.32,4.91,5.17,0.26,19.34,6.7,-12.64,5.08,2.87,-2.21,1.95,1.81,-0.14,1.83,2.33,0.5,5.55,6.23,0.68,3.7,4.99,1.29,3.38,15.77,-6.51,12994.0,9.4722,2.6089,5.8259,38.4793,-12.0055,19.332,19.0857,1.5485,27.0058,504000.0,1.8874,11.3907,40.4305,0,-1.61,5.07,-4.13,0.03347799367575721,2017-2021→2021-2025
4010,Siljan,2021-2025,2021,2025,Telemark,Østlandet,4,739,False,1395.0,33.19,31.31,-1.88,12.69,27.3,14.61,11.33,7.9,-3.43,3.8,5.65,1.85,24.52,8.92,-15.6,3.37,3.88,0.51,0.65,0.95,0.3,2.58,2.59,0.01,3.73,5.45,1.72,4.16,6.06,1.9,-0.99,43.1,-17.39,2347.0,7.7609,1.7895,1.1859,16.617,1.2782,18.4491,16.5317,2.5639,24.2268,608000.0,2.8061,8.6735,36.5646,0,-0.64,5.18,-6.51,-2.3027609009063648,2017-2021→2021-2025
4012,Bamble,2021-2025,2021,2025,Telemark,Østlandet,3,786,False,7984.0,29.86,28.11,-1.75,17.95,32.47,14.52,17.65,10.95,-6.7,5.56,7.45,1.89,12.78,4.19,-8.59,4.15,2.78,-1.37,2.23,1.81,-0.42,1.72,2.23,0.51,3.51,5.12,1.61,4.61,4.9,0.29,5.93,14.01,-4.25,14014.0,9.5478,2.1122,1.2023,26.0454,-4.9236,19.2736,18.5814,2.152,24.0305,583000.0,1.2139,14.7818,30.9619,0,-1.33,3.91,-4.74,-0.3972834791172817,2017-2021→2021-2025
4014,Kragerø,2021-2025,2021,2025,Telemark,Østlandet,4,755,False,5979.0,32.25,29.41,-2.84,11.69,26.83,15.14,17.14,12.24,-4.9,4.65,4.52,-0.13,13.16,4.21,-8.95,5.0,2.63,-2.37,2.76,2.42,-0.34,3.08,5.51,2.43,6.69,8.25,1.56,3.58,3.99,0.41,6.19,19.78,-12.09,10416.0,9.2511,0.288,-1.7864,23.8095,-20.3533,22.8687,16.0426,1.5234,26.1279,494000.0,1.2124,10.262,35.5272,0,0.03,3.67,-4.54,-0.04936805755600737,2017-2021→2021-2025
4016,Drangedal,2021-2025,2021,2025,Telemark,Østlandet,5,645,False,2316.0,32.04,33.99,1.95,12.22,26.31,14.09,7.17,4.99,-2.18,5.01,5.41,0.4,30.09,12.17,-17.92,4.79,3.4,-1.39,1.04,1.3,0.26,1.94,2.35,0.41,3.15,5.83,2.68,2.55,4.24,1.69,-3.83,45.63,-22.97,4071.0,8.3116,-0.0983,-1.0703,15.4753,-15.9666,19.8723,17.0228,1.2735,18.4179,500000.0,5.5437,7.6759,33.3156,0,1.06,2.69,-4.92,-0.23123416978963363,2017-2021→2021-2025
4018,Nome,2021-2025,2021,2025,Telemark,Østlandet,4,709,False,3614.0,32.24,32.85,0.61,10.65,25.83,15.18,10.38,7.98,-2.4,2.77,3.52,0.75,27.03,10.14,-16.89,5.09,3.74,-1.35,1.49,1.52,0.03,2.77,2.94,0.17,3.68,5.79,2.11,3.9,5.68,1.78,-1.71,33.4,-11.57,6488.0,8.7777,1.0789,-1.086,29.439,-17.2626,20.1757,17.5709,1.0808,24.1968,510000.0,3.4121,12.1719,40.4528,0,-0.93,7.23,-7.37,-2.741109856384134,2017-2021→2021-2025
4020,Midt-Telemark,2021-2025,2021,2025,Telemark,Østlandet,4,731,False,5535.0,25.02,28.0,2.98,12.2,25.76,13.56,11.42,7.88,-3.54,3.74,4.61,0.87,25.2,11.06,-14.14,6.65,4.77,-1.88,2.58,1.84,-0.74,4.55,5.49,0.94,5.13,6.07,0.94,3.5,4.53,1.03,-0.58,30.86,-1.33,10461.0,9.2554,6.443,7.8659,66.3416,-2.581,17.6083,22.56,0.9189,33.1513,512000.0,3.9573,7.8727,38.3794,1,-1.94,6.05,-4.85,-0.3728401447396683,2017-2021→2021-2025
4022,Seljord,2021-2025,2021,2025,Telemark,Østlandet,5,650,False,1659.0,25.74,29.82,4.08,15.79,25.82,10.03,13.74,10.49,-3.25,4.28,3.52,-0.76,24.83,12.58,-12.25,4.82,2.27,-2.55,1.45,1.97,0.52,2.65,2.62,-0.03,3.01,5.55,2.54,3.68,5.37,1.69,-2.22,43.93,-26.56,2900.0,7.9725,2.7931,-0.6995,44.4828,-16.5517,22.1379,16.1379,0.3377,26.3288,526000.0,5.2039,4.2897,33.6146,0,3.22,-1.8,-6.01,-0.5138399132775735,2017-2021→2021-2025
4024,Hjartdal,2021-2025,2021,2025,Telemark,Østlandet,5,599,False,953.0,24.97,29.29,4.32,11.65,29.18,17.53,8.29,3.87,-4.42,5.56,5.96,0.4,39.56,20.5,-19.06,2.73,2.09,-0.64,0.84,0.42,-0.42,1.26,1.26,0.0,1.89,2.3,0.41,3.25,5.13,1.88,-1.53,44.05,-13.97,1561.0,7.3531,5.4452,3.2622,55.0929,0.0,22.7418,16.5279,0.3444,20.3221,547000.0,9.6306,5.8047,31.7942,0,-0.82,4.4,-3.08,2.000586418233204,2017-2021→2021-2025
4026,Tinn,2021-2025,2021,2025,Telemark,Østlandet,5,595,False,3256.0,25.31,34.01,8.7,9.61,23.66,14.05,12.47,10.84,-1.63,1.14,1.29,0.15,29.61,11.66,-17.95,11.55,4.78,-6.77,1.97,1.84,-0.13,2.27,2.79,0.52,2.95,5.11,2.16,3.13,4.04,0.91,-3.9,28.36,-11.95,5604.0,8.6312,-1.3383,-6.4942,15.5246,-30.157,22.4483,16.7202,1.5163,21.8193,499000.0,2.8902,9.7182,33.6705,0,1.6,-8.06,-1.61,3.591566453746638,2017-2021→2021-2025
4028,Kviteseid,2021-2025,2021,2025,Telemark,Østlandet,5,601,False,1458.0,22.84,26.89,4.05,11.39,20.38,8.99,9.33,7.84,-1.49,10.7,11.69,0.99,30.59,17.3,-13.29,3.57,2.31,-1.26,1.58,1.4,-0.18,2.33,2.94,0.61,4.39,4.41,0.02,3.29,4.83,1.54,-4.3,33.39,-6.18,2430.0,7.7956,1.7695,0.2839,32.9218,-16.0494,22.0576,17.284,0.6678,28.122,525000.0,5.122,4.9593,33.0894,0,-1.01,4.21,-4.23,1.0544213019348003,2017-2021→2021-2025
4030,Nissedal,2021-2025,2021,2025,Telemark,Østlandet,6,543,False,856.0,24.07,28.77,4.7,13.32,24.12,10.8,9.23,7.25,-1.98,11.92,12.0,0.08,31.07,14.38,-16.69,2.8,1.47,-1.33,0.7,0.91,0.21,1.64,1.81,0.17,2.22,4.76,2.54,3.04,4.53,1.49,-5.89,37.51,-3.15,1430.0,7.2654,3.9161,3.2662,53.1469,-13.986,21.4685,14.1958,2.3538,25.2775,538000.0,5.6497,5.791,37.2881,0,-1.83,7.03,-5.29,0.9912952528596639,2017-2021→2021-2025
4032,Fyresdal,2021-2025,2021,2025,Telemark,Østlandet,6,491,False,741.0,29.01,33.06,4.05,7.15,16.33,9.18,5.53,7.02,1.49,0.94,1.21,0.27,42.65,22.54,-20.11,4.32,4.45,0.13,0.67,0.81,0.14,2.29,2.16,-0.13,3.37,6.88,3.51,4.05,5.53,1.48,-10.93,34.08,10.74,1228.0,7.1131,2.2801,-3.2357,46.4169,-21.987,20.7655,15.4723,1.6071,27.264,509000.0,6.891,8.4936,37.1795,0,-3.43,2.0,-3.22,2.4487613119317975,2017-2021→2021-2025
4034,Tokke,2021-2025,2021,2025,Telemark,Østlandet,6,533,False,1308.0,28.82,34.06,5.24,6.88,15.79,8.91,6.57,5.24,-1.33,3.9,4.49,0.59,40.06,24.1,-15.96,3.98,3.67,-0.31,0.54,0.52,-0.02,3.36,2.84,-0.52,3.06,4.57,1.51,2.83,4.72,1.89,-7.05,43.54,0.19,2164.0,7.6797,3.4196,-0.6217,45.2865,-11.0906,20.9335,17.4677,0.3802,25.3151,524000.0,5.0909,7.4545,36.7273,0,-1.35,2.79,-3.14,2.2871797718556643,2017-2021→2021-2025
4036,Vinje,2021-2025,2021,2025,Telemark,Østlandet,6,550,False,2230.0,18.43,24.4,5.97,9.91,22.63,12.72,7.8,6.02,-1.78,2.38,3.19,0.81,41.79,20.06,-21.73,8.97,6.42,-2.55,1.52,1.11,-0.41,2.02,2.83,0.81,4.22,7.35,3.13,2.96,5.98,3.02,-9.01,52.63,-20.82,3756.0,8.2311,2.7955,4.6625,27.689,-0.7987,19.8349,18.6635,1.429,28.125,527000.0,4.5637,5.7172,37.7633,0,-1.22,0.55,-3.4,2.4547576314386794,2017-2021→2021-2025
4201,Risør,2021-2025,2021,2025,Agder,Agder,4,709,False,3929.0,30.24,34.5,4.26,12.5,23.98,11.48,21.3,15.37,-5.93,4.38,3.52,-0.86,11.61,4.33,-7.28,4.76,3.18,-1.58,3.44,2.83,-0.61,3.23,3.4,0.17,5.17,5.52,0.35,3.39,3.37,-0.02,4.2,5.59,-1.6,6762.0,8.8191,-1.1091,-3.2132,19.5209,-15.9716,22.6117,16.4744,2.0481,27.1633,491000.0,1.9113,9.7952,40.1706,0,-1.89,4.84,-4.18,1.3262866480509974,2017-2021→2021-2025
4202,Grimstad,2021-2025,2021,2025,Agder,Agder,3,809,False,12743.0,21.42,23.68,2.26,12.12,27.33,15.21,22.45,13.9,-8.55,12.85,11.65,-1.2,10.05,3.6,-6.45,5.72,4.15,-1.57,3.88,3.09,-0.79,4.03,4.18,0.15,3.37,4.1,0.73,4.1,4.34,0.24,8.76,9.89,-3.49,23891.0,10.0813,6.3957,15.0285,55.2509,8.8736,14.8424,22.385,0.8663,35.0806,544000.0,2.3922,6.8285,39.9268,0,0.63,3.7,-4.78,0.5902445078417422,2017-2021→2021-2025
4203,Arendal,2021-2025,2021,2025,Agder,Agder,3,805,False,25018.0,27.86,30.22,2.36,14.86,27.82,12.96,20.67,13.99,-6.68,5.59,5.26,-0.33,9.96,2.78,-7.18,6.54,4.67,-1.87,3.3,2.64,-0.66,3.06,3.64,0.58,4.06,4.84,0.78,4.1,4.13,0.03,5.78,6.94,-3.87,45065.0,10.7159,3.3352,5.3122,34.772,-1.5533,17.3438,18.2203,1.6714,31.7001,519000.0,0.9776,7.9301,40.1519,0,-1.3,4.33,-5.19,-0.32548608598318296,2017-2021→2021-2025
4204,Kristiansand,2021-2025,2021,2025,Agder,Agder,3,832,False,62174.0,22.46,25.07,2.61,9.83,24.04,14.21,23.3,15.31,-7.99,13.02,12.17,-0.85,6.77,2.21,-4.56,6.6,4.64,-1.96,4.6,3.58,-1.02,4.07,4.47,0.4,3.83,4.42,0.59,5.52,4.09,-1.43,9.65,4.6,-1.93,112588.0,11.6315,5.0032,12.5732,37.0199,12.7722,14.0415,23.3373,0.9559,36.5038,531000.0,0.7534,9.1484,38.225,1,-0.06,2.76,-6.72,-1.3412081580320523,2017-2021→2021-2025
4205,Lindesnes,2021-2025,2021,2025,Agder,Agder,4,733,False,12916.0,20.52,20.27,-0.25,17.1,31.43,14.33,20.85,12.43,-8.42,10.72,10.6,-0.12,13.54,6.46,-7.08,3.88,3.45,-0.43,3.24,3.85,0.61,2.79,2.78,-0.01,2.47,3.83,1.36,4.89,4.91,0.02,7.25,11.39,-6.42,23055.0,10.0456,3.0926,5.117,29.2778,1.6916,17.2457,18.4342,1.4896,27.8534,527000.0,2.9279,12.2748,35.595,1,1.01,4.31,-7.15,-1.2905300409648177,2017-2021→2021-2025
4206,Farsund,2021-2025,2021,2025,Agder,Agder,4,686,False,5518.0,19.63,21.13,1.5,20.46,36.0,15.54,21.69,11.15,-10.54,10.53,10.46,-0.07,12.32,5.71,-6.61,3.75,3.28,-0.47,2.54,2.44,-0.1,1.52,1.9,0.38,2.46,3.34,0.88,5.09,4.6,-0.49,8.93,8.77,-1.36,9645.0,9.1742,2.4365,2.9596,23.6392,1.2442,19.0047,18.4863,1.4913,23.2261,545000.0,3.379,18.9478,31.1805,0,-0.17,6.05,-6.25,0.001185754650158799,2017-2021→2021-2025
4207,Flekkefjord,2021-2025,2021,2025,Agder,Agder,4,689,False,4925.0,15.76,20.12,4.36,24.47,36.35,11.88,19.09,13.07,-6.02,12.75,10.96,-1.79,13.87,5.52,-8.35,4.18,2.9,-1.28,2.05,1.92,-0.13,1.66,1.96,0.3,2.78,3.64,0.86,3.39,3.56,0.17,3.53,19.19,-13.44,9027.0,9.108,3.3455,2.8669,39.3265,-5.2066,19.198,18.0126,0.4397,26.3624,552000.0,3.9016,13.3601,39.2764,0,-2.01,3.17,-4.59,1.0190591198150525,2017-2021→2021-2025
4211,Gjerstad,2021-2025,2021,2025,Agder,Agder,5,661,False,1359.0,25.39,28.4,3.01,12.58,29.08,16.5,15.97,10.22,-5.75,5.89,5.08,-0.81,27.08,12.83,-14.25,3.46,1.92,-1.54,1.55,1.17,-0.38,1.18,2.06,0.88,3.83,5.49,1.66,3.09,3.77,0.68,2.25,33.72,-13.26,2430.0,7.7956,2.5514,0.4434,37.4486,-12.7572,20.2058,17.8601,2.1859,17.1276,498000.0,3.6837,15.1842,29.4699,0,-1.82,6.23,-4.38,1.02084477156518,2017-2021→2021-2025
4212,Vegårshei,2021-2025,2021,2025,Agder,Agder,5,653,False,1296.0,25.23,25.9,0.67,10.19,24.25,14.06,12.65,6.68,-5.97,15.12,16.82,1.7,25.85,12.31,-13.54,3.01,2.33,-0.68,1.0,1.2,0.2,1.31,1.13,-0.18,2.55,3.83,1.28,3.09,5.56,2.47,0.52,26.35,-2.34,2128.0,7.6629,7.3778,13.2309,66.7293,7.9887,14.8496,18.609,1.6493,25.1605,529000.0,4.5933,9.8565,36.7464,0,-1.89,9.91,-6.91,-0.8556913352057576,2017-2021→2021-2025
4213,Tvedestrand,2021-2025,2021,2025,Agder,Agder,4,729,False,3483.0,24.95,26.74,1.79,11.0,29.51,18.51,23.89,13.44,-10.45,5.0,6.46,1.46,16.05,5.39,-10.66,5.02,3.26,-1.76,3.65,2.71,-0.94,3.01,3.1,0.09,3.93,5.03,1.1,3.5,4.38,0.88,7.85,19.23,-7.23,6067.0,8.7106,6.5436,6.8783,53.8981,-5.4393,19.878,16.7299,2.0589,26.9519,510000.0,2.0278,9.5757,37.3639,0,-0.41,5.73,-4.83,0.9840109760447211,2017-2021→2021-2025
4214,Froland,2021-2025,2021,2025,Agder,Agder,4,726,False,3248.0,21.24,23.95,2.71,19.0,35.49,16.49,10.81,6.84,-3.97,11.24,10.4,-0.84,22.54,6.31,-16.23,2.77,2.28,-0.49,1.48,1.14,-0.34,1.51,1.86,0.35,2.77,3.59,0.82,6.65,8.12,1.47,0.26,22.79,-6.95,6004.0,8.7002,4.2638,13.1598,29.8135,12.6582,14.5237,20.7528,0.9236,21.6148,553000.0,2.5177,6.4539,35.0709,0,-1.16,9.65,-7.33,-1.9591657533252222,2017-2021→2021-2025
4215,Lillesand,2021-2025,2021,2025,Agder,Agder,3,788,False,6355.0,21.02,23.75,2.73,10.98,26.46,15.48,25.59,15.8,-9.79,10.18,9.19,-0.99,8.31,2.71,-5.6,6.78,4.64,-2.14,4.75,3.64,-1.11,3.82,4.39,0.57,3.78,4.83,1.05,4.78,4.59,-0.19,9.88,7.2,-2.67,11180.0,9.3219,4.9553,13.4816,44.0966,5.0089,16.61,17.7728,1.423,34.1316,598000.0,1.4208,9.5532,37.3902,0,0.21,4.02,-8.75,-2.2946121647590747,2017-2021→2021-2025
4216,Birkenes,2021-2025,2021,2025,Agder,Agder,4,705,False,2788.0,17.18,18.74,1.56,11.3,31.89,20.59,19.08,10.81,-8.27,14.13,13.22,-0.91,23.49,9.62,-13.87,2.73,2.31,-0.42,2.15,1.59,-0.56,2.22,2.21,-0.01,2.33,3.9,1.57,5.38,5.72,0.34,6.72,33.29,-11.73,5274.0,8.5705,2.6356,7.5074,17.0648,9.2909,14.9412,19.3591,0.5585,24.2573,560000.0,3.5757,16.6332,32.4227,0,-2.08,10.63,-5.2,0.7987277087434776,2017-2021→2021-2025
4217,Åmli,2021-2025,2021,2025,Agder,Agder,5,591,False,1013.0,27.54,29.73,2.19,11.06,22.88,11.82,7.7,5.02,-2.68,6.91,6.66,-0.25,30.9,16.8,-14.1,4.05,2.7,-1.35,1.97,1.45,-0.52,0.89,0.97,0.08,5.23,6.47,1.24,3.75,7.34,3.59,-2.28,46.96,-9.49,1822.0,7.5077,-2.4149,-2.9476,-20.3074,-4.3908,20.3074,17.5082,1.7961,22.5763,512000.0,8.5821,14.4279,33.9552,0,-3.4,10.37,-8.0,-2.232604215224426,2017-2021→2021-2025
4218,Iveland,2021-2025,2021,2025,Agder,Agder,5,624,False,728.0,12.36,15.01,2.65,13.87,30.79,16.92,10.16,5.09,-5.07,18.68,15.9,-2.78,29.95,15.9,-14.05,2.06,1.65,-0.41,1.51,1.27,-0.24,1.37,1.53,0.16,3.16,3.44,0.28,6.87,9.41,2.54,2.87,35.72,-15.81,1335.0,7.1967,4.794,6.3878,38.9513,8.9888,13.4082,19.7753,0.9592,16.3245,537000.0,4.3619,13.8934,34.2488,0,-2.5,10.14,-5.37,0.13334937740054098,2017-2021→2021-2025
4219,Evje og Hornnes,2021-2025,2021,2025,Agder,Agder,4,691,False,1971.0,23.54,25.44,1.9,12.28,27.57,15.29,13.75,9.59,-4.16,15.78,12.56,-3.22,20.8,10.33,-10.47,4.31,2.5,-1.81,1.67,1.48,-0.19,1.32,1.34,0.02,2.33,3.85,1.52,4.21,5.33,1.12,4.82,13.49,-6.41,3619.0,8.194,5.7751,7.3171,58.856,-0.5526,18.2647,17.2423,0.8053,24.5122,514000.0,3.3082,5.9779,38.4794,0,-0.64,7.02,-3.81,1.2581544306946086,2017-2021→2021-2025
4220,Bygland,2021-2025,2021,2025,Agder,Agder,6,551,False,698.0,21.06,21.97,0.91,10.03,17.52,7.49,12.75,9.18,-3.57,7.88,8.21,0.33,31.81,25.45,-6.36,5.01,2.92,-2.09,1.29,1.81,0.52,0.86,1.81,0.95,5.01,4.45,-0.56,4.3,6.68,2.38,1.13,27.67,0.18,1142.0,7.0405,1.7513,-2.2708,56.9177,-37.6532,23.4676,16.2872,-0.3179,27.3846,494000.0,9.5941,8.8561,40.4059,0,-2.5,6.06,-4.37,1.653946176064875,2017-2021→2021-2025
4221,Valle,2021-2025,2021,2025,Agder,Agder,6,466,False,694.0,19.31,20.57,1.26,13.54,29.91,16.37,15.13,8.93,-6.2,10.66,6.77,-3.89,29.83,20.84,-8.99,3.46,1.49,-1.97,1.73,1.22,-0.51,1.59,1.62,0.03,2.45,3.11,0.66,2.31,5.55,3.24,7.38,40.49,-10.85,1169.0,7.0639,3.0796,-3.6771,35.9281,-5.988,21.1292,18.734,2.0244,25.3761,551000.0,6.5705,7.8526,32.0513,0,-1.49,5.21,-3.68,3.4522244167068945,2017-2021→2021-2025
4222,Bykle,2021-2025,2021,2025,Agder,Agder,6,467,False,512.0,19.34,24.53,5.19,7.62,21.1,13.48,18.75,13.55,-5.2,7.62,6.0,-1.62,25.59,13.55,-12.04,6.84,4.12,-2.72,4.88,3.09,-1.79,3.12,3.26,0.14,3.32,5.66,2.34,2.93,5.15,2.22,1.44,21.22,-3.18,930.0,6.8352,11.7204,11.3612,101.0753,18.2796,13.5484,21.6129,1.9473,33.3763,517000.0,2.17,3.6166,34.7197,0,-1.45,6.12,-3.18,4.450406935606818,2017-2021→2021-2025
4223,Vennesla,2021-2025,2021,2025,Agder,Agder,3,775,False,8056.0,20.58,20.89,0.31,13.59,31.49,17.9,13.99,8.6,-5.39,21.49,18.56,-2.93,15.37,5.4,-9.97,4.06,2.7,-1.36,1.7,1.59,-0.11,1.46,1.48,0.02,2.22,3.1,0.88,5.54,6.19,0.65,7.93,22.83,-7.39,14935.0,9.6115,4.5999,10.8336,32.8088,12.7888,13.6726,21.7409,1.2871,21.0438,525000.0,1.1108,12.964,33.9004,0,-1.77,7.08,-6.94,-2.050295440681796,2017-2021→2021-2025
4224,Åseral,2021-2025,2021,2025,Agder,Agder,6,536,False,552.0,16.67,19.53,2.86,11.59,23.36,11.77,12.14,5.47,-6.67,14.67,15.69,1.02,37.14,24.09,-13.05,1.45,2.01,0.56,0.72,0.73,0.01,0.18,0.55,0.37,1.09,2.37,1.28,4.35,6.2,1.85,-1.28,29.57,-3.37,927.0,6.832,-1.2945,-1.0811,-14.0237,-3.2362,14.671,21.1435,1.6132,19.4517,599000.0,11.1324,8.4453,33.2054,0,-0.25,11.47,-8.96,-1.8391288099969039,2017-2021→2021-2025
4225,Lyngdal,2021-2025,2021,2025,Agder,Agder,4,695,False,5654.0,13.49,14.59,1.1,17.47,34.2,16.73,20.18,10.78,-9.4,21.28,21.31,0.03,15.3,6.51,-8.79,2.51,1.53,-0.98,1.82,1.68,-0.14,1.27,1.52,0.25,1.96,2.74,0.78,4.7,5.14,0.44,7.94,17.79,-8.31,10464.0,9.2557,3.8704,7.7739,27.6185,10.8945,15.4625,19.6196,1.3099,23.3933,545000.0,3.3596,13.9648,32.8071,1,0.54,5.17,-7.11,-0.6463761416232945,2017-2021→2021-2025
4226,Hægebostad,2021-2025,2021,2025,Agder,Agder,5,575,False,1019.0,7.65,9.83,2.18,17.96,32.19,14.23,10.11,6.68,-3.43,27.18,25.88,-1.3,29.54,14.38,-15.16,1.18,0.83,-0.35,0.1,0.74,0.64,0.59,0.83,0.24,0.98,2.5,1.52,4.71,6.12,1.41,-0.93,38.53,-14.62,1690.0,7.4325,5.6805,5.4932,53.8462,3.5503,16.5089,19.7633,-0.2715,22.4368,584000.0,7.3993,15.778,33.8411,0,-2.58,9.28,-8.06,-1.6522566590931351,2017-2021→2021-2025
4227,Kvinesdal,2021-2025,2021,2025,Agder,Agder,5,650,False,3330.0,18.77,21.05,2.28,20.21,34.89,14.68,13.39,8.27,-5.12,14.41,12.64,-1.77,19.97,8.1,-11.87,2.58,2.1,-0.48,1.44,1.05,-0.39,1.86,2.36,0.5,1.59,3.64,2.05,5.77,5.91,0.14,2.81,21.73,-14.43,5922.0,8.6864,4.0696,3.6147,39.176,1.3509,17.055,19.875,1.1666,20.1326,540000.0,3.4119,15.0545,33.7671,0,-4.0,7.85,-5.51,0.06706368028947729,2017-2021→2021-2025
4228,Sirdal,2021-2025,2021,2025,Agder,Agder,5,575,False,1004.0,15.14,16.49,1.35,16.63,29.71,13.08,15.54,10.42,-5.12,13.55,13.22,-0.33,26.29,15.31,-10.98,2.39,1.45,-0.94,2.29,2.63,0.34,1.39,2.08,0.69,1.99,4.08,2.09,4.78,4.62,-0.16,2.1,19.64,6.25,1772.0,7.4799,7.3363,3.482,74.4921,-1.1287,18.1151,18.6795,0.1288,26.294,607000.0,6.695,3.8257,36.5569,0,-1.61,5.6,-6.04,0.5612084050652255,2017-2021→2021-2025
4601,Bergen,2021-2025,2021,2025,Vestland,Vestlandet,2,895,False,164320.0,23.65,28.48,4.83,9.38,19.49,10.11,26.47,18.79,-7.68,3.54,3.69,0.15,5.37,1.94,-3.43,11.39,7.38,-4.01,5.85,4.4,-1.45,5.3,6.52,1.22,5.83,5.59,-0.24,3.22,3.72,0.5,6.68,5.31,-2.97,285601.0,12.5624,2.8389,6.7598,15.4271,12.8291,14.0014,25.634,0.8096,43.3487,532000.0,0.4851,4.8184,38.3927,0,-0.73,1.23,-5.1,-0.44875605828073706,2017-2021→2021-2025
4602,Kinn,2021-2025,2021,2025,Vestland,Vestlandet,5,663,False,9327.0,26.24,29.32,3.08,14.73,29.0,14.27,19.02,14.09,-4.93,2.93,3.19,0.26,15.62,6.83,-8.79,5.81,3.76,-2.05,4.04,3.51,-0.53,2.42,2.67,0.25,6.27,3.94,-2.33,2.92,3.7,0.78,5.48,19.22,-12.29,17160.0,9.7503,1.5093,-2.9258,20.1632,-4.8951,16.69,19.4814,1.2789,26.5658,583000.0,4.8879,12.1219,30.6383,1,0.69,0.8,-7.88,-1.7347435910326157,2017-2021→2021-2025
4611,Etne,2021-2025,2021,2025,Vestland,Vestlandet,5,604,False,2284.0,16.99,20.85,3.86,19.0,30.64,11.64,14.84,10.47,-4.37,7.31,6.91,-0.4,28.2,15.34,-12.86,3.33,3.05,-0.28,3.06,2.2,-0.86,1.23,1.65,0.42,2.76,4.58,1.82,3.28,4.32,1.04,-1.22,38.47,-11.96,4053.0,8.3072,0.9869,-0.2437,14.0637,-4.4412,19.171,17.0491,1.4252,23.917,562000.0,8.4302,12.0155,29.2151,0,0.98,5.51,-7.98,-1.332328459654767,2017-2021→2021-2025
4612,Sveio,2021-2025,2021,2025,Vestland,Vestlandet,4,673,False,3218.0,17.37,20.39,3.02,18.86,33.92,15.06,21.57,12.65,-8.92,6.28,6.95,0.67,18.46,7.92,-10.54,4.75,3.93,-0.82,2.3,2.14,-0.16,2.11,2.11,0.0,2.67,4.37,1.7,5.62,5.6,-0.02,4.52,18.82,-8.23,5798.0,8.6653,-0.7934,4.411,-17.5923,9.831,15.6433,18.5064,2.5243,25.8057,605000.0,5.6394,9.2672,33.908,0,-1.51,6.32,-5.18,1.5884442391818627,2017-2021→2021-2025
4613,Bømlo,2021-2025,2021,2025,Vestland,Vestlandet,5,644,False,6831.0,19.05,22.18,3.13,18.17,31.69,13.52,22.28,13.56,-8.72,12.96,12.02,-0.94,11.48,5.37,-6.11,3.98,2.81,-1.17,2.39,1.73,-0.66,1.86,2.21,0.35,2.18,3.3,1.12,5.67,5.12,-0.55,7.41,10.36,-5.04,11953.0,9.3887,3.4468,5.1356,27.8591,6.9439,16.3892,19.0412,1.4434,24.6653,619000.0,6.4842,20.4106,30.1454,0,1.51,4.35,-6.05,0.8323612537367273,2017-2021→2021-2025
4614,Stord,2021-2025,2021,2025,Vestland,Vestlandet,4,746,False,10630.0,29.03,31.38,2.35,16.33,24.05,7.72,20.17,15.48,-4.69,6.44,6.54,0.1,9.09,4.13,-4.96,6.69,5.02,-1.67,2.54,2.11,-0.43,2.07,2.56,0.49,3.18,4.35,1.17,4.46,4.38,-0.08,2.76,13.27,-9.97,18861.0,9.8449,2.5927,3.559,17.0192,8.6422,15.5294,20.4178,1.1063,31.5193,578000.0,1.4917,20.3584,34.8573,0,0.05,2.53,-5.61,-0.12200919202414884,2017-2021→2021-2025
4615,Fitjar,2021-2025,2021,2025,Vestland,Vestlandet,5,603,False,1848.0,16.23,18.11,1.88,20.35,30.97,10.62,19.59,13.11,-6.48,15.21,16.33,1.12,16.23,9.5,-6.73,3.79,2.42,-1.37,1.14,1.34,0.2,1.19,1.48,0.29,1.84,2.13,0.29,4.44,4.6,0.16,3.89,17.34,-9.64,3147.0,8.0542,1.9384,3.7181,15.5704,4.1309,16.4601,17.4452,3.2406,22.9292,628000.0,6.9186,17.4247,30.0448,0,1.87,3.74,-11.39,-3.5967302240104555,2017-2021→2021-2025
4616,Tysnes,2021-2025,2021,2025,Vestland,Vestlandet,5,578,False,1749.0,17.04,20.81,3.77,16.24,26.83,10.59,25.96,20.16,-5.8,4.52,4.55,0.03,17.9,9.21,-8.69,7.95,5.75,-2.2,1.77,1.63,-0.14,2.74,2.38,-0.36,2.57,3.63,1.06,3.32,5.04,1.72,1.9,25.44,-11.54,2924.0,7.9807,2.1204,7.3329,35.2257,-13.3379,23.3584,17.1341,0.955,23.6402,537000.0,11.3786,8.5339,33.771,0,-1.33,-0.17,-6.6,1.5958026273313948,2017-2021→2021-2025
4617,Kvinnherad,2021-2025,2021,2025,Vestland,Vestlandet,5,587,False,7398.0,20.98,25.21,4.23,17.41,28.02,10.61,21.61,14.6,-7.01,4.6,4.78,0.18,18.63,9.71,-8.92,5.24,3.95,-1.29,1.61,1.71,0.1,2.23,2.33,0.1,3.7,4.57,0.87,3.99,5.11,1.12,1.69,22.75,-8.63,13039.0,9.4757,1.043,-0.4458,11.3506,-0.7669,20.2316,17.1792,1.3851,24.2944,563000.0,5.9941,16.6277,36.6495,0,-0.29,4.39,-7.94,-0.5701556649857649,2017-2021→2021-2025
4618,Ullensvang,2021-2025,2021,2025,Vestland,Vestlandet,5,583,False,6492.0,25.71,33.2,7.49,11.81,21.52,9.71,13.49,9.41,-4.08,2.2,2.76,0.56,29.16,14.53,-14.63,5.47,2.7,-2.77,1.82,1.58,-0.24,1.8,2.12,0.32,5.78,8.39,2.61,2.76,3.78,1.02,-4.92,28.43,5.35,11002.0,9.3058,-0.1909,-4.2048,14.9973,-14.6337,21.687,17.2969,0.9157,25.3979,541000.0,4.4885,17.2815,33.4181,1,-1.64,5.12,-4.7,1.2838286830254848,2017-2021→2021-2025
4619,Eidfjord,2021-2025,2021,2025,Vestland,Vestlandet,6,531,False,533.0,24.39,30.38,5.99,9.38,23.69,14.31,17.45,11.57,-5.88,3.0,3.25,0.25,31.33,16.27,-15.06,6.57,3.62,-2.95,0.94,1.81,0.87,1.13,1.27,0.14,3.0,3.8,0.8,2.81,4.34,1.53,-0.75,40.15,-14.24,903.0,6.8057,7.0875,1.7895,58.6932,-13.289,20.0443,18.0509,2.9133,26.6225,548000.0,1.8789,1.2526,32.3591,0,0.14,4.62,-7.86,-0.5573528456933605,2017-2021→2021-2025
4620,Ulvik,2021-2025,2021,2025,Vestland,Vestlandet,6,529,False,634.0,18.14,27.43,9.29,6.78,14.42,7.64,8.36,7.21,-1.15,1.42,2.98,1.56,39.75,20.22,-19.53,10.41,8.46,-1.95,4.26,5.8,1.54,3.15,2.98,-0.17,5.68,6.9,1.22,2.05,3.61,1.56,-11.89,31.47,-9.25,1061.0,6.967,3.6758,-0.6323,66.918,-31.1027,23.7512,15.9284,-1.0239,29.4582,544000.0,10.7075,4.2065,37.8585,0,-1.89,6.21,-2.72,2.9837976192443203,2017-2021→2021-2025
4621,Voss,2021-2025,2021,2025,Vestland,Vestlandet,4,720,False,9173.0,24.67,28.66,3.99,6.82,18.78,11.96,12.79,10.18,-2.61,2.63,3.22,0.59,32.07,15.03,-17.04,7.84,6.23,-1.61,2.8,2.6,-0.2,3.39,4.27,0.88,4.26,5.11,0.85,2.73,5.92,3.19,-5.08,33.14,-8.94,15787.0,9.6669,4.111,7.65,40.9831,0.0,19.4084,18.889,1.1319,30.2169,561000.0,4.5187,5.2697,37.4139,1,1.14,2.36,-5.53,-0.6160686580123054,2017-2021→2021-2025
4622,Kvam,2021-2025,2021,2025,Vestland,Vestlandet,4,674,False,5049.0,20.38,24.68,4.3,15.23,25.08,9.85,15.49,11.43,-4.06,7.13,7.23,0.1,22.52,12.18,-10.34,6.38,3.1,-3.28,2.5,2.89,0.39,3.05,3.96,0.91,3.58,4.89,1.31,3.74,4.58,0.84,-0.49,29.14,-15.08,8461.0,9.0432,0.6619,-0.2576,8.6278,-2.482,20.5177,17.3384,1.8728,27.4496,582000.0,7.9612,11.4563,35.8738,0,2.06,2.0,-7.41,-1.7178485566998534,2017-2021→2021-2025
4623,Samnanger,2021-2025,2021,2025,Vestland,Vestlandet,4,683,False,1496.0,25.0,28.32,3.32,18.25,29.92,11.67,14.04,8.78,-5.26,6.22,7.11,0.89,19.05,8.11,-10.94,4.88,2.46,-2.42,1.6,1.8,0.2,2.07,3.26,1.19,4.14,4.92,0.78,4.75,5.32,0.57,0.73,11.29,-5.37,2504.0,7.8256,-0.5192,1.9648,0.0,-4.393,20.2476,17.0527,1.5107,24.5862,584000.0,2.883,10.3789,34.7611,0,-1.16,4.01,-7.91,-2.21743072085674,2017-2021→2021-2025
4624,Bjørnafjorden,2021-2025,2021,2025,Vestland,Vestlandet,4,766,False,14000.0,19.79,22.24,2.45,20.48,31.85,11.37,24.7,16.31,-8.39,4.12,4.55,0.43,11.79,4.88,-6.91,6.26,3.96,-2.3,3.29,3.0,-0.29,3.29,3.99,0.7,3.06,3.7,0.64,3.22,5.52,2.3,4.46,15.14,-8.62,25049.0,10.1286,5.1619,14.855,36.8478,15.0106,15.1743,19.2902,1.3583,30.376,625000.0,3.0884,10.4212,34.6592,1,1.44,2.9,-6.59,-0.052629464174667184,2017-2021→2021-2025
4625,Austevoll,2021-2025,2021,2025,Vestland,Vestlandet,5,598,False,2893.0,13.55,14.46,0.91,25.16,41.12,15.96,35.67,22.78,-12.89,6.36,6.54,0.18,6.95,2.04,-4.91,3.87,2.07,-1.8,1.73,2.14,0.41,1.59,1.84,0.25,2.21,2.75,0.54,2.9,4.27,1.37,11.05,8.08,-6.17,5276.0,8.5709,3.0516,8.4796,25.5876,4.928,15.7885,19.0106,1.8131,24.8117,675000.0,19.9856,10.0647,27.7139,0,-0.33,1.38,-5.44,3.848735828884309,2017-2021→2021-2025
4626,Øygarden,2021-2025,2021,2025,Vestland,Vestlandet,4,769,False,21504.0,19.18,21.12,1.94,19.07,34.72,15.65,27.91,16.97,-10.94,7.95,7.96,0.01,8.2,2.61,-5.59,5.19,3.35,-1.84,2.54,2.26,-0.28,1.93,2.44,0.51,2.74,3.47,0.73,5.28,5.11,-0.17,10.06,8.45,-5.71,38664.0,10.5627,3.727,11.6758,21.7515,15.57,13.4544,19.76,1.6934,25.4875,630000.0,2.3355,8.7918,31.6667,1,0.6,3.88,-8.35,-1.3167522615004792,2017-2021→2021-2025
4627,Askøy,2021-2025,2021,2025,Vestland,Vestlandet,3,810,False,16151.0,24.31,26.74,2.43,15.73,30.33,14.6,26.88,16.73,-10.15,4.37,4.14,-0.23,6.64,2.19,-4.45,7.69,4.78,-2.91,3.66,2.68,-0.98,2.89,3.4,0.51,3.56,4.05,0.49,4.27,4.96,0.69,10.15,5.09,-3.03,29594.0,10.2953,2.6458,9.0423,10.1372,16.2195,13.3,18.6355,1.1846,29.8062,657000.0,0.7959,7.6101,37.548,0,2.04,2.67,-7.03,-0.8509667609885359,2017-2021→2021-2025
4628,Vaksdal,2021-2025,2021,2025,Vestland,Vestlandet,5,644,False,2313.0,30.0,31.72,1.72,11.93,23.04,11.11,13.83,10.29,-3.54,4.67,4.0,-0.67,19.41,9.86,-9.55,8.13,5.78,-2.35,1.25,1.15,-0.1,2.03,2.98,0.95,4.54,6.12,1.58,4.19,5.06,0.87,1.56,18.89,-2.32,3918.0,8.2733,-1.0975,-5.3955,11.2302,-22.7157,20.3675,18.0194,0.4067,22.4224,543000.0,2.4444,12.6111,35.5,0,-0.99,2.85,-3.37,1.7118420424039398,2017-2021→2021-2025
4629,Modalen,2021-2025,2021,2025,Vestland,Vestlandet,6,530,False,208.0,23.08,19.09,-3.99,5.77,19.55,13.78,12.5,13.18,0.68,6.25,5.45,-0.8,30.77,19.55,-11.22,4.81,4.55,-0.26,2.4,2.73,0.33,4.81,4.55,-0.26,3.85,5.91,2.06,5.77,5.45,-0.32,2.56,0.0,0.0,376.0,5.9296,4.2553,3.7037,55.8511,-13.2979,17.0213,17.8191,1.8563,25.3289,608000.0,3.352,3.352,36.3128,0,6.1,-8.38,-4.01,2.643233267567865,2017-2021→2021-2025
4630,Osterøy,2021-2025,2021,2025,Vestland,Vestlandet,4,717,False,4683.0,21.2,23.74,2.54,17.6,28.29,10.69,19.82,13.29,-6.53,6.49,6.59,0.1,16.53,9.38,-7.15,6.58,3.64,-2.94,2.28,2.67,0.39,2.33,3.22,0.89,3.44,4.05,0.61,3.74,5.13,1.39,3.54,20.15,5.55,8080.0,8.9971,1.1386,4.2081,2.104,9.2822,17.2401,19.1213,1.617,21.4956,579000.0,3.1707,16.1506,32.2269,0,1.26,3.46,-7.6,-1.4788069533327057,2017-2021→2021-2025
4631,Alver,2021-2025,2021,2025,Vestland,Vestlandet,4,731,False,17001.0,19.85,23.65,3.8,15.42,27.72,12.3,21.28,13.39,-7.89,9.5,9.41,-0.09,17.18,8.39,-8.79,5.15,3.47,-1.68,2.35,1.97,-0.38,1.98,2.79,0.81,3.08,4.09,1.01,4.22,5.13,0.91,3.51,18.49,-4.98,29337.0,10.2866,2.836,7.1647,21.6791,6.8173,16.3275,18.7477,1.7639,25.3321,612000.0,2.742,13.5555,35.084,1,0.01,5.08,-7.65,-1.3371639070136796,2017-2021→2021-2025
4632,Austrheim,2021-2025,2021,2025,Vestland,Vestlandet,5,641,False,1667.0,23.52,25.33,1.81,17.64,31.09,13.45,27.77,17.02,-10.75,5.1,5.81,0.71,14.88,7.9,-6.98,2.58,2.61,0.03,1.98,1.39,-0.59,1.08,1.63,0.55,2.04,3.43,1.39,3.42,3.78,0.36,6.47,14.03,2.03,2860.0,7.9586,1.9231,2.0658,26.5734,-6.993,21.1189,17.2727,1.1453,19.2893,584000.0,2.3117,17.5988,24.9068,0,3.19,5.08,-5.75,1.667928707002699,2017-2021→2021-2025
4633,Fedje,2021-2025,2021,2025,Vestland,Vestlandet,6,436,False,356.0,27.25,28.82,1.57,13.76,23.53,9.77,23.6,15.29,-8.31,14.33,14.41,0.08,10.67,3.53,-7.14,2.81,3.53,0.72,1.69,0.88,-0.81,0.56,1.76,1.2,1.12,1.47,0.35,4.21,6.76,2.55,2.63,0.0,0.0,525.0,6.2634,-0.7619,-7.46,34.2857,-41.9048,24.7619,13.1429,1.7256,24.3902,539000.0,3.7975,2.5316,45.1477,0,3.14,4.92,-7.08,1.6977431183388791,2017-2021→2021-2025
4634,Masfjorden,2021-2025,2021,2025,Vestland,Vestlandet,6,552,False,1041.0,20.17,23.31,3.14,13.16,29.31,16.15,20.56,15.03,-5.53,5.19,3.9,-1.29,30.55,13.89,-16.66,2.88,2.47,-0.41,1.15,1.43,0.28,0.96,1.62,0.66,2.31,4.47,2.16,3.07,4.57,1.5,-0.51,20.12,-4.06,1660.0,7.4146,1.6265,-0.9977,23.494,-6.6265,22.7711,16.0241,1.5324,19.764,601000.0,6.0787,9.416,36.5912,0,-0.15,6.83,-7.8,-0.13065181831758466,2017-2021→2021-2025
4635,Gulen,2021-2025,2021,2025,Vestland,Vestlandet,6,483,False,1349.0,19.64,23.28,3.64,12.01,24.44,12.43,16.16,11.75,-4.41,4.89,5.22,0.33,36.92,21.1,-15.82,2.89,1.74,-1.15,1.63,1.81,0.18,1.33,2.1,0.77,2.3,3.55,1.25,2.22,5.0,2.78,-3.39,45.54,-9.71,2272.0,7.7284,-0.5282,-3.212,2.6408,-9.243,21.5229,17.5176,0.2028,24.2932,562000.0,13.5294,10.084,33.6134,0,0.69,5.43,-9.71,-1.5684992354950644,2017-2021→2021-2025
4636,Solund,2021-2025,2021,2025,Vestland,Vestlandet,6,350,False,435.0,21.61,26.67,5.06,7.59,21.08,13.49,21.38,15.7,-5.68,1.84,1.72,-0.12,33.33,16.34,-16.99,4.14,3.44,-0.7,1.38,4.52,3.14,2.3,2.37,0.07,3.68,3.23,-0.45,2.76,4.95,2.19,-3.5,51.48,0.93,786.0,6.667,-5.8524,-7.5,-27.9898,-30.5344,24.0458,14.8855,3.2515,22.0566,578000.0,19.9041,14.1487,34.0528,0,1.03,6.12,-10.7,-0.6960711166521225,2017-2021→2021-2025
4637,Hyllestad,2021-2025,2021,2025,Vestland,Vestlandet,6,481,False,794.0,28.59,33.82,5.23,7.18,16.45,9.27,9.32,7.11,-2.21,4.16,3.82,-0.34,37.78,24.74,-13.04,3.4,1.32,-2.08,1.01,0.66,-0.35,1.01,1.97,0.96,4.41,6.05,1.64,3.15,4.08,0.93,-3.77,41.23,-14.28,1294.0,7.1655,-1.0046,-8.8256,13.1376,-23.1839,25.425,14.9923,0.8045,20.992,478000.0,9.0103,20.2363,28.9513,0,3.24,-1.24,-7.74,-1.1672135696928354,2017-2021→2021-2025
4638,Høyanger,2021-2025,2021,2025,Vestland,Vestlandet,6,547,False,2410.0,35.1,34.95,-0.15,7.97,19.56,11.59,9.29,8.13,-1.16,1.83,1.68,-0.15,25.27,13.93,-11.34,5.56,3.65,-1.91,1.29,0.95,-0.34,1.29,1.81,0.52,8.88,10.92,2.04,3.53,4.43,0.9,0.25,30.76,-9.49,4049.0,8.3062,-3.8281,-6.5963,-14.5715,-23.9565,21.7091,17.0906,1.9684,22.6481,533000.0,5.6643,17.9712,36.4573,0,-3.19,0.98,-6.39,-0.3695635477762593,2017-2021→2021-2025
4639,Vik,2021-2025,2021,2025,Vestland,Vestlandet,6,532,False,1483.0,29.94,37.46,7.52,6.14,16.61,10.47,7.08,5.58,-1.5,1.75,2.62,0.87,46.59,25.22,-21.37,3.84,3.09,-0.75,1.28,0.94,-0.34,0.74,1.95,1.21,1.28,3.16,1.88,1.35,3.36,2.01,-10.9,41.64,-17.97,2611.0,7.8675,-2.3363,-4.7797,-1.149,-22.5967,24.55,16.2007,1.0186,24.6317,560000.0,8.7706,13.0435,35.3073,0,7.58,-1.93,-4.72,1.0222596060760942,2017-2021→2021-2025
4640,Sogndal,2021-2025,2021,2025,Vestland,Vestlandet,5,659,False,6906.0,26.22,34.93,8.71,6.52,17.69,11.17,12.16,8.43,-3.73,4.6,5.45,0.85,29.81,13.41,-16.4,8.77,6.15,-2.62,3.4,2.64,-0.76,3.74,5.18,1.44,3.19,3.83,0.64,1.58,2.28,0.7,-5.23,43.12,-20.37,11938.0,9.3875,4.6741,11.0065,30.4909,16.5857,15.7983,24.2252,1.0151,40.3076,587000.0,3.6013,5.5949,47.09,1,2.13,-3.58,-2.38,3.0486577286355896,2017-2021→2021-2025
4641,Aurland,2021-2025,2021,2025,Vestland,Vestlandet,6,528,False,1016.0,29.04,33.67,4.63,8.17,17.89,9.72,13.98,10.25,-3.73,0.79,1.71,0.92,30.51,15.88,-14.63,4.82,4.02,-0.8,2.56,3.72,1.16,4.13,5.33,1.2,4.23,3.62,-0.61,1.77,3.92,2.15,-4.91,44.28,-26.46,1777.0,7.4827,3.3202,5.6387,28.7001,4.502,18.7957,22.2285,0.4309,29.0217,524000.0,5.3996,6.1555,31.6415,0,2.26,0.91,-4.81,2.306864613056274,2017-2021→2021-2025
4642,Lærdal,2021-2025,2021,2025,Vestland,Vestlandet,5,570,False,1252.0,29.63,33.18,3.55,7.91,19.63,11.72,12.06,8.9,-3.16,0.64,1.52,0.88,34.19,21.16,-13.03,6.87,4.11,-2.76,1.44,1.83,0.39,1.92,2.82,0.9,3.83,4.11,0.28,1.52,2.74,1.22,-1.31,28.32,-1.79,2129.0,7.6634,2.7713,1.9571,37.5763,-9.8638,21.2306,17.52,1.5756,29.0608,570000.0,7.4041,8.4746,36.4853,0,2.36,-2.7,-1.33,4.217116054570044,2017-2021→2021-2025
4643,Årdal,2021-2025,2021,2025,Vestland,Vestlandet,5,592,False,3155.0,58.03,58.11,0.08,4.37,15.33,10.96,7.19,6.1,-1.09,0.44,0.8,0.36,19.33,7.41,-11.92,2.88,2.65,-0.23,1.24,0.99,-0.25,1.3,2.27,0.97,3.55,3.77,0.22,1.65,2.59,0.94,-0.96,35.62,-35.62,5170.0,8.5506,0.8317,-3.9786,25.7253,-17.6015,20.9478,17.8917,0.8247,22.3188,555000.0,0.3858,43.5571,27.9707,0,-1.81,2.75,-2.48,2.216386580440606,2017-2021→2021-2025
4644,Luster,2021-2025,2021,2025,Vestland,Vestlandet,5,567,False,3121.0,29.77,39.44,9.67,6.15,14.36,8.21,8.62,6.11,-2.51,5.03,7.24,2.21,37.26,20.01,-17.25,4.39,2.87,-1.52,1.99,1.41,-0.58,2.27,2.69,0.42,2.72,3.18,0.46,1.79,2.69,0.9,-9.04,51.31,-13.74,5189.0,8.5543,4.683,6.1352,42.2047,3.8543,19.2523,17.8454,1.1086,28.6665,561000.0,6.7117,10.7987,37.0079,0,2.24,-2.44,-2.29,3.372352837669948,2017-2021→2021-2025
4645,Askvoll,2021-2025,2021,2025,Vestland,Vestlandet,6,504,False,1777.0,18.4,23.97,5.57,10.86,21.48,10.62,14.35,10.19,-4.16,6.19,4.81,-1.38,34.16,21.02,-13.14,6.19,5.91,-0.28,2.87,3.18,0.31,1.35,2.14,0.79,2.7,3.18,0.48,2.93,4.11,1.18,-2.52,28.34,-7.15,2991.0,8.0034,-2.0395,-2.5931,1.003,-21.7319,24.1057,16.115,1.2527,24.4149,563000.0,13.0054,7.8167,34.434,0,0.82,1.8,-12.46,-4.4050563905845035,2017-2021→2021-2025
4646,Fjaler,2021-2025,2021,2025,Vestland,Vestlandet,6,562,False,1546.0,23.22,27.86,4.64,7.83,15.54,7.71,11.25,9.41,-1.84,2.98,3.1,0.12,34.09,21.42,-12.67,7.76,6.06,-1.7,3.36,3.16,-0.2,3.43,5.31,1.88,4.01,4.67,0.66,2.07,3.47,1.4,-4.96,30.82,-3.71,2885.0,7.9673,1.3518,3.5778,12.825,0.3466,20.7279,18.9255,0.5785,28.5346,471000.0,8.8692,5.4693,43.0894,0,3.17,-7.96,-2.77,3.1098094212676943,2017-2021→2021-2025
4647,Sunnfjord,2021-2025,2021,2025,Vestland,Vestlandet,5,667,False,12709.0,26.53,30.46,3.93,6.74,17.92,11.18,16.49,11.33,-5.16,4.12,3.97,-0.15,25.93,16.08,-9.85,7.56,5.43,-2.13,3.16,3.03,-0.13,3.31,4.26,0.95,3.81,4.0,0.19,2.34,3.54,1.2,1.33,26.29,-4.89,22020.0,9.9997,2.9155,5.0918,14.1689,14.8955,15.0409,20.5086,1.6964,33.6921,600000.0,3.8341,4.7716,41.635,1,2.53,-2.85,-3.79,1.9737116739272835,2017-2021→2021-2025
4648,Bremanger,2021-2025,2021,2025,Vestland,Vestlandet,6,476,False,2018.0,26.11,29.28,3.17,11.69,25.71,14.02,14.12,10.27,-3.85,3.96,3.97,0.01,25.17,13.5,-11.67,4.91,4.27,-0.64,3.17,3.18,0.01,1.64,1.54,-0.1,6.1,5.26,-0.84,3.12,3.03,-0.09,2.35,25.64,-7.4,3597.0,8.1879,-6.561,-13.599,-30.303,-35.3072,23.9644,15.4295,0.4926,20.231,544000.0,9.3992,22.0702,33.8489,0,0.88,-3.39,-4.69,2.374985862396456,2017-2021→2021-2025
4649,Stad,2021-2025,2021,2025,Vestland,Vestlandet,5,607,False,5456.0,16.68,21.69,5.01,15.73,27.84,12.11,11.8,9.35,-2.45,5.15,5.55,0.4,29.67,17.87,-11.8,4.62,2.92,-1.7,8.54,5.99,-2.55,1.98,2.81,0.83,3.21,3.08,-0.13,2.62,2.9,0.28,0.31,27.64,5.21,9517.0,9.1608,1.45,10.4817,16.7069,-1.6812,19.2918,18.4932,1.3089,26.6977,572000.0,7.1235,13.6846,34.8052,1,3.65,1.43,-4.72,1.4291594821267246,2017-2021→2021-2025
4650,Gloppen,2021-2025,2021,2025,Vestland,Vestlandet,5,617,False,3505.0,17.95,20.85,2.9,5.22,13.64,8.42,8.25,8.07,-0.18,7.02,9.01,1.99,43.25,31.22,-12.03,6.39,5.24,-1.15,3.28,2.3,-0.98,3.22,3.49,0.27,2.65,3.13,0.48,2.77,3.05,0.28,-3.61,48.69,-20.06,5885.0,8.6802,0.8666,3.2168,9.0059,-0.6797,20.5268,17.9099,0.885,32.2206,585000.0,8.0762,11.3592,36.3427,0,3.57,-5.29,-0.96,3.9284847261823277,2017-2021→2021-2025
4651,Stryn,2021-2025,2021,2025,Vestland,Vestlandet,5,603,False,3823.0,19.41,24.55,5.14,11.82,25.08,13.26,17.5,12.67,-4.83,3.85,4.17,0.32,33.8,19.63,-14.17,3.22,2.53,-0.69,3.74,2.92,-0.82,1.31,2.12,0.81,2.51,2.66,0.15,2.85,3.66,0.81,-0.91,33.96,-1.63,7118.0,8.8704,2.7114,2.1803,25.288,1.4049,18.39,18.4181,0.4583,26.3076,539000.0,6.3163,19.2941,26.672,0,3.22,0.11,-8.13,-1.2539243815085435,2017-2021→2021-2025
5001,Trondheim - Tråante,2021-2025,2021,2025,Trøndelag,Trøndelag,2,885,False,119873.0,30.32,32.27,1.95,7.4,17.32,9.92,18.32,14.05,-4.27,1.85,2.13,0.28,7.68,2.81,-4.87,11.51,8.62,-2.89,5.74,4.61,-1.13,6.54,7.57,1.03,6.89,6.94,0.05,3.75,3.7,-0.05,5.05,7.09,-5.04,207595.0,12.2433,4.2983,13.3869,26.0748,16.6912,13.0466,27.7112,0.9407,45.038,534000.0,0.5599,4.9297,39.1192,1,-2.76,2.2,-3.78,0.17709388690863515,2017-2021→2021-2025
5006,Steinkjer - Stïentje,2021-2025,2021,2025,Trøndelag,Trøndelag,4,721,False,13792.0,35.47,37.17,1.7,6.74,17.52,10.78,9.19,7.05,-2.14,1.08,1.38,0.3,30.07,17.63,-12.44,5.47,3.93,-1.54,2.23,1.97,-0.26,1.87,2.11,0.24,4.73,6.92,2.19,3.15,4.32,1.17,-1.66,44.87,-23.21,24152.0,10.0921,-0.3644,-0.5497,6.2935,-10.2683,19.9487,18.8183,1.5981,28.0896,519000.0,5.5838,7.6498,38.3471,1,0.36,0.98,-3.29,0.7234183822882603,2017-2021→2021-2025
5007,Namsos - Nåavmesjenjaelmie,2021-2025,2021,2025,Trøndelag,Trøndelag,4,690,False,8499.0,34.39,36.9,2.51,7.87,21.07,13.2,10.99,10.27,-0.72,2.69,3.25,0.56,27.07,10.92,-16.15,6.12,4.48,-1.64,1.87,1.7,-0.17,1.74,2.53,0.79,3.97,4.85,0.88,3.28,4.01,0.73,-2.95,25.32,-9.91,15096.0,9.6222,0.3842,-0.9542,7.088,-3.3121,18.8328,19.8132,1.5249,28.7287,536000.0,5.601,6.4317,43.776,1,-2.18,9.24,-4.66,-0.059773622900036294,2017-2021→2021-2025
5014,Frøya,2021-2025,2021,2025,Trøndelag,Trøndelag,6,531,False,2288.0,27.8,27.31,-0.49,17.09,35.01,17.92,19.58,15.13,-4.45,1.57,1.82,0.25,14.9,3.79,-11.11,4.11,2.82,-1.29,1.7,2.46,0.76,1.53,1.37,-0.16,6.64,5.37,-1.27,5.07,4.92,-0.15,6.81,18.95,-14.34,5204.0,8.5572,8.6664,22.0328,80.8993,4.9962,15.1422,23.5588,-0.2527,22.9206,530000.0,13.29,29.8664,25.4966,0,-8.44,5.24,0.44,8.300339414991631,2017-2021→2021-2025
5020,Osen,2021-2025,2021,2025,Trøndelag,Trøndelag,6,459,False,535.0,31.4,29.6,-1.8,10.65,23.53,12.88,7.48,6.25,-1.23,1.12,2.57,1.45,34.95,20.4,-14.55,4.3,3.31,-0.99,2.24,1.65,-0.59,0.75,2.02,1.27,2.8,6.43,3.63,4.3,4.23,-0.07,-1.67,22.09,3.5,925.0,6.8298,-3.6757,-11.7822,11.8919,-48.6486,27.5676,14.9189,1.6131,18.3648,491000.0,20.4176,3.7123,35.2668,0,1.29,3.61,-2.91,3.281834849640716,2017-2021→2021-2025
5021,Oppdal,2021-2025,2021,2025,Trøndelag,Trøndelag,5,666,False,4116.0,27.07,29.75,2.68,8.82,22.69,13.87,13.53,10.13,-3.4,4.08,4.67,0.59,29.08,15.32,-13.76,5.54,3.62,-1.92,3.38,3.01,-0.37,3.23,4.27,1.04,2.43,2.8,0.37,2.84,3.74,0.9,0.11,40.3,-22.07,6981.0,8.8509,6.1166,8.1144,65.3202,-4.2974,19.9971,18.0776,0.2917,25.8367,530000.0,7.3094,8.3049,30.2617,0,-1.17,3.41,-6.87,-1.1774396277574084,2017-2021→2021-2025
5022,Rennebu,2021-2025,2021,2025,Trøndelag,Trøndelag,5,602,False,1500.0,24.07,28.66,4.59,5.73,16.45,10.72,8.0,6.41,-1.59,8.67,8.77,0.1,40.67,23.47,-17.2,3.87,3.3,-0.57,1.4,1.55,0.15,2.07,3.24,1.17,2.67,4.52,1.85,2.87,3.64,0.77,-6.48,31.48,-2.6,2454.0,7.8055,2.4042,-2.1036,31.3773,-6.9275,23.6349,16.4629,1.395,18.7317,511000.0,15.0628,5.6904,30.2092,0,-3.46,9.28,-3.25,1.567480407336526,2017-2021→2021-2025
5025,Røros - Rosse,2021-2025,2021,2025,Trøndelag,Trøndelag,5,644,False,3521.0,34.59,42.16,7.57,4.69,12.45,7.76,11.76,8.8,-2.96,0.74,0.92,0.18,25.22,10.78,-14.44,10.91,8.4,-2.51,2.19,2.35,0.16,2.16,3.33,1.17,5.2,7.05,1.85,2.56,3.76,1.2,-6.68,21.12,-9.13,5550.0,8.6216,2.3604,1.5734,30.6306,-7.5676,22.4685,17.5495,1.4006,29.2724,509000.0,3.7866,16.833,32.7711,0,-6.66,6.31,-3.88,1.2693473910432695,2017-2021→2021-2025
5026,Holtålen,2021-2025,2021,2025,Trøndelag,Trøndelag,6,524,False,1334.0,30.81,39.85,9.04,5.7,16.81,11.11,4.95,3.5,-1.45,0.15,0.99,0.84,47.15,22.21,-24.94,3.67,2.36,-1.31,0.52,0.3,-0.22,0.52,1.06,0.54,2.7,5.1,2.4,3.82,7.83,4.01,-13.83,27.15,-13.32,1968.0,7.5848,4.065,1.6882,37.6016,2.0325,24.187,16.8191,1.9849,21.3604,536000.0,5.6133,9.9792,33.8877,0,-4.27,6.61,-2.23,3.1345311497846917,2017-2021→2021-2025
5027,Midtre Gauldal,2021-2025,2021,2025,Trøndelag,Trøndelag,5,657,False,3448.0,26.91,29.18,2.27,8.61,20.37,11.76,8.27,6.83,-1.44,3.25,3.74,0.49,40.57,27.14,-13.43,3.71,2.25,-1.46,1.36,1.34,-0.02,0.73,1.11,0.38,2.58,2.8,0.22,4.0,5.25,1.25,-1.67,37.05,-15.99,6243.0,8.7392,-1.6338,-3.0777,-12.9745,-2.5629,18.4847,20.2947,0.9421,19.4975,523000.0,7.8556,16.4695,26.9639,0,-4.79,8.69,-5.02,-0.07997164512194566,2017-2021→2021-2025
5028,Melhus,2021-2025,2021,2025,Trøndelag,Trøndelag,3,776,False,9616.0,28.63,29.21,0.58,11.15,25.85,14.7,14.4,9.7,-4.7,4.44,4.68,0.24,25.35,12.96,-12.39,4.95,3.51,-1.44,2.0,1.91,-0.09,1.81,2.68,0.87,3.06,3.89,0.83,4.21,5.61,1.4,2.31,30.33,-14.01,16949.0,9.738,5.0917,11.9125,39.8254,10.9151,15.6115,19.6649,0.6528,24.9297,586000.0,3.0328,7.3116,33.2315,0,-3.63,8.46,-4.93,-0.20016784507688978,2017-2021→2021-2025
5029,Skaun,2021-2025,2021,2025,Trøndelag,Trøndelag,4,746,False,4732.0,27.56,31.75,4.19,10.71,23.47,12.76,15.03,10.18,-4.85,3.66,4.59,0.93,25.17,10.99,-14.18,6.0,5.11,-0.89,2.87,2.34,-0.53,1.97,2.71,0.74,3.61,3.96,0.35,3.42,4.89,1.47,-1.42,31.17,-7.48,8367.0,9.0321,1.8406,11.1242,-1.7928,19.8398,13.2305,18.4056,1.4508,29.1699,662000.0,2.381,6.4426,35.3875,0,-2.72,7.47,-3.46,2.0533984497591424,2017-2021→2021-2025
5031,Malvik,2021-2025,2021,2025,Trøndelag,Trøndelag,3,807,False,8057.0,34.14,34.67,0.53,9.62,21.74,12.12,17.33,12.86,-4.47,1.96,2.29,0.33,12.1,4.98,-7.12,8.07,5.53,-2.54,3.74,3.31,-0.43,4.02,5.25,1.23,5.06,5.1,0.04,3.96,4.27,0.31,5.0,17.47,-11.15,14334.0,9.5704,4.8068,11.298,30.1381,18.0689,12.6552,18.8852,1.0438,36.776,647000.0,1.1324,6.2771,37.5926,0,-1.17,3.87,-4.31,0.3505412132140613,2017-2021→2021-2025
5032,Selbu,2021-2025,2021,2025,Trøndelag,Trøndelag,5,643,False,2388.0,31.95,33.89,1.94,7.5,22.08,14.58,12.52,10.26,-2.26,1.17,1.2,0.03,33.29,17.96,-15.33,4.4,4.99,0.59,1.3,1.24,-0.06,1.3,1.52,0.22,3.64,3.27,-0.37,2.93,3.59,0.66,-0.75,25.51,5.57,4069.0,8.3112,4.0305,3.8009,45.7115,-5.8983,20.8651,17.3999,1.2233,23.0294,550000.0,6.8356,17.0172,31.8356,0,-4.6,9.93,-4.55,0.8936666849760133,2017-2021→2021-2025
5033,Tydal,2021-2025,2021,2025,Trøndelag,Trøndelag,6,519,False,524.0,22.14,28.46,6.32,7.82,20.36,12.54,5.73,4.15,-1.58,0.0,0.59,0.59,53.63,32.81,-20.82,2.67,2.96,0.29,1.34,1.38,0.04,1.34,1.38,0.04,2.86,4.74,1.88,2.48,3.16,0.68,-8.28,69.17,-10.71,759.0,6.632,3.5573,-8.9224,65.8762,-30.303,25.4282,15.6785,1.9255,19.3893,532000.0,10.4859,6.1381,30.179,0,-7.28,9.5,-1.91,3.1424227949265786,2017-2021→2021-2025
5034,Meråker,2021-2025,2021,2025,Trøndelag,Trøndelag,5,626,False,1342.0,33.46,37.84,4.38,8.12,17.91,9.79,7.82,5.82,-2.0,0.75,0.67,-0.08,29.58,17.46,-12.12,6.11,4.93,-1.18,2.31,1.64,-0.67,1.19,1.57,0.38,7.0,7.09,0.09,3.65,5.07,1.42,-2.33,32.83,-3.87,2413.0,7.7886,2.4451,-3.362,46.0008,-20.7211,21.9229,16.0796,0.8117,21.3511,496000.0,5.8442,14.7495,37.8479,0,-1.83,4.39,-4.14,0.6368053865491907,2017-2021→2021-2025
5035,Stjørdal,2021-2025,2021,2025,Trøndelag,Trøndelag,3,802,False,13904.0,33.49,36.17,2.68,10.08,22.58,12.5,14.61,11.43,-3.18,2.51,2.71,0.2,20.46,9.39,-11.07,5.96,4.51,-1.45,2.65,2.27,-0.38,2.62,2.94,0.32,4.2,3.86,-0.34,3.44,4.13,0.69,1.43,38.46,-7.21,24283.0,10.0975,2.6521,8.5813,22.1142,4.6123,16.7278,19.4128,1.6339,28.798,564000.0,2.6911,5.941,35.7149,0,-1.57,5.22,-4.92,-0.49510383501185107,2017-2021→2021-2025
5036,Frosta,2021-2025,2021,2025,Trøndelag,Trøndelag,5,657,False,1551.0,29.08,31.62,2.54,8.12,17.81,9.69,16.89,13.17,-3.72,3.55,3.44,-0.11,28.69,17.11,-11.58,3.61,2.23,-1.38,2.77,3.5,0.73,1.68,2.16,0.48,2.51,3.88,1.37,3.09,5.09,2.0,-1.89,27.88,-7.52,2609.0,7.8667,1.9931,1.4101,30.2798,-9.5822,20.5059,18.0529,1.3655,22.2784,537000.0,15.7978,6.5561,30.1738,0,1.97,2.37,-2.65,2.9696476707644615,2017-2021→2021-2025
5037,Levanger - Levangke,2021-2025,2021,2025,Trøndelag,Trøndelag,4,752,False,11510.0,35.46,37.71,2.25,6.57,17.02,10.45,10.54,8.25,-2.29,4.35,4.72,0.37,24.82,12.67,-12.15,7.11,4.99,-2.12,2.31,2.1,-0.21,2.28,3.46,1.18,3.64,5.21,1.57,2.92,3.88,0.96,-1.7,30.56,-9.9,20170.0,9.912,2.7863,6.4599,21.6658,6.5444,17.1889,20.6049,1.8734,35.2678,562000.0,5.2081,10.004,45.9783,0,-1.24,4.11,-3.54,0.5991805136635548,2017-2021→2021-2025
5038,Verdal,2021-2025,2021,2025,Trøndelag,Trøndelag,4,747,False,8480.0,37.38,41.28,3.9,7.63,20.27,12.64,9.5,8.99,-0.51,1.13,1.31,0.18,30.31,12.73,-17.58,4.78,3.34,-1.44,1.27,1.17,-0.1,1.33,1.61,0.28,3.57,5.04,1.47,3.09,4.26,1.17,-4.94,51.11,-32.82,14986.0,9.6149,2.8427,4.0718,27.4923,0.8675,18.4305,19.6183,1.4695,23.7744,521000.0,4.3951,12.6484,35.6699,0,0.65,4.49,-4.21,-0.2073298045310903,2017-2021→2021-2025
5041,Snåase - Snåsa,2021-2025,2021,2025,Trøndelag,Trøndelag,6,561,False,1311.0,25.4,29.8,4.4,3.05,10.14,7.09,5.42,4.84,-0.58,0.23,0.94,0.71,50.11,34.32,-15.79,5.8,5.54,-0.26,0.76,1.09,0.33,1.37,0.86,-0.51,5.26,7.49,2.23,2.59,4.99,2.4,-8.7,48.65,0.5,2054.0,7.6275,4.0896,-0.6967,48.1986,-8.2765,22.6874,17.0886,-0.6575,27.1017,523000.0,13.1605,6.8794,43.0708,0,-6.97,5.45,-2.69,2.287617580235572,2017-2021→2021-2025
5042,Lierne,2021-2025,2021,2025,Trøndelag,Trøndelag,6,398,False,759.0,32.02,43.15,11.13,5.4,13.7,8.3,5.01,4.38,-0.63,1.84,1.78,-0.06,49.93,29.45,-20.48,1.19,0.96,-0.23,1.45,2.33,0.88,0.53,0.55,0.02,1.05,2.05,1.0,1.58,1.64,0.06,-12.18,35.39,14.96,1328.0,7.1914,-0.9036,-5.5954,11.2952,-19.5783,24.1717,15.5873,1.8162,21.1317,538000.0,11.3833,10.0865,40.0576,0,1.83,2.76,-2.13,4.582338077112543,2017-2021→2021-2025
5043,Raarvihke - Røyrvik,2021-2025,2021,2025,Trøndelag,Trøndelag,6,389,False,287.0,28.22,33.58,5.36,5.57,16.23,10.66,5.23,2.26,-2.97,4.18,4.15,-0.03,44.6,23.02,-21.58,4.53,9.06,4.53,1.05,1.13,0.08,0.7,2.26,1.56,1.74,4.91,3.17,4.18,3.4,-0.78,-10.92,0.0,0.0,459.0,6.1291,-3.4858,-6.7368,-8.7146,-23.9651,25.2723,15.2505,2.9444,22.4806,540000.0,9.1286,2.4896,41.9087,0,-5.0,6.39,-4.4,2.584196314598029,2017-2021→2021-2025
5044,Namsskogan,2021-2025,2021,2025,Trøndelag,Trøndelag,6,427,False,496.0,34.27,39.82,5.55,8.06,17.29,9.23,5.04,5.25,0.21,0.81,1.53,0.72,36.9,17.72,-19.18,3.83,4.81,0.98,1.01,0.88,-0.13,1.21,1.53,0.32,5.24,7.66,2.42,3.63,3.5,-0.13,-9.95,21.31,5.27,846.0,6.7405,-4.1371,-9.0807,16.5485,-57.9196,25.6501,14.4208,-1.2358,16.2465,501000.0,8.3756,1.5228,39.3401,0,-2.33,6.71,-5.53,1.091579321272901,2017-2021→2021-2025
5045,Grong,2021-2025,2021,2025,Trøndelag,Trøndelag,5,593,False,1400.0,28.43,36.6,8.17,4.57,14.8,10.23,6.5,5.38,-1.12,0.79,0.96,0.17,44.0,25.63,-18.37,6.86,4.86,-2.0,0.86,0.44,-0.42,1.43,1.62,0.19,3.93,5.23,1.3,2.64,4.49,1.85,-8.14,50.56,-6.8,2347.0,7.7609,-1.4061,-7.0309,0.0,-14.4866,21.8577,17.4691,2.17,24.8843,512000.0,7.6658,5.4264,42.8079,0,-3.43,9.1,-4.93,0.3151726888313586,2017-2021→2021-2025
5046,Høylandet,2021-2025,2021,2025,Trøndelag,Trøndelag,6,525,False,763.0,31.59,41.44,9.85,3.28,10.03,6.75,2.88,3.48,0.6,0.26,0.8,0.54,55.83,33.82,-22.01,2.36,2.14,-0.22,0.66,1.87,1.21,1.18,0.94,-0.24,0.52,2.81,2.29,1.44,2.67,1.23,-15.26,61.68,-10.74,1215.0,7.1025,1.6461,-1.3578,47.7366,-30.4527,24.0329,14.6502,0.9873,26.6936,564000.0,12.0635,7.3016,41.9048,0,-4.19,8.12,-2.23,2.8612746623959926,2017-2021→2021-2025
5047,Overhalla,2021-2025,2021,2025,Trøndelag,Trøndelag,5,611,False,2152.0,25.23,31.41,6.18,6.27,19.51,13.24,6.6,8.15,1.55,0.51,1.1,0.59,50.05,26.69,-23.36,5.11,3.71,-1.4,0.84,1.1,0.26,1.12,1.69,0.57,2.6,3.53,0.93,1.67,3.11,1.44,-10.12,59.58,-9.69,3865.0,8.2597,2.0957,5.1986,18.8875,2.5873,16.5071,19.379,0.7509,26.899,607000.0,9.5684,11.6485,35.4654,0,-5.68,12.15,-4.41,0.9099133325799329,2017-2021→2021-2025
5049,Flatanger,2021-2025,2021,2025,Trøndelag,Trøndelag,6,475,False,677.0,24.37,26.61,2.24,12.11,24.36,12.25,15.21,10.31,-4.9,2.36,1.64,-0.72,26.44,16.59,-9.85,8.42,6.73,-1.69,1.18,1.79,0.61,1.62,1.49,-0.13,5.32,5.08,-0.24,2.95,5.38,2.43,2.4,34.97,-8.31,1100.0,7.0031,1.9091,0.1787,17.2727,1.8182,22.3636,19.0909,2.9709,26.343,541000.0,30.5228,6.2395,30.6914,0,0.48,1.48,-2.86,4.48149408620222,2017-2021→2021-2025
5052,Leka,2021-2025,2021,2025,Trøndelag,Trøndelag,6,386,False,341.0,28.15,28.16,0.01,6.16,18.68,12.52,4.4,1.72,-2.68,0.29,0.86,0.57,50.15,33.62,-16.53,4.4,3.74,-0.66,0.0,0.29,0.29,0.88,0.86,-0.02,2.93,3.74,0.81,2.64,8.33,5.69,-4.01,43.38,9.4,563.0,6.3333,5.3286,3.3101,72.8242,-19.5382,26.9982,14.9201,0.995,18.6441,502000.0,33.5849,1.1321,34.717,0,2.89,-3.5,-2.11,4.720742760047742,2017-2021→2021-2025
5053,Inderøy,2021-2025,2021,2025,Trøndelag,Trøndelag,4,670,False,4206.0,32.72,36.91,4.19,5.14,13.95,8.81,9.42,7.85,-1.57,2.59,3.35,0.76,31.67,19.19,-12.48,7.61,4.71,-2.9,1.43,1.52,0.09,1.97,2.56,0.59,4.04,6.07,2.03,3.42,3.88,0.46,-3.67,44.26,-13.79,6764.0,8.8194,3.9474,3.8552,39.4737,-0.4435,19.6334,17.1348,1.2314,31.0902,583000.0,7.5145,11.6215,38.9717,0,0.53,1.69,-2.84,1.6812624167972459,2017-2021→2021-2025
5054,Indre Fosen,2021-2025,2021,2025,Trøndelag,Trøndelag,5,621,False,5640.0,22.54,26.54,4.0,12.61,25.58,12.97,12.64,9.55,-3.09,2.82,3.28,0.46,31.4,15.89,-15.51,4.98,3.94,-1.04,1.4,1.16,-0.24,1.81,2.45,0.64,2.8,4.59,1.79,7.0,7.03,0.03,-2.54,26.16,-9.36,9948.0,9.2051,0.9449,-1.375,18.1946,-8.846,20.8886,16.2545,1.6567,21.9627,532000.0,6.4922,16.3026,35.7791,1,-2.74,9.32,-8.26,-2.2659958540447516,2017-2021→2021-2025
5055,Heim,2021-2025,2021,2025,Trøndelag,Trøndelag,5,588,True,3455.0,31.26,34.76,3.5,9.96,23.12,13.16,11.46,10.13,-1.33,2.05,2.4,0.35,32.68,15.85,-16.83,3.39,2.17,-1.22,1.62,1.66,0.04,1.39,1.63,0.24,3.24,4.09,0.85,2.95,4.18,1.23,-3.67,33.09,-13.31,5941.0,8.6896,3.2486,2.7889,50.1599,-17.6738,21.9828,18.5827,1.0853,19.5872,539000.0,11.5665,17.9576,31.3998,1,-3.77,8.12,-5.05,0.7804471027528974,2017-2021→2021-2025
5056,Hitra,2021-2025,2021,2025,Trøndelag,Trøndelag,6,551,True,2522.0,23.51,26.54,3.03,16.97,34.65,17.68,17.64,11.05,-6.59,1.59,2.08,0.49,19.55,6.59,-12.96,4.6,3.28,-1.32,1.55,1.82,0.27,1.86,1.34,-0.52,5.79,6.48,0.69,6.94,6.18,-0.76,4.72,11.87,-6.4,5140.0,8.5448,5.3307,10.446,42.9961,10.1167,18.5603,20.7393,-0.3298,21.6979,502000.0,10.1476,20.4059,26.3838,1,-1.43,4.56,-3.18,4.141639077384999,2017-2021→2021-2025
5057,Ørland,2021-2025,2021,2025,Trøndelag,Trøndelag,5,603,False,5637.0,27.34,28.17,0.83,12.84,28.35,15.51,16.52,10.94,-5.58,1.72,2.35,0.63,24.27,11.96,-12.31,4.4,2.7,-1.7,1.83,1.78,-0.05,1.67,2.33,0.66,3.71,4.9,1.19,5.71,6.51,0.8,3.2,33.18,-10.89,10306.0,9.2405,3.1147,7.3651,32.5053,-1.4555,19.1345,20.4444,0.8523,23.0879,523000.0,6.3622,9.1966,41.8842,1,-0.39,6.64,-7.12,-0.24182060186908227,2017-2021→2021-2025
5058,Åfjord,2021-2025,2021,2025,Trøndelag,Trøndelag,6,512,False,2496.0,22.24,26.59,4.35,15.1,26.91,11.81,12.94,8.3,-4.64,5.01,5.23,0.22,31.53,18.16,-13.37,3.65,2.95,-0.7,1.6,1.88,0.28,1.32,1.84,0.52,3.33,4.27,0.94,3.29,3.87,0.58,-1.56,31.09,9.38,4271.0,8.3596,1.6624,2.7692,27.1599,-10.7703,22.5474,18.6139,0.898,19.6844,535000.0,15.5221,5.8796,33.349,1,-2.24,5.87,-6.0,1.1173006872524027,2017-2021→2021-2025
5059,Orkland,2021-2025,2021,2025,Trøndelag,Trøndelag,4,728,True,10325.0,32.45,34.11,1.66,10.73,25.35,14.62,11.85,8.29,-3.56,2.03,2.45,0.42,28.64,13.61,-15.03,4.32,3.26,-1.06,2.14,2.09,-0.05,1.39,2.03,0.64,2.6,3.57,0.97,3.85,5.26,1.41,-0.41,31.3,-12.06,18300.0,9.8147,2.7213,4.6806,32.2951,-5.2459,19.3497,18.1093,1.0248,22.0847,534000.0,5.5264,13.8216,33.8506,1,-3.62,9.91,-4.85,-0.28667651378492387,2017-2021→2021-2025
5060,Nærøysund,2021-2025,2021,2025,Trøndelag,Trøndelag,5,581,False,5173.0,28.26,25.77,-2.49,16.01,28.41,12.4,11.31,12.47,1.16,2.98,3.78,0.8,26.66,13.51,-13.15,3.73,2.97,-0.76,2.75,1.63,-1.12,1.08,1.72,0.64,3.25,4.96,1.71,3.98,4.79,0.81,-0.75,23.28,2.02,9581.0,9.1675,3.5487,5.0508,30.8945,3.9662,17.5451,20.5093,0.1648,20.4261,543000.0,13.9573,11.1292,30.763,1,1.81,3.12,-6.12,0.22035378764222635,2017-2021→2021-2025
5061,Rindal,2021-2025,2021,2025,Trøndelag,Trøndelag,5,607,False,1230.0,29.11,35.98,6.87,6.02,12.7,6.68,7.48,6.35,-1.13,1.79,2.03,0.24,44.15,28.84,-15.31,3.41,3.88,0.47,0.98,0.53,-0.45,1.71,2.29,0.58,2.44,3.44,1.0,2.93,3.97,1.04,-8.63,42.55,8.33,1989.0,7.5954,-2.6144,-4.9558,-17.5968,-8.547,23.0266,17.5465,1.0828,21.8675,560000.0,10.7708,12.5494,32.7075,0,-0.59,2.81,-3.91,1.0214305151204135,2017-2021→2021-2025
5501,Tromsø,2021-2025,2021,2025,Troms,Nord-Norge,3,803,False,42357.0,26.19,29.61,3.42,12.55,22.07,9.52,14.44,12.03,-2.41,2.07,2.58,0.51,12.48,3.53,-8.95,15.23,9.58,-5.65,3.48,2.61,-0.87,4.42,5.27,0.85,6.33,9.02,2.69,2.81,3.69,0.88,0.57,10.95,-8.94,77095.0,11.2528,3.0171,9.2734,11.4534,18.6004,12.4288,25.8383,1.3836,43.4469,544000.0,1.5928,3.1667,45.8099,0,3.23,3.84,-7.89,-3.1081360643269784,2017-2021→2021-2025
5503,Harstad - Hárstták,2021-2025,2021,2025,Troms,Nord-Norge,4,738,False,13653.0,29.72,31.56,1.84,15.22,27.76,12.54,17.9,12.61,-5.29,1.74,2.29,0.55,15.54,5.23,-10.31,7.82,5.29,-2.53,2.67,2.04,-0.63,2.53,3.34,0.81,4.15,5.5,1.35,2.72,4.38,1.66,2.23,17.81,-13.06,24738.0,10.1161,1.7342,1.9898,13.7845,3.5169,18.0613,20.3776,2.0087,33.1528,534000.0,2.1376,4.7011,43.9394,0,2.92,5.16,-6.46,-1.164981066055648,2017-2021→2021-2025
5510,Kvæfjord,2021-2025,2021,2025,Troms,Nord-Norge,5,587,False,1598.0,27.72,31.14,3.42,14.58,26.58,12.0,12.08,7.13,-4.95,1.5,1.94,0.44,24.16,10.82,-13.34,9.82,7.19,-2.63,2.75,2.25,-0.5,1.75,2.31,0.56,3.94,6.07,2.13,1.69,4.57,2.88,-1.34,28.61,-3.24,2822.0,7.9452,1.0631,-7.2822,19.8441,-9.2133,21.3678,18.7101,1.7388,26.4262,533000.0,7.3009,3.3923,47.8614,0,1.73,5.27,-4.59,0.9894612791108965,2017-2021→2021-2025
5512,Dielddanuorri - Tjeldsund,2021-2025,2021,2025,Troms,Nord-Norge,6,542,False,2435.0,31.62,30.54,-1.08,17.29,30.7,13.41,16.22,11.59,-4.63,1.23,2.32,1.09,19.1,8.27,-10.83,4.31,4.96,0.65,1.15,1.16,0.01,2.01,1.64,-0.37,2.92,4.28,1.36,4.15,4.56,0.41,2.58,12.85,-1.68,4209.0,8.345,0.0,-1.3824,19.2445,-19.4821,24.6139,14.6353,1.473,24.0101,532000.0,4.4728,8.4132,46.3791,1,3.25,8.31,-12.23,-4.415297303477396,2017-2021→2021-2025
5514,Ibestad,2021-2025,2021,2025,Troms,Nord-Norge,6,447,False,756.0,27.78,30.49,2.71,14.55,29.29,14.74,17.46,15.45,-2.01,1.32,1.2,-0.12,27.38,7.59,-19.79,2.78,1.86,-0.92,1.19,2.0,0.81,0.79,0.53,-0.26,2.78,8.12,5.34,3.97,3.46,-0.51,-5.05,19.29,-11.18,1320.0,7.1854,-1.4394,-7.7305,34.8485,-48.4848,30.0,15.303,0.7456,18.4524,473000.0,16.9284,6.1082,41.3613,0,1.68,6.32,-5.49,2.43725541800298,2017-2021→2021-2025
5516,Gratangen - Rivtták,2021-2025,2021,2025,Troms,Nord-Norge,6,509,False,580.0,23.45,24.29,0.84,18.28,31.5,13.22,8.1,4.17,-3.93,2.07,3.42,1.35,34.14,15.56,-18.58,6.55,4.93,-1.62,0.69,1.71,1.02,0.86,0.95,0.09,3.97,9.49,5.52,1.9,3.98,2.08,-5.36,46.21,3.16,1092.0,6.9958,-2.7473,-6.5963,0.9158,-29.304,22.8022,16.0256,1.9624,21.254,462000.0,10.3306,7.8512,45.0413,0,-4.69,13.12,-8.34,-1.6361004637213572,2017-2021→2021-2025
5518,Loabák - Lavangen,2021-2025,2021,2025,Troms,Nord-Norge,6,517,False,589.0,32.6,36.23,3.63,10.19,20.43,10.24,11.54,10.12,-1.42,1.7,2.84,1.14,33.79,16.16,-17.63,2.38,2.66,0.28,0.51,0.53,0.02,0.68,0.89,0.21,3.23,5.68,2.45,3.4,4.44,1.04,-7.39,33.85,-17.91,1020.0,6.9276,-3.4314,-2.2817,-0.9804,-33.3333,23.2353,14.2157,1.9424,21.7703,547000.0,3.271,2.1028,52.3364,0,2.35,3.69,-6.93,0.10296361815430188,2017-2021→2021-2025
5520,Bardu,2021-2025,2021,2025,Troms,Nord-Norge,5,597,False,2402.0,29.6,32.62,3.02,8.83,24.22,15.39,11.91,10.16,-1.75,0.71,1.13,0.42,35.89,15.89,-20.0,4.83,4.77,-0.06,2.21,1.71,-0.5,2.12,1.8,-0.32,2.21,4.06,1.85,1.71,3.64,1.93,-4.61,62.88,-14.61,3959.0,8.2837,0.0505,-2.8691,-3.7888,3.0311,18.6411,25.4357,1.1772,29.8112,556000.0,2.6679,1.7019,67.3413,0,5.32,0.35,-6.67,-0.5955508056791894,2017-2021→2021-2025
5522,Salangen,2021-2025,2021,2025,Troms,Nord-Norge,6,552,False,1219.0,24.2,31.65,7.45,8.7,20.54,11.84,6.97,6.14,-0.83,2.21,2.44,0.23,38.39,15.66,-22.73,10.66,7.74,-2.92,0.82,1.01,0.19,1.89,2.19,0.3,4.02,8.75,4.73,2.13,3.87,1.74,-10.89,46.62,-12.37,2089.0,7.6444,1.2925,-4.6417,31.1154,-16.7544,22.2116,18.3341,0.9453,26.01,487000.0,7.1211,3.2553,50.4578,0,-4.2,9.36,-6.64,-0.855689902458229,2017-2021→2021-2025
5524,Målselv,2021-2025,2021,2025,Troms,Nord-Norge,5,576,False,3850.0,31.51,33.45,1.94,8.96,23.44,14.48,8.18,9.07,0.89,0.83,1.85,1.02,35.32,14.04,-21.28,5.61,3.67,-1.94,2.18,2.03,-0.15,1.38,1.7,0.32,3.45,6.03,2.58,2.57,4.71,2.14,-6.8,46.64,-23.76,6609.0,8.7962,2.7992,1.509,30.1105,-3.4801,18.2478,23.7404,0.8131,26.8147,541000.0,3.5123,5.5682,55.4826,0,10.72,-5.91,-3.3,2.199247038892631,2017-2021→2021-2025
5526,Sørreisa,2021-2025,2021,2025,Troms,Nord-Norge,5,610,False,1898.0,31.24,30.47,-0.77,14.75,28.73,13.98,10.06,8.68,-1.38,1.74,3.19,1.45,27.56,10.62,-16.94,7.17,5.49,-1.68,1.16,0.9,-0.26,0.9,1.3,0.4,2.69,5.49,2.8,2.74,5.14,2.4,-2.96,19.39,-5.97,3465.0,8.1505,1.9625,2.3761,20.7792,-1.1544,18.2973,20.1443,1.3461,24.5839,556000.0,3.7628,7.2406,44.8119,0,5.64,-0.39,-5.16,0.49032982209081144,2017-2021→2021-2025
5528,Dyrøy,2021-2025,2021,2025,Troms,Nord-Norge,6,496,False,677.0,23.34,29.94,6.6,16.69,32.45,15.76,9.01,6.34,-2.67,0.89,1.03,0.14,30.87,12.09,-18.78,9.6,4.42,-5.18,0.59,0.29,-0.3,1.03,2.21,1.18,1.77,5.31,3.54,6.2,5.9,-0.3,-3.02,35.14,-16.48,1063.0,6.9689,0.5644,-7.3657,42.333,-35.7479,25.682,15.6162,2.6622,20.4741,487000.0,8.5774,10.8787,45.3975,0,0.76,6.49,-5.12,0.9877895279226214,2017-2021→2021-2025
5530,Senja,2021-2025,2021,2025,Troms,Nord-Norge,5,611,False,7784.0,27.95,27.75,-0.2,15.62,31.75,16.13,13.23,10.98,-2.25,2.83,2.99,0.16,23.66,7.11,-16.55,6.78,5.12,-1.66,1.25,1.16,-0.09,1.58,1.75,0.17,3.28,5.16,1.88,3.82,6.23,2.41,-0.42,23.97,-13.51,14725.0,9.5973,1.5144,0.5381,21.4601,-5.4329,19.3548,18.6282,1.1295,22.8929,531000.0,9.3653,9.7461,39.5628,1,4.59,3.87,-6.42,-0.3761424556280897,2017-2021→2021-2025
5532,Balsfjord,2021-2025,2021,2025,Troms,Nord-Norge,6,557,False,3097.0,22.86,24.82,1.96,18.21,33.99,15.78,8.88,7.33,-1.55,1.84,2.06,0.22,32.81,11.48,-21.33,5.75,4.49,-1.26,0.77,0.66,-0.11,1.36,1.52,0.16,3.58,6.92,3.34,3.94,6.73,2.79,-5.55,28.27,-7.1,5559.0,8.6232,0.6476,-2.1853,22.6659,-16.5497,21.8564,17.755,0.7709,18.5769,503000.0,7.8311,10.9021,38.5797,0,-0.23,10.68,-7.42,-1.1402444003344199,2017-2021→2021-2025
5534,Karlsøy,2021-2025,2021,2025,Troms,Nord-Norge,6,452,False,1242.0,24.64,28.37,3.73,20.53,32.87,12.34,6.76,5.4,-1.36,0.48,1.06,0.58,26.57,8.75,-17.82,12.32,7.44,-4.88,1.05,1.06,0.01,0.81,1.47,0.66,2.82,7.69,4.87,4.03,5.89,1.86,-5.48,28.81,-6.33,2172.0,7.6834,2.3481,-2.8834,48.8029,-25.7827,25.8748,17.6796,1.2058,17.3731,516000.0,15.6221,8.7933,38.5407,0,2.97,5.63,-3.91,2.4871916505726652,2017-2021→2021-2025
5536,Lyngen - Ivgu - Yykeä,2021-2025,2021,2025,Troms,Nord-Norge,6,486,False,1622.0,26.94,25.99,-0.95,20.96,28.84,7.88,9.68,8.74,-0.94,5.55,9.9,4.35,23.18,7.95,-15.23,5.55,3.22,-2.33,0.86,1.76,0.9,1.79,1.94,0.15,2.59,6.07,3.48,2.9,5.59,2.69,-7.35,11.88,0.51,2773.0,7.9277,-1.4064,-6.4339,11.5398,-24.5222,26.0368,16.877,1.359,20.3368,525000.0,9.2622,11.303,41.7582,0,3.53,5.49,-11.02,-3.9529315984744553,2017-2021→2021-2025
5538,Storfjord - Omasvuotna - Omasvuono,2021-2025,2021,2025,Troms,Nord-Norge,6,516,False,1132.0,22.88,24.36,1.48,15.28,31.53,16.25,10.42,8.5,-1.92,1.86,3.37,1.51,31.01,8.86,-22.15,6.27,3.72,-2.55,0.97,0.71,-0.26,2.74,2.13,-0.61,4.68,9.3,4.62,3.89,7.53,3.64,-5.9,7.4,1.48,1831.0,7.5126,-0.1092,-3.6354,14.746,-15.2922,23.976,17.4768,2.2132,23.3016,520000.0,5.0575,4.7126,46.092,0,-2.26,13.41,-7.64,-0.8886745712588802,2017-2021→2021-2025
5540,Gáivuotna - Kåfjord - Kaivuono,2021-2025,2021,2025,Troms,Nord-Norge,6,431,False,1154.0,26.43,27.44,1.01,14.9,26.75,11.85,5.2,4.02,-1.18,6.33,9.91,3.58,28.68,9.57,-19.11,7.02,4.7,-2.32,0.52,0.09,-0.43,1.91,1.97,0.06,6.24,11.71,5.47,2.77,3.85,1.08,-7.26,25.38,-14.0,2072.0,7.6363,-5.6467,-10.4033,-13.9961,-42.9537,25.5309,16.6988,2.1417,20.362,488000.0,9.3952,2.8078,44.6004,0,1.39,3.55,-5.57,1.2083836269188382,2017-2021→2021-2025
5542,Skjervøy,2021-2025,2021,2025,Troms,Nord-Norge,6,556,False,1388.0,21.97,24.17,2.2,19.74,31.49,11.75,8.29,5.95,-2.34,8.86,12.99,4.13,25.0,7.26,-17.74,9.73,5.73,-4.0,0.72,1.09,0.37,0.79,1.16,0.37,2.95,5.59,2.64,1.95,4.57,2.62,-5.99,25.73,-7.58,2893.0,7.97,-3.7677,-3.8342,-21.0854,-17.6288,19.3916,21.5693,1.1903,20.2552,517000.0,10.5226,19.0678,36.1582,0,0.16,7.15,-7.29,-1.1063929194164581,2017-2021→2021-2025
5544,Nordreisa - Ráisa - Raisi,2021-2025,2021,2025,Troms,Nord-Norge,5,570,False,2637.0,23.51,25.43,1.92,18.39,33.53,15.14,10.24,7.01,-3.23,5.04,5.84,0.8,25.33,7.65,-17.68,8.87,6.33,-2.54,0.72,1.02,0.3,1.33,1.7,0.37,3.22,7.08,3.86,3.34,4.41,1.07,-2.54,24.63,-9.56,4812.0,8.4789,-0.0416,-1.4748,15.3782,-16.6251,19.5968,19.4306,1.3179,25.5506,539000.0,6.8162,3.1493,42.321,0,-0.86,5.51,-7.21,-0.9741495267773868,2017-2021→2021-2025
5546,Kvænangen,2021-2025,2021,2025,Troms,Nord-Norge,6,438,False,640.0,28.28,22.96,-5.32,21.72,38.83,17.11,7.97,5.08,-2.89,4.06,4.16,0.1,23.91,7.7,-16.21,6.56,5.39,-1.17,0.62,0.46,-0.16,0.78,0.77,-0.01,2.66,7.86,5.2,3.44,6.78,3.34,0.9,24.24,-9.93,1166.0,7.0613,-3.0017,-7.7488,11.1492,-43.7393,26.2436,16.6381,0.37,19.5674,475000.0,7.7922,9.2764,43.4137,0,0.49,4.15,-5.55,1.238622485769401,2017-2021→2021-2025
5601,Alta,2021-2025,2021,2025,Finnmark,Nord-Norge,4,713,False,10845.0,12.77,14.55,1.78,15.18,25.99,10.81,4.89,4.87,-0.02,2.36,2.26,-0.1,7.5,2.63,-4.87,3.89,3.71,-0.18,2.07,1.48,-0.59,3.06,2.68,-0.38,5.0,6.12,1.12,43.28,35.71,-7.57,5.94,14.39,-8.55,20847.0,9.945,4.9408,9.9457,26.8144,22.7371,12.9803,24.0035,0.9476,32.2617,589000.0,4.2637,4.0289,38.2701,0,-3.32,-6.68,-4.78,-0.6287187904255145,2017-2021→2021-2025
5603,Hammerfest - Hámmerfeasta,2021-2025,2021,2025,Finnmark,Nord-Norge,4,682,False,5703.0,49.59,40.11,-9.48,8.85,25.27,16.42,7.79,6.64,-1.15,1.88,1.18,-0.7,12.71,4.2,-8.51,7.12,4.75,-2.37,0.74,0.7,-0.04,2.09,2.35,0.26,4.17,7.94,3.77,5.07,6.86,1.79,7.91,9.82,-7.1,11331.0,9.3353,-0.0618,-1.2384,-1.059,-1.4121,15.4355,23.1136,0.7248,29.681,555000.0,3.7683,4.4655,43.2935,1,5.07,5.62,-9.63,-4.489748731484817,2017-2021→2021-2025
5605,Sør-Varanger,2021-2025,2021,2025,Finnmark,Nord-Norge,5,634,False,5277.0,39.08,35.66,-3.42,10.8,24.23,13.43,8.0,6.95,-1.05,1.16,1.37,0.21,19.69,5.75,-13.94,9.48,6.56,-2.92,1.44,1.39,-0.05,2.12,2.44,0.32,5.63,10.79,5.16,2.62,4.86,2.24,-0.51,22.45,-13.5,10103.0,9.2206,-1.3857,-2.5242,-16.0348,1.4847,16.4704,22.3894,1.8073,30.5256,539000.0,2.5794,3.8499,50.6449,0,1.1,7.65,-8.33,-2.8217455735573385,2017-2021→2021-2025
5607,Vadsø,2021-2025,2021,2025,Finnmark,Nord-Norge,5,641,False,3245.0,42.0,42.86,0.86,4.93,17.86,12.93,7.49,7.2,-0.29,1.6,2.06,0.46,24.71,6.71,-18.0,6.41,6.59,0.18,1.26,1.29,0.03,2.96,2.37,-0.59,5.98,8.74,2.76,2.65,4.31,1.66,-5.07,19.45,-11.62,5642.0,8.638,2.3928,-7.405,26.7636,-1.7724,18.5572,20.8791,0.2414,31.644,545000.0,2.6158,1.7321,53.0223,0,1.1,12.22,-10.56,-5.4316537259805715,2017-2021→2021-2025
5610,Kárásjohka - Karasjok,2021-2025,2021,2025,Finnmark,Nord-Norge,6,554,False,1412.0,31.66,19.92,-11.74,3.68,14.38,10.7,4.04,4.56,0.52,1.63,2.84,1.21,38.67,9.06,-29.61,5.45,6.22,0.77,0.78,0.62,-0.16,1.91,1.24,-0.67,8.43,32.23,23.8,3.75,8.92,5.17,-18.91,29.47,-21.6,2641.0,7.8789,-4.4301,-6.7947,-31.4275,-13.2526,17.3798,22.075,1.9942,32.8706,555000.0,10.7715,4.0029,49.4178,0,1.22,3.09,-4.49,0.657389985563654,2017-2021→2021-2025
5612,Guovdageaidnu - Kautokeino,2021-2025,2021,2025,Finnmark,Nord-Norge,6,495,False,1491.0,13.41,11.88,-1.53,4.43,14.72,10.29,6.1,4.23,-1.87,2.55,10.49,7.94,28.3,4.99,-23.31,3.69,6.89,3.2,3.42,2.72,-0.7,1.81,1.71,-0.1,4.16,20.21,16.05,32.13,22.17,-9.96,-13.02,15.15,-11.77,2920.0,7.9793,-2.3288,-2.1277,-15.0685,-9.9315,15.9932,19.6233,1.9241,30.5285,561000.0,13.5929,5.4645,46.7896,0,-9.97,-5.67,-7.98,-1.3160683520506717,2017-2021→2021-2025
5614,Loppa,2021-2025,2021,2025,Finnmark,Nord-Norge,6,351,False,477.0,36.06,29.34,-6.72,15.51,30.19,14.68,11.53,7.49,-4.04,1.05,0.43,-0.62,15.93,6.21,-9.72,6.08,4.93,-1.15,0.63,0.86,0.23,1.89,1.07,-0.82,4.4,8.35,3.95,6.92,11.13,4.21,4.96,29.16,-14.09,860.0,6.7569,0.4651,-12.639,40.6977,-36.0465,27.3256,18.2558,-1.0524,21.4748,454000.0,12.8878,6.6826,43.4368,0,1.96,-0.16,-6.09,1.660899326383829,2017-2021→2021-2025
5616,Hasvik,2021-2025,2021,2025,Finnmark,Nord-Norge,6,351,False,462.0,33.55,32.84,-0.71,14.94,24.09,9.15,6.06,4.9,-1.16,1.3,1.71,0.41,28.79,12.79,-16.0,4.76,3.84,-0.92,0.87,1.28,0.41,0.87,1.71,0.84,4.55,9.17,4.62,4.33,7.68,3.35,-6.85,19.56,-15.67,983.0,6.8906,-0.6104,-6.1479,34.588,-42.7263,20.1424,17.5992,0.0213,19.0083,451000.0,16.0521,18.0043,33.8395,0,-8.44,8.23,-9.74,-1.1581495041525312,2017-2021→2021-2025
5618,Måsøy,2021-2025,2021,2025,Finnmark,Nord-Norge,6,397,False,555.0,43.24,36.07,-7.17,7.57,25.25,17.68,11.53,6.41,-5.12,0.54,1.8,1.26,27.21,11.62,-15.59,1.98,3.21,1.23,0.54,0.8,0.26,0.9,2.0,1.1,3.42,6.81,3.39,3.06,6.01,2.95,2.09,31.74,-12.57,1197.0,7.0876,-8.2707,-11.523,-55.9733,-28.4043,24.812,17.4603,-0.0397,17.8606,493000.0,24.6777,12.1547,34.8066,0,-0.11,9.4,-5.2,2.7885971502969324,2017-2021→2021-2025
5620,Nordkapp,2021-2025,2021,2025,Finnmark,Nord-Norge,6,525,False,1579.0,37.24,30.05,-7.19,10.26,30.81,20.55,7.66,7.69,0.03,0.82,0.83,0.01,23.43,6.04,-17.39,10.7,8.58,-2.12,1.27,1.4,0.13,1.58,1.59,0.01,2.6,8.26,5.66,4.43,4.76,0.33,3.16,29.74,-17.58,3075.0,8.0311,-3.8699,-9.8231,-14.3089,-24.3902,19.252,20.5203,1.0457,22.4934,501000.0,17.8753,7.57,32.888,0,-2.68,11.73,-8.74,-2.347659063630603,2017-2021→2021-2025
5622,Porsanger - Porsángu - Porsanki,2021-2025,2021,2025,Finnmark,Nord-Norge,6,543,False,2197.0,32.82,29.87,-2.95,11.56,28.55,16.99,10.92,8.73,-2.19,1.14,1.49,0.35,23.76,7.63,-16.13,6.33,4.12,-2.21,1.23,0.83,-0.4,1.78,1.58,-0.2,5.55,10.88,5.33,4.92,6.32,1.4,0.86,16.94,-10.76,3921.0,8.2741,-0.6376,-0.7389,13.2619,-19.6378,19.9184,18.9492,1.8475,26.1012,524000.0,5.0209,2.3536,44.4038,0,-0.48,9.62,-10.45,-3.5299979559963646,2017-2021→2021-2025
5624,Lebesby,2021-2025,2021,2025,Finnmark,Nord-Norge,6,430,False,659.0,36.72,35.17,-1.55,11.68,20.5,8.82,5.61,6.62,1.01,3.34,3.79,0.45,22.76,7.41,-15.35,7.13,3.63,-3.5,0.61,0.47,-0.14,0.91,0.95,0.04,5.31,12.62,7.31,5.92,8.83,2.91,-6.53,26.43,-13.4,1271.0,7.1476,-2.5964,-7.8183,-0.7868,-25.177,20.2203,19.2762,0.7813,21.6878,467000.0,29.1598,6.5898,34.4316,0,1.09,5.02,-6.27,0.664027938923609,2017-2021→2021-2025
5626,Gamvik,2021-2025,2021,2025,Finnmark,Nord-Norge,6,407,False,498.0,39.76,32.43,-7.33,8.84,29.73,20.89,2.61,1.58,-1.03,0.4,0.23,-0.17,30.92,8.78,-22.14,7.63,9.23,1.6,0.4,0.45,0.05,1.2,1.13,-0.07,5.02,8.11,3.09,3.21,8.33,5.12,-1.25,12.75,-4.28,1097.0,7.0003,-4.1933,-5.8244,-11.8505,-30.9936,19.5077,20.784,1.4247,17.3018,412000.0,22.6236,16.3498,28.1369,0,-3.35,13.36,-5.17,2.3079499236536813,2017-2021→2021-2025
5628,Deatnu - Tana,2021-2025,2021,2025,Finnmark,Nord-Norge,6,490,False,1616.0,30.63,24.37,-6.26,12.31,24.81,12.5,6.31,4.91,-1.4,1.24,2.33,1.09,29.39,10.83,-18.56,5.2,5.92,0.72,1.61,0.94,-0.67,2.1,1.64,-0.46,5.14,13.66,8.52,6.06,10.58,4.52,-6.06,19.47,-1.46,2829.0,7.9477,-1.0958,-3.8157,3.1813,-14.1393,21.2443,18.3457,1.379,25.0919,516000.0,9.4968,4.7484,42.3104,0,0.82,7.15,-6.97,-0.4320998372527445,2017-2021→2021-2025
5630,Berlevåg,2021-2025,2021,2025,Finnmark,Nord-Norge,6,426,False,461.0,44.25,43.05,-1.2,10.2,25.74,15.54,9.54,5.47,-4.07,0.22,0.23,0.01,19.52,6.61,-12.91,10.63,7.29,-3.34,0.43,0.23,-0.2,0.43,0.46,0.03,3.04,8.2,5.16,1.74,2.73,0.99,2.63,10.91,-10.91,928.0,6.833,-4.0948,-12.7451,1.0776,-42.0259,23.0603,20.1509,-0.3637,19.7098,494000.0,13.4737,19.1579,35.5789,0,0.71,9.67,-7.97,-0.584915244844475,2017-2021→2021-2025
5632,Båtsfjord,2021-2025,2021,2025,Finnmark,Nord-Norge,6,538,False,889.0,37.57,31.27,-6.3,14.4,39.18,24.78,8.77,6.07,-2.7,0.45,1.15,0.7,25.76,5.73,-20.03,3.04,2.52,-0.52,1.24,1.49,0.25,1.24,0.8,-0.44,3.49,6.19,2.7,4.05,5.61,1.56,4.75,47.99,-23.57,2200.0,7.6962,-4.2273,-5.7271,-32.7273,-10.4545,15.7273,22.9545,0.8366,17.41,503000.0,12.7529,27.7924,27.0888,0,-1.07,15.55,-15.6,-7.897017295541044,2017-2021→2021-2025
5634,Vardø,2021-2025,2021,2025,Finnmark,Nord-Norge,6,515,False,1081.0,36.17,38.26,2.09,8.6,22.49,13.89,5.0,3.65,-1.35,0.56,0.69,0.13,27.84,10.65,-17.19,9.53,5.33,-4.2,0.93,1.28,0.35,2.5,2.47,-0.03,5.55,9.76,4.21,3.33,5.42,2.09,-3.3,20.62,-10.29,1959.0,7.5802,1.1741,-6.8609,47.4732,-38.2848,22.4604,18.8361,0.5466,20.9463,436000.0,13.7079,5.3933,50.0,0,-0.78,5.09,-4.94,0.687505805212191,2017-2021→2021-2025
5636,Unjárga - Nesseby,2021-2025,2021,2025,Finnmark,Nord-Norge,6,476,False,536.0,37.87,32.88,-4.99,5.97,17.81,11.84,7.65,4.7,-2.95,0.75,0.78,0.03,29.66,6.85,-22.81,5.41,9.59,4.18,1.12,0.98,-0.14,2.05,0.59,-1.46,6.53,15.85,9.32,2.99,9.98,6.99,-10.97,20.95,-20.95,880.0,6.7799,-1.3636,-7.0664,-6.8182,-10.2273,26.0227,17.1591,1.2814,25.9162,464000.0,16.5,1.75,47.5,0,3.63,13.08,-3.46,3.0278218310464906,2017-2021→2021-2025
